{
    "parts": [
        {
            "reference": "ZB00001234",
            "description": [
                {
                    "section": "",
                    "text": "PUMPA BLUE LINE PSDR550X, PSDR900X"
                },
                {
                    "section": "",
                    "text": "submersible drainage pump"
                },
                {
                    "section": "",
                    "text": "BLUE LINE PSDR550X"
                },
                {
                    "section": "",
                    "text": "BLUE LINE PSDR900X"
                },
                {
                    "section": "",
                    "text": "Submersible drainage pump for pumping clean or slightly contaminated water."
                },
                {
                    "section": "Application",
                    "text": "Basement drainage"
                },
                {
                    "section": "Application",
                    "text": "Drainage of swimming pools and ponds"
                },
                {
                    "section": "Application",
                    "text": "Pumping from storage tanks"
                },
                {
                    "section": "Model",
                    "description": "blue line PSDR550X"
                },
                {
                    "section": "Model",
                    "description": "blue line PSDR900X"
                }
            ],
            "key_value_pairs": [
                {
                    "section": "Model",
                    "property": "Maximum flow",
                    "value": "8,5",
                    "unit": "[m^3/hour]"
                },
                {
                    "section": "Model",
                    "property": "Maximum discharge head",
                    "value": "7,5",
                    "unit": "[m]"
                },
                {
                    "section": "Model",
                    "property": "Voltage / frequency Hz [V/",
                    "value": "230 / 50",
                    "unit": "]"
                },
                {
                    "section": "Model",
                    "property": "Power",
                    "value": "550",
                    "unit": "[W]"
                },
                {
                    "section": "Model",
                    "property": "Connection",
                    "value": "1\" - 5/4\"",
                    "unit": ""
                },
                {
                    "section": "Model",
                    "property": "Float switch",
                    "value": "yes",
                    "unit": ""
                },
                {
                    "section": "Model",
                    "property": "Switching-off water level",
                    "value": "10",
                    "unit": "[cm]"
                },
                {
                    "section": "Model",
                    "property": "Maximum fluid temperature",
                    "value": "35",
                    "unit": "[\u00b0C]"
                },
                {
                    "section": "Model",
                    "property": "Cable length",
                    "value": "10",
                    "unit": "[m]"
                },
                {
                    "section": "Model",
                    "property": "Degree of protection",
                    "value": "IP X8",
                    "unit": ""
                },
                {
                    "section": "Model",
                    "property": "Weight [ kg",
                    "value": "4,9",
                    "unit": "]"
                },
                {
                    "section": "Model",
                    "property": "Diameter, height",
                    "value": "150, 285",
                    "unit": "[mm]"
                },
                {
                    "section": "Model",
                    "property": "Maximum immersion depth",
                    "value": "7",
                    "unit": "[m]"
                },
                {
                    "section": "Model",
                    "property": "Minimum water level for operation",
                    "value": "7",
                    "unit": "[cm]]"
                },
                {
                    "section": "Model",
                    "property": "Switching-on water level",
                    "value": "53",
                    "unit": "[cm]"
                },
                {
                    "section": "Model",
                    "property": "Maximum diameter of coarse dirt",
                    "value": "5",
                    "unit": "[mm]"
                },
                {
                    "section": "Model",
                    "property": "Insulation class",
                    "value": "B",
                    "unit": ""
                },
                null,
                {
                    "section": "Model",
                    "property": "Maximum flow",
                    "value": "12",
                    "unit": "[m^3/hour]"
                },
                {
                    "section": "Model",
                    "property": "Voltage / frequency Hz [V/",
                    "value": "230 / 50",
                    "unit": "]"
                },
                {
                    "section": "Model",
                    "property": "Power",
                    "value": "900",
                    "unit": "[W]"
                },
                {
                    "section": "Model",
                    "property": "Connection",
                    "value": "1\" - 5/4\"",
                    "unit": ""
                },
                {
                    "section": "Model",
                    "property": "Float switch",
                    "value": "yes",
                    "unit": ""
                },
                {
                    "section": "Model",
                    "property": "Switching-on water level",
                    "value": "53",
                    "unit": "[cm]"
                },
                {
                    "section": "Model",
                    "property": "Switching-off water level",
                    "value": "10",
                    "unit": "[cm]"
                },
                {
                    "section": "Model",
                    "property": "Maximum fluid temperature",
                    "value": "35",
                    "unit": "[\u00b0C]"
                },
                {
                    "section": "Model",
                    "property": "Cable length",
                    "value": "10",
                    "unit": "[m]"
                },
                {
                    "section": "Model",
                    "property": "Degree of protection",
                    "value": "IP X8",
                    "unit": ""
                },
                {
                    "section": "Model",
                    "property": "Weight [ kg",
                    "value": "5,1",
                    "unit": "]"
                },
                {
                    "section": "Model",
                    "property": "Diameter, height",
                    "value": "150, 310",
                    "unit": "[mm]"
                },
                {
                    "section": "Model",
                    "property": "Maximum discharge head",
                    "value": "9",
                    "unit": "[m]"
                },
                {
                    "section": "Model",
                    "property": "Maximum immersion depth",
                    "value": "7",
                    "unit": "[m]"
                },
                {
                    "section": "Model",
                    "property": "Minimum water level for operation",
                    "value": "7",
                    "unit": "[cm]]"
                },
                {
                    "section": "Model",
                    "property": "Maximum diameter of coarse dirt",
                    "value": "5",
                    "unit": "[mm]"
                },
                {
                    "section": "Model",
                    "property": "Insulation class",
                    "value": "B",
                    "unit": ""
                },
                null
            ]
        },
        {
            "reference": "ZB00001235",
            "description": [
                {
                    "section": "",
                    "text": "PUMPA BLUE LINE PSDR550X, PSDR900X"
                },
                {
                    "section": "",
                    "text": "submersible drainage pump"
                },
                {
                    "section": "",
                    "text": "BLUE LINE PSDR550X"
                },
                {
                    "section": "",
                    "text": "BLUE LINE PSDR900X"
                },
                {
                    "section": "",
                    "text": "Submersible drainage pump for pumping clean or slightly contaminated water."
                },
                {
                    "section": "Application",
                    "text": "Basement drainage"
                },
                {
                    "section": "Application",
                    "text": "Drainage of swimming pools and ponds"
                },
                {
                    "section": "Application",
                    "text": "Pumping from storage tanks"
                },
                {
                    "section": "Model",
                    "description": "blue line PSDR550X"
                },
                {
                    "section": "Model",
                    "description": "blue line PSDR900X"
                }
            ],
            "key_value_pairs": [
                {
                    "section": "Model",
                    "property": "Maximum flow",
                    "value": "8,5",
                    "unit": "[m^3/hour]"
                },
                {
                    "section": "Model",
                    "property": "Maximum discharge head",
                    "value": "7,5",
                    "unit": "[m]"
                },
                {
                    "section": "Model",
                    "property": "Voltage / frequency Hz [V/",
                    "value": "230 / 50",
                    "unit": "]"
                },
                {
                    "section": "Model",
                    "property": "Power",
                    "value": "550",
                    "unit": "[W]"
                },
                {
                    "section": "Model",
                    "property": "Connection",
                    "value": "1\" - 5/4\"",
                    "unit": ""
                },
                {
                    "section": "Model",
                    "property": "Float switch",
                    "value": "yes",
                    "unit": ""
                },
                {
                    "section": "Model",
                    "property": "Switching-off water level",
                    "value": "10",
                    "unit": "[cm]"
                },
                {
                    "section": "Model",
                    "property": "Maximum fluid temperature",
                    "value": "35",
                    "unit": "[\u00b0C]"
                },
                {
                    "section": "Model",
                    "property": "Cable length",
                    "value": "10",
                    "unit": "[m]"
                },
                {
                    "section": "Model",
                    "property": "Degree of protection",
                    "value": "IP X8",
                    "unit": ""
                },
                {
                    "section": "Model",
                    "property": "Weight [ kg",
                    "value": "4,9",
                    "unit": "]"
                },
                {
                    "section": "Model",
                    "property": "Diameter, height",
                    "value": "150, 285",
                    "unit": "[mm]"
                },
                {
                    "section": "Model",
                    "property": "Maximum immersion depth",
                    "value": "7",
                    "unit": "[m]"
                },
                {
                    "section": "Model",
                    "property": "Minimum water level for operation",
                    "value": "7",
                    "unit": "[cm]]"
                },
                {
                    "section": "Model",
                    "property": "Switching-on water level",
                    "value": "53",
                    "unit": "[cm]"
                },
                {
                    "section": "Model",
                    "property": "Maximum diameter of coarse dirt",
                    "value": "5",
                    "unit": "[mm]"
                },
                {
                    "section": "Model",
                    "property": "Insulation class",
                    "value": "B",
                    "unit": ""
                },
                null,
                {
                    "section": "Model",
                    "property": "Maximum flow",
                    "value": "12",
                    "unit": "[m^3/hour]"
                },
                {
                    "section": "Model",
                    "property": "Voltage / frequency Hz [V/",
                    "value": "230 / 50",
                    "unit": "]"
                },
                {
                    "section": "Model",
                    "property": "Power",
                    "value": "900",
                    "unit": "[W]"
                },
                {
                    "section": "Model",
                    "property": "Connection",
                    "value": "1\" - 5/4\"",
                    "unit": ""
                },
                {
                    "section": "Model",
                    "property": "Float switch",
                    "value": "yes",
                    "unit": ""
                },
                {
                    "section": "Model",
                    "property": "Switching-on water level",
                    "value": "53",
                    "unit": "[cm]"
                },
                {
                    "section": "Model",
                    "property": "Switching-off water level",
                    "value": "10",
                    "unit": "[cm]"
                },
                {
                    "section": "Model",
                    "property": "Maximum fluid temperature",
                    "value": "35",
                    "unit": "[\u00b0C]"
                },
                {
                    "section": "Model",
                    "property": "Cable length",
                    "value": "10",
                    "unit": "[m]"
                },
                {
                    "section": "Model",
                    "property": "Degree of protection",
                    "value": "IP X8",
                    "unit": ""
                },
                {
                    "section": "Model",
                    "property": "Weight [ kg",
                    "value": "5,1",
                    "unit": "]"
                },
                {
                    "section": "Model",
                    "property": "Diameter, height",
                    "value": "150, 310",
                    "unit": "[mm]"
                },
                {
                    "section": "Model",
                    "property": "Maximum discharge head",
                    "value": "9",
                    "unit": "[m]"
                },
                {
                    "section": "Model",
                    "property": "Maximum immersion depth",
                    "value": "7",
                    "unit": "[m]"
                },
                {
                    "section": "Model",
                    "property": "Minimum water level for operation",
                    "value": "7",
                    "unit": "[cm]]"
                },
                {
                    "section": "Model",
                    "property": "Maximum diameter of coarse dirt",
                    "value": "5",
                    "unit": "[mm]"
                },
                {
                    "section": "Model",
                    "property": "Insulation class",
                    "value": "B",
                    "unit": ""
                },
                null
            ]
        }
    ]
}