{
    "parts": [
        {
            "reference": "ZB00055046",
            "description": [
                {
                    "section": "",
                    "text": "PUMPA BLUE LINE PSDR250PS"
                },
                {
                    "section": "",
                    "text": "PUMPA BLUE LINE PSDR550PS"
                },
                {
                    "section": "",
                    "text": "submersible pump for barrels"
                },
                {
                    "section": "",
                    "text": "BLUE LINE PSDR250PS"
                },
                {
                    "section": "",
                    "text": "BLUE LINE PSDR550PS"
                },
                {
                    "section": "",
                    "text": "Submersible plastic pump with a flexible hose and a float switch is designed for pumping clean and slightly contaminated rainwater with a maximum particle size of up to 0.5mm."
                },
                {
                    "section": "Application",
                    "text": "For immersion in a barrel or a tank and subsequent pumping or irrigation of the garden"
                },
                {
                    "section": "Model",
                    "description": "blue line PSDR250PS"
                },
                {
                    "section": "Model",
                    "description": "blue line PSDR550PS"
                }
            ],
            "key_value_pairs": [
                {
                    "section": "Model",
                    "property": "Maximum flow",
                    "value": "2,5",
                    "unit": "[m3/hod]"
                },
                {
                    "section": "Model",
                    "property": "Voltage / frequency",
                    "value": "230 / 50",
                    "unit": "[V/Hz]"
                },
                {
                    "section": "Model",
                    "property": "Power",
                    "value": "250",
                    "unit": "[W]"
                },
                {
                    "section": "Model",
                    "property": "Connection",
                    "value": "3/4\"",
                    "unit": ""
                },
                {
                    "section": "Model",
                    "property": "Maximum fluid temperature",
                    "value": "35",
                    "unit": "[\u00b0C]"
                },
                {
                    "section": "Model",
                    "property": "Cable length",
                    "value": "10",
                    "unit": "[m]"
                },
                {
                    "section": "Model",
                    "property": "Dimensions H x W x D",
                    "value": "280 \u00d7 185 \u00d7 180",
                    "unit": "[mm]"
                },
                {
                    "section": "Model",
                    "property": "Maximum immersion depth",
                    "value": "7",
                    "unit": "[m]"
                },
                {
                    "section": "Model",
                    "property": "Maximum discharge head",
                    "value": "9",
                    "unit": "[m]"
                },
                null,
                {
                    "section": "Model",
                    "property": "Maximum discharge head",
                    "value": "20",
                    "unit": "[m]"
                },
                {
                    "section": "Model",
                    "property": "Voltage / frequency",
                    "value": "230 / 50",
                    "unit": "[V/Hz]"
                },
                {
                    "section": "Model",
                    "property": "Power",
                    "value": "550",
                    "unit": "[W]"
                },
                {
                    "section": "Model",
                    "property": "Connection",
                    "value": "3/4\"",
                    "unit": ""
                },
                {
                    "section": "Model",
                    "property": "Maximum fluid temperature",
                    "value": "35",
                    "unit": "[\u00b0C]"
                },
                {
                    "section": "Model",
                    "property": "Cable length",
                    "value": "10",
                    "unit": "[m]"
                },
                {
                    "section": "Model",
                    "property": "Dimensions H x W x D",
                    "value": "320 \u00d7 190 \u00d7 110",
                    "unit": "[mm]"
                },
                {
                    "section": "Model",
                    "property": "Maximum flow",
                    "value": "5",
                    "unit": "[m3/hod]"
                },
                {
                    "section": "Model",
                    "property": "Maximum immersion depth",
                    "value": "7",
                    "unit": "[m]"
                },
                null
            ]
        },
        {
            "reference": "ZB00055047",
            "description": [
                {
                    "section": "",
                    "text": "PUMPA BLUE LINE PSDR250PS"
                },
                {
                    "section": "",
                    "text": "PUMPA BLUE LINE PSDR550PS"
                },
                {
                    "section": "",
                    "text": "submersible pump for barrels"
                },
                {
                    "section": "",
                    "text": "BLUE LINE PSDR250PS"
                },
                {
                    "section": "",
                    "text": "BLUE LINE PSDR550PS"
                },
                {
                    "section": "",
                    "text": "Submersible plastic pump with a flexible hose and a float switch is designed for pumping clean and slightly contaminated rainwater with a maximum particle size of up to 0.5mm."
                },
                {
                    "section": "Application",
                    "text": "For immersion in a barrel or a tank and subsequent pumping or irrigation of the garden"
                },
                {
                    "section": "Model",
                    "description": "blue line PSDR250PS"
                },
                {
                    "section": "Model",
                    "description": "blue line PSDR550PS"
                }
            ],
            "key_value_pairs": [
                {
                    "section": "Model",
                    "property": "Maximum flow",
                    "value": "2,5",
                    "unit": "[m3/hod]"
                },
                {
                    "section": "Model",
                    "property": "Voltage / frequency",
                    "value": "230 / 50",
                    "unit": "[V/Hz]"
                },
                {
                    "section": "Model",
                    "property": "Power",
                    "value": "250",
                    "unit": "[W]"
                },
                {
                    "section": "Model",
                    "property": "Connection",
                    "value": "3/4\"",
                    "unit": ""
                },
                {
                    "section": "Model",
                    "property": "Maximum fluid temperature",
                    "value": "35",
                    "unit": "[\u00b0C]"
                },
                {
                    "section": "Model",
                    "property": "Cable length",
                    "value": "10",
                    "unit": "[m]"
                },
                {
                    "section": "Model",
                    "property": "Dimensions H x W x D",
                    "value": "280 \u00d7 185 \u00d7 180",
                    "unit": "[mm]"
                },
                {
                    "section": "Model",
                    "property": "Maximum immersion depth",
                    "value": "7",
                    "unit": "[m]"
                },
                {
                    "section": "Model",
                    "property": "Maximum discharge head",
                    "value": "9",
                    "unit": "[m]"
                },
                null,
                {
                    "section": "Model",
                    "property": "Maximum discharge head",
                    "value": "20",
                    "unit": "[m]"
                },
                {
                    "section": "Model",
                    "property": "Voltage / frequency",
                    "value": "230 / 50",
                    "unit": "[V/Hz]"
                },
                {
                    "section": "Model",
                    "property": "Power",
                    "value": "550",
                    "unit": "[W]"
                },
                {
                    "section": "Model",
                    "property": "Connection",
                    "value": "3/4\"",
                    "unit": ""
                },
                {
                    "section": "Model",
                    "property": "Maximum fluid temperature",
                    "value": "35",
                    "unit": "[\u00b0C]"
                },
                {
                    "section": "Model",
                    "property": "Cable length",
                    "value": "10",
                    "unit": "[m]"
                },
                {
                    "section": "Model",
                    "property": "Dimensions H x W x D",
                    "value": "320 \u00d7 190 \u00d7 110",
                    "unit": "[mm]"
                },
                {
                    "section": "Model",
                    "property": "Maximum flow",
                    "value": "5",
                    "unit": "[m3/hod]"
                },
                {
                    "section": "Model",
                    "property": "Maximum immersion depth",
                    "value": "7",
                    "unit": "[m]"
                },
                null
            ]
        }
    ]
}