{
    "parts": [
        {
            "reference": "ZB00065129",
            "description": [
                {
                    "section": "",
                    "text": "PUMPA BLUE LINE PSCMB480"
                },
                {
                    "section": "",
                    "text": "PUMPA BLUE LINE PSCMB800"
                },
                {
                    "section": "",
                    "text": "submersible drainage pump"
                },
                {
                    "section": "",
                    "text": "BLUE LINE PSCMB480"
                },
                {
                    "section": "",
                    "text": "BLUE LINE PSCMB800"
                },
                {
                    "section": "",
                    "text": "Submersible pump for pumping clean or slightly contaminated drainage water from cellars, tanks, for draining pools and ponds and for irrigation."
                },
                {
                    "section": "Application",
                    "text": "For draining clean or dirty water"
                },
                {
                    "section": "Application",
                    "text": "For pumping water over from cellars and tanks"
                },
                {
                    "section": "Application",
                    "text": "Irrigation"
                },
                {
                    "section": "Application",
                    "text": "For draining pools and ponds"
                },
                {
                    "section": "Model",
                    "description": "blue line PSCMB480"
                },
                {
                    "section": "Model",
                    "description": "blue line PSCMB800"
                }
            ],
            "key_value_pairs": [
                {
                    "section": "Model",
                    "property": "Maximum flow",
                    "value": "13,5",
                    "unit": "[m^3/hod]"
                },
                {
                    "section": "Model",
                    "property": "Maximum head",
                    "value": "11,5",
                    "unit": "[m]"
                },
                {
                    "section": "Model",
                    "property": "Voltage/frequency",
                    "value": "230 / 50",
                    "unit": "[V/Hz]"
                },
                {
                    "section": "Model",
                    "property": "Power",
                    "value": "480",
                    "unit": "[W]"
                },
                {
                    "section": "Model",
                    "property": "Connection",
                    "value": "2\"",
                    "unit": ""
                },
                {
                    "section": "Model",
                    "property": "Maximum immersion depth",
                    "value": "10",
                    "unit": "[m]"
                },
                {
                    "section": "Model",
                    "property": "Float switch",
                    "value": "no",
                    "unit": ""
                },
                {
                    "section": "Model",
                    "property": "Maximum liquid temperature",
                    "value": "40",
                    "unit": "[\u00b0C]"
                },
                {
                    "section": "Model",
                    "property": "Protection",
                    "value": "IP 68",
                    "unit": ""
                },
                {
                    "section": "Model",
                    "property": "Weight",
                    "value": "11,6",
                    "unit": "[kg]"
                },
                {
                    "section": "Model",
                    "property": "Dimension L x H x W",
                    "value": "187 \u00d7 296 \u00d7 190",
                    "unit": "[mm]"
                },
                {
                    "section": "Model",
                    "property": "Maximum diameter of coarse dirt",
                    "value": "6",
                    "unit": "[mm]"
                },
                {
                    "section": "Model",
                    "property": "Cable length",
                    "value": "8",
                    "unit": "[m]"
                },
                {
                    "section": "Model",
                    "property": "Insulation class",
                    "value": "F",
                    "unit": ""
                },
                null,
                {
                    "section": "Model",
                    "property": "Maximum flow",
                    "value": "18",
                    "unit": "[m^3/hod]"
                },
                {
                    "section": "Model",
                    "property": "Maximum head",
                    "value": "15",
                    "unit": "[m]"
                },
                {
                    "section": "Model",
                    "property": "Voltage/frequency",
                    "value": "230 / 50",
                    "unit": "[V/Hz]"
                },
                {
                    "section": "Model",
                    "property": "Power",
                    "value": "750",
                    "unit": "[W]"
                },
                {
                    "section": "Model",
                    "property": "Connection",
                    "value": "2\"",
                    "unit": ""
                },
                {
                    "section": "Model",
                    "property": "Maximum immersion depth",
                    "value": "10",
                    "unit": "[m]"
                },
                {
                    "section": "Model",
                    "property": "Float switch",
                    "value": "no",
                    "unit": ""
                },
                {
                    "section": "Model",
                    "property": "Maximum liquid temperature",
                    "value": "40",
                    "unit": "[\u00b0C]"
                },
                {
                    "section": "Model",
                    "property": "Protection",
                    "value": "IP 68",
                    "unit": ""
                },
                {
                    "section": "Model",
                    "property": "Weight",
                    "value": "13,6",
                    "unit": "[kg]"
                },
                {
                    "section": "Model",
                    "property": "Dimension L x H x W",
                    "value": "187 \u00d7 336 \u00d7 190",
                    "unit": "[mm]"
                },
                {
                    "section": "Model",
                    "property": "Maximum diameter of coarse dirt",
                    "value": "6",
                    "unit": "[mm]"
                },
                {
                    "section": "Model",
                    "property": "Cable length",
                    "value": "8",
                    "unit": "[m]"
                },
                {
                    "section": "Model",
                    "property": "Insulation class",
                    "value": "F",
                    "unit": ""
                },
                null
            ]
        },
        {
            "reference": "ZB00065130",
            "description": [
                {
                    "section": "",
                    "text": "PUMPA BLUE LINE PSCMB480"
                },
                {
                    "section": "",
                    "text": "PUMPA BLUE LINE PSCMB800"
                },
                {
                    "section": "",
                    "text": "submersible drainage pump"
                },
                {
                    "section": "",
                    "text": "BLUE LINE PSCMB480"
                },
                {
                    "section": "",
                    "text": "BLUE LINE PSCMB800"
                },
                {
                    "section": "",
                    "text": "Submersible pump for pumping clean or slightly contaminated drainage water from cellars, tanks, for draining pools and ponds and for irrigation."
                },
                {
                    "section": "Application",
                    "text": "For draining clean or dirty water"
                },
                {
                    "section": "Application",
                    "text": "For pumping water over from cellars and tanks"
                },
                {
                    "section": "Application",
                    "text": "Irrigation"
                },
                {
                    "section": "Application",
                    "text": "For draining pools and ponds"
                },
                {
                    "section": "Model",
                    "description": "blue line PSCMB480"
                },
                {
                    "section": "Model",
                    "description": "blue line PSCMB800"
                }
            ],
            "key_value_pairs": [
                {
                    "section": "Model",
                    "property": "Maximum flow",
                    "value": "13,5",
                    "unit": "[m^3/hod]"
                },
                {
                    "section": "Model",
                    "property": "Maximum head",
                    "value": "11,5",
                    "unit": "[m]"
                },
                {
                    "section": "Model",
                    "property": "Voltage/frequency",
                    "value": "230 / 50",
                    "unit": "[V/Hz]"
                },
                {
                    "section": "Model",
                    "property": "Power",
                    "value": "480",
                    "unit": "[W]"
                },
                {
                    "section": "Model",
                    "property": "Connection",
                    "value": "2\"",
                    "unit": ""
                },
                {
                    "section": "Model",
                    "property": "Maximum immersion depth",
                    "value": "10",
                    "unit": "[m]"
                },
                {
                    "section": "Model",
                    "property": "Float switch",
                    "value": "no",
                    "unit": ""
                },
                {
                    "section": "Model",
                    "property": "Maximum liquid temperature",
                    "value": "40",
                    "unit": "[\u00b0C]"
                },
                {
                    "section": "Model",
                    "property": "Protection",
                    "value": "IP 68",
                    "unit": ""
                },
                {
                    "section": "Model",
                    "property": "Weight",
                    "value": "11,6",
                    "unit": "[kg]"
                },
                {
                    "section": "Model",
                    "property": "Dimension L x H x W",
                    "value": "187 \u00d7 296 \u00d7 190",
                    "unit": "[mm]"
                },
                {
                    "section": "Model",
                    "property": "Maximum diameter of coarse dirt",
                    "value": "6",
                    "unit": "[mm]"
                },
                {
                    "section": "Model",
                    "property": "Cable length",
                    "value": "8",
                    "unit": "[m]"
                },
                {
                    "section": "Model",
                    "property": "Insulation class",
                    "value": "F",
                    "unit": ""
                },
                null,
                {
                    "section": "Model",
                    "property": "Maximum flow",
                    "value": "18",
                    "unit": "[m^3/hod]"
                },
                {
                    "section": "Model",
                    "property": "Maximum head",
                    "value": "15",
                    "unit": "[m]"
                },
                {
                    "section": "Model",
                    "property": "Voltage/frequency",
                    "value": "230 / 50",
                    "unit": "[V/Hz]"
                },
                {
                    "section": "Model",
                    "property": "Power",
                    "value": "750",
                    "unit": "[W]"
                },
                {
                    "section": "Model",
                    "property": "Connection",
                    "value": "2\"",
                    "unit": ""
                },
                {
                    "section": "Model",
                    "property": "Maximum immersion depth",
                    "value": "10",
                    "unit": "[m]"
                },
                {
                    "section": "Model",
                    "property": "Float switch",
                    "value": "no",
                    "unit": ""
                },
                {
                    "section": "Model",
                    "property": "Maximum liquid temperature",
                    "value": "40",
                    "unit": "[\u00b0C]"
                },
                {
                    "section": "Model",
                    "property": "Protection",
                    "value": "IP 68",
                    "unit": ""
                },
                {
                    "section": "Model",
                    "property": "Weight",
                    "value": "13,6",
                    "unit": "[kg]"
                },
                {
                    "section": "Model",
                    "property": "Dimension L x H x W",
                    "value": "187 \u00d7 336 \u00d7 190",
                    "unit": "[mm]"
                },
                {
                    "section": "Model",
                    "property": "Maximum diameter of coarse dirt",
                    "value": "6",
                    "unit": "[mm]"
                },
                {
                    "section": "Model",
                    "property": "Cable length",
                    "value": "8",
                    "unit": "[m]"
                },
                {
                    "section": "Model",
                    "property": "Insulation class",
                    "value": "F",
                    "unit": ""
                },
                null
            ]
        }
    ]
}