{
    "parts": [
        {
            "reference": "ZB00062639",
            "description": [
                {
                    "section": "",
                    "text": "PUMPA BLUE LINE 4STE"
                },
                {
                    "section": "",
                    "text": "pressure booster pump LINE 4STE"
                },
                {
                    "section": "",
                    "text": "BLUE"
                },
                {
                    "section": "",
                    "text": "Pressure booster pump with frequency electronic converter control. Set of submersible pump 4ST 4\" 3x230 V with frequency converter and 4l vessel. pressure"
                },
                {
                    "section": "Application",
                    "text": "Pumping clean water from wells and boreholes (with cooling jacket)"
                },
                {
                    "section": "Application",
                    "text": "Irrigation, household water supply"
                },
                {
                    "section": "Characteristic design features",
                    "text": "Submersible pump with impeller made of highly resistant PPO plastic"
                },
                {
                    "section": "Characteristic design features",
                    "text": "4l GWS pressure tank"
                },
                {
                    "section": "Characteristic design features",
                    "text": "Frequency convertor PUMPA e- line Drive-04"
                },
                {
                    "section": "Characteristic design features",
                    "text": "The set includes a five-way stainless steel valve, pressure sensor, pressure gauge"
                },
                {
                    "section": "Model",
                    "description": "blue line 4STE 214"
                },
                {
                    "section": "Model",
                    "description": "blue line 4STE 219"
                },
                {
                    "section": "Model",
                    "description": "blue line 4STE 225"
                }
            ],
            "key_value_pairs": [
                {
                    "section": "Model",
                    "property": "Maximum flow",
                    "value": "4,5",
                    "unit": "[m^3/hod]"
                },
                {
                    "section": "Model",
                    "property": "Maximum head",
                    "value": "95",
                    "unit": "[m]"
                },
                {
                    "section": "Model",
                    "property": "Pump diameter",
                    "value": "4\"",
                    "unit": ""
                },
                {
                    "section": "Model",
                    "property": "Voltage/frequency",
                    "value": "3x230 / 50",
                    "unit": "[V/Hz]"
                },
                {
                    "section": "Model",
                    "property": "Power",
                    "value": "750",
                    "unit": "[W]"
                },
                {
                    "section": "Model",
                    "property": "Connection",
                    "value": "5/4\"",
                    "unit": ""
                },
                {
                    "section": "Model",
                    "property": "Maximum immersion depth",
                    "value": "40",
                    "unit": "[m]"
                },
                {
                    "section": "Model",
                    "property": "Maximum liquid temperature",
                    "value": "35",
                    "unit": "[\u00b0C]"
                },
                {
                    "section": "Model",
                    "property": "Cable length",
                    "value": "30",
                    "unit": "[m]"
                },
                {
                    "section": "Model",
                    "property": "Protection",
                    "value": "IP 68",
                    "unit": ""
                },
                {
                    "section": "Model",
                    "property": "Insulation class",
                    "value": "B",
                    "unit": ""
                },
                {
                    "section": "Model",
                    "property": "Weight",
                    "value": "22,4",
                    "unit": "[kg]"
                },
                {
                    "section": "Model",
                    "property": "Dimension length",
                    "value": "910",
                    "unit": "[mm]"
                },
                null,
                {
                    "section": "Model",
                    "property": "Maximum flow",
                    "value": "4,5",
                    "unit": "[m^3/hod]"
                },
                {
                    "section": "Model",
                    "property": "Maximum head",
                    "value": "128",
                    "unit": "[m]"
                },
                {
                    "section": "Model",
                    "property": "Pump diameter",
                    "value": "4\"",
                    "unit": ""
                },
                {
                    "section": "Model",
                    "property": "Voltage/frequency",
                    "value": "3x230 / 50",
                    "unit": "[V/Hz]"
                },
                {
                    "section": "Model",
                    "property": "Power",
                    "value": "1100",
                    "unit": "[W]"
                },
                {
                    "section": "Model",
                    "property": "Connection",
                    "value": "5/4\"",
                    "unit": ""
                },
                {
                    "section": "Model",
                    "property": "Maximum immersion depth",
                    "value": "40",
                    "unit": "[m]"
                },
                {
                    "section": "Model",
                    "property": "Maximum liquid temperature",
                    "value": "35",
                    "unit": "[\u00b0C]"
                },
                {
                    "section": "Model",
                    "property": "Cable length",
                    "value": "40",
                    "unit": "[m]"
                },
                {
                    "section": "Model",
                    "property": "Protection",
                    "value": "IP 68",
                    "unit": ""
                },
                {
                    "section": "Model",
                    "property": "Insulation class",
                    "value": "B",
                    "unit": ""
                },
                {
                    "section": "Model",
                    "property": "Weight",
                    "value": "27,2",
                    "unit": "[kg]"
                },
                {
                    "section": "Model",
                    "property": "Dimension length",
                    "value": "1120",
                    "unit": "[mm]"
                },
                null,
                {
                    "section": "Model",
                    "property": "Maximum flow",
                    "value": "4,5",
                    "unit": "[m^3/hod]"
                },
                {
                    "section": "Model",
                    "property": "Maximum head",
                    "value": "169",
                    "unit": "[m]"
                },
                {
                    "section": "Model",
                    "property": "Pump diameter",
                    "value": "4\"",
                    "unit": ""
                },
                {
                    "section": "Model",
                    "property": "Voltage/frequency",
                    "value": "3x230 / 50",
                    "unit": "[V/Hz]"
                },
                {
                    "section": "Model",
                    "property": "Power",
                    "value": "1500",
                    "unit": "[W]"
                },
                {
                    "section": "Model",
                    "property": "Connection",
                    "value": "5/4\"",
                    "unit": ""
                },
                {
                    "section": "Model",
                    "property": "Maximum immersion depth",
                    "value": "40",
                    "unit": "[m]"
                },
                {
                    "section": "Model",
                    "property": "Maximum liquid temperature",
                    "value": "35",
                    "unit": "[\u00b0C]"
                },
                {
                    "section": "Model",
                    "property": "Cable length",
                    "value": "50",
                    "unit": "[m]"
                },
                {
                    "section": "Model",
                    "property": "Protection",
                    "value": "IP 68",
                    "unit": ""
                },
                {
                    "section": "Model",
                    "property": "Insulation class",
                    "value": "B",
                    "unit": ""
                },
                {
                    "section": "Model",
                    "property": "Weight",
                    "value": "33,5",
                    "unit": "[kg]"
                },
                {
                    "section": "Model",
                    "property": "Dimension length",
                    "value": "1318",
                    "unit": "[mm]"
                },
                null
            ]
        },
        {
            "reference": "ZB00062640",
            "description": [
                {
                    "section": "",
                    "text": "PUMPA BLUE LINE 4STE"
                },
                {
                    "section": "",
                    "text": "pressure booster pump LINE 4STE"
                },
                {
                    "section": "",
                    "text": "BLUE"
                },
                {
                    "section": "",
                    "text": "Pressure booster pump with frequency electronic converter control. Set of submersible pump 4ST 4\" 3x230 V with frequency converter and 4l vessel. pressure"
                },
                {
                    "section": "Application",
                    "text": "Pumping clean water from wells and boreholes (with cooling jacket)"
                },
                {
                    "section": "Application",
                    "text": "Irrigation, household water supply"
                },
                {
                    "section": "Characteristic design features",
                    "text": "Submersible pump with impeller made of highly resistant PPO plastic"
                },
                {
                    "section": "Characteristic design features",
                    "text": "4l GWS pressure tank"
                },
                {
                    "section": "Characteristic design features",
                    "text": "Frequency convertor PUMPA e- line Drive-04"
                },
                {
                    "section": "Characteristic design features",
                    "text": "The set includes a five-way stainless steel valve, pressure sensor, pressure gauge"
                },
                {
                    "section": "Model",
                    "description": "blue line 4STE 214"
                },
                {
                    "section": "Model",
                    "description": "blue line 4STE 219"
                },
                {
                    "section": "Model",
                    "description": "blue line 4STE 225"
                }
            ],
            "key_value_pairs": [
                {
                    "section": "Model",
                    "property": "Maximum flow",
                    "value": "4,5",
                    "unit": "[m^3/hod]"
                },
                {
                    "section": "Model",
                    "property": "Maximum head",
                    "value": "95",
                    "unit": "[m]"
                },
                {
                    "section": "Model",
                    "property": "Pump diameter",
                    "value": "4\"",
                    "unit": ""
                },
                {
                    "section": "Model",
                    "property": "Voltage/frequency",
                    "value": "3x230 / 50",
                    "unit": "[V/Hz]"
                },
                {
                    "section": "Model",
                    "property": "Power",
                    "value": "750",
                    "unit": "[W]"
                },
                {
                    "section": "Model",
                    "property": "Connection",
                    "value": "5/4\"",
                    "unit": ""
                },
                {
                    "section": "Model",
                    "property": "Maximum immersion depth",
                    "value": "40",
                    "unit": "[m]"
                },
                {
                    "section": "Model",
                    "property": "Maximum liquid temperature",
                    "value": "35",
                    "unit": "[\u00b0C]"
                },
                {
                    "section": "Model",
                    "property": "Cable length",
                    "value": "30",
                    "unit": "[m]"
                },
                {
                    "section": "Model",
                    "property": "Protection",
                    "value": "IP 68",
                    "unit": ""
                },
                {
                    "section": "Model",
                    "property": "Insulation class",
                    "value": "B",
                    "unit": ""
                },
                {
                    "section": "Model",
                    "property": "Weight",
                    "value": "22,4",
                    "unit": "[kg]"
                },
                {
                    "section": "Model",
                    "property": "Dimension length",
                    "value": "910",
                    "unit": "[mm]"
                },
                null,
                {
                    "section": "Model",
                    "property": "Maximum flow",
                    "value": "4,5",
                    "unit": "[m^3/hod]"
                },
                {
                    "section": "Model",
                    "property": "Maximum head",
                    "value": "128",
                    "unit": "[m]"
                },
                {
                    "section": "Model",
                    "property": "Pump diameter",
                    "value": "4\"",
                    "unit": ""
                },
                {
                    "section": "Model",
                    "property": "Voltage/frequency",
                    "value": "3x230 / 50",
                    "unit": "[V/Hz]"
                },
                {
                    "section": "Model",
                    "property": "Power",
                    "value": "1100",
                    "unit": "[W]"
                },
                {
                    "section": "Model",
                    "property": "Connection",
                    "value": "5/4\"",
                    "unit": ""
                },
                {
                    "section": "Model",
                    "property": "Maximum immersion depth",
                    "value": "40",
                    "unit": "[m]"
                },
                {
                    "section": "Model",
                    "property": "Maximum liquid temperature",
                    "value": "35",
                    "unit": "[\u00b0C]"
                },
                {
                    "section": "Model",
                    "property": "Cable length",
                    "value": "40",
                    "unit": "[m]"
                },
                {
                    "section": "Model",
                    "property": "Protection",
                    "value": "IP 68",
                    "unit": ""
                },
                {
                    "section": "Model",
                    "property": "Insulation class",
                    "value": "B",
                    "unit": ""
                },
                {
                    "section": "Model",
                    "property": "Weight",
                    "value": "27,2",
                    "unit": "[kg]"
                },
                {
                    "section": "Model",
                    "property": "Dimension length",
                    "value": "1120",
                    "unit": "[mm]"
                },
                null,
                {
                    "section": "Model",
                    "property": "Maximum flow",
                    "value": "4,5",
                    "unit": "[m^3/hod]"
                },
                {
                    "section": "Model",
                    "property": "Maximum head",
                    "value": "169",
                    "unit": "[m]"
                },
                {
                    "section": "Model",
                    "property": "Pump diameter",
                    "value": "4\"",
                    "unit": ""
                },
                {
                    "section": "Model",
                    "property": "Voltage/frequency",
                    "value": "3x230 / 50",
                    "unit": "[V/Hz]"
                },
                {
                    "section": "Model",
                    "property": "Power",
                    "value": "1500",
                    "unit": "[W]"
                },
                {
                    "section": "Model",
                    "property": "Connection",
                    "value": "5/4\"",
                    "unit": ""
                },
                {
                    "section": "Model",
                    "property": "Maximum immersion depth",
                    "value": "40",
                    "unit": "[m]"
                },
                {
                    "section": "Model",
                    "property": "Maximum liquid temperature",
                    "value": "35",
                    "unit": "[\u00b0C]"
                },
                {
                    "section": "Model",
                    "property": "Cable length",
                    "value": "50",
                    "unit": "[m]"
                },
                {
                    "section": "Model",
                    "property": "Protection",
                    "value": "IP 68",
                    "unit": ""
                },
                {
                    "section": "Model",
                    "property": "Insulation class",
                    "value": "B",
                    "unit": ""
                },
                {
                    "section": "Model",
                    "property": "Weight",
                    "value": "33,5",
                    "unit": "[kg]"
                },
                {
                    "section": "Model",
                    "property": "Dimension length",
                    "value": "1318",
                    "unit": "[mm]"
                },
                null
            ]
        },
        {
            "reference": "ZB00062641",
            "description": [
                {
                    "section": "",
                    "text": "PUMPA BLUE LINE 4STE"
                },
                {
                    "section": "",
                    "text": "pressure booster pump LINE 4STE"
                },
                {
                    "section": "",
                    "text": "BLUE"
                },
                {
                    "section": "",
                    "text": "Pressure booster pump with frequency electronic converter control. Set of submersible pump 4ST 4\" 3x230 V with frequency converter and 4l vessel. pressure"
                },
                {
                    "section": "Application",
                    "text": "Pumping clean water from wells and boreholes (with cooling jacket)"
                },
                {
                    "section": "Application",
                    "text": "Irrigation, household water supply"
                },
                {
                    "section": "Characteristic design features",
                    "text": "Submersible pump with impeller made of highly resistant PPO plastic"
                },
                {
                    "section": "Characteristic design features",
                    "text": "4l GWS pressure tank"
                },
                {
                    "section": "Characteristic design features",
                    "text": "Frequency convertor PUMPA e- line Drive-04"
                },
                {
                    "section": "Characteristic design features",
                    "text": "The set includes a five-way stainless steel valve, pressure sensor, pressure gauge"
                },
                {
                    "section": "Model",
                    "description": "blue line 4STE 214"
                },
                {
                    "section": "Model",
                    "description": "blue line 4STE 219"
                },
                {
                    "section": "Model",
                    "description": "blue line 4STE 225"
                }
            ],
            "key_value_pairs": [
                {
                    "section": "Model",
                    "property": "Maximum flow",
                    "value": "4,5",
                    "unit": "[m^3/hod]"
                },
                {
                    "section": "Model",
                    "property": "Maximum head",
                    "value": "95",
                    "unit": "[m]"
                },
                {
                    "section": "Model",
                    "property": "Pump diameter",
                    "value": "4\"",
                    "unit": ""
                },
                {
                    "section": "Model",
                    "property": "Voltage/frequency",
                    "value": "3x230 / 50",
                    "unit": "[V/Hz]"
                },
                {
                    "section": "Model",
                    "property": "Power",
                    "value": "750",
                    "unit": "[W]"
                },
                {
                    "section": "Model",
                    "property": "Connection",
                    "value": "5/4\"",
                    "unit": ""
                },
                {
                    "section": "Model",
                    "property": "Maximum immersion depth",
                    "value": "40",
                    "unit": "[m]"
                },
                {
                    "section": "Model",
                    "property": "Maximum liquid temperature",
                    "value": "35",
                    "unit": "[\u00b0C]"
                },
                {
                    "section": "Model",
                    "property": "Cable length",
                    "value": "30",
                    "unit": "[m]"
                },
                {
                    "section": "Model",
                    "property": "Protection",
                    "value": "IP 68",
                    "unit": ""
                },
                {
                    "section": "Model",
                    "property": "Insulation class",
                    "value": "B",
                    "unit": ""
                },
                {
                    "section": "Model",
                    "property": "Weight",
                    "value": "22,4",
                    "unit": "[kg]"
                },
                {
                    "section": "Model",
                    "property": "Dimension length",
                    "value": "910",
                    "unit": "[mm]"
                },
                null,
                {
                    "section": "Model",
                    "property": "Maximum flow",
                    "value": "4,5",
                    "unit": "[m^3/hod]"
                },
                {
                    "section": "Model",
                    "property": "Maximum head",
                    "value": "128",
                    "unit": "[m]"
                },
                {
                    "section": "Model",
                    "property": "Pump diameter",
                    "value": "4\"",
                    "unit": ""
                },
                {
                    "section": "Model",
                    "property": "Voltage/frequency",
                    "value": "3x230 / 50",
                    "unit": "[V/Hz]"
                },
                {
                    "section": "Model",
                    "property": "Power",
                    "value": "1100",
                    "unit": "[W]"
                },
                {
                    "section": "Model",
                    "property": "Connection",
                    "value": "5/4\"",
                    "unit": ""
                },
                {
                    "section": "Model",
                    "property": "Maximum immersion depth",
                    "value": "40",
                    "unit": "[m]"
                },
                {
                    "section": "Model",
                    "property": "Maximum liquid temperature",
                    "value": "35",
                    "unit": "[\u00b0C]"
                },
                {
                    "section": "Model",
                    "property": "Cable length",
                    "value": "40",
                    "unit": "[m]"
                },
                {
                    "section": "Model",
                    "property": "Protection",
                    "value": "IP 68",
                    "unit": ""
                },
                {
                    "section": "Model",
                    "property": "Insulation class",
                    "value": "B",
                    "unit": ""
                },
                {
                    "section": "Model",
                    "property": "Weight",
                    "value": "27,2",
                    "unit": "[kg]"
                },
                {
                    "section": "Model",
                    "property": "Dimension length",
                    "value": "1120",
                    "unit": "[mm]"
                },
                null,
                {
                    "section": "Model",
                    "property": "Maximum flow",
                    "value": "4,5",
                    "unit": "[m^3/hod]"
                },
                {
                    "section": "Model",
                    "property": "Maximum head",
                    "value": "169",
                    "unit": "[m]"
                },
                {
                    "section": "Model",
                    "property": "Pump diameter",
                    "value": "4\"",
                    "unit": ""
                },
                {
                    "section": "Model",
                    "property": "Voltage/frequency",
                    "value": "3x230 / 50",
                    "unit": "[V/Hz]"
                },
                {
                    "section": "Model",
                    "property": "Power",
                    "value": "1500",
                    "unit": "[W]"
                },
                {
                    "section": "Model",
                    "property": "Connection",
                    "value": "5/4\"",
                    "unit": ""
                },
                {
                    "section": "Model",
                    "property": "Maximum immersion depth",
                    "value": "40",
                    "unit": "[m]"
                },
                {
                    "section": "Model",
                    "property": "Maximum liquid temperature",
                    "value": "35",
                    "unit": "[\u00b0C]"
                },
                {
                    "section": "Model",
                    "property": "Cable length",
                    "value": "50",
                    "unit": "[m]"
                },
                {
                    "section": "Model",
                    "property": "Protection",
                    "value": "IP 68",
                    "unit": ""
                },
                {
                    "section": "Model",
                    "property": "Insulation class",
                    "value": "B",
                    "unit": ""
                },
                {
                    "section": "Model",
                    "property": "Weight",
                    "value": "33,5",
                    "unit": "[kg]"
                },
                {
                    "section": "Model",
                    "property": "Dimension length",
                    "value": "1318",
                    "unit": "[mm]"
                },
                null
            ]
        }
    ]
}