{
    "parts": [
        {
            "reference": "ZB00001151",
            "description": [
                {
                    "section": "",
                    "text": "displacement pump"
                },
                {
                    "section": "",
                    "text": "BLUE LINE PTM60-1"
                },
                {
                    "section": "",
                    "text": "Blue Line PTM60-1 230V displacement pump for pumping clean water."
                },
                {
                    "section": "Application",
                    "text": "Pumping clean water"
                },
                {
                    "section": "Application",
                    "text": "Irrigation"
                },
                {
                    "section": "",
                    "text": "PUMPA BLUE LINE PTM60-1"
                },
                {
                    "section": "Model",
                    "description": "blue line PTM60-1"
                }
            ],
            "key_value_pairs": [
                {
                    "section": "Model",
                    "property": "Maximum flow",
                    "value": "2,1",
                    "unit": "[m^3/hod]"
                },
                {
                    "section": "Model",
                    "property": "Maximum discharge head",
                    "value": "35",
                    "unit": "[m]"
                },
                {
                    "section": "Model",
                    "property": "Voltage / frequency",
                    "value": "230 / 50",
                    "unit": "[V/Hz]"
                },
                {
                    "section": "Model",
                    "property": "Power",
                    "value": "370",
                    "unit": "[W]"
                },
                {
                    "section": "Model",
                    "property": "Suction x discharge neck",
                    "value": "1\u201c x 1\u201c",
                    "unit": ""
                },
                {
                    "section": "Model",
                    "property": "Maximum fluid temperature",
                    "value": "60",
                    "unit": "[\u00b0C]"
                },
                {
                    "section": "Model",
                    "property": "Maximum ambient temperature",
                    "value": "40",
                    "unit": "[\u00b0C]"
                },
                {
                    "section": "Model",
                    "property": "Cable length",
                    "value": "0,3",
                    "unit": "[m]"
                },
                {
                    "section": "Model",
                    "property": "Degree of protection",
                    "value": "IP 44",
                    "unit": ""
                },
                {
                    "section": "Model",
                    "property": "Weight",
                    "value": "5,5",
                    "unit": "[kg]"
                },
                {
                    "section": "Model",
                    "property": "Dimension L x H x W",
                    "value": "260 \u00d7 150 x 120",
                    "unit": "[mm]"
                },
                {
                    "section": "Model",
                    "property": "Maximum suction height",
                    "value": "6",
                    "unit": "[m"
                },
                {
                    "section": "Model",
                    "property": "Insulation class",
                    "value": "B",
                    "unit": ""
                },
                null
            ]
        }
    ]
}