{
    "parts": [
        {
            "reference": "ZB00001260",
            "description": [
                {
                    "section": "",
                    "text": "PUMPA BLUE LINE PJWm/15M, PJWm/15H"
                },
                {
                    "section": "",
                    "text": "self-priming JET pump"
                },
                {
                    "section": "",
                    "text": "BLUE LINE PJWm/ 15M, PJWm / 15H"
                },
                {
                    "section": "",
                    "text": "The surface pump is designed for domestic use, for pumping clean water with a minimum amount of impurities."
                },
                {
                    "section": "Application",
                    "text": "Pumping water from wells and reservoirs"
                },
                {
                    "section": "Application",
                    "text": "Small irrigation"
                },
                {
                    "section": "Application",
                    "text": "Suitable for pressure vessel for use as a pressure booster pump"
                },
                {
                    "section": "Model",
                    "description": "blue line PJWm/15M"
                },
                {
                    "section": "Model",
                    "description": "blue line PJWm/15H"
                }
            ],
            "key_value_pairs": [
                {
                    "section": "Model",
                    "property": "Maximum ambient temperature",
                    "value": "40",
                    "unit": "[\u00b0C]"
                },
                {
                    "section": "Model",
                    "property": "Maximum flow",
                    "value": "4,2",
                    "unit": "[m3/hod]"
                },
                {
                    "section": "Model",
                    "property": "Maximum discharge head",
                    "value": "52",
                    "unit": "[m]"
                },
                {
                    "section": "Model",
                    "property": "Voltage / frequency",
                    "value": "230 / 50",
                    "unit": "[V/Hz]"
                },
                {
                    "section": "Model",
                    "property": "Power",
                    "value": "1100",
                    "unit": "[W]"
                },
                {
                    "section": "Model",
                    "property": "Suction x discharge neck",
                    "value": "1\u201c x 1\u201c",
                    "unit": ""
                },
                {
                    "section": "Model",
                    "property": "Maximum fluid temperature",
                    "value": "60",
                    "unit": "[\u00b0C]"
                },
                {
                    "section": "Model",
                    "property": "Cable length",
                    "value": "0,5",
                    "unit": "[m]"
                },
                {
                    "section": "Model",
                    "property": "Degree of protection",
                    "value": "IP 44",
                    "unit": ""
                },
                {
                    "section": "Model",
                    "property": "Weight [ kg",
                    "value": "16,9",
                    "unit": "]"
                },
                {
                    "section": "Model",
                    "property": "Dimension L x H x W",
                    "value": "430 \u00d7 210 \u00d7 180",
                    "unit": "[mm]"
                },
                {
                    "section": "Model",
                    "property": "Maximum suction height",
                    "value": "9",
                    "unit": "[m]"
                },
                {
                    "section": "Model",
                    "property": "Insulation class",
                    "value": "B",
                    "unit": ""
                },
                null,
                {
                    "section": "Model",
                    "property": "Maximum flow",
                    "value": "3,6",
                    "unit": "[m3/hod]"
                },
                {
                    "section": "Model",
                    "property": "Maximum discharge head",
                    "value": "68",
                    "unit": "[m]"
                },
                {
                    "section": "Model",
                    "property": "Voltage / frequency",
                    "value": "230 / 50",
                    "unit": "[V/Hz]"
                },
                {
                    "section": "Model",
                    "property": "Power",
                    "value": "1100",
                    "unit": "[W]"
                },
                {
                    "section": "Model",
                    "property": "Suction x discharge neck",
                    "value": "1\u201c x 1\u201c",
                    "unit": ""
                },
                {
                    "section": "Model",
                    "property": "Maximum fluid temperature",
                    "value": "35",
                    "unit": "[\u00b0C]"
                },
                {
                    "section": "Model",
                    "property": "Maximum ambient temperature",
                    "value": "40",
                    "unit": "[\u00b0C]"
                },
                {
                    "section": "Model",
                    "property": "Cable length",
                    "value": "0,3",
                    "unit": "[m]"
                },
                {
                    "section": "Model",
                    "property": "Degree of protection",
                    "value": "IP 44",
                    "unit": ""
                },
                {
                    "section": "Model",
                    "property": "Weight [ kg",
                    "value": "14",
                    "unit": "]"
                },
                {
                    "section": "Model",
                    "property": "Dimension L x H x W",
                    "value": "400 \u00d7 200 \u00d7 180",
                    "unit": "[mm]"
                },
                {
                    "section": "Model",
                    "property": "Maximum suction height",
                    "value": "9",
                    "unit": "[m]"
                },
                {
                    "section": "Model",
                    "property": "Insulation class",
                    "value": "B",
                    "unit": ""
                },
                null
            ]
        },
        {
            "reference": "ZB00001188",
            "description": [
                {
                    "section": "",
                    "text": "PUMPA BLUE LINE PJWm/15M, PJWm/15H"
                },
                {
                    "section": "",
                    "text": "self-priming JET pump"
                },
                {
                    "section": "",
                    "text": "BLUE LINE PJWm/ 15M, PJWm / 15H"
                },
                {
                    "section": "",
                    "text": "The surface pump is designed for domestic use, for pumping clean water with a minimum amount of impurities."
                },
                {
                    "section": "Application",
                    "text": "Pumping water from wells and reservoirs"
                },
                {
                    "section": "Application",
                    "text": "Small irrigation"
                },
                {
                    "section": "Application",
                    "text": "Suitable for pressure vessel for use as a pressure booster pump"
                },
                {
                    "section": "Model",
                    "description": "blue line PJWm/15M"
                },
                {
                    "section": "Model",
                    "description": "blue line PJWm/15H"
                }
            ],
            "key_value_pairs": [
                {
                    "section": "Model",
                    "property": "Maximum ambient temperature",
                    "value": "40",
                    "unit": "[\u00b0C]"
                },
                {
                    "section": "Model",
                    "property": "Maximum flow",
                    "value": "4,2",
                    "unit": "[m3/hod]"
                },
                {
                    "section": "Model",
                    "property": "Maximum discharge head",
                    "value": "52",
                    "unit": "[m]"
                },
                {
                    "section": "Model",
                    "property": "Voltage / frequency",
                    "value": "230 / 50",
                    "unit": "[V/Hz]"
                },
                {
                    "section": "Model",
                    "property": "Power",
                    "value": "1100",
                    "unit": "[W]"
                },
                {
                    "section": "Model",
                    "property": "Suction x discharge neck",
                    "value": "1\u201c x 1\u201c",
                    "unit": ""
                },
                {
                    "section": "Model",
                    "property": "Maximum fluid temperature",
                    "value": "60",
                    "unit": "[\u00b0C]"
                },
                {
                    "section": "Model",
                    "property": "Cable length",
                    "value": "0,5",
                    "unit": "[m]"
                },
                {
                    "section": "Model",
                    "property": "Degree of protection",
                    "value": "IP 44",
                    "unit": ""
                },
                {
                    "section": "Model",
                    "property": "Weight [ kg",
                    "value": "16,9",
                    "unit": "]"
                },
                {
                    "section": "Model",
                    "property": "Dimension L x H x W",
                    "value": "430 \u00d7 210 \u00d7 180",
                    "unit": "[mm]"
                },
                {
                    "section": "Model",
                    "property": "Maximum suction height",
                    "value": "9",
                    "unit": "[m]"
                },
                {
                    "section": "Model",
                    "property": "Insulation class",
                    "value": "B",
                    "unit": ""
                },
                null,
                {
                    "section": "Model",
                    "property": "Maximum flow",
                    "value": "3,6",
                    "unit": "[m3/hod]"
                },
                {
                    "section": "Model",
                    "property": "Maximum discharge head",
                    "value": "68",
                    "unit": "[m]"
                },
                {
                    "section": "Model",
                    "property": "Voltage / frequency",
                    "value": "230 / 50",
                    "unit": "[V/Hz]"
                },
                {
                    "section": "Model",
                    "property": "Power",
                    "value": "1100",
                    "unit": "[W]"
                },
                {
                    "section": "Model",
                    "property": "Suction x discharge neck",
                    "value": "1\u201c x 1\u201c",
                    "unit": ""
                },
                {
                    "section": "Model",
                    "property": "Maximum fluid temperature",
                    "value": "35",
                    "unit": "[\u00b0C]"
                },
                {
                    "section": "Model",
                    "property": "Maximum ambient temperature",
                    "value": "40",
                    "unit": "[\u00b0C]"
                },
                {
                    "section": "Model",
                    "property": "Cable length",
                    "value": "0,3",
                    "unit": "[m]"
                },
                {
                    "section": "Model",
                    "property": "Degree of protection",
                    "value": "IP 44",
                    "unit": ""
                },
                {
                    "section": "Model",
                    "property": "Weight [ kg",
                    "value": "14",
                    "unit": "]"
                },
                {
                    "section": "Model",
                    "property": "Dimension L x H x W",
                    "value": "400 \u00d7 200 \u00d7 180",
                    "unit": "[mm]"
                },
                {
                    "section": "Model",
                    "property": "Maximum suction height",
                    "value": "9",
                    "unit": "[m]"
                },
                {
                    "section": "Model",
                    "property": "Insulation class",
                    "value": "B",
                    "unit": ""
                },
                null
            ]
        }
    ]
}