{
    "parts": [
        {
            "reference": "ZB00061317",
            "description": [
                {
                    "section": "",
                    "text": "PUMPA BLUE LINE 4STM"
                },
                {
                    "section": "",
                    "text": "4\" submersible pump"
                },
                {
                    "section": "",
                    "text": "BLUE LINE 4STM"
                },
                {
                    "section": "",
                    "text": "Submersible 4\" pump for wells and boreholes. Designed for pumping clean water. Suitable for household water supply and garden irrigation."
                },
                {
                    "section": "Application",
                    "text": "Pumping clean water from wells and boreholes (with cooling jacket)"
                },
                {
                    "section": "Application",
                    "text": "Irrigation, household water supply"
                },
                {
                    "section": "Application",
                    "text": "The pump can be used alone or with a pressure vessel as a pressure booster pump"
                },
                {
                    "section": "Characteristic design features",
                    "text": "Highly durable PPO plastic impeller"
                },
                {
                    "section": "Model",
                    "description": "blue line 4STM 211"
                },
                {
                    "section": "Model",
                    "description": "blue line 4STM 214"
                },
                {
                    "section": "Model",
                    "description": "blue line 4STM 219"
                }
            ],
            "key_value_pairs": [
                {
                    "section": "Model",
                    "property": "Maximum liquid temperature",
                    "value": "35",
                    "unit": "[\u00b0C]"
                },
                {
                    "section": "Model",
                    "property": "Maximum flow",
                    "value": "4,5",
                    "unit": "[m^3/hod]"
                },
                {
                    "section": "Model",
                    "property": "Maximum head",
                    "value": "74",
                    "unit": "[m]"
                },
                {
                    "section": "Model",
                    "property": "Pump diameter",
                    "value": "4\"",
                    "unit": ""
                },
                {
                    "section": "Model",
                    "property": "Voltage/frequency Hz [V/",
                    "value": "230 / 50",
                    "unit": "]"
                },
                {
                    "section": "Model",
                    "property": "Power",
                    "value": "550",
                    "unit": "[W]"
                },
                {
                    "section": "Model",
                    "property": "Connection",
                    "value": "1",
                    "unit": ""
                },
                {
                    "section": "Model",
                    "property": "Connection",
                    "value": "\u00bc\"",
                    "unit": ""
                },
                {
                    "section": "Model",
                    "property": "Maximum immersion depth",
                    "value": "40",
                    "unit": "[m]"
                },
                {
                    "section": "Model",
                    "property": "Cable length",
                    "value": "30",
                    "unit": "[m]"
                },
                {
                    "section": "Model",
                    "property": "Protection",
                    "value": "IP 68",
                    "unit": ""
                },
                {
                    "section": "Model",
                    "property": "Insulation class",
                    "value": "B",
                    "unit": ""
                },
                {
                    "section": "Model",
                    "property": "Weight",
                    "value": "16,3",
                    "unit": "[kg]"
                },
                {
                    "section": "Model",
                    "property": "Dimension - length",
                    "value": "813",
                    "unit": "[mm]"
                },
                null,
                {
                    "section": "Model",
                    "property": "Maximum flow",
                    "value": "4,5",
                    "unit": "[m^3/hod]"
                },
                {
                    "section": "Model",
                    "property": "Maximum head",
                    "value": "95",
                    "unit": "[m]"
                },
                {
                    "section": "Model",
                    "property": "Pump diameter",
                    "value": "4\"",
                    "unit": ""
                },
                {
                    "section": "Model",
                    "property": "Voltage/frequency Hz [V/",
                    "value": "230 / 50",
                    "unit": "]"
                },
                {
                    "section": "Model",
                    "property": "Power",
                    "value": "750",
                    "unit": "[W]"
                },
                {
                    "section": "Model",
                    "property": "Connection",
                    "value": "1 \u00bc\"",
                    "unit": ""
                },
                {
                    "section": "Model",
                    "property": "Maximum immersion depth",
                    "value": "40",
                    "unit": "[m]"
                },
                {
                    "section": "Model",
                    "property": "Maximum liquid temperature",
                    "value": "35",
                    "unit": "[\u00b0C]"
                },
                {
                    "section": "Model",
                    "property": "Cable length",
                    "value": "40",
                    "unit": "[m]"
                },
                {
                    "section": "Model",
                    "property": "Protection",
                    "value": "IP 68",
                    "unit": ""
                },
                {
                    "section": "Model",
                    "property": "Weight",
                    "value": "19,5",
                    "unit": "[kg]"
                },
                {
                    "section": "Model",
                    "property": "Dimension - length",
                    "value": "910",
                    "unit": "[mm]"
                },
                {
                    "section": "Model",
                    "property": "Insulation class",
                    "value": "B",
                    "unit": ""
                },
                null,
                {
                    "section": "Model",
                    "property": "Maximum flow",
                    "value": "4,5",
                    "unit": "[m^3/hod]"
                },
                {
                    "section": "Model",
                    "property": "Maximum head",
                    "value": "128",
                    "unit": "[m]"
                },
                {
                    "section": "Model",
                    "property": "Pump diameter",
                    "value": "4\"",
                    "unit": ""
                },
                {
                    "section": "Model",
                    "property": "Voltage/frequency Hz [V/",
                    "value": "230 / 50",
                    "unit": "]"
                },
                {
                    "section": "Model",
                    "property": "Power",
                    "value": "1100",
                    "unit": "[W]"
                },
                {
                    "section": "Model",
                    "property": "Connection",
                    "value": "1",
                    "unit": ""
                },
                {
                    "section": "Model",
                    "property": "Connection",
                    "value": "\u00bc\"",
                    "unit": ""
                },
                {
                    "section": "Model",
                    "property": "Maximum immersion depth",
                    "value": "40",
                    "unit": "[m]"
                },
                {
                    "section": "Model",
                    "property": "Maximum liquid temperature",
                    "value": "35",
                    "unit": "[\u00b0C]"
                },
                {
                    "section": "Model",
                    "property": "Cable length",
                    "value": "50",
                    "unit": "[m]"
                },
                {
                    "section": "Model",
                    "property": "Protection",
                    "value": "IP 68",
                    "unit": ""
                },
                {
                    "section": "Model",
                    "property": "Weight",
                    "value": "25,2",
                    "unit": "[kg]"
                },
                {
                    "section": "Model",
                    "property": "Dimension - length",
                    "value": "1120",
                    "unit": "[mm]"
                },
                {
                    "section": "Model",
                    "property": "Insulation class",
                    "value": "B",
                    "unit": ""
                },
                null
            ]
        },
        {
            "reference": "ZB00061466",
            "description": [
                {
                    "section": "",
                    "text": "PUMPA BLUE LINE 4STM"
                },
                {
                    "section": "",
                    "text": "4\" submersible pump"
                },
                {
                    "section": "",
                    "text": "BLUE LINE 4STM"
                },
                {
                    "section": "",
                    "text": "Submersible 4\" pump for wells and boreholes. Designed for pumping clean water. Suitable for household water supply and garden irrigation."
                },
                {
                    "section": "Application",
                    "text": "Pumping clean water from wells and boreholes (with cooling jacket)"
                },
                {
                    "section": "Application",
                    "text": "Irrigation, household water supply"
                },
                {
                    "section": "Application",
                    "text": "The pump can be used alone or with a pressure vessel as a pressure booster pump"
                },
                {
                    "section": "Characteristic design features",
                    "text": "Highly durable PPO plastic impeller"
                },
                {
                    "section": "Model",
                    "description": "blue line 4STM 211"
                },
                {
                    "section": "Model",
                    "description": "blue line 4STM 214"
                },
                {
                    "section": "Model",
                    "description": "blue line 4STM 219"
                }
            ],
            "key_value_pairs": [
                {
                    "section": "Model",
                    "property": "Maximum liquid temperature",
                    "value": "35",
                    "unit": "[\u00b0C]"
                },
                {
                    "section": "Model",
                    "property": "Maximum flow",
                    "value": "4,5",
                    "unit": "[m^3/hod]"
                },
                {
                    "section": "Model",
                    "property": "Maximum head",
                    "value": "74",
                    "unit": "[m]"
                },
                {
                    "section": "Model",
                    "property": "Pump diameter",
                    "value": "4\"",
                    "unit": ""
                },
                {
                    "section": "Model",
                    "property": "Voltage/frequency Hz [V/",
                    "value": "230 / 50",
                    "unit": "]"
                },
                {
                    "section": "Model",
                    "property": "Power",
                    "value": "550",
                    "unit": "[W]"
                },
                {
                    "section": "Model",
                    "property": "Connection",
                    "value": "1",
                    "unit": ""
                },
                {
                    "section": "Model",
                    "property": "Connection",
                    "value": "\u00bc\"",
                    "unit": ""
                },
                {
                    "section": "Model",
                    "property": "Maximum immersion depth",
                    "value": "40",
                    "unit": "[m]"
                },
                {
                    "section": "Model",
                    "property": "Cable length",
                    "value": "30",
                    "unit": "[m]"
                },
                {
                    "section": "Model",
                    "property": "Protection",
                    "value": "IP 68",
                    "unit": ""
                },
                {
                    "section": "Model",
                    "property": "Insulation class",
                    "value": "B",
                    "unit": ""
                },
                {
                    "section": "Model",
                    "property": "Weight",
                    "value": "16,3",
                    "unit": "[kg]"
                },
                {
                    "section": "Model",
                    "property": "Dimension - length",
                    "value": "813",
                    "unit": "[mm]"
                },
                null,
                {
                    "section": "Model",
                    "property": "Maximum flow",
                    "value": "4,5",
                    "unit": "[m^3/hod]"
                },
                {
                    "section": "Model",
                    "property": "Maximum head",
                    "value": "95",
                    "unit": "[m]"
                },
                {
                    "section": "Model",
                    "property": "Pump diameter",
                    "value": "4\"",
                    "unit": ""
                },
                {
                    "section": "Model",
                    "property": "Voltage/frequency Hz [V/",
                    "value": "230 / 50",
                    "unit": "]"
                },
                {
                    "section": "Model",
                    "property": "Power",
                    "value": "750",
                    "unit": "[W]"
                },
                {
                    "section": "Model",
                    "property": "Connection",
                    "value": "1 \u00bc\"",
                    "unit": ""
                },
                {
                    "section": "Model",
                    "property": "Maximum immersion depth",
                    "value": "40",
                    "unit": "[m]"
                },
                {
                    "section": "Model",
                    "property": "Maximum liquid temperature",
                    "value": "35",
                    "unit": "[\u00b0C]"
                },
                {
                    "section": "Model",
                    "property": "Cable length",
                    "value": "40",
                    "unit": "[m]"
                },
                {
                    "section": "Model",
                    "property": "Protection",
                    "value": "IP 68",
                    "unit": ""
                },
                {
                    "section": "Model",
                    "property": "Weight",
                    "value": "19,5",
                    "unit": "[kg]"
                },
                {
                    "section": "Model",
                    "property": "Dimension - length",
                    "value": "910",
                    "unit": "[mm]"
                },
                {
                    "section": "Model",
                    "property": "Insulation class",
                    "value": "B",
                    "unit": ""
                },
                null,
                {
                    "section": "Model",
                    "property": "Maximum flow",
                    "value": "4,5",
                    "unit": "[m^3/hod]"
                },
                {
                    "section": "Model",
                    "property": "Maximum head",
                    "value": "128",
                    "unit": "[m]"
                },
                {
                    "section": "Model",
                    "property": "Pump diameter",
                    "value": "4\"",
                    "unit": ""
                },
                {
                    "section": "Model",
                    "property": "Voltage/frequency Hz [V/",
                    "value": "230 / 50",
                    "unit": "]"
                },
                {
                    "section": "Model",
                    "property": "Power",
                    "value": "1100",
                    "unit": "[W]"
                },
                {
                    "section": "Model",
                    "property": "Connection",
                    "value": "1",
                    "unit": ""
                },
                {
                    "section": "Model",
                    "property": "Connection",
                    "value": "\u00bc\"",
                    "unit": ""
                },
                {
                    "section": "Model",
                    "property": "Maximum immersion depth",
                    "value": "40",
                    "unit": "[m]"
                },
                {
                    "section": "Model",
                    "property": "Maximum liquid temperature",
                    "value": "35",
                    "unit": "[\u00b0C]"
                },
                {
                    "section": "Model",
                    "property": "Cable length",
                    "value": "50",
                    "unit": "[m]"
                },
                {
                    "section": "Model",
                    "property": "Protection",
                    "value": "IP 68",
                    "unit": ""
                },
                {
                    "section": "Model",
                    "property": "Weight",
                    "value": "25,2",
                    "unit": "[kg]"
                },
                {
                    "section": "Model",
                    "property": "Dimension - length",
                    "value": "1120",
                    "unit": "[mm]"
                },
                {
                    "section": "Model",
                    "property": "Insulation class",
                    "value": "B",
                    "unit": ""
                },
                null
            ]
        },
        {
            "reference": "ZB00061471",
            "description": [
                {
                    "section": "",
                    "text": "PUMPA BLUE LINE 4STM"
                },
                {
                    "section": "",
                    "text": "4\" submersible pump"
                },
                {
                    "section": "",
                    "text": "BLUE LINE 4STM"
                },
                {
                    "section": "",
                    "text": "Submersible 4\" pump for wells and boreholes. Designed for pumping clean water. Suitable for household water supply and garden irrigation."
                },
                {
                    "section": "Application",
                    "text": "Pumping clean water from wells and boreholes (with cooling jacket)"
                },
                {
                    "section": "Application",
                    "text": "Irrigation, household water supply"
                },
                {
                    "section": "Application",
                    "text": "The pump can be used alone or with a pressure vessel as a pressure booster pump"
                },
                {
                    "section": "Characteristic design features",
                    "text": "Highly durable PPO plastic impeller"
                },
                {
                    "section": "Model",
                    "description": "blue line 4STM 211"
                },
                {
                    "section": "Model",
                    "description": "blue line 4STM 214"
                },
                {
                    "section": "Model",
                    "description": "blue line 4STM 219"
                }
            ],
            "key_value_pairs": [
                {
                    "section": "Model",
                    "property": "Maximum liquid temperature",
                    "value": "35",
                    "unit": "[\u00b0C]"
                },
                {
                    "section": "Model",
                    "property": "Maximum flow",
                    "value": "4,5",
                    "unit": "[m^3/hod]"
                },
                {
                    "section": "Model",
                    "property": "Maximum head",
                    "value": "74",
                    "unit": "[m]"
                },
                {
                    "section": "Model",
                    "property": "Pump diameter",
                    "value": "4\"",
                    "unit": ""
                },
                {
                    "section": "Model",
                    "property": "Voltage/frequency Hz [V/",
                    "value": "230 / 50",
                    "unit": "]"
                },
                {
                    "section": "Model",
                    "property": "Power",
                    "value": "550",
                    "unit": "[W]"
                },
                {
                    "section": "Model",
                    "property": "Connection",
                    "value": "1",
                    "unit": ""
                },
                {
                    "section": "Model",
                    "property": "Connection",
                    "value": "\u00bc\"",
                    "unit": ""
                },
                {
                    "section": "Model",
                    "property": "Maximum immersion depth",
                    "value": "40",
                    "unit": "[m]"
                },
                {
                    "section": "Model",
                    "property": "Cable length",
                    "value": "30",
                    "unit": "[m]"
                },
                {
                    "section": "Model",
                    "property": "Protection",
                    "value": "IP 68",
                    "unit": ""
                },
                {
                    "section": "Model",
                    "property": "Insulation class",
                    "value": "B",
                    "unit": ""
                },
                {
                    "section": "Model",
                    "property": "Weight",
                    "value": "16,3",
                    "unit": "[kg]"
                },
                {
                    "section": "Model",
                    "property": "Dimension - length",
                    "value": "813",
                    "unit": "[mm]"
                },
                null,
                {
                    "section": "Model",
                    "property": "Maximum flow",
                    "value": "4,5",
                    "unit": "[m^3/hod]"
                },
                {
                    "section": "Model",
                    "property": "Maximum head",
                    "value": "95",
                    "unit": "[m]"
                },
                {
                    "section": "Model",
                    "property": "Pump diameter",
                    "value": "4\"",
                    "unit": ""
                },
                {
                    "section": "Model",
                    "property": "Voltage/frequency Hz [V/",
                    "value": "230 / 50",
                    "unit": "]"
                },
                {
                    "section": "Model",
                    "property": "Power",
                    "value": "750",
                    "unit": "[W]"
                },
                {
                    "section": "Model",
                    "property": "Connection",
                    "value": "1 \u00bc\"",
                    "unit": ""
                },
                {
                    "section": "Model",
                    "property": "Maximum immersion depth",
                    "value": "40",
                    "unit": "[m]"
                },
                {
                    "section": "Model",
                    "property": "Maximum liquid temperature",
                    "value": "35",
                    "unit": "[\u00b0C]"
                },
                {
                    "section": "Model",
                    "property": "Cable length",
                    "value": "40",
                    "unit": "[m]"
                },
                {
                    "section": "Model",
                    "property": "Protection",
                    "value": "IP 68",
                    "unit": ""
                },
                {
                    "section": "Model",
                    "property": "Weight",
                    "value": "19,5",
                    "unit": "[kg]"
                },
                {
                    "section": "Model",
                    "property": "Dimension - length",
                    "value": "910",
                    "unit": "[mm]"
                },
                {
                    "section": "Model",
                    "property": "Insulation class",
                    "value": "B",
                    "unit": ""
                },
                null,
                {
                    "section": "Model",
                    "property": "Maximum flow",
                    "value": "4,5",
                    "unit": "[m^3/hod]"
                },
                {
                    "section": "Model",
                    "property": "Maximum head",
                    "value": "128",
                    "unit": "[m]"
                },
                {
                    "section": "Model",
                    "property": "Pump diameter",
                    "value": "4\"",
                    "unit": ""
                },
                {
                    "section": "Model",
                    "property": "Voltage/frequency Hz [V/",
                    "value": "230 / 50",
                    "unit": "]"
                },
                {
                    "section": "Model",
                    "property": "Power",
                    "value": "1100",
                    "unit": "[W]"
                },
                {
                    "section": "Model",
                    "property": "Connection",
                    "value": "1",
                    "unit": ""
                },
                {
                    "section": "Model",
                    "property": "Connection",
                    "value": "\u00bc\"",
                    "unit": ""
                },
                {
                    "section": "Model",
                    "property": "Maximum immersion depth",
                    "value": "40",
                    "unit": "[m]"
                },
                {
                    "section": "Model",
                    "property": "Maximum liquid temperature",
                    "value": "35",
                    "unit": "[\u00b0C]"
                },
                {
                    "section": "Model",
                    "property": "Cable length",
                    "value": "50",
                    "unit": "[m]"
                },
                {
                    "section": "Model",
                    "property": "Protection",
                    "value": "IP 68",
                    "unit": ""
                },
                {
                    "section": "Model",
                    "property": "Weight",
                    "value": "25,2",
                    "unit": "[kg]"
                },
                {
                    "section": "Model",
                    "property": "Dimension - length",
                    "value": "1120",
                    "unit": "[mm]"
                },
                {
                    "section": "Model",
                    "property": "Insulation class",
                    "value": "B",
                    "unit": ""
                },
                null
            ]
        }
    ]
}