{
    "parts": [
        {
            "reference": "ZB00061165",
            "description": [
                {
                    "section": "",
                    "text": "PUMPA BLUE LINE 3PVM750-120"
                },
                {
                    "section": "",
                    "text": "3\" submersible screw pump"
                },
                {
                    "section": "",
                    "text": "BLUE LINE 3PVM750-120"
                },
                {
                    "section": "",
                    "text": "Submersible 3\" pump for wells and boreholes, for pumping clean water, irrigation."
                },
                {
                    "section": "Application",
                    "text": "For boreholes from 100 mm"
                },
                {
                    "section": "Application",
                    "text": "Rainwater irrigation"
                },
                {
                    "section": "Application",
                    "text": "Pumping clean water for households"
                },
                {
                    "section": "Application",
                    "text": "Power supply for pressure systems"
                },
                {
                    "section": "Application",
                    "text": "Water circulation in fountains"
                },
                {
                    "section": "Application",
                    "text": "Tank filling and emptying"
                },
                {
                    "section": "Characteristic design features",
                    "text": "Stainless steel shaft, casing and hydraulics"
                },
                {
                    "section": "Characteristic design features",
                    "text": "Spindle in rubber stator"
                },
                {
                    "section": "Characteristic design features",
                    "text": "Built-in check valve"
                },
                {
                    "section": "Characteristic design features",
                    "text": "Oil-cooled motor with compensating diaphragm"
                },
                {
                    "section": "Characteristic design features",
                    "text": "Graphite seal protected against sand by a ring"
                },
                {
                    "section": "Characteristic design features",
                    "text": "Parts are non-toxic and non-polluting"
                },
                {
                    "section": "Model",
                    "description": "blue line 3PVM750-120"
                }
            ],
            "key_value_pairs": [
                {
                    "section": "Model",
                    "property": "Maximum flow",
                    "value": "1,8",
                    "unit": "[m^3/hod]"
                },
                {
                    "section": "Model",
                    "property": "Maximum head",
                    "value": "120",
                    "unit": "[m]"
                },
                {
                    "section": "Model",
                    "property": "Pump diameter",
                    "value": "3\"",
                    "unit": ""
                },
                {
                    "section": "Model",
                    "property": "Maximum liquid temperature",
                    "value": "35",
                    "unit": "[\u00b0C]"
                },
                {
                    "section": "Model",
                    "property": "Voltage/frequency Hz [V/",
                    "value": "230 / 50",
                    "unit": "]"
                },
                {
                    "section": "Model",
                    "property": "Power",
                    "value": "750",
                    "unit": "[W]"
                },
                {
                    "section": "Model",
                    "property": "Connection",
                    "value": "1\"",
                    "unit": ""
                },
                {
                    "section": "Model",
                    "property": "Maximum immersion depth",
                    "value": "40",
                    "unit": "[m]"
                },
                {
                    "section": "Model",
                    "property": "Cable length",
                    "value": "40",
                    "unit": "[m]"
                },
                {
                    "section": "Model",
                    "property": "Protection",
                    "value": "IP 68",
                    "unit": ""
                },
                {
                    "section": "Model",
                    "property": "Dimension - length",
                    "value": "687",
                    "unit": "[mm]"
                },
                {
                    "section": "Model",
                    "property": "Insulation class",
                    "value": "B",
                    "unit": ""
                },
                {
                    "section": "Model",
                    "property": "Weight",
                    "value": "14",
                    "unit": "[kg]"
                },
                null
            ]
        }
    ]
}