{
    "parts": [
        {
            "reference": "ZB00051082",
            "description": [
                {
                    "section": "",
                    "text": "PUMPA BLUE LINE PS 4\""
                },
                {
                    "section": "",
                    "text": "4\" submersible pump"
                },
                {
                    "section": "",
                    "text": "BLUE LINE PS 4\""
                },
                {
                    "section": "",
                    "text": "Submersible 4\" pumps for wells and reservoirs, designed to supply households, cottages or gardens with clean water."
                },
                {
                    "section": "Application",
                    "text": "Pumping clean water from wells, boreholes and reservoirs"
                },
                {
                    "section": "Application",
                    "text": "For supplying households, cottages or gardens"
                },
                {
                    "section": "Characteristic design features",
                    "text": "Noryl impellers"
                },
                {
                    "section": "Characteristic design features",
                    "text": "Pump housing, shaft and suction basket from stainless stee AISI 304"
                },
                {
                    "section": "Model",
                    "description": "blue line 4\" 3,3-70/10"
                },
                {
                    "section": "Model",
                    "description": "blue line PS 4\" 5,1-69/10"
                }
            ],
            "key_value_pairs": [
                {
                    "section": "Model",
                    "property": "Maximum flow",
                    "value": "3,1",
                    "unit": "[m^3/hod]"
                },
                {
                    "section": "Model",
                    "property": "Maximum discharge head",
                    "value": "78",
                    "unit": "[m]"
                },
                {
                    "section": "Model",
                    "property": "Pump diameter",
                    "value": "4\"",
                    "unit": ""
                },
                {
                    "section": "Model",
                    "property": "Voltage / frequency",
                    "value": "230 / 50",
                    "unit": "[V/Hz]"
                },
                {
                    "section": "Model",
                    "property": "Power",
                    "value": "1200",
                    "unit": "[W]"
                },
                {
                    "section": "Model",
                    "property": "Connection",
                    "value": "5,4\u201c",
                    "unit": ""
                },
                {
                    "section": "Model",
                    "property": "Maximum immersion depth",
                    "value": "20",
                    "unit": "[m]"
                },
                {
                    "section": "Model",
                    "property": "Sand content",
                    "value": "0,15",
                    "unit": "[%]"
                },
                {
                    "section": "Model",
                    "property": "Maximum fluid temperature",
                    "value": "35",
                    "unit": "[\u00b0C]"
                },
                {
                    "section": "Model",
                    "property": "Cable length",
                    "value": "20",
                    "unit": "[m]"
                },
                {
                    "section": "Model",
                    "property": "Degree of protection",
                    "value": "IP 68",
                    "unit": ""
                },
                {
                    "section": "Model",
                    "property": "Weight",
                    "value": "15",
                    "unit": "[kg]"
                },
                {
                    "section": "Model",
                    "property": "Dimension - length",
                    "value": "820",
                    "unit": "[mm]"
                },
                {
                    "section": "Model",
                    "property": "Insulation class",
                    "value": "B",
                    "unit": ""
                },
                null,
                {
                    "section": "Model",
                    "property": "Maximum flow",
                    "value": "5,1",
                    "unit": "[m^3/hod]"
                },
                {
                    "section": "Model",
                    "property": "Maximum discharge head",
                    "value": "50",
                    "unit": "[m]"
                },
                {
                    "section": "Model",
                    "property": "Voltage / frequency",
                    "value": "230 / 50",
                    "unit": "[V/Hz]"
                },
                {
                    "section": "Model",
                    "property": "Power",
                    "value": "750",
                    "unit": "[W]"
                },
                {
                    "section": "Model",
                    "property": "Connection",
                    "value": "5,4\u201c",
                    "unit": ""
                },
                {
                    "section": "Model",
                    "property": "Maximum immersion depth",
                    "value": "20",
                    "unit": "[m]"
                },
                {
                    "section": "Model",
                    "property": "Sand content",
                    "value": "0,15",
                    "unit": "[%]"
                },
                {
                    "section": "Model",
                    "property": "Maximum fluid temperature",
                    "value": "35",
                    "unit": "[\u00b0C]"
                },
                {
                    "section": "Model",
                    "property": "Cable length",
                    "value": "20",
                    "unit": "[m]"
                },
                {
                    "section": "Model",
                    "property": "Degree of protection",
                    "value": "IP 68",
                    "unit": ""
                },
                {
                    "section": "Model",
                    "property": "Weight",
                    "value": "12",
                    "unit": "[kg]"
                },
                {
                    "section": "Model",
                    "property": "Dimension - length",
                    "value": "750",
                    "unit": "[mm]"
                },
                {
                    "section": "Model",
                    "property": "Pump diameter",
                    "value": "4\"",
                    "unit": ""
                },
                {
                    "section": "Model",
                    "property": "Insulation class",
                    "value": "B",
                    "unit": ""
                },
                {
                    "section": "Model",
                    "property": "Maximum flow",
                    "value": "6,5",
                    "unit": "[m^3/hod]"
                },
                {
                    "section": "Model",
                    "property": "Maximum discharge head",
                    "value": "75",
                    "unit": "[m]"
                },
                {
                    "section": "Model",
                    "property": "Voltage / frequency",
                    "value": "230 / 50",
                    "unit": "[V/Hz]"
                },
                {
                    "section": "Model",
                    "property": "Power",
                    "value": "1400",
                    "unit": "[W]"
                },
                {
                    "section": "Model",
                    "property": "Connection",
                    "value": "5,4",
                    "unit": ""
                },
                {
                    "section": "Model",
                    "property": "Maximum immersion depth",
                    "value": "20",
                    "unit": "[m]"
                },
                {
                    "section": "Model",
                    "property": "Sand content",
                    "value": "0,15",
                    "unit": "[%]"
                },
                {
                    "section": "Model",
                    "property": "Maximum fluid temperature",
                    "value": "35",
                    "unit": "[\u00b0C]"
                },
                {
                    "section": "Model",
                    "property": "Cable length",
                    "value": "20",
                    "unit": "[m]"
                },
                {
                    "section": "Model",
                    "property": "Degree of protection",
                    "value": "IP 68",
                    "unit": ""
                },
                {
                    "section": "Model",
                    "property": "Weight",
                    "value": "18",
                    "unit": "[kg]"
                },
                {
                    "section": "Model",
                    "property": "Dimension - length",
                    "value": "900",
                    "unit": "[mm]"
                },
                {
                    "section": "Model",
                    "property": "Pump diameter",
                    "value": "4\"",
                    "unit": ""
                },
                {
                    "section": "Model",
                    "property": "Insulation class",
                    "value": "B",
                    "unit": ""
                },
                null
            ]
        },
        {
            "reference": "ZB00039578",
            "description": [
                {
                    "section": "",
                    "text": "PUMPA BLUE LINE PS 4\""
                },
                {
                    "section": "",
                    "text": "4\" submersible pump"
                },
                {
                    "section": "",
                    "text": "BLUE LINE PS 4\""
                },
                {
                    "section": "",
                    "text": "Submersible 4\" pumps for wells and reservoirs, designed to supply households, cottages or gardens with clean water."
                },
                {
                    "section": "Application",
                    "text": "Pumping clean water from wells, boreholes and reservoirs"
                },
                {
                    "section": "Application",
                    "text": "For supplying households, cottages or gardens"
                },
                {
                    "section": "Characteristic design features",
                    "text": "Noryl impellers"
                },
                {
                    "section": "Characteristic design features",
                    "text": "Pump housing, shaft and suction basket from stainless stee AISI 304"
                },
                {
                    "section": "Model",
                    "description": "blue line 4\" 3,3-70/10"
                },
                {
                    "section": "Model",
                    "description": "blue line PS 4\" 5,1-69/10"
                }
            ],
            "key_value_pairs": [
                {
                    "section": "Model",
                    "property": "Maximum flow",
                    "value": "3,1",
                    "unit": "[m^3/hod]"
                },
                {
                    "section": "Model",
                    "property": "Maximum discharge head",
                    "value": "78",
                    "unit": "[m]"
                },
                {
                    "section": "Model",
                    "property": "Pump diameter",
                    "value": "4\"",
                    "unit": ""
                },
                {
                    "section": "Model",
                    "property": "Voltage / frequency",
                    "value": "230 / 50",
                    "unit": "[V/Hz]"
                },
                {
                    "section": "Model",
                    "property": "Power",
                    "value": "1200",
                    "unit": "[W]"
                },
                {
                    "section": "Model",
                    "property": "Connection",
                    "value": "5,4\u201c",
                    "unit": ""
                },
                {
                    "section": "Model",
                    "property": "Maximum immersion depth",
                    "value": "20",
                    "unit": "[m]"
                },
                {
                    "section": "Model",
                    "property": "Sand content",
                    "value": "0,15",
                    "unit": "[%]"
                },
                {
                    "section": "Model",
                    "property": "Maximum fluid temperature",
                    "value": "35",
                    "unit": "[\u00b0C]"
                },
                {
                    "section": "Model",
                    "property": "Cable length",
                    "value": "20",
                    "unit": "[m]"
                },
                {
                    "section": "Model",
                    "property": "Degree of protection",
                    "value": "IP 68",
                    "unit": ""
                },
                {
                    "section": "Model",
                    "property": "Weight",
                    "value": "15",
                    "unit": "[kg]"
                },
                {
                    "section": "Model",
                    "property": "Dimension - length",
                    "value": "820",
                    "unit": "[mm]"
                },
                {
                    "section": "Model",
                    "property": "Insulation class",
                    "value": "B",
                    "unit": ""
                },
                null,
                {
                    "section": "Model",
                    "property": "Maximum flow",
                    "value": "5,1",
                    "unit": "[m^3/hod]"
                },
                {
                    "section": "Model",
                    "property": "Maximum discharge head",
                    "value": "50",
                    "unit": "[m]"
                },
                {
                    "section": "Model",
                    "property": "Voltage / frequency",
                    "value": "230 / 50",
                    "unit": "[V/Hz]"
                },
                {
                    "section": "Model",
                    "property": "Power",
                    "value": "750",
                    "unit": "[W]"
                },
                {
                    "section": "Model",
                    "property": "Connection",
                    "value": "5,4\u201c",
                    "unit": ""
                },
                {
                    "section": "Model",
                    "property": "Maximum immersion depth",
                    "value": "20",
                    "unit": "[m]"
                },
                {
                    "section": "Model",
                    "property": "Sand content",
                    "value": "0,15",
                    "unit": "[%]"
                },
                {
                    "section": "Model",
                    "property": "Maximum fluid temperature",
                    "value": "35",
                    "unit": "[\u00b0C]"
                },
                {
                    "section": "Model",
                    "property": "Cable length",
                    "value": "20",
                    "unit": "[m]"
                },
                {
                    "section": "Model",
                    "property": "Degree of protection",
                    "value": "IP 68",
                    "unit": ""
                },
                {
                    "section": "Model",
                    "property": "Weight",
                    "value": "12",
                    "unit": "[kg]"
                },
                {
                    "section": "Model",
                    "property": "Dimension - length",
                    "value": "750",
                    "unit": "[mm]"
                },
                {
                    "section": "Model",
                    "property": "Pump diameter",
                    "value": "4\"",
                    "unit": ""
                },
                {
                    "section": "Model",
                    "property": "Insulation class",
                    "value": "B",
                    "unit": ""
                },
                {
                    "section": "Model",
                    "property": "Maximum flow",
                    "value": "6,5",
                    "unit": "[m^3/hod]"
                },
                {
                    "section": "Model",
                    "property": "Maximum discharge head",
                    "value": "75",
                    "unit": "[m]"
                },
                {
                    "section": "Model",
                    "property": "Voltage / frequency",
                    "value": "230 / 50",
                    "unit": "[V/Hz]"
                },
                {
                    "section": "Model",
                    "property": "Power",
                    "value": "1400",
                    "unit": "[W]"
                },
                {
                    "section": "Model",
                    "property": "Connection",
                    "value": "5,4",
                    "unit": ""
                },
                {
                    "section": "Model",
                    "property": "Maximum immersion depth",
                    "value": "20",
                    "unit": "[m]"
                },
                {
                    "section": "Model",
                    "property": "Sand content",
                    "value": "0,15",
                    "unit": "[%]"
                },
                {
                    "section": "Model",
                    "property": "Maximum fluid temperature",
                    "value": "35",
                    "unit": "[\u00b0C]"
                },
                {
                    "section": "Model",
                    "property": "Cable length",
                    "value": "20",
                    "unit": "[m]"
                },
                {
                    "section": "Model",
                    "property": "Degree of protection",
                    "value": "IP 68",
                    "unit": ""
                },
                {
                    "section": "Model",
                    "property": "Weight",
                    "value": "18",
                    "unit": "[kg]"
                },
                {
                    "section": "Model",
                    "property": "Dimension - length",
                    "value": "900",
                    "unit": "[mm]"
                },
                {
                    "section": "Model",
                    "property": "Pump diameter",
                    "value": "4\"",
                    "unit": ""
                },
                {
                    "section": "Model",
                    "property": "Insulation class",
                    "value": "B",
                    "unit": ""
                },
                null
            ]
        },
        {
            "reference": "ZB00051086",
            "description": [
                {
                    "section": "",
                    "text": "PUMPA BLUE LINE PS 4\""
                },
                {
                    "section": "",
                    "text": "4\" submersible pump"
                },
                {
                    "section": "",
                    "text": "BLUE LINE PS 4\""
                },
                {
                    "section": "",
                    "text": "Submersible 4\" pumps for wells and reservoirs, designed to supply households, cottages or gardens with clean water."
                },
                {
                    "section": "Application",
                    "text": "Pumping clean water from wells, boreholes and reservoirs"
                },
                {
                    "section": "Application",
                    "text": "For supplying households, cottages or gardens"
                },
                {
                    "section": "Characteristic design features",
                    "text": "Noryl impellers"
                },
                {
                    "section": "Characteristic design features",
                    "text": "Pump housing, shaft and suction basket from stainless stee AISI 304"
                },
                {
                    "section": "Model",
                    "description": "blue line 4\" 3,3-70/10"
                },
                {
                    "section": "Model",
                    "description": "blue line PS 4\" 5,1-69/10"
                }
            ],
            "key_value_pairs": [
                {
                    "section": "Model",
                    "property": "Maximum flow",
                    "value": "3,1",
                    "unit": "[m^3/hod]"
                },
                {
                    "section": "Model",
                    "property": "Maximum discharge head",
                    "value": "78",
                    "unit": "[m]"
                },
                {
                    "section": "Model",
                    "property": "Pump diameter",
                    "value": "4\"",
                    "unit": ""
                },
                {
                    "section": "Model",
                    "property": "Voltage / frequency",
                    "value": "230 / 50",
                    "unit": "[V/Hz]"
                },
                {
                    "section": "Model",
                    "property": "Power",
                    "value": "1200",
                    "unit": "[W]"
                },
                {
                    "section": "Model",
                    "property": "Connection",
                    "value": "5,4\u201c",
                    "unit": ""
                },
                {
                    "section": "Model",
                    "property": "Maximum immersion depth",
                    "value": "20",
                    "unit": "[m]"
                },
                {
                    "section": "Model",
                    "property": "Sand content",
                    "value": "0,15",
                    "unit": "[%]"
                },
                {
                    "section": "Model",
                    "property": "Maximum fluid temperature",
                    "value": "35",
                    "unit": "[\u00b0C]"
                },
                {
                    "section": "Model",
                    "property": "Cable length",
                    "value": "20",
                    "unit": "[m]"
                },
                {
                    "section": "Model",
                    "property": "Degree of protection",
                    "value": "IP 68",
                    "unit": ""
                },
                {
                    "section": "Model",
                    "property": "Weight",
                    "value": "15",
                    "unit": "[kg]"
                },
                {
                    "section": "Model",
                    "property": "Dimension - length",
                    "value": "820",
                    "unit": "[mm]"
                },
                {
                    "section": "Model",
                    "property": "Insulation class",
                    "value": "B",
                    "unit": ""
                },
                null,
                {
                    "section": "Model",
                    "property": "Maximum flow",
                    "value": "5,1",
                    "unit": "[m^3/hod]"
                },
                {
                    "section": "Model",
                    "property": "Maximum discharge head",
                    "value": "50",
                    "unit": "[m]"
                },
                {
                    "section": "Model",
                    "property": "Voltage / frequency",
                    "value": "230 / 50",
                    "unit": "[V/Hz]"
                },
                {
                    "section": "Model",
                    "property": "Power",
                    "value": "750",
                    "unit": "[W]"
                },
                {
                    "section": "Model",
                    "property": "Connection",
                    "value": "5,4\u201c",
                    "unit": ""
                },
                {
                    "section": "Model",
                    "property": "Maximum immersion depth",
                    "value": "20",
                    "unit": "[m]"
                },
                {
                    "section": "Model",
                    "property": "Sand content",
                    "value": "0,15",
                    "unit": "[%]"
                },
                {
                    "section": "Model",
                    "property": "Maximum fluid temperature",
                    "value": "35",
                    "unit": "[\u00b0C]"
                },
                {
                    "section": "Model",
                    "property": "Cable length",
                    "value": "20",
                    "unit": "[m]"
                },
                {
                    "section": "Model",
                    "property": "Degree of protection",
                    "value": "IP 68",
                    "unit": ""
                },
                {
                    "section": "Model",
                    "property": "Weight",
                    "value": "12",
                    "unit": "[kg]"
                },
                {
                    "section": "Model",
                    "property": "Dimension - length",
                    "value": "750",
                    "unit": "[mm]"
                },
                {
                    "section": "Model",
                    "property": "Pump diameter",
                    "value": "4\"",
                    "unit": ""
                },
                {
                    "section": "Model",
                    "property": "Insulation class",
                    "value": "B",
                    "unit": ""
                },
                {
                    "section": "Model",
                    "property": "Maximum flow",
                    "value": "6,5",
                    "unit": "[m^3/hod]"
                },
                {
                    "section": "Model",
                    "property": "Maximum discharge head",
                    "value": "75",
                    "unit": "[m]"
                },
                {
                    "section": "Model",
                    "property": "Voltage / frequency",
                    "value": "230 / 50",
                    "unit": "[V/Hz]"
                },
                {
                    "section": "Model",
                    "property": "Power",
                    "value": "1400",
                    "unit": "[W]"
                },
                {
                    "section": "Model",
                    "property": "Connection",
                    "value": "5,4",
                    "unit": ""
                },
                {
                    "section": "Model",
                    "property": "Maximum immersion depth",
                    "value": "20",
                    "unit": "[m]"
                },
                {
                    "section": "Model",
                    "property": "Sand content",
                    "value": "0,15",
                    "unit": "[%]"
                },
                {
                    "section": "Model",
                    "property": "Maximum fluid temperature",
                    "value": "35",
                    "unit": "[\u00b0C]"
                },
                {
                    "section": "Model",
                    "property": "Cable length",
                    "value": "20",
                    "unit": "[m]"
                },
                {
                    "section": "Model",
                    "property": "Degree of protection",
                    "value": "IP 68",
                    "unit": ""
                },
                {
                    "section": "Model",
                    "property": "Weight",
                    "value": "18",
                    "unit": "[kg]"
                },
                {
                    "section": "Model",
                    "property": "Dimension - length",
                    "value": "900",
                    "unit": "[mm]"
                },
                {
                    "section": "Model",
                    "property": "Pump diameter",
                    "value": "4\"",
                    "unit": ""
                },
                {
                    "section": "Model",
                    "property": "Insulation class",
                    "value": "B",
                    "unit": ""
                },
                null
            ]
        }
    ]
}