{
    "parts": [
        {
            "reference": "ZB00061166",
            "description": [
                {
                    "section": "",
                    "text": "PUMPA BLUE LINE 90QJD"
                },
                {
                    "section": "",
                    "text": "3,5\" submersible pump"
                },
                {
                    "section": "",
                    "text": "BLUE LINE 90QJD"
                },
                {
                    "section": "",
                    "text": "The QJD series pumps have an improved design, in particular regarding the impeller and diffuser. They are designed for both deep and smaller wells."
                },
                {
                    "section": "Application",
                    "text": "For wells and boreholes"
                },
                {
                    "section": "Application",
                    "text": "For pumping clean water"
                },
                {
                    "section": "Application",
                    "text": "Irrigation, waterworks for household and industrial applications"
                },
                {
                    "section": "Characteristic design features",
                    "text": "Stainless steel AISI 304 pump and motor casing and pump shaft"
                },
                {
                    "section": "Characteristic design features",
                    "text": "Enhanced average motor lifetime"
                },
                {
                    "section": "Characteristic design features",
                    "text": "Built-in non-return valve can be easily removed and checked"
                },
                {
                    "section": "Application",
                    "description": "blue line"
                },
                {
                    "section": "Application",
                    "description": "blue line 90QJD 216-0,75"
                },
                {
                    "section": "Application",
                    "description": "blue line"
                },
                {
                    "section": "Application",
                    "description": "blue line"
                }
            ],
            "key_value_pairs": [
                {
                    "section": "Model",
                    "property": "Maximum flow m^3/hod [m",
                    "value": "4,2",
                    "unit": "]"
                },
                {
                    "section": "Model",
                    "property": "Maximum head",
                    "value": "71",
                    "unit": "[m]"
                },
                {
                    "section": "Model",
                    "property": "Pump diameter",
                    "value": "3,5\"",
                    "unit": ""
                },
                {
                    "section": "Model",
                    "property": "Voltage/frequency Hz [V/",
                    "value": "230 / 50",
                    "unit": "]"
                },
                {
                    "section": "Model",
                    "property": "Power",
                    "value": "550",
                    "unit": "[W]"
                },
                {
                    "section": "Model",
                    "property": "Connection",
                    "value": "5/4\"",
                    "unit": ""
                },
                {
                    "section": "Model",
                    "property": "Maximum immersion depth",
                    "value": "40",
                    "unit": "[m]"
                },
                {
                    "section": "Model",
                    "property": "Maximum liquid temperature",
                    "value": "35",
                    "unit": "[\u00b0C]"
                },
                {
                    "section": "Model",
                    "property": "Cable length",
                    "value": "30",
                    "unit": "[m]"
                },
                {
                    "section": "Model",
                    "property": "Protection",
                    "value": "IP 68",
                    "unit": ""
                },
                {
                    "section": "Model",
                    "property": "Insulation",
                    "value": "B",
                    "unit": "class"
                },
                {
                    "section": "Model",
                    "property": "Weight",
                    "value": "15,7",
                    "unit": "[kg]"
                },
                {
                    "section": "Model",
                    "property": "Dimension - length",
                    "value": "858",
                    "unit": "[mm]"
                },
                null,
                {
                    "section": "Model",
                    "property": "Maximum flow m^3/hod [m",
                    "value": "4,2",
                    "unit": "]"
                },
                {
                    "section": "Model",
                    "property": "Maximum head",
                    "value": "90",
                    "unit": "[m]"
                },
                {
                    "section": "Model",
                    "property": "Pump diameter",
                    "value": "3,5\"",
                    "unit": ""
                },
                {
                    "section": "Model",
                    "property": "Voltage/frequency Hz [V/",
                    "value": "230 / 50",
                    "unit": "]"
                },
                {
                    "section": "Model",
                    "property": "Power",
                    "value": "750",
                    "unit": "[W]"
                },
                {
                    "section": "Model",
                    "property": "Connection",
                    "value": "5/4\"",
                    "unit": ""
                },
                {
                    "section": "Model",
                    "property": "Maximum immersion depth",
                    "value": "40",
                    "unit": "[m]"
                },
                {
                    "section": "Model",
                    "property": "Maximum liquid temperature",
                    "value": "35",
                    "unit": "[\u00b0C]"
                },
                {
                    "section": "Model",
                    "property": "Cable length",
                    "value": "40",
                    "unit": "[m]"
                },
                {
                    "section": "Model",
                    "property": "Protection",
                    "value": "IP 68",
                    "unit": ""
                },
                {
                    "section": "Model",
                    "property": "Weight",
                    "value": "18,3",
                    "unit": "[kg]"
                },
                {
                    "section": "Model",
                    "property": "Dimension - length",
                    "value": "972",
                    "unit": "[mm]"
                },
                {
                    "section": "Model",
                    "property": "Insulation",
                    "value": "B",
                    "unit": "class"
                },
                null,
                {
                    "section": "Model",
                    "property": "Maximum flow m^3/hod [m",
                    "value": "4,2",
                    "unit": "]"
                },
                {
                    "section": "Model",
                    "property": "Maximum head",
                    "value": "122",
                    "unit": "[m]"
                },
                {
                    "section": "Model",
                    "property": "Pump diameter",
                    "value": "3,5\"",
                    "unit": ""
                },
                {
                    "section": "Model",
                    "property": "Voltage/frequency Hz [V/",
                    "value": "230 / 50",
                    "unit": "]"
                },
                {
                    "section": "Model",
                    "property": "Power",
                    "value": "1100",
                    "unit": "[W]"
                },
                {
                    "section": "Model",
                    "property": "Connection",
                    "value": "5/4\"",
                    "unit": ""
                },
                {
                    "section": "Model",
                    "property": "Maximum immersion depth",
                    "value": "40",
                    "unit": "[m]"
                },
                {
                    "section": "Model",
                    "property": "Maximum liquid temperature",
                    "value": "35",
                    "unit": "[\u00b0C]"
                },
                {
                    "section": "Model",
                    "property": "Cable length",
                    "value": "50",
                    "unit": "[m]"
                },
                {
                    "section": "Model",
                    "property": "Protection",
                    "value": "IP 68",
                    "unit": ""
                },
                {
                    "section": "Model",
                    "property": "Insulation",
                    "value": "B",
                    "unit": "class"
                },
                {
                    "section": "Model",
                    "property": "Weight",
                    "value": "22,9",
                    "unit": "[kg]"
                },
                {
                    "section": "Model",
                    "property": "Dimension - length",
                    "value": "1156",
                    "unit": "[mm]"
                },
                null
            ]
        },
        {
            "reference": "ZB00061167",
            "description": [
                {
                    "section": "",
                    "text": "PUMPA BLUE LINE 90QJD"
                },
                {
                    "section": "",
                    "text": "3,5\" submersible pump"
                },
                {
                    "section": "",
                    "text": "BLUE LINE 90QJD"
                },
                {
                    "section": "",
                    "text": "The QJD series pumps have an improved design, in particular regarding the impeller and diffuser. They are designed for both deep and smaller wells."
                },
                {
                    "section": "Application",
                    "text": "For wells and boreholes"
                },
                {
                    "section": "Application",
                    "text": "For pumping clean water"
                },
                {
                    "section": "Application",
                    "text": "Irrigation, waterworks for household and industrial applications"
                },
                {
                    "section": "Characteristic design features",
                    "text": "Stainless steel AISI 304 pump and motor casing and pump shaft"
                },
                {
                    "section": "Characteristic design features",
                    "text": "Enhanced average motor lifetime"
                },
                {
                    "section": "Characteristic design features",
                    "text": "Built-in non-return valve can be easily removed and checked"
                },
                {
                    "section": "Application",
                    "description": "blue line"
                },
                {
                    "section": "Application",
                    "description": "blue line 90QJD 216-0,75"
                },
                {
                    "section": "Application",
                    "description": "blue line"
                },
                {
                    "section": "Application",
                    "description": "blue line"
                }
            ],
            "key_value_pairs": [
                {
                    "section": "Model",
                    "property": "Maximum flow m^3/hod [m",
                    "value": "4,2",
                    "unit": "]"
                },
                {
                    "section": "Model",
                    "property": "Maximum head",
                    "value": "71",
                    "unit": "[m]"
                },
                {
                    "section": "Model",
                    "property": "Pump diameter",
                    "value": "3,5\"",
                    "unit": ""
                },
                {
                    "section": "Model",
                    "property": "Voltage/frequency Hz [V/",
                    "value": "230 / 50",
                    "unit": "]"
                },
                {
                    "section": "Model",
                    "property": "Power",
                    "value": "550",
                    "unit": "[W]"
                },
                {
                    "section": "Model",
                    "property": "Connection",
                    "value": "5/4\"",
                    "unit": ""
                },
                {
                    "section": "Model",
                    "property": "Maximum immersion depth",
                    "value": "40",
                    "unit": "[m]"
                },
                {
                    "section": "Model",
                    "property": "Maximum liquid temperature",
                    "value": "35",
                    "unit": "[\u00b0C]"
                },
                {
                    "section": "Model",
                    "property": "Cable length",
                    "value": "30",
                    "unit": "[m]"
                },
                {
                    "section": "Model",
                    "property": "Protection",
                    "value": "IP 68",
                    "unit": ""
                },
                {
                    "section": "Model",
                    "property": "Insulation",
                    "value": "B",
                    "unit": "class"
                },
                {
                    "section": "Model",
                    "property": "Weight",
                    "value": "15,7",
                    "unit": "[kg]"
                },
                {
                    "section": "Model",
                    "property": "Dimension - length",
                    "value": "858",
                    "unit": "[mm]"
                },
                null,
                {
                    "section": "Model",
                    "property": "Maximum flow m^3/hod [m",
                    "value": "4,2",
                    "unit": "]"
                },
                {
                    "section": "Model",
                    "property": "Maximum head",
                    "value": "90",
                    "unit": "[m]"
                },
                {
                    "section": "Model",
                    "property": "Pump diameter",
                    "value": "3,5\"",
                    "unit": ""
                },
                {
                    "section": "Model",
                    "property": "Voltage/frequency Hz [V/",
                    "value": "230 / 50",
                    "unit": "]"
                },
                {
                    "section": "Model",
                    "property": "Power",
                    "value": "750",
                    "unit": "[W]"
                },
                {
                    "section": "Model",
                    "property": "Connection",
                    "value": "5/4\"",
                    "unit": ""
                },
                {
                    "section": "Model",
                    "property": "Maximum immersion depth",
                    "value": "40",
                    "unit": "[m]"
                },
                {
                    "section": "Model",
                    "property": "Maximum liquid temperature",
                    "value": "35",
                    "unit": "[\u00b0C]"
                },
                {
                    "section": "Model",
                    "property": "Cable length",
                    "value": "40",
                    "unit": "[m]"
                },
                {
                    "section": "Model",
                    "property": "Protection",
                    "value": "IP 68",
                    "unit": ""
                },
                {
                    "section": "Model",
                    "property": "Weight",
                    "value": "18,3",
                    "unit": "[kg]"
                },
                {
                    "section": "Model",
                    "property": "Dimension - length",
                    "value": "972",
                    "unit": "[mm]"
                },
                {
                    "section": "Model",
                    "property": "Insulation",
                    "value": "B",
                    "unit": "class"
                },
                null,
                {
                    "section": "Model",
                    "property": "Maximum flow m^3/hod [m",
                    "value": "4,2",
                    "unit": "]"
                },
                {
                    "section": "Model",
                    "property": "Maximum head",
                    "value": "122",
                    "unit": "[m]"
                },
                {
                    "section": "Model",
                    "property": "Pump diameter",
                    "value": "3,5\"",
                    "unit": ""
                },
                {
                    "section": "Model",
                    "property": "Voltage/frequency Hz [V/",
                    "value": "230 / 50",
                    "unit": "]"
                },
                {
                    "section": "Model",
                    "property": "Power",
                    "value": "1100",
                    "unit": "[W]"
                },
                {
                    "section": "Model",
                    "property": "Connection",
                    "value": "5/4\"",
                    "unit": ""
                },
                {
                    "section": "Model",
                    "property": "Maximum immersion depth",
                    "value": "40",
                    "unit": "[m]"
                },
                {
                    "section": "Model",
                    "property": "Maximum liquid temperature",
                    "value": "35",
                    "unit": "[\u00b0C]"
                },
                {
                    "section": "Model",
                    "property": "Cable length",
                    "value": "50",
                    "unit": "[m]"
                },
                {
                    "section": "Model",
                    "property": "Protection",
                    "value": "IP 68",
                    "unit": ""
                },
                {
                    "section": "Model",
                    "property": "Insulation",
                    "value": "B",
                    "unit": "class"
                },
                {
                    "section": "Model",
                    "property": "Weight",
                    "value": "22,9",
                    "unit": "[kg]"
                },
                {
                    "section": "Model",
                    "property": "Dimension - length",
                    "value": "1156",
                    "unit": "[mm]"
                },
                null
            ]
        },
        {
            "reference": "ZB00061168",
            "description": [
                {
                    "section": "",
                    "text": "PUMPA BLUE LINE 90QJD"
                },
                {
                    "section": "",
                    "text": "3,5\" submersible pump"
                },
                {
                    "section": "",
                    "text": "BLUE LINE 90QJD"
                },
                {
                    "section": "",
                    "text": "The QJD series pumps have an improved design, in particular regarding the impeller and diffuser. They are designed for both deep and smaller wells."
                },
                {
                    "section": "Application",
                    "text": "For wells and boreholes"
                },
                {
                    "section": "Application",
                    "text": "For pumping clean water"
                },
                {
                    "section": "Application",
                    "text": "Irrigation, waterworks for household and industrial applications"
                },
                {
                    "section": "Characteristic design features",
                    "text": "Stainless steel AISI 304 pump and motor casing and pump shaft"
                },
                {
                    "section": "Characteristic design features",
                    "text": "Enhanced average motor lifetime"
                },
                {
                    "section": "Characteristic design features",
                    "text": "Built-in non-return valve can be easily removed and checked"
                },
                {
                    "section": "Application",
                    "description": "blue line"
                },
                {
                    "section": "Application",
                    "description": "blue line 90QJD 216-0,75"
                },
                {
                    "section": "Application",
                    "description": "blue line"
                },
                {
                    "section": "Application",
                    "description": "blue line"
                }
            ],
            "key_value_pairs": [
                {
                    "section": "Model",
                    "property": "Maximum flow m^3/hod [m",
                    "value": "4,2",
                    "unit": "]"
                },
                {
                    "section": "Model",
                    "property": "Maximum head",
                    "value": "71",
                    "unit": "[m]"
                },
                {
                    "section": "Model",
                    "property": "Pump diameter",
                    "value": "3,5\"",
                    "unit": ""
                },
                {
                    "section": "Model",
                    "property": "Voltage/frequency Hz [V/",
                    "value": "230 / 50",
                    "unit": "]"
                },
                {
                    "section": "Model",
                    "property": "Power",
                    "value": "550",
                    "unit": "[W]"
                },
                {
                    "section": "Model",
                    "property": "Connection",
                    "value": "5/4\"",
                    "unit": ""
                },
                {
                    "section": "Model",
                    "property": "Maximum immersion depth",
                    "value": "40",
                    "unit": "[m]"
                },
                {
                    "section": "Model",
                    "property": "Maximum liquid temperature",
                    "value": "35",
                    "unit": "[\u00b0C]"
                },
                {
                    "section": "Model",
                    "property": "Cable length",
                    "value": "30",
                    "unit": "[m]"
                },
                {
                    "section": "Model",
                    "property": "Protection",
                    "value": "IP 68",
                    "unit": ""
                },
                {
                    "section": "Model",
                    "property": "Insulation",
                    "value": "B",
                    "unit": "class"
                },
                {
                    "section": "Model",
                    "property": "Weight",
                    "value": "15,7",
                    "unit": "[kg]"
                },
                {
                    "section": "Model",
                    "property": "Dimension - length",
                    "value": "858",
                    "unit": "[mm]"
                },
                null,
                {
                    "section": "Model",
                    "property": "Maximum flow m^3/hod [m",
                    "value": "4,2",
                    "unit": "]"
                },
                {
                    "section": "Model",
                    "property": "Maximum head",
                    "value": "90",
                    "unit": "[m]"
                },
                {
                    "section": "Model",
                    "property": "Pump diameter",
                    "value": "3,5\"",
                    "unit": ""
                },
                {
                    "section": "Model",
                    "property": "Voltage/frequency Hz [V/",
                    "value": "230 / 50",
                    "unit": "]"
                },
                {
                    "section": "Model",
                    "property": "Power",
                    "value": "750",
                    "unit": "[W]"
                },
                {
                    "section": "Model",
                    "property": "Connection",
                    "value": "5/4\"",
                    "unit": ""
                },
                {
                    "section": "Model",
                    "property": "Maximum immersion depth",
                    "value": "40",
                    "unit": "[m]"
                },
                {
                    "section": "Model",
                    "property": "Maximum liquid temperature",
                    "value": "35",
                    "unit": "[\u00b0C]"
                },
                {
                    "section": "Model",
                    "property": "Cable length",
                    "value": "40",
                    "unit": "[m]"
                },
                {
                    "section": "Model",
                    "property": "Protection",
                    "value": "IP 68",
                    "unit": ""
                },
                {
                    "section": "Model",
                    "property": "Weight",
                    "value": "18,3",
                    "unit": "[kg]"
                },
                {
                    "section": "Model",
                    "property": "Dimension - length",
                    "value": "972",
                    "unit": "[mm]"
                },
                {
                    "section": "Model",
                    "property": "Insulation",
                    "value": "B",
                    "unit": "class"
                },
                null,
                {
                    "section": "Model",
                    "property": "Maximum flow m^3/hod [m",
                    "value": "4,2",
                    "unit": "]"
                },
                {
                    "section": "Model",
                    "property": "Maximum head",
                    "value": "122",
                    "unit": "[m]"
                },
                {
                    "section": "Model",
                    "property": "Pump diameter",
                    "value": "3,5\"",
                    "unit": ""
                },
                {
                    "section": "Model",
                    "property": "Voltage/frequency Hz [V/",
                    "value": "230 / 50",
                    "unit": "]"
                },
                {
                    "section": "Model",
                    "property": "Power",
                    "value": "1100",
                    "unit": "[W]"
                },
                {
                    "section": "Model",
                    "property": "Connection",
                    "value": "5/4\"",
                    "unit": ""
                },
                {
                    "section": "Model",
                    "property": "Maximum immersion depth",
                    "value": "40",
                    "unit": "[m]"
                },
                {
                    "section": "Model",
                    "property": "Maximum liquid temperature",
                    "value": "35",
                    "unit": "[\u00b0C]"
                },
                {
                    "section": "Model",
                    "property": "Cable length",
                    "value": "50",
                    "unit": "[m]"
                },
                {
                    "section": "Model",
                    "property": "Protection",
                    "value": "IP 68",
                    "unit": ""
                },
                {
                    "section": "Model",
                    "property": "Insulation",
                    "value": "B",
                    "unit": "class"
                },
                {
                    "section": "Model",
                    "property": "Weight",
                    "value": "22,9",
                    "unit": "[kg]"
                },
                {
                    "section": "Model",
                    "property": "Dimension - length",
                    "value": "1156",
                    "unit": "[mm]"
                },
                null
            ]
        }
    ]
}