{
    "parts": [
        {
            "reference": "ZB00060074",
            "description": [
                {
                    "section": "",
                    "text": "PUMPA BLUE LINE PSPH 8,5-32/0,75"
                },
                {
                    "section": "",
                    "text": "submersible drainage pump"
                },
                {
                    "section": "",
                    "text": "BLUE LINE PSPH 8,5 32 -"
                },
                {
                    "section": "",
                    "text": "Single-phase submersible sewage pump with a float for pumping clean or slightly contaminated drainage water from cellars, tanks, for draining pools and ponds and for irrigation. Double mechanical seal."
                },
                {
                    "section": "Application",
                    "text": "For draining clean or dirty water"
                },
                {
                    "section": "Application",
                    "text": "For pumping water over from cellars and tanks"
                },
                {
                    "section": "Application",
                    "text": "Irrigation"
                },
                {
                    "section": "Application",
                    "text": "For draining pools and ponds"
                },
                {
                    "section": "Model",
                    "description": "blue line PSPH 8,5 - 32 with a float"
                },
                {
                    "section": "Model",
                    "description": "blue line PSPH 8,5-32 without a float"
                }
            ],
            "key_value_pairs": [
                {
                    "section": "Model",
                    "property": "Maximum flow",
                    "value": "7,9",
                    "unit": "[m^3/hour]"
                },
                {
                    "section": "Model",
                    "property": "Maximum discharge head",
                    "value": "34",
                    "unit": "[m]"
                },
                {
                    "section": "Model",
                    "property": "Voltage / frequency Hz [V/",
                    "value": "230 / 50",
                    "unit": "]"
                },
                {
                    "section": "Model",
                    "property": "Power",
                    "value": "750",
                    "unit": "[W]"
                },
                {
                    "section": "Model",
                    "property": "Float switch",
                    "value": "yes",
                    "unit": ""
                },
                {
                    "section": "Model",
                    "property": "Maximum diameter of coarse dirt",
                    "value": "2,5",
                    "unit": "[mm]"
                },
                {
                    "section": "Model",
                    "property": "Degree of protection",
                    "value": "IP 68",
                    "unit": ""
                },
                {
                    "section": "Model",
                    "property": "Weight [ kg",
                    "value": "14,9",
                    "unit": "]"
                },
                {
                    "section": "Model",
                    "property": "Dimension L x H x W",
                    "value": "190 x 410 x 230",
                    "unit": "[mm]"
                },
                {
                    "section": "Model",
                    "property": "Connection",
                    "value": "1\u201c",
                    "unit": ""
                },
                {
                    "section": "Model",
                    "property": "Maximum immersion depth",
                    "value": "5",
                    "unit": "[m]"
                },
                {
                    "section": "Model",
                    "property": "Maximum fluid temperature",
                    "value": "40",
                    "unit": "[\u00b0C]"
                },
                {
                    "section": "Model",
                    "property": "Cable length",
                    "value": "8",
                    "unit": "[m]"
                },
                {
                    "section": "Model",
                    "property": "Insulation class",
                    "value": "B",
                    "unit": ""
                },
                null,
                {
                    "section": "Model",
                    "property": "Maximum flow",
                    "value": "7,9",
                    "unit": "[m^3/hour]"
                },
                {
                    "section": "Model",
                    "property": "Maximum discharge head",
                    "value": "34",
                    "unit": "[m]"
                },
                {
                    "section": "Model",
                    "property": "Voltage / frequency Hz [V/",
                    "value": "230 / 50",
                    "unit": "]"
                },
                {
                    "section": "Model",
                    "property": "Power",
                    "value": "750",
                    "unit": "[W]"
                },
                {
                    "section": "Model",
                    "property": "Connection",
                    "value": "1\u201c",
                    "unit": ""
                },
                {
                    "section": "Model",
                    "property": "Float switch",
                    "value": "no",
                    "unit": ""
                },
                {
                    "section": "Model",
                    "property": "Maximum diameter of coarse dirt",
                    "value": "2,5",
                    "unit": "[mm]"
                },
                {
                    "section": "Model",
                    "property": "Maximum fluid temperature",
                    "value": "40",
                    "unit": "[\u00b0C]"
                },
                {
                    "section": "Model",
                    "property": "Degree of protection",
                    "value": "IP 68",
                    "unit": ""
                },
                {
                    "section": "Model",
                    "property": "Weight [ kg",
                    "value": "14,9",
                    "unit": "]"
                },
                {
                    "section": "Model",
                    "property": "Dimension L x H x W",
                    "value": "190 x 410 x 230",
                    "unit": "[mm]"
                },
                {
                    "section": "Model",
                    "property": "Maximum immersion depth",
                    "value": "5",
                    "unit": "[m]"
                },
                {
                    "section": "Model",
                    "property": "Cable length",
                    "value": "8",
                    "unit": "[m]"
                },
                {
                    "section": "Model",
                    "property": "Insulation class",
                    "value": "New text",
                    "unit": ""
                },
                null
            ]
        },
        {
            "reference": "ZB00055238",
            "description": [
                {
                    "section": "",
                    "text": "PUMPA BLUE LINE PSPH 8,5-32/0,75"
                },
                {
                    "section": "",
                    "text": "submersible drainage pump"
                },
                {
                    "section": "",
                    "text": "BLUE LINE PSPH 8,5 32 -"
                },
                {
                    "section": "",
                    "text": "Single-phase submersible sewage pump with a float for pumping clean or slightly contaminated drainage water from cellars, tanks, for draining pools and ponds and for irrigation. Double mechanical seal."
                },
                {
                    "section": "Application",
                    "text": "For draining clean or dirty water"
                },
                {
                    "section": "Application",
                    "text": "For pumping water over from cellars and tanks"
                },
                {
                    "section": "Application",
                    "text": "Irrigation"
                },
                {
                    "section": "Application",
                    "text": "For draining pools and ponds"
                },
                {
                    "section": "Model",
                    "description": "blue line PSPH 8,5 - 32 with a float"
                },
                {
                    "section": "Model",
                    "description": "blue line PSPH 8,5-32 without a float"
                }
            ],
            "key_value_pairs": [
                {
                    "section": "Model",
                    "property": "Maximum flow",
                    "value": "7,9",
                    "unit": "[m^3/hour]"
                },
                {
                    "section": "Model",
                    "property": "Maximum discharge head",
                    "value": "34",
                    "unit": "[m]"
                },
                {
                    "section": "Model",
                    "property": "Voltage / frequency Hz [V/",
                    "value": "230 / 50",
                    "unit": "]"
                },
                {
                    "section": "Model",
                    "property": "Power",
                    "value": "750",
                    "unit": "[W]"
                },
                {
                    "section": "Model",
                    "property": "Float switch",
                    "value": "yes",
                    "unit": ""
                },
                {
                    "section": "Model",
                    "property": "Maximum diameter of coarse dirt",
                    "value": "2,5",
                    "unit": "[mm]"
                },
                {
                    "section": "Model",
                    "property": "Degree of protection",
                    "value": "IP 68",
                    "unit": ""
                },
                {
                    "section": "Model",
                    "property": "Weight [ kg",
                    "value": "14,9",
                    "unit": "]"
                },
                {
                    "section": "Model",
                    "property": "Dimension L x H x W",
                    "value": "190 x 410 x 230",
                    "unit": "[mm]"
                },
                {
                    "section": "Model",
                    "property": "Connection",
                    "value": "1\u201c",
                    "unit": ""
                },
                {
                    "section": "Model",
                    "property": "Maximum immersion depth",
                    "value": "5",
                    "unit": "[m]"
                },
                {
                    "section": "Model",
                    "property": "Maximum fluid temperature",
                    "value": "40",
                    "unit": "[\u00b0C]"
                },
                {
                    "section": "Model",
                    "property": "Cable length",
                    "value": "8",
                    "unit": "[m]"
                },
                {
                    "section": "Model",
                    "property": "Insulation class",
                    "value": "B",
                    "unit": ""
                },
                null,
                {
                    "section": "Model",
                    "property": "Maximum flow",
                    "value": "7,9",
                    "unit": "[m^3/hour]"
                },
                {
                    "section": "Model",
                    "property": "Maximum discharge head",
                    "value": "34",
                    "unit": "[m]"
                },
                {
                    "section": "Model",
                    "property": "Voltage / frequency Hz [V/",
                    "value": "230 / 50",
                    "unit": "]"
                },
                {
                    "section": "Model",
                    "property": "Power",
                    "value": "750",
                    "unit": "[W]"
                },
                {
                    "section": "Model",
                    "property": "Connection",
                    "value": "1\u201c",
                    "unit": ""
                },
                {
                    "section": "Model",
                    "property": "Float switch",
                    "value": "no",
                    "unit": ""
                },
                {
                    "section": "Model",
                    "property": "Maximum diameter of coarse dirt",
                    "value": "2,5",
                    "unit": "[mm]"
                },
                {
                    "section": "Model",
                    "property": "Maximum fluid temperature",
                    "value": "40",
                    "unit": "[\u00b0C]"
                },
                {
                    "section": "Model",
                    "property": "Degree of protection",
                    "value": "IP 68",
                    "unit": ""
                },
                {
                    "section": "Model",
                    "property": "Weight [ kg",
                    "value": "14,9",
                    "unit": "]"
                },
                {
                    "section": "Model",
                    "property": "Dimension L x H x W",
                    "value": "190 x 410 x 230",
                    "unit": "[mm]"
                },
                {
                    "section": "Model",
                    "property": "Maximum immersion depth",
                    "value": "5",
                    "unit": "[m]"
                },
                {
                    "section": "Model",
                    "property": "Cable length",
                    "value": "8",
                    "unit": "[m]"
                },
                {
                    "section": "Model",
                    "property": "Insulation class",
                    "value": "New text",
                    "unit": ""
                },
                null
            ]
        }
    ]
}