{
    "parts": [
        {
            "reference": "ZB00001158",
            "description": [
                {
                    "section": "",
                    "text": "PUMPA BLUE LINE PSP8-7/0.18L, PSP9-7.5/0.25L"
                },
                {
                    "section": "",
                    "text": "submersible sewage pump"
                },
                {
                    "section": "",
                    "text": "BLUE LINE PSP8-7"
                },
                {
                    "section": "",
                    "text": "BLUE LINE PSP9-7.5"
                },
                {
                    "section": "",
                    "text": "Single-phase submersible sewage pump. The design of the impeller protects the pump against clogging and thus enables efficient pumping of liquids with solid particles up to 15 mm and long fibers."
                },
                {
                    "section": "Application",
                    "text": "For draining clean or slightly contaminated water"
                },
                {
                    "section": "Application",
                    "text": "For irrigation"
                },
                {
                    "section": "Application",
                    "text": "For draining pools"
                },
                {
                    "section": "Application",
                    "text": "Pumping water over from tanks"
                },
                {
                    "section": "Model",
                    "description": "blue line PSP8-7/0.181"
                },
                {
                    "section": "Model",
                    "description": "blue line PSP9-7.5/0.25l"
                }
            ],
            "key_value_pairs": [
                {
                    "section": "Model",
                    "property": "Maximum flow",
                    "value": "7,9",
                    "unit": "m^3/hod"
                },
                {
                    "section": "Model",
                    "property": "Voltage / frequency",
                    "value": "230 / 50",
                    "unit": "[V/Hz]"
                },
                {
                    "section": "Model",
                    "property": "Power",
                    "value": "180",
                    "unit": "[W]"
                },
                {
                    "section": "Model",
                    "property": "Connection",
                    "value": "5/4\u201c",
                    "unit": ""
                },
                {
                    "section": "Model",
                    "property": "Float switch",
                    "value": "yes",
                    "unit": ""
                },
                {
                    "section": "Model",
                    "property": "Minimum water level for operation",
                    "value": "7",
                    "unit": "[cm]"
                },
                {
                    "section": "Model",
                    "property": "Maximum diameter of coarse dirt mm [",
                    "value": "15",
                    "unit": "]"
                },
                {
                    "section": "Model",
                    "property": "Maximum fluid temperature",
                    "value": "35",
                    "unit": "[\u00b0C]"
                },
                {
                    "section": "Model",
                    "property": "Maximum ambient temperature [\u00b0",
                    "value": "40",
                    "unit": "C]"
                },
                {
                    "section": "Model",
                    "property": "Degree of protection",
                    "value": "IP X8",
                    "unit": ""
                },
                {
                    "section": "Model",
                    "property": "Dimension L x H x W",
                    "value": "360 \u00d7 180 x 185",
                    "unit": "[mm]"
                },
                {
                    "section": "Model",
                    "property": "Maximum discharge head",
                    "value": "7",
                    "unit": "[m]"
                },
                {
                    "section": "Model",
                    "property": "Maximum immersion depth",
                    "value": "5",
                    "unit": "[m]"
                },
                {
                    "section": "Model",
                    "property": "Cable length",
                    "value": "6",
                    "unit": "[m]"
                },
                {
                    "section": "Model",
                    "property": "Insulation class",
                    "value": "B",
                    "unit": ""
                },
                {
                    "section": "Model",
                    "property": "Weight kg [",
                    "value": "9",
                    "unit": "]"
                },
                null,
                {
                    "section": "Model",
                    "property": "Maximum discharge head",
                    "value": "7,5",
                    "unit": "[m]"
                },
                {
                    "section": "Model",
                    "property": "Voltage / frequency",
                    "value": "230 / 50",
                    "unit": "[V/Hz]"
                },
                {
                    "section": "Model",
                    "property": "Power",
                    "value": "250",
                    "unit": "[W]"
                },
                {
                    "section": "Model",
                    "property": "Connection",
                    "value": "5/4\u201c",
                    "unit": ""
                },
                {
                    "section": "Model",
                    "property": "Float switch",
                    "value": "yes",
                    "unit": ""
                },
                {
                    "section": "Model",
                    "property": "Maximum diameter of coarse dirt mm [",
                    "value": "15",
                    "unit": "]"
                },
                {
                    "section": "Model",
                    "property": "Maximum fluid temperature",
                    "value": "35",
                    "unit": "[\u00b0C]"
                },
                {
                    "section": "Model",
                    "property": "Maximum ambient temperature [\u00b0",
                    "value": "40",
                    "unit": "C]"
                },
                {
                    "section": "Model",
                    "property": "Degree of protection",
                    "value": "IP X8",
                    "unit": ""
                },
                {
                    "section": "Model",
                    "property": "Weight kg [",
                    "value": "9,5",
                    "unit": "]"
                },
                {
                    "section": "Model",
                    "property": "Dimension L x H x W",
                    "value": "360 x 180 x 185",
                    "unit": "[mm]"
                },
                {
                    "section": "Model",
                    "property": "Minimum water level for operation",
                    "value": "New text",
                    "unit": "[cm]"
                },
                {
                    "section": "Model",
                    "property": "Maximum flow",
                    "value": "9",
                    "unit": "m^3/hod"
                },
                {
                    "section": "Model",
                    "property": "Maximum immersion depth",
                    "value": "5",
                    "unit": "[m]"
                },
                {
                    "section": "Model",
                    "property": "Cable length",
                    "value": "6",
                    "unit": "[m]"
                },
                {
                    "section": "Model",
                    "property": "Insulation class",
                    "value": "B",
                    "unit": ""
                },
                null
            ]
        },
        {
            "reference": "ZB00001159",
            "description": [
                {
                    "section": "",
                    "text": "PUMPA BLUE LINE PSP8-7/0.18L, PSP9-7.5/0.25L"
                },
                {
                    "section": "",
                    "text": "submersible sewage pump"
                },
                {
                    "section": "",
                    "text": "BLUE LINE PSP8-7"
                },
                {
                    "section": "",
                    "text": "BLUE LINE PSP9-7.5"
                },
                {
                    "section": "",
                    "text": "Single-phase submersible sewage pump. The design of the impeller protects the pump against clogging and thus enables efficient pumping of liquids with solid particles up to 15 mm and long fibers."
                },
                {
                    "section": "Application",
                    "text": "For draining clean or slightly contaminated water"
                },
                {
                    "section": "Application",
                    "text": "For irrigation"
                },
                {
                    "section": "Application",
                    "text": "For draining pools"
                },
                {
                    "section": "Application",
                    "text": "Pumping water over from tanks"
                },
                {
                    "section": "Model",
                    "description": "blue line PSP8-7/0.181"
                },
                {
                    "section": "Model",
                    "description": "blue line PSP9-7.5/0.25l"
                }
            ],
            "key_value_pairs": [
                {
                    "section": "Model",
                    "property": "Maximum flow",
                    "value": "7,9",
                    "unit": "m^3/hod"
                },
                {
                    "section": "Model",
                    "property": "Voltage / frequency",
                    "value": "230 / 50",
                    "unit": "[V/Hz]"
                },
                {
                    "section": "Model",
                    "property": "Power",
                    "value": "180",
                    "unit": "[W]"
                },
                {
                    "section": "Model",
                    "property": "Connection",
                    "value": "5/4\u201c",
                    "unit": ""
                },
                {
                    "section": "Model",
                    "property": "Float switch",
                    "value": "yes",
                    "unit": ""
                },
                {
                    "section": "Model",
                    "property": "Minimum water level for operation",
                    "value": "7",
                    "unit": "[cm]"
                },
                {
                    "section": "Model",
                    "property": "Maximum diameter of coarse dirt mm [",
                    "value": "15",
                    "unit": "]"
                },
                {
                    "section": "Model",
                    "property": "Maximum fluid temperature",
                    "value": "35",
                    "unit": "[\u00b0C]"
                },
                {
                    "section": "Model",
                    "property": "Maximum ambient temperature [\u00b0",
                    "value": "40",
                    "unit": "C]"
                },
                {
                    "section": "Model",
                    "property": "Degree of protection",
                    "value": "IP X8",
                    "unit": ""
                },
                {
                    "section": "Model",
                    "property": "Dimension L x H x W",
                    "value": "360 \u00d7 180 x 185",
                    "unit": "[mm]"
                },
                {
                    "section": "Model",
                    "property": "Maximum discharge head",
                    "value": "7",
                    "unit": "[m]"
                },
                {
                    "section": "Model",
                    "property": "Maximum immersion depth",
                    "value": "5",
                    "unit": "[m]"
                },
                {
                    "section": "Model",
                    "property": "Cable length",
                    "value": "6",
                    "unit": "[m]"
                },
                {
                    "section": "Model",
                    "property": "Insulation class",
                    "value": "B",
                    "unit": ""
                },
                {
                    "section": "Model",
                    "property": "Weight kg [",
                    "value": "9",
                    "unit": "]"
                },
                null,
                {
                    "section": "Model",
                    "property": "Maximum discharge head",
                    "value": "7,5",
                    "unit": "[m]"
                },
                {
                    "section": "Model",
                    "property": "Voltage / frequency",
                    "value": "230 / 50",
                    "unit": "[V/Hz]"
                },
                {
                    "section": "Model",
                    "property": "Power",
                    "value": "250",
                    "unit": "[W]"
                },
                {
                    "section": "Model",
                    "property": "Connection",
                    "value": "5/4\u201c",
                    "unit": ""
                },
                {
                    "section": "Model",
                    "property": "Float switch",
                    "value": "yes",
                    "unit": ""
                },
                {
                    "section": "Model",
                    "property": "Maximum diameter of coarse dirt mm [",
                    "value": "15",
                    "unit": "]"
                },
                {
                    "section": "Model",
                    "property": "Maximum fluid temperature",
                    "value": "35",
                    "unit": "[\u00b0C]"
                },
                {
                    "section": "Model",
                    "property": "Maximum ambient temperature [\u00b0",
                    "value": "40",
                    "unit": "C]"
                },
                {
                    "section": "Model",
                    "property": "Degree of protection",
                    "value": "IP X8",
                    "unit": ""
                },
                {
                    "section": "Model",
                    "property": "Weight kg [",
                    "value": "9,5",
                    "unit": "]"
                },
                {
                    "section": "Model",
                    "property": "Dimension L x H x W",
                    "value": "360 x 180 x 185",
                    "unit": "[mm]"
                },
                {
                    "section": "Model",
                    "property": "Minimum water level for operation",
                    "value": "New text",
                    "unit": "[cm]"
                },
                {
                    "section": "Model",
                    "property": "Maximum flow",
                    "value": "9",
                    "unit": "m^3/hod"
                },
                {
                    "section": "Model",
                    "property": "Maximum immersion depth",
                    "value": "5",
                    "unit": "[m]"
                },
                {
                    "section": "Model",
                    "property": "Cable length",
                    "value": "6",
                    "unit": "[m]"
                },
                {
                    "section": "Model",
                    "property": "Insulation class",
                    "value": "B",
                    "unit": ""
                },
                null
            ]
        }
    ]
}