{
    "parts": [
        {
            "reference": "ZB00001233",
            "description": [
                {
                    "section": "",
                    "text": "PUMPA BLUE LINE PSDR550P"
                },
                {
                    "section": "",
                    "text": "submersible drainage pump"
                },
                {
                    "section": "",
                    "text": "BLUE LINE PSDR550P"
                },
                {
                    "section": "",
                    "text": "Submersible drainage pump with automatic water level monitoring is suitable for pumping clean or slightly contaminated water ."
                },
                {
                    "section": "Application",
                    "text": "Basement drainage"
                },
                {
                    "section": "Application",
                    "text": "Pumping from storage tanks"
                },
                {
                    "section": "Application",
                    "text": "Irrigation"
                },
                {
                    "section": "Model",
                    "description": "blue line PSDR550P"
                }
            ],
            "key_value_pairs": [
                {
                    "section": "Model",
                    "property": "Maximum discharge head",
                    "value": "8,5",
                    "unit": "[m]"
                },
                {
                    "section": "Model",
                    "property": "Voltage / frequency Hz [V/",
                    "value": "230 / 50",
                    "unit": "]"
                },
                {
                    "section": "Model",
                    "property": "Power",
                    "value": "550",
                    "unit": "[W]"
                },
                {
                    "section": "Model",
                    "property": "Connection",
                    "value": "1\" - 5/4\"",
                    "unit": ""
                },
                {
                    "section": "Model",
                    "property": "Maximum immersion depth",
                    "value": "7",
                    "unit": "[m]"
                },
                {
                    "section": "Model",
                    "property": "Float switch",
                    "value": "yes",
                    "unit": ""
                },
                {
                    "section": "Model",
                    "property": "Switching-on water level",
                    "value": "53",
                    "unit": "[cm]"
                },
                {
                    "section": "Model",
                    "property": "Maximum fluid temperature",
                    "value": "35",
                    "unit": "[\u00b0C]"
                },
                {
                    "section": "Model",
                    "property": "Cable length",
                    "value": "10",
                    "unit": "[m]"
                },
                {
                    "section": "Model",
                    "property": "Degree of protection",
                    "value": "IP X8",
                    "unit": ""
                },
                {
                    "section": "Model",
                    "property": "Weight",
                    "value": "5,2",
                    "unit": "[kg]"
                },
                {
                    "section": "Model",
                    "property": "Diameter, height",
                    "value": "220, 300",
                    "unit": "[mm]"
                },
                {
                    "section": "Model",
                    "property": "Maximum flow",
                    "value": "11",
                    "unit": "[m^3/hour]"
                },
                {
                    "section": "Model",
                    "property": "Minimum water level for operation cm [",
                    "value": "7",
                    "unit": "]"
                },
                {
                    "section": "Model",
                    "property": "Switching-off water level",
                    "value": "10",
                    "unit": "[cm]"
                },
                {
                    "section": "Model",
                    "property": "Maximum diameter of coarse dirt",
                    "value": "3",
                    "unit": "[mm]"
                },
                {
                    "section": "Model",
                    "property": "Insulation class",
                    "value": "B",
                    "unit": ""
                },
                null
            ]
        }
    ]
}