{
    "brand": "pumpa",
    "parts": [
        {
            "reference": "blue line",
            "description": [],
            "key_value_pairs": [
                {
                    "section": "BLUE LINE of",
                    "property": "",
                    "value": "8",
                    "unit": ""
                },
                {
                    "section": "Maximum suction height [m] frequency [V/Hz]",
                    "property": "",
                    "value": "8",
                    "unit": ""
                },
                {
                    "section": "Maximum suction height [m] frequency [V/Hz]",
                    "property": "",
                    "value": "8",
                    "unit": ""
                },
                {
                    "section": "Maximum fluid",
                    "property": "",
                    "value": "35",
                    "unit": ""
                },
                {
                    "section": "Maximum fluid",
                    "property": "",
                    "value": "35",
                    "unit": ""
                },
                {
                    "section": "Maximum ambient temperature [\u00b0C]",
                    "property": "",
                    "value": "35",
                    "unit": ""
                },
                {
                    "section": "Maximum ambient temperature [\u00b0C]",
                    "property": "",
                    "value": "35",
                    "unit": ""
                }
            ]
        }
    ]
}