{
    "brand": "pumpa",
    "parts": [
        {
            "reference": "blue line",
            "description": [
                {
                    "section": "",
                    "text": "3'submersible"
                },
                {
                    "section": "",
                    "text": "pump"
                },
                {
                    "section": "",
                    "text": "for"
                },
                {
                    "section": "",
                    "text": "boreholes"
                },
                {
                    "section": "",
                    "text": "Submersible"
                },
                {
                    "section": "",
                    "text": "3\""
                },
                {
                    "section": "",
                    "text": "pump"
                },
                {
                    "section": "",
                    "text": "and"
                },
                {
                    "section": "",
                    "text": "boreholes"
                },
                {
                    "section": "",
                    "text": "for"
                },
                {
                    "section": "Application",
                    "text": "pumping boreholes from 125 mm"
                },
                {
                    "section": "",
                    "text": "irrigation."
                },
                {
                    "section": "Application",
                    "text": "Pumping clean water into"
                },
                {
                    "section": "Application",
                    "text": "Filling and emptying tanks"
                },
                {
                    "section": "Application",
                    "text": "Water circulation in fountains"
                },
                {
                    "section": "Characteristic design features",
                    "text": "Stainless steel shaft, casing and hydraulics"
                },
                {
                    "section": "Characteristic design features",
                    "text": "Oil-cooled engine with compensating membrane"
                },
                {
                    "section": "Characteristic design features",
                    "text": "Graphite seal protected by a ring against sand"
                }
            ],
            "key_value_pairs": [
                {
                    "section": "Model",
                    "property": "",
                    "value": "ZB00001039",
                    "unit": "[m]"
                },
                {
                    "section": "Model",
                    "property": "",
                    "value": "ZB00048409",
                    "unit": ""
                },
                {
                    "section": "Model",
                    "property": "",
                    "value": "57",
                    "unit": ""
                },
                {
                    "section": "Model",
                    "property": "",
                    "value": "73",
                    "unit": ""
                },
                {
                    "section": "Model",
                    "property": "",
                    "value": "3\"",
                    "unit": ""
                },
                {
                    "section": "Model",
                    "property": "",
                    "value": "3\"",
                    "unit": ""
                },
                {
                    "section": "Model",
                    "property": "",
                    "value": "230/50",
                    "unit": ""
                },
                {
                    "section": "Model",
                    "property": "",
                    "value": "230/50",
                    "unit": ""
                },
                {
                    "section": "Model",
                    "property": "",
                    "value": "750",
                    "unit": ""
                },
                {
                    "section": "Model",
                    "property": "",
                    "value": "1100",
                    "unit": ""
                },
                {
                    "section": "Model",
                    "property": "",
                    "value": "1\"",
                    "unit": ""
                },
                {
                    "section": "Model",
                    "property": "",
                    "value": "1\"",
                    "unit": ""
                },
                {
                    "section": "Model",
                    "property": "",
                    "value": "40",
                    "unit": ""
                },
                {
                    "section": "Model",
                    "property": "",
                    "value": "40",
                    "unit": ""
                },
                {
                    "section": "Model",
                    "property": "",
                    "value": "35",
                    "unit": ""
                },
                {
                    "section": "Model",
                    "property": "",
                    "value": "35",
                    "unit": ""
                },
                {
                    "section": "Model",
                    "property": "",
                    "value": "25",
                    "unit": ""
                },
                {
                    "section": "Model",
                    "property": "",
                    "value": "30",
                    "unit": ""
                },
                {
                    "section": "Model",
                    "property": "",
                    "value": "IP68",
                    "unit": ""
                },
                {
                    "section": "Model",
                    "property": "",
                    "value": "IP68",
                    "unit": ""
                },
                {
                    "section": "Model",
                    "property": "",
                    "value": "B",
                    "unit": ""
                },
                {
                    "section": "Model",
                    "property": "",
                    "value": "B",
                    "unit": ""
                },
                {
                    "section": "Model",
                    "property": "",
                    "value": "535",
                    "unit": ""
                },
                {
                    "section": "Model",
                    "property": "",
                    "value": "602",
                    "unit": ""
                }
            ]
        }
    ]
}