{
    "parts": [
        {
            "reference": "ZB00048521",
            "description": [
                {
                    "section": "",
                    "text": "PUMPA BLUE LINE 3PVM550-100"
                },
                {
                    "section": "",
                    "text": "Submersible screw pump"
                },
                {
                    "section": "",
                    "text": "BLUE LINE 3PVM550-100"
                },
                {
                    "section": "",
                    "text": "Submersible 3\" pump for wells and boreholes for pumping clean water, watering."
                },
                {
                    "section": "Application",
                    "text": "For boreholes from 100mm"
                },
                {
                    "section": "Application",
                    "text": "Pumping clean water into the household"
                },
                {
                    "section": "Application",
                    "text": "Water circulation in fountains"
                },
                {
                    "section": "Application",
                    "text": "Rainwater irrigation"
                },
                {
                    "section": "Application",
                    "text": "Power supply for pressure systems"
                },
                {
                    "section": "Application",
                    "text": "Filling and emptying tanks"
                },
                {
                    "section": "Characteristic design features",
                    "text": "Stainless steel shaft, casing and hydraulics"
                },
                {
                    "section": "Characteristic design features",
                    "text": "Screw in a rubber stator"
                },
                {
                    "section": "Characteristic design features",
                    "text": "Oil-cooled engine with compensating membrane"
                },
                {
                    "section": "Characteristic design features",
                    "text": "Graphite seal protected by a ring against sand"
                },
                {
                    "section": "Characteristic design features",
                    "text": "The pump parts are non-toxic and do not pollute the environment"
                },
                {
                    "section": "Model",
                    "text": "blue line 100"
                }
            ],
            "key_value_pairs": [
                {
                    "section": "Model",
                    "property": "Maximum flow",
                    "value": "1,8",
                    "unit": "[m^3/hod]"
                },
                {
                    "section": "Model",
                    "property": "Maximum discharge head",
                    "value": "100",
                    "unit": "[m]"
                },
                {
                    "section": "Model",
                    "property": "Pump diameter",
                    "value": "3\"",
                    "unit": ""
                },
                {
                    "section": "Model",
                    "property": "Voltage / frequency",
                    "value": "230 / 50",
                    "unit": "[V/Hz]"
                },
                {
                    "section": "Model",
                    "property": "Power",
                    "value": "550",
                    "unit": "[W]"
                },
                {
                    "section": "Model",
                    "property": "Connection",
                    "value": "1“",
                    "unit": ""
                },
                {
                    "section": "Model",
                    "property": "Maximum immersion depth",
                    "value": "40",
                    "unit": "[m]"
                },
                {
                    "section": "Model",
                    "property": "Maximum fluid temperature",
                    "value": "35",
                    "unit": "[°C]"
                },
                {
                    "section": "Model",
                    "property": "Cable length",
                    "value": "20",
                    "unit": "[m]"
                },
                {
                    "section": "Model",
                    "property": "Degree of protection",
                    "value": "IP 68",
                    "unit": ""
                },
                {
                    "section": "Model",
                    "property": "Weight kg [",
                    "value": "10,6",
                    "unit": "]"
                },
                {
                    "section": "Model",
                    "property": "Dimension - length",
                    "value": "628",
                    "unit": "[mm]"
                },
                {
                    "section": "Model",
                    "property": "Insulation class",
                    "value": "B",
                    "unit": ""
                }
            ]
        },
        {
            "reference": "ZB00048522",
            "description": [
                {
                    "section": "",
                    "text": "PUMPA BLUE LINE 3PVM550-100"
                },
                {
                    "section": "",
                    "text": "Submersible screw pump"
                },
                {
                    "section": "",
                    "text": "BLUE LINE 3PVM550-100"
                },
                {
                    "section": "",
                    "text": "Submersible 3\" pump for wells and boreholes for pumping clean water, watering."
                },
                {
                    "section": "Application",
                    "text": "For boreholes from 100mm"
                },
                {
                    "section": "Application",
                    "text": "Pumping clean water into the household"
                },
                {
                    "section": "Application",
                    "text": "Water circulation in fountains"
                },
                {
                    "section": "Application",
                    "text": "Rainwater irrigation"
                },
                {
                    "section": "Application",
                    "text": "Power supply for pressure systems"
                },
                {
                    "section": "Application",
                    "text": "Filling and emptying tanks"
                },
                {
                    "section": "Characteristic design features",
                    "text": "Stainless steel shaft, casing and hydraulics"
                },
                {
                    "section": "Characteristic design features",
                    "text": "Screw in a rubber stator"
                },
                {
                    "section": "Characteristic design features",
                    "text": "Oil-cooled engine with compensating membrane"
                },
                {
                    "section": "Characteristic design features",
                    "text": "Graphite seal protected by a ring against sand"
                },
                {
                    "section": "Characteristic design features",
                    "text": "The pump parts are non-toxic and do not pollute the environment"
                },
                {
                    "section": "Model",
                    "text": "blue line 100"
                }
            ],
            "key_value_pairs": [
                {
                    "section": "Model",
                    "property": "Maximum flow",
                    "value": "1,8",
                    "unit": "[m^3/hod]"
                },
                {
                    "section": "Model",
                    "property": "Maximum discharge head",
                    "value": "100",
                    "unit": "[m]"
                },
                {
                    "section": "Model",
                    "property": "Pump diameter",
                    "value": "3\"",
                    "unit": ""
                },
                {
                    "section": "Model",
                    "property": "Voltage / frequency",
                    "value": "230 / 50",
                    "unit": "[V/Hz]"
                },
                {
                    "section": "Model",
                    "property": "Power",
                    "value": "550",
                    "unit": "[W]"
                },
                {
                    "section": "Model",
                    "property": "Connection",
                    "value": "1“",
                    "unit": ""
                },
                {
                    "section": "Model",
                    "property": "Maximum immersion depth",
                    "value": "40",
                    "unit": "[m]"
                },
                {
                    "section": "Model",
                    "property": "Maximum fluid temperature",
                    "value": "35",
                    "unit": "[°C]"
                },
                {
                    "section": "Model",
                    "property": "Cable length",
                    "value": "30",
                    "unit": "[m]"
                },
                {
                    "section": "Model",
                    "property": "Degree of protection",
                    "value": "IP 68",
                    "unit": ""
                },
                {
                    "section": "Model",
                    "property": "Weight kg [",
                    "value": "11,7",
                    "unit": "]"
                },
                {
                    "section": "Model",
                    "property": "Dimension - length",
                    "value": "628",
                    "unit": "[mm]"
                },
                {
                    "section": "Model",
                    "property": "Insulation class",
                    "value": "B",
                    "unit": ""
                }
            ]
        },
        {
            "reference": "ZB00048523",
            "description": [
                {
                    "Section": "",
                    "text": "PUMPA BLUE LINE 3PVM550-100"
                },
                {
                    "Section": "",
                    "text": "Submersible screw pump"
                },
                {
                    "Section": "",
                    "text": "BLUE LINE 3PVM550-100"
                },
                {
                    "Section": "",
                    "text": "Submersible 3\" pump for wells and boreholes for pumping clean water, watering."
                },
                {
                    "Section": "Application",
                    "text": "For boreholes from 100mm"
                },
                {
                    "Section": "Application",
                    "text": "Pumping clean water into the household"
                },
                {
                    "Section": "Application",
                    "text": "Water circulation in fountains"
                },
                {
                    "Section": "Application",
                    "text": "Rainwater irrigation"
                },
                {
                    "Section": "Application",
                    "text": "Power supply for pressure systems"
                },
                {
                    "Section": "Application",
                    "text": "Filling and emptying tanks"
                },
                {
                    "Section": "Characteristic design features",
                    "text": "Stainless steel shaft, casing and hydraulics"
                },
                {
                    "Section": "Characteristic design features",
                    "text": "Screw in a rubber stator"
                },
                {
                    "Section": "Characteristic design features",
                    "text": "Oil-cooled engine with compensating membrane"
                },
                {
                    "Section": "Characteristic design features",
                    "text": "Graphite seal protected by a ring against sand"
                },
                {
                    "Section": "Characteristic design features",
                    "text": "The pump parts are non-toxic and do not pollute the environment"
                },
                {
                    "section": "Model",
                    "description": "blue line 100"
                }
            ],
            "key_value_pairs": [
                {
                    "section": "Model",
                    "property": "Maximum flow",
                    "value": "1,8",
                    "unit": "[m^3/hod]"
                },
                {
                    "section": "Model",
                    "property": "Maximum discharge head",
                    "value": "100",
                    "unit": "[m]"
                },
                {
                    "section": "Model",
                    "property": "Pump diameter",
                    "value": "3“",
                    "unit": ""
                },
                {
                    "section": "Model",
                    "property": "Voltage / frequency",
                    "value": "230 / 50",
                    "unit": "[V/Hz]"
                },
                {
                    "section": "Model",
                    "property": "Power",
                    "value": "550",
                    "unit": "[W]"
                },
                {
                    "section": "Model",
                    "property": "Connection",
                    "value": "1“",
                    "unit": ""
                },
                {
                    "section": "Model",
                    "property": "Maximum immersion depth",
                    "value": "40",
                    "unit": "[m]"
                },
                {
                    "section": "Model",
                    "property": "Maximum fluid temperature",
                    "value": "35",
                    "unit": "[°C]"
                },
                {
                    "section": "Model",
                    "property": "Cable length",
                    "value": "40",
                    "unit": "[m]"
                },
                {
                    "section": "Model",
                    "property": "Degree of protection",
                    "value": "IP 68",
                    "unit": ""
                },
                {
                    "section": "Model",
                    "property": "Weight kg [",
                    "value": "12,9",
                    "unit": "]"
                },
                {
                    "section": "Model",
                    "property": "Dimension - length",
                    "value": "628",
                    "unit": "[mm]"
                },
                {
                    "section": "Model",
                    "property": "Insulation class",
                    "value": "B",
                    "unit": ""
                }
            ]
        },
        {
            "reference": "ZB00001152",
            "description": [
                {
                    "Section": "",
                    "text": "displacement pump"
                },
                {
                    "Section": "",
                    "text": "BLUE LINE PTM80-1"
                },
                {
                    "Section": "",
                    "text": "BLUE LINE PTM80 self-priming displacement pump designed for pumping clean water in irrigation systems with liquid temperatures up to 35 °C."
                },
                {
                    "Section": "Application",
                    "text": "Pumping clean water"
                },
                {
                    "Section": "Application",
                    "text": "Irrigation"
                },
                {
                    "Section": "",
                    "text": "PUMPA BLUE LINE PTM80-1"
                },
                {
                    "section": "Model",
                    "description": "blue line PTM80-1"
                }
            ],
            "key_value_pairs": [
                {
                    "section": "Model",
                    "property": "Maximum flow",
                    "value": "3,6",
                    "unit": "[m^3/hod]"
                },
                {
                    "section": "Model",
                    "property": "Maximum discharge head",
                    "value": "70",
                    "unit": "[m]"
                },
                {
                    "section": "Model",
                    "property": "Voltage / frequency",
                    "value": "230 / 50",
                    "unit": "[V/Hz]"
                },
                {
                    "section": "Model",
                    "property": "Power",
                    "value": "750",
                    "unit": "[W]"
                },
                {
                    "section": "Model",
                    "property": "Suction x discharge neck",
                    "value": "1“ x 1“",
                    "unit": ""
                },
                {
                    "section": "Model",
                    "property": "Maximum ambient temperature",
                    "value": "40",
                    "unit": "[°C]"
                },
                {
                    "section": "Model",
                    "property": "Cable length",
                    "value": "0,3",
                    "unit": "[m]"
                },
                {
                    "section": "Model",
                    "property": "Degree of protection",
                    "value": "IP X4",
                    "unit": ""
                },
                {
                    "section": "Model",
                    "property": "Weight",
                    "value": "10,2",
                    "unit": "[kg]"
                },
                {
                    "section": "Model",
                    "property": "Dimension L x H x W",
                    "value": "300 × 185 × 140",
                    "unit": "mm]"
                },
                {
                    "section": "Model",
                    "property": "Maximum suction height",
                    "value": "6",
                    "unit": "[m"
                },
                {
                    "section": "Model",
                    "property": "Maximum fluid temperature",
                    "value": "35",
                    "unit": "[°C]"
                },
                {
                    "section": "Model",
                    "property": "Insulation class",
                    "value": "F",
                    "unit": ""
                }
            ]
        },
        {
            "reference": "ZB00061550",
            "description": [
                {
                    "Section": "",
                    "text": "PUMPA BLUE LINE PXSM 3xx(F)"
                },
                {
                    "Section": "",
                    "text": "5\" submersible pump"
                },
                {
                    "Section": "",
                    "text": "BLUE LINE PXSM 3xx(F)"
                },
                {
                    "Section": "",
                    "text": "Submersible 5\" pump for wells, tanks, ideal for immersion in IBC containers. Designed for supplying homes and lodges or garden irrigation with clean water."
                },
                {
                    "Section": "Application",
                    "text": "Pumping clean water from wells and tanks"
                },
                {
                    "Section": "Application",
                    "text": "Pumping clean water from IBC containers"
                },
                {
                    "Section": "Application",
                    "text": "The pump can be used alone or with a pressure vessel as a pressure booster pump"
                },
                {
                    "Section": "Characteristic design features",
                    "text": "Rewindable motor"
                },
                {
                    "Section": "Characteristic design features",
                    "text": "Switch box and float switch (F) included"
                },
                {
                    "section": "Model",
                    "description": "blue line PXSM304F"
                }
            ],
            "key_value_pairs": [
                {
                    "section": "Model",
                    "property": "Maximum head",
                    "value": "45",
                    "unit": "[m]"
                },
                {
                    "section": "Model",
                    "property": "Pump diameter",
                    "value": "5\"",
                    "unit": ""
                },
                {
                    "section": "Model",
                    "property": "Voltage/frequency",
                    "value": "230 / 50",
                    "unit": "[V/Hz]"
                },
                {
                    "section": "Model",
                    "property": "Power",
                    "value": "600",
                    "unit": "[W]"
                },
                {
                    "section": "Model",
                    "property": "Connection",
                    "value": "5/4\"",
                    "unit": ""
                },
                {
                    "section": "Model",
                    "property": "Maximum immersion depth",
                    "value": "50",
                    "unit": "[m]"
                },
                {
                    "section": "Model",
                    "property": "Sand content",
                    "value": "0,15",
                    "unit": "[%]"
                },
                {
                    "section": "Model",
                    "property": "Maximum liquid temperature",
                    "value": "40",
                    "unit": "[°C]"
                },
                {
                    "section": "Model",
                    "property": "Cable length",
                    "value": "20",
                    "unit": "[m]"
                },
                {
                    "section": "Model",
                    "property": "Protection",
                    "value": "IP 68",
                    "unit": ""
                },
                {
                    "section": "Model",
                    "property": "Weight",
                    "value": "18,1",
                    "unit": "[kg]"
                },
                {
                    "section": "Model",
                    "property": "Dimension - length",
                    "value": "943",
                    "unit": "[mm]"
                },
                {
                    "section": "Model",
                    "property": "Maximum flow [m^3/hod] [m",
                    "value": "5",
                    "unit": "]"
                },
                {
                    "section": "Model",
                    "property": "Insulation",
                    "value": "B",
                    "unit": "class"
                }
            ]
        },
        {
            "reference": "ZB00061551",
            "description": [
                {
                    "Section": "",
                    "text": "PUMPA BLUE LINE PXSM 3xx(F)"
                },
                {
                    "Section": "",
                    "text": "5\" submersible pump"
                },
                {
                    "Section": "",
                    "text": "BLUE LINE PXSM 3xx(F)"
                },
                {
                    "Section": "",
                    "text": "Submersible 5\" pump for wells, tanks, ideal for immersion in IBC containers. Designed for supplying homes and lodges or garden irrigation with clean water."
                },
                {
                    "Section": "Application",
                    "text": "Pumping clean water from wells and tanks"
                },
                {
                    "Section": "Application",
                    "text": "Pumping clean water from IBC containers"
                },
                {
                    "Section": "Application",
                    "text": "The pump can be used alone or with a pressure vessel as a pressure booster pump"
                },
                {
                    "Section": "Characteristic design features",
                    "text": "Rewindable motor"
                },
                {
                    "Section": "Characteristic design features",
                    "text": "Switch box and float switch (F) included"
                },
                {
                    "section": "Model",
                    "description": "blue line PXSM305F"
                }
            ],
            "key_value_pairs": [
                {
                    "section": "Model",
                    "property": "Maximum flow [m^3/hod] [m",
                    "value": "5",
                    "unit": "]"
                },
                {
                    "section": "Model",
                    "property": "Maximum head",
                    "value": "56",
                    "unit": "[m]"
                },
                {
                    "section": "Model",
                    "property": "Pump diameter",
                    "value": "5\"",
                    "unit": ""
                },
                {
                    "section": "Model",
                    "property": "Voltage/frequency",
                    "value": "230 / 50",
                    "unit": "[V/Hz]"
                },
                {
                    "section": "Model",
                    "property": "Power",
                    "value": "750",
                    "unit": "[W]"
                },
                {
                    "section": "Model",
                    "property": "Connection",
                    "value": "5/4\"",
                    "unit": ""
                },
                {
                    "section": "Model",
                    "property": "Maximum immersion depth",
                    "value": "50",
                    "unit": "[m]"
                },
                {
                    "section": "Model",
                    "property": "Sand content",
                    "value": "0,15",
                    "unit": "[%]"
                },
                {
                    "section": "Model",
                    "property": "Maximum liquid temperature",
                    "value": "40",
                    "unit": "[°C]"
                },
                {
                    "section": "Model",
                    "property": "Cable length",
                    "value": "20",
                    "unit": "[m]"
                },
                {
                    "section": "Model",
                    "property": "Protection",
                    "value": "IP 68",
                    "unit": ""
                },
                {
                    "section": "Model",
                    "property": "Weight",
                    "value": "20",
                    "unit": "[kg]"
                },
                {
                    "section": "Model",
                    "property": "Dimension - length",
                    "value": "968",
                    "unit": "[mm]"
                },
                {
                    "section": "Model",
                    "property": "Insulation",
                    "value": "B",
                    "unit": "class"
                }
            ]
        },
        {
            "reference": "ZB00061552",
            "description": [
                {
                    "Section": "",
                    "text": "PUMPA BLUE LINE PXSM 3xx(F)"
                },
                {
                    "Section": "",
                    "text": "5\" submersible pump"
                },
                {
                    "Section": "",
                    "text": "BLUE LINE PXSM 3xx(F)"
                },
                {
                    "Section": "",
                    "text": "Submersible 5\" pump for wells, tanks, ideal for immersion in IBC containers. Designed for supplying homes and lodges or garden irrigation with clean water."
                },
                {
                    "Section": "Application",
                    "text": "Pumping clean water from wells and tanks"
                },
                {
                    "Section": "Application",
                    "text": "Pumping clean water from IBC containers"
                },
                {
                    "Section": "Application",
                    "text": "The pump can be used alone or with a pressure vessel as a pressure booster pump"
                },
                {
                    "Section": "Characteristic design features",
                    "text": "Rewindable motor"
                },
                {
                    "Section": "Characteristic design features",
                    "text": "Switch box and float switch (F) included"
                },
                {
                    "section": "Model",
                    "description": "blue line PXSM306F"
                }
            ],
            "key_value_pairs": [
                {
                    "section": "Model",
                    "property": "Maximum flow [m^3/hod] [m",
                    "value": "5",
                    "unit": "]"
                },
                {
                    "section": "Model",
                    "property": "Maximum head",
                    "value": "67",
                    "unit": "[m]"
                },
                {
                    "section": "Model",
                    "property": "Pump diameter",
                    "value": "5\"",
                    "unit": ""
                },
                {
                    "section": "Model",
                    "property": "Voltage/frequency",
                    "value": "230 / 50",
                    "unit": "[V/Hz]"
                },
                {
                    "section": "Model",
                    "property": "Power",
                    "value": "900",
                    "unit": "[W]"
                },
                {
                    "section": "Model",
                    "property": "Connection",
                    "value": "5/4\"",
                    "unit": ""
                },
                {
                    "section": "Model",
                    "property": "Maximum immersion depth",
                    "value": "50",
                    "unit": "[m]"
                },
                {
                    "section": "Model",
                    "property": "Sand content",
                    "value": "0,15",
                    "unit": "[%]"
                },
                {
                    "section": "Model",
                    "property": "Cable length",
                    "value": "20",
                    "unit": "[m]"
                },
                {
                    "section": "Model",
                    "property": "Protection",
                    "value": "IP 68",
                    "unit": ""
                },
                {
                    "section": "Model",
                    "property": "Weight",
                    "value": "22,5",
                    "unit": "[kg]"
                },
                {
                    "section": "Model",
                    "property": "Dimension - length",
                    "value": "1023",
                    "unit": "[mm]"
                },
                {
                    "section": "Model",
                    "property": "Insulation",
                    "value": "B",
                    "unit": "class"
                },
                {
                    "section": "Model",
                    "property": "Maximum liquid temperature",
                    "value": "40",
                    "unit": "[°C]"
                }
            ]
        },
        {
            "reference": "ZB00061553",
            "description": [
                {
                    "Section": "",
                    "text": "PUMPA BLUE LINE PXSM 3xx(F)"
                },
                {
                    "Section": "",
                    "text": "5\" submersible pump"
                },
                {
                    "Section": "",
                    "text": "BLUE LINE PXSM 3xx(F)"
                },
                {
                    "Section": "",
                    "text": "Submersible 5\" pump for wells, tanks, ideal for immersion in IBC containers. Designed for supplying homes and lodges or garden irrigation with clean water."
                },
                {
                    "Section": "Application",
                    "text": "Pumping clean water from wells and tanks"
                },
                {
                    "Section": "Application",
                    "text": "Pumping clean water from IBC containers"
                },
                {
                    "Section": "Application",
                    "text": "The pump can be used alone or with a pressure vessel as a pressure booster pump"
                },
                {
                    "Section": "Characteristic design features",
                    "text": "Rewindable motor"
                },
                {
                    "Section": "Characteristic design features",
                    "text": "Switch box and float switch (F) included"
                },
                {
                    "section": "Model",
                    "description": "blue line PXSM307F"
                }
            ],
            "key_value_pairs": [
                {
                    "section": "Model",
                    "property": "Maximum flow [m^3/hod] [m",
                    "value": "5",
                    "unit": "]"
                },
                {
                    "section": "Model",
                    "property": "Maximum head",
                    "value": "84",
                    "unit": "[m]"
                },
                {
                    "section": "Model",
                    "property": "Pump diameter",
                    "value": "5\"",
                    "unit": ""
                },
                {
                    "section": "Model",
                    "property": "Voltage/frequency",
                    "value": "230 / 50",
                    "unit": "[V/Hz]"
                },
                {
                    "section": "Model",
                    "property": "Power",
                    "value": "1100",
                    "unit": "[W]"
                },
                {
                    "section": "Model",
                    "property": "Connection",
                    "value": "5/4\"",
                    "unit": ""
                },
                {
                    "section": "Model",
                    "property": "Sand content",
                    "value": "0,15",
                    "unit": "[%]"
                },
                {
                    "section": "Model",
                    "property": "Maximum liquid temperature",
                    "value": "40",
                    "unit": "[°C]"
                },
                {
                    "section": "Model",
                    "property": "Cable length",
                    "value": "20",
                    "unit": "[m]"
                },
                {
                    "section": "Model",
                    "property": "Protection",
                    "value": "IP 68",
                    "unit": ""
                },
                {
                    "section": "Model",
                    "property": "Insulation",
                    "value": "B",
                    "unit": "class"
                },
                {
                    "section": "Model",
                    "property": "Weight",
                    "value": "25,5",
                    "unit": "[kg]"
                },
                {
                    "section": "Model",
                    "property": "Dimension - length",
                    "value": "1043",
                    "unit": "[mm]"
                },
                {
                    "section": "Model",
                    "property": "Maximum immersion depth",
                    "value": "50",
                    "unit": "[m]"
                }
            ]
        }
    ]
}