{
    "datasheet": [
        {
            "index": 0,
            "bbox": [
                [
                    187,
                    148
                ],
                [
                    573,
                    148
                ],
                [
                    573,
                    219
                ],
                [
                    187,
                    219
                ]
            ],
            "text": "pumpa",
            "label": "Out"
        },
        {
            "index": 1,
            "bbox": [
                [
                    1135,
                    203
                ],
                [
                    1258,
                    203
                ],
                [
                    1258,
                    235
                ],
                [
                    1135,
                    235
                ]
            ],
            "text": "PUMPA",
            "label": "Out"
        },
        {
            "index": 2,
            "bbox": [
                [
                    1263,
                    203
                ],
                [
                    1350,
                    203
                ],
                [
                    1350,
                    235
                ],
                [
                    1263,
                    235
                ]
            ],
            "text": "BLUE",
            "label": "Out"
        },
        {
            "index": 3,
            "bbox": [
                [
                    1356,
                    203
                ],
                [
                    1432,
                    203
                ],
                [
                    1432,
                    235
                ],
                [
                    1356,
                    235
                ]
            ],
            "text": "LINE",
            "label": "Out"
        },
        {
            "index": 4,
            "bbox": [
                [
                    1436,
                    201
                ],
                [
                    1519,
                    201
                ],
                [
                    1519,
                    235
                ],
                [
                    1436,
                    235
                ]
            ],
            "text": "4STE",
            "label": "Out"
        },
        {
            "index": 5,
            "bbox": [
                [
                    187,
                    296
                ],
                [
                    363,
                    296
                ],
                [
                    363,
                    363
                ],
                [
                    187,
                    363
                ]
            ],
            "text": "blue",
            "label": "Out"
        },
        {
            "index": 6,
            "bbox": [
                [
                    404,
                    296
                ],
                [
                    548,
                    296
                ],
                [
                    548,
                    365
                ],
                [
                    404,
                    365
                ]
            ],
            "text": "line",
            "label": "Out"
        },
        {
            "index": 7,
            "bbox": [
                [
                    134,
                    598
                ],
                [
                    393,
                    598
                ],
                [
                    393,
                    657
                ],
                [
                    134,
                    657
                ]
            ],
            "text": "pressure",
            "label": "Out"
        },
        {
            "index": 8,
            "bbox": [
                [
                    411,
                    591
                ],
                [
                    635,
                    591
                ],
                [
                    635,
                    653
                ],
                [
                    411,
                    653
                ]
            ],
            "text": "booster",
            "label": "Out"
        },
        {
            "index": 9,
            "bbox": [
                [
                    653,
                    600
                ],
                [
                    833,
                    600
                ],
                [
                    833,
                    664
                ],
                [
                    653,
                    664
                ]
            ],
            "text": "pump",
            "label": "Out"
        },
        {
            "index": 10,
            "bbox": [
                [
                    139,
                    694
                ],
                [
                    345,
                    694
                ],
                [
                    345,
                    756
                ],
                [
                    139,
                    756
                ]
            ],
            "text": "BLUE",
            "label": "Out"
        },
        {
            "index": 11,
            "bbox": [
                [
                    408,
                    692
                ],
                [
                    589,
                    692
                ],
                [
                    589,
                    758
                ],
                [
                    408,
                    758
                ]
            ],
            "text": "LINE",
            "label": "Out"
        },
        {
            "index": 12,
            "bbox": [
                [
                    646,
                    689
                ],
                [
                    856,
                    689
                ],
                [
                    856,
                    760
                ],
                [
                    646,
                    760
                ]
            ],
            "text": "4STE",
            "label": "Out"
        },
        {
            "index": 13,
            "bbox": [
                [
                    132,
                    870
                ],
                [
                    265,
                    870
                ],
                [
                    265,
                    902
                ],
                [
                    132,
                    902
                ]
            ],
            "text": "Pressure",
            "label": "Out"
        },
        {
            "index": 14,
            "bbox": [
                [
                    267,
                    867
                ],
                [
                    388,
                    867
                ],
                [
                    388,
                    902
                ],
                [
                    267,
                    902
                ]
            ],
            "text": "booster",
            "label": "Out"
        },
        {
            "index": 15,
            "bbox": [
                [
                    383,
                    870
                ],
                [
                    477,
                    870
                ],
                [
                    477,
                    911
                ],
                [
                    383,
                    911
                ]
            ],
            "text": "pump",
            "label": "Out"
        },
        {
            "index": 16,
            "bbox": [
                [
                    472,
                    863
                ],
                [
                    548,
                    863
                ],
                [
                    548,
                    906
                ],
                [
                    472,
                    906
                ]
            ],
            "text": "with",
            "label": "Out"
        },
        {
            "index": 17,
            "bbox": [
                [
                    548,
                    867
                ],
                [
                    699,
                    867
                ],
                [
                    699,
                    909
                ],
                [
                    548,
                    909
                ]
            ],
            "text": "frequency",
            "label": "Out"
        },
        {
            "index": 18,
            "bbox": [
                [
                    130,
                    909
                ],
                [
                    276,
                    909
                ],
                [
                    276,
                    941
                ],
                [
                    130,
                    941
                ]
            ],
            "text": "converter",
            "label": "Out"
        },
        {
            "index": 19,
            "bbox": [
                [
                    274,
                    904
                ],
                [
                    429,
                    904
                ],
                [
                    429,
                    943
                ],
                [
                    274,
                    943
                ]
            ],
            "text": "electronic",
            "label": "Out"
        },
        {
            "index": 20,
            "bbox": [
                [
                    424,
                    902
                ],
                [
                    546,
                    902
                ],
                [
                    546,
                    943
                ],
                [
                    424,
                    943
                ]
            ],
            "text": "control.",
            "label": "Out"
        },
        {
            "index": 21,
            "bbox": [
                [
                    546,
                    904
                ],
                [
                    605,
                    904
                ],
                [
                    605,
                    941
                ],
                [
                    546,
                    941
                ]
            ],
            "text": "Set",
            "label": "Out"
        },
        {
            "index": 22,
            "bbox": [
                [
                    598,
                    904
                ],
                [
                    641,
                    904
                ],
                [
                    641,
                    943
                ],
                [
                    598,
                    943
                ]
            ],
            "text": "of",
            "label": "Out"
        },
        {
            "index": 23,
            "bbox": [
                [
                    128,
                    943
                ],
                [
                    171,
                    943
                ],
                [
                    171,
                    982
                ],
                [
                    128,
                    982
                ]
            ],
            "text": "4\"",
            "label": "Out"
        },
        {
            "index": 24,
            "bbox": [
                [
                    169,
                    943
                ],
                [
                    358,
                    943
                ],
                [
                    358,
                    982
                ],
                [
                    169,
                    982
                ]
            ],
            "text": "submersible",
            "label": "Out"
        },
        {
            "index": 25,
            "bbox": [
                [
                    356,
                    945
                ],
                [
                    447,
                    945
                ],
                [
                    447,
                    989
                ],
                [
                    356,
                    989
                ]
            ],
            "text": "pump",
            "label": "Out"
        },
        {
            "index": 26,
            "bbox": [
                [
                    447,
                    945
                ],
                [
                    516,
                    945
                ],
                [
                    516,
                    982
                ],
                [
                    447,
                    982
                ]
            ],
            "text": "4ST",
            "label": "Out"
        },
        {
            "index": 27,
            "bbox": [
                [
                    514,
                    945
                ],
                [
                    612,
                    945
                ],
                [
                    612,
                    979
                ],
                [
                    514,
                    979
                ]
            ],
            "text": "3x230",
            "label": "Out"
        },
        {
            "index": 28,
            "bbox": [
                [
                    612,
                    943
                ],
                [
                    641,
                    943
                ],
                [
                    641,
                    979
                ],
                [
                    612,
                    979
                ]
            ],
            "text": "V",
            "label": "Out"
        },
        {
            "index": 29,
            "bbox": [
                [
                    641,
                    945
                ],
                [
                    710,
                    945
                ],
                [
                    710,
                    979
                ],
                [
                    641,
                    979
                ]
            ],
            "text": "with",
            "label": "Out"
        },
        {
            "index": 30,
            "bbox": [
                [
                    132,
                    984
                ],
                [
                    283,
                    984
                ],
                [
                    283,
                    1025
                ],
                [
                    132,
                    1025
                ]
            ],
            "text": "frequency",
            "label": "Out"
        },
        {
            "index": 31,
            "bbox": [
                [
                    278,
                    982
                ],
                [
                    431,
                    982
                ],
                [
                    431,
                    1023
                ],
                [
                    278,
                    1023
                ]
            ],
            "text": "converter",
            "label": "Out"
        },
        {
            "index": 32,
            "bbox": [
                [
                    427,
                    982
                ],
                [
                    488,
                    982
                ],
                [
                    488,
                    1021
                ],
                [
                    427,
                    1021
                ]
            ],
            "text": "and",
            "label": "Out"
        },
        {
            "index": 33,
            "bbox": [
                [
                    486,
                    979
                ],
                [
                    527,
                    979
                ],
                [
                    527,
                    1021
                ],
                [
                    486,
                    1021
                ]
            ],
            "text": "41",
            "label": "Out"
        },
        {
            "index": 34,
            "bbox": [
                [
                    527,
                    989
                ],
                [
                    660,
                    989
                ],
                [
                    660,
                    1023
                ],
                [
                    527,
                    1023
                ]
            ],
            "text": "pressure",
            "label": "Out"
        },
        {
            "index": 35,
            "bbox": [
                [
                    657,
                    984
                ],
                [
                    765,
                    984
                ],
                [
                    765,
                    1018
                ],
                [
                    657,
                    1018
                ]
            ],
            "text": "vessel.",
            "label": "Out"
        },
        {
            "index": 36,
            "bbox": [
                [
                    130,
                    1167
                ],
                [
                    306,
                    1167
                ],
                [
                    306,
                    1206
                ],
                [
                    130,
                    1206
                ]
            ],
            "text": "Application",
            "label": "Out"
        },
        {
            "index": 37,
            "bbox": [
                [
                    148,
                    1215
                ],
                [
                    244,
                    1215
                ],
                [
                    244,
                    1249
                ],
                [
                    148,
                    1249
                ]
            ],
            "text": "Pumping",
            "label": "Out"
        },
        {
            "index": 38,
            "bbox": [
                [
                    239,
                    1215
                ],
                [
                    303,
                    1215
                ],
                [
                    303,
                    1247
                ],
                [
                    239,
                    1247
                ]
            ],
            "text": "clean",
            "label": "Out"
        },
        {
            "index": 39,
            "bbox": [
                [
                    299,
                    1219
                ],
                [
                    363,
                    1219
                ],
                [
                    363,
                    1244
                ],
                [
                    299,
                    1244
                ]
            ],
            "text": "water",
            "label": "Out"
        },
        {
            "index": 40,
            "bbox": [
                [
                    358,
                    1212
                ],
                [
                    415,
                    1212
                ],
                [
                    415,
                    1244
                ],
                [
                    358,
                    1244
                ]
            ],
            "text": "from",
            "label": "Out"
        },
        {
            "index": 41,
            "bbox": [
                [
                    408,
                    1212
                ],
                [
                    470,
                    1212
                ],
                [
                    470,
                    1244
                ],
                [
                    408,
                    1244
                ]
            ],
            "text": "wells",
            "label": "Out"
        },
        {
            "index": 42,
            "bbox": [
                [
                    466,
                    1217
                ],
                [
                    511,
                    1217
                ],
                [
                    511,
                    1242
                ],
                [
                    466,
                    1242
                ]
            ],
            "text": "and",
            "label": "Out"
        },
        {
            "index": 43,
            "bbox": [
                [
                    507,
                    1215
                ],
                [
                    614,
                    1215
                ],
                [
                    614,
                    1244
                ],
                [
                    507,
                    1244
                ]
            ],
            "text": "boreholes",
            "label": "Out"
        },
        {
            "index": 44,
            "bbox": [
                [
                    610,
                    1215
                ],
                [
                    669,
                    1215
                ],
                [
                    669,
                    1249
                ],
                [
                    610,
                    1249
                ]
            ],
            "text": "(with",
            "label": "Out"
        },
        {
            "index": 45,
            "bbox": [
                [
                    664,
                    1215
                ],
                [
                    744,
                    1215
                ],
                [
                    744,
                    1247
                ],
                [
                    664,
                    1247
                ]
            ],
            "text": "cooling",
            "label": "Out"
        },
        {
            "index": 46,
            "bbox": [
                [
                    740,
                    1215
                ],
                [
                    813,
                    1215
                ],
                [
                    813,
                    1249
                ],
                [
                    740,
                    1249
                ]
            ],
            "text": "jacket)",
            "label": "Out"
        },
        {
            "index": 47,
            "bbox": [
                [
                    148,
                    1247
                ],
                [
                    249,
                    1247
                ],
                [
                    249,
                    1279
                ],
                [
                    148,
                    1279
                ]
            ],
            "text": "Irrigation,",
            "label": "Out"
        },
        {
            "index": 48,
            "bbox": [
                [
                    244,
                    1247
                ],
                [
                    356,
                    1247
                ],
                [
                    356,
                    1276
                ],
                [
                    244,
                    1276
                ]
            ],
            "text": "household",
            "label": "Out"
        },
        {
            "index": 49,
            "bbox": [
                [
                    354,
                    1249
                ],
                [
                    415,
                    1249
                ],
                [
                    415,
                    1274
                ],
                [
                    354,
                    1274
                ]
            ],
            "text": "water",
            "label": "Out"
        },
        {
            "index": 50,
            "bbox": [
                [
                    413,
                    1247
                ],
                [
                    486,
                    1247
                ],
                [
                    486,
                    1279
                ],
                [
                    413,
                    1279
                ]
            ],
            "text": "supply",
            "label": "Out"
        },
        {
            "index": 51,
            "bbox": [
                [
                    961,
                    1256
                ],
                [
                    1169,
                    1256
                ],
                [
                    1169,
                    1288
                ],
                [
                    961,
                    1288
                ]
            ],
            "text": "Characteristic",
            "label": "Out"
        },
        {
            "index": 52,
            "bbox": [
                [
                    1176,
                    1258
                ],
                [
                    1276,
                    1258
                ],
                [
                    1276,
                    1292
                ],
                [
                    1176,
                    1292
                ]
            ],
            "text": "design",
            "label": "Out"
        },
        {
            "index": 53,
            "bbox": [
                [
                    1283,
                    1256
                ],
                [
                    1414,
                    1256
                ],
                [
                    1414,
                    1288
                ],
                [
                    1283,
                    1288
                ]
            ],
            "text": "features",
            "label": "Out"
        },
        {
            "index": 54,
            "bbox": [
                [
                    986,
                    1301
                ],
                [
                    1121,
                    1301
                ],
                [
                    1121,
                    1331
                ],
                [
                    986,
                    1331
                ]
            ],
            "text": "Submersible",
            "label": "Out"
        },
        {
            "index": 55,
            "bbox": [
                [
                    1119,
                    1304
                ],
                [
                    1187,
                    1304
                ],
                [
                    1187,
                    1336
                ],
                [
                    1119,
                    1336
                ]
            ],
            "text": "pump",
            "label": "Out"
        },
        {
            "index": 56,
            "bbox": [
                [
                    1181,
                    1301
                ],
                [
                    1238,
                    1301
                ],
                [
                    1238,
                    1333
                ],
                [
                    1181,
                    1333
                ]
            ],
            "text": "with",
            "label": "Out"
        },
        {
            "index": 57,
            "bbox": [
                [
                    1233,
                    1304
                ],
                [
                    1322,
                    1304
                ],
                [
                    1322,
                    1333
                ],
                [
                    1233,
                    1333
                ]
            ],
            "text": "impeller",
            "label": "Out"
        },
        {
            "index": 58,
            "bbox": [
                [
                    1322,
                    1304
                ],
                [
                    1386,
                    1304
                ],
                [
                    1386,
                    1329
                ],
                [
                    1322,
                    1329
                ]
            ],
            "text": "made",
            "label": "Out"
        },
        {
            "index": 59,
            "bbox": [
                [
                    1382,
                    1301
                ],
                [
                    1414,
                    1301
                ],
                [
                    1414,
                    1331
                ],
                [
                    1382,
                    1331
                ]
            ],
            "text": "of",
            "label": "Out"
        },
        {
            "index": 60,
            "bbox": [
                [
                    1409,
                    1301
                ],
                [
                    1477,
                    1301
                ],
                [
                    1477,
                    1336
                ],
                [
                    1409,
                    1336
                ]
            ],
            "text": "highly",
            "label": "Out"
        },
        {
            "index": 61,
            "bbox": [
                [
                    141,
                    1349
                ],
                [
                    212,
                    1349
                ],
                [
                    212,
                    1375
                ],
                [
                    141,
                    1375
                ]
            ],
            "text": "Model",
            "label": "Out"
        },
        {
            "index": 62,
            "bbox": [
                [
                    440,
                    1338
                ],
                [
                    493,
                    1338
                ],
                [
                    493,
                    1363
                ],
                [
                    440,
                    1363
                ]
            ],
            "text": "blue",
            "label": "Out"
        },
        {
            "index": 63,
            "bbox": [
                [
                    493,
                    1336
                ],
                [
                    539,
                    1336
                ],
                [
                    539,
                    1363
                ],
                [
                    493,
                    1363
                ]
            ],
            "text": "line",
            "label": "Out"
        },
        {
            "index": 64,
            "bbox": [
                [
                    598,
                    1338
                ],
                [
                    648,
                    1338
                ],
                [
                    648,
                    1363
                ],
                [
                    598,
                    1363
                ]
            ],
            "text": "blue",
            "label": "Out"
        },
        {
            "index": 65,
            "bbox": [
                [
                    646,
                    1336
                ],
                [
                    692,
                    1336
                ],
                [
                    692,
                    1363
                ],
                [
                    646,
                    1363
                ]
            ],
            "text": "line",
            "label": "Out"
        },
        {
            "index": 66,
            "bbox": [
                [
                    751,
                    1333
                ],
                [
                    808,
                    1333
                ],
                [
                    808,
                    1365
                ],
                [
                    751,
                    1365
                ]
            ],
            "text": "bluel",
            "label": "Out"
        },
        {
            "index": 67,
            "bbox": [
                [
                    804,
                    1336
                ],
                [
                    847,
                    1336
                ],
                [
                    847,
                    1363
                ],
                [
                    804,
                    1363
                ]
            ],
            "text": "line",
            "label": "Out"
        },
        {
            "index": 68,
            "bbox": [
                [
                    991,
                    1331
                ],
                [
                    1089,
                    1331
                ],
                [
                    1089,
                    1363
                ],
                [
                    991,
                    1363
                ]
            ],
            "text": "resistant",
            "label": "Out"
        },
        {
            "index": 69,
            "bbox": [
                [
                    1087,
                    1333
                ],
                [
                    1137,
                    1333
                ],
                [
                    1137,
                    1361
                ],
                [
                    1087,
                    1361
                ]
            ],
            "text": "PPO",
            "label": "Out"
        },
        {
            "index": 70,
            "bbox": [
                [
                    1135,
                    1333
                ],
                [
                    1210,
                    1333
                ],
                [
                    1210,
                    1365
                ],
                [
                    1135,
                    1365
                ]
            ],
            "text": "plastic",
            "label": "Out"
        },
        {
            "index": 71,
            "bbox": [
                [
                    438,
                    1365
                ],
                [
                    502,
                    1365
                ],
                [
                    502,
                    1391
                ],
                [
                    438,
                    1391
                ]
            ],
            "text": "4STE",
            "label": "Out"
        },
        {
            "index": 72,
            "bbox": [
                [
                    500,
                    1365
                ],
                [
                    546,
                    1365
                ],
                [
                    546,
                    1393
                ],
                [
                    500,
                    1393
                ]
            ],
            "text": "214",
            "label": "Out"
        },
        {
            "index": 73,
            "bbox": [
                [
                    596,
                    1365
                ],
                [
                    660,
                    1365
                ],
                [
                    660,
                    1391
                ],
                [
                    596,
                    1391
                ]
            ],
            "text": "4STE",
            "label": "Out"
        },
        {
            "index": 74,
            "bbox": [
                [
                    655,
                    1365
                ],
                [
                    701,
                    1365
                ],
                [
                    701,
                    1393
                ],
                [
                    655,
                    1393
                ]
            ],
            "text": "219",
            "label": "Out"
        },
        {
            "index": 75,
            "bbox": [
                [
                    751,
                    1363
                ],
                [
                    817,
                    1363
                ],
                [
                    817,
                    1395
                ],
                [
                    751,
                    1395
                ]
            ],
            "text": "4STE",
            "label": "Out"
        },
        {
            "index": 76,
            "bbox": [
                [
                    813,
                    1365
                ],
                [
                    858,
                    1365
                ],
                [
                    858,
                    1393
                ],
                [
                    813,
                    1393
                ]
            ],
            "text": "225",
            "label": "Out"
        },
        {
            "index": 77,
            "bbox": [
                [
                    982,
                    1363
                ],
                [
                    1014,
                    1363
                ],
                [
                    1014,
                    1393
                ],
                [
                    982,
                    1393
                ]
            ],
            "text": "41",
            "label": "Out"
        },
        {
            "index": 78,
            "bbox": [
                [
                    1007,
                    1361
                ],
                [
                    1069,
                    1361
                ],
                [
                    1069,
                    1393
                ],
                [
                    1007,
                    1393
                ]
            ],
            "text": "GWS",
            "label": "Out"
        },
        {
            "index": 79,
            "bbox": [
                [
                    1064,
                    1365
                ],
                [
                    1162,
                    1365
                ],
                [
                    1162,
                    1397
                ],
                [
                    1064,
                    1397
                ]
            ],
            "text": "pressure",
            "label": "Out"
        },
        {
            "index": 80,
            "bbox": [
                [
                    1158,
                    1361
                ],
                [
                    1213,
                    1361
                ],
                [
                    1213,
                    1395
                ],
                [
                    1158,
                    1395
                ]
            ],
            "text": "tank",
            "label": "Out"
        },
        {
            "index": 81,
            "bbox": [
                [
                    141,
                    1402
                ],
                [
                    194,
                    1402
                ],
                [
                    194,
                    1427
                ],
                [
                    141,
                    1427
                ]
            ],
            "text": "Code",
            "label": "Out"
        },
        {
            "index": 82,
            "bbox": [
                [
                    438,
                    1400
                ],
                [
                    564,
                    1400
                ],
                [
                    564,
                    1429
                ],
                [
                    438,
                    1429
                ]
            ],
            "text": "ZB00062639",
            "label": "Out"
        },
        {
            "index": 83,
            "bbox": [
                [
                    596,
                    1400
                ],
                [
                    721,
                    1400
                ],
                [
                    721,
                    1429
                ],
                [
                    596,
                    1429
                ]
            ],
            "text": "ZB00062640",
            "label": "Out"
        },
        {
            "index": 84,
            "bbox": [
                [
                    751,
                    1400
                ],
                [
                    874,
                    1400
                ],
                [
                    874,
                    1429
                ],
                [
                    751,
                    1429
                ]
            ],
            "text": "ZB00062641",
            "label": "Out"
        },
        {
            "index": 85,
            "bbox": [
                [
                    984,
                    1393
                ],
                [
                    1098,
                    1393
                ],
                [
                    1098,
                    1427
                ],
                [
                    984,
                    1427
                ]
            ],
            "text": "Frequency",
            "label": "Out"
        },
        {
            "index": 86,
            "bbox": [
                [
                    1098,
                    1397
                ],
                [
                    1201,
                    1397
                ],
                [
                    1201,
                    1420
                ],
                [
                    1098,
                    1420
                ]
            ],
            "text": "convertor",
            "label": "Out"
        },
        {
            "index": 87,
            "bbox": [
                [
                    1199,
                    1393
                ],
                [
                    1286,
                    1393
                ],
                [
                    1286,
                    1423
                ],
                [
                    1199,
                    1423
                ]
            ],
            "text": "PUMPA",
            "label": "Out"
        },
        {
            "index": 88,
            "bbox": [
                [
                    1281,
                    1395
                ],
                [
                    1345,
                    1395
                ],
                [
                    1345,
                    1420
                ],
                [
                    1281,
                    1420
                ]
            ],
            "text": "e-line",
            "label": "Out"
        },
        {
            "index": 89,
            "bbox": [
                [
                    1343,
                    1393
                ],
                [
                    1441,
                    1393
                ],
                [
                    1441,
                    1423
                ],
                [
                    1343,
                    1423
                ]
            ],
            "text": "Drive-04",
            "label": "Out"
        },
        {
            "index": 90,
            "bbox": [
                [
                    139,
                    1434
                ],
                [
                    239,
                    1434
                ],
                [
                    239,
                    1464
                ],
                [
                    139,
                    1464
                ]
            ],
            "text": "Maximum",
            "label": "Out"
        },
        {
            "index": 91,
            "bbox": [
                [
                    235,
                    1436
                ],
                [
                    283,
                    1436
                ],
                [
                    283,
                    1464
                ],
                [
                    235,
                    1464
                ]
            ],
            "text": "flow",
            "label": "Out"
        },
        {
            "index": 92,
            "bbox": [
                [
                    278,
                    1434
                ],
                [
                    365,
                    1434
                ],
                [
                    365,
                    1466
                ],
                [
                    278,
                    1466
                ]
            ],
            "text": "[m3/hod]",
            "label": "Out"
        },
        {
            "index": 93,
            "bbox": [
                [
                    438,
                    1439
                ],
                [
                    475,
                    1439
                ],
                [
                    475,
                    1464
                ],
                [
                    438,
                    1464
                ]
            ],
            "text": "4,5",
            "label": "Out"
        },
        {
            "index": 94,
            "bbox": [
                [
                    596,
                    1439
                ],
                [
                    630,
                    1439
                ],
                [
                    630,
                    1466
                ],
                [
                    596,
                    1466
                ]
            ],
            "text": "4,5",
            "label": "Out"
        },
        {
            "index": 95,
            "bbox": [
                [
                    753,
                    1436
                ],
                [
                    788,
                    1436
                ],
                [
                    788,
                    1466
                ],
                [
                    753,
                    1466
                ]
            ],
            "text": "4,5",
            "label": "Out"
        },
        {
            "index": 96,
            "bbox": [
                [
                    984,
                    1425
                ],
                [
                    1032,
                    1425
                ],
                [
                    1032,
                    1452
                ],
                [
                    984,
                    1452
                ]
            ],
            "text": "The",
            "label": "Out"
        },
        {
            "index": 97,
            "bbox": [
                [
                    1028,
                    1427
                ],
                [
                    1069,
                    1427
                ],
                [
                    1069,
                    1452
                ],
                [
                    1028,
                    1452
                ]
            ],
            "text": "set",
            "label": "Out"
        },
        {
            "index": 98,
            "bbox": [
                [
                    1066,
                    1423
                ],
                [
                    1160,
                    1423
                ],
                [
                    1160,
                    1455
                ],
                [
                    1066,
                    1455
                ]
            ],
            "text": "includes",
            "label": "Out"
        },
        {
            "index": 99,
            "bbox": [
                [
                    1155,
                    1427
                ],
                [
                    1181,
                    1427
                ],
                [
                    1181,
                    1455
                ],
                [
                    1155,
                    1455
                ]
            ],
            "text": "a",
            "label": "Out"
        },
        {
            "index": 100,
            "bbox": [
                [
                    1176,
                    1425
                ],
                [
                    1270,
                    1425
                ],
                [
                    1270,
                    1457
                ],
                [
                    1176,
                    1457
                ]
            ],
            "text": "five-way",
            "label": "Out"
        },
        {
            "index": 101,
            "bbox": [
                [
                    1267,
                    1423
                ],
                [
                    1366,
                    1423
                ],
                [
                    1366,
                    1455
                ],
                [
                    1267,
                    1455
                ]
            ],
            "text": "stainless",
            "label": "Out"
        },
        {
            "index": 102,
            "bbox": [
                [
                    1363,
                    1423
                ],
                [
                    1423,
                    1423
                ],
                [
                    1423,
                    1455
                ],
                [
                    1363,
                    1455
                ]
            ],
            "text": "steel",
            "label": "Out"
        },
        {
            "index": 103,
            "bbox": [
                [
                    1418,
                    1423
                ],
                [
                    1484,
                    1423
                ],
                [
                    1484,
                    1457
                ],
                [
                    1418,
                    1457
                ]
            ],
            "text": "valve,",
            "label": "Out"
        },
        {
            "index": 104,
            "bbox": [
                [
                    139,
                    1471
                ],
                [
                    242,
                    1471
                ],
                [
                    242,
                    1500
                ],
                [
                    139,
                    1500
                ]
            ],
            "text": "Maximum",
            "label": "Out"
        },
        {
            "index": 105,
            "bbox": [
                [
                    235,
                    1473
                ],
                [
                    287,
                    1473
                ],
                [
                    287,
                    1498
                ],
                [
                    235,
                    1498
                ]
            ],
            "text": "head",
            "label": "Out"
        },
        {
            "index": 106,
            "bbox": [
                [
                    285,
                    1471
                ],
                [
                    319,
                    1471
                ],
                [
                    319,
                    1500
                ],
                [
                    285,
                    1500
                ]
            ],
            "text": "[m]",
            "label": "Out"
        },
        {
            "index": 107,
            "bbox": [
                [
                    438,
                    1471
                ],
                [
                    470,
                    1471
                ],
                [
                    470,
                    1500
                ],
                [
                    438,
                    1500
                ]
            ],
            "text": "95",
            "label": "Out"
        },
        {
            "index": 108,
            "bbox": [
                [
                    598,
                    1473
                ],
                [
                    637,
                    1473
                ],
                [
                    637,
                    1500
                ],
                [
                    598,
                    1500
                ]
            ],
            "text": "128",
            "label": "Out"
        },
        {
            "index": 109,
            "bbox": [
                [
                    756,
                    1473
                ],
                [
                    795,
                    1473
                ],
                [
                    795,
                    1500
                ],
                [
                    756,
                    1500
                ]
            ],
            "text": "169",
            "label": "Out"
        },
        {
            "index": 110,
            "bbox": [
                [
                    986,
                    1457
                ],
                [
                    1087,
                    1457
                ],
                [
                    1087,
                    1489
                ],
                [
                    986,
                    1489
                ]
            ],
            "text": "pressure",
            "label": "Out"
        },
        {
            "index": 111,
            "bbox": [
                [
                    1085,
                    1459
                ],
                [
                    1162,
                    1459
                ],
                [
                    1162,
                    1484
                ],
                [
                    1085,
                    1484
                ]
            ],
            "text": "sensor,",
            "label": "Out"
        },
        {
            "index": 112,
            "bbox": [
                [
                    1160,
                    1459
                ],
                [
                    1260,
                    1459
                ],
                [
                    1260,
                    1489
                ],
                [
                    1160,
                    1489
                ]
            ],
            "text": "pressure",
            "label": "Out"
        },
        {
            "index": 113,
            "bbox": [
                [
                    1254,
                    1459
                ],
                [
                    1329,
                    1459
                ],
                [
                    1329,
                    1491
                ],
                [
                    1254,
                    1491
                ]
            ],
            "text": "gauge",
            "label": "Out"
        },
        {
            "index": 114,
            "bbox": [
                [
                    139,
                    1507
                ],
                [
                    203,
                    1507
                ],
                [
                    203,
                    1539
                ],
                [
                    139,
                    1539
                ]
            ],
            "text": "Pump",
            "label": "Out"
        },
        {
            "index": 115,
            "bbox": [
                [
                    196,
                    1505
                ],
                [
                    290,
                    1505
                ],
                [
                    290,
                    1534
                ],
                [
                    196,
                    1534
                ]
            ],
            "text": "diameter",
            "label": "Out"
        },
        {
            "index": 116,
            "bbox": [
                [
                    438,
                    1507
                ],
                [
                    466,
                    1507
                ],
                [
                    466,
                    1534
                ],
                [
                    438,
                    1534
                ]
            ],
            "text": "4\"",
            "label": "Out"
        },
        {
            "index": 117,
            "bbox": [
                [
                    596,
                    1505
                ],
                [
                    623,
                    1505
                ],
                [
                    623,
                    1537
                ],
                [
                    596,
                    1537
                ]
            ],
            "text": "4\"",
            "label": "Out"
        },
        {
            "index": 118,
            "bbox": [
                [
                    753,
                    1507
                ],
                [
                    781,
                    1507
                ],
                [
                    781,
                    1534
                ],
                [
                    753,
                    1534
                ]
            ],
            "text": "4\"",
            "label": "Out"
        },
        {
            "index": 119,
            "bbox": [
                [
                    964,
                    1505
                ],
                [
                    1114,
                    1505
                ],
                [
                    1114,
                    1544
                ],
                [
                    964,
                    1544
                ]
            ],
            "text": "Hydraulic",
            "label": "Out"
        },
        {
            "index": 120,
            "bbox": [
                [
                    1117,
                    1505
                ],
                [
                    1315,
                    1505
                ],
                [
                    1315,
                    1544
                ],
                [
                    1117,
                    1544
                ]
            ],
            "text": "performance",
            "label": "Out"
        },
        {
            "index": 121,
            "bbox": [
                [
                    1315,
                    1509
                ],
                [
                    1409,
                    1509
                ],
                [
                    1409,
                    1539
                ],
                [
                    1315,
                    1539
                ]
            ],
            "text": "curve",
            "label": "Out"
        },
        {
            "index": 122,
            "bbox": [
                [
                    141,
                    1544
                ],
                [
                    319,
                    1544
                ],
                [
                    319,
                    1573
                ],
                [
                    141,
                    1573
                ]
            ],
            "text": "Voltage/frequency",
            "label": "Out"
        },
        {
            "index": 123,
            "bbox": [
                [
                    310,
                    1541
                ],
                [
                    377,
                    1541
                ],
                [
                    377,
                    1573
                ],
                [
                    310,
                    1573
                ]
            ],
            "text": "[V/Hz]",
            "label": "Out"
        },
        {
            "index": 124,
            "bbox": [
                [
                    438,
                    1541
                ],
                [
                    541,
                    1541
                ],
                [
                    541,
                    1573
                ],
                [
                    438,
                    1573
                ]
            ],
            "text": "3x230 / 50",
            "label": "Out"
        },
        {
            "index": 125,
            "bbox": [
                [
                    596,
                    1541
                ],
                [
                    676,
                    1541
                ],
                [
                    676,
                    1573
                ],
                [
                    596,
                    1573
                ]
            ],
            "text": "3x230/",
            "label": "Out"
        },
        {
            "index": 126,
            "bbox": [
                [
                    664,
                    1544
                ],
                [
                    696,
                    1544
                ],
                [
                    696,
                    1571
                ],
                [
                    664,
                    1571
                ]
            ],
            "text": "50",
            "label": "Out"
        },
        {
            "index": 127,
            "bbox": [
                [
                    751,
                    1541
                ],
                [
                    856,
                    1541
                ],
                [
                    856,
                    1573
                ],
                [
                    751,
                    1573
                ]
            ],
            "text": "3x230 / 50",
            "label": "Out"
        },
        {
            "index": 128,
            "bbox": [
                [
                    966,
                    1564
                ],
                [
                    1002,
                    1564
                ],
                [
                    1002,
                    1589
                ],
                [
                    966,
                    1589
                ]
            ],
            "text": "180",
            "label": "Out"
        },
        {
            "index": 129,
            "bbox": [
                [
                    139,
                    1576
                ],
                [
                    205,
                    1576
                ],
                [
                    205,
                    1608
                ],
                [
                    139,
                    1608
                ]
            ],
            "text": "Power",
            "label": "Out"
        },
        {
            "index": 130,
            "bbox": [
                [
                    201,
                    1578
                ],
                [
                    237,
                    1578
                ],
                [
                    237,
                    1608
                ],
                [
                    201,
                    1608
                ]
            ],
            "text": "[W]",
            "label": "Out"
        },
        {
            "index": 131,
            "bbox": [
                [
                    440,
                    1578
                ],
                [
                    479,
                    1578
                ],
                [
                    479,
                    1605
                ],
                [
                    440,
                    1605
                ]
            ],
            "text": "750",
            "label": "Out"
        },
        {
            "index": 132,
            "bbox": [
                [
                    598,
                    1580
                ],
                [
                    648,
                    1580
                ],
                [
                    648,
                    1605
                ],
                [
                    598,
                    1605
                ]
            ],
            "text": "1100",
            "label": "Out"
        },
        {
            "index": 133,
            "bbox": [
                [
                    756,
                    1580
                ],
                [
                    806,
                    1580
                ],
                [
                    806,
                    1605
                ],
                [
                    756,
                    1605
                ]
            ],
            "text": "1500",
            "label": "Out"
        },
        {
            "index": 134,
            "bbox": [
                [
                    1459,
                    1580
                ],
                [
                    1512,
                    1580
                ],
                [
                    1512,
                    1605
                ],
                [
                    1459,
                    1605
                ]
            ],
            "text": "-4STE",
            "label": "Out"
        },
        {
            "index": 135,
            "bbox": [
                [
                    1503,
                    1580
                ],
                [
                    1539,
                    1580
                ],
                [
                    1539,
                    1605
                ],
                [
                    1503,
                    1605
                ]
            ],
            "text": "214",
            "label": "Out"
        },
        {
            "index": 136,
            "bbox": [
                [
                    139,
                    1612
                ],
                [
                    253,
                    1612
                ],
                [
                    253,
                    1642
                ],
                [
                    139,
                    1642
                ]
            ],
            "text": "Connection",
            "label": "Out"
        },
        {
            "index": 137,
            "bbox": [
                [
                    440,
                    1614
                ],
                [
                    482,
                    1614
                ],
                [
                    482,
                    1642
                ],
                [
                    440,
                    1642
                ]
            ],
            "text": "5/4\"",
            "label": "Out"
        },
        {
            "index": 138,
            "bbox": [
                [
                    598,
                    1614
                ],
                [
                    641,
                    1614
                ],
                [
                    641,
                    1642
                ],
                [
                    598,
                    1642
                ]
            ],
            "text": "5/4\"",
            "label": "Out"
        },
        {
            "index": 139,
            "bbox": [
                [
                    756,
                    1614
                ],
                [
                    797,
                    1614
                ],
                [
                    797,
                    1642
                ],
                [
                    756,
                    1642
                ]
            ],
            "text": "5/4\"",
            "label": "Out"
        },
        {
            "index": 140,
            "bbox": [
                [
                    964,
                    1601
                ],
                [
                    1002,
                    1601
                ],
                [
                    1002,
                    1626
                ],
                [
                    964,
                    1626
                ]
            ],
            "text": "160",
            "label": "Out"
        },
        {
            "index": 141,
            "bbox": [
                [
                    139,
                    1649
                ],
                [
                    239,
                    1649
                ],
                [
                    239,
                    1678
                ],
                [
                    139,
                    1678
                ]
            ],
            "text": "Maximum",
            "label": "Out"
        },
        {
            "index": 142,
            "bbox": [
                [
                    235,
                    1649
                ],
                [
                    340,
                    1649
                ],
                [
                    340,
                    1678
                ],
                [
                    235,
                    1678
                ]
            ],
            "text": "immersion",
            "label": "Out"
        },
        {
            "index": 143,
            "bbox": [
                [
                    335,
                    1649
                ],
                [
                    397,
                    1649
                ],
                [
                    397,
                    1681
                ],
                [
                    335,
                    1681
                ]
            ],
            "text": "depth",
            "label": "Out"
        },
        {
            "index": 144,
            "bbox": [
                [
                    393,
                    1651
                ],
                [
                    429,
                    1651
                ],
                [
                    429,
                    1681
                ],
                [
                    393,
                    1681
                ]
            ],
            "text": "[m]",
            "label": "Out"
        },
        {
            "index": 145,
            "bbox": [
                [
                    438,
                    1651
                ],
                [
                    470,
                    1651
                ],
                [
                    470,
                    1678
                ],
                [
                    438,
                    1678
                ]
            ],
            "text": "40",
            "label": "Out"
        },
        {
            "index": 146,
            "bbox": [
                [
                    596,
                    1651
                ],
                [
                    628,
                    1651
                ],
                [
                    628,
                    1678
                ],
                [
                    596,
                    1678
                ]
            ],
            "text": "40",
            "label": "Out"
        },
        {
            "index": 147,
            "bbox": [
                [
                    753,
                    1651
                ],
                [
                    785,
                    1651
                ],
                [
                    785,
                    1678
                ],
                [
                    753,
                    1678
                ]
            ],
            "text": "40",
            "label": "Out"
        },
        {
            "index": 148,
            "bbox": [
                [
                    925,
                    1637
                ],
                [
                    959,
                    1637
                ],
                [
                    959,
                    1667
                ],
                [
                    925,
                    1667
                ]
            ],
            "text": "[m]",
            "label": "Out"
        },
        {
            "index": 149,
            "bbox": [
                [
                    966,
                    1637
                ],
                [
                    1002,
                    1637
                ],
                [
                    1002,
                    1662
                ],
                [
                    966,
                    1662
                ]
            ],
            "text": "140",
            "label": "Out"
        },
        {
            "index": 150,
            "bbox": [
                [
                    1464,
                    1633
                ],
                [
                    1546,
                    1633
                ],
                [
                    1546,
                    1660
                ],
                [
                    1464,
                    1660
                ]
            ],
            "text": "4STE219",
            "label": "Out"
        },
        {
            "index": 151,
            "bbox": [
                [
                    137,
                    1683
                ],
                [
                    239,
                    1683
                ],
                [
                    239,
                    1713
                ],
                [
                    137,
                    1713
                ]
            ],
            "text": "Maximum",
            "label": "Out"
        },
        {
            "index": 152,
            "bbox": [
                [
                    233,
                    1683
                ],
                [
                    297,
                    1683
                ],
                [
                    297,
                    1715
                ],
                [
                    233,
                    1715
                ]
            ],
            "text": "liquid",
            "label": "Out"
        },
        {
            "index": 153,
            "bbox": [
                [
                    290,
                    1685
                ],
                [
                    411,
                    1685
                ],
                [
                    411,
                    1715
                ],
                [
                    290,
                    1715
                ]
            ],
            "text": "temperature",
            "label": "Out"
        },
        {
            "index": 154,
            "bbox": [
                [
                    438,
                    1697
                ],
                [
                    470,
                    1697
                ],
                [
                    470,
                    1724
                ],
                [
                    438,
                    1724
                ]
            ],
            "text": "35",
            "label": "Out"
        },
        {
            "index": 155,
            "bbox": [
                [
                    596,
                    1697
                ],
                [
                    628,
                    1697
                ],
                [
                    628,
                    1724
                ],
                [
                    596,
                    1724
                ]
            ],
            "text": "35",
            "label": "Out"
        },
        {
            "index": 156,
            "bbox": [
                [
                    753,
                    1697
                ],
                [
                    785,
                    1697
                ],
                [
                    785,
                    1724
                ],
                [
                    753,
                    1724
                ]
            ],
            "text": "35",
            "label": "Out"
        },
        {
            "index": 157,
            "bbox": [
                [
                    966,
                    1674
                ],
                [
                    1002,
                    1674
                ],
                [
                    1002,
                    1699
                ],
                [
                    966,
                    1699
                ]
            ],
            "text": "120",
            "label": "Out"
        },
        {
            "index": 158,
            "bbox": [
                [
                    1462,
                    1688
                ],
                [
                    1509,
                    1688
                ],
                [
                    1509,
                    1710
                ],
                [
                    1462,
                    1710
                ]
            ],
            "text": "4STE",
            "label": "Out"
        },
        {
            "index": 159,
            "bbox": [
                [
                    1503,
                    1685
                ],
                [
                    1541,
                    1685
                ],
                [
                    1541,
                    1710
                ],
                [
                    1503,
                    1710
                ]
            ],
            "text": "225",
            "label": "Out"
        },
        {
            "index": 160,
            "bbox": [
                [
                    139,
                    1708
                ],
                [
                    182,
                    1708
                ],
                [
                    182,
                    1735
                ],
                [
                    139,
                    1735
                ]
            ],
            "text": "[°C]",
            "label": "Out"
        },
        {
            "index": 161,
            "bbox": [
                [
                    964,
                    1710
                ],
                [
                    1002,
                    1710
                ],
                [
                    1002,
                    1735
                ],
                [
                    964,
                    1735
                ]
            ],
            "text": "100",
            "label": "Out"
        },
        {
            "index": 162,
            "bbox": [
                [
                    141,
                    1742
                ],
                [
                    201,
                    1742
                ],
                [
                    201,
                    1767
                ],
                [
                    141,
                    1767
                ]
            ],
            "text": "Cable",
            "label": "Out"
        },
        {
            "index": 163,
            "bbox": [
                [
                    196,
                    1740
                ],
                [
                    265,
                    1740
                ],
                [
                    265,
                    1772
                ],
                [
                    196,
                    1772
                ]
            ],
            "text": "length",
            "label": "Out"
        },
        {
            "index": 164,
            "bbox": [
                [
                    258,
                    1742
                ],
                [
                    294,
                    1742
                ],
                [
                    294,
                    1772
                ],
                [
                    258,
                    1772
                ]
            ],
            "text": "[m]",
            "label": "Out"
        },
        {
            "index": 165,
            "bbox": [
                [
                    438,
                    1742
                ],
                [
                    470,
                    1742
                ],
                [
                    470,
                    1770
                ],
                [
                    438,
                    1770
                ]
            ],
            "text": "30",
            "label": "Out"
        },
        {
            "index": 166,
            "bbox": [
                [
                    596,
                    1742
                ],
                [
                    628,
                    1742
                ],
                [
                    628,
                    1770
                ],
                [
                    596,
                    1770
                ]
            ],
            "text": "40",
            "label": "Out"
        },
        {
            "index": 167,
            "bbox": [
                [
                    753,
                    1742
                ],
                [
                    785,
                    1742
                ],
                [
                    785,
                    1770
                ],
                [
                    753,
                    1770
                ]
            ],
            "text": "50",
            "label": "Out"
        },
        {
            "index": 168,
            "bbox": [
                [
                    973,
                    1745
                ],
                [
                    1002,
                    1745
                ],
                [
                    1002,
                    1770
                ],
                [
                    973,
                    1770
                ]
            ],
            "text": "80",
            "label": "Out"
        },
        {
            "index": 169,
            "bbox": [
                [
                    139,
                    1777
                ],
                [
                    244,
                    1777
                ],
                [
                    244,
                    1806
                ],
                [
                    139,
                    1806
                ]
            ],
            "text": "Protection",
            "label": "Out"
        },
        {
            "index": 170,
            "bbox": [
                [
                    436,
                    1777
                ],
                [
                    495,
                    1777
                ],
                [
                    495,
                    1809
                ],
                [
                    436,
                    1809
                ]
            ],
            "text": "IP68",
            "label": "Out"
        },
        {
            "index": 171,
            "bbox": [
                [
                    596,
                    1779
                ],
                [
                    625,
                    1779
                ],
                [
                    625,
                    1806
                ],
                [
                    596,
                    1806
                ]
            ],
            "text": "IP",
            "label": "Out"
        },
        {
            "index": 172,
            "bbox": [
                [
                    616,
                    1779
                ],
                [
                    651,
                    1779
                ],
                [
                    651,
                    1806
                ],
                [
                    616,
                    1806
                ]
            ],
            "text": "68",
            "label": "Out"
        },
        {
            "index": 173,
            "bbox": [
                [
                    753,
                    1779
                ],
                [
                    783,
                    1779
                ],
                [
                    783,
                    1806
                ],
                [
                    753,
                    1806
                ]
            ],
            "text": "IP",
            "label": "Out"
        },
        {
            "index": 174,
            "bbox": [
                [
                    774,
                    1779
                ],
                [
                    808,
                    1779
                ],
                [
                    808,
                    1806
                ],
                [
                    774,
                    1806
                ]
            ],
            "text": "68",
            "label": "Out"
        },
        {
            "index": 175,
            "bbox": [
                [
                    973,
                    1781
                ],
                [
                    1002,
                    1781
                ],
                [
                    1002,
                    1806
                ],
                [
                    973,
                    1806
                ]
            ],
            "text": "60",
            "label": "Out"
        },
        {
            "index": 176,
            "bbox": [
                [
                    137,
                    1811
                ],
                [
                    242,
                    1811
                ],
                [
                    242,
                    1843
                ],
                [
                    137,
                    1843
                ]
            ],
            "text": "Insulation",
            "label": "Out"
        },
        {
            "index": 177,
            "bbox": [
                [
                    237,
                    1813
                ],
                [
                    292,
                    1813
                ],
                [
                    292,
                    1838
                ],
                [
                    237,
                    1838
                ]
            ],
            "text": "class",
            "label": "Out"
        },
        {
            "index": 178,
            "bbox": [
                [
                    438,
                    1813
                ],
                [
                    461,
                    1813
                ],
                [
                    461,
                    1843
                ],
                [
                    438,
                    1843
                ]
            ],
            "text": "B",
            "label": "Out"
        },
        {
            "index": 179,
            "bbox": [
                [
                    596,
                    1813
                ],
                [
                    621,
                    1813
                ],
                [
                    621,
                    1841
                ],
                [
                    596,
                    1841
                ]
            ],
            "text": "B",
            "label": "Out"
        },
        {
            "index": 180,
            "bbox": [
                [
                    753,
                    1813
                ],
                [
                    776,
                    1813
                ],
                [
                    776,
                    1843
                ],
                [
                    753,
                    1843
                ]
            ],
            "text": "B",
            "label": "Out"
        },
        {
            "index": 181,
            "bbox": [
                [
                    973,
                    1818
                ],
                [
                    1002,
                    1818
                ],
                [
                    1002,
                    1843
                ],
                [
                    973,
                    1843
                ]
            ],
            "text": "40",
            "label": "Out"
        },
        {
            "index": 182,
            "bbox": [
                [
                    139,
                    1847
                ],
                [
                    214,
                    1847
                ],
                [
                    214,
                    1879
                ],
                [
                    139,
                    1879
                ]
            ],
            "text": "Weight",
            "label": "Out"
        },
        {
            "index": 183,
            "bbox": [
                [
                    205,
                    1847
                ],
                [
                    253,
                    1847
                ],
                [
                    253,
                    1882
                ],
                [
                    205,
                    1882
                ]
            ],
            "text": "[kgl",
            "label": "Out"
        },
        {
            "index": 184,
            "bbox": [
                [
                    438,
                    1847
                ],
                [
                    488,
                    1847
                ],
                [
                    488,
                    1882
                ],
                [
                    438,
                    1882
                ]
            ],
            "text": "22,4",
            "label": "Out"
        },
        {
            "index": 185,
            "bbox": [
                [
                    596,
                    1847
                ],
                [
                    644,
                    1847
                ],
                [
                    644,
                    1882
                ],
                [
                    596,
                    1882
                ]
            ],
            "text": "27,2",
            "label": "Out"
        },
        {
            "index": 186,
            "bbox": [
                [
                    753,
                    1847
                ],
                [
                    804,
                    1847
                ],
                [
                    804,
                    1882
                ],
                [
                    753,
                    1882
                ]
            ],
            "text": "33,5",
            "label": "Out"
        },
        {
            "index": 187,
            "bbox": [
                [
                    973,
                    1854
                ],
                [
                    1002,
                    1854
                ],
                [
                    1002,
                    1879
                ],
                [
                    973,
                    1879
                ]
            ],
            "text": "20",
            "label": "Out"
        },
        {
            "index": 188,
            "bbox": [
                [
                    141,
                    1886
                ],
                [
                    246,
                    1886
                ],
                [
                    246,
                    1909
                ],
                [
                    141,
                    1909
                ]
            ],
            "text": "Dimension",
            "label": "Out"
        },
        {
            "index": 189,
            "bbox": [
                [
                    253,
                    1882
                ],
                [
                    322,
                    1882
                ],
                [
                    322,
                    1916
                ],
                [
                    253,
                    1916
                ]
            ],
            "text": "length",
            "label": "Out"
        },
        {
            "index": 190,
            "bbox": [
                [
                    315,
                    1882
                ],
                [
                    372,
                    1882
                ],
                [
                    372,
                    1916
                ],
                [
                    315,
                    1916
                ]
            ],
            "text": "[mm]",
            "label": "Out"
        },
        {
            "index": 191,
            "bbox": [
                [
                    438,
                    1884
                ],
                [
                    479,
                    1884
                ],
                [
                    479,
                    1911
                ],
                [
                    438,
                    1911
                ]
            ],
            "text": "910",
            "label": "Out"
        },
        {
            "index": 192,
            "bbox": [
                [
                    598,
                    1884
                ],
                [
                    646,
                    1884
                ],
                [
                    646,
                    1911
                ],
                [
                    598,
                    1911
                ]
            ],
            "text": "1120",
            "label": "Out"
        },
        {
            "index": 193,
            "bbox": [
                [
                    756,
                    1886
                ],
                [
                    804,
                    1886
                ],
                [
                    804,
                    1911
                ],
                [
                    756,
                    1911
                ]
            ],
            "text": "1318",
            "label": "Out"
        },
        {
            "index": 194,
            "bbox": [
                [
                    1053,
                    1909
                ],
                [
                    1085,
                    1909
                ],
                [
                    1085,
                    1934
                ],
                [
                    1053,
                    1934
                ]
            ],
            "text": "0,5",
            "label": "Out"
        },
        {
            "index": 195,
            "bbox": [
                [
                    1174,
                    1909
                ],
                [
                    1206,
                    1909
                ],
                [
                    1206,
                    1934
                ],
                [
                    1174,
                    1934
                ]
            ],
            "text": "1,5",
            "label": "Out"
        },
        {
            "index": 196,
            "bbox": [
                [
                    1242,
                    1911
                ],
                [
                    1258,
                    1911
                ],
                [
                    1258,
                    1930
                ],
                [
                    1242,
                    1930
                ]
            ],
            "text": "2",
            "label": "Out"
        },
        {
            "index": 197,
            "bbox": [
                [
                    1292,
                    1909
                ],
                [
                    1324,
                    1909
                ],
                [
                    1324,
                    1934
                ],
                [
                    1292,
                    1934
                ]
            ],
            "text": "2,5",
            "label": "Out"
        },
        {
            "index": 198,
            "bbox": [
                [
                    1363,
                    1916
                ],
                [
                    1377,
                    1916
                ],
                [
                    1377,
                    1930
                ],
                [
                    1363,
                    1930
                ]
            ],
            "text": "3",
            "label": "Out"
        },
        {
            "index": 199,
            "bbox": [
                [
                    1411,
                    1909
                ],
                [
                    1446,
                    1909
                ],
                [
                    1446,
                    1934
                ],
                [
                    1411,
                    1934
                ]
            ],
            "text": "3,5",
            "label": "Out"
        },
        {
            "index": 200,
            "bbox": [
                [
                    1535,
                    1909
                ],
                [
                    1567,
                    1909
                ],
                [
                    1567,
                    1934
                ],
                [
                    1535,
                    1934
                ]
            ],
            "text": "4,5",
            "label": "Out"
        },
        {
            "index": 201,
            "bbox": [
                [
                    1231,
                    1948
                ],
                [
                    1276,
                    1948
                ],
                [
                    1276,
                    1971
                ],
                [
                    1231,
                    1971
                ]
            ],
            "text": "Flow",
            "label": "Out"
        },
        {
            "index": 202,
            "bbox": [
                [
                    1270,
                    1946
                ],
                [
                    1297,
                    1946
                ],
                [
                    1297,
                    1973
                ],
                [
                    1270,
                    1973
                ]
            ],
            "text": "Q",
            "label": "Out"
        },
        {
            "index": 203,
            "bbox": [
                [
                    1468,
                    1943
                ],
                [
                    1528,
                    1943
                ],
                [
                    1528,
                    1978
                ],
                [
                    1468,
                    1978
                ]
            ],
            "text": "[m3/h]",
            "label": "Out"
        },
        {
            "index": 204,
            "bbox": [
                [
                    134,
                    2028
                ],
                [
                    436,
                    2028
                ],
                [
                    436,
                    2060
                ],
                [
                    134,
                    2060
                ]
            ],
            "text": "www.pumpa.eu",
            "label": "Out"
        }
    ]
}