{
    "datasheet": [
        {
            "index": 0,
            "bbox": [
                [
                    180,
                    127
                ],
                [
                    180,
                    241
                ],
                [
                    602,
                    241
                ],
                [
                    602,
                    127
                ]
            ],
            "text": "pumpa",
            "label": "Out",
            "links": []
        },
        {
            "index": 1,
            "bbox": [
                [
                    183,
                    299
                ],
                [
                    183,
                    371
                ],
                [
                    381,
                    371
                ],
                [
                    381,
                    299
                ]
            ],
            "text": "blue",
            "label": "Out",
            "links": []
        },
        {
            "index": 2,
            "bbox": [
                [
                    390,
                    299
                ],
                [
                    390,
                    371
                ],
                [
                    554,
                    371
                ],
                [
                    554,
                    299
                ]
            ],
            "text": "line",
            "label": "Out",
            "links": []
        },
        {
            "index": 3,
            "bbox": [
                [
                    136,
                    534
                ],
                [
                    136,
                    609
                ],
                [
                    492,
                    609
                ],
                [
                    492,
                    534
                ]
            ],
            "text": "displacement",
            "label": "B_Descri",
            "links": []
        },
        {
            "index": 4,
            "bbox": [
                [
                    502,
                    534
                ],
                [
                    502,
                    609
                ],
                [
                    663,
                    609
                ],
                [
                    663,
                    534
                ]
            ],
            "text": "pump",
            "label": "I_Descri",
            "links": []
        },
        {
            "index": 5,
            "bbox": [
                [
                    132,
                    649
                ],
                [
                    132,
                    714
                ],
                [
                    340,
                    714
                ],
                [
                    340,
                    649
                ]
            ],
            "text": "BLUE",
            "label": "B_Descri",
            "links": []
        },
        {
            "index": 6,
            "bbox": [
                [
                    348,
                    649
                ],
                [
                    348,
                    714
                ],
                [
                    533,
                    714
                ],
                [
                    533,
                    649
                ]
            ],
            "text": "LINE",
            "label": "I_Descri",
            "links": []
        },
        {
            "index": 7,
            "bbox": [
                [
                    128,
                    741
                ],
                [
                    128,
                    819
                ],
                [
                    499,
                    819
                ],
                [
                    499,
                    741
                ]
            ],
            "text": "PTM60-1",
            "label": "I_Descri",
            "links": []
        },
        {
            "index": 8,
            "bbox": [
                [
                    132,
                    843
                ],
                [
                    132,
                    877
                ],
                [
                    204,
                    877
                ],
                [
                    204,
                    843
                ]
            ],
            "text": "Blue",
            "label": "B_Descri",
            "links": []
        },
        {
            "index": 9,
            "bbox": [
                [
                    209,
                    843
                ],
                [
                    209,
                    877
                ],
                [
                    273,
                    877
                ],
                [
                    273,
                    843
                ]
            ],
            "text": "Line",
            "label": "I_Descri",
            "links": []
        },
        {
            "index": 10,
            "bbox": [
                [
                    277,
                    843
                ],
                [
                    277,
                    877
                ],
                [
                    421,
                    877
                ],
                [
                    421,
                    843
                ]
            ],
            "text": "PTM60-1",
            "label": "I_Descri",
            "links": []
        },
        {
            "index": 11,
            "bbox": [
                [
                    425,
                    843
                ],
                [
                    425,
                    877
                ],
                [
                    502,
                    877
                ],
                [
                    502,
                    843
                ]
            ],
            "text": "230V",
            "label": "I_Descri",
            "links": []
        },
        {
            "index": 12,
            "bbox": [
                [
                    506,
                    843
                ],
                [
                    506,
                    877
                ],
                [
                    713,
                    877
                ],
                [
                    713,
                    843
                ]
            ],
            "text": "displacement",
            "label": "I_Descri",
            "links": []
        },
        {
            "index": 13,
            "bbox": [
                [
                    132,
                    881
                ],
                [
                    132,
                    918
                ],
                [
                    219,
                    918
                ],
                [
                    219,
                    881
                ]
            ],
            "text": "pump",
            "label": "I_Descri",
            "links": []
        },
        {
            "index": 14,
            "bbox": [
                [
                    224,
                    881
                ],
                [
                    224,
                    918
                ],
                [
                    270,
                    918
                ],
                [
                    270,
                    881
                ]
            ],
            "text": "for",
            "label": "I_Descri",
            "links": []
        },
        {
            "index": 15,
            "bbox": [
                [
                    275,
                    881
                ],
                [
                    275,
                    918
                ],
                [
                    409,
                    918
                ],
                [
                    409,
                    881
                ]
            ],
            "text": "pumping",
            "label": "I_Descri",
            "links": []
        },
        {
            "index": 16,
            "bbox": [
                [
                    414,
                    881
                ],
                [
                    414,
                    918
                ],
                [
                    497,
                    918
                ],
                [
                    497,
                    881
                ]
            ],
            "text": "clean",
            "label": "I_Descri",
            "links": []
        },
        {
            "index": 17,
            "bbox": [
                [
                    502,
                    881
                ],
                [
                    502,
                    918
                ],
                [
                    594,
                    918
                ],
                [
                    594,
                    881
                ]
            ],
            "text": "water.",
            "label": "I_Descri",
            "links": []
        },
        {
            "index": 18,
            "bbox": [
                [
                    132,
                    1145
                ],
                [
                    132,
                    1185
                ],
                [
                    312,
                    1185
                ],
                [
                    312,
                    1145
                ]
            ],
            "text": "Application",
            "label": "B_Section",
            "links": [
                [
                    20,
                    false
                ],
                [
                    24,
                    false
                ]
            ]
        },
        {
            "index": 19,
            "bbox": [
                [
                    132,
                    1189
                ],
                [
                    132,
                    1213
                ],
                [
                    153,
                    1213
                ],
                [
                    153,
                    1189
                ]
            ],
            "text": "•",
            "label": "Out",
            "links": []
        },
        {
            "index": 20,
            "bbox": [
                [
                    156,
                    1189
                ],
                [
                    156,
                    1213
                ],
                [
                    246,
                    1213
                ],
                [
                    246,
                    1189
                ]
            ],
            "text": "Pumping",
            "label": "B_Descri",
            "links": [
                [
                    18,
                    true
                ]
            ]
        },
        {
            "index": 21,
            "bbox": [
                [
                    249,
                    1189
                ],
                [
                    249,
                    1213
                ],
                [
                    303,
                    1213
                ],
                [
                    303,
                    1189
                ]
            ],
            "text": "clean",
            "label": "I_Descri",
            "links": []
        },
        {
            "index": 22,
            "bbox": [
                [
                    306,
                    1189
                ],
                [
                    306,
                    1213
                ],
                [
                    363,
                    1213
                ],
                [
                    363,
                    1189
                ]
            ],
            "text": "water",
            "label": "I_Descri",
            "links": []
        },
        {
            "index": 23,
            "bbox": [
                [
                    132,
                    1230
                ],
                [
                    132,
                    1254
                ],
                [
                    150,
                    1254
                ],
                [
                    150,
                    1230
                ]
            ],
            "text": "•",
            "label": "Out",
            "links": []
        },
        {
            "index": 24,
            "bbox": [
                [
                    152,
                    1228
                ],
                [
                    152,
                    1253
                ],
                [
                    247,
                    1253
                ],
                [
                    247,
                    1228
                ]
            ],
            "text": "Irrigation",
            "label": "B_Descri",
            "links": [
                [
                    18,
                    true
                ]
            ]
        },
        {
            "index": 25,
            "bbox": [
                [
                    143,
                    1350
                ],
                [
                    143,
                    1370
                ],
                [
                    211,
                    1370
                ],
                [
                    211,
                    1350
                ]
            ],
            "text": "Model",
            "label": "B_Section",
            "links": [
                [
                    26,
                    false
                ],
                [
                    27,
                    false
                ],
                [
                    30,
                    false
                ],
                [
                    34,
                    false
                ],
                [
                    38,
                    false
                ],
                [
                    42,
                    false
                ],
                [
                    44,
                    false
                ],
                [
                    48,
                    false
                ],
                [
                    52,
                    false
                ],
                [
                    56,
                    false
                ],
                [
                    59,
                    false
                ],
                [
                    62,
                    false
                ],
                [
                    64,
                    false
                ],
                [
                    66,
                    false
                ]
            ]
        },
        {
            "index": 26,
            "bbox": [
                [
                    143,
                    1401
                ],
                [
                    143,
                    1421
                ],
                [
                    191,
                    1421
                ],
                [
                    191,
                    1401
                ]
            ],
            "text": "Code",
            "label": "B_Prop",
            "links": [
                [
                    25,
                    true
                ]
            ]
        },
        {
            "index": 27,
            "bbox": [
                [
                    143,
                    1434
                ],
                [
                    143,
                    1451
                ],
                [
                    228,
                    1451
                ],
                [
                    228,
                    1434
                ]
            ],
            "text": "Maximum",
            "label": "B_Prop",
            "links": [
                [
                    25,
                    true
                ],
                [
                    77,
                    false
                ]
            ]
        },
        {
            "index": 28,
            "bbox": [
                [
                    230,
                    1434
                ],
                [
                    230,
                    1451
                ],
                [
                    266,
                    1451
                ],
                [
                    266,
                    1434
                ]
            ],
            "text": "flow",
            "label": "I_Prop",
            "links": []
        },
        {
            "index": 29,
            "bbox": [
                [
                    268,
                    1434
                ],
                [
                    268,
                    1451
                ],
                [
                    343,
                    1451
                ],
                [
                    343,
                    1434
                ]
            ],
            "text": "[m^3/hod]",
            "label": "B_Unit",
            "links": [
                [
                    77,
                    false
                ]
            ]
        },
        {
            "index": 30,
            "bbox": [
                [
                    143,
                    1468
                ],
                [
                    143,
                    1489
                ],
                [
                    227,
                    1489
                ],
                [
                    227,
                    1468
                ]
            ],
            "text": "Maximum",
            "label": "B_Prop",
            "links": [
                [
                    25,
                    true
                ],
                [
                    78,
                    false
                ]
            ]
        },
        {
            "index": 31,
            "bbox": [
                [
                    230,
                    1468
                ],
                [
                    230,
                    1489
                ],
                [
                    311,
                    1489
                ],
                [
                    311,
                    1468
                ]
            ],
            "text": "discharge",
            "label": "I_Prop",
            "links": []
        },
        {
            "index": 32,
            "bbox": [
                [
                    314,
                    1468
                ],
                [
                    314,
                    1489
                ],
                [
                    356,
                    1489
                ],
                [
                    356,
                    1468
                ]
            ],
            "text": "head",
            "label": "I_Prop",
            "links": []
        },
        {
            "index": 33,
            "bbox": [
                [
                    358,
                    1468
                ],
                [
                    358,
                    1489
                ],
                [
                    387,
                    1489
                ],
                [
                    387,
                    1468
                ]
            ],
            "text": "[m]",
            "label": "B_Unit",
            "links": [
                [
                    78,
                    false
                ]
            ]
        },
        {
            "index": 34,
            "bbox": [
                [
                    143,
                    1506
                ],
                [
                    143,
                    1526
                ],
                [
                    228,
                    1526
                ],
                [
                    228,
                    1506
                ]
            ],
            "text": "Maximum",
            "label": "B_Prop",
            "links": [
                [
                    25,
                    true
                ],
                [
                    131,
                    false
                ]
            ]
        },
        {
            "index": 35,
            "bbox": [
                [
                    231,
                    1506
                ],
                [
                    231,
                    1526
                ],
                [
                    291,
                    1526
                ],
                [
                    291,
                    1506
                ]
            ],
            "text": "suction",
            "label": "I_Prop",
            "links": []
        },
        {
            "index": 36,
            "bbox": [
                [
                    293,
                    1506
                ],
                [
                    293,
                    1526
                ],
                [
                    348,
                    1526
                ],
                [
                    348,
                    1506
                ]
            ],
            "text": "height",
            "label": "I_Prop",
            "links": []
        },
        {
            "index": 37,
            "bbox": [
                [
                    351,
                    1506
                ],
                [
                    351,
                    1526
                ],
                [
                    381,
                    1526
                ],
                [
                    381,
                    1506
                ]
            ],
            "text": "[m",
            "label": "B_Unit",
            "links": [
                [
                    131,
                    false
                ]
            ]
        },
        {
            "index": 38,
            "bbox": [
                [
                    139,
                    1540
                ],
                [
                    139,
                    1564
                ],
                [
                    208,
                    1564
                ],
                [
                    208,
                    1540
                ]
            ],
            "text": "Voltage",
            "label": "B_Prop",
            "links": [
                [
                    25,
                    true
                ],
                [
                    79,
                    false
                ]
            ]
        },
        {
            "index": 39,
            "bbox": [
                [
                    211,
                    1540
                ],
                [
                    211,
                    1564
                ],
                [
                    217,
                    1564
                ],
                [
                    217,
                    1540
                ]
            ],
            "text": "/",
            "label": "I_Prop",
            "links": []
        },
        {
            "index": 40,
            "bbox": [
                [
                    220,
                    1540
                ],
                [
                    220,
                    1564
                ],
                [
                    304,
                    1564
                ],
                [
                    304,
                    1540
                ]
            ],
            "text": "frequency",
            "label": "I_Prop",
            "links": []
        },
        {
            "index": 41,
            "bbox": [
                [
                    307,
                    1540
                ],
                [
                    307,
                    1564
                ],
                [
                    360,
                    1564
                ],
                [
                    360,
                    1540
                ]
            ],
            "text": "[V/Hz]",
            "label": "B_Unit",
            "links": [
                [
                    79,
                    false
                ]
            ]
        },
        {
            "index": 42,
            "bbox": [
                [
                    142,
                    1577
                ],
                [
                    142,
                    1599
                ],
                [
                    197,
                    1599
                ],
                [
                    197,
                    1577
                ]
            ],
            "text": "Power",
            "label": "B_Prop",
            "links": [
                [
                    25,
                    true
                ],
                [
                    82,
                    false
                ]
            ]
        },
        {
            "index": 43,
            "bbox": [
                [
                    200,
                    1577
                ],
                [
                    200,
                    1598
                ],
                [
                    228,
                    1598
                ],
                [
                    228,
                    1577
                ]
            ],
            "text": "[W]",
            "label": "B_Unit",
            "links": [
                [
                    82,
                    false
                ]
            ]
        },
        {
            "index": 44,
            "bbox": [
                [
                    143,
                    1615
                ],
                [
                    143,
                    1635
                ],
                [
                    208,
                    1635
                ],
                [
                    208,
                    1615
                ]
            ],
            "text": "Suction",
            "label": "B_Prop",
            "links": [
                [
                    25,
                    true
                ],
                [
                    83,
                    false
                ]
            ]
        },
        {
            "index": 45,
            "bbox": [
                [
                    210,
                    1615
                ],
                [
                    210,
                    1635
                ],
                [
                    220,
                    1635
                ],
                [
                    220,
                    1615
                ]
            ],
            "text": "x",
            "label": "I_Prop",
            "links": []
        },
        {
            "index": 46,
            "bbox": [
                [
                    223,
                    1615
                ],
                [
                    223,
                    1635
                ],
                [
                    306,
                    1635
                ],
                [
                    306,
                    1615
                ]
            ],
            "text": "discharge",
            "label": "I_Prop",
            "links": []
        },
        {
            "index": 47,
            "bbox": [
                [
                    308,
                    1615
                ],
                [
                    308,
                    1635
                ],
                [
                    350,
                    1635
                ],
                [
                    350,
                    1615
                ]
            ],
            "text": "neck",
            "label": "I_Prop",
            "links": []
        },
        {
            "index": 48,
            "bbox": [
                [
                    143,
                    1649
                ],
                [
                    143,
                    1669
                ],
                [
                    228,
                    1669
                ],
                [
                    228,
                    1649
                ]
            ],
            "text": "Maximum",
            "label": "B_Prop",
            "links": [
                [
                    25,
                    true
                ],
                [
                    85,
                    false
                ]
            ]
        },
        {
            "index": 49,
            "bbox": [
                [
                    231,
                    1649
                ],
                [
                    231,
                    1669
                ],
                [
                    268,
                    1669
                ],
                [
                    268,
                    1649
                ]
            ],
            "text": "fluid",
            "label": "I_Prop",
            "links": []
        },
        {
            "index": 50,
            "bbox": [
                [
                    271,
                    1649
                ],
                [
                    271,
                    1669
                ],
                [
                    371,
                    1669
                ],
                [
                    371,
                    1649
                ]
            ],
            "text": "temperature",
            "label": "I_Prop",
            "links": []
        },
        {
            "index": 51,
            "bbox": [
                [
                    373,
                    1649
                ],
                [
                    373,
                    1669
                ],
                [
                    404,
                    1669
                ],
                [
                    404,
                    1649
                ]
            ],
            "text": "[°C]",
            "label": "B_Unit",
            "links": [
                [
                    85,
                    false
                ]
            ]
        },
        {
            "index": 52,
            "bbox": [
                [
                    139,
                    1686
                ],
                [
                    139,
                    1703
                ],
                [
                    226,
                    1703
                ],
                [
                    226,
                    1686
                ]
            ],
            "text": "Maximum",
            "label": "B_Prop",
            "links": [
                [
                    25,
                    true
                ],
                [
                    86,
                    false
                ]
            ]
        },
        {
            "index": 53,
            "bbox": [
                [
                    228,
                    1686
                ],
                [
                    228,
                    1703
                ],
                [
                    298,
                    1703
                ],
                [
                    298,
                    1686
                ]
            ],
            "text": "ambient",
            "label": "I_Prop",
            "links": []
        },
        {
            "index": 54,
            "bbox": [
                [
                    301,
                    1686
                ],
                [
                    301,
                    1703
                ],
                [
                    405,
                    1703
                ],
                [
                    405,
                    1686
                ]
            ],
            "text": "temperature",
            "label": "I_Prop",
            "links": []
        },
        {
            "index": 55,
            "bbox": [
                [
                    407,
                    1686
                ],
                [
                    407,
                    1703
                ],
                [
                    435,
                    1703
                ],
                [
                    435,
                    1686
                ]
            ],
            "text": "[°C]",
            "label": "B_Unit",
            "links": [
                [
                    86,
                    false
                ]
            ]
        },
        {
            "index": 56,
            "bbox": [
                [
                    139,
                    1720
                ],
                [
                    139,
                    1740
                ],
                [
                    191,
                    1740
                ],
                [
                    191,
                    1720
                ]
            ],
            "text": "Cable",
            "label": "B_Prop",
            "links": [
                [
                    25,
                    true
                ],
                [
                    87,
                    false
                ]
            ]
        },
        {
            "index": 57,
            "bbox": [
                [
                    194,
                    1720
                ],
                [
                    194,
                    1740
                ],
                [
                    247,
                    1740
                ],
                [
                    247,
                    1720
                ]
            ],
            "text": "length",
            "label": "I_Prop",
            "links": []
        },
        {
            "index": 58,
            "bbox": [
                [
                    249,
                    1720
                ],
                [
                    249,
                    1740
                ],
                [
                    278,
                    1740
                ],
                [
                    278,
                    1720
                ]
            ],
            "text": "[m]",
            "label": "B_Unit",
            "links": [
                [
                    87,
                    false
                ]
            ]
        },
        {
            "index": 59,
            "bbox": [
                [
                    143,
                    1757
                ],
                [
                    143,
                    1778
                ],
                [
                    204,
                    1778
                ],
                [
                    204,
                    1757
                ]
            ],
            "text": "Degree",
            "label": "B_Prop",
            "links": [
                [
                    25,
                    true
                ],
                [
                    88,
                    false
                ]
            ]
        },
        {
            "index": 60,
            "bbox": [
                [
                    206,
                    1757
                ],
                [
                    206,
                    1778
                ],
                [
                    224,
                    1778
                ],
                [
                    224,
                    1757
                ]
            ],
            "text": "of",
            "label": "I_Prop",
            "links": []
        },
        {
            "index": 61,
            "bbox": [
                [
                    227,
                    1757
                ],
                [
                    227,
                    1778
                ],
                [
                    316,
                    1778
                ],
                [
                    316,
                    1757
                ]
            ],
            "text": "protection",
            "label": "I_Prop",
            "links": []
        },
        {
            "index": 62,
            "bbox": [
                [
                    139,
                    1791
                ],
                [
                    139,
                    1808
                ],
                [
                    226,
                    1808
                ],
                [
                    226,
                    1791
                ]
            ],
            "text": "Insulation",
            "label": "B_Prop",
            "links": [
                [
                    25,
                    true
                ],
                [
                    132,
                    false
                ]
            ]
        },
        {
            "index": 63,
            "bbox": [
                [
                    228,
                    1791
                ],
                [
                    228,
                    1808
                ],
                [
                    275,
                    1808
                ],
                [
                    275,
                    1791
                ]
            ],
            "text": "class",
            "label": "I_Prop",
            "links": []
        },
        {
            "index": 64,
            "bbox": [
                [
                    143,
                    1825
                ],
                [
                    143,
                    1846
                ],
                [
                    204,
                    1846
                ],
                [
                    204,
                    1825
                ]
            ],
            "text": "Weight",
            "label": "B_Prop",
            "links": [
                [
                    25,
                    true
                ],
                [
                    90,
                    false
                ]
            ]
        },
        {
            "index": 65,
            "bbox": [
                [
                    206,
                    1825
                ],
                [
                    206,
                    1846
                ],
                [
                    238,
                    1846
                ],
                [
                    238,
                    1825
                ]
            ],
            "text": "[kg]",
            "label": "B_Unit",
            "links": [
                [
                    90,
                    false
                ]
            ]
        },
        {
            "index": 66,
            "bbox": [
                [
                    143,
                    1863
                ],
                [
                    143,
                    1880
                ],
                [
                    233,
                    1880
                ],
                [
                    233,
                    1863
                ]
            ],
            "text": "Dimension",
            "label": "B_Prop",
            "links": [
                [
                    25,
                    true
                ],
                [
                    91,
                    false
                ]
            ]
        },
        {
            "index": 67,
            "bbox": [
                [
                    234,
                    1863
                ],
                [
                    234,
                    1880
                ],
                [
                    247,
                    1880
                ],
                [
                    247,
                    1863
                ]
            ],
            "text": "L",
            "label": "I_Prop",
            "links": []
        },
        {
            "index": 68,
            "bbox": [
                [
                    249,
                    1863
                ],
                [
                    249,
                    1880
                ],
                [
                    260,
                    1880
                ],
                [
                    260,
                    1863
                ]
            ],
            "text": "x",
            "label": "I_Prop",
            "links": []
        },
        {
            "index": 69,
            "bbox": [
                [
                    262,
                    1863
                ],
                [
                    262,
                    1880
                ],
                [
                    277,
                    1880
                ],
                [
                    277,
                    1863
                ]
            ],
            "text": "H",
            "label": "I_Prop",
            "links": []
        },
        {
            "index": 70,
            "bbox": [
                [
                    279,
                    1863
                ],
                [
                    279,
                    1880
                ],
                [
                    292,
                    1880
                ],
                [
                    292,
                    1863
                ]
            ],
            "text": "x",
            "label": "I_Prop",
            "links": []
        },
        {
            "index": 71,
            "bbox": [
                [
                    294,
                    1863
                ],
                [
                    294,
                    1880
                ],
                [
                    313,
                    1880
                ],
                [
                    313,
                    1863
                ]
            ],
            "text": "W",
            "label": "I_Prop",
            "links": []
        },
        {
            "index": 72,
            "bbox": [
                [
                    315,
                    1863
                ],
                [
                    315,
                    1880
                ],
                [
                    356,
                    1880
                ],
                [
                    356,
                    1863
                ]
            ],
            "text": "[mm]",
            "label": "B_Unit",
            "links": [
                [
                    91,
                    false
                ]
            ]
        },
        {
            "index": 73,
            "bbox": [
                [
                    465,
                    1349
                ],
                [
                    465,
                    1370
                ],
                [
                    512,
                    1370
                ],
                [
                    512,
                    1349
                ]
            ],
            "text": "blue",
            "label": "B_Descri",
            "links": [
                [
                    76,
                    false
                ]
            ]
        },
        {
            "index": 74,
            "bbox": [
                [
                    515,
                    1349
                ],
                [
                    515,
                    1370
                ],
                [
                    554,
                    1370
                ],
                [
                    554,
                    1349
                ]
            ],
            "text": "line",
            "label": "I_Descri",
            "links": []
        },
        {
            "index": 75,
            "bbox": [
                [
                    557,
                    1349
                ],
                [
                    557,
                    1370
                ],
                [
                    656,
                    1370
                ],
                [
                    656,
                    1349
                ]
            ],
            "text": "PTM60-1",
            "label": "I_Descri",
            "links": []
        },
        {
            "index": 76,
            "bbox": [
                [
                    465,
                    1401
                ],
                [
                    465,
                    1418
                ],
                [
                    557,
                    1418
                ],
                [
                    557,
                    1401
                ]
            ],
            "text": "ZB00001151",
            "label": "B_Ref",
            "links": [
                [
                    77,
                    false
                ],
                [
                    78,
                    false
                ],
                [
                    79,
                    false
                ],
                [
                    82,
                    false
                ],
                [
                    83,
                    false
                ],
                [
                    85,
                    false
                ],
                [
                    86,
                    false
                ],
                [
                    87,
                    false
                ],
                [
                    88,
                    false
                ],
                [
                    90,
                    false
                ],
                [
                    91,
                    false
                ],
                [
                    131,
                    false
                ],
                [
                    132,
                    false
                ],
                [
                    73,
                    true
                ]
            ]
        },
        {
            "index": 77,
            "bbox": [
                [
                    465,
                    1435
                ],
                [
                    465,
                    1452
                ],
                [
                    489,
                    1452
                ],
                [
                    489,
                    1435
                ]
            ],
            "text": "2,1",
            "label": "B_Value",
            "links": [
                [
                    29,
                    true
                ],
                [
                    27,
                    true
                ],
                [
                    76,
                    true
                ]
            ]
        },
        {
            "index": 78,
            "bbox": [
                [
                    462,
                    1469
                ],
                [
                    462,
                    1486
                ],
                [
                    489,
                    1486
                ],
                [
                    489,
                    1469
                ]
            ],
            "text": "35",
            "label": "B_Value",
            "links": [
                [
                    33,
                    true
                ],
                [
                    30,
                    true
                ],
                [
                    76,
                    true
                ]
            ]
        },
        {
            "index": 79,
            "bbox": [
                [
                    462,
                    1543
                ],
                [
                    462,
                    1560
                ],
                [
                    496,
                    1560
                ],
                [
                    496,
                    1543
                ]
            ],
            "text": "230",
            "label": "B_Value",
            "links": [
                [
                    41,
                    true
                ],
                [
                    38,
                    true
                ],
                [
                    76,
                    true
                ]
            ]
        },
        {
            "index": 80,
            "bbox": [
                [
                    498,
                    1543
                ],
                [
                    498,
                    1560
                ],
                [
                    504,
                    1560
                ],
                [
                    504,
                    1543
                ]
            ],
            "text": "/",
            "label": "I_Value",
            "links": []
        },
        {
            "index": 81,
            "bbox": [
                [
                    507,
                    1543
                ],
                [
                    507,
                    1560
                ],
                [
                    530,
                    1560
                ],
                [
                    530,
                    1543
                ]
            ],
            "text": "50",
            "label": "I_Value",
            "links": []
        },
        {
            "index": 82,
            "bbox": [
                [
                    465,
                    1577
                ],
                [
                    465,
                    1594
                ],
                [
                    496,
                    1594
                ],
                [
                    496,
                    1577
                ]
            ],
            "text": "370",
            "label": "B_Value",
            "links": [
                [
                    43,
                    true
                ],
                [
                    42,
                    true
                ],
                [
                    76,
                    true
                ]
            ]
        },
        {
            "index": 83,
            "bbox": [
                [
                    465,
                    1611
                ],
                [
                    465,
                    1632
                ],
                [
                    494,
                    1632
                ],
                [
                    494,
                    1611
                ]
            ],
            "text": "1“ x",
            "label": "B_Value",
            "links": [
                [
                    44,
                    true
                ],
                [
                    76,
                    true
                ]
            ]
        },
        {
            "index": 84,
            "bbox": [
                [
                    497,
                    1611
                ],
                [
                    497,
                    1632
                ],
                [
                    513,
                    1632
                ],
                [
                    513,
                    1611
                ]
            ],
            "text": "1“",
            "label": "I_Value",
            "links": []
        },
        {
            "index": 85,
            "bbox": [
                [
                    465,
                    1649
                ],
                [
                    465,
                    1669
                ],
                [
                    485,
                    1669
                ],
                [
                    485,
                    1649
                ]
            ],
            "text": "60",
            "label": "B_Value",
            "links": [
                [
                    51,
                    true
                ],
                [
                    48,
                    true
                ],
                [
                    76,
                    true
                ]
            ]
        },
        {
            "index": 86,
            "bbox": [
                [
                    465,
                    1686
                ],
                [
                    465,
                    1703
                ],
                [
                    485,
                    1703
                ],
                [
                    485,
                    1686
                ]
            ],
            "text": "40",
            "label": "B_Value",
            "links": [
                [
                    55,
                    true
                ],
                [
                    52,
                    true
                ],
                [
                    76,
                    true
                ]
            ]
        },
        {
            "index": 87,
            "bbox": [
                [
                    465,
                    1720
                ],
                [
                    465,
                    1737
                ],
                [
                    492,
                    1737
                ],
                [
                    492,
                    1720
                ]
            ],
            "text": "0,3",
            "label": "B_Value",
            "links": [
                [
                    58,
                    true
                ],
                [
                    56,
                    true
                ],
                [
                    76,
                    true
                ]
            ]
        },
        {
            "index": 88,
            "bbox": [
                [
                    465,
                    1757
                ],
                [
                    465,
                    1774
                ],
                [
                    482,
                    1774
                ],
                [
                    482,
                    1757
                ]
            ],
            "text": "IP",
            "label": "B_Value",
            "links": [
                [
                    59,
                    true
                ],
                [
                    76,
                    true
                ]
            ]
        },
        {
            "index": 89,
            "bbox": [
                [
                    484,
                    1757
                ],
                [
                    484,
                    1774
                ],
                [
                    506,
                    1774
                ],
                [
                    506,
                    1757
                ]
            ],
            "text": "44",
            "label": "I_Value",
            "links": []
        },
        {
            "index": 90,
            "bbox": [
                [
                    465,
                    1826
                ],
                [
                    465,
                    1846
                ],
                [
                    492,
                    1846
                ],
                [
                    492,
                    1826
                ]
            ],
            "text": "5,5",
            "label": "B_Value",
            "links": [
                [
                    65,
                    true
                ],
                [
                    64,
                    true
                ],
                [
                    76,
                    true
                ]
            ]
        },
        {
            "index": 91,
            "bbox": [
                [
                    462,
                    1863
                ],
                [
                    462,
                    1880
                ],
                [
                    496,
                    1880
                ],
                [
                    496,
                    1863
                ]
            ],
            "text": "260",
            "label": "B_Value",
            "links": [
                [
                    72,
                    true
                ],
                [
                    66,
                    true
                ],
                [
                    76,
                    true
                ]
            ]
        },
        {
            "index": 92,
            "bbox": [
                [
                    498,
                    1863
                ],
                [
                    498,
                    1880
                ],
                [
                    507,
                    1880
                ],
                [
                    507,
                    1863
                ]
            ],
            "text": "×",
            "label": "I_Value",
            "links": []
        },
        {
            "index": 93,
            "bbox": [
                [
                    509,
                    1863
                ],
                [
                    509,
                    1880
                ],
                [
                    537,
                    1880
                ],
                [
                    537,
                    1863
                ]
            ],
            "text": "150",
            "label": "I_Value",
            "links": []
        },
        {
            "index": 94,
            "bbox": [
                [
                    539,
                    1863
                ],
                [
                    539,
                    1880
                ],
                [
                    550,
                    1880
                ],
                [
                    550,
                    1863
                ]
            ],
            "text": "x",
            "label": "I_Value",
            "links": []
        },
        {
            "index": 95,
            "bbox": [
                [
                    551,
                    1863
                ],
                [
                    551,
                    1880
                ],
                [
                    581,
                    1880
                ],
                [
                    581,
                    1863
                ]
            ],
            "text": "120",
            "label": "I_Value",
            "links": []
        },
        {
            "index": 96,
            "bbox": [
                [
                    139,
                    2084
                ],
                [
                    139,
                    2111
                ],
                [
                    431,
                    2111
                ],
                [
                    431,
                    2084
                ]
            ],
            "text": "www.pumpa.eu",
            "label": "Out",
            "links": []
        },
        {
            "index": 97,
            "bbox": [
                [
                    1080,
                    180
                ],
                [
                    1080,
                    211
                ],
                [
                    1208,
                    211
                ],
                [
                    1208,
                    180
                ]
            ],
            "text": "PUMPA",
            "label": "B_Descri",
            "links": []
        },
        {
            "index": 98,
            "bbox": [
                [
                    1212,
                    180
                ],
                [
                    1212,
                    211
                ],
                [
                    1293,
                    211
                ],
                [
                    1293,
                    180
                ]
            ],
            "text": "BLUE",
            "label": "I_Descri",
            "links": []
        },
        {
            "index": 99,
            "bbox": [
                [
                    1297,
                    180
                ],
                [
                    1297,
                    211
                ],
                [
                    1375,
                    211
                ],
                [
                    1375,
                    180
                ]
            ],
            "text": "LINE",
            "label": "I_Descri",
            "links": []
        },
        {
            "index": 100,
            "bbox": [
                [
                    1378,
                    180
                ],
                [
                    1378,
                    211
                ],
                [
                    1514,
                    211
                ],
                [
                    1514,
                    180
                ]
            ],
            "text": "PTM60-1",
            "label": "I_Descri",
            "links": []
        },
        {
            "index": 101,
            "bbox": [
                [
                    849,
                    1383
                ],
                [
                    849,
                    1417
                ],
                [
                    1002,
                    1417
                ],
                [
                    1002,
                    1383
                ]
            ],
            "text": "Hydraulic",
            "label": "B_Section",
            "links": []
        },
        {
            "index": 102,
            "bbox": [
                [
                    1006,
                    1383
                ],
                [
                    1006,
                    1417
                ],
                [
                    1112,
                    1417
                ],
                [
                    1112,
                    1383
                ]
            ],
            "text": "power",
            "label": "I_Section",
            "links": []
        },
        {
            "index": 103,
            "bbox": [
                [
                    1117,
                    1383
                ],
                [
                    1117,
                    1417
                ],
                [
                    1203,
                    1417
                ],
                [
                    1203,
                    1383
                ]
            ],
            "text": "curve",
            "label": "I_Section",
            "links": []
        },
        {
            "index": 104,
            "bbox": [
                [
                    876,
                    1455
                ],
                [
                    876,
                    1475
                ],
                [
                    900,
                    1475
                ],
                [
                    900,
                    1455
                ]
            ],
            "text": "70",
            "label": "Out",
            "links": []
        },
        {
            "index": 105,
            "bbox": [
                [
                    876,
                    1496
                ],
                [
                    876,
                    1513
                ],
                [
                    900,
                    1513
                ],
                [
                    900,
                    1496
                ]
            ],
            "text": "60",
            "label": "Out",
            "links": []
        },
        {
            "index": 106,
            "bbox": [
                [
                    876,
                    1533
                ],
                [
                    876,
                    1553
                ],
                [
                    903,
                    1553
                ],
                [
                    903,
                    1533
                ]
            ],
            "text": "50",
            "label": "Out",
            "links": []
        },
        {
            "index": 107,
            "bbox": [
                [
                    876,
                    1574
                ],
                [
                    876,
                    1591
                ],
                [
                    900,
                    1591
                ],
                [
                    900,
                    1574
                ]
            ],
            "text": "40",
            "label": "Out",
            "links": []
        },
        {
            "index": 108,
            "bbox": [
                [
                    876,
                    1611
                ],
                [
                    876,
                    1631
                ],
                [
                    903,
                    1631
                ],
                [
                    903,
                    1611
                ]
            ],
            "text": "30",
            "label": "Out",
            "links": []
        },
        {
            "index": 109,
            "bbox": [
                [
                    1026,
                    1638
                ],
                [
                    1026,
                    1659
                ],
                [
                    1108,
                    1659
                ],
                [
                    1108,
                    1638
                ]
            ],
            "text": "PTm60-1",
            "label": "Out",
            "links": []
        },
        {
            "index": 110,
            "bbox": [
                [
                    876,
                    1652
                ],
                [
                    876,
                    1672
                ],
                [
                    903,
                    1672
                ],
                [
                    903,
                    1652
                ]
            ],
            "text": "20",
            "label": "Out",
            "links": []
        },
        {
            "index": 111,
            "bbox": [
                [
                    880,
                    1693
                ],
                [
                    880,
                    1710
                ],
                [
                    904,
                    1710
                ],
                [
                    904,
                    1693
                ]
            ],
            "text": "10",
            "label": "Out",
            "links": []
        },
        {
            "index": 112,
            "bbox": [
                [
                    1012,
                    1744
                ],
                [
                    1012,
                    1761
                ],
                [
                    1039,
                    1761
                ],
                [
                    1039,
                    1744
                ]
            ],
            "text": "10",
            "label": "Out",
            "links": []
        },
        {
            "index": 113,
            "bbox": [
                [
                    995,
                    1781
                ],
                [
                    995,
                    1798
                ],
                [
                    1022,
                    1798
                ],
                [
                    1022,
                    1781
                ]
            ],
            "text": "0,5",
            "label": "Out",
            "links": []
        },
        {
            "index": 114,
            "bbox": [
                [
                    1070,
                    1744
                ],
                [
                    1070,
                    1761
                ],
                [
                    1097,
                    1761
                ],
                [
                    1097,
                    1744
                ]
            ],
            "text": "15",
            "label": "Out",
            "links": []
        },
        {
            "index": 115,
            "bbox": [
                [
                    1087,
                    1778
                ],
                [
                    1087,
                    1798
                ],
                [
                    1118,
                    1798
                ],
                [
                    1118,
                    1778
                ]
            ],
            "text": "1,0",
            "label": "Out",
            "links": []
        },
        {
            "index": 116,
            "bbox": [
                [
                    1124,
                    1744
                ],
                [
                    1124,
                    1761
                ],
                [
                    1151,
                    1761
                ],
                [
                    1151,
                    1744
                ]
            ],
            "text": "20",
            "label": "Out",
            "links": []
        },
        {
            "index": 117,
            "bbox": [
                [
                    1179,
                    1744
                ],
                [
                    1179,
                    1761
                ],
                [
                    1206,
                    1761
                ],
                [
                    1206,
                    1744
                ]
            ],
            "text": "25",
            "label": "Out",
            "links": []
        },
        {
            "index": 118,
            "bbox": [
                [
                    1182,
                    1778
                ],
                [
                    1182,
                    1798
                ],
                [
                    1209,
                    1798
                ],
                [
                    1209,
                    1778
                ]
            ],
            "text": "1,5",
            "label": "Out",
            "links": []
        },
        {
            "index": 119,
            "bbox": [
                [
                    1236,
                    1744
                ],
                [
                    1236,
                    1761
                ],
                [
                    1263,
                    1761
                ],
                [
                    1263,
                    1744
                ]
            ],
            "text": "30",
            "label": "Out",
            "links": []
        },
        {
            "index": 120,
            "bbox": [
                [
                    1294,
                    1744
                ],
                [
                    1294,
                    1761
                ],
                [
                    1321,
                    1761
                ],
                [
                    1321,
                    1744
                ]
            ],
            "text": "35",
            "label": "Out",
            "links": []
        },
        {
            "index": 121,
            "bbox": [
                [
                    1274,
                    1778
                ],
                [
                    1274,
                    1798
                ],
                [
                    1305,
                    1798
                ],
                [
                    1305,
                    1778
                ]
            ],
            "text": "2,0",
            "label": "Out",
            "links": []
        },
        {
            "index": 122,
            "bbox": [
                [
                    1209,
                    1825
                ],
                [
                    1209,
                    1846
                ],
                [
                    1251,
                    1846
                ],
                [
                    1251,
                    1825
                ]
            ],
            "text": "Flow",
            "label": "Out",
            "links": []
        },
        {
            "index": 123,
            "bbox": [
                [
                    1254,
                    1825
                ],
                [
                    1254,
                    1846
                ],
                [
                    1267,
                    1846
                ],
                [
                    1267,
                    1825
                ]
            ],
            "text": "Q",
            "label": "Out",
            "links": []
        },
        {
            "index": 124,
            "bbox": [
                [
                    1348,
                    1744
                ],
                [
                    1348,
                    1761
                ],
                [
                    1375,
                    1761
                ],
                [
                    1375,
                    1744
                ]
            ],
            "text": "40",
            "label": "Out",
            "links": []
        },
        {
            "index": 125,
            "bbox": [
                [
                    1365,
                    1771
                ],
                [
                    1365,
                    1802
                ],
                [
                    1399,
                    1802
                ],
                [
                    1399,
                    1771
                ]
            ],
            "text": "2,5",
            "label": "Out",
            "links": []
        },
        {
            "index": 126,
            "bbox": [
                [
                    1403,
                    1744
                ],
                [
                    1403,
                    1761
                ],
                [
                    1430,
                    1761
                ],
                [
                    1430,
                    1744
                ]
            ],
            "text": "45",
            "label": "Out",
            "links": []
        },
        {
            "index": 127,
            "bbox": [
                [
                    1464,
                    1744
                ],
                [
                    1464,
                    1761
                ],
                [
                    1488,
                    1761
                ],
                [
                    1488,
                    1744
                ]
            ],
            "text": "50",
            "label": "Out",
            "links": []
        },
        {
            "index": 128,
            "bbox": [
                [
                    1460,
                    1781
                ],
                [
                    1460,
                    1798
                ],
                [
                    1491,
                    1798
                ],
                [
                    1491,
                    1781
                ]
            ],
            "text": "3,0",
            "label": "Out",
            "links": []
        },
        {
            "index": 129,
            "bbox": [
                [
                    1511,
                    1744
                ],
                [
                    1511,
                    1761
                ],
                [
                    1559,
                    1761
                ],
                [
                    1559,
                    1744
                ]
            ],
            "text": "l/min",
            "label": "Out",
            "links": []
        },
        {
            "index": 130,
            "bbox": [
                [
                    1511,
                    1781
                ],
                [
                    1511,
                    1798
                ],
                [
                    1559,
                    1798
                ],
                [
                    1559,
                    1781
                ]
            ],
            "text": "m^3/h",
            "label": "Out",
            "links": []
        },
        {
            "index": 131,
            "bbox": [
                [
                    464,
                    1501
                ],
                [
                    464,
                    1522
                ],
                [
                    481,
                    1522
                ],
                [
                    481,
                    1501
                ]
            ],
            "text": "6",
            "label": "B_Value",
            "links": [
                [
                    37,
                    true
                ],
                [
                    34,
                    true
                ],
                [
                    76,
                    true
                ]
            ]
        },
        {
            "index": 132,
            "bbox": [
                [
                    464,
                    1788
                ],
                [
                    464,
                    1813
                ],
                [
                    481,
                    1813
                ],
                [
                    481,
                    1788
                ]
            ],
            "text": "B",
            "label": "B_Value",
            "links": [
                [
                    62,
                    true
                ],
                [
                    76,
                    true
                ]
            ]
        }
    ]
}