{
    "datasheet": [
        {
            "index": 0,
            "bbox": [
                [
                    180,
                    127
                ],
                [
                    180,
                    241
                ],
                [
                    602,
                    241
                ],
                [
                    602,
                    127
                ]
            ],
            "text": "pumpa",
            "label": "Out"
        },
        {
            "index": 1,
            "bbox": [
                [
                    999,
                    180
                ],
                [
                    999,
                    211
                ],
                [
                    1123,
                    211
                ],
                [
                    1123,
                    180
                ]
            ],
            "text": "PUMPA",
            "label": "B_Descri"
        },
        {
            "index": 2,
            "bbox": [
                [
                    1127,
                    180
                ],
                [
                    1127,
                    211
                ],
                [
                    1208,
                    211
                ],
                [
                    1208,
                    180
                ]
            ],
            "text": "BLUE",
            "label": "I_Descri"
        },
        {
            "index": 3,
            "bbox": [
                [
                    1212,
                    180
                ],
                [
                    1212,
                    211
                ],
                [
                    1290,
                    211
                ],
                [
                    1290,
                    180
                ]
            ],
            "text": "LINE",
            "label": "I_Descri"
        },
        {
            "index": 4,
            "bbox": [
                [
                    1294,
                    180
                ],
                [
                    1294,
                    211
                ],
                [
                    1519,
                    211
                ],
                [
                    1519,
                    180
                ]
            ],
            "text": "3PVM750-120",
            "label": "I_Descri"
        },
        {
            "index": 5,
            "bbox": [
                [
                    183,
                    299
                ],
                [
                    183,
                    371
                ],
                [
                    381,
                    371
                ],
                [
                    381,
                    299
                ]
            ],
            "text": "blue",
            "label": "Out"
        },
        {
            "index": 6,
            "bbox": [
                [
                    390,
                    299
                ],
                [
                    390,
                    371
                ],
                [
                    554,
                    371
                ],
                [
                    554,
                    299
                ]
            ],
            "text": "line",
            "label": "Out"
        },
        {
            "index": 7,
            "bbox": [
                [
                    135,
                    512
                ],
                [
                    135,
                    578
                ],
                [
                    202,
                    578
                ],
                [
                    202,
                    512
                ]
            ],
            "text": "3\"",
            "label": "B_Descri"
        },
        {
            "index": 8,
            "bbox": [
                [
                    208,
                    514
                ],
                [
                    208,
                    586
                ],
                [
                    526,
                    586
                ],
                [
                    526,
                    514
                ]
            ],
            "text": "submersible",
            "label": "I_Descri"
        },
        {
            "index": 9,
            "bbox": [
                [
                    533,
                    521
                ],
                [
                    533,
                    590
                ],
                [
                    705,
                    590
                ],
                [
                    705,
                    521
                ]
            ],
            "text": "screw",
            "label": "I_Descri"
        },
        {
            "index": 10,
            "bbox": [
                [
                    711,
                    526
                ],
                [
                    711,
                    596
                ],
                [
                    870,
                    596
                ],
                [
                    870,
                    526
                ]
            ],
            "text": "pump",
            "label": "I_Descri"
        },
        {
            "index": 11,
            "bbox": [
                [
                    132,
                    636
                ],
                [
                    132,
                    704
                ],
                [
                    336,
                    704
                ],
                [
                    336,
                    636
                ]
            ],
            "text": "BLUE",
            "label": "B_Descri"
        },
        {
            "index": 12,
            "bbox": [
                [
                    345,
                    636
                ],
                [
                    345,
                    704
                ],
                [
                    540,
                    704
                ],
                [
                    540,
                    636
                ]
            ],
            "text": "LINE",
            "label": "I_Descri"
        },
        {
            "index": 13,
            "bbox": [
                [
                    549,
                    636
                ],
                [
                    549,
                    704
                ],
                [
                    1121,
                    704
                ],
                [
                    1121,
                    636
                ]
            ],
            "text": "3PVM750-120",
            "label": "I_Descri"
        },
        {
            "index": 14,
            "bbox": [
                [
                    129,
                    751
                ],
                [
                    129,
                    792
                ],
                [
                    324,
                    792
                ],
                [
                    324,
                    751
                ]
            ],
            "text": "Submersible",
            "label": "B_Descri"
        },
        {
            "index": 15,
            "bbox": [
                [
                    329,
                    752
                ],
                [
                    329,
                    792
                ],
                [
                    359,
                    792
                ],
                [
                    359,
                    752
                ]
            ],
            "text": "3\"",
            "label": "I_Descri"
        },
        {
            "index": 16,
            "bbox": [
                [
                    364,
                    752
                ],
                [
                    364,
                    792
                ],
                [
                    449,
                    792
                ],
                [
                    449,
                    752
                ]
            ],
            "text": "pump",
            "label": "I_Descri"
        },
        {
            "index": 17,
            "bbox": [
                [
                    454,
                    752
                ],
                [
                    454,
                    792
                ],
                [
                    499,
                    792
                ],
                [
                    499,
                    752
                ]
            ],
            "text": "for",
            "label": "I_Descri"
        },
        {
            "index": 18,
            "bbox": [
                [
                    504,
                    752
                ],
                [
                    504,
                    792
                ],
                [
                    584,
                    792
                ],
                [
                    584,
                    752
                ]
            ],
            "text": "wells",
            "label": "I_Descri"
        },
        {
            "index": 19,
            "bbox": [
                [
                    589,
                    752
                ],
                [
                    589,
                    792
                ],
                [
                    644,
                    792
                ],
                [
                    644,
                    752
                ]
            ],
            "text": "and",
            "label": "I_Descri"
        },
        {
            "index": 20,
            "bbox": [
                [
                    649,
                    752
                ],
                [
                    649,
                    792
                ],
                [
                    809,
                    792
                ],
                [
                    809,
                    752
                ]
            ],
            "text": "boreholes,",
            "label": "I_Descri"
        },
        {
            "index": 21,
            "bbox": [
                [
                    814,
                    752
                ],
                [
                    814,
                    792
                ],
                [
                    859,
                    792
                ],
                [
                    859,
                    752
                ]
            ],
            "text": "for",
            "label": "I_Descri"
        },
        {
            "index": 22,
            "bbox": [
                [
                    864,
                    751
                ],
                [
                    864,
                    792
                ],
                [
                    995,
                    792
                ],
                [
                    995,
                    751
                ]
            ],
            "text": "pumping",
            "label": "I_Descri"
        },
        {
            "index": 23,
            "bbox": [
                [
                    132,
                    792
                ],
                [
                    132,
                    830
                ],
                [
                    217,
                    830
                ],
                [
                    217,
                    792
                ]
            ],
            "text": "clean",
            "label": "I_Descri"
        },
        {
            "index": 24,
            "bbox": [
                [
                    222,
                    792
                ],
                [
                    222,
                    830
                ],
                [
                    312,
                    830
                ],
                [
                    312,
                    792
                ]
            ],
            "text": "water,",
            "label": "I_Descri"
        },
        {
            "index": 25,
            "bbox": [
                [
                    317,
                    792
                ],
                [
                    317,
                    830
                ],
                [
                    465,
                    830
                ],
                [
                    465,
                    792
                ]
            ],
            "text": "irrigation.",
            "label": "I_Descri"
        },
        {
            "index": 26,
            "bbox": [
                [
                    132,
                    1071
                ],
                [
                    132,
                    1108
                ],
                [
                    312,
                    1108
                ],
                [
                    312,
                    1071
                ]
            ],
            "text": "Application",
            "label": "B_Section"
        },
        {
            "index": 27,
            "bbox": [
                [
                    132,
                    1112
                ],
                [
                    132,
                    1133
                ],
                [
                    145,
                    1133
                ],
                [
                    145,
                    1112
                ]
            ],
            "text": "•",
            "label": "Out"
        },
        {
            "index": 28,
            "bbox": [
                [
                    148,
                    1112
                ],
                [
                    148,
                    1133
                ],
                [
                    182,
                    1133
                ],
                [
                    182,
                    1112
                ]
            ],
            "text": "For",
            "label": "B_Descri"
        },
        {
            "index": 29,
            "bbox": [
                [
                    185,
                    1112
                ],
                [
                    185,
                    1133
                ],
                [
                    285,
                    1133
                ],
                [
                    285,
                    1112
                ]
            ],
            "text": "boreholes",
            "label": "I_Descri"
        },
        {
            "index": 30,
            "bbox": [
                [
                    287,
                    1112
                ],
                [
                    287,
                    1133
                ],
                [
                    337,
                    1133
                ],
                [
                    337,
                    1112
                ]
            ],
            "text": "from",
            "label": "I_Descri"
        },
        {
            "index": 31,
            "bbox": [
                [
                    339,
                    1112
                ],
                [
                    339,
                    1133
                ],
                [
                    378,
                    1133
                ],
                [
                    378,
                    1112
                ]
            ],
            "text": "100",
            "label": "I_Descri"
        },
        {
            "index": 32,
            "bbox": [
                [
                    381,
                    1112
                ],
                [
                    381,
                    1133
                ],
                [
                    424,
                    1133
                ],
                [
                    424,
                    1112
                ]
            ],
            "text": "mm",
            "label": "I_Descri"
        },
        {
            "index": 33,
            "bbox": [
                [
                    523,
                    1112
                ],
                [
                    523,
                    1136
                ],
                [
                    538,
                    1136
                ],
                [
                    538,
                    1112
                ]
            ],
            "text": "•",
            "label": "Out"
        },
        {
            "index": 34,
            "bbox": [
                [
                    541,
                    1112
                ],
                [
                    541,
                    1136
                ],
                [
                    643,
                    1136
                ],
                [
                    643,
                    1112
                ]
            ],
            "text": "Rainwater",
            "label": "B_Descri"
        },
        {
            "index": 35,
            "bbox": [
                [
                    646,
                    1112
                ],
                [
                    646,
                    1136
                ],
                [
                    734,
                    1136
                ],
                [
                    734,
                    1112
                ]
            ],
            "text": "irrigation",
            "label": "I_Descri"
        },
        {
            "index": 36,
            "bbox": [
                [
                    132,
                    1146
                ],
                [
                    132,
                    1173
                ],
                [
                    142,
                    1173
                ],
                [
                    142,
                    1146
                ]
            ],
            "text": "•",
            "label": "Out"
        },
        {
            "index": 37,
            "bbox": [
                [
                    147,
                    1146
                ],
                [
                    147,
                    1173
                ],
                [
                    238,
                    1173
                ],
                [
                    238,
                    1146
                ]
            ],
            "text": "Pumping",
            "label": "B_Descri"
        },
        {
            "index": 38,
            "bbox": [
                [
                    240,
                    1146
                ],
                [
                    240,
                    1173
                ],
                [
                    294,
                    1173
                ],
                [
                    294,
                    1146
                ]
            ],
            "text": "clean",
            "label": "I_Descri"
        },
        {
            "index": 39,
            "bbox": [
                [
                    297,
                    1146
                ],
                [
                    297,
                    1173
                ],
                [
                    354,
                    1173
                ],
                [
                    354,
                    1146
                ]
            ],
            "text": "water",
            "label": "I_Descri"
        },
        {
            "index": 40,
            "bbox": [
                [
                    358,
                    1146
                ],
                [
                    358,
                    1173
                ],
                [
                    388,
                    1173
                ],
                [
                    388,
                    1146
                ]
            ],
            "text": "for",
            "label": "I_Descri"
        },
        {
            "index": 41,
            "bbox": [
                [
                    392,
                    1146
                ],
                [
                    392,
                    1171
                ],
                [
                    507,
                    1171
                ],
                [
                    507,
                    1146
                ]
            ],
            "text": "households",
            "label": "I_Descri"
        },
        {
            "index": 42,
            "bbox": [
                [
                    524,
                    1146
                ],
                [
                    524,
                    1173
                ],
                [
                    537,
                    1173
                ],
                [
                    537,
                    1146
                ]
            ],
            "text": "•",
            "label": "Out"
        },
        {
            "index": 43,
            "bbox": [
                [
                    540,
                    1146
                ],
                [
                    540,
                    1173
                ],
                [
                    608,
                    1173
                ],
                [
                    608,
                    1146
                ]
            ],
            "text": "Power",
            "label": "B_Descri"
        },
        {
            "index": 44,
            "bbox": [
                [
                    611,
                    1146
                ],
                [
                    611,
                    1173
                ],
                [
                    675,
                    1173
                ],
                [
                    675,
                    1146
                ]
            ],
            "text": "supply",
            "label": "I_Descri"
        },
        {
            "index": 45,
            "bbox": [
                [
                    679,
                    1146
                ],
                [
                    679,
                    1173
                ],
                [
                    706,
                    1173
                ],
                [
                    706,
                    1146
                ]
            ],
            "text": "for",
            "label": "I_Descri"
        },
        {
            "index": 46,
            "bbox": [
                [
                    709,
                    1146
                ],
                [
                    709,
                    1173
                ],
                [
                    797,
                    1173
                ],
                [
                    797,
                    1146
                ]
            ],
            "text": "pressure",
            "label": "I_Descri"
        },
        {
            "index": 47,
            "bbox": [
                [
                    800,
                    1146
                ],
                [
                    800,
                    1173
                ],
                [
                    886,
                    1173
                ],
                [
                    886,
                    1146
                ]
            ],
            "text": "systems",
            "label": "I_Descri"
        },
        {
            "index": 48,
            "bbox": [
                [
                    129,
                    1186
                ],
                [
                    129,
                    1206
                ],
                [
                    144,
                    1206
                ],
                [
                    144,
                    1186
                ]
            ],
            "text": "•",
            "label": "Out"
        },
        {
            "index": 49,
            "bbox": [
                [
                    147,
                    1186
                ],
                [
                    147,
                    1206
                ],
                [
                    210,
                    1206
                ],
                [
                    210,
                    1186
                ]
            ],
            "text": "Water",
            "label": "B_Descri"
        },
        {
            "index": 50,
            "bbox": [
                [
                    211,
                    1186
                ],
                [
                    211,
                    1206
                ],
                [
                    314,
                    1206
                ],
                [
                    314,
                    1186
                ]
            ],
            "text": "circulation",
            "label": "I_Descri"
        },
        {
            "index": 51,
            "bbox": [
                [
                    317,
                    1186
                ],
                [
                    317,
                    1206
                ],
                [
                    337,
                    1206
                ],
                [
                    337,
                    1186
                ]
            ],
            "text": "in",
            "label": "I_Descri"
        },
        {
            "index": 52,
            "bbox": [
                [
                    339,
                    1186
                ],
                [
                    339,
                    1206
                ],
                [
                    435,
                    1206
                ],
                [
                    435,
                    1186
                ]
            ],
            "text": "fountains",
            "label": "I_Descri"
        },
        {
            "index": 53,
            "bbox": [
                [
                    523,
                    1183
                ],
                [
                    523,
                    1207
                ],
                [
                    537,
                    1207
                ],
                [
                    537,
                    1183
                ]
            ],
            "text": "•",
            "label": "Out"
        },
        {
            "index": 54,
            "bbox": [
                [
                    540,
                    1183
                ],
                [
                    540,
                    1206
                ],
                [
                    589,
                    1206
                ],
                [
                    589,
                    1183
                ]
            ],
            "text": "Tank",
            "label": "B_Descri"
        },
        {
            "index": 55,
            "bbox": [
                [
                    592,
                    1183
                ],
                [
                    592,
                    1206
                ],
                [
                    649,
                    1206
                ],
                [
                    649,
                    1183
                ]
            ],
            "text": "filling",
            "label": "I_Descri"
        },
        {
            "index": 56,
            "bbox": [
                [
                    652,
                    1183
                ],
                [
                    652,
                    1206
                ],
                [
                    689,
                    1206
                ],
                [
                    689,
                    1183
                ]
            ],
            "text": "and",
            "label": "I_Descri"
        },
        {
            "index": 57,
            "bbox": [
                [
                    693,
                    1183
                ],
                [
                    693,
                    1207
                ],
                [
                    788,
                    1207
                ],
                [
                    788,
                    1183
                ]
            ],
            "text": "emptying",
            "label": "I_Descri"
        },
        {
            "index": 58,
            "bbox": [
                [
                    143,
                    1316
                ],
                [
                    143,
                    1333
                ],
                [
                    211,
                    1333
                ],
                [
                    211,
                    1316
                ]
            ],
            "text": "Model",
            "label": "B_Section"
        },
        {
            "index": 59,
            "bbox": [
                [
                    448,
                    1299
                ],
                [
                    448,
                    1323
                ],
                [
                    491,
                    1323
                ],
                [
                    491,
                    1299
                ]
            ],
            "text": "blue",
            "label": "B_Descri"
        },
        {
            "index": 60,
            "bbox": [
                [
                    494,
                    1298
                ],
                [
                    494,
                    1322
                ],
                [
                    536,
                    1322
                ],
                [
                    536,
                    1298
                ]
            ],
            "text": "line",
            "label": "I_Descri"
        },
        {
            "index": 61,
            "bbox": [
                [
                    445,
                    1326
                ],
                [
                    445,
                    1350
                ],
                [
                    598,
                    1350
                ],
                [
                    598,
                    1326
                ]
            ],
            "text": "3PVM750-120",
            "label": "I_Descri"
        },
        {
            "index": 62,
            "bbox": [
                [
                    143,
                    1367
                ],
                [
                    143,
                    1387
                ],
                [
                    191,
                    1387
                ],
                [
                    191,
                    1367
                ]
            ],
            "text": "Code",
            "label": "B_Prop"
        },
        {
            "index": 63,
            "bbox": [
                [
                    143,
                    1404
                ],
                [
                    143,
                    1421
                ],
                [
                    230,
                    1421
                ],
                [
                    230,
                    1404
                ]
            ],
            "text": "Maximum",
            "label": "B_Prop"
        },
        {
            "index": 64,
            "bbox": [
                [
                    232,
                    1404
                ],
                [
                    232,
                    1421
                ],
                [
                    270,
                    1421
                ],
                [
                    270,
                    1404
                ]
            ],
            "text": "flow",
            "label": "I_Prop"
        },
        {
            "index": 65,
            "bbox": [
                [
                    273,
                    1404
                ],
                [
                    273,
                    1421
                ],
                [
                    347,
                    1421
                ],
                [
                    347,
                    1404
                ]
            ],
            "text": "[m^3/hod]",
            "label": "B_Unit"
        },
        {
            "index": 66,
            "bbox": [
                [
                    143,
                    1438
                ],
                [
                    143,
                    1455
                ],
                [
                    230,
                    1455
                ],
                [
                    230,
                    1438
                ]
            ],
            "text": "Maximum",
            "label": "B_Prop"
        },
        {
            "index": 67,
            "bbox": [
                [
                    232,
                    1438
                ],
                [
                    232,
                    1455
                ],
                [
                    277,
                    1455
                ],
                [
                    277,
                    1438
                ]
            ],
            "text": "head",
            "label": "I_Prop"
        },
        {
            "index": 68,
            "bbox": [
                [
                    279,
                    1438
                ],
                [
                    279,
                    1455
                ],
                [
                    309,
                    1455
                ],
                [
                    309,
                    1438
                ]
            ],
            "text": "[m]",
            "label": "B_Unit"
        },
        {
            "index": 69,
            "bbox": [
                [
                    143,
                    1475
                ],
                [
                    143,
                    1492
                ],
                [
                    194,
                    1492
                ],
                [
                    194,
                    1475
                ]
            ],
            "text": "Pump",
            "label": "B_Prop"
        },
        {
            "index": 70,
            "bbox": [
                [
                    196,
                    1475
                ],
                [
                    196,
                    1492
                ],
                [
                    278,
                    1492
                ],
                [
                    278,
                    1475
                ]
            ],
            "text": "diameter",
            "label": "I_Prop"
        },
        {
            "index": 71,
            "bbox": [
                [
                    445,
                    1370
                ],
                [
                    445,
                    1391
                ],
                [
                    540,
                    1391
                ],
                [
                    540,
                    1370
                ]
            ],
            "text": "ZB00061165",
            "label": "B_Ref"
        },
        {
            "index": 72,
            "bbox": [
                [
                    445,
                    1404
                ],
                [
                    445,
                    1421
                ],
                [
                    472,
                    1421
                ],
                [
                    472,
                    1404
                ]
            ],
            "text": "1,8",
            "label": "B_Value"
        },
        {
            "index": 73,
            "bbox": [
                [
                    445,
                    1438
                ],
                [
                    445,
                    1455
                ],
                [
                    479,
                    1455
                ],
                [
                    479,
                    1438
                ]
            ],
            "text": "120",
            "label": "B_Value"
        },
        {
            "index": 74,
            "bbox": [
                [
                    445,
                    1472
                ],
                [
                    445,
                    1492
                ],
                [
                    465,
                    1492
                ],
                [
                    465,
                    1472
                ]
            ],
            "text": "3\"",
            "label": "B_Value"
        },
        {
            "index": 75,
            "bbox": [
                [
                    143,
                    1513
                ],
                [
                    143,
                    1533
                ],
                [
                    303,
                    1533
                ],
                [
                    303,
                    1513
                ]
            ],
            "text": "Voltage/frequency",
            "label": "B_Prop"
        },
        {
            "index": 76,
            "bbox": [
                [
                    306,
                    1513
                ],
                [
                    306,
                    1533
                ],
                [
                    364,
                    1533
                ],
                [
                    364,
                    1513
                ]
            ],
            "text": "[V/",
            "label": "I_Prop"
        },
        {
            "index": 77,
            "bbox": [
                [
                    305,
                    1513
                ],
                [
                    305,
                    1533
                ],
                [
                    363,
                    1533
                ],
                [
                    363,
                    1513
                ]
            ],
            "text": "Hz",
            "label": "I_Prop"
        },
        {
            "index": 78,
            "bbox": [
                [
                    306,
                    1513
                ],
                [
                    306,
                    1533
                ],
                [
                    364,
                    1533
                ],
                [
                    364,
                    1513
                ]
            ],
            "text": "]",
            "label": "B_Unit"
        },
        {
            "index": 79,
            "bbox": [
                [
                    143,
                    1547
                ],
                [
                    143,
                    1567
                ],
                [
                    198,
                    1567
                ],
                [
                    198,
                    1547
                ]
            ],
            "text": "Power",
            "label": "B_Prop"
        },
        {
            "index": 80,
            "bbox": [
                [
                    201,
                    1547
                ],
                [
                    201,
                    1567
                ],
                [
                    235,
                    1567
                ],
                [
                    235,
                    1547
                ]
            ],
            "text": "[W]",
            "label": "B_Unit"
        },
        {
            "index": 81,
            "bbox": [
                [
                    143,
                    1584
                ],
                [
                    143,
                    1601
                ],
                [
                    245,
                    1601
                ],
                [
                    245,
                    1584
                ]
            ],
            "text": "Connection",
            "label": "B_Prop"
        },
        {
            "index": 82,
            "bbox": [
                [
                    143,
                    1618
                ],
                [
                    143,
                    1638
                ],
                [
                    228,
                    1638
                ],
                [
                    228,
                    1618
                ]
            ],
            "text": "Maximum",
            "label": "B_Prop"
        },
        {
            "index": 83,
            "bbox": [
                [
                    231,
                    1618
                ],
                [
                    231,
                    1638
                ],
                [
                    326,
                    1638
                ],
                [
                    326,
                    1618
                ]
            ],
            "text": "immersion",
            "label": "I_Prop"
        },
        {
            "index": 84,
            "bbox": [
                [
                    328,
                    1618
                ],
                [
                    328,
                    1638
                ],
                [
                    378,
                    1638
                ],
                [
                    378,
                    1618
                ]
            ],
            "text": "depth",
            "label": "I_Prop"
        },
        {
            "index": 85,
            "bbox": [
                [
                    381,
                    1618
                ],
                [
                    381,
                    1638
                ],
                [
                    411,
                    1638
                ],
                [
                    411,
                    1618
                ]
            ],
            "text": "[m]",
            "label": "B_Unit"
        },
        {
            "index": 86,
            "bbox": [
                [
                    139,
                    1655
                ],
                [
                    139,
                    1676
                ],
                [
                    228,
                    1676
                ],
                [
                    228,
                    1655
                ]
            ],
            "text": "Maximum",
            "label": "B_Prop"
        },
        {
            "index": 87,
            "bbox": [
                [
                    231,
                    1655
                ],
                [
                    231,
                    1676
                ],
                [
                    281,
                    1676
                ],
                [
                    281,
                    1655
                ]
            ],
            "text": "liquid",
            "label": "I_Prop"
        },
        {
            "index": 88,
            "bbox": [
                [
                    283,
                    1655
                ],
                [
                    283,
                    1676
                ],
                [
                    391,
                    1676
                ],
                [
                    391,
                    1655
                ]
            ],
            "text": "temperature",
            "label": "I_Prop"
        },
        {
            "index": 89,
            "bbox": [
                [
                    394,
                    1655
                ],
                [
                    394,
                    1674
                ],
                [
                    422,
                    1674
                ],
                [
                    422,
                    1655
                ]
            ],
            "text": "[°C]",
            "label": "B_Unit"
        },
        {
            "index": 90,
            "bbox": [
                [
                    443,
                    1655
                ],
                [
                    443,
                    1676
                ],
                [
                    468,
                    1676
                ],
                [
                    468,
                    1655
                ]
            ],
            "text": "35",
            "label": "B_Value"
        },
        {
            "index": 91,
            "bbox": [
                [
                    143,
                    1693
                ],
                [
                    143,
                    1710
                ],
                [
                    194,
                    1710
                ],
                [
                    194,
                    1693
                ]
            ],
            "text": "Cable",
            "label": "B_Prop"
        },
        {
            "index": 92,
            "bbox": [
                [
                    196,
                    1693
                ],
                [
                    196,
                    1710
                ],
                [
                    253,
                    1710
                ],
                [
                    253,
                    1693
                ]
            ],
            "text": "length",
            "label": "I_Prop"
        },
        {
            "index": 93,
            "bbox": [
                [
                    256,
                    1693
                ],
                [
                    256,
                    1710
                ],
                [
                    286,
                    1710
                ],
                [
                    286,
                    1693
                ]
            ],
            "text": "[m]",
            "label": "B_Unit"
        },
        {
            "index": 94,
            "bbox": [
                [
                    143,
                    1727
                ],
                [
                    143,
                    1748
                ],
                [
                    238,
                    1748
                ],
                [
                    238,
                    1727
                ]
            ],
            "text": "Protection",
            "label": "B_Prop"
        },
        {
            "index": 95,
            "bbox": [
                [
                    445,
                    1513
                ],
                [
                    445,
                    1530
                ],
                [
                    475,
                    1530
                ],
                [
                    475,
                    1513
                ]
            ],
            "text": "230",
            "label": "B_Value"
        },
        {
            "index": 96,
            "bbox": [
                [
                    477,
                    1513
                ],
                [
                    477,
                    1530
                ],
                [
                    486,
                    1530
                ],
                [
                    486,
                    1513
                ]
            ],
            "text": "/",
            "label": "I_Value"
        },
        {
            "index": 97,
            "bbox": [
                [
                    487,
                    1512
                ],
                [
                    487,
                    1529
                ],
                [
                    509,
                    1529
                ],
                [
                    509,
                    1512
                ]
            ],
            "text": "50",
            "label": "I_Value"
        },
        {
            "index": 98,
            "bbox": [
                [
                    445,
                    1547
                ],
                [
                    445,
                    1567
                ],
                [
                    476,
                    1567
                ],
                [
                    476,
                    1547
                ]
            ],
            "text": "750",
            "label": "B_Value"
        },
        {
            "index": 99,
            "bbox": [
                [
                    445,
                    1581
                ],
                [
                    445,
                    1601
                ],
                [
                    465,
                    1601
                ],
                [
                    465,
                    1581
                ]
            ],
            "text": "1\"",
            "label": "B_Value"
        },
        {
            "index": 100,
            "bbox": [
                [
                    445,
                    1618
                ],
                [
                    445,
                    1638
                ],
                [
                    465,
                    1638
                ],
                [
                    465,
                    1618
                ]
            ],
            "text": "40",
            "label": "B_Value"
        },
        {
            "index": 101,
            "bbox": [
                [
                    448,
                    1693
                ],
                [
                    448,
                    1710
                ],
                [
                    468,
                    1710
                ],
                [
                    468,
                    1693
                ]
            ],
            "text": "40",
            "label": "B_Value"
        },
        {
            "index": 102,
            "bbox": [
                [
                    448,
                    1727
                ],
                [
                    448,
                    1744
                ],
                [
                    463,
                    1744
                ],
                [
                    463,
                    1727
                ]
            ],
            "text": "IP",
            "label": "B_Value"
        },
        {
            "index": 103,
            "bbox": [
                [
                    465,
                    1727
                ],
                [
                    465,
                    1744
                ],
                [
                    486,
                    1744
                ],
                [
                    486,
                    1727
                ]
            ],
            "text": "68",
            "label": "I_Value"
        },
        {
            "index": 104,
            "bbox": [
                [
                    139,
                    1764
                ],
                [
                    139,
                    1781
                ],
                [
                    230,
                    1781
                ],
                [
                    230,
                    1764
                ]
            ],
            "text": "Insulation",
            "label": "B_Prop"
        },
        {
            "index": 105,
            "bbox": [
                [
                    233,
                    1764
                ],
                [
                    233,
                    1781
                ],
                [
                    282,
                    1781
                ],
                [
                    282,
                    1764
                ]
            ],
            "text": "class",
            "label": "I_Prop"
        },
        {
            "index": 106,
            "bbox": [
                [
                    143,
                    1798
                ],
                [
                    143,
                    1819
                ],
                [
                    204,
                    1819
                ],
                [
                    204,
                    1798
                ]
            ],
            "text": "Weight",
            "label": "B_Prop"
        },
        {
            "index": 107,
            "bbox": [
                [
                    206,
                    1798
                ],
                [
                    206,
                    1819
                ],
                [
                    241,
                    1819
                ],
                [
                    241,
                    1798
                ]
            ],
            "text": "[kg]",
            "label": "B_Unit"
        },
        {
            "index": 108,
            "bbox": [
                [
                    143,
                    1837
                ],
                [
                    143,
                    1857
                ],
                [
                    238,
                    1857
                ],
                [
                    238,
                    1837
                ]
            ],
            "text": "Dimension",
            "label": "B_Prop"
        },
        {
            "index": 109,
            "bbox": [
                [
                    241,
                    1836
                ],
                [
                    241,
                    1856
                ],
                [
                    246,
                    1856
                ],
                [
                    246,
                    1836
                ]
            ],
            "text": "-",
            "label": "I_Prop"
        },
        {
            "index": 110,
            "bbox": [
                [
                    248,
                    1836
                ],
                [
                    248,
                    1856
                ],
                [
                    306,
                    1856
                ],
                [
                    306,
                    1836
                ]
            ],
            "text": "length",
            "label": "I_Prop"
        },
        {
            "index": 111,
            "bbox": [
                [
                    308,
                    1836
                ],
                [
                    308,
                    1856
                ],
                [
                    353,
                    1856
                ],
                [
                    353,
                    1836
                ]
            ],
            "text": "[mm]",
            "label": "B_Unit"
        },
        {
            "index": 112,
            "bbox": [
                [
                    445,
                    1836
                ],
                [
                    445,
                    1853
                ],
                [
                    479,
                    1853
                ],
                [
                    479,
                    1836
                ]
            ],
            "text": "687",
            "label": "B_Value"
        },
        {
            "index": 113,
            "bbox": [
                [
                    897,
                    1240
                ],
                [
                    897,
                    1274
                ],
                [
                    1110,
                    1274
                ],
                [
                    1110,
                    1240
                ]
            ],
            "text": "Characteristic",
            "label": "B_Section"
        },
        {
            "index": 114,
            "bbox": [
                [
                    1114,
                    1240
                ],
                [
                    1114,
                    1274
                ],
                [
                    1220,
                    1274
                ],
                [
                    1220,
                    1240
                ]
            ],
            "text": "design",
            "label": "I_Section"
        },
        {
            "index": 115,
            "bbox": [
                [
                    1224,
                    1240
                ],
                [
                    1224,
                    1274
                ],
                [
                    1355,
                    1274
                ],
                [
                    1355,
                    1240
                ]
            ],
            "text": "features",
            "label": "I_Section"
        },
        {
            "index": 116,
            "bbox": [
                [
                    897,
                    1285
                ],
                [
                    897,
                    1309
                ],
                [
                    909,
                    1309
                ],
                [
                    909,
                    1285
                ]
            ],
            "text": "•",
            "label": "Out"
        },
        {
            "index": 117,
            "bbox": [
                [
                    911,
                    1285
                ],
                [
                    911,
                    1308
                ],
                [
                    1003,
                    1308
                ],
                [
                    1003,
                    1285
                ]
            ],
            "text": "Stainless",
            "label": "B_Descri"
        },
        {
            "index": 118,
            "bbox": [
                [
                    1006,
                    1285
                ],
                [
                    1006,
                    1308
                ],
                [
                    1055,
                    1308
                ],
                [
                    1055,
                    1285
                ]
            ],
            "text": "steel",
            "label": "I_Descri"
        },
        {
            "index": 119,
            "bbox": [
                [
                    1058,
                    1285
                ],
                [
                    1058,
                    1308
                ],
                [
                    1115,
                    1308
                ],
                [
                    1115,
                    1285
                ]
            ],
            "text": "shaft,",
            "label": "I_Descri"
        },
        {
            "index": 120,
            "bbox": [
                [
                    1118,
                    1285
                ],
                [
                    1118,
                    1308
                ],
                [
                    1184,
                    1308
                ],
                [
                    1184,
                    1285
                ]
            ],
            "text": "casing",
            "label": "I_Descri"
        },
        {
            "index": 121,
            "bbox": [
                [
                    1187,
                    1285
                ],
                [
                    1187,
                    1308
                ],
                [
                    1227,
                    1308
                ],
                [
                    1227,
                    1285
                ]
            ],
            "text": "and",
            "label": "I_Descri"
        },
        {
            "index": 122,
            "bbox": [
                [
                    1230,
                    1285
                ],
                [
                    1230,
                    1309
                ],
                [
                    1331,
                    1309
                ],
                [
                    1331,
                    1285
                ]
            ],
            "text": "hydraulics",
            "label": "I_Descri"
        },
        {
            "index": 123,
            "bbox": [
                [
                    897,
                    1322
                ],
                [
                    897,
                    1342
                ],
                [
                    910,
                    1342
                ],
                [
                    910,
                    1322
                ]
            ],
            "text": "•",
            "label": "Out"
        },
        {
            "index": 124,
            "bbox": [
                [
                    912,
                    1322
                ],
                [
                    912,
                    1342
                ],
                [
                    987,
                    1342
                ],
                [
                    987,
                    1322
                ]
            ],
            "text": "Spindle",
            "label": "B_Descri"
        },
        {
            "index": 125,
            "bbox": [
                [
                    989,
                    1322
                ],
                [
                    989,
                    1342
                ],
                [
                    1009,
                    1342
                ],
                [
                    1009,
                    1322
                ]
            ],
            "text": "in",
            "label": "I_Descri"
        },
        {
            "index": 126,
            "bbox": [
                [
                    1012,
                    1322
                ],
                [
                    1012,
                    1342
                ],
                [
                    1079,
                    1342
                ],
                [
                    1079,
                    1322
                ]
            ],
            "text": "rubber",
            "label": "I_Descri"
        },
        {
            "index": 127,
            "bbox": [
                [
                    1082,
                    1322
                ],
                [
                    1082,
                    1342
                ],
                [
                    1145,
                    1342
                ],
                [
                    1145,
                    1322
                ]
            ],
            "text": "stator",
            "label": "I_Descri"
        },
        {
            "index": 128,
            "bbox": [
                [
                    897,
                    1356
                ],
                [
                    897,
                    1376
                ],
                [
                    910,
                    1376
                ],
                [
                    910,
                    1356
                ]
            ],
            "text": "•",
            "label": "Out"
        },
        {
            "index": 129,
            "bbox": [
                [
                    912,
                    1356
                ],
                [
                    912,
                    1376
                ],
                [
                    982,
                    1376
                ],
                [
                    982,
                    1356
                ]
            ],
            "text": "Built-in",
            "label": "B_Descri"
        },
        {
            "index": 130,
            "bbox": [
                [
                    985,
                    1356
                ],
                [
                    985,
                    1376
                ],
                [
                    1045,
                    1376
                ],
                [
                    1045,
                    1356
                ]
            ],
            "text": "check",
            "label": "I_Descri"
        },
        {
            "index": 131,
            "bbox": [
                [
                    1047,
                    1356
                ],
                [
                    1047,
                    1376
                ],
                [
                    1100,
                    1376
                ],
                [
                    1100,
                    1356
                ]
            ],
            "text": "valve",
            "label": "I_Descri"
        },
        {
            "index": 132,
            "bbox": [
                [
                    893,
                    1393
                ],
                [
                    893,
                    1417
                ],
                [
                    908,
                    1417
                ],
                [
                    908,
                    1393
                ]
            ],
            "text": "•",
            "label": "Out"
        },
        {
            "index": 133,
            "bbox": [
                [
                    911,
                    1393
                ],
                [
                    911,
                    1417
                ],
                [
                    1013,
                    1417
                ],
                [
                    1013,
                    1393
                ]
            ],
            "text": "Oil-cooled",
            "label": "B_Descri"
        },
        {
            "index": 134,
            "bbox": [
                [
                    1016,
                    1393
                ],
                [
                    1016,
                    1417
                ],
                [
                    1076,
                    1417
                ],
                [
                    1076,
                    1393
                ]
            ],
            "text": "motor",
            "label": "I_Descri"
        },
        {
            "index": 135,
            "bbox": [
                [
                    1079,
                    1393
                ],
                [
                    1079,
                    1417
                ],
                [
                    1124,
                    1417
                ],
                [
                    1124,
                    1393
                ]
            ],
            "text": "with",
            "label": "I_Descri"
        },
        {
            "index": 136,
            "bbox": [
                [
                    1127,
                    1393
                ],
                [
                    1127,
                    1417
                ],
                [
                    1268,
                    1417
                ],
                [
                    1268,
                    1393
                ]
            ],
            "text": "compensating",
            "label": "I_Descri"
        },
        {
            "index": 137,
            "bbox": [
                [
                    1271,
                    1393
                ],
                [
                    1271,
                    1417
                ],
                [
                    1376,
                    1417
                ],
                [
                    1376,
                    1393
                ]
            ],
            "text": "diaphragm",
            "label": "I_Descri"
        },
        {
            "index": 138,
            "bbox": [
                [
                    893,
                    1428
                ],
                [
                    893,
                    1453
                ],
                [
                    909,
                    1453
                ],
                [
                    909,
                    1428
                ]
            ],
            "text": "•",
            "label": "Out"
        },
        {
            "index": 139,
            "bbox": [
                [
                    912,
                    1428
                ],
                [
                    912,
                    1454
                ],
                [
                    997,
                    1454
                ],
                [
                    997,
                    1428
                ]
            ],
            "text": "Graphite",
            "label": "B_Descri"
        },
        {
            "index": 140,
            "bbox": [
                [
                    999,
                    1429
                ],
                [
                    999,
                    1454
                ],
                [
                    1043,
                    1454
                ],
                [
                    1043,
                    1429
                ]
            ],
            "text": "seal",
            "label": "I_Descri"
        },
        {
            "index": 141,
            "bbox": [
                [
                    1046,
                    1429
                ],
                [
                    1046,
                    1455
                ],
                [
                    1140,
                    1455
                ],
                [
                    1140,
                    1429
                ]
            ],
            "text": "protected",
            "label": "I_Descri"
        },
        {
            "index": 142,
            "bbox": [
                [
                    1143,
                    1430
                ],
                [
                    1143,
                    1456
                ],
                [
                    1218,
                    1456
                ],
                [
                    1218,
                    1430
                ]
            ],
            "text": "against",
            "label": "I_Descri"
        },
        {
            "index": 143,
            "bbox": [
                [
                    1221,
                    1430
                ],
                [
                    1221,
                    1455
                ],
                [
                    1271,
                    1455
                ],
                [
                    1271,
                    1430
                ]
            ],
            "text": "sand",
            "label": "I_Descri"
        },
        {
            "index": 144,
            "bbox": [
                [
                    1274,
                    1431
                ],
                [
                    1274,
                    1456
                ],
                [
                    1299,
                    1456
                ],
                [
                    1299,
                    1431
                ]
            ],
            "text": "by",
            "label": "I_Descri"
        },
        {
            "index": 145,
            "bbox": [
                [
                    1302,
                    1431
                ],
                [
                    1302,
                    1456
                ],
                [
                    1315,
                    1456
                ],
                [
                    1315,
                    1431
                ]
            ],
            "text": "a",
            "label": "I_Descri"
        },
        {
            "index": 146,
            "bbox": [
                [
                    1318,
                    1431
                ],
                [
                    1318,
                    1456
                ],
                [
                    1359,
                    1456
                ],
                [
                    1359,
                    1431
                ]
            ],
            "text": "ring",
            "label": "I_Descri"
        },
        {
            "index": 147,
            "bbox": [
                [
                    897,
                    1465
                ],
                [
                    897,
                    1489
                ],
                [
                    909,
                    1489
                ],
                [
                    909,
                    1465
                ]
            ],
            "text": "•",
            "label": "Out"
        },
        {
            "index": 148,
            "bbox": [
                [
                    912,
                    1465
                ],
                [
                    912,
                    1489
                ],
                [
                    969,
                    1489
                ],
                [
                    969,
                    1465
                ]
            ],
            "text": "Parts",
            "label": "B_Descri"
        },
        {
            "index": 149,
            "bbox": [
                [
                    972,
                    1465
                ],
                [
                    972,
                    1489
                ],
                [
                    1005,
                    1489
                ],
                [
                    1005,
                    1465
                ]
            ],
            "text": "are",
            "label": "I_Descri"
        },
        {
            "index": 150,
            "bbox": [
                [
                    1008,
                    1465
                ],
                [
                    1008,
                    1489
                ],
                [
                    1098,
                    1489
                ],
                [
                    1098,
                    1465
                ]
            ],
            "text": "non-toxic",
            "label": "I_Descri"
        },
        {
            "index": 151,
            "bbox": [
                [
                    1101,
                    1465
                ],
                [
                    1101,
                    1489
                ],
                [
                    1140,
                    1489
                ],
                [
                    1140,
                    1465
                ]
            ],
            "text": "and",
            "label": "I_Descri"
        },
        {
            "index": 152,
            "bbox": [
                [
                    1143,
                    1465
                ],
                [
                    1143,
                    1489
                ],
                [
                    1274,
                    1489
                ],
                [
                    1274,
                    1465
                ]
            ],
            "text": "non-polluting",
            "label": "I_Descri"
        },
        {
            "index": 153,
            "bbox": [
                [
                    900,
                    1540
                ],
                [
                    900,
                    1574
                ],
                [
                    1053,
                    1574
                ],
                [
                    1053,
                    1540
                ]
            ],
            "text": "Hydraulic",
            "label": "Out"
        },
        {
            "index": 154,
            "bbox": [
                [
                    1057,
                    1540
                ],
                [
                    1057,
                    1574
                ],
                [
                    1261,
                    1574
                ],
                [
                    1261,
                    1540
                ]
            ],
            "text": "performance",
            "label": "Out"
        },
        {
            "index": 155,
            "bbox": [
                [
                    1266,
                    1540
                ],
                [
                    1266,
                    1574
                ],
                [
                    1352,
                    1574
                ],
                [
                    1352,
                    1540
                ]
            ],
            "text": "curve",
            "label": "Out"
        },
        {
            "index": 156,
            "bbox": [
                [
                    941,
                    1591
                ],
                [
                    941,
                    1608
                ],
                [
                    975,
                    1608
                ],
                [
                    975,
                    1591
                ]
            ],
            "text": "180",
            "label": "Out"
        },
        {
            "index": 157,
            "bbox": [
                [
                    941,
                    1625
                ],
                [
                    941,
                    1642
                ],
                [
                    972,
                    1642
                ],
                [
                    972,
                    1625
                ]
            ],
            "text": "160",
            "label": "Out"
        },
        {
            "index": 158,
            "bbox": [
                [
                    897,
                    1649
                ],
                [
                    897,
                    1666
                ],
                [
                    924,
                    1666
                ],
                [
                    924,
                    1649
                ]
            ],
            "text": "(m]",
            "label": "Out"
        },
        {
            "index": 159,
            "bbox": [
                [
                    937,
                    1662
                ],
                [
                    937,
                    1679
                ],
                [
                    974,
                    1679
                ],
                [
                    974,
                    1662
                ]
            ],
            "text": "140",
            "label": "Out"
        },
        {
            "index": 160,
            "bbox": [
                [
                    941,
                    1696
                ],
                [
                    941,
                    1713
                ],
                [
                    975,
                    1713
                ],
                [
                    975,
                    1696
                ]
            ],
            "text": "120",
            "label": "Out"
        },
        {
            "index": 161,
            "bbox": [
                [
                    941,
                    1734
                ],
                [
                    941,
                    1748
                ],
                [
                    972,
                    1748
                ],
                [
                    972,
                    1734
                ]
            ],
            "text": "100",
            "label": "Out"
        },
        {
            "index": 162,
            "bbox": [
                [
                    951,
                    1768
                ],
                [
                    951,
                    1785
                ],
                [
                    975,
                    1785
                ],
                [
                    975,
                    1768
                ]
            ],
            "text": "80",
            "label": "Out"
        },
        {
            "index": 163,
            "bbox": [
                [
                    951,
                    1802
                ],
                [
                    951,
                    1819
                ],
                [
                    971,
                    1819
                ],
                [
                    971,
                    1802
                ]
            ],
            "text": "60",
            "label": "Out"
        },
        {
            "index": 164,
            "bbox": [
                [
                    951,
                    1873
                ],
                [
                    951,
                    1890
                ],
                [
                    975,
                    1890
                ],
                [
                    975,
                    1873
                ]
            ],
            "text": "20",
            "label": "Out"
        },
        {
            "index": 165,
            "bbox": [
                [
                    1362,
                    1642
                ],
                [
                    1362,
                    1659
                ],
                [
                    1398,
                    1659
                ],
                [
                    1398,
                    1642
                ]
            ],
            "text": "—",
            "label": "Out"
        },
        {
            "index": 166,
            "bbox": [
                [
                    1400,
                    1642
                ],
                [
                    1400,
                    1659
                ],
                [
                    1504,
                    1659
                ],
                [
                    1504,
                    1642
                ]
            ],
            "text": "3PVM750-120",
            "label": "Out"
        },
        {
            "index": 167,
            "bbox": [
                [
                    1145,
                    1928
                ],
                [
                    1145,
                    1945
                ],
                [
                    1172,
                    1945
                ],
                [
                    1172,
                    1928
                ]
            ],
            "text": "0,5",
            "label": "Out"
        },
        {
            "index": 168,
            "bbox": [
                [
                    1491,
                    1928
                ],
                [
                    1491,
                    1945
                ],
                [
                    1522,
                    1945
                ],
                [
                    1522,
                    1928
                ]
            ],
            "text": "1,5",
            "label": "Out"
        },
        {
            "index": 169,
            "bbox": [
                [
                    1199,
                    1958
                ],
                [
                    1199,
                    1975
                ],
                [
                    1244,
                    1975
                ],
                [
                    1244,
                    1958
                ]
            ],
            "text": "Flow",
            "label": "Out"
        },
        {
            "index": 170,
            "bbox": [
                [
                    1246,
                    1958
                ],
                [
                    1246,
                    1975
                ],
                [
                    1260,
                    1975
                ],
                [
                    1260,
                    1958
                ]
            ],
            "text": "Q",
            "label": "Out"
        },
        {
            "index": 171,
            "bbox": [
                [
                    1440,
                    1958
                ],
                [
                    1440,
                    1975
                ],
                [
                    1491,
                    1975
                ],
                [
                    1491,
                    1958
                ]
            ],
            "text": "(m^3/h]",
            "label": "Out"
        },
        {
            "index": 172,
            "bbox": [
                [
                    143,
                    2030
                ],
                [
                    143,
                    2057
                ],
                [
                    438,
                    2057
                ],
                [
                    438,
                    2030
                ]
            ],
            "text": "www.pumpa.eu",
            "label": "Out"
        },
        {
            "index": 173,
            "bbox": [
                [
                    445,
                    1764
                ],
                [
                    445,
                    1781
                ],
                [
                    460,
                    1781
                ],
                [
                    460,
                    1764
                ]
            ],
            "text": "B",
            "label": "B_Value"
        },
        {
            "index": 174,
            "bbox": [
                [
                    446,
                    1799
                ],
                [
                    446,
                    1817
                ],
                [
                    469,
                    1817
                ],
                [
                    469,
                    1799
                ]
            ],
            "text": "14",
            "label": "B_Value"
        }
    ]
}