{
    "datasheet": [
        {
            "index": 0,
            "bbox": [
                [
                    183,
                    129
                ],
                [
                    183,
                    228
                ],
                [
                    597,
                    228
                ],
                [
                    597,
                    129
                ]
            ],
            "text": "pumpa",
            "label": "Out",
            "links": []
        },
        {
            "index": 1,
            "bbox": [
                [
                    1036,
                    150
                ],
                [
                    1036,
                    181
                ],
                [
                    1160,
                    181
                ],
                [
                    1160,
                    150
                ]
            ],
            "text": "PUMPA",
            "label": "B_Descri",
            "links": []
        },
        {
            "index": 2,
            "bbox": [
                [
                    1163,
                    150
                ],
                [
                    1163,
                    180
                ],
                [
                    1245,
                    180
                ],
                [
                    1245,
                    150
                ]
            ],
            "text": "BLUE",
            "label": "I_Descri",
            "links": []
        },
        {
            "index": 3,
            "bbox": [
                [
                    1250,
                    150
                ],
                [
                    1250,
                    180
                ],
                [
                    1329,
                    180
                ],
                [
                    1329,
                    150
                ]
            ],
            "text": "LINE",
            "label": "I_Descri",
            "links": []
        },
        {
            "index": 4,
            "bbox": [
                [
                    1332,
                    150
                ],
                [
                    1332,
                    181
                ],
                [
                    1518,
                    181
                ],
                [
                    1518,
                    150
                ]
            ],
            "text": "PSDR250PS",
            "label": "I_Descri",
            "links": []
        },
        {
            "index": 5,
            "bbox": [
                [
                    1036,
                    187
                ],
                [
                    1036,
                    221
                ],
                [
                    1164,
                    221
                ],
                [
                    1164,
                    187
                ]
            ],
            "text": "PUMPA",
            "label": "B_Descri",
            "links": []
        },
        {
            "index": 6,
            "bbox": [
                [
                    1168,
                    187
                ],
                [
                    1168,
                    221
                ],
                [
                    1249,
                    221
                ],
                [
                    1249,
                    187
                ]
            ],
            "text": "BLUE",
            "label": "I_Descri",
            "links": []
        },
        {
            "index": 7,
            "bbox": [
                [
                    1253,
                    187
                ],
                [
                    1253,
                    221
                ],
                [
                    1330,
                    221
                ],
                [
                    1330,
                    187
                ]
            ],
            "text": "LINE",
            "label": "I_Descri",
            "links": []
        },
        {
            "index": 8,
            "bbox": [
                [
                    1333,
                    187
                ],
                [
                    1333,
                    221
                ],
                [
                    1518,
                    221
                ],
                [
                    1518,
                    187
                ]
            ],
            "text": "PSDR550PS",
            "label": "I_Descri",
            "links": []
        },
        {
            "index": 9,
            "bbox": [
                [
                    183,
                    299
                ],
                [
                    183,
                    371
                ],
                [
                    378,
                    371
                ],
                [
                    378,
                    299
                ]
            ],
            "text": "blue",
            "label": "Out",
            "links": []
        },
        {
            "index": 10,
            "bbox": [
                [
                    387,
                    299
                ],
                [
                    387,
                    371
                ],
                [
                    553,
                    371
                ],
                [
                    553,
                    299
                ]
            ],
            "text": "line",
            "label": "Out",
            "links": []
        },
        {
            "index": 11,
            "bbox": [
                [
                    132,
                    520
                ],
                [
                    132,
                    595
                ],
                [
                    450,
                    595
                ],
                [
                    450,
                    520
                ]
            ],
            "text": "submersible",
            "label": "B_Descri",
            "links": []
        },
        {
            "index": 12,
            "bbox": [
                [
                    460,
                    520
                ],
                [
                    460,
                    595
                ],
                [
                    619,
                    595
                ],
                [
                    619,
                    520
                ]
            ],
            "text": "pump",
            "label": "I_Descri",
            "links": []
        },
        {
            "index": 13,
            "bbox": [
                [
                    629,
                    520
                ],
                [
                    629,
                    595
                ],
                [
                    713,
                    595
                ],
                [
                    713,
                    520
                ]
            ],
            "text": "for",
            "label": "I_Descri",
            "links": []
        },
        {
            "index": 14,
            "bbox": [
                [
                    723,
                    520
                ],
                [
                    723,
                    595
                ],
                [
                    911,
                    595
                ],
                [
                    911,
                    520
                ]
            ],
            "text": "barrels",
            "label": "I_Descri",
            "links": []
        },
        {
            "index": 15,
            "bbox": [
                [
                    126,
                    633
                ],
                [
                    126,
                    721
                ],
                [
                    335,
                    721
                ],
                [
                    335,
                    633
                ]
            ],
            "text": "BLUE",
            "label": "B_Descri",
            "links": []
        },
        {
            "index": 16,
            "bbox": [
                [
                    346,
                    634
                ],
                [
                    346,
                    722
                ],
                [
                    544,
                    722
                ],
                [
                    544,
                    634
                ]
            ],
            "text": "LINE",
            "label": "I_Descri",
            "links": []
        },
        {
            "index": 17,
            "bbox": [
                [
                    555,
                    633
                ],
                [
                    555,
                    721
                ],
                [
                    1031,
                    721
                ],
                [
                    1031,
                    633
                ]
            ],
            "text": "PSDR250PS",
            "label": "I_Descri",
            "links": []
        },
        {
            "index": 18,
            "bbox": [
                [
                    132,
                    731
                ],
                [
                    132,
                    799
                ],
                [
                    336,
                    799
                ],
                [
                    336,
                    731
                ]
            ],
            "text": "BLUE",
            "label": "B_Descri",
            "links": []
        },
        {
            "index": 19,
            "bbox": [
                [
                    345,
                    731
                ],
                [
                    345,
                    799
                ],
                [
                    540,
                    799
                ],
                [
                    540,
                    731
                ]
            ],
            "text": "LINE",
            "label": "I_Descri",
            "links": []
        },
        {
            "index": 20,
            "bbox": [
                [
                    548,
                    731
                ],
                [
                    548,
                    799
                ],
                [
                    1029,
                    799
                ],
                [
                    1029,
                    731
                ]
            ],
            "text": "PSDR550PS",
            "label": "I_Descri",
            "links": []
        },
        {
            "index": 21,
            "bbox": [
                [
                    133,
                    846
                ],
                [
                    133,
                    884
                ],
                [
                    323,
                    884
                ],
                [
                    323,
                    846
                ]
            ],
            "text": "Submersible",
            "label": "B_Descri",
            "links": []
        },
        {
            "index": 22,
            "bbox": [
                [
                    327,
                    850
                ],
                [
                    327,
                    888
                ],
                [
                    427,
                    888
                ],
                [
                    427,
                    850
                ]
            ],
            "text": "plastic",
            "label": "I_Descri",
            "links": []
        },
        {
            "index": 23,
            "bbox": [
                [
                    431,
                    850
                ],
                [
                    431,
                    888
                ],
                [
                    516,
                    888
                ],
                [
                    516,
                    850
                ]
            ],
            "text": "pump",
            "label": "I_Descri",
            "links": []
        },
        {
            "index": 24,
            "bbox": [
                [
                    522,
                    850
                ],
                [
                    522,
                    888
                ],
                [
                    593,
                    888
                ],
                [
                    593,
                    850
                ]
            ],
            "text": "with",
            "label": "I_Descri",
            "links": []
        },
        {
            "index": 25,
            "bbox": [
                [
                    598,
                    850
                ],
                [
                    598,
                    888
                ],
                [
                    612,
                    888
                ],
                [
                    612,
                    850
                ]
            ],
            "text": "a",
            "label": "I_Descri",
            "links": []
        },
        {
            "index": 26,
            "bbox": [
                [
                    617,
                    850
                ],
                [
                    617,
                    888
                ],
                [
                    731,
                    888
                ],
                [
                    731,
                    850
                ]
            ],
            "text": "flexible",
            "label": "I_Descri",
            "links": []
        },
        {
            "index": 27,
            "bbox": [
                [
                    735,
                    850
                ],
                [
                    735,
                    888
                ],
                [
                    811,
                    888
                ],
                [
                    811,
                    850
                ]
            ],
            "text": "hose",
            "label": "I_Descri",
            "links": []
        },
        {
            "index": 28,
            "bbox": [
                [
                    816,
                    850
                ],
                [
                    816,
                    888
                ],
                [
                    873,
                    888
                ],
                [
                    873,
                    850
                ]
            ],
            "text": "and",
            "label": "I_Descri",
            "links": []
        },
        {
            "index": 29,
            "bbox": [
                [
                    878,
                    850
                ],
                [
                    878,
                    888
                ],
                [
                    897,
                    888
                ],
                [
                    897,
                    850
                ]
            ],
            "text": "a",
            "label": "I_Descri",
            "links": []
        },
        {
            "index": 30,
            "bbox": [
                [
                    902,
                    850
                ],
                [
                    902,
                    888
                ],
                [
                    975,
                    888
                ],
                [
                    975,
                    850
                ]
            ],
            "text": "float",
            "label": "I_Descri",
            "links": []
        },
        {
            "index": 31,
            "bbox": [
                [
                    132,
                    887
                ],
                [
                    132,
                    928
                ],
                [
                    234,
                    928
                ],
                [
                    234,
                    887
                ]
            ],
            "text": "switch",
            "label": "I_Descri",
            "links": []
        },
        {
            "index": 32,
            "bbox": [
                [
                    240,
                    888
                ],
                [
                    240,
                    929
                ],
                [
                    266,
                    929
                ],
                [
                    266,
                    888
                ]
            ],
            "text": "is",
            "label": "I_Descri",
            "links": []
        },
        {
            "index": 33,
            "bbox": [
                [
                    270,
                    888
                ],
                [
                    270,
                    929
                ],
                [
                    408,
                    929
                ],
                [
                    408,
                    888
                ]
            ],
            "text": "designed",
            "label": "I_Descri",
            "links": []
        },
        {
            "index": 34,
            "bbox": [
                [
                    414,
                    888
                ],
                [
                    414,
                    929
                ],
                [
                    460,
                    929
                ],
                [
                    460,
                    888
                ]
            ],
            "text": "for",
            "label": "I_Descri",
            "links": []
        },
        {
            "index": 35,
            "bbox": [
                [
                    465,
                    888
                ],
                [
                    465,
                    929
                ],
                [
                    598,
                    929
                ],
                [
                    598,
                    888
                ]
            ],
            "text": "pumping",
            "label": "I_Descri",
            "links": []
        },
        {
            "index": 36,
            "bbox": [
                [
                    604,
                    888
                ],
                [
                    604,
                    929
                ],
                [
                    686,
                    929
                ],
                [
                    686,
                    888
                ]
            ],
            "text": "clean",
            "label": "I_Descri",
            "links": []
        },
        {
            "index": 37,
            "bbox": [
                [
                    691,
                    888
                ],
                [
                    691,
                    929
                ],
                [
                    747,
                    929
                ],
                [
                    747,
                    888
                ]
            ],
            "text": "and",
            "label": "I_Descri",
            "links": []
        },
        {
            "index": 38,
            "bbox": [
                [
                    752,
                    888
                ],
                [
                    752,
                    929
                ],
                [
                    860,
                    929
                ],
                [
                    860,
                    888
                ]
            ],
            "text": "slightly",
            "label": "I_Descri",
            "links": []
        },
        {
            "index": 39,
            "bbox": [
                [
                    865,
                    887
                ],
                [
                    865,
                    928
                ],
                [
                    1070,
                    928
                ],
                [
                    1070,
                    887
                ]
            ],
            "text": "contaminated",
            "label": "I_Descri",
            "links": []
        },
        {
            "index": 40,
            "bbox": [
                [
                    132,
                    928
                ],
                [
                    132,
                    965
                ],
                [
                    275,
                    965
                ],
                [
                    275,
                    928
                ]
            ],
            "text": "rainwater",
            "label": "I_Descri",
            "links": []
        },
        {
            "index": 41,
            "bbox": [
                [
                    280,
                    929
                ],
                [
                    280,
                    966
                ],
                [
                    345,
                    966
                ],
                [
                    345,
                    929
                ]
            ],
            "text": "with",
            "label": "I_Descri",
            "links": []
        },
        {
            "index": 42,
            "bbox": [
                [
                    349,
                    929
                ],
                [
                    349,
                    966
                ],
                [
                    368,
                    966
                ],
                [
                    368,
                    929
                ]
            ],
            "text": "a",
            "label": "I_Descri",
            "links": []
        },
        {
            "index": 43,
            "bbox": [
                [
                    373,
                    929
                ],
                [
                    373,
                    966
                ],
                [
                    526,
                    966
                ],
                [
                    526,
                    929
                ]
            ],
            "text": "maximum",
            "label": "I_Descri",
            "links": []
        },
        {
            "index": 44,
            "bbox": [
                [
                    530,
                    929
                ],
                [
                    530,
                    966
                ],
                [
                    646,
                    966
                ],
                [
                    646,
                    929
                ]
            ],
            "text": "particle",
            "label": "I_Descri",
            "links": []
        },
        {
            "index": 45,
            "bbox": [
                [
                    650,
                    929
                ],
                [
                    650,
                    966
                ],
                [
                    710,
                    966
                ],
                [
                    710,
                    929
                ]
            ],
            "text": "size",
            "label": "I_Descri",
            "links": []
        },
        {
            "index": 46,
            "bbox": [
                [
                    715,
                    929
                ],
                [
                    715,
                    966
                ],
                [
                    747,
                    966
                ],
                [
                    747,
                    929
                ]
            ],
            "text": "of",
            "label": "I_Descri",
            "links": []
        },
        {
            "index": 47,
            "bbox": [
                [
                    752,
                    929
                ],
                [
                    752,
                    966
                ],
                [
                    794,
                    966
                ],
                [
                    794,
                    929
                ]
            ],
            "text": "up",
            "label": "I_Descri",
            "links": []
        },
        {
            "index": 48,
            "bbox": [
                [
                    798,
                    929
                ],
                [
                    798,
                    966
                ],
                [
                    830,
                    966
                ],
                [
                    830,
                    929
                ]
            ],
            "text": "to",
            "label": "I_Descri",
            "links": []
        },
        {
            "index": 49,
            "bbox": [
                [
                    835,
                    928
                ],
                [
                    835,
                    965
                ],
                [
                    954,
                    965
                ],
                [
                    954,
                    928
                ]
            ],
            "text": "0.5mm.",
            "label": "I_Descri",
            "links": []
        },
        {
            "index": 50,
            "bbox": [
                [
                    132,
                    1213
                ],
                [
                    132,
                    1253
                ],
                [
                    312,
                    1253
                ],
                [
                    312,
                    1213
                ]
            ],
            "text": "Application",
            "label": "B_Section",
            "links": [
                [
                    52,
                    false
                ]
            ]
        },
        {
            "index": 51,
            "bbox": [
                [
                    129,
                    1257
                ],
                [
                    129,
                    1281
                ],
                [
                    141,
                    1281
                ],
                [
                    141,
                    1257
                ]
            ],
            "text": "•",
            "label": "Out",
            "links": []
        },
        {
            "index": 52,
            "bbox": [
                [
                    144,
                    1257
                ],
                [
                    144,
                    1281
                ],
                [
                    189,
                    1281
                ],
                [
                    189,
                    1257
                ]
            ],
            "text": "For",
            "label": "B_Descri",
            "links": [
                [
                    50,
                    true
                ]
            ]
        },
        {
            "index": 53,
            "bbox": [
                [
                    192,
                    1257
                ],
                [
                    192,
                    1281
                ],
                [
                    297,
                    1281
                ],
                [
                    297,
                    1257
                ]
            ],
            "text": "immersion",
            "label": "I_Descri",
            "links": []
        },
        {
            "index": 54,
            "bbox": [
                [
                    300,
                    1257
                ],
                [
                    300,
                    1281
                ],
                [
                    318,
                    1281
                ],
                [
                    318,
                    1257
                ]
            ],
            "text": "in",
            "label": "I_Descri",
            "links": []
        },
        {
            "index": 55,
            "bbox": [
                [
                    321,
                    1257
                ],
                [
                    321,
                    1281
                ],
                [
                    336,
                    1281
                ],
                [
                    336,
                    1257
                ]
            ],
            "text": "a",
            "label": "I_Descri",
            "links": []
        },
        {
            "index": 56,
            "bbox": [
                [
                    339,
                    1257
                ],
                [
                    339,
                    1281
                ],
                [
                    396,
                    1281
                ],
                [
                    396,
                    1257
                ]
            ],
            "text": "barrel",
            "label": "I_Descri",
            "links": []
        },
        {
            "index": 57,
            "bbox": [
                [
                    399,
                    1257
                ],
                [
                    399,
                    1281
                ],
                [
                    420,
                    1281
                ],
                [
                    420,
                    1257
                ]
            ],
            "text": "or",
            "label": "I_Descri",
            "links": []
        },
        {
            "index": 58,
            "bbox": [
                [
                    423,
                    1257
                ],
                [
                    423,
                    1281
                ],
                [
                    435,
                    1281
                ],
                [
                    435,
                    1257
                ]
            ],
            "text": "a",
            "label": "I_Descri",
            "links": []
        },
        {
            "index": 59,
            "bbox": [
                [
                    438,
                    1257
                ],
                [
                    438,
                    1281
                ],
                [
                    483,
                    1281
                ],
                [
                    483,
                    1257
                ]
            ],
            "text": "tank",
            "label": "I_Descri",
            "links": []
        },
        {
            "index": 60,
            "bbox": [
                [
                    486,
                    1257
                ],
                [
                    486,
                    1281
                ],
                [
                    522,
                    1281
                ],
                [
                    522,
                    1257
                ]
            ],
            "text": "and",
            "label": "I_Descri",
            "links": []
        },
        {
            "index": 61,
            "bbox": [
                [
                    525,
                    1257
                ],
                [
                    525,
                    1281
                ],
                [
                    642,
                    1281
                ],
                [
                    642,
                    1257
                ]
            ],
            "text": "subsequent",
            "label": "I_Descri",
            "links": []
        },
        {
            "index": 62,
            "bbox": [
                [
                    132,
                    1298
                ],
                [
                    132,
                    1322
                ],
                [
                    219,
                    1322
                ],
                [
                    219,
                    1298
                ]
            ],
            "text": "pumping",
            "label": "I_Descri",
            "links": []
        },
        {
            "index": 63,
            "bbox": [
                [
                    222,
                    1298
                ],
                [
                    222,
                    1322
                ],
                [
                    243,
                    1322
                ],
                [
                    243,
                    1298
                ]
            ],
            "text": "or",
            "label": "I_Descri",
            "links": []
        },
        {
            "index": 64,
            "bbox": [
                [
                    246,
                    1298
                ],
                [
                    246,
                    1322
                ],
                [
                    333,
                    1322
                ],
                [
                    333,
                    1298
                ]
            ],
            "text": "irrigation",
            "label": "I_Descri",
            "links": []
        },
        {
            "index": 65,
            "bbox": [
                [
                    336,
                    1298
                ],
                [
                    336,
                    1322
                ],
                [
                    357,
                    1322
                ],
                [
                    357,
                    1298
                ]
            ],
            "text": "of",
            "label": "I_Descri",
            "links": []
        },
        {
            "index": 66,
            "bbox": [
                [
                    360,
                    1298
                ],
                [
                    360,
                    1322
                ],
                [
                    393,
                    1322
                ],
                [
                    393,
                    1298
                ]
            ],
            "text": "the",
            "label": "I_Descri",
            "links": []
        },
        {
            "index": 67,
            "bbox": [
                [
                    396,
                    1298
                ],
                [
                    396,
                    1322
                ],
                [
                    469,
                    1322
                ],
                [
                    469,
                    1298
                ]
            ],
            "text": "garden",
            "label": "I_Descri",
            "links": []
        },
        {
            "index": 68,
            "bbox": [
                [
                    139,
                    1520
                ],
                [
                    139,
                    1544
                ],
                [
                    210,
                    1544
                ],
                [
                    210,
                    1520
                ]
            ],
            "text": "Model",
            "label": "B_Section",
            "links": [
                [
                    69,
                    false
                ],
                [
                    70,
                    false
                ],
                [
                    73,
                    false
                ],
                [
                    77,
                    false
                ],
                [
                    81,
                    false
                ],
                [
                    83,
                    false
                ],
                [
                    84,
                    false
                ],
                [
                    88,
                    false
                ],
                [
                    92,
                    false
                ],
                [
                    95,
                    false
                ],
                [
                    69,
                    false
                ],
                [
                    70,
                    false
                ],
                [
                    73,
                    false
                ],
                [
                    77,
                    false
                ],
                [
                    81,
                    false
                ],
                [
                    83,
                    false
                ],
                [
                    84,
                    false
                ],
                [
                    88,
                    false
                ],
                [
                    92,
                    false
                ],
                [
                    95,
                    false
                ]
            ]
        },
        {
            "index": 69,
            "bbox": [
                [
                    143,
                    1574
                ],
                [
                    143,
                    1591
                ],
                [
                    191,
                    1591
                ],
                [
                    191,
                    1574
                ]
            ],
            "text": "Code",
            "label": "B_Prop",
            "links": [
                [
                    68,
                    true
                ],
                [
                    68,
                    true
                ]
            ]
        },
        {
            "index": 70,
            "bbox": [
                [
                    143,
                    1604
                ],
                [
                    143,
                    1625
                ],
                [
                    227,
                    1625
                ],
                [
                    227,
                    1604
                ]
            ],
            "text": "Maximum",
            "label": "B_Prop",
            "links": [
                [
                    68,
                    true
                ],
                [
                    68,
                    true
                ],
                [
                    106,
                    false
                ],
                [
                    150,
                    false
                ]
            ]
        },
        {
            "index": 71,
            "bbox": [
                [
                    230,
                    1604
                ],
                [
                    230,
                    1625
                ],
                [
                    267,
                    1625
                ],
                [
                    267,
                    1604
                ]
            ],
            "text": "flow",
            "label": "I_Prop",
            "links": []
        },
        {
            "index": 72,
            "bbox": [
                [
                    269,
                    1604
                ],
                [
                    269,
                    1625
                ],
                [
                    343,
                    1625
                ],
                [
                    343,
                    1604
                ]
            ],
            "text": "[m3/hod]",
            "label": "B_Unit",
            "links": [
                [
                    106,
                    false
                ],
                [
                    150,
                    false
                ]
            ]
        },
        {
            "index": 73,
            "bbox": [
                [
                    143,
                    1638
                ],
                [
                    143,
                    1659
                ],
                [
                    227,
                    1659
                ],
                [
                    227,
                    1638
                ]
            ],
            "text": "Maximum",
            "label": "B_Prop",
            "links": [
                [
                    68,
                    true
                ],
                [
                    68,
                    true
                ],
                [
                    123,
                    false
                ],
                [
                    153,
                    false
                ]
            ]
        },
        {
            "index": 74,
            "bbox": [
                [
                    230,
                    1638
                ],
                [
                    230,
                    1659
                ],
                [
                    311,
                    1659
                ],
                [
                    311,
                    1638
                ]
            ],
            "text": "discharge",
            "label": "I_Prop",
            "links": []
        },
        {
            "index": 75,
            "bbox": [
                [
                    314,
                    1638
                ],
                [
                    314,
                    1659
                ],
                [
                    356,
                    1659
                ],
                [
                    356,
                    1638
                ]
            ],
            "text": "head",
            "label": "I_Prop",
            "links": []
        },
        {
            "index": 76,
            "bbox": [
                [
                    358,
                    1638
                ],
                [
                    358,
                    1659
                ],
                [
                    387,
                    1659
                ],
                [
                    387,
                    1638
                ]
            ],
            "text": "[m]",
            "label": "B_Unit",
            "links": [
                [
                    123,
                    false
                ],
                [
                    153,
                    false
                ]
            ]
        },
        {
            "index": 77,
            "bbox": [
                [
                    139,
                    1672
                ],
                [
                    139,
                    1696
                ],
                [
                    208,
                    1696
                ],
                [
                    208,
                    1672
                ]
            ],
            "text": "Voltage",
            "label": "B_Prop",
            "links": [
                [
                    68,
                    true
                ],
                [
                    68,
                    true
                ],
                [
                    107,
                    false
                ],
                [
                    124,
                    false
                ]
            ]
        },
        {
            "index": 78,
            "bbox": [
                [
                    211,
                    1672
                ],
                [
                    211,
                    1696
                ],
                [
                    217,
                    1696
                ],
                [
                    217,
                    1672
                ]
            ],
            "text": "/",
            "label": "I_Prop",
            "links": []
        },
        {
            "index": 79,
            "bbox": [
                [
                    220,
                    1672
                ],
                [
                    220,
                    1696
                ],
                [
                    304,
                    1696
                ],
                [
                    304,
                    1672
                ]
            ],
            "text": "frequency",
            "label": "I_Prop",
            "links": []
        },
        {
            "index": 80,
            "bbox": [
                [
                    307,
                    1672
                ],
                [
                    307,
                    1696
                ],
                [
                    363,
                    1696
                ],
                [
                    363,
                    1672
                ]
            ],
            "text": "[V/Hz]",
            "label": "B_Unit",
            "links": [
                [
                    107,
                    false
                ],
                [
                    124,
                    false
                ]
            ]
        },
        {
            "index": 81,
            "bbox": [
                [
                    139,
                    1710
                ],
                [
                    139,
                    1732
                ],
                [
                    197,
                    1732
                ],
                [
                    197,
                    1710
                ]
            ],
            "text": "Power",
            "label": "B_Prop",
            "links": [
                [
                    68,
                    true
                ],
                [
                    68,
                    true
                ],
                [
                    110,
                    false
                ],
                [
                    127,
                    false
                ]
            ]
        },
        {
            "index": 82,
            "bbox": [
                [
                    199,
                    1709
                ],
                [
                    199,
                    1730
                ],
                [
                    228,
                    1730
                ],
                [
                    228,
                    1709
                ]
            ],
            "text": "[W]",
            "label": "B_Unit",
            "links": [
                [
                    110,
                    false
                ],
                [
                    127,
                    false
                ]
            ]
        },
        {
            "index": 83,
            "bbox": [
                [
                    143,
                    1747
                ],
                [
                    143,
                    1769
                ],
                [
                    242,
                    1769
                ],
                [
                    242,
                    1747
                ]
            ],
            "text": "Connection",
            "label": "B_Prop",
            "links": [
                [
                    68,
                    true
                ],
                [
                    68,
                    true
                ],
                [
                    111,
                    false
                ],
                [
                    128,
                    false
                ]
            ]
        },
        {
            "index": 84,
            "bbox": [
                [
                    143,
                    1785
                ],
                [
                    143,
                    1802
                ],
                [
                    226,
                    1802
                ],
                [
                    226,
                    1785
                ]
            ],
            "text": "Maximum",
            "label": "B_Prop",
            "links": [
                [
                    68,
                    true
                ],
                [
                    68,
                    true
                ],
                [
                    151,
                    false
                ],
                [
                    152,
                    false
                ]
            ]
        },
        {
            "index": 85,
            "bbox": [
                [
                    228,
                    1785
                ],
                [
                    228,
                    1802
                ],
                [
                    319,
                    1802
                ],
                [
                    319,
                    1785
                ]
            ],
            "text": "immersion",
            "label": "I_Prop",
            "links": []
        },
        {
            "index": 86,
            "bbox": [
                [
                    322,
                    1785
                ],
                [
                    322,
                    1802
                ],
                [
                    371,
                    1802
                ],
                [
                    371,
                    1785
                ]
            ],
            "text": "depth",
            "label": "I_Prop",
            "links": []
        },
        {
            "index": 87,
            "bbox": [
                [
                    373,
                    1785
                ],
                [
                    373,
                    1802
                ],
                [
                    401,
                    1802
                ],
                [
                    401,
                    1785
                ]
            ],
            "text": "[m]",
            "label": "B_Unit",
            "links": [
                [
                    151,
                    false
                ],
                [
                    152,
                    false
                ]
            ]
        },
        {
            "index": 88,
            "bbox": [
                [
                    144,
                    1818
                ],
                [
                    144,
                    1839
                ],
                [
                    229,
                    1839
                ],
                [
                    229,
                    1818
                ]
            ],
            "text": "Maximum",
            "label": "B_Prop",
            "links": [
                [
                    68,
                    true
                ],
                [
                    68,
                    true
                ],
                [
                    112,
                    false
                ],
                [
                    137,
                    false
                ]
            ]
        },
        {
            "index": 89,
            "bbox": [
                [
                    231,
                    1819
                ],
                [
                    231,
                    1839
                ],
                [
                    268,
                    1839
                ],
                [
                    268,
                    1819
                ]
            ],
            "text": "fluid",
            "label": "I_Prop",
            "links": []
        },
        {
            "index": 90,
            "bbox": [
                [
                    271,
                    1819
                ],
                [
                    271,
                    1839
                ],
                [
                    371,
                    1839
                ],
                [
                    371,
                    1819
                ]
            ],
            "text": "temperature",
            "label": "I_Prop",
            "links": []
        },
        {
            "index": 91,
            "bbox": [
                [
                    373,
                    1819
                ],
                [
                    373,
                    1839
                ],
                [
                    404,
                    1839
                ],
                [
                    404,
                    1819
                ]
            ],
            "text": "[°C]",
            "label": "B_Unit",
            "links": [
                [
                    112,
                    false
                ],
                [
                    137,
                    false
                ]
            ]
        },
        {
            "index": 92,
            "bbox": [
                [
                    143,
                    1853
                ],
                [
                    143,
                    1873
                ],
                [
                    191,
                    1873
                ],
                [
                    191,
                    1853
                ]
            ],
            "text": "Cable",
            "label": "B_Prop",
            "links": [
                [
                    68,
                    true
                ],
                [
                    68,
                    true
                ],
                [
                    113,
                    false
                ],
                [
                    138,
                    false
                ]
            ]
        },
        {
            "index": 93,
            "bbox": [
                [
                    193,
                    1853
                ],
                [
                    193,
                    1873
                ],
                [
                    248,
                    1873
                ],
                [
                    248,
                    1853
                ]
            ],
            "text": "length",
            "label": "I_Prop",
            "links": []
        },
        {
            "index": 94,
            "bbox": [
                [
                    251,
                    1853
                ],
                [
                    251,
                    1873
                ],
                [
                    279,
                    1873
                ],
                [
                    279,
                    1853
                ]
            ],
            "text": "[m]",
            "label": "B_Unit",
            "links": [
                [
                    113,
                    false
                ],
                [
                    138,
                    false
                ]
            ]
        },
        {
            "index": 95,
            "bbox": [
                [
                    143,
                    1890
                ],
                [
                    143,
                    1910
                ],
                [
                    243,
                    1910
                ],
                [
                    243,
                    1890
                ]
            ],
            "text": "Dimensions",
            "label": "B_Prop",
            "links": [
                [
                    68,
                    true
                ],
                [
                    68,
                    true
                ],
                [
                    114,
                    false
                ],
                [
                    139,
                    false
                ]
            ]
        },
        {
            "index": 96,
            "bbox": [
                [
                    246,
                    1890
                ],
                [
                    246,
                    1910
                ],
                [
                    258,
                    1910
                ],
                [
                    258,
                    1890
                ]
            ],
            "text": "H",
            "label": "I_Prop",
            "links": []
        },
        {
            "index": 97,
            "bbox": [
                [
                    261,
                    1890
                ],
                [
                    261,
                    1910
                ],
                [
                    274,
                    1910
                ],
                [
                    274,
                    1890
                ]
            ],
            "text": "x",
            "label": "I_Prop",
            "links": []
        },
        {
            "index": 98,
            "bbox": [
                [
                    276,
                    1890
                ],
                [
                    276,
                    1910
                ],
                [
                    293,
                    1910
                ],
                [
                    293,
                    1890
                ]
            ],
            "text": "W",
            "label": "I_Prop",
            "links": []
        },
        {
            "index": 99,
            "bbox": [
                [
                    296,
                    1890
                ],
                [
                    296,
                    1910
                ],
                [
                    306,
                    1910
                ],
                [
                    306,
                    1890
                ]
            ],
            "text": "x",
            "label": "I_Prop",
            "links": []
        },
        {
            "index": 100,
            "bbox": [
                [
                    308,
                    1890
                ],
                [
                    308,
                    1910
                ],
                [
                    323,
                    1910
                ],
                [
                    323,
                    1890
                ]
            ],
            "text": "D",
            "label": "I_Prop",
            "links": []
        },
        {
            "index": 101,
            "bbox": [
                [
                    326,
                    1890
                ],
                [
                    326,
                    1910
                ],
                [
                    371,
                    1910
                ],
                [
                    371,
                    1890
                ]
            ],
            "text": "[mm]",
            "label": "B_Unit",
            "links": [
                [
                    114,
                    false
                ],
                [
                    139,
                    false
                ]
            ]
        },
        {
            "index": 102,
            "bbox": [
                [
                    448,
                    1506
                ],
                [
                    448,
                    1526
                ],
                [
                    488,
                    1526
                ],
                [
                    488,
                    1506
                ]
            ],
            "text": "blue",
            "label": "B_Descri",
            "links": [
                [
                    105,
                    false
                ]
            ]
        },
        {
            "index": 103,
            "bbox": [
                [
                    490,
                    1506
                ],
                [
                    490,
                    1526
                ],
                [
                    529,
                    1526
                ],
                [
                    529,
                    1506
                ]
            ],
            "text": "line",
            "label": "I_Descri",
            "links": []
        },
        {
            "index": 104,
            "bbox": [
                [
                    445,
                    1533
                ],
                [
                    445,
                    1553
                ],
                [
                    567,
                    1553
                ],
                [
                    567,
                    1533
                ]
            ],
            "text": "PSDR250PS",
            "label": "I_Descri",
            "links": []
        },
        {
            "index": 105,
            "bbox": [
                [
                    445,
                    1574
                ],
                [
                    445,
                    1591
                ],
                [
                    540,
                    1591
                ],
                [
                    540,
                    1574
                ]
            ],
            "text": "ZB00055046",
            "label": "B_Ref",
            "links": [
                [
                    106,
                    false
                ],
                [
                    107,
                    false
                ],
                [
                    110,
                    false
                ],
                [
                    111,
                    false
                ],
                [
                    112,
                    false
                ],
                [
                    113,
                    false
                ],
                [
                    114,
                    false
                ],
                [
                    152,
                    false
                ],
                [
                    153,
                    false
                ],
                [
                    102,
                    true
                ]
            ]
        },
        {
            "index": 106,
            "bbox": [
                [
                    445,
                    1605
                ],
                [
                    445,
                    1625
                ],
                [
                    472,
                    1625
                ],
                [
                    472,
                    1605
                ]
            ],
            "text": "2,5",
            "label": "B_Value",
            "links": [
                [
                    72,
                    true
                ],
                [
                    70,
                    true
                ],
                [
                    105,
                    true
                ]
            ]
        },
        {
            "index": 107,
            "bbox": [
                [
                    445,
                    1676
                ],
                [
                    445,
                    1693
                ],
                [
                    477,
                    1693
                ],
                [
                    477,
                    1676
                ]
            ],
            "text": "230",
            "label": "B_Value",
            "links": [
                [
                    80,
                    true
                ],
                [
                    77,
                    true
                ],
                [
                    105,
                    true
                ]
            ]
        },
        {
            "index": 108,
            "bbox": [
                [
                    479,
                    1676
                ],
                [
                    479,
                    1693
                ],
                [
                    485,
                    1693
                ],
                [
                    485,
                    1676
                ]
            ],
            "text": "/",
            "label": "I_Value",
            "links": []
        },
        {
            "index": 109,
            "bbox": [
                [
                    487,
                    1676
                ],
                [
                    487,
                    1693
                ],
                [
                    509,
                    1693
                ],
                [
                    509,
                    1676
                ]
            ],
            "text": "50",
            "label": "I_Value",
            "links": []
        },
        {
            "index": 110,
            "bbox": [
                [
                    445,
                    1713
                ],
                [
                    445,
                    1730
                ],
                [
                    479,
                    1730
                ],
                [
                    479,
                    1713
                ]
            ],
            "text": "250",
            "label": "B_Value",
            "links": [
                [
                    82,
                    true
                ],
                [
                    81,
                    true
                ],
                [
                    105,
                    true
                ]
            ]
        },
        {
            "index": 111,
            "bbox": [
                [
                    445,
                    1747
                ],
                [
                    445,
                    1767
                ],
                [
                    486,
                    1767
                ],
                [
                    486,
                    1747
                ]
            ],
            "text": "3/4\"",
            "label": "B_Value",
            "links": [
                [
                    83,
                    true
                ],
                [
                    105,
                    true
                ]
            ]
        },
        {
            "index": 112,
            "bbox": [
                [
                    445,
                    1819
                ],
                [
                    445,
                    1839
                ],
                [
                    469,
                    1839
                ],
                [
                    469,
                    1819
                ]
            ],
            "text": "35",
            "label": "B_Value",
            "links": [
                [
                    91,
                    true
                ],
                [
                    88,
                    true
                ],
                [
                    105,
                    true
                ]
            ]
        },
        {
            "index": 113,
            "bbox": [
                [
                    445,
                    1856
                ],
                [
                    445,
                    1873
                ],
                [
                    469,
                    1873
                ],
                [
                    469,
                    1856
                ]
            ],
            "text": "10",
            "label": "B_Value",
            "links": [
                [
                    94,
                    true
                ],
                [
                    92,
                    true
                ],
                [
                    105,
                    true
                ]
            ]
        },
        {
            "index": 114,
            "bbox": [
                [
                    445,
                    1890
                ],
                [
                    445,
                    1907
                ],
                [
                    475,
                    1907
                ],
                [
                    475,
                    1890
                ]
            ],
            "text": "280",
            "label": "B_Value",
            "links": [
                [
                    101,
                    true
                ],
                [
                    95,
                    true
                ],
                [
                    105,
                    true
                ]
            ]
        },
        {
            "index": 115,
            "bbox": [
                [
                    477,
                    1890
                ],
                [
                    477,
                    1907
                ],
                [
                    488,
                    1907
                ],
                [
                    488,
                    1890
                ]
            ],
            "text": "×",
            "label": "I_Value",
            "links": []
        },
        {
            "index": 116,
            "bbox": [
                [
                    490,
                    1890
                ],
                [
                    490,
                    1907
                ],
                [
                    518,
                    1907
                ],
                [
                    518,
                    1890
                ]
            ],
            "text": "185",
            "label": "I_Value",
            "links": []
        },
        {
            "index": 117,
            "bbox": [
                [
                    519,
                    1890
                ],
                [
                    519,
                    1907
                ],
                [
                    530,
                    1907
                ],
                [
                    530,
                    1890
                ]
            ],
            "text": "×",
            "label": "I_Value",
            "links": []
        },
        {
            "index": 118,
            "bbox": [
                [
                    532,
                    1890
                ],
                [
                    532,
                    1907
                ],
                [
                    560,
                    1907
                ],
                [
                    560,
                    1890
                ]
            ],
            "text": "180",
            "label": "I_Value",
            "links": []
        },
        {
            "index": 119,
            "bbox": [
                [
                    638,
                    1505
                ],
                [
                    638,
                    1526
                ],
                [
                    681,
                    1526
                ],
                [
                    681,
                    1505
                ]
            ],
            "text": "blue",
            "label": "B_Descri",
            "links": [
                [
                    122,
                    false
                ]
            ]
        },
        {
            "index": 120,
            "bbox": [
                [
                    683,
                    1506
                ],
                [
                    683,
                    1527
                ],
                [
                    723,
                    1527
                ],
                [
                    723,
                    1506
                ]
            ],
            "text": "line",
            "label": "I_Descri",
            "links": []
        },
        {
            "index": 121,
            "bbox": [
                [
                    639,
                    1533
                ],
                [
                    639,
                    1553
                ],
                [
                    761,
                    1553
                ],
                [
                    761,
                    1533
                ]
            ],
            "text": "PSDR550PS",
            "label": "I_Descri",
            "links": []
        },
        {
            "index": 122,
            "bbox": [
                [
                    639,
                    1574
                ],
                [
                    639,
                    1591
                ],
                [
                    731,
                    1591
                ],
                [
                    731,
                    1574
                ]
            ],
            "text": "ZB00055047",
            "label": "B_Ref",
            "links": [
                [
                    123,
                    false
                ],
                [
                    124,
                    false
                ],
                [
                    127,
                    false
                ],
                [
                    128,
                    false
                ],
                [
                    137,
                    false
                ],
                [
                    138,
                    false
                ],
                [
                    139,
                    false
                ],
                [
                    150,
                    false
                ],
                [
                    151,
                    false
                ],
                [
                    119,
                    true
                ]
            ]
        },
        {
            "index": 123,
            "bbox": [
                [
                    639,
                    1639
                ],
                [
                    639,
                    1659
                ],
                [
                    663,
                    1659
                ],
                [
                    663,
                    1639
                ]
            ],
            "text": "20",
            "label": "B_Value",
            "links": [
                [
                    76,
                    true
                ],
                [
                    73,
                    true
                ],
                [
                    122,
                    true
                ]
            ]
        },
        {
            "index": 124,
            "bbox": [
                [
                    639,
                    1676
                ],
                [
                    639,
                    1693
                ],
                [
                    669,
                    1693
                ],
                [
                    669,
                    1676
                ]
            ],
            "text": "230",
            "label": "B_Value",
            "links": [
                [
                    80,
                    true
                ],
                [
                    77,
                    true
                ],
                [
                    122,
                    true
                ]
            ]
        },
        {
            "index": 125,
            "bbox": [
                [
                    671,
                    1676
                ],
                [
                    671,
                    1693
                ],
                [
                    680,
                    1693
                ],
                [
                    680,
                    1676
                ]
            ],
            "text": "/",
            "label": "I_Value",
            "links": []
        },
        {
            "index": 126,
            "bbox": [
                [
                    682,
                    1676
                ],
                [
                    682,
                    1693
                ],
                [
                    700,
                    1693
                ],
                [
                    700,
                    1676
                ]
            ],
            "text": "50",
            "label": "I_Value",
            "links": []
        },
        {
            "index": 127,
            "bbox": [
                [
                    639,
                    1713
                ],
                [
                    639,
                    1730
                ],
                [
                    673,
                    1730
                ],
                [
                    673,
                    1713
                ]
            ],
            "text": "550",
            "label": "B_Value",
            "links": [
                [
                    82,
                    true
                ],
                [
                    81,
                    true
                ],
                [
                    122,
                    true
                ]
            ]
        },
        {
            "index": 128,
            "bbox": [
                [
                    639,
                    1747
                ],
                [
                    639,
                    1767
                ],
                [
                    680,
                    1767
                ],
                [
                    680,
                    1747
                ]
            ],
            "text": "3/4\"",
            "label": "B_Value",
            "links": [
                [
                    83,
                    true
                ],
                [
                    122,
                    true
                ]
            ]
        },
        {
            "index": 129,
            "bbox": [
                [
                    954,
                    1506
                ],
                [
                    954,
                    1543
                ],
                [
                    1116,
                    1543
                ],
                [
                    1116,
                    1506
                ]
            ],
            "text": "Hydraulic",
            "label": "B_Section",
            "links": []
        },
        {
            "index": 130,
            "bbox": [
                [
                    1121,
                    1506
                ],
                [
                    1121,
                    1543
                ],
                [
                    1227,
                    1543
                ],
                [
                    1227,
                    1506
                ]
            ],
            "text": "power",
            "label": "I_Section",
            "links": []
        },
        {
            "index": 131,
            "bbox": [
                [
                    1232,
                    1506
                ],
                [
                    1232,
                    1543
                ],
                [
                    1315,
                    1543
                ],
                [
                    1315,
                    1506
                ]
            ],
            "text": "curve",
            "label": "I_Section",
            "links": []
        },
        {
            "index": 132,
            "bbox": [
                [
                    961,
                    1553
                ],
                [
                    961,
                    1574
                ],
                [
                    995,
                    1574
                ],
                [
                    995,
                    1553
                ]
            ],
            "text": "m",
            "label": "Out",
            "links": []
        },
        {
            "index": 133,
            "bbox": [
                [
                    998,
                    1553
                ],
                [
                    998,
                    1574
                ],
                [
                    1026,
                    1574
                ],
                [
                    1026,
                    1553
                ]
            ],
            "text": "25",
            "label": "Out",
            "links": []
        },
        {
            "index": 134,
            "bbox": [
                [
                    999,
                    1618
                ],
                [
                    999,
                    1635
                ],
                [
                    1023,
                    1635
                ],
                [
                    1023,
                    1618
                ]
            ],
            "text": "20",
            "label": "Out",
            "links": []
        },
        {
            "index": 135,
            "bbox": [
                [
                    999,
                    1683
                ],
                [
                    999,
                    1700
                ],
                [
                    1023,
                    1700
                ],
                [
                    1023,
                    1683
                ]
            ],
            "text": "15",
            "label": "Out",
            "links": []
        },
        {
            "index": 136,
            "bbox": [
                [
                    1078,
                    1759
                ],
                [
                    1078,
                    1774
                ],
                [
                    1156,
                    1774
                ],
                [
                    1156,
                    1759
                ]
            ],
            "text": "PSDR250PS",
            "label": "Out",
            "links": []
        },
        {
            "index": 137,
            "bbox": [
                [
                    639,
                    1819
                ],
                [
                    639,
                    1839
                ],
                [
                    663,
                    1839
                ],
                [
                    663,
                    1819
                ]
            ],
            "text": "35",
            "label": "B_Value",
            "links": [
                [
                    91,
                    true
                ],
                [
                    88,
                    true
                ],
                [
                    122,
                    true
                ]
            ]
        },
        {
            "index": 138,
            "bbox": [
                [
                    639,
                    1856
                ],
                [
                    639,
                    1873
                ],
                [
                    663,
                    1873
                ],
                [
                    663,
                    1856
                ]
            ],
            "text": "10",
            "label": "B_Value",
            "links": [
                [
                    94,
                    true
                ],
                [
                    92,
                    true
                ],
                [
                    122,
                    true
                ]
            ]
        },
        {
            "index": 139,
            "bbox": [
                [
                    639,
                    1890
                ],
                [
                    639,
                    1910
                ],
                [
                    667,
                    1910
                ],
                [
                    667,
                    1890
                ]
            ],
            "text": "320",
            "label": "B_Value",
            "links": [
                [
                    101,
                    true
                ],
                [
                    95,
                    true
                ],
                [
                    122,
                    true
                ]
            ]
        },
        {
            "index": 140,
            "bbox": [
                [
                    669,
                    1890
                ],
                [
                    669,
                    1910
                ],
                [
                    679,
                    1910
                ],
                [
                    679,
                    1890
                ]
            ],
            "text": "×",
            "label": "I_Value",
            "links": []
        },
        {
            "index": 141,
            "bbox": [
                [
                    682,
                    1890
                ],
                [
                    682,
                    1910
                ],
                [
                    710,
                    1910
                ],
                [
                    710,
                    1890
                ]
            ],
            "text": "190",
            "label": "I_Value",
            "links": []
        },
        {
            "index": 142,
            "bbox": [
                [
                    712,
                    1890
                ],
                [
                    712,
                    1910
                ],
                [
                    722,
                    1910
                ],
                [
                    722,
                    1890
                ]
            ],
            "text": "×",
            "label": "I_Value",
            "links": []
        },
        {
            "index": 143,
            "bbox": [
                [
                    724,
                    1890
                ],
                [
                    724,
                    1910
                ],
                [
                    754,
                    1910
                ],
                [
                    754,
                    1890
                ]
            ],
            "text": "110",
            "label": "I_Value",
            "links": []
        },
        {
            "index": 144,
            "bbox": [
                [
                    1219,
                    1887
                ],
                [
                    1219,
                    1907
                ],
                [
                    1260,
                    1907
                ],
                [
                    1260,
                    1887
                ]
            ],
            "text": "(2,5)",
            "label": "Out",
            "links": []
        },
        {
            "index": 145,
            "bbox": [
                [
                    1219,
                    1931
                ],
                [
                    1219,
                    1951
                ],
                [
                    1264,
                    1951
                ],
                [
                    1264,
                    1931
                ]
            ],
            "text": "Flow",
            "label": "Out",
            "links": []
        },
        {
            "index": 146,
            "bbox": [
                [
                    1267,
                    1931
                ],
                [
                    1267,
                    1951
                ],
                [
                    1281,
                    1951
                ],
                [
                    1281,
                    1931
                ]
            ],
            "text": "Q",
            "label": "Out",
            "links": []
        },
        {
            "index": 147,
            "bbox": [
                [
                    1420,
                    1887
                ],
                [
                    1420,
                    1907
                ],
                [
                    1444,
                    1907
                ],
                [
                    1444,
                    1887
                ]
            ],
            "text": "(5)",
            "label": "Out",
            "links": []
        },
        {
            "index": 148,
            "bbox": [
                [
                    1454,
                    1917
                ],
                [
                    1454,
                    1934
                ],
                [
                    1515,
                    1934
                ],
                [
                    1515,
                    1917
                ]
            ],
            "text": "m^3/hod",
            "label": "Out",
            "links": []
        },
        {
            "index": 149,
            "bbox": [
                [
                    136,
                    2084
                ],
                [
                    136,
                    2115
                ],
                [
                    431,
                    2115
                ],
                [
                    431,
                    2084
                ]
            ],
            "text": "www.pumpa.eu",
            "label": "Out",
            "links": []
        },
        {
            "index": 150,
            "bbox": [
                [
                    634,
                    1602
                ],
                [
                    634,
                    1626
                ],
                [
                    657,
                    1626
                ],
                [
                    657,
                    1602
                ]
            ],
            "text": "5",
            "label": "B_Value",
            "links": [
                [
                    72,
                    true
                ],
                [
                    70,
                    true
                ],
                [
                    122,
                    true
                ]
            ]
        },
        {
            "index": 151,
            "bbox": [
                [
                    636,
                    1781
                ],
                [
                    636,
                    1804
                ],
                [
                    655,
                    1804
                ],
                [
                    655,
                    1781
                ]
            ],
            "text": "7",
            "label": "B_Value",
            "links": [
                [
                    87,
                    true
                ],
                [
                    84,
                    true
                ],
                [
                    122,
                    true
                ]
            ]
        },
        {
            "index": 152,
            "bbox": [
                [
                    442,
                    1779
                ],
                [
                    442,
                    1803
                ],
                [
                    464,
                    1803
                ],
                [
                    464,
                    1779
                ]
            ],
            "text": "7",
            "label": "B_Value",
            "links": [
                [
                    87,
                    true
                ],
                [
                    84,
                    true
                ],
                [
                    105,
                    true
                ]
            ]
        },
        {
            "index": 153,
            "bbox": [
                [
                    442,
                    1634
                ],
                [
                    442,
                    1661
                ],
                [
                    463,
                    1661
                ],
                [
                    463,
                    1634
                ]
            ],
            "text": "9",
            "label": "B_Value",
            "links": [
                [
                    76,
                    true
                ],
                [
                    73,
                    true
                ],
                [
                    105,
                    true
                ]
            ]
        }
    ]
}