{
    "datasheet": [
        {
            "index": 0,
            "bbox": [
                [
                    187,
                    148
                ],
                [
                    573,
                    148
                ],
                [
                    573,
                    219
                ],
                [
                    187,
                    219
                ]
            ],
            "text": "pumpa",
            "label": "Out"
        },
        {
            "index": 1,
            "bbox": [
                [
                    964,
                    175
                ],
                [
                    1089,
                    175
                ],
                [
                    1089,
                    207
                ],
                [
                    964,
                    207
                ]
            ],
            "text": "PUMPA",
            "label": "Out"
        },
        {
            "index": 2,
            "bbox": [
                [
                    1091,
                    175
                ],
                [
                    1176,
                    175
                ],
                [
                    1176,
                    207
                ],
                [
                    1091,
                    207
                ]
            ],
            "text": "BLUE",
            "label": "Out"
        },
        {
            "index": 3,
            "bbox": [
                [
                    1178,
                    175
                ],
                [
                    1256,
                    175
                ],
                [
                    1256,
                    207
                ],
                [
                    1178,
                    207
                ]
            ],
            "text": "LINE",
            "label": "Out"
        },
        {
            "index": 4,
            "bbox": [
                [
                    1265,
                    175
                ],
                [
                    1336,
                    175
                ],
                [
                    1336,
                    207
                ],
                [
                    1265,
                    207
                ]
            ],
            "text": "PJm",
            "label": "Out"
        },
        {
            "index": 5,
            "bbox": [
                [
                    1340,
                    175
                ],
                [
                    1420,
                    175
                ],
                [
                    1420,
                    207
                ],
                [
                    1340,
                    207
                ]
            ],
            "text": "101C",
            "label": "Out"
        },
        {
            "index": 6,
            "bbox": [
                [
                    1416,
                    178
                ],
                [
                    1439,
                    178
                ],
                [
                    1439,
                    207
                ],
                [
                    1416,
                    207
                ]
            ],
            "text": "-",
            "label": "Out"
        },
        {
            "index": 7,
            "bbox": [
                [
                    1441,
                    175
                ],
                [
                    1521,
                    175
                ],
                [
                    1521,
                    207
                ],
                [
                    1441,
                    207
                ]
            ],
            "text": "PWB",
            "label": "Out"
        },
        {
            "index": 8,
            "bbox": [
                [
                    187,
                    296
                ],
                [
                    363,
                    296
                ],
                [
                    363,
                    363
                ],
                [
                    187,
                    363
                ]
            ],
            "text": "blue",
            "label": "Out"
        },
        {
            "index": 9,
            "bbox": [
                [
                    402,
                    292
                ],
                [
                    550,
                    292
                ],
                [
                    550,
                    367
                ],
                [
                    402,
                    367
                ]
            ],
            "text": "line",
            "label": "Out"
        },
        {
            "index": 10,
            "bbox": [
                [
                    374,
                    504
                ],
                [
                    582,
                    504
                ],
                [
                    582,
                    564
                ],
                [
                    374,
                    564
                ]
            ],
            "text": "booster",
            "label": "Out"
        },
        {
            "index": 11,
            "bbox": [
                [
                    134,
                    518
                ],
                [
                    358,
                    518
                ],
                [
                    358,
                    571
                ],
                [
                    134,
                    571
                ]
            ],
            "text": "pressure",
            "label": "Out"
        },
        {
            "index": 12,
            "bbox": [
                [
                    594,
                    518
                ],
                [
                    753,
                    518
                ],
                [
                    753,
                    582
                ],
                [
                    594,
                    582
                ]
            ],
            "text": "pump",
            "label": "Out"
        },
        {
            "index": 13,
            "bbox": [
                [
                    137,
                    616
                ],
                [
                    331,
                    616
                ],
                [
                    331,
                    678
                ],
                [
                    137,
                    678
                ]
            ],
            "text": "BLUE",
            "label": "Out"
        },
        {
            "index": 14,
            "bbox": [
                [
                    356,
                    616
                ],
                [
                    532,
                    616
                ],
                [
                    532,
                    678
                ],
                [
                    356,
                    678
                ]
            ],
            "text": "LINE",
            "label": "Out"
        },
        {
            "index": 15,
            "bbox": [
                [
                    137,
                    710
                ],
                [
                    292,
                    710
                ],
                [
                    292,
                    774
                ],
                [
                    137,
                    774
                ]
            ],
            "text": "PJm",
            "label": "Out"
        },
        {
            "index": 16,
            "bbox": [
                [
                    324,
                    708
                ],
                [
                    767,
                    708
                ],
                [
                    767,
                    776
                ],
                [
                    324,
                    776
                ]
            ],
            "text": "101C-PWB",
            "label": "Out"
        },
        {
            "index": 17,
            "bbox": [
                [
                    578,
                    774
                ],
                [
                    594,
                    774
                ],
                [
                    594,
                    790
                ],
                [
                    578,
                    790
                ]
            ],
            "text": "S",
            "label": "Out"
        },
        {
            "index": 18,
            "bbox": [
                [
                    132,
                    808
                ],
                [
                    271,
                    808
                ],
                [
                    271,
                    840
                ],
                [
                    132,
                    840
                ]
            ],
            "text": "Pressure",
            "label": "Out"
        },
        {
            "index": 19,
            "bbox": [
                [
                    274,
                    808
                ],
                [
                    395,
                    808
                ],
                [
                    395,
                    840
                ],
                [
                    274,
                    840
                ]
            ],
            "text": "booster",
            "label": "Out"
        },
        {
            "index": 20,
            "bbox": [
                [
                    393,
                    806
                ],
                [
                    486,
                    806
                ],
                [
                    486,
                    849
                ],
                [
                    393,
                    849
                ]
            ],
            "text": "pump",
            "label": "Out"
        },
        {
            "index": 21,
            "bbox": [
                [
                    482,
                    801
                ],
                [
                    557,
                    801
                ],
                [
                    557,
                    845
                ],
                [
                    482,
                    845
                ]
            ],
            "text": "with",
            "label": "Out"
        },
        {
            "index": 22,
            "bbox": [
                [
                    552,
                    806
                ],
                [
                    632,
                    806
                ],
                [
                    632,
                    842
                ],
                [
                    552,
                    842
                ]
            ],
            "text": "PWB",
            "label": "Out"
        },
        {
            "index": 23,
            "bbox": [
                [
                    632,
                    804
                ],
                [
                    744,
                    804
                ],
                [
                    744,
                    845
                ],
                [
                    632,
                    845
                ]
            ],
            "text": "vessel.",
            "label": "Out"
        },
        {
            "index": 24,
            "bbox": [
                [
                    132,
                    845
                ],
                [
                    189,
                    845
                ],
                [
                    189,
                    881
                ],
                [
                    132,
                    881
                ]
            ],
            "text": "For",
            "label": "Out"
        },
        {
            "index": 25,
            "bbox": [
                [
                    187,
                    847
                ],
                [
                    278,
                    847
                ],
                [
                    278,
                    881
                ],
                [
                    187,
                    881
                ]
            ],
            "text": "water",
            "label": "Out"
        },
        {
            "index": 26,
            "bbox": [
                [
                    278,
                    845
                ],
                [
                    383,
                    845
                ],
                [
                    383,
                    888
                ],
                [
                    278,
                    888
                ]
            ],
            "text": "supply",
            "label": "Out"
        },
        {
            "index": 27,
            "bbox": [
                [
                    381,
                    845
                ],
                [
                    461,
                    845
                ],
                [
                    461,
                    881
                ],
                [
                    381,
                    881
                ]
            ],
            "text": "from",
            "label": "Out"
        },
        {
            "index": 28,
            "bbox": [
                [
                    459,
                    842
                ],
                [
                    555,
                    842
                ],
                [
                    555,
                    886
                ],
                [
                    459,
                    886
                ]
            ],
            "text": "wells,",
            "label": "Out"
        },
        {
            "index": 29,
            "bbox": [
                [
                    550,
                    845
                ],
                [
                    605,
                    845
                ],
                [
                    605,
                    883
                ],
                [
                    550,
                    883
                ]
            ],
            "text": "for",
            "label": "Out"
        },
        {
            "index": 30,
            "bbox": [
                [
                    600,
                    847
                ],
                [
                    662,
                    847
                ],
                [
                    662,
                    883
                ],
                [
                    600,
                    883
                ]
            ],
            "text": "use",
            "label": "Out"
        },
        {
            "index": 31,
            "bbox": [
                [
                    662,
                    845
                ],
                [
                    694,
                    845
                ],
                [
                    694,
                    879
                ],
                [
                    662,
                    879
                ]
            ],
            "text": "in",
            "label": "Out"
        },
        {
            "index": 32,
            "bbox": [
                [
                    696,
                    847
                ],
                [
                    879,
                    847
                ],
                [
                    879,
                    879
                ],
                [
                    696,
                    879
                ]
            ],
            "text": "recreational",
            "label": "Out"
        },
        {
            "index": 33,
            "bbox": [
                [
                    130,
                    883
                ],
                [
                    269,
                    883
                ],
                [
                    269,
                    925
                ],
                [
                    130,
                    925
                ]
            ],
            "text": "facilities,",
            "label": "Out"
        },
        {
            "index": 34,
            "bbox": [
                [
                    269,
                    881
                ],
                [
                    308,
                    881
                ],
                [
                    308,
                    922
                ],
                [
                    269,
                    922
                ]
            ],
            "text": "in",
            "label": "Out"
        },
        {
            "index": 35,
            "bbox": [
                [
                    308,
                    888
                ],
                [
                    434,
                    888
                ],
                [
                    434,
                    922
                ],
                [
                    308,
                    922
                ]
            ],
            "text": "gardens",
            "label": "Out"
        },
        {
            "index": 36,
            "bbox": [
                [
                    434,
                    883
                ],
                [
                    498,
                    883
                ],
                [
                    498,
                    920
                ],
                [
                    434,
                    920
                ]
            ],
            "text": "and",
            "label": "Out"
        },
        {
            "index": 37,
            "bbox": [
                [
                    495,
                    881
                ],
                [
                    550,
                    881
                ],
                [
                    550,
                    920
                ],
                [
                    495,
                    920
                ]
            ],
            "text": "for",
            "label": "Out"
        },
        {
            "index": 38,
            "bbox": [
                [
                    548,
                    883
                ],
                [
                    696,
                    883
                ],
                [
                    696,
                    925
                ],
                [
                    548,
                    925
                ]
            ],
            "text": "irrigation.",
            "label": "Out"
        },
        {
            "index": 39,
            "bbox": [
                [
                    699,
                    886
                ],
                [
                    852,
                    886
                ],
                [
                    852,
                    918
                ],
                [
                    699,
                    918
                ]
            ],
            "text": "Maximum",
            "label": "Out"
        },
        {
            "index": 40,
            "bbox": [
                [
                    132,
                    925
                ],
                [
                    249,
                    925
                ],
                [
                    249,
                    957
                ],
                [
                    132,
                    957
                ]
            ],
            "text": "suction",
            "label": "Out"
        },
        {
            "index": 41,
            "bbox": [
                [
                    249,
                    922
                ],
                [
                    381,
                    922
                ],
                [
                    381,
                    963
                ],
                [
                    249,
                    963
                ]
            ],
            "text": "capacity",
            "label": "Out"
        },
        {
            "index": 42,
            "bbox": [
                [
                    381,
                    925
                ],
                [
                    408,
                    925
                ],
                [
                    408,
                    957
                ],
                [
                    381,
                    957
                ]
            ],
            "text": "8",
            "label": "Out"
        },
        {
            "index": 43,
            "bbox": [
                [
                    402,
                    925
                ],
                [
                    452,
                    925
                ],
                [
                    452,
                    959
                ],
                [
                    402,
                    959
                ]
            ],
            "text": "m.",
            "label": "Out"
        },
        {
            "index": 44,
            "bbox": [
                [
                    128,
                    1135
                ],
                [
                    313,
                    1135
                ],
                [
                    313,
                    1174
                ],
                [
                    128,
                    1174
                ]
            ],
            "text": "Application",
            "label": "Out"
        },
        {
            "index": 45,
            "bbox": [
                [
                    150,
                    1178
                ],
                [
                    237,
                    1178
                ],
                [
                    237,
                    1210
                ],
                [
                    150,
                    1210
                ]
            ],
            "text": "suitable",
            "label": "Out"
        },
        {
            "index": 46,
            "bbox": [
                [
                    233,
                    1180
                ],
                [
                    269,
                    1180
                ],
                [
                    269,
                    1208
                ],
                [
                    233,
                    1208
                ]
            ],
            "text": "for",
            "label": "Out"
        },
        {
            "index": 47,
            "bbox": [
                [
                    267,
                    1183
                ],
                [
                    329,
                    1183
                ],
                [
                    329,
                    1208
                ],
                [
                    267,
                    1208
                ]
            ],
            "text": "water",
            "label": "Out"
        },
        {
            "index": 48,
            "bbox": [
                [
                    326,
                    1180
                ],
                [
                    397,
                    1180
                ],
                [
                    397,
                    1212
                ],
                [
                    326,
                    1212
                ]
            ],
            "text": "supply",
            "label": "Out"
        },
        {
            "index": 49,
            "bbox": [
                [
                    393,
                    1178
                ],
                [
                    452,
                    1178
                ],
                [
                    452,
                    1210
                ],
                [
                    393,
                    1210
                ]
            ],
            "text": "from",
            "label": "Out"
        },
        {
            "index": 50,
            "bbox": [
                [
                    445,
                    1178
                ],
                [
                    507,
                    1178
                ],
                [
                    507,
                    1210
                ],
                [
                    445,
                    1210
                ]
            ],
            "text": "wells",
            "label": "Out"
        },
        {
            "index": 51,
            "bbox": [
                [
                    153,
                    1219
                ],
                [
                    191,
                    1219
                ],
                [
                    191,
                    1247
                ],
                [
                    153,
                    1247
                ]
            ],
            "text": "for",
            "label": "Out"
        },
        {
            "index": 52,
            "bbox": [
                [
                    185,
                    1222
                ],
                [
                    228,
                    1222
                ],
                [
                    228,
                    1247
                ],
                [
                    185,
                    1247
                ]
            ],
            "text": "use",
            "label": "Out"
        },
        {
            "index": 53,
            "bbox": [
                [
                    223,
                    1217
                ],
                [
                    251,
                    1217
                ],
                [
                    251,
                    1249
                ],
                [
                    223,
                    1249
                ]
            ],
            "text": "in",
            "label": "Out"
        },
        {
            "index": 54,
            "bbox": [
                [
                    246,
                    1217
                ],
                [
                    372,
                    1217
                ],
                [
                    372,
                    1249
                ],
                [
                    246,
                    1249
                ]
            ],
            "text": "recreational",
            "label": "Out"
        },
        {
            "index": 55,
            "bbox": [
                [
                    367,
                    1219
                ],
                [
                    461,
                    1219
                ],
                [
                    461,
                    1249
                ],
                [
                    367,
                    1249
                ]
            ],
            "text": "facilities,",
            "label": "Out"
        },
        {
            "index": 56,
            "bbox": [
                [
                    454,
                    1219
                ],
                [
                    484,
                    1219
                ],
                [
                    484,
                    1249
                ],
                [
                    454,
                    1249
                ]
            ],
            "text": "in",
            "label": "Out"
        },
        {
            "index": 57,
            "bbox": [
                [
                    479,
                    1219
                ],
                [
                    568,
                    1219
                ],
                [
                    568,
                    1251
                ],
                [
                    479,
                    1251
                ]
            ],
            "text": "gardens",
            "label": "Out"
        },
        {
            "index": 58,
            "bbox": [
                [
                    564,
                    1219
                ],
                [
                    610,
                    1219
                ],
                [
                    610,
                    1247
                ],
                [
                    564,
                    1247
                ]
            ],
            "text": "and",
            "label": "Out"
        },
        {
            "index": 59,
            "bbox": [
                [
                    605,
                    1219
                ],
                [
                    641,
                    1219
                ],
                [
                    641,
                    1247
                ],
                [
                    605,
                    1247
                ]
            ],
            "text": "for",
            "label": "Out"
        },
        {
            "index": 60,
            "bbox": [
                [
                    637,
                    1219
                ],
                [
                    733,
                    1219
                ],
                [
                    733,
                    1251
                ],
                [
                    637,
                    1251
                ]
            ],
            "text": "irrigation",
            "label": "Out"
        },
        {
            "index": 61,
            "bbox": [
                [
                    148,
                    1256
                ],
                [
                    233,
                    1256
                ],
                [
                    233,
                    1288
                ],
                [
                    148,
                    1288
                ]
            ],
            "text": "suction",
            "label": "Out"
        },
        {
            "index": 62,
            "bbox": [
                [
                    228,
                    1258
                ],
                [
                    319,
                    1258
                ],
                [
                    319,
                    1290
                ],
                [
                    228,
                    1290
                ]
            ],
            "text": "capacity",
            "label": "Out"
        },
        {
            "index": 63,
            "bbox": [
                [
                    315,
                    1263
                ],
                [
                    349,
                    1263
                ],
                [
                    349,
                    1288
                ],
                [
                    315,
                    1288
                ]
            ],
            "text": "up",
            "label": "Out"
        },
        {
            "index": 64,
            "bbox": [
                [
                    345,
                    1258
                ],
                [
                    374,
                    1258
                ],
                [
                    374,
                    1288
                ],
                [
                    345,
                    1288
                ]
            ],
            "text": "to",
            "label": "Out"
        },
        {
            "index": 65,
            "bbox": [
                [
                    367,
                    1258
                ],
                [
                    395,
                    1258
                ],
                [
                    395,
                    1288
                ],
                [
                    367,
                    1288
                ]
            ],
            "text": "81",
            "label": "Out"
        },
        {
            "index": 66,
            "bbox": [
                [
                    388,
                    1260
                ],
                [
                    466,
                    1260
                ],
                [
                    466,
                    1285
                ],
                [
                    388,
                    1285
                ]
            ],
            "text": "meters",
            "label": "Out"
        },
        {
            "index": 67,
            "bbox": [
                [
                    466,
                    1329
                ],
                [
                    514,
                    1329
                ],
                [
                    514,
                    1356
                ],
                [
                    466,
                    1356
                ]
            ],
            "text": "blue",
            "label": "Out"
        },
        {
            "index": 68,
            "bbox": [
                [
                    514,
                    1329
                ],
                [
                    557,
                    1329
                ],
                [
                    557,
                    1354
                ],
                [
                    514,
                    1354
                ]
            ],
            "text": "line",
            "label": "Out"
        },
        {
            "index": 69,
            "bbox": [
                [
                    555,
                    1329
                ],
                [
                    607,
                    1329
                ],
                [
                    607,
                    1354
                ],
                [
                    555,
                    1354
                ]
            ],
            "text": "PJm",
            "label": "Out"
        },
        {
            "index": 70,
            "bbox": [
                [
                    605,
                    1329
                ],
                [
                    667,
                    1329
                ],
                [
                    667,
                    1354
                ],
                [
                    605,
                    1354
                ]
            ],
            "text": "101C",
            "label": "Out"
        },
        {
            "index": 71,
            "bbox": [
                [
                    664,
                    1329
                ],
                [
                    715,
                    1329
                ],
                [
                    715,
                    1354
                ],
                [
                    664,
                    1354
                ]
            ],
            "text": "with",
            "label": "Out"
        },
        {
            "index": 72,
            "bbox": [
                [
                    712,
                    1329
                ],
                [
                    767,
                    1329
                ],
                [
                    767,
                    1354
                ],
                [
                    712,
                    1354
                ]
            ],
            "text": "PWB",
            "label": "Out"
        },
        {
            "index": 73,
            "bbox": [
                [
                    767,
                    1329
                ],
                [
                    838,
                    1329
                ],
                [
                    838,
                    1354
                ],
                [
                    767,
                    1354
                ]
            ],
            "text": "vessel",
            "label": "Out"
        },
        {
            "index": 74,
            "bbox": [
                [
                    141,
                    1349
                ],
                [
                    210,
                    1349
                ],
                [
                    210,
                    1375
                ],
                [
                    141,
                    1375
                ]
            ],
            "text": "Model",
            "label": "Out"
        },
        {
            "index": 75,
            "bbox": [
                [
                    495,
                    1361
                ],
                [
                    541,
                    1361
                ],
                [
                    541,
                    1386
                ],
                [
                    495,
                    1386
                ]
            ],
            "text": "241",
            "label": "Out"
        },
        {
            "index": 76,
            "bbox": [
                [
                    628,
                    1361
                ],
                [
                    676,
                    1361
                ],
                [
                    676,
                    1386
                ],
                [
                    628,
                    1386
                ]
            ],
            "text": "351",
            "label": "Out"
        },
        {
            "index": 77,
            "bbox": [
                [
                    763,
                    1361
                ],
                [
                    804,
                    1361
                ],
                [
                    804,
                    1386
                ],
                [
                    763,
                    1386
                ]
            ],
            "text": "601",
            "label": "Out"
        },
        {
            "index": 78,
            "bbox": [
                [
                    139,
                    1409
                ],
                [
                    191,
                    1409
                ],
                [
                    191,
                    1432
                ],
                [
                    139,
                    1432
                ]
            ],
            "text": "Code",
            "label": "Out"
        },
        {
            "index": 79,
            "bbox": [
                [
                    456,
                    1409
                ],
                [
                    555,
                    1409
                ],
                [
                    555,
                    1432
                ],
                [
                    456,
                    1432
                ]
            ],
            "text": "ZB00001169",
            "label": "Out"
        },
        {
            "index": 80,
            "bbox": [
                [
                    591,
                    1409
                ],
                [
                    689,
                    1409
                ],
                [
                    689,
                    1432
                ],
                [
                    591,
                    1432
                ]
            ],
            "text": "ZB00001170",
            "label": "Out"
        },
        {
            "index": 81,
            "bbox": [
                [
                    724,
                    1409
                ],
                [
                    820,
                    1409
                ],
                [
                    820,
                    1432
                ],
                [
                    724,
                    1432
                ]
            ],
            "text": "ZB00001171",
            "label": "Out"
        },
        {
            "index": 82,
            "bbox": [
                [
                    137,
                    1441
                ],
                [
                    233,
                    1441
                ],
                [
                    233,
                    1471
                ],
                [
                    137,
                    1471
                ]
            ],
            "text": "Maximum",
            "label": "Out"
        },
        {
            "index": 83,
            "bbox": [
                [
                    226,
                    1443
                ],
                [
                    269,
                    1443
                ],
                [
                    269,
                    1468
                ],
                [
                    226,
                    1468
                ]
            ],
            "text": "flow",
            "label": "Out"
        },
        {
            "index": 84,
            "bbox": [
                [
                    262,
                    1441
                ],
                [
                    345,
                    1441
                ],
                [
                    345,
                    1473
                ],
                [
                    262,
                    1473
                ]
            ],
            "text": "[m?/hod]",
            "label": "Out"
        },
        {
            "index": 85,
            "bbox": [
                [
                    456,
                    1443
                ],
                [
                    486,
                    1443
                ],
                [
                    486,
                    1471
                ],
                [
                    456,
                    1471
                ]
            ],
            "text": "3,6",
            "label": "Out"
        },
        {
            "index": 86,
            "bbox": [
                [
                    589,
                    1443
                ],
                [
                    621,
                    1443
                ],
                [
                    621,
                    1471
                ],
                [
                    589,
                    1471
                ]
            ],
            "text": "3,6",
            "label": "Out"
        },
        {
            "index": 87,
            "bbox": [
                [
                    724,
                    1443
                ],
                [
                    756,
                    1443
                ],
                [
                    756,
                    1471
                ],
                [
                    724,
                    1471
                ]
            ],
            "text": "3,6",
            "label": "Out"
        },
        {
            "index": 88,
            "bbox": [
                [
                    139,
                    1475
                ],
                [
                    233,
                    1475
                ],
                [
                    233,
                    1505
                ],
                [
                    139,
                    1505
                ]
            ],
            "text": "Maximum",
            "label": "Out"
        },
        {
            "index": 89,
            "bbox": [
                [
                    223,
                    1477
                ],
                [
                    317,
                    1477
                ],
                [
                    317,
                    1507
                ],
                [
                    223,
                    1507
                ]
            ],
            "text": "discharge",
            "label": "Out"
        },
        {
            "index": 90,
            "bbox": [
                [
                    310,
                    1477
                ],
                [
                    358,
                    1477
                ],
                [
                    358,
                    1502
                ],
                [
                    310,
                    1502
                ]
            ],
            "text": "head",
            "label": "Out"
        },
        {
            "index": 91,
            "bbox": [
                [
                    356,
                    1477
                ],
                [
                    388,
                    1477
                ],
                [
                    388,
                    1505
                ],
                [
                    356,
                    1505
                ]
            ],
            "text": "[m]",
            "label": "Out"
        },
        {
            "index": 92,
            "bbox": [
                [
                    454,
                    1475
                ],
                [
                    484,
                    1475
                ],
                [
                    484,
                    1502
                ],
                [
                    454,
                    1502
                ]
            ],
            "text": "45",
            "label": "Out"
        },
        {
            "index": 93,
            "bbox": [
                [
                    589,
                    1477
                ],
                [
                    619,
                    1477
                ],
                [
                    619,
                    1502
                ],
                [
                    589,
                    1502
                ]
            ],
            "text": "45",
            "label": "Out"
        },
        {
            "index": 94,
            "bbox": [
                [
                    724,
                    1477
                ],
                [
                    751,
                    1477
                ],
                [
                    751,
                    1502
                ],
                [
                    724,
                    1502
                ]
            ],
            "text": "45",
            "label": "Out"
        },
        {
            "index": 95,
            "bbox": [
                [
                    137,
                    1512
                ],
                [
                    233,
                    1512
                ],
                [
                    233,
                    1541
                ],
                [
                    137,
                    1541
                ]
            ],
            "text": "Maximum",
            "label": "Out"
        },
        {
            "index": 96,
            "bbox": [
                [
                    226,
                    1514
                ],
                [
                    294,
                    1514
                ],
                [
                    294,
                    1539
                ],
                [
                    226,
                    1539
                ]
            ],
            "text": "suction",
            "label": "Out"
        },
        {
            "index": 97,
            "bbox": [
                [
                    287,
                    1512
                ],
                [
                    351,
                    1512
                ],
                [
                    351,
                    1544
                ],
                [
                    287,
                    1544
                ]
            ],
            "text": "height",
            "label": "Out"
        },
        {
            "index": 98,
            "bbox": [
                [
                    347,
                    1514
                ],
                [
                    381,
                    1514
                ],
                [
                    381,
                    1541
                ],
                [
                    347,
                    1541
                ]
            ],
            "text": "[m]",
            "label": "Out"
        },
        {
            "index": 99,
            "bbox": [
                [
                    456,
                    1516
                ],
                [
                    475,
                    1516
                ],
                [
                    475,
                    1539
                ],
                [
                    456,
                    1539
                ]
            ],
            "text": "8",
            "label": "Out"
        },
        {
            "index": 100,
            "bbox": [
                [
                    589,
                    1516
                ],
                [
                    612,
                    1516
                ],
                [
                    612,
                    1539
                ],
                [
                    589,
                    1539
                ]
            ],
            "text": "8",
            "label": "Out"
        },
        {
            "index": 101,
            "bbox": [
                [
                    724,
                    1516
                ],
                [
                    742,
                    1516
                ],
                [
                    742,
                    1539
                ],
                [
                    724,
                    1539
                ]
            ],
            "text": "8",
            "label": "Out"
        },
        {
            "index": 102,
            "bbox": [
                [
                    137,
                    1550
                ],
                [
                    217,
                    1550
                ],
                [
                    217,
                    1582
                ],
                [
                    137,
                    1582
                ]
            ],
            "text": "Voltage/",
            "label": "Out"
        },
        {
            "index": 103,
            "bbox": [
                [
                    214,
                    1550
                ],
                [
                    310,
                    1550
                ],
                [
                    310,
                    1580
                ],
                [
                    214,
                    1580
                ]
            ],
            "text": "frequency",
            "label": "Out"
        },
        {
            "index": 104,
            "bbox": [
                [
                    303,
                    1548
                ],
                [
                    365,
                    1548
                ],
                [
                    365,
                    1580
                ],
                [
                    303,
                    1580
                ]
            ],
            "text": "[V/Hz]",
            "label": "Out"
        },
        {
            "index": 105,
            "bbox": [
                [
                    454,
                    1548
                ],
                [
                    527,
                    1548
                ],
                [
                    527,
                    1580
                ],
                [
                    454,
                    1580
                ]
            ],
            "text": "230/50",
            "label": "Out"
        },
        {
            "index": 106,
            "bbox": [
                [
                    587,
                    1548
                ],
                [
                    662,
                    1548
                ],
                [
                    662,
                    1580
                ],
                [
                    587,
                    1580
                ]
            ],
            "text": "230/50",
            "label": "Out"
        },
        {
            "index": 107,
            "bbox": [
                [
                    724,
                    1553
                ],
                [
                    769,
                    1553
                ],
                [
                    769,
                    1578
                ],
                [
                    724,
                    1578
                ]
            ],
            "text": "230/",
            "label": "Out"
        },
        {
            "index": 108,
            "bbox": [
                [
                    765,
                    1550
                ],
                [
                    792,
                    1550
                ],
                [
                    792,
                    1578
                ],
                [
                    765,
                    1578
                ]
            ],
            "text": "50",
            "label": "Out"
        },
        {
            "index": 109,
            "bbox": [
                [
                    913,
                    1537
                ],
                [
                    1069,
                    1537
                ],
                [
                    1069,
                    1576
                ],
                [
                    913,
                    1576
                ]
            ],
            "text": "Hydraulic",
            "label": "Out"
        },
        {
            "index": 110,
            "bbox": [
                [
                    1071,
                    1544
                ],
                [
                    1181,
                    1544
                ],
                [
                    1181,
                    1578
                ],
                [
                    1071,
                    1578
                ]
            ],
            "text": "power",
            "label": "Out"
        },
        {
            "index": 111,
            "bbox": [
                [
                    1178,
                    1541
                ],
                [
                    1274,
                    1541
                ],
                [
                    1274,
                    1571
                ],
                [
                    1178,
                    1571
                ]
            ],
            "text": "curve",
            "label": "Out"
        },
        {
            "index": 112,
            "bbox": [
                [
                    139,
                    1589
                ],
                [
                    201,
                    1589
                ],
                [
                    201,
                    1614
                ],
                [
                    139,
                    1614
                ]
            ],
            "text": "Power",
            "label": "Out"
        },
        {
            "index": 113,
            "bbox": [
                [
                    196,
                    1587
                ],
                [
                    230,
                    1587
                ],
                [
                    230,
                    1617
                ],
                [
                    196,
                    1617
                ]
            ],
            "text": "[W]",
            "label": "Out"
        },
        {
            "index": 114,
            "bbox": [
                [
                    456,
                    1589
                ],
                [
                    493,
                    1589
                ],
                [
                    493,
                    1614
                ],
                [
                    456,
                    1614
                ]
            ],
            "text": "750",
            "label": "Out"
        },
        {
            "index": 115,
            "bbox": [
                [
                    589,
                    1589
                ],
                [
                    628,
                    1589
                ],
                [
                    628,
                    1614
                ],
                [
                    589,
                    1614
                ]
            ],
            "text": "750",
            "label": "Out"
        },
        {
            "index": 116,
            "bbox": [
                [
                    724,
                    1589
                ],
                [
                    760,
                    1589
                ],
                [
                    760,
                    1614
                ],
                [
                    724,
                    1614
                ]
            ],
            "text": "750",
            "label": "Out"
        },
        {
            "index": 117,
            "bbox": [
                [
                    137,
                    1624
                ],
                [
                    244,
                    1624
                ],
                [
                    244,
                    1653
                ],
                [
                    137,
                    1653
                ]
            ],
            "text": "Connection",
            "label": "Out"
        },
        {
            "index": 118,
            "bbox": [
                [
                    459,
                    1626
                ],
                [
                    511,
                    1626
                ],
                [
                    511,
                    1649
                ],
                [
                    459,
                    1649
                ]
            ],
            "text": "1\"x1\"",
            "label": "Out"
        },
        {
            "index": 119,
            "bbox": [
                [
                    589,
                    1621
                ],
                [
                    646,
                    1621
                ],
                [
                    646,
                    1653
                ],
                [
                    589,
                    1653
                ]
            ],
            "text": "1'x1\"",
            "label": "Out"
        },
        {
            "index": 120,
            "bbox": [
                [
                    721,
                    1621
                ],
                [
                    781,
                    1621
                ],
                [
                    781,
                    1653
                ],
                [
                    721,
                    1653
                ]
            ],
            "text": "1\"x1\"",
            "label": "Out"
        },
        {
            "index": 121,
            "bbox": [
                [
                    137,
                    1658
                ],
                [
                    233,
                    1658
                ],
                [
                    233,
                    1688
                ],
                [
                    137,
                    1688
                ]
            ],
            "text": "Maximum",
            "label": "Out"
        },
        {
            "index": 122,
            "bbox": [
                [
                    226,
                    1660
                ],
                [
                    271,
                    1660
                ],
                [
                    271,
                    1685
                ],
                [
                    226,
                    1685
                ]
            ],
            "text": "fluid",
            "label": "Out"
        },
        {
            "index": 123,
            "bbox": [
                [
                    265,
                    1660
                ],
                [
                    377,
                    1660
                ],
                [
                    377,
                    1690
                ],
                [
                    265,
                    1690
                ]
            ],
            "text": "temperaturel",
            "label": "Out"
        },
        {
            "index": 124,
            "bbox": [
                [
                    372,
                    1658
                ],
                [
                    408,
                    1658
                ],
                [
                    408,
                    1688
                ],
                [
                    372,
                    1688
                ]
            ],
            "text": "[°C]",
            "label": "Out"
        },
        {
            "index": 125,
            "bbox": [
                [
                    454,
                    1658
                ],
                [
                    484,
                    1658
                ],
                [
                    484,
                    1685
                ],
                [
                    454,
                    1685
                ]
            ],
            "text": "35",
            "label": "Out"
        },
        {
            "index": 126,
            "bbox": [
                [
                    589,
                    1658
                ],
                [
                    619,
                    1658
                ],
                [
                    619,
                    1685
                ],
                [
                    589,
                    1685
                ]
            ],
            "text": "35",
            "label": "Out"
        },
        {
            "index": 127,
            "bbox": [
                [
                    724,
                    1658
                ],
                [
                    753,
                    1658
                ],
                [
                    753,
                    1685
                ],
                [
                    724,
                    1685
                ]
            ],
            "text": "35",
            "label": "Out"
        },
        {
            "index": 128,
            "bbox": [
                [
                    137,
                    1694
                ],
                [
                    233,
                    1694
                ],
                [
                    233,
                    1724
                ],
                [
                    137,
                    1724
                ]
            ],
            "text": "Maximum",
            "label": "Out"
        },
        {
            "index": 129,
            "bbox": [
                [
                    226,
                    1694
                ],
                [
                    313,
                    1694
                ],
                [
                    313,
                    1724
                ],
                [
                    226,
                    1724
                ]
            ],
            "text": "operating",
            "label": "Out"
        },
        {
            "index": 130,
            "bbox": [
                [
                    306,
                    1694
                ],
                [
                    390,
                    1694
                ],
                [
                    390,
                    1726
                ],
                [
                    306,
                    1726
                ]
            ],
            "text": "pressurel",
            "label": "Out"
        },
        {
            "index": 131,
            "bbox": [
                [
                    381,
                    1692
                ],
                [
                    431,
                    1692
                ],
                [
                    431,
                    1726
                ],
                [
                    381,
                    1726
                ]
            ],
            "text": "[bar]",
            "label": "Out"
        },
        {
            "index": 132,
            "bbox": [
                [
                    456,
                    1694
                ],
                [
                    486,
                    1694
                ],
                [
                    486,
                    1722
                ],
                [
                    456,
                    1722
                ]
            ],
            "text": "10",
            "label": "Out"
        },
        {
            "index": 133,
            "bbox": [
                [
                    589,
                    1694
                ],
                [
                    619,
                    1694
                ],
                [
                    619,
                    1722
                ],
                [
                    589,
                    1722
                ]
            ],
            "text": "10",
            "label": "Out"
        },
        {
            "index": 134,
            "bbox": [
                [
                    724,
                    1694
                ],
                [
                    753,
                    1694
                ],
                [
                    753,
                    1722
                ],
                [
                    724,
                    1722
                ]
            ],
            "text": "10",
            "label": "Out"
        },
        {
            "index": 135,
            "bbox": [
                [
                    137,
                    1729
                ],
                [
                    235,
                    1729
                ],
                [
                    235,
                    1758
                ],
                [
                    137,
                    1758
                ]
            ],
            "text": "Switch-on",
            "label": "Out"
        },
        {
            "index": 136,
            "bbox": [
                [
                    228,
                    1733
                ],
                [
                    310,
                    1733
                ],
                [
                    310,
                    1761
                ],
                [
                    228,
                    1761
                ]
            ],
            "text": "pressurel",
            "label": "Out"
        },
        {
            "index": 137,
            "bbox": [
                [
                    301,
                    1726
                ],
                [
                    349,
                    1726
                ],
                [
                    349,
                    1761
                ],
                [
                    301,
                    1761
                ]
            ],
            "text": "[bar]",
            "label": "Out"
        },
        {
            "index": 138,
            "bbox": [
                [
                    454,
                    1731
                ],
                [
                    486,
                    1731
                ],
                [
                    486,
                    1758
                ],
                [
                    454,
                    1758
                ]
            ],
            "text": "2,1",
            "label": "Out"
        },
        {
            "index": 139,
            "bbox": [
                [
                    589,
                    1731
                ],
                [
                    621,
                    1731
                ],
                [
                    621,
                    1758
                ],
                [
                    589,
                    1758
                ]
            ],
            "text": "2,1",
            "label": "Out"
        },
        {
            "index": 140,
            "bbox": [
                [
                    724,
                    1731
                ],
                [
                    753,
                    1731
                ],
                [
                    753,
                    1756
                ],
                [
                    724,
                    1756
                ]
            ],
            "text": "2,1",
            "label": "Out"
        },
        {
            "index": 141,
            "bbox": [
                [
                    137,
                    1765
                ],
                [
                    237,
                    1765
                ],
                [
                    237,
                    1795
                ],
                [
                    137,
                    1795
                ]
            ],
            "text": "Switch-off",
            "label": "Out"
        },
        {
            "index": 142,
            "bbox": [
                [
                    230,
                    1770
                ],
                [
                    308,
                    1770
                ],
                [
                    308,
                    1795
                ],
                [
                    230,
                    1795
                ]
            ],
            "text": "pressure",
            "label": "Out"
        },
        {
            "index": 143,
            "bbox": [
                [
                    303,
                    1763
                ],
                [
                    351,
                    1763
                ],
                [
                    351,
                    1797
                ],
                [
                    303,
                    1797
                ]
            ],
            "text": "[bar]",
            "label": "Out"
        },
        {
            "index": 144,
            "bbox": [
                [
                    456,
                    1767
                ],
                [
                    488,
                    1767
                ],
                [
                    488,
                    1793
                ],
                [
                    456,
                    1793
                ]
            ],
            "text": "3,5",
            "label": "Out"
        },
        {
            "index": 145,
            "bbox": [
                [
                    589,
                    1765
                ],
                [
                    623,
                    1765
                ],
                [
                    623,
                    1793
                ],
                [
                    589,
                    1793
                ]
            ],
            "text": "3,5",
            "label": "Out"
        },
        {
            "index": 146,
            "bbox": [
                [
                    724,
                    1767
                ],
                [
                    756,
                    1767
                ],
                [
                    756,
                    1793
                ],
                [
                    724,
                    1793
                ]
            ],
            "text": "3,5",
            "label": "Out"
        },
        {
            "index": 147,
            "bbox": [
                [
                    141,
                    1802
                ],
                [
                    196,
                    1802
                ],
                [
                    196,
                    1827
                ],
                [
                    141,
                    1827
                ]
            ],
            "text": "Rated",
            "label": "Out"
        },
        {
            "index": 148,
            "bbox": [
                [
                    191,
                    1802
                ],
                [
                    260,
                    1802
                ],
                [
                    260,
                    1827
                ],
                [
                    191,
                    1827
                ]
            ],
            "text": "current",
            "label": "Out"
        },
        {
            "index": 149,
            "bbox": [
                [
                    255,
                    1799
                ],
                [
                    285,
                    1799
                ],
                [
                    285,
                    1829
                ],
                [
                    255,
                    1829
                ]
            ],
            "text": "[A]",
            "label": "Out"
        },
        {
            "index": 150,
            "bbox": [
                [
                    456,
                    1802
                ],
                [
                    486,
                    1802
                ],
                [
                    486,
                    1827
                ],
                [
                    456,
                    1827
                ]
            ],
            "text": "4,8",
            "label": "Out"
        },
        {
            "index": 151,
            "bbox": [
                [
                    589,
                    1802
                ],
                [
                    621,
                    1802
                ],
                [
                    621,
                    1827
                ],
                [
                    589,
                    1827
                ]
            ],
            "text": "4,8",
            "label": "Out"
        },
        {
            "index": 152,
            "bbox": [
                [
                    724,
                    1802
                ],
                [
                    756,
                    1802
                ],
                [
                    756,
                    1829
                ],
                [
                    724,
                    1829
                ]
            ],
            "text": "4,8",
            "label": "Out"
        },
        {
            "index": 153,
            "bbox": [
                [
                    139,
                    1836
                ],
                [
                    207,
                    1836
                ],
                [
                    207,
                    1868
                ],
                [
                    139,
                    1868
                ]
            ],
            "text": "Weight",
            "label": "Out"
        },
        {
            "index": 154,
            "bbox": [
                [
                    203,
                    1836
                ],
                [
                    239,
                    1836
                ],
                [
                    239,
                    1866
                ],
                [
                    203,
                    1866
                ]
            ],
            "text": "[kg]",
            "label": "Out"
        },
        {
            "index": 155,
            "bbox": [
                [
                    456,
                    1836
                ],
                [
                    484,
                    1836
                ],
                [
                    484,
                    1863
                ],
                [
                    456,
                    1863
                ]
            ],
            "text": "18",
            "label": "Out"
        },
        {
            "index": 156,
            "bbox": [
                [
                    589,
                    1836
                ],
                [
                    619,
                    1836
                ],
                [
                    619,
                    1863
                ],
                [
                    589,
                    1863
                ]
            ],
            "text": "20",
            "label": "Out"
        },
        {
            "index": 157,
            "bbox": [
                [
                    724,
                    1836
                ],
                [
                    751,
                    1836
                ],
                [
                    751,
                    1863
                ],
                [
                    724,
                    1863
                ]
            ],
            "text": "24",
            "label": "Out"
        },
        {
            "index": 158,
            "bbox": [
                [
                    141,
                    1875
                ],
                [
                    235,
                    1875
                ],
                [
                    235,
                    1898
                ],
                [
                    141,
                    1898
                ]
            ],
            "text": "Dimension",
            "label": "Out"
        },
        {
            "index": 159,
            "bbox": [
                [
                    230,
                    1875
                ],
                [
                    297,
                    1875
                ],
                [
                    297,
                    1898
                ],
                [
                    230,
                    1898
                ]
            ],
            "text": "LxHx",
            "label": "Out"
        },
        {
            "index": 160,
            "bbox": [
                [
                    287,
                    1873
                ],
                [
                    315,
                    1873
                ],
                [
                    315,
                    1900
                ],
                [
                    287,
                    1900
                ]
            ],
            "text": "W",
            "label": "Out"
        },
        {
            "index": 161,
            "bbox": [
                [
                    310,
                    1870
                ],
                [
                    363,
                    1870
                ],
                [
                    363,
                    1905
                ],
                [
                    310,
                    1905
                ]
            ],
            "text": "[mm]",
            "label": "Out"
        },
        {
            "index": 162,
            "bbox": [
                [
                    456,
                    1875
                ],
                [
                    575,
                    1875
                ],
                [
                    575,
                    1898
                ],
                [
                    456,
                    1898
                ]
            ],
            "text": "600x500x250",
            "label": "Out"
        },
        {
            "index": 163,
            "bbox": [
                [
                    591,
                    1875
                ],
                [
                    710,
                    1875
                ],
                [
                    710,
                    1898
                ],
                [
                    591,
                    1898
                ]
            ],
            "text": "750x650x400",
            "label": "Out"
        },
        {
            "index": 164,
            "bbox": [
                [
                    724,
                    1875
                ],
                [
                    845,
                    1875
                ],
                [
                    845,
                    1898
                ],
                [
                    724,
                    1898
                ]
            ],
            "text": "800x700x450",
            "label": "Out"
        },
        {
            "index": 165,
            "bbox": [
                [
                    137,
                    2080
                ],
                [
                    436,
                    2080
                ],
                [
                    436,
                    2112
                ],
                [
                    137,
                    2112
                ]
            ],
            "text": "www.pumpa.eu",
            "label": "Out"
        }
    ]
}