{
    "datasheet": [
        {
            "index": 0,
            "bbox": [
                [
                    180,
                    127
                ],
                [
                    180,
                    241
                ],
                [
                    602,
                    241
                ],
                [
                    602,
                    127
                ]
            ],
            "text": "pumpa",
            "label": "Out",
            "links": []
        },
        {
            "index": 1,
            "bbox": [
                [
                    1138,
                    173
                ],
                [
                    1138,
                    211
                ],
                [
                    1266,
                    211
                ],
                [
                    1266,
                    173
                ]
            ],
            "text": "PUMPA",
            "label": "B_Descri",
            "links": []
        },
        {
            "index": 2,
            "bbox": [
                [
                    1271,
                    173
                ],
                [
                    1271,
                    211
                ],
                [
                    1352,
                    211
                ],
                [
                    1352,
                    173
                ]
            ],
            "text": "BLUE",
            "label": "I_Descri",
            "links": []
        },
        {
            "index": 3,
            "bbox": [
                [
                    1357,
                    173
                ],
                [
                    1357,
                    211
                ],
                [
                    1433,
                    211
                ],
                [
                    1433,
                    173
                ]
            ],
            "text": "LINE",
            "label": "I_Descri",
            "links": []
        },
        {
            "index": 4,
            "bbox": [
                [
                    1437,
                    173
                ],
                [
                    1437,
                    211
                ],
                [
                    1475,
                    211
                ],
                [
                    1475,
                    173
                ]
            ],
            "text": "PS",
            "label": "I_Descri",
            "links": []
        },
        {
            "index": 5,
            "bbox": [
                [
                    1480,
                    173
                ],
                [
                    1480,
                    211
                ],
                [
                    1518,
                    211
                ],
                [
                    1518,
                    173
                ]
            ],
            "text": "3\"",
            "label": "I_Descri",
            "links": []
        },
        {
            "index": 6,
            "bbox": [
                [
                    183,
                    299
                ],
                [
                    183,
                    371
                ],
                [
                    381,
                    371
                ],
                [
                    381,
                    299
                ]
            ],
            "text": "blue",
            "label": "Out",
            "links": []
        },
        {
            "index": 7,
            "bbox": [
                [
                    390,
                    299
                ],
                [
                    390,
                    371
                ],
                [
                    554,
                    371
                ],
                [
                    554,
                    299
                ]
            ],
            "text": "line",
            "label": "Out",
            "links": []
        },
        {
            "index": 8,
            "bbox": [
                [
                    132,
                    517
                ],
                [
                    132,
                    595
                ],
                [
                    200,
                    595
                ],
                [
                    200,
                    517
                ]
            ],
            "text": "3\"",
            "label": "B_Descri",
            "links": []
        },
        {
            "index": 9,
            "bbox": [
                [
                    210,
                    517
                ],
                [
                    210,
                    595
                ],
                [
                    522,
                    595
                ],
                [
                    522,
                    517
                ]
            ],
            "text": "submersible",
            "label": "I_Descri",
            "links": []
        },
        {
            "index": 10,
            "bbox": [
                [
                    532,
                    517
                ],
                [
                    532,
                    595
                ],
                [
                    696,
                    595
                ],
                [
                    696,
                    517
                ]
            ],
            "text": "pump",
            "label": "I_Descri",
            "links": []
        },
        {
            "index": 11,
            "bbox": [
                [
                    132,
                    626
                ],
                [
                    132,
                    701
                ],
                [
                    338,
                    701
                ],
                [
                    338,
                    626
                ]
            ],
            "text": "BLUE",
            "label": "B_Descri",
            "links": []
        },
        {
            "index": 12,
            "bbox": [
                [
                    348,
                    626
                ],
                [
                    348,
                    701
                ],
                [
                    545,
                    701
                ],
                [
                    545,
                    626
                ]
            ],
            "text": "LINE",
            "label": "I_Descri",
            "links": []
        },
        {
            "index": 13,
            "bbox": [
                [
                    554,
                    626
                ],
                [
                    554,
                    701
                ],
                [
                    667,
                    701
                ],
                [
                    667,
                    626
                ]
            ],
            "text": "PS",
            "label": "I_Descri",
            "links": []
        },
        {
            "index": 14,
            "bbox": [
                [
                    676,
                    626
                ],
                [
                    676,
                    701
                ],
                [
                    778,
                    701
                ],
                [
                    778,
                    626
                ]
            ],
            "text": "3\"",
            "label": "I_Descri",
            "links": []
        },
        {
            "index": 15,
            "bbox": [
                [
                    129,
                    751
                ],
                [
                    129,
                    792
                ],
                [
                    324,
                    792
                ],
                [
                    324,
                    751
                ]
            ],
            "text": "Submersible",
            "label": "B_Descri",
            "links": []
        },
        {
            "index": 16,
            "bbox": [
                [
                    329,
                    752
                ],
                [
                    329,
                    792
                ],
                [
                    354,
                    792
                ],
                [
                    354,
                    752
                ]
            ],
            "text": "3",
            "label": "I_Descri",
            "links": []
        },
        {
            "index": 17,
            "bbox": [
                [
                    359,
                    752
                ],
                [
                    359,
                    792
                ],
                [
                    449,
                    792
                ],
                [
                    449,
                    752
                ]
            ],
            "text": "pump",
            "label": "I_Descri",
            "links": []
        },
        {
            "index": 18,
            "bbox": [
                [
                    454,
                    752
                ],
                [
                    454,
                    792
                ],
                [
                    499,
                    792
                ],
                [
                    499,
                    752
                ]
            ],
            "text": "for",
            "label": "I_Descri",
            "links": []
        },
        {
            "index": 19,
            "bbox": [
                [
                    504,
                    752
                ],
                [
                    504,
                    792
                ],
                [
                    584,
                    792
                ],
                [
                    584,
                    752
                ]
            ],
            "text": "wells",
            "label": "I_Descri",
            "links": []
        },
        {
            "index": 20,
            "bbox": [
                [
                    589,
                    752
                ],
                [
                    589,
                    792
                ],
                [
                    644,
                    792
                ],
                [
                    644,
                    752
                ]
            ],
            "text": "and",
            "label": "I_Descri",
            "links": []
        },
        {
            "index": 21,
            "bbox": [
                [
                    649,
                    751
                ],
                [
                    649,
                    792
                ],
                [
                    744,
                    792
                ],
                [
                    744,
                    751
                ]
            ],
            "text": "tanks,",
            "label": "I_Descri",
            "links": []
        },
        {
            "index": 22,
            "bbox": [
                [
                    132,
                    789
                ],
                [
                    132,
                    833
                ],
                [
                    269,
                    833
                ],
                [
                    269,
                    789
                ]
            ],
            "text": "designed",
            "label": "I_Descri",
            "links": []
        },
        {
            "index": 23,
            "bbox": [
                [
                    275,
                    789
                ],
                [
                    275,
                    833
                ],
                [
                    319,
                    833
                ],
                [
                    319,
                    789
                ]
            ],
            "text": "for",
            "label": "I_Descri",
            "links": []
        },
        {
            "index": 24,
            "bbox": [
                [
                    325,
                    789
                ],
                [
                    325,
                    833
                ],
                [
                    473,
                    833
                ],
                [
                    473,
                    789
                ]
            ],
            "text": "supplying",
            "label": "I_Descri",
            "links": []
        },
        {
            "index": 25,
            "bbox": [
                [
                    479,
                    789
                ],
                [
                    479,
                    833
                ],
                [
                    663,
                    833
                ],
                [
                    663,
                    789
                ]
            ],
            "text": "households,",
            "label": "I_Descri",
            "links": []
        },
        {
            "index": 26,
            "bbox": [
                [
                    132,
                    830
                ],
                [
                    132,
                    867
                ],
                [
                    266,
                    867
                ],
                [
                    266,
                    830
                ]
            ],
            "text": "cottages",
            "label": "I_Descri",
            "links": []
        },
        {
            "index": 27,
            "bbox": [
                [
                    271,
                    830
                ],
                [
                    271,
                    867
                ],
                [
                    303,
                    867
                ],
                [
                    303,
                    830
                ]
            ],
            "text": "or",
            "label": "I_Descri",
            "links": []
        },
        {
            "index": 28,
            "bbox": [
                [
                    308,
                    830
                ],
                [
                    308,
                    867
                ],
                [
                    433,
                    867
                ],
                [
                    433,
                    830
                ]
            ],
            "text": "gardens",
            "label": "I_Descri",
            "links": []
        },
        {
            "index": 29,
            "bbox": [
                [
                    437,
                    830
                ],
                [
                    437,
                    867
                ],
                [
                    502,
                    867
                ],
                [
                    502,
                    830
                ]
            ],
            "text": "with",
            "label": "I_Descri",
            "links": []
        },
        {
            "index": 30,
            "bbox": [
                [
                    507,
                    830
                ],
                [
                    507,
                    867
                ],
                [
                    590,
                    867
                ],
                [
                    590,
                    830
                ]
            ],
            "text": "clean",
            "label": "I_Descri",
            "links": []
        },
        {
            "index": 31,
            "bbox": [
                [
                    594,
                    830
                ],
                [
                    594,
                    867
                ],
                [
                    686,
                    867
                ],
                [
                    686,
                    830
                ]
            ],
            "text": "water",
            "label": "I_Descri",
            "links": []
        },
        {
            "index": 32,
            "bbox": [
                [
                    595,
                    830
                ],
                [
                    595,
                    867
                ],
                [
                    687,
                    867
                ],
                [
                    687,
                    830
                ]
            ],
            "text": ".",
            "label": "I_Descri",
            "links": []
        },
        {
            "index": 33,
            "bbox": [
                [
                    132,
                    1146
                ],
                [
                    132,
                    1183
                ],
                [
                    312,
                    1183
                ],
                [
                    312,
                    1146
                ]
            ],
            "text": "Application",
            "label": "B_Section",
            "links": [
                [
                    35,
                    false
                ],
                [
                    44,
                    false
                ]
            ]
        },
        {
            "index": 34,
            "bbox": [
                [
                    132,
                    1189
                ],
                [
                    132,
                    1213
                ],
                [
                    153,
                    1213
                ],
                [
                    153,
                    1189
                ]
            ],
            "text": "•",
            "label": "Out",
            "links": []
        },
        {
            "index": 35,
            "bbox": [
                [
                    156,
                    1189
                ],
                [
                    156,
                    1213
                ],
                [
                    246,
                    1213
                ],
                [
                    246,
                    1189
                ]
            ],
            "text": "Pumping",
            "label": "B_Descri",
            "links": [
                [
                    33,
                    true
                ]
            ]
        },
        {
            "index": 36,
            "bbox": [
                [
                    249,
                    1189
                ],
                [
                    249,
                    1213
                ],
                [
                    303,
                    1213
                ],
                [
                    303,
                    1189
                ]
            ],
            "text": "clean",
            "label": "I_Descri",
            "links": []
        },
        {
            "index": 37,
            "bbox": [
                [
                    306,
                    1189
                ],
                [
                    306,
                    1213
                ],
                [
                    363,
                    1213
                ],
                [
                    363,
                    1189
                ]
            ],
            "text": "water",
            "label": "I_Descri",
            "links": []
        },
        {
            "index": 38,
            "bbox": [
                [
                    366,
                    1189
                ],
                [
                    366,
                    1213
                ],
                [
                    414,
                    1213
                ],
                [
                    414,
                    1189
                ]
            ],
            "text": "from",
            "label": "I_Descri",
            "links": []
        },
        {
            "index": 39,
            "bbox": [
                [
                    417,
                    1189
                ],
                [
                    417,
                    1213
                ],
                [
                    474,
                    1213
                ],
                [
                    474,
                    1189
                ]
            ],
            "text": "wells,",
            "label": "I_Descri",
            "links": []
        },
        {
            "index": 40,
            "bbox": [
                [
                    477,
                    1189
                ],
                [
                    477,
                    1213
                ],
                [
                    577,
                    1213
                ],
                [
                    577,
                    1189
                ]
            ],
            "text": "boreholes",
            "label": "I_Descri",
            "links": []
        },
        {
            "index": 41,
            "bbox": [
                [
                    132,
                    1230
                ],
                [
                    132,
                    1251
                ],
                [
                    171,
                    1251
                ],
                [
                    171,
                    1230
                ]
            ],
            "text": "and",
            "label": "I_Descri",
            "links": []
        },
        {
            "index": 42,
            "bbox": [
                [
                    174,
                    1230
                ],
                [
                    174,
                    1251
                ],
                [
                    275,
                    1251
                ],
                [
                    275,
                    1230
                ]
            ],
            "text": "reservoirs",
            "label": "I_Descri",
            "links": []
        },
        {
            "index": 43,
            "bbox": [
                [
                    132,
                    1268
                ],
                [
                    132,
                    1292
                ],
                [
                    152,
                    1292
                ],
                [
                    152,
                    1268
                ]
            ],
            "text": "•",
            "label": "Out",
            "links": []
        },
        {
            "index": 44,
            "bbox": [
                [
                    155,
                    1268
                ],
                [
                    155,
                    1291
                ],
                [
                    189,
                    1291
                ],
                [
                    189,
                    1268
                ]
            ],
            "text": "For",
            "label": "B_Descri",
            "links": [
                [
                    33,
                    true
                ]
            ]
        },
        {
            "index": 45,
            "bbox": [
                [
                    192,
                    1268
                ],
                [
                    192,
                    1291
                ],
                [
                    287,
                    1291
                ],
                [
                    287,
                    1268
                ]
            ],
            "text": "supplying",
            "label": "I_Descri",
            "links": []
        },
        {
            "index": 46,
            "bbox": [
                [
                    290,
                    1268
                ],
                [
                    290,
                    1291
                ],
                [
                    411,
                    1291
                ],
                [
                    411,
                    1268
                ]
            ],
            "text": "households,",
            "label": "I_Descri",
            "links": []
        },
        {
            "index": 47,
            "bbox": [
                [
                    414,
                    1268
                ],
                [
                    414,
                    1291
                ],
                [
                    503,
                    1291
                ],
                [
                    503,
                    1268
                ]
            ],
            "text": "cottages",
            "label": "I_Descri",
            "links": []
        },
        {
            "index": 48,
            "bbox": [
                [
                    506,
                    1268
                ],
                [
                    506,
                    1291
                ],
                [
                    529,
                    1291
                ],
                [
                    529,
                    1268
                ]
            ],
            "text": "or",
            "label": "I_Descri",
            "links": []
        },
        {
            "index": 49,
            "bbox": [
                [
                    532,
                    1268
                ],
                [
                    532,
                    1292
                ],
                [
                    612,
                    1292
                ],
                [
                    612,
                    1268
                ]
            ],
            "text": "gardens",
            "label": "I_Descri",
            "links": []
        },
        {
            "index": 50,
            "bbox": [
                [
                    686,
                    1142
                ],
                [
                    686,
                    1179
                ],
                [
                    899,
                    1179
                ],
                [
                    899,
                    1142
                ]
            ],
            "text": "Characteristic",
            "label": "B_Section",
            "links": [
                [
                    54,
                    false
                ],
                [
                    57,
                    false
                ]
            ]
        },
        {
            "index": 51,
            "bbox": [
                [
                    903,
                    1143
                ],
                [
                    903,
                    1180
                ],
                [
                    1009,
                    1180
                ],
                [
                    1009,
                    1143
                ]
            ],
            "text": "design",
            "label": "I_Section",
            "links": []
        },
        {
            "index": 52,
            "bbox": [
                [
                    1014,
                    1142
                ],
                [
                    1014,
                    1179
                ],
                [
                    1144,
                    1179
                ],
                [
                    1144,
                    1142
                ]
            ],
            "text": "features",
            "label": "I_Section",
            "links": []
        },
        {
            "index": 53,
            "bbox": [
                [
                    686,
                    1217
                ],
                [
                    686,
                    1241
                ],
                [
                    706,
                    1241
                ],
                [
                    706,
                    1217
                ]
            ],
            "text": "•",
            "label": "Out",
            "links": []
        },
        {
            "index": 54,
            "bbox": [
                [
                    709,
                    1217
                ],
                [
                    709,
                    1240
                ],
                [
                    764,
                    1240
                ],
                [
                    764,
                    1217
                ]
            ],
            "text": "Noryl",
            "label": "B_Descri",
            "links": [
                [
                    50,
                    true
                ]
            ]
        },
        {
            "index": 55,
            "bbox": [
                [
                    767,
                    1217
                ],
                [
                    767,
                    1241
                ],
                [
                    860,
                    1241
                ],
                [
                    860,
                    1217
                ]
            ],
            "text": "impellers",
            "label": "I_Descri",
            "links": []
        },
        {
            "index": 56,
            "bbox": [
                [
                    686,
                    1254
                ],
                [
                    686,
                    1281
                ],
                [
                    706,
                    1281
                ],
                [
                    706,
                    1254
                ]
            ],
            "text": "•",
            "label": "Out",
            "links": []
        },
        {
            "index": 57,
            "bbox": [
                [
                    710,
                    1254
                ],
                [
                    710,
                    1281
                ],
                [
                    771,
                    1281
                ],
                [
                    771,
                    1254
                ]
            ],
            "text": "Pump",
            "label": "B_Descri",
            "links": [
                [
                    50,
                    true
                ]
            ]
        },
        {
            "index": 58,
            "bbox": [
                [
                    774,
                    1254
                ],
                [
                    774,
                    1281
                ],
                [
                    858,
                    1281
                ],
                [
                    858,
                    1254
                ]
            ],
            "text": "housing,",
            "label": "I_Descri",
            "links": []
        },
        {
            "index": 59,
            "bbox": [
                [
                    862,
                    1254
                ],
                [
                    862,
                    1281
                ],
                [
                    913,
                    1281
                ],
                [
                    913,
                    1254
                ]
            ],
            "text": "shaft",
            "label": "I_Descri",
            "links": []
        },
        {
            "index": 60,
            "bbox": [
                [
                    915,
                    1254
                ],
                [
                    915,
                    1281
                ],
                [
                    956,
                    1281
                ],
                [
                    956,
                    1254
                ]
            ],
            "text": "and",
            "label": "I_Descri",
            "links": []
        },
        {
            "index": 61,
            "bbox": [
                [
                    959,
                    1254
                ],
                [
                    959,
                    1281
                ],
                [
                    1030,
                    1281
                ],
                [
                    1030,
                    1254
                ]
            ],
            "text": "suction",
            "label": "I_Descri",
            "links": []
        },
        {
            "index": 62,
            "bbox": [
                [
                    1034,
                    1254
                ],
                [
                    1034,
                    1281
                ],
                [
                    1102,
                    1281
                ],
                [
                    1102,
                    1254
                ]
            ],
            "text": "basket",
            "label": "I_Descri",
            "links": []
        },
        {
            "index": 63,
            "bbox": [
                [
                    1105,
                    1254
                ],
                [
                    1105,
                    1281
                ],
                [
                    1156,
                    1281
                ],
                [
                    1156,
                    1254
                ]
            ],
            "text": "from",
            "label": "I_Descri",
            "links": []
        },
        {
            "index": 64,
            "bbox": [
                [
                    1159,
                    1254
                ],
                [
                    1159,
                    1281
                ],
                [
                    1247,
                    1281
                ],
                [
                    1247,
                    1254
                ]
            ],
            "text": "stainless",
            "label": "I_Descri",
            "links": []
        },
        {
            "index": 65,
            "bbox": [
                [
                    1250,
                    1254
                ],
                [
                    1250,
                    1281
                ],
                [
                    1301,
                    1281
                ],
                [
                    1301,
                    1254
                ]
            ],
            "text": "steel",
            "label": "I_Descri",
            "links": []
        },
        {
            "index": 66,
            "bbox": [
                [
                    1304,
                    1254
                ],
                [
                    1304,
                    1281
                ],
                [
                    1345,
                    1281
                ],
                [
                    1345,
                    1254
                ]
            ],
            "text": "AISI",
            "label": "I_Descri",
            "links": []
        },
        {
            "index": 67,
            "bbox": [
                [
                    1348,
                    1254
                ],
                [
                    1348,
                    1281
                ],
                [
                    1386,
                    1281
                ],
                [
                    1386,
                    1254
                ]
            ],
            "text": "304",
            "label": "I_Descri",
            "links": []
        },
        {
            "index": 68,
            "bbox": [
                [
                    143,
                    1346
                ],
                [
                    143,
                    1366
                ],
                [
                    211,
                    1366
                ],
                [
                    211,
                    1346
                ]
            ],
            "text": "Model",
            "label": "B_Section",
            "links": [
                [
                    69,
                    false
                ],
                [
                    70,
                    false
                ],
                [
                    73,
                    false
                ],
                [
                    77,
                    false
                ],
                [
                    79,
                    false
                ],
                [
                    83,
                    false
                ],
                [
                    85,
                    false
                ],
                [
                    86,
                    false
                ],
                [
                    90,
                    false
                ],
                [
                    93,
                    false
                ],
                [
                    97,
                    false
                ],
                [
                    100,
                    false
                ],
                [
                    103,
                    false
                ],
                [
                    105,
                    false
                ],
                [
                    107,
                    false
                ]
            ]
        },
        {
            "index": 69,
            "bbox": [
                [
                    143,
                    1397
                ],
                [
                    143,
                    1414
                ],
                [
                    191,
                    1414
                ],
                [
                    191,
                    1397
                ]
            ],
            "text": "Code",
            "label": "B_Prop",
            "links": [
                [
                    68,
                    true
                ]
            ]
        },
        {
            "index": 70,
            "bbox": [
                [
                    143,
                    1427
                ],
                [
                    143,
                    1448
                ],
                [
                    227,
                    1448
                ],
                [
                    227,
                    1427
                ]
            ],
            "text": "Maximum",
            "label": "B_Prop",
            "links": [
                [
                    68,
                    true
                ],
                [
                    155,
                    false
                ]
            ]
        },
        {
            "index": 71,
            "bbox": [
                [
                    230,
                    1427
                ],
                [
                    230,
                    1448
                ],
                [
                    267,
                    1448
                ],
                [
                    267,
                    1427
                ]
            ],
            "text": "flow",
            "label": "I_Prop",
            "links": []
        },
        {
            "index": 72,
            "bbox": [
                [
                    269,
                    1427
                ],
                [
                    269,
                    1448
                ],
                [
                    340,
                    1448
                ],
                [
                    340,
                    1427
                ]
            ],
            "text": "[m^3/hod]",
            "label": "B_Unit",
            "links": [
                [
                    155,
                    false
                ]
            ]
        },
        {
            "index": 73,
            "bbox": [
                [
                    143,
                    1465
                ],
                [
                    143,
                    1485
                ],
                [
                    226,
                    1485
                ],
                [
                    226,
                    1465
                ]
            ],
            "text": "Maximum",
            "label": "B_Prop",
            "links": [
                [
                    68,
                    true
                ],
                [
                    116,
                    false
                ]
            ]
        },
        {
            "index": 74,
            "bbox": [
                [
                    228,
                    1465
                ],
                [
                    228,
                    1485
                ],
                [
                    310,
                    1485
                ],
                [
                    310,
                    1465
                ]
            ],
            "text": "discharge",
            "label": "I_Prop",
            "links": []
        },
        {
            "index": 75,
            "bbox": [
                [
                    313,
                    1465
                ],
                [
                    313,
                    1485
                ],
                [
                    358,
                    1485
                ],
                [
                    358,
                    1465
                ]
            ],
            "text": "head",
            "label": "I_Prop",
            "links": []
        },
        {
            "index": 76,
            "bbox": [
                [
                    361,
                    1465
                ],
                [
                    361,
                    1485
                ],
                [
                    394,
                    1485
                ],
                [
                    394,
                    1465
                ]
            ],
            "text": "[m]",
            "label": "B_Unit",
            "links": [
                [
                    116,
                    false
                ]
            ]
        },
        {
            "index": 77,
            "bbox": [
                [
                    143,
                    1499
                ],
                [
                    143,
                    1519
                ],
                [
                    193,
                    1519
                ],
                [
                    193,
                    1499
                ]
            ],
            "text": "Pump",
            "label": "B_Prop",
            "links": [
                [
                    68,
                    true
                ],
                [
                    156,
                    false
                ]
            ]
        },
        {
            "index": 78,
            "bbox": [
                [
                    195,
                    1499
                ],
                [
                    195,
                    1519
                ],
                [
                    271,
                    1519
                ],
                [
                    271,
                    1499
                ]
            ],
            "text": "diameter",
            "label": "I_Prop",
            "links": []
        },
        {
            "index": 79,
            "bbox": [
                [
                    143,
                    1536
                ],
                [
                    143,
                    1557
                ],
                [
                    209,
                    1557
                ],
                [
                    209,
                    1536
                ]
            ],
            "text": "Voltage",
            "label": "B_Prop",
            "links": [
                [
                    68,
                    true
                ],
                [
                    117,
                    false
                ]
            ]
        },
        {
            "index": 80,
            "bbox": [
                [
                    211,
                    1536
                ],
                [
                    211,
                    1557
                ],
                [
                    219,
                    1557
                ],
                [
                    219,
                    1536
                ]
            ],
            "text": "/",
            "label": "I_Prop",
            "links": []
        },
        {
            "index": 81,
            "bbox": [
                [
                    222,
                    1536
                ],
                [
                    222,
                    1557
                ],
                [
                    306,
                    1557
                ],
                [
                    306,
                    1536
                ]
            ],
            "text": "frequency",
            "label": "I_Prop",
            "links": []
        },
        {
            "index": 82,
            "bbox": [
                [
                    308,
                    1536
                ],
                [
                    308,
                    1557
                ],
                [
                    360,
                    1557
                ],
                [
                    360,
                    1536
                ]
            ],
            "text": "[V/Hz]",
            "label": "B_Unit",
            "links": [
                [
                    117,
                    false
                ]
            ]
        },
        {
            "index": 83,
            "bbox": [
                [
                    143,
                    1574
                ],
                [
                    143,
                    1594
                ],
                [
                    198,
                    1594
                ],
                [
                    198,
                    1574
                ]
            ],
            "text": "Power",
            "label": "B_Prop",
            "links": [
                [
                    68,
                    true
                ],
                [
                    120,
                    false
                ]
            ]
        },
        {
            "index": 84,
            "bbox": [
                [
                    201,
                    1574
                ],
                [
                    201,
                    1594
                ],
                [
                    231,
                    1594
                ],
                [
                    231,
                    1574
                ]
            ],
            "text": "[W]",
            "label": "B_Unit",
            "links": [
                [
                    120,
                    false
                ]
            ]
        },
        {
            "index": 85,
            "bbox": [
                [
                    143,
                    1611
                ],
                [
                    143,
                    1628
                ],
                [
                    241,
                    1628
                ],
                [
                    241,
                    1611
                ]
            ],
            "text": "Connection",
            "label": "B_Prop",
            "links": [
                [
                    68,
                    true
                ],
                [
                    157,
                    false
                ]
            ]
        },
        {
            "index": 86,
            "bbox": [
                [
                    143,
                    1645
                ],
                [
                    143,
                    1666
                ],
                [
                    227,
                    1666
                ],
                [
                    227,
                    1645
                ]
            ],
            "text": "Maximum",
            "label": "B_Prop",
            "links": [
                [
                    68,
                    true
                ],
                [
                    121,
                    false
                ]
            ]
        },
        {
            "index": 87,
            "bbox": [
                [
                    230,
                    1645
                ],
                [
                    230,
                    1666
                ],
                [
                    319,
                    1666
                ],
                [
                    319,
                    1645
                ]
            ],
            "text": "immersion",
            "label": "I_Prop",
            "links": []
        },
        {
            "index": 88,
            "bbox": [
                [
                    322,
                    1645
                ],
                [
                    322,
                    1666
                ],
                [
                    369,
                    1666
                ],
                [
                    369,
                    1645
                ]
            ],
            "text": "depth",
            "label": "I_Prop",
            "links": []
        },
        {
            "index": 89,
            "bbox": [
                [
                    371,
                    1645
                ],
                [
                    371,
                    1666
                ],
                [
                    400,
                    1666
                ],
                [
                    400,
                    1645
                ]
            ],
            "text": "[m]",
            "label": "B_Unit",
            "links": [
                [
                    121,
                    false
                ]
            ]
        },
        {
            "index": 90,
            "bbox": [
                [
                    143,
                    1679
                ],
                [
                    143,
                    1703
                ],
                [
                    188,
                    1703
                ],
                [
                    188,
                    1679
                ]
            ],
            "text": "Sand",
            "label": "B_Prop",
            "links": [
                [
                    68,
                    true
                ],
                [
                    122,
                    false
                ]
            ]
        },
        {
            "index": 91,
            "bbox": [
                [
                    191,
                    1679
                ],
                [
                    191,
                    1703
                ],
                [
                    254,
                    1703
                ],
                [
                    254,
                    1679
                ]
            ],
            "text": "content",
            "label": "I_Prop",
            "links": []
        },
        {
            "index": 92,
            "bbox": [
                [
                    257,
                    1679
                ],
                [
                    257,
                    1703
                ],
                [
                    285,
                    1703
                ],
                [
                    285,
                    1679
                ]
            ],
            "text": "[%]",
            "label": "B_Unit",
            "links": [
                [
                    122,
                    false
                ]
            ]
        },
        {
            "index": 93,
            "bbox": [
                [
                    143,
                    1717
                ],
                [
                    143,
                    1737
                ],
                [
                    228,
                    1737
                ],
                [
                    228,
                    1717
                ]
            ],
            "text": "Maximum",
            "label": "B_Prop",
            "links": [
                [
                    68,
                    true
                ],
                [
                    123,
                    false
                ]
            ]
        },
        {
            "index": 94,
            "bbox": [
                [
                    231,
                    1717
                ],
                [
                    231,
                    1737
                ],
                [
                    268,
                    1737
                ],
                [
                    268,
                    1717
                ]
            ],
            "text": "fluid",
            "label": "I_Prop",
            "links": []
        },
        {
            "index": 95,
            "bbox": [
                [
                    271,
                    1717
                ],
                [
                    271,
                    1737
                ],
                [
                    371,
                    1737
                ],
                [
                    371,
                    1717
                ]
            ],
            "text": "temperature",
            "label": "I_Prop",
            "links": []
        },
        {
            "index": 96,
            "bbox": [
                [
                    373,
                    1717
                ],
                [
                    373,
                    1737
                ],
                [
                    404,
                    1737
                ],
                [
                    404,
                    1717
                ]
            ],
            "text": "[°C]",
            "label": "B_Unit",
            "links": [
                [
                    123,
                    false
                ]
            ]
        },
        {
            "index": 97,
            "bbox": [
                [
                    143,
                    1751
                ],
                [
                    143,
                    1771
                ],
                [
                    191,
                    1771
                ],
                [
                    191,
                    1751
                ]
            ],
            "text": "Cable",
            "label": "B_Prop",
            "links": [
                [
                    68,
                    true
                ],
                [
                    124,
                    false
                ]
            ]
        },
        {
            "index": 98,
            "bbox": [
                [
                    193,
                    1751
                ],
                [
                    193,
                    1771
                ],
                [
                    248,
                    1771
                ],
                [
                    248,
                    1751
                ]
            ],
            "text": "length",
            "label": "I_Prop",
            "links": []
        },
        {
            "index": 99,
            "bbox": [
                [
                    251,
                    1751
                ],
                [
                    251,
                    1771
                ],
                [
                    279,
                    1771
                ],
                [
                    279,
                    1751
                ]
            ],
            "text": "[m]",
            "label": "B_Unit",
            "links": [
                [
                    124,
                    false
                ]
            ]
        },
        {
            "index": 100,
            "bbox": [
                [
                    143,
                    1788
                ],
                [
                    143,
                    1808
                ],
                [
                    203,
                    1808
                ],
                [
                    203,
                    1788
                ]
            ],
            "text": "Degree",
            "label": "B_Prop",
            "links": [
                [
                    68,
                    true
                ],
                [
                    125,
                    false
                ]
            ]
        },
        {
            "index": 101,
            "bbox": [
                [
                    206,
                    1788
                ],
                [
                    206,
                    1808
                ],
                [
                    226,
                    1808
                ],
                [
                    226,
                    1788
                ]
            ],
            "text": "of",
            "label": "I_Prop",
            "links": []
        },
        {
            "index": 102,
            "bbox": [
                [
                    228,
                    1788
                ],
                [
                    228,
                    1808
                ],
                [
                    316,
                    1808
                ],
                [
                    316,
                    1788
                ]
            ],
            "text": "protection",
            "label": "I_Prop",
            "links": []
        },
        {
            "index": 103,
            "bbox": [
                [
                    143,
                    1825
                ],
                [
                    143,
                    1842
                ],
                [
                    226,
                    1842
                ],
                [
                    226,
                    1825
                ]
            ],
            "text": "Insulation",
            "label": "B_Prop",
            "links": [
                [
                    68,
                    true
                ],
                [
                    158,
                    false
                ]
            ]
        },
        {
            "index": 104,
            "bbox": [
                [
                    228,
                    1825
                ],
                [
                    228,
                    1842
                ],
                [
                    278,
                    1842
                ],
                [
                    278,
                    1825
                ]
            ],
            "text": "class",
            "label": "I_Prop",
            "links": []
        },
        {
            "index": 105,
            "bbox": [
                [
                    143,
                    1856
                ],
                [
                    143,
                    1880
                ],
                [
                    201,
                    1880
                ],
                [
                    201,
                    1856
                ]
            ],
            "text": "Weight",
            "label": "B_Prop",
            "links": [
                [
                    68,
                    true
                ],
                [
                    127,
                    false
                ]
            ]
        },
        {
            "index": 106,
            "bbox": [
                [
                    203,
                    1856
                ],
                [
                    203,
                    1880
                ],
                [
                    238,
                    1880
                ],
                [
                    238,
                    1856
                ]
            ],
            "text": "[kg]",
            "label": "B_Unit",
            "links": [
                [
                    127,
                    false
                ]
            ]
        },
        {
            "index": 107,
            "bbox": [
                [
                    143,
                    1893
                ],
                [
                    143,
                    1914
                ],
                [
                    233,
                    1914
                ],
                [
                    233,
                    1893
                ]
            ],
            "text": "Dimension",
            "label": "B_Prop",
            "links": [
                [
                    68,
                    true
                ],
                [
                    128,
                    false
                ]
            ]
        },
        {
            "index": 108,
            "bbox": [
                [
                    235,
                    1893
                ],
                [
                    235,
                    1914
                ],
                [
                    243,
                    1914
                ],
                [
                    243,
                    1893
                ]
            ],
            "text": "-",
            "label": "I_Prop",
            "links": []
        },
        {
            "index": 109,
            "bbox": [
                [
                    245,
                    1893
                ],
                [
                    245,
                    1914
                ],
                [
                    300,
                    1914
                ],
                [
                    300,
                    1893
                ]
            ],
            "text": "length",
            "label": "I_Prop",
            "links": []
        },
        {
            "index": 110,
            "bbox": [
                [
                    303,
                    1893
                ],
                [
                    303,
                    1914
                ],
                [
                    346,
                    1914
                ],
                [
                    346,
                    1893
                ]
            ],
            "text": "[mm]",
            "label": "B_Unit",
            "links": [
                [
                    128,
                    false
                ]
            ]
        },
        {
            "index": 111,
            "bbox": [
                [
                    455,
                    1346
                ],
                [
                    455,
                    1366
                ],
                [
                    500,
                    1366
                ],
                [
                    500,
                    1346
                ]
            ],
            "text": "blue",
            "label": "B_Descri",
            "links": [
                [
                    115,
                    false
                ]
            ]
        },
        {
            "index": 112,
            "bbox": [
                [
                    503,
                    1346
                ],
                [
                    503,
                    1366
                ],
                [
                    543,
                    1366
                ],
                [
                    543,
                    1346
                ]
            ],
            "text": "line",
            "label": "I_Descri",
            "links": []
        },
        {
            "index": 113,
            "bbox": [
                [
                    545,
                    1346
                ],
                [
                    545,
                    1366
                ],
                [
                    578,
                    1366
                ],
                [
                    578,
                    1346
                ]
            ],
            "text": "PS",
            "label": "I_Descri",
            "links": []
        },
        {
            "index": 114,
            "bbox": [
                [
                    580,
                    1346
                ],
                [
                    580,
                    1366
                ],
                [
                    605,
                    1366
                ],
                [
                    605,
                    1346
                ]
            ],
            "text": "3\"",
            "label": "I_Descri",
            "links": []
        },
        {
            "index": 115,
            "bbox": [
                [
                    452,
                    1397
                ],
                [
                    452,
                    1414
                ],
                [
                    550,
                    1414
                ],
                [
                    550,
                    1397
                ]
            ],
            "text": "ZB00051083",
            "label": "B_Ref",
            "links": [
                [
                    116,
                    false
                ],
                [
                    117,
                    false
                ],
                [
                    120,
                    false
                ],
                [
                    121,
                    false
                ],
                [
                    122,
                    false
                ],
                [
                    123,
                    false
                ],
                [
                    124,
                    false
                ],
                [
                    125,
                    false
                ],
                [
                    127,
                    false
                ],
                [
                    128,
                    false
                ],
                [
                    155,
                    false
                ],
                [
                    156,
                    false
                ],
                [
                    157,
                    false
                ],
                [
                    158,
                    false
                ],
                [
                    111,
                    true
                ]
            ]
        },
        {
            "index": 116,
            "bbox": [
                [
                    452,
                    1465
                ],
                [
                    452,
                    1482
                ],
                [
                    479,
                    1482
                ],
                [
                    479,
                    1465
                ]
            ],
            "text": "70",
            "label": "B_Value",
            "links": [
                [
                    76,
                    true
                ],
                [
                    73,
                    true
                ],
                [
                    115,
                    true
                ]
            ]
        },
        {
            "index": 117,
            "bbox": [
                [
                    452,
                    1536
                ],
                [
                    452,
                    1557
                ],
                [
                    484,
                    1557
                ],
                [
                    484,
                    1536
                ]
            ],
            "text": "230",
            "label": "B_Value",
            "links": [
                [
                    82,
                    true
                ],
                [
                    79,
                    true
                ],
                [
                    115,
                    true
                ]
            ]
        },
        {
            "index": 118,
            "bbox": [
                [
                    486,
                    1536
                ],
                [
                    486,
                    1557
                ],
                [
                    494,
                    1557
                ],
                [
                    494,
                    1536
                ]
            ],
            "text": "/",
            "label": "I_Value",
            "links": []
        },
        {
            "index": 119,
            "bbox": [
                [
                    497,
                    1536
                ],
                [
                    497,
                    1557
                ],
                [
                    517,
                    1557
                ],
                [
                    517,
                    1536
                ]
            ],
            "text": "50",
            "label": "I_Value",
            "links": []
        },
        {
            "index": 120,
            "bbox": [
                [
                    452,
                    1577
                ],
                [
                    452,
                    1594
                ],
                [
                    486,
                    1594
                ],
                [
                    486,
                    1577
                ]
            ],
            "text": "550",
            "label": "B_Value",
            "links": [
                [
                    84,
                    true
                ],
                [
                    83,
                    true
                ],
                [
                    115,
                    true
                ]
            ]
        },
        {
            "index": 121,
            "bbox": [
                [
                    452,
                    1645
                ],
                [
                    452,
                    1662
                ],
                [
                    476,
                    1662
                ],
                [
                    476,
                    1645
                ]
            ],
            "text": "20",
            "label": "B_Value",
            "links": [
                [
                    89,
                    true
                ],
                [
                    86,
                    true
                ],
                [
                    115,
                    true
                ]
            ]
        },
        {
            "index": 122,
            "bbox": [
                [
                    452,
                    1683
                ],
                [
                    452,
                    1700
                ],
                [
                    489,
                    1700
                ],
                [
                    489,
                    1683
                ]
            ],
            "text": "0,15",
            "label": "B_Value",
            "links": [
                [
                    92,
                    true
                ],
                [
                    90,
                    true
                ],
                [
                    115,
                    true
                ]
            ]
        },
        {
            "index": 123,
            "bbox": [
                [
                    452,
                    1717
                ],
                [
                    452,
                    1734
                ],
                [
                    479,
                    1734
                ],
                [
                    479,
                    1717
                ]
            ],
            "text": "35",
            "label": "B_Value",
            "links": [
                [
                    96,
                    true
                ],
                [
                    93,
                    true
                ],
                [
                    115,
                    true
                ]
            ]
        },
        {
            "index": 124,
            "bbox": [
                [
                    452,
                    1754
                ],
                [
                    452,
                    1771
                ],
                [
                    479,
                    1771
                ],
                [
                    479,
                    1754
                ]
            ],
            "text": "20",
            "label": "B_Value",
            "links": [
                [
                    99,
                    true
                ],
                [
                    97,
                    true
                ],
                [
                    115,
                    true
                ]
            ]
        },
        {
            "index": 125,
            "bbox": [
                [
                    455,
                    1788
                ],
                [
                    455,
                    1805
                ],
                [
                    470,
                    1805
                ],
                [
                    470,
                    1788
                ]
            ],
            "text": "IP",
            "label": "B_Value",
            "links": [
                [
                    100,
                    true
                ],
                [
                    115,
                    true
                ]
            ]
        },
        {
            "index": 126,
            "bbox": [
                [
                    472,
                    1788
                ],
                [
                    472,
                    1805
                ],
                [
                    496,
                    1805
                ],
                [
                    496,
                    1788
                ]
            ],
            "text": "68",
            "label": "I_Value",
            "links": []
        },
        {
            "index": 127,
            "bbox": [
                [
                    452,
                    1860
                ],
                [
                    452,
                    1877
                ],
                [
                    479,
                    1877
                ],
                [
                    479,
                    1860
                ]
            ],
            "text": "20",
            "label": "B_Value",
            "links": [
                [
                    106,
                    true
                ],
                [
                    105,
                    true
                ],
                [
                    115,
                    true
                ]
            ]
        },
        {
            "index": 128,
            "bbox": [
                [
                    452,
                    1894
                ],
                [
                    452,
                    1914
                ],
                [
                    496,
                    1914
                ],
                [
                    496,
                    1894
                ]
            ],
            "text": "1135",
            "label": "B_Value",
            "links": [
                [
                    110,
                    true
                ],
                [
                    107,
                    true
                ],
                [
                    115,
                    true
                ]
            ]
        },
        {
            "index": 129,
            "bbox": [
                [
                    686,
                    1353
                ],
                [
                    686,
                    1390
                ],
                [
                    843,
                    1390
                ],
                [
                    843,
                    1353
                ]
            ],
            "text": "Hydraulic",
            "label": "B_Section",
            "links": []
        },
        {
            "index": 130,
            "bbox": [
                [
                    848,
                    1353
                ],
                [
                    848,
                    1390
                ],
                [
                    954,
                    1390
                ],
                [
                    954,
                    1353
                ]
            ],
            "text": "power",
            "label": "I_Section",
            "links": []
        },
        {
            "index": 131,
            "bbox": [
                [
                    959,
                    1353
                ],
                [
                    959,
                    1390
                ],
                [
                    1043,
                    1390
                ],
                [
                    1043,
                    1353
                ]
            ],
            "text": "curve",
            "label": "I_Section",
            "links": []
        },
        {
            "index": 132,
            "bbox": [
                [
                    686,
                    1475
                ],
                [
                    686,
                    1495
                ],
                [
                    713,
                    1495
                ],
                [
                    713,
                    1475
                ]
            ],
            "text": "[m]",
            "label": "Out",
            "links": []
        },
        {
            "index": 133,
            "bbox": [
                [
                    751,
                    1418
                ],
                [
                    751,
                    1435
                ],
                [
                    778,
                    1435
                ],
                [
                    778,
                    1418
                ]
            ],
            "text": "80",
            "label": "Out",
            "links": []
        },
        {
            "index": 134,
            "bbox": [
                [
                    751,
                    1458
                ],
                [
                    751,
                    1478
                ],
                [
                    778,
                    1478
                ],
                [
                    778,
                    1458
                ]
            ],
            "text": "70",
            "label": "Out",
            "links": []
        },
        {
            "index": 135,
            "bbox": [
                [
                    754,
                    1503
                ],
                [
                    754,
                    1520
                ],
                [
                    778,
                    1520
                ],
                [
                    778,
                    1503
                ]
            ],
            "text": "60",
            "label": "Out",
            "links": []
        },
        {
            "index": 136,
            "bbox": [
                [
                    751,
                    1543
                ],
                [
                    751,
                    1567
                ],
                [
                    778,
                    1567
                ],
                [
                    778,
                    1543
                ]
            ],
            "text": "50",
            "label": "Out",
            "links": []
        },
        {
            "index": 137,
            "bbox": [
                [
                    754,
                    1588
                ],
                [
                    754,
                    1608
                ],
                [
                    778,
                    1608
                ],
                [
                    778,
                    1588
                ]
            ],
            "text": "40",
            "label": "Out",
            "links": []
        },
        {
            "index": 138,
            "bbox": [
                [
                    751,
                    1632
                ],
                [
                    751,
                    1649
                ],
                [
                    778,
                    1649
                ],
                [
                    778,
                    1632
                ]
            ],
            "text": "30",
            "label": "Out",
            "links": []
        },
        {
            "index": 139,
            "bbox": [
                [
                    754,
                    1673
                ],
                [
                    754,
                    1693
                ],
                [
                    778,
                    1693
                ],
                [
                    778,
                    1673
                ]
            ],
            "text": "20",
            "label": "Out",
            "links": []
        },
        {
            "index": 140,
            "bbox": [
                [
                    754,
                    1717
                ],
                [
                    754,
                    1737
                ],
                [
                    778,
                    1737
                ],
                [
                    778,
                    1717
                ]
            ],
            "text": "10",
            "label": "Out",
            "links": []
        },
        {
            "index": 141,
            "bbox": [
                [
                    757,
                    1758
                ],
                [
                    757,
                    1782
                ],
                [
                    777,
                    1782
                ],
                [
                    777,
                    1758
                ]
            ],
            "text": "0",
            "label": "Out",
            "links": []
        },
        {
            "index": 142,
            "bbox": [
                [
                    907,
                    1781
                ],
                [
                    907,
                    1798
                ],
                [
                    931,
                    1798
                ],
                [
                    931,
                    1781
                ]
            ],
            "text": "17",
            "label": "Out",
            "links": []
        },
        {
            "index": 143,
            "bbox": [
                [
                    1029,
                    1778
                ],
                [
                    1029,
                    1798
                ],
                [
                    1060,
                    1798
                ],
                [
                    1060,
                    1778
                ]
            ],
            "text": "25",
            "label": "Out",
            "links": []
        },
        {
            "index": 144,
            "bbox": [
                [
                    1029,
                    1815
                ],
                [
                    1029,
                    1835
                ],
                [
                    1060,
                    1835
                ],
                [
                    1060,
                    1815
                ]
            ],
            "text": "1,5",
            "label": "Out",
            "links": []
        },
        {
            "index": 145,
            "bbox": [
                [
                    999,
                    1859
                ],
                [
                    999,
                    1876
                ],
                [
                    1046,
                    1876
                ],
                [
                    1046,
                    1859
                ]
            ],
            "text": "Flow",
            "label": "Out",
            "links": []
        },
        {
            "index": 146,
            "bbox": [
                [
                    1048,
                    1859
                ],
                [
                    1048,
                    1876
                ],
                [
                    1060,
                    1876
                ],
                [
                    1060,
                    1859
                ]
            ],
            "text": "Q",
            "label": "Out",
            "links": []
        },
        {
            "index": 147,
            "bbox": [
                [
                    1158,
                    1781
                ],
                [
                    1158,
                    1798
                ],
                [
                    1185,
                    1798
                ],
                [
                    1185,
                    1781
                ]
            ],
            "text": "33",
            "label": "Out",
            "links": []
        },
        {
            "index": 148,
            "bbox": [
                [
                    1162,
                    1812
                ],
                [
                    1162,
                    1836
                ],
                [
                    1179,
                    1836
                ],
                [
                    1179,
                    1812
                ]
            ],
            "text": "2",
            "label": "Out",
            "links": []
        },
        {
            "index": 149,
            "bbox": [
                [
                    1284,
                    1781
                ],
                [
                    1284,
                    1798
                ],
                [
                    1308,
                    1798
                ],
                [
                    1308,
                    1781
                ]
            ],
            "text": "41",
            "label": "Out",
            "links": []
        },
        {
            "index": 150,
            "bbox": [
                [
                    1284,
                    1815
                ],
                [
                    1284,
                    1835
                ],
                [
                    1315,
                    1835
                ],
                [
                    1315,
                    1815
                ]
            ],
            "text": "2,5",
            "label": "Out",
            "links": []
        },
        {
            "index": 151,
            "bbox": [
                [
                    1409,
                    1781
                ],
                [
                    1409,
                    1798
                ],
                [
                    1433,
                    1798
                ],
                [
                    1433,
                    1781
                ]
            ],
            "text": "50",
            "label": "Out",
            "links": []
        },
        {
            "index": 152,
            "bbox": [
                [
                    1450,
                    1781
                ],
                [
                    1450,
                    1801
                ],
                [
                    1498,
                    1801
                ],
                [
                    1498,
                    1781
                ]
            ],
            "text": "l/min",
            "label": "Out",
            "links": []
        },
        {
            "index": 153,
            "bbox": [
                [
                    1454,
                    1819
                ],
                [
                    1454,
                    1836
                ],
                [
                    1522,
                    1836
                ],
                [
                    1522,
                    1819
                ]
            ],
            "text": "m^3/hour",
            "label": "Out",
            "links": []
        },
        {
            "index": 154,
            "bbox": [
                [
                    136,
                    2094
                ],
                [
                    136,
                    2125
                ],
                [
                    435,
                    2125
                ],
                [
                    435,
                    2094
                ]
            ],
            "text": "www.pumpa.eu",
            "label": "Out",
            "links": []
        },
        {
            "index": 155,
            "bbox": [
                [
                    451,
                    1428
                ],
                [
                    451,
                    1449
                ],
                [
                    471,
                    1449
                ],
                [
                    471,
                    1428
                ]
            ],
            "text": "3",
            "label": "B_Value",
            "links": [
                [
                    72,
                    true
                ],
                [
                    70,
                    true
                ],
                [
                    115,
                    true
                ]
            ]
        },
        {
            "index": 156,
            "bbox": [
                [
                    452,
                    1496
                ],
                [
                    452,
                    1519
                ],
                [
                    473,
                    1519
                ],
                [
                    473,
                    1496
                ]
            ],
            "text": "3\"",
            "label": "B_Value",
            "links": [
                [
                    77,
                    true
                ],
                [
                    115,
                    true
                ]
            ]
        },
        {
            "index": 157,
            "bbox": [
                [
                    451,
                    1605
                ],
                [
                    451,
                    1630
                ],
                [
                    475,
                    1630
                ],
                [
                    475,
                    1605
                ]
            ],
            "text": "1\"",
            "label": "B_Value",
            "links": [
                [
                    85,
                    true
                ],
                [
                    115,
                    true
                ]
            ]
        },
        {
            "index": 158,
            "bbox": [
                [
                    452,
                    1820
                ],
                [
                    452,
                    1842
                ],
                [
                    470,
                    1842
                ],
                [
                    470,
                    1820
                ]
            ],
            "text": "B",
            "label": "B_Value",
            "links": [
                [
                    103,
                    true
                ],
                [
                    115,
                    true
                ]
            ]
        }
    ]
}