{
    "datasheet": [
        {
            "index": 0,
            "bbox": [
                [
                    180,
                    127
                ],
                [
                    180,
                    241
                ],
                [
                    602,
                    241
                ],
                [
                    602,
                    127
                ]
            ],
            "text": "pumpa®",
            "label": "Out"
        },
        {
            "index": 1,
            "bbox": [
                [
                    183,
                    299
                ],
                [
                    183,
                    367
                ],
                [
                    378,
                    367
                ],
                [
                    378,
                    299
                ]
            ],
            "text": "blue",
            "label": "Out"
        },
        {
            "index": 2,
            "bbox": [
                [
                    387,
                    299
                ],
                [
                    387,
                    367
                ],
                [
                    550,
                    367
                ],
                [
                    550,
                    299
                ]
            ],
            "text": "line",
            "label": "Out"
        },
        {
            "index": 3,
            "bbox": [
                [
                    706,
                    180
                ],
                [
                    706,
                    218
                ],
                [
                    829,
                    218
                ],
                [
                    829,
                    180
                ]
            ],
            "text": "PUMPA",
            "label": "Out"
        },
        {
            "index": 4,
            "bbox": [
                [
                    834,
                    180
                ],
                [
                    834,
                    218
                ],
                [
                    915,
                    218
                ],
                [
                    915,
                    180
                ]
            ],
            "text": "BLUE",
            "label": "Out"
        },
        {
            "index": 5,
            "bbox": [
                [
                    920,
                    180
                ],
                [
                    920,
                    218
                ],
                [
                    996,
                    218
                ],
                [
                    996,
                    180
                ]
            ],
            "text": "LINE",
            "label": "Out"
        },
        {
            "index": 6,
            "bbox": [
                [
                    1001,
                    180
                ],
                [
                    1001,
                    218
                ],
                [
                    1262,
                    218
                ],
                [
                    1262,
                    180
                ]
            ],
            "text": "4PCSM1100P-G,",
            "label": "Out"
        },
        {
            "index": 7,
            "bbox": [
                [
                    1266,
                    180
                ],
                [
                    1266,
                    218
                ],
                [
                    1514,
                    218
                ],
                [
                    1514,
                    180
                ]
            ],
            "text": "5PCSM1300P",
            "label": "Out"
        },
        {
            "index": 8,
            "bbox": [
                [
                    1267,
                    180
                ],
                [
                    1267,
                    218
                ],
                [
                    1515,
                    218
                ],
                [
                    1515,
                    180
                ]
            ],
            "text": "-G",
            "label": "Out"
        },
        {
            "index": 9,
            "bbox": [
                [
                    132,
                    472
                ],
                [
                    132,
                    548
                ],
                [
                    447,
                    548
                ],
                [
                    447,
                    472
                ]
            ],
            "text": "self-priming",
            "label": "Out"
        },
        {
            "index": 10,
            "bbox": [
                [
                    456,
                    472
                ],
                [
                    456,
                    547
                ],
                [
                    615,
                    547
                ],
                [
                    615,
                    472
                ]
            ],
            "text": "pump",
            "label": "Out"
        },
        {
            "index": 11,
            "bbox": [
                [
                    132,
                    588
                ],
                [
                    132,
                    684
                ],
                [
                    336,
                    684
                ],
                [
                    336,
                    588
                ]
            ],
            "text": "BLUE",
            "label": "Out"
        },
        {
            "index": 12,
            "bbox": [
                [
                    348,
                    588
                ],
                [
                    348,
                    684
                ],
                [
                    540,
                    684
                ],
                [
                    540,
                    588
                ]
            ],
            "text": "LINE",
            "label": "Out"
        },
        {
            "index": 13,
            "bbox": [
                [
                    552,
                    588
                ],
                [
                    552,
                    684
                ],
                [
                    840,
                    684
                ],
                [
                    840,
                    588
                ]
            ],
            "text": "4PCSM",
            "label": "Out"
        },
        {
            "index": 14,
            "bbox": [
                [
                    852,
                    588
                ],
                [
                    852,
                    684
                ],
                [
                    1206,
                    684
                ],
                [
                    1206,
                    588
                ]
            ],
            "text": "1100P-G,",
            "label": "Out"
        },
        {
            "index": 15,
            "bbox": [
                [
                    129,
                    683
                ],
                [
                    129,
                    748
                ],
                [
                    417,
                    748
                ],
                [
                    417,
                    683
                ]
            ],
            "text": "5PCSM",
            "label": "Out"
        },
        {
            "index": 16,
            "bbox": [
                [
                    425,
                    683
                ],
                [
                    425,
                    748
                ],
                [
                    761,
                    748
                ],
                [
                    761,
                    683
                ]
            ],
            "text": "1300P-G",
            "label": "Out"
        },
        {
            "index": 17,
            "bbox": [
                [
                    132,
                    802
                ],
                [
                    132,
                    839
                ],
                [
                    321,
                    839
                ],
                [
                    321,
                    802
                ]
            ],
            "text": "Self-priming",
            "label": "Out"
        },
        {
            "index": 18,
            "bbox": [
                [
                    326,
                    803
                ],
                [
                    326,
                    840
                ],
                [
                    409,
                    840
                ],
                [
                    409,
                    803
                ]
            ],
            "text": "pump",
            "label": "Out"
        },
        {
            "index": 19,
            "bbox": [
                [
                    414,
                    803
                ],
                [
                    414,
                    840
                ],
                [
                    483,
                    840
                ],
                [
                    483,
                    803
                ]
            ],
            "text": "with",
            "label": "Out"
        },
        {
            "index": 20,
            "bbox": [
                [
                    488,
                    803
                ],
                [
                    488,
                    840
                ],
                [
                    506,
                    840
                ],
                [
                    506,
                    803
                ]
            ],
            "text": "a",
            "label": "Out"
        },
        {
            "index": 21,
            "bbox": [
                [
                    511,
                    803
                ],
                [
                    511,
                    840
                ],
                [
                    576,
                    840
                ],
                [
                    576,
                    803
                ]
            ],
            "text": "very",
            "label": "Out"
        },
        {
            "index": 22,
            "bbox": [
                [
                    581,
                    802
                ],
                [
                    581,
                    839
                ],
                [
                    649,
                    839
                ],
                [
                    649,
                    802
                ]
            ],
            "text": "high",
            "label": "Out"
        },
        {
            "index": 23,
            "bbox": [
                [
                    129,
                    840
                ],
                [
                    129,
                    877
                ],
                [
                    272,
                    877
                ],
                [
                    272,
                    840
                ]
            ],
            "text": "hydraulic",
            "label": "Out"
        },
        {
            "index": 24,
            "bbox": [
                [
                    277,
                    840
                ],
                [
                    277,
                    877
                ],
                [
                    388,
                    877
                ],
                [
                    388,
                    840
                ]
            ],
            "text": "output.",
            "label": "Out"
        },
        {
            "index": 25,
            "bbox": [
                [
                    393,
                    840
                ],
                [
                    393,
                    877
                ],
                [
                    462,
                    877
                ],
                [
                    462,
                    840
                ]
            ],
            "text": "Able",
            "label": "Out"
        },
        {
            "index": 26,
            "bbox": [
                [
                    467,
                    840
                ],
                [
                    467,
                    877
                ],
                [
                    499,
                    877
                ],
                [
                    499,
                    840
                ]
            ],
            "text": "to",
            "label": "Out"
        },
        {
            "index": 27,
            "bbox": [
                [
                    504,
                    840
                ],
                [
                    504,
                    877
                ],
                [
                    578,
                    877
                ],
                [
                    578,
                    840
                ]
            ],
            "text": "draw",
            "label": "Out"
        },
        {
            "index": 28,
            "bbox": [
                [
                    582,
                    840
                ],
                [
                    582,
                    877
                ],
                [
                    669,
                    877
                ],
                [
                    669,
                    840
                ]
            ],
            "text": "water",
            "label": "Out"
        },
        {
            "index": 29,
            "bbox": [
                [
                    132,
                    881
                ],
                [
                    132,
                    918
                ],
                [
                    210,
                    918
                ],
                [
                    210,
                    881
                ]
            ],
            "text": "from",
            "label": "Out"
        },
        {
            "index": 30,
            "bbox": [
                [
                    215,
                    881
                ],
                [
                    215,
                    918
                ],
                [
                    234,
                    918
                ],
                [
                    234,
                    881
                ]
            ],
            "text": "a",
            "label": "Out"
        },
        {
            "index": 31,
            "bbox": [
                [
                    238,
                    881
                ],
                [
                    238,
                    918
                ],
                [
                    326,
                    918
                ],
                [
                    326,
                    881
                ]
            ],
            "text": "depth",
            "label": "Out"
        },
        {
            "index": 32,
            "bbox": [
                [
                    331,
                    881
                ],
                [
                    331,
                    918
                ],
                [
                    363,
                    918
                ],
                [
                    363,
                    881
                ]
            ],
            "text": "of",
            "label": "Out"
        },
        {
            "index": 33,
            "bbox": [
                [
                    368,
                    881
                ],
                [
                    368,
                    918
                ],
                [
                    405,
                    918
                ],
                [
                    405,
                    881
                ]
            ],
            "text": "up",
            "label": "Out"
        },
        {
            "index": 34,
            "bbox": [
                [
                    410,
                    881
                ],
                [
                    410,
                    918
                ],
                [
                    447,
                    918
                ],
                [
                    447,
                    881
                ]
            ],
            "text": "to",
            "label": "Out"
        },
        {
            "index": 35,
            "bbox": [
                [
                    451,
                    881
                ],
                [
                    451,
                    918
                ],
                [
                    469,
                    918
                ],
                [
                    469,
                    881
                ]
            ],
            "text": "8",
            "label": "Out"
        },
        {
            "index": 36,
            "bbox": [
                [
                    474,
                    881
                ],
                [
                    474,
                    918
                ],
                [
                    594,
                    918
                ],
                [
                    594,
                    881
                ]
            ],
            "text": "meters.",
            "label": "Out"
        },
        {
            "index": 37,
            "bbox": [
                [
                    599,
                    881
                ],
                [
                    599,
                    918
                ],
                [
                    720,
                    918
                ],
                [
                    720,
                    881
                ]
            ],
            "text": "Suitable",
            "label": "Out"
        },
        {
            "index": 38,
            "bbox": [
                [
                    129,
                    918
                ],
                [
                    129,
                    959
                ],
                [
                    180,
                    959
                ],
                [
                    180,
                    918
                ]
            ],
            "text": "for",
            "label": "Out"
        },
        {
            "index": 39,
            "bbox": [
                [
                    185,
                    918
                ],
                [
                    185,
                    959
                ],
                [
                    267,
                    959
                ],
                [
                    267,
                    918
                ]
            ],
            "text": "water",
            "label": "Out"
        },
        {
            "index": 40,
            "bbox": [
                [
                    273,
                    918
                ],
                [
                    273,
                    959
                ],
                [
                    406,
                    959
                ],
                [
                    406,
                    918
                ]
            ],
            "text": "pumping",
            "label": "Out"
        },
        {
            "index": 41,
            "bbox": [
                [
                    411,
                    918
                ],
                [
                    411,
                    959
                ],
                [
                    467,
                    959
                ],
                [
                    467,
                    918
                ]
            ],
            "text": "and",
            "label": "Out"
        },
        {
            "index": 42,
            "bbox": [
                [
                    472,
                    918
                ],
                [
                    472,
                    959
                ],
                [
                    641,
                    959
                ],
                [
                    641,
                    918
                ]
            ],
            "text": "distribution",
            "label": "Out"
        },
        {
            "index": 43,
            "bbox": [
                [
                    647,
                    918
                ],
                [
                    647,
                    959
                ],
                [
                    680,
                    959
                ],
                [
                    680,
                    918
                ]
            ],
            "text": "in",
            "label": "Out"
        },
        {
            "index": 44,
            "bbox": [
                [
                    132,
                    959
                ],
                [
                    132,
                    993
                ],
                [
                    276,
                    993
                ],
                [
                    276,
                    959
                ]
            ],
            "text": "domestic",
            "label": "Out"
        },
        {
            "index": 45,
            "bbox": [
                [
                    281,
                    959
                ],
                [
                    281,
                    993
                ],
                [
                    464,
                    993
                ],
                [
                    464,
                    959
                ]
            ],
            "text": "installations",
            "label": "Out"
        },
        {
            "index": 46,
            "bbox": [
                [
                    468,
                    959
                ],
                [
                    468,
                    993
                ],
                [
                    532,
                    993
                ],
                [
                    532,
                    959
                ]
            ],
            "text": "with",
            "label": "Out"
        },
        {
            "index": 47,
            "bbox": [
                [
                    536,
                    959
                ],
                [
                    536,
                    993
                ],
                [
                    621,
                    993
                ],
                [
                    621,
                    959
                ]
            ],
            "text": "small",
            "label": "Out"
        },
        {
            "index": 48,
            "bbox": [
                [
                    625,
                    959
                ],
                [
                    625,
                    993
                ],
                [
                    679,
                    993
                ],
                [
                    679,
                    959
                ]
            ],
            "text": "and",
            "label": "Out"
        },
        {
            "index": 49,
            "bbox": [
                [
                    132,
                    1000
                ],
                [
                    132,
                    1034
                ],
                [
                    259,
                    1034
                ],
                [
                    259,
                    1000
                ]
            ],
            "text": "medium",
            "label": "Out"
        },
        {
            "index": 50,
            "bbox": [
                [
                    264,
                    1000
                ],
                [
                    264,
                    1034
                ],
                [
                    396,
                    1034
                ],
                [
                    396,
                    1000
                ]
            ],
            "text": "pressure",
            "label": "Out"
        },
        {
            "index": 51,
            "bbox": [
                [
                    400,
                    1000
                ],
                [
                    400,
                    1034
                ],
                [
                    523,
                    1034
                ],
                [
                    523,
                    1000
                ]
            ],
            "text": "vessels.",
            "label": "Out"
        },
        {
            "index": 52,
            "bbox": [
                [
                    1348,
                    983
                ],
                [
                    1348,
                    1003
                ],
                [
                    1375,
                    1003
                ],
                [
                    1375,
                    983
                ]
            ],
            "text": "DO",
            "label": "Out"
        },
        {
            "index": 53,
            "bbox": [
                [
                    1378,
                    983
                ],
                [
                    1378,
                    1003
                ],
                [
                    1405,
                    1003
                ],
                [
                    1405,
                    983
                ]
            ],
            "text": "IPXA",
            "label": "Out"
        },
        {
            "index": 54,
            "bbox": [
                [
                    1408,
                    983
                ],
                [
                    1408,
                    1003
                ],
                [
                    1426,
                    1003
                ],
                [
                    1426,
                    983
                ]
            ],
            "text": "CE",
            "label": "Out"
        },
        {
            "index": 55,
            "bbox": [
                [
                    1428,
                    983
                ],
                [
                    1428,
                    1003
                ],
                [
                    1440,
                    1003
                ],
                [
                    1440,
                    983
                ]
            ],
            "text": "3",
            "label": "Out"
        },
        {
            "index": 56,
            "bbox": [
                [
                    132,
                    1145
                ],
                [
                    132,
                    1183
                ],
                [
                    312,
                    1183
                ],
                [
                    312,
                    1145
                ]
            ],
            "text": "Application",
            "label": "Out"
        },
        {
            "index": 57,
            "bbox": [
                [
                    129,
                    1189
                ],
                [
                    129,
                    1213
                ],
                [
                    153,
                    1213
                ],
                [
                    153,
                    1189
                ]
            ],
            "text": "•",
            "label": "Out"
        },
        {
            "index": 58,
            "bbox": [
                [
                    156,
                    1189
                ],
                [
                    156,
                    1213
                ],
                [
                    216,
                    1213
                ],
                [
                    216,
                    1189
                ]
            ],
            "text": "Home",
            "label": "Out"
        },
        {
            "index": 59,
            "bbox": [
                [
                    219,
                    1189
                ],
                [
                    219,
                    1213
                ],
                [
                    279,
                    1213
                ],
                [
                    279,
                    1189
                ]
            ],
            "text": "water",
            "label": "Out"
        },
        {
            "index": 60,
            "bbox": [
                [
                    282,
                    1189
                ],
                [
                    282,
                    1213
                ],
                [
                    350,
                    1213
                ],
                [
                    350,
                    1189
                ]
            ],
            "text": "supply",
            "label": "Out"
        },
        {
            "index": 61,
            "bbox": [
                [
                    132,
                    1231
                ],
                [
                    132,
                    1255
                ],
                [
                    149,
                    1255
                ],
                [
                    149,
                    1231
                ]
            ],
            "text": "•",
            "label": "Out"
        },
        {
            "index": 62,
            "bbox": [
                [
                    153,
                    1231
                ],
                [
                    153,
                    1255
                ],
                [
                    248,
                    1255
                ],
                [
                    248,
                    1231
                ]
            ],
            "text": "Irrigation",
            "label": "Out"
        },
        {
            "index": 63,
            "bbox": [
                [
                    132,
                    1268
                ],
                [
                    132,
                    1295
                ],
                [
                    152,
                    1295
                ],
                [
                    152,
                    1268
                ]
            ],
            "text": "•",
            "label": "Out"
        },
        {
            "index": 64,
            "bbox": [
                [
                    156,
                    1268
                ],
                [
                    156,
                    1295
                ],
                [
                    200,
                    1295
                ],
                [
                    200,
                    1268
                ]
            ],
            "text": "Also",
            "label": "Out"
        },
        {
            "index": 65,
            "bbox": [
                [
                    203,
                    1268
                ],
                [
                    203,
                    1295
                ],
                [
                    281,
                    1295
                ],
                [
                    281,
                    1268
                ]
            ],
            "text": "suitable",
            "label": "Out"
        },
        {
            "index": 66,
            "bbox": [
                [
                    284,
                    1268
                ],
                [
                    284,
                    1295
                ],
                [
                    314,
                    1295
                ],
                [
                    314,
                    1268
                ]
            ],
            "text": "for",
            "label": "Out"
        },
        {
            "index": 67,
            "bbox": [
                [
                    318,
                    1268
                ],
                [
                    318,
                    1295
                ],
                [
                    406,
                    1295
                ],
                [
                    406,
                    1268
                ]
            ],
            "text": "pressure",
            "label": "Out"
        },
        {
            "index": 68,
            "bbox": [
                [
                    409,
                    1268
                ],
                [
                    409,
                    1295
                ],
                [
                    483,
                    1295
                ],
                [
                    483,
                    1268
                ]
            ],
            "text": "vessels",
            "label": "Out"
        },
        {
            "index": 69,
            "bbox": [
                [
                    486,
                    1268
                ],
                [
                    486,
                    1295
                ],
                [
                    506,
                    1295
                ],
                [
                    506,
                    1268
                ]
            ],
            "text": "to",
            "label": "Out"
        },
        {
            "index": 70,
            "bbox": [
                [
                    510,
                    1268
                ],
                [
                    510,
                    1295
                ],
                [
                    537,
                    1295
                ],
                [
                    537,
                    1268
                ]
            ],
            "text": "be",
            "label": "Out"
        },
        {
            "index": 71,
            "bbox": [
                [
                    540,
                    1268
                ],
                [
                    540,
                    1295
                ],
                [
                    591,
                    1295
                ],
                [
                    591,
                    1268
                ]
            ],
            "text": "used",
            "label": "Out"
        },
        {
            "index": 72,
            "bbox": [
                [
                    594,
                    1268
                ],
                [
                    594,
                    1295
                ],
                [
                    618,
                    1295
                ],
                [
                    618,
                    1268
                ]
            ],
            "text": "as",
            "label": "Out"
        },
        {
            "index": 73,
            "bbox": [
                [
                    621,
                    1268
                ],
                [
                    621,
                    1295
                ],
                [
                    634,
                    1295
                ],
                [
                    634,
                    1268
                ]
            ],
            "text": "a",
            "label": "Out"
        },
        {
            "index": 74,
            "bbox": [
                [
                    638,
                    1268
                ],
                [
                    638,
                    1295
                ],
                [
                    722,
                    1295
                ],
                [
                    722,
                    1268
                ]
            ],
            "text": "pressure",
            "label": "Out"
        },
        {
            "index": 75,
            "bbox": [
                [
                    726,
                    1268
                ],
                [
                    726,
                    1295
                ],
                [
                    804,
                    1295
                ],
                [
                    804,
                    1268
                ]
            ],
            "text": "booster",
            "label": "Out"
        },
        {
            "index": 76,
            "bbox": [
                [
                    807,
                    1268
                ],
                [
                    807,
                    1295
                ],
                [
                    866,
                    1295
                ],
                [
                    866,
                    1268
                ]
            ],
            "text": "pump",
            "label": "Out"
        },
        {
            "index": 77,
            "bbox": [
                [
                    143,
                    1377
                ],
                [
                    143,
                    1397
                ],
                [
                    211,
                    1397
                ],
                [
                    211,
                    1377
                ]
            ],
            "text": "Model",
            "label": "Out"
        },
        {
            "index": 78,
            "bbox": [
                [
                    459,
                    1363
                ],
                [
                    459,
                    1383
                ],
                [
                    504,
                    1383
                ],
                [
                    504,
                    1363
                ]
            ],
            "text": "blue",
            "label": "Out"
        },
        {
            "index": 79,
            "bbox": [
                [
                    507,
                    1363
                ],
                [
                    507,
                    1383
                ],
                [
                    547,
                    1383
                ],
                [
                    547,
                    1363
                ]
            ],
            "text": "line",
            "label": "Out"
        },
        {
            "index": 80,
            "bbox": [
                [
                    459,
                    1390
                ],
                [
                    459,
                    1410
                ],
                [
                    625,
                    1410
                ],
                [
                    625,
                    1390
                ]
            ],
            "text": "4PCSM1100P-G",
            "label": "Out"
        },
        {
            "index": 81,
            "bbox": [
                [
                    645,
                    1363
                ],
                [
                    645,
                    1384
                ],
                [
                    693,
                    1384
                ],
                [
                    693,
                    1363
                ]
            ],
            "text": "blue",
            "label": "Out"
        },
        {
            "index": 82,
            "bbox": [
                [
                    695,
                    1363
                ],
                [
                    695,
                    1384
                ],
                [
                    737,
                    1384
                ],
                [
                    737,
                    1363
                ]
            ],
            "text": "line",
            "label": "Out"
        },
        {
            "index": 83,
            "bbox": [
                [
                    645,
                    1390
                ],
                [
                    645,
                    1410
                ],
                [
                    818,
                    1410
                ],
                [
                    818,
                    1390
                ]
            ],
            "text": "5PCSM1300P-G",
            "label": "Out"
        },
        {
            "index": 84,
            "bbox": [
                [
                    143,
                    1441
                ],
                [
                    143,
                    1458
                ],
                [
                    191,
                    1458
                ],
                [
                    191,
                    1441
                ]
            ],
            "text": "Code",
            "label": "Out"
        },
        {
            "index": 85,
            "bbox": [
                [
                    143,
                    1472
                ],
                [
                    143,
                    1492
                ],
                [
                    226,
                    1492
                ],
                [
                    226,
                    1472
                ]
            ],
            "text": "Maximum",
            "label": "Out"
        },
        {
            "index": 86,
            "bbox": [
                [
                    228,
                    1472
                ],
                [
                    228,
                    1492
                ],
                [
                    265,
                    1492
                ],
                [
                    265,
                    1472
                ]
            ],
            "text": "flow",
            "label": "Out"
        },
        {
            "index": 87,
            "bbox": [
                [
                    268,
                    1472
                ],
                [
                    268,
                    1492
                ],
                [
                    343,
                    1492
                ],
                [
                    343,
                    1472
                ]
            ],
            "text": "[m3/hod]",
            "label": "Out"
        },
        {
            "index": 88,
            "bbox": [
                [
                    143,
                    1509
                ],
                [
                    143,
                    1526
                ],
                [
                    228,
                    1526
                ],
                [
                    228,
                    1509
                ]
            ],
            "text": "Maximum",
            "label": "Out"
        },
        {
            "index": 89,
            "bbox": [
                [
                    230,
                    1509
                ],
                [
                    230,
                    1526
                ],
                [
                    311,
                    1526
                ],
                [
                    311,
                    1509
                ]
            ],
            "text": "discharge",
            "label": "Out"
        },
        {
            "index": 90,
            "bbox": [
                [
                    313,
                    1509
                ],
                [
                    313,
                    1526
                ],
                [
                    358,
                    1526
                ],
                [
                    358,
                    1509
                ]
            ],
            "text": "head",
            "label": "Out"
        },
        {
            "index": 91,
            "bbox": [
                [
                    360,
                    1509
                ],
                [
                    360,
                    1526
                ],
                [
                    387,
                    1526
                ],
                [
                    387,
                    1509
                ]
            ],
            "text": "[m]",
            "label": "Out"
        },
        {
            "index": 92,
            "bbox": [
                [
                    143,
                    1543
                ],
                [
                    143,
                    1564
                ],
                [
                    227,
                    1564
                ],
                [
                    227,
                    1543
                ]
            ],
            "text": "Maximum",
            "label": "Out"
        },
        {
            "index": 93,
            "bbox": [
                [
                    230,
                    1543
                ],
                [
                    230,
                    1564
                ],
                [
                    290,
                    1564
                ],
                [
                    290,
                    1543
                ]
            ],
            "text": "suction",
            "label": "Out"
        },
        {
            "index": 94,
            "bbox": [
                [
                    293,
                    1543
                ],
                [
                    293,
                    1564
                ],
                [
                    348,
                    1564
                ],
                [
                    348,
                    1543
                ]
            ],
            "text": "height",
            "label": "Out"
        },
        {
            "index": 95,
            "bbox": [
                [
                    350,
                    1543
                ],
                [
                    350,
                    1564
                ],
                [
                    380,
                    1564
                ],
                [
                    380,
                    1543
                ]
            ],
            "text": "[m]",
            "label": "Out"
        },
        {
            "index": 96,
            "bbox": [
                [
                    139,
                    1581
                ],
                [
                    139,
                    1601
                ],
                [
                    209,
                    1601
                ],
                [
                    209,
                    1581
                ]
            ],
            "text": "Voltage",
            "label": "Out"
        },
        {
            "index": 97,
            "bbox": [
                [
                    211,
                    1581
                ],
                [
                    211,
                    1601
                ],
                [
                    219,
                    1601
                ],
                [
                    219,
                    1581
                ]
            ],
            "text": "/",
            "label": "Out"
        },
        {
            "index": 98,
            "bbox": [
                [
                    222,
                    1581
                ],
                [
                    222,
                    1601
                ],
                [
                    307,
                    1601
                ],
                [
                    307,
                    1581
                ]
            ],
            "text": "frequency",
            "label": "Out"
        },
        {
            "index": 99,
            "bbox": [
                [
                    309,
                    1581
                ],
                [
                    309,
                    1601
                ],
                [
                    360,
                    1601
                ],
                [
                    360,
                    1581
                ]
            ],
            "text": "[V/Hz]",
            "label": "Out"
        },
        {
            "index": 100,
            "bbox": [
                [
                    143,
                    1618
                ],
                [
                    143,
                    1638
                ],
                [
                    198,
                    1638
                ],
                [
                    198,
                    1618
                ]
            ],
            "text": "Power",
            "label": "Out"
        },
        {
            "index": 101,
            "bbox": [
                [
                    201,
                    1618
                ],
                [
                    201,
                    1638
                ],
                [
                    231,
                    1638
                ],
                [
                    231,
                    1618
                ]
            ],
            "text": "[W]",
            "label": "Out"
        },
        {
            "index": 102,
            "bbox": [
                [
                    143,
                    1652
                ],
                [
                    143,
                    1672
                ],
                [
                    208,
                    1672
                ],
                [
                    208,
                    1652
                ]
            ],
            "text": "Suction",
            "label": "Out"
        },
        {
            "index": 103,
            "bbox": [
                [
                    210,
                    1652
                ],
                [
                    210,
                    1672
                ],
                [
                    220,
                    1672
                ],
                [
                    220,
                    1652
                ]
            ],
            "text": "x",
            "label": "Out"
        },
        {
            "index": 104,
            "bbox": [
                [
                    223,
                    1652
                ],
                [
                    223,
                    1672
                ],
                [
                    306,
                    1672
                ],
                [
                    306,
                    1652
                ]
            ],
            "text": "discharge",
            "label": "Out"
        },
        {
            "index": 105,
            "bbox": [
                [
                    308,
                    1652
                ],
                [
                    308,
                    1672
                ],
                [
                    350,
                    1672
                ],
                [
                    350,
                    1652
                ]
            ],
            "text": "neck",
            "label": "Out"
        },
        {
            "index": 106,
            "bbox": [
                [
                    143,
                    1689
                ],
                [
                    143,
                    1710
                ],
                [
                    227,
                    1710
                ],
                [
                    227,
                    1689
                ]
            ],
            "text": "Maximum",
            "label": "Out"
        },
        {
            "index": 107,
            "bbox": [
                [
                    230,
                    1689
                ],
                [
                    230,
                    1710
                ],
                [
                    267,
                    1710
                ],
                [
                    267,
                    1689
                ]
            ],
            "text": "fluid",
            "label": "Out"
        },
        {
            "index": 108,
            "bbox": [
                [
                    269,
                    1689
                ],
                [
                    269,
                    1710
                ],
                [
                    371,
                    1710
                ],
                [
                    371,
                    1689
                ]
            ],
            "text": "temperature",
            "label": "Out"
        },
        {
            "index": 109,
            "bbox": [
                [
                    374,
                    1689
                ],
                [
                    374,
                    1710
                ],
                [
                    404,
                    1710
                ],
                [
                    404,
                    1689
                ]
            ],
            "text": "[°C]",
            "label": "Out"
        },
        {
            "index": 110,
            "bbox": [
                [
                    143,
                    1723
                ],
                [
                    143,
                    1744
                ],
                [
                    227,
                    1744
                ],
                [
                    227,
                    1723
                ]
            ],
            "text": "Maximum",
            "label": "Out"
        },
        {
            "index": 111,
            "bbox": [
                [
                    230,
                    1723
                ],
                [
                    230,
                    1744
                ],
                [
                    298,
                    1744
                ],
                [
                    298,
                    1723
                ]
            ],
            "text": "ambient",
            "label": "Out"
        },
        {
            "index": 112,
            "bbox": [
                [
                    301,
                    1723
                ],
                [
                    301,
                    1744
                ],
                [
                    401,
                    1744
                ],
                [
                    401,
                    1723
                ]
            ],
            "text": "temperature",
            "label": "Out"
        },
        {
            "index": 113,
            "bbox": [
                [
                    403,
                    1723
                ],
                [
                    403,
                    1744
                ],
                [
                    453,
                    1744
                ],
                [
                    453,
                    1723
                ]
            ],
            "text": "[°C]",
            "label": "Out"
        },
        {
            "index": 114,
            "bbox": [
                [
                    455,
                    1723
                ],
                [
                    455,
                    1744
                ],
                [
                    479,
                    1744
                ],
                [
                    479,
                    1723
                ]
            ],
            "text": "35",
            "label": "Out"
        },
        {
            "index": 115,
            "bbox": [
                [
                    139,
                    1761
                ],
                [
                    139,
                    1778
                ],
                [
                    192,
                    1778
                ],
                [
                    192,
                    1761
                ]
            ],
            "text": "Cable",
            "label": "Out"
        },
        {
            "index": 116,
            "bbox": [
                [
                    194,
                    1761
                ],
                [
                    194,
                    1778
                ],
                [
                    249,
                    1778
                ],
                [
                    249,
                    1761
                ]
            ],
            "text": "length",
            "label": "Out"
        },
        {
            "index": 117,
            "bbox": [
                [
                    252,
                    1761
                ],
                [
                    252,
                    1778
                ],
                [
                    279,
                    1778
                ],
                [
                    279,
                    1761
                ]
            ],
            "text": "m]",
            "label": "Out"
        },
        {
            "index": 118,
            "bbox": [
                [
                    455,
                    1441
                ],
                [
                    455,
                    1458
                ],
                [
                    553,
                    1458
                ],
                [
                    553,
                    1441
                ]
            ],
            "text": "ZB00001237",
            "label": "Out"
        },
        {
            "index": 119,
            "bbox": [
                [
                    455,
                    1472
                ],
                [
                    455,
                    1492
                ],
                [
                    486,
                    1492
                ],
                [
                    486,
                    1472
                ]
            ],
            "text": "5,4",
            "label": "Out"
        },
        {
            "index": 120,
            "bbox": [
                [
                    455,
                    1509
                ],
                [
                    455,
                    1526
                ],
                [
                    479,
                    1526
                ],
                [
                    479,
                    1509
                ]
            ],
            "text": "48",
            "label": "Out"
        },
        {
            "index": 121,
            "bbox": [
                [
                    645,
                    1441
                ],
                [
                    645,
                    1458
                ],
                [
                    740,
                    1458
                ],
                [
                    740,
                    1441
                ]
            ],
            "text": "ZB00001238",
            "label": "Out"
        },
        {
            "index": 122,
            "bbox": [
                [
                    645,
                    1472
                ],
                [
                    645,
                    1492
                ],
                [
                    672,
                    1492
                ],
                [
                    672,
                    1472
                ]
            ],
            "text": "5,4",
            "label": "Out"
        },
        {
            "index": 123,
            "bbox": [
                [
                    645,
                    1509
                ],
                [
                    645,
                    1526
                ],
                [
                    669,
                    1526
                ],
                [
                    669,
                    1509
                ]
            ],
            "text": "55",
            "label": "Out"
        },
        {
            "index": 124,
            "bbox": [
                [
                    846,
                    1523
                ],
                [
                    846,
                    1540
                ],
                [
                    866,
                    1540
                ],
                [
                    866,
                    1523
                ]
            ],
            "text": "m",
            "label": "B_Unit"
        },
        {
            "index": 125,
            "bbox": [
                [
                    458,
                    1581
                ],
                [
                    458,
                    1602
                ],
                [
                    486,
                    1602
                ],
                [
                    486,
                    1581
                ]
            ],
            "text": "230",
            "label": "Out"
        },
        {
            "index": 126,
            "bbox": [
                [
                    488,
                    1581
                ],
                [
                    488,
                    1601
                ],
                [
                    496,
                    1601
                ],
                [
                    496,
                    1581
                ]
            ],
            "text": "/",
            "label": "Out"
        },
        {
            "index": 127,
            "bbox": [
                [
                    498,
                    1580
                ],
                [
                    498,
                    1601
                ],
                [
                    519,
                    1601
                ],
                [
                    519,
                    1580
                ]
            ],
            "text": "50",
            "label": "Out"
        },
        {
            "index": 128,
            "bbox": [
                [
                    459,
                    1618
                ],
                [
                    459,
                    1635
                ],
                [
                    500,
                    1635
                ],
                [
                    500,
                    1618
                ]
            ],
            "text": "1100",
            "label": "Out"
        },
        {
            "index": 129,
            "bbox": [
                [
                    459,
                    1652
                ],
                [
                    459,
                    1672
                ],
                [
                    474,
                    1672
                ],
                [
                    474,
                    1652
                ]
            ],
            "text": "1\"",
            "label": "Out"
        },
        {
            "index": 130,
            "bbox": [
                [
                    477,
                    1652
                ],
                [
                    477,
                    1672
                ],
                [
                    487,
                    1672
                ],
                [
                    487,
                    1652
                ]
            ],
            "text": "x",
            "label": "Out"
        },
        {
            "index": 131,
            "bbox": [
                [
                    489,
                    1652
                ],
                [
                    489,
                    1672
                ],
                [
                    506,
                    1672
                ],
                [
                    506,
                    1652
                ]
            ],
            "text": "1\"",
            "label": "Out"
        },
        {
            "index": 132,
            "bbox": [
                [
                    455,
                    1690
                ],
                [
                    455,
                    1707
                ],
                [
                    479,
                    1707
                ],
                [
                    479,
                    1690
                ]
            ],
            "text": "35",
            "label": "Out"
        },
        {
            "index": 133,
            "bbox": [
                [
                    645,
                    1581
                ],
                [
                    645,
                    1601
                ],
                [
                    675,
                    1601
                ],
                [
                    675,
                    1581
                ]
            ],
            "text": "230",
            "label": "Out"
        },
        {
            "index": 134,
            "bbox": [
                [
                    678,
                    1581
                ],
                [
                    678,
                    1601
                ],
                [
                    686,
                    1601
                ],
                [
                    686,
                    1581
                ]
            ],
            "text": "/",
            "label": "Out"
        },
        {
            "index": 135,
            "bbox": [
                [
                    688,
                    1581
                ],
                [
                    688,
                    1601
                ],
                [
                    710,
                    1601
                ],
                [
                    710,
                    1581
                ]
            ],
            "text": "50",
            "label": "Out"
        },
        {
            "index": 136,
            "bbox": [
                [
                    645,
                    1618
                ],
                [
                    645,
                    1635
                ],
                [
                    686,
                    1635
                ],
                [
                    686,
                    1618
                ]
            ],
            "text": "1300",
            "label": "Out"
        },
        {
            "index": 137,
            "bbox": [
                [
                    645,
                    1652
                ],
                [
                    645,
                    1672
                ],
                [
                    675,
                    1672
                ],
                [
                    675,
                    1652
                ]
            ],
            "text": "1\"x",
            "label": "Out"
        },
        {
            "index": 138,
            "bbox": [
                [
                    678,
                    1652
                ],
                [
                    678,
                    1672
                ],
                [
                    693,
                    1672
                ],
                [
                    693,
                    1652
                ]
            ],
            "text": "1\"",
            "label": "Out"
        },
        {
            "index": 139,
            "bbox": [
                [
                    645,
                    1690
                ],
                [
                    645,
                    1707
                ],
                [
                    669,
                    1707
                ],
                [
                    669,
                    1690
                ]
            ],
            "text": "35",
            "label": "Out"
        },
        {
            "index": 140,
            "bbox": [
                [
                    645,
                    1724
                ],
                [
                    645,
                    1744
                ],
                [
                    669,
                    1744
                ],
                [
                    669,
                    1724
                ]
            ],
            "text": "35",
            "label": "Out"
        },
        {
            "index": 141,
            "bbox": [
                [
                    849,
                    1635
                ],
                [
                    849,
                    1683
                ],
                [
                    866,
                    1683
                ],
                [
                    866,
                    1635
                ]
            ],
            "text": "Head",
            "label": "B_Unit"
        },
        {
            "index": 142,
            "bbox": [
                [
                    849,
                    1618
                ],
                [
                    849,
                    1633
                ],
                [
                    866,
                    1633
                ],
                [
                    866,
                    1618
                ]
            ],
            "text": "H",
            "label": "B_Unit"
        },
        {
            "index": 143,
            "bbox": [
                [
                    143,
                    1798
                ],
                [
                    143,
                    1819
                ],
                [
                    204,
                    1819
                ],
                [
                    204,
                    1798
                ]
            ],
            "text": "Degree",
            "label": "Out"
        },
        {
            "index": 144,
            "bbox": [
                [
                    206,
                    1798
                ],
                [
                    206,
                    1819
                ],
                [
                    224,
                    1819
                ],
                [
                    224,
                    1798
                ]
            ],
            "text": "of",
            "label": "Out"
        },
        {
            "index": 145,
            "bbox": [
                [
                    227,
                    1798
                ],
                [
                    227,
                    1819
                ],
                [
                    316,
                    1819
                ],
                [
                    316,
                    1798
                ]
            ],
            "text": "protection",
            "label": "Out"
        },
        {
            "index": 146,
            "bbox": [
                [
                    459,
                    1795
                ],
                [
                    459,
                    1815
                ],
                [
                    474,
                    1815
                ],
                [
                    474,
                    1795
                ]
            ],
            "text": "IP",
            "label": "Out"
        },
        {
            "index": 147,
            "bbox": [
                [
                    476,
                    1795
                ],
                [
                    476,
                    1815
                ],
                [
                    499,
                    1815
                ],
                [
                    499,
                    1795
                ]
            ],
            "text": "X4",
            "label": "Out"
        },
        {
            "index": 148,
            "bbox": [
                [
                    645,
                    1795
                ],
                [
                    645,
                    1815
                ],
                [
                    662,
                    1815
                ],
                [
                    662,
                    1795
                ]
            ],
            "text": "IP",
            "label": "Out"
        },
        {
            "index": 149,
            "bbox": [
                [
                    665,
                    1795
                ],
                [
                    665,
                    1815
                ],
                [
                    686,
                    1815
                ],
                [
                    686,
                    1795
                ]
            ],
            "text": "X4",
            "label": "Out"
        },
        {
            "index": 150,
            "bbox": [
                [
                    139,
                    1832
                ],
                [
                    139,
                    1849
                ],
                [
                    226,
                    1849
                ],
                [
                    226,
                    1832
                ]
            ],
            "text": "Insulation",
            "label": "Out"
        },
        {
            "index": 151,
            "bbox": [
                [
                    228,
                    1832
                ],
                [
                    228,
                    1849
                ],
                [
                    275,
                    1849
                ],
                [
                    275,
                    1832
                ]
            ],
            "text": "class",
            "label": "Out"
        },
        {
            "index": 152,
            "bbox": [
                [
                    455,
                    1832
                ],
                [
                    455,
                    1849
                ],
                [
                    489,
                    1849
                ],
                [
                    489,
                    1832
                ]
            ],
            "text": "130",
            "label": "Out"
        },
        {
            "index": 153,
            "bbox": [
                [
                    645,
                    1832
                ],
                [
                    645,
                    1849
                ],
                [
                    679,
                    1849
                ],
                [
                    679,
                    1832
                ]
            ],
            "text": "130",
            "label": "Out"
        },
        {
            "index": 154,
            "bbox": [
                [
                    139,
                    1866
                ],
                [
                    139,
                    1887
                ],
                [
                    202,
                    1887
                ],
                [
                    202,
                    1866
                ]
            ],
            "text": "Weight",
            "label": "Out"
        },
        {
            "index": 155,
            "bbox": [
                [
                    204,
                    1866
                ],
                [
                    204,
                    1886
                ],
                [
                    238,
                    1886
                ],
                [
                    238,
                    1866
                ]
            ],
            "text": "[kg]",
            "label": "Out"
        },
        {
            "index": 156,
            "bbox": [
                [
                    455,
                    1866
                ],
                [
                    455,
                    1886
                ],
                [
                    492,
                    1886
                ],
                [
                    492,
                    1866
                ]
            ],
            "text": "10,5",
            "label": "Out"
        },
        {
            "index": 157,
            "bbox": [
                [
                    645,
                    1866
                ],
                [
                    645,
                    1886
                ],
                [
                    682,
                    1886
                ],
                [
                    682,
                    1866
                ]
            ],
            "text": "12,8",
            "label": "Out"
        },
        {
            "index": 158,
            "bbox": [
                [
                    143,
                    1904
                ],
                [
                    143,
                    1921
                ],
                [
                    233,
                    1921
                ],
                [
                    233,
                    1904
                ]
            ],
            "text": "Dimension",
            "label": "Out"
        },
        {
            "index": 159,
            "bbox": [
                [
                    234,
                    1904
                ],
                [
                    234,
                    1921
                ],
                [
                    247,
                    1921
                ],
                [
                    247,
                    1904
                ]
            ],
            "text": "L",
            "label": "Out"
        },
        {
            "index": 160,
            "bbox": [
                [
                    249,
                    1904
                ],
                [
                    249,
                    1921
                ],
                [
                    260,
                    1921
                ],
                [
                    260,
                    1904
                ]
            ],
            "text": "x",
            "label": "Out"
        },
        {
            "index": 161,
            "bbox": [
                [
                    262,
                    1904
                ],
                [
                    262,
                    1921
                ],
                [
                    277,
                    1921
                ],
                [
                    277,
                    1904
                ]
            ],
            "text": "H",
            "label": "Out"
        },
        {
            "index": 162,
            "bbox": [
                [
                    279,
                    1904
                ],
                [
                    279,
                    1921
                ],
                [
                    292,
                    1921
                ],
                [
                    292,
                    1904
                ]
            ],
            "text": "x",
            "label": "Out"
        },
        {
            "index": 163,
            "bbox": [
                [
                    294,
                    1904
                ],
                [
                    294,
                    1921
                ],
                [
                    313,
                    1921
                ],
                [
                    313,
                    1904
                ]
            ],
            "text": "W",
            "label": "Out"
        },
        {
            "index": 164,
            "bbox": [
                [
                    315,
                    1904
                ],
                [
                    315,
                    1921
                ],
                [
                    356,
                    1921
                ],
                [
                    356,
                    1904
                ]
            ],
            "text": "[mm]",
            "label": "Out"
        },
        {
            "index": 165,
            "bbox": [
                [
                    459,
                    1904
                ],
                [
                    459,
                    1921
                ],
                [
                    487,
                    1921
                ],
                [
                    487,
                    1904
                ]
            ],
            "text": "440",
            "label": "Out"
        },
        {
            "index": 166,
            "bbox": [
                [
                    489,
                    1904
                ],
                [
                    489,
                    1921
                ],
                [
                    500,
                    1921
                ],
                [
                    500,
                    1904
                ]
            ],
            "text": "×",
            "label": "Out"
        },
        {
            "index": 167,
            "bbox": [
                [
                    501,
                    1904
                ],
                [
                    501,
                    1921
                ],
                [
                    529,
                    1921
                ],
                [
                    529,
                    1904
                ]
            ],
            "text": "250",
            "label": "Out"
        },
        {
            "index": 168,
            "bbox": [
                [
                    531,
                    1904
                ],
                [
                    531,
                    1921
                ],
                [
                    542,
                    1921
                ],
                [
                    542,
                    1904
                ]
            ],
            "text": "x",
            "label": "Out"
        },
        {
            "index": 169,
            "bbox": [
                [
                    544,
                    1904
                ],
                [
                    544,
                    1921
                ],
                [
                    574,
                    1921
                ],
                [
                    574,
                    1904
                ]
            ],
            "text": "220",
            "label": "Out"
        },
        {
            "index": 170,
            "bbox": [
                [
                    645,
                    1900
                ],
                [
                    645,
                    1921
                ],
                [
                    676,
                    1921
                ],
                [
                    676,
                    1900
                ]
            ],
            "text": "470",
            "label": "Out"
        },
        {
            "index": 171,
            "bbox": [
                [
                    679,
                    1900
                ],
                [
                    679,
                    1921
                ],
                [
                    687,
                    1921
                ],
                [
                    687,
                    1900
                ]
            ],
            "text": "×",
            "label": "Out"
        },
        {
            "index": 172,
            "bbox": [
                [
                    690,
                    1900
                ],
                [
                    690,
                    1921
                ],
                [
                    719,
                    1921
                ],
                [
                    719,
                    1900
                ]
            ],
            "text": "250",
            "label": "Out"
        },
        {
            "index": 173,
            "bbox": [
                [
                    721,
                    1900
                ],
                [
                    721,
                    1921
                ],
                [
                    729,
                    1921
                ],
                [
                    729,
                    1900
                ]
            ],
            "text": "×",
            "label": "Out"
        },
        {
            "index": 174,
            "bbox": [
                [
                    732,
                    1900
                ],
                [
                    732,
                    1921
                ],
                [
                    765,
                    1921
                ],
                [
                    765,
                    1900
                ]
            ],
            "text": "195",
            "label": "Out"
        },
        {
            "index": 175,
            "bbox": [
                [
                    846,
                    1431
                ],
                [
                    846,
                    1468
                ],
                [
                    1004,
                    1468
                ],
                [
                    1004,
                    1431
                ]
            ],
            "text": "Hydraulic",
            "label": "B_Unit"
        },
        {
            "index": 176,
            "bbox": [
                [
                    1008,
                    1431
                ],
                [
                    1008,
                    1468
                ],
                [
                    1114,
                    1468
                ],
                [
                    1114,
                    1431
                ]
            ],
            "text": "power",
            "label": "B_Unit"
        },
        {
            "index": 177,
            "bbox": [
                [
                    1119,
                    1431
                ],
                [
                    1119,
                    1468
                ],
                [
                    1202,
                    1468
                ],
                [
                    1202,
                    1431
                ]
            ],
            "text": "curve",
            "label": "B_Unit"
        },
        {
            "index": 178,
            "bbox": [
                [
                    886,
                    1496
                ],
                [
                    886,
                    1513
                ],
                [
                    913,
                    1513
                ],
                [
                    913,
                    1496
                ]
            ],
            "text": "60",
            "label": "B_Unit"
        },
        {
            "index": 179,
            "bbox": [
                [
                    883,
                    1537
                ],
                [
                    883,
                    1561
                ],
                [
                    910,
                    1561
                ],
                [
                    910,
                    1537
                ]
            ],
            "text": "50",
            "label": "B_Unit"
        },
        {
            "index": 180,
            "bbox": [
                [
                    883,
                    1584
                ],
                [
                    883,
                    1601
                ],
                [
                    914,
                    1601
                ],
                [
                    914,
                    1584
                ]
            ],
            "text": "40",
            "label": "B_Unit"
        },
        {
            "index": 181,
            "bbox": [
                [
                    886,
                    1628
                ],
                [
                    886,
                    1645
                ],
                [
                    913,
                    1645
                ],
                [
                    913,
                    1628
                ]
            ],
            "text": "30",
            "label": "B_Unit"
        },
        {
            "index": 182,
            "bbox": [
                [
                    886,
                    1673
                ],
                [
                    886,
                    1690
                ],
                [
                    913,
                    1690
                ],
                [
                    913,
                    1673
                ]
            ],
            "text": "20",
            "label": "B_Unit"
        },
        {
            "index": 183,
            "bbox": [
                [
                    886,
                    1717
                ],
                [
                    886,
                    1734
                ],
                [
                    913,
                    1734
                ],
                [
                    913,
                    1717
                ]
            ],
            "text": "10",
            "label": "B_Unit"
        },
        {
            "index": 184,
            "bbox": [
                [
                    893,
                    1758
                ],
                [
                    893,
                    1778
                ],
                [
                    910,
                    1778
                ],
                [
                    910,
                    1758
                ]
            ],
            "text": "0",
            "label": "B_Unit"
        },
        {
            "index": 185,
            "bbox": [
                [
                    907,
                    1775
                ],
                [
                    907,
                    1795
                ],
                [
                    924,
                    1795
                ],
                [
                    924,
                    1775
                ]
            ],
            "text": "0",
            "label": "B_Unit"
        },
        {
            "index": 186,
            "bbox": [
                [
                    1304,
                    1594
                ],
                [
                    1304,
                    1614
                ],
                [
                    1443,
                    1614
                ],
                [
                    1443,
                    1594
                ]
            ],
            "text": "5PCSM1300P-G",
            "label": "B_Unit"
        },
        {
            "index": 187,
            "bbox": [
                [
                    988,
                    1778
                ],
                [
                    988,
                    1795
                ],
                [
                    1036,
                    1795
                ],
                [
                    1036,
                    1778
                ]
            ],
            "text": "1000",
            "label": "B_Unit"
        },
        {
            "index": 188,
            "bbox": [
                [
                    1083,
                    1778
                ],
                [
                    1083,
                    1795
                ],
                [
                    1131,
                    1795
                ],
                [
                    1131,
                    1778
                ]
            ],
            "text": "2000",
            "label": "B_Unit"
        },
        {
            "index": 189,
            "bbox": [
                [
                    1162,
                    1666
                ],
                [
                    1162,
                    1683
                ],
                [
                    1298,
                    1683
                ],
                [
                    1298,
                    1666
                ]
            ],
            "text": "4PCSM1100P-G",
            "label": "B_Unit"
        },
        {
            "index": 190,
            "bbox": [
                [
                    1185,
                    1778
                ],
                [
                    1185,
                    1795
                ],
                [
                    1229,
                    1795
                ],
                [
                    1229,
                    1778
                ]
            ],
            "text": "3000",
            "label": "B_Unit"
        },
        {
            "index": 191,
            "bbox": [
                [
                    1155,
                    1839
                ],
                [
                    1155,
                    1856
                ],
                [
                    1200,
                    1856
                ],
                [
                    1200,
                    1839
                ]
            ],
            "text": "Flow",
            "label": "B_Unit"
        },
        {
            "index": 192,
            "bbox": [
                [
                    1202,
                    1839
                ],
                [
                    1202,
                    1856
                ],
                [
                    1213,
                    1856
                ],
                [
                    1213,
                    1839
                ]
            ],
            "text": "Q",
            "label": "B_Unit"
        },
        {
            "index": 193,
            "bbox": [
                [
                    1280,
                    1778
                ],
                [
                    1280,
                    1795
                ],
                [
                    1324,
                    1795
                ],
                [
                    1324,
                    1778
                ]
            ],
            "text": "4000",
            "label": "B_Unit"
        },
        {
            "index": 194,
            "bbox": [
                [
                    1379,
                    1778
                ],
                [
                    1379,
                    1795
                ],
                [
                    1423,
                    1795
                ],
                [
                    1423,
                    1778
                ]
            ],
            "text": "5000",
            "label": "B_Unit"
        },
        {
            "index": 195,
            "bbox": [
                [
                    1474,
                    1778
                ],
                [
                    1474,
                    1795
                ],
                [
                    1518,
                    1795
                ],
                [
                    1518,
                    1778
                ]
            ],
            "text": "6000",
            "label": "B_Unit"
        },
        {
            "index": 196,
            "bbox": [
                [
                    1491,
                    1822
                ],
                [
                    1491,
                    1839
                ],
                [
                    1522,
                    1839
                ],
                [
                    1522,
                    1822
                ]
            ],
            "text": "V/h",
            "label": "B_Unit"
        },
        {
            "index": 197,
            "bbox": [
                [
                    136,
                    2084
                ],
                [
                    136,
                    2111
                ],
                [
                    431,
                    2111
                ],
                [
                    431,
                    2084
                ]
            ],
            "text": "www.pumpa.eu",
            "label": "Out"
        }
    ]
}