{
    "datasheet": [
        {
            "index": 0,
            "bbox": [
                [
                    180,
                    127
                ],
                [
                    180,
                    241
                ],
                [
                    602,
                    241
                ],
                [
                    602,
                    127
                ]
            ],
            "text": "pumpa®",
            "label": "Out"
        },
        {
            "index": 1,
            "bbox": [
                [
                    995,
                    180
                ],
                [
                    995,
                    211
                ],
                [
                    1123,
                    211
                ],
                [
                    1123,
                    180
                ]
            ],
            "text": "PUMPA",
            "label": "Out"
        },
        {
            "index": 2,
            "bbox": [
                [
                    1127,
                    180
                ],
                [
                    1127,
                    211
                ],
                [
                    1208,
                    211
                ],
                [
                    1208,
                    180
                ]
            ],
            "text": "BLUE",
            "label": "Out"
        },
        {
            "index": 3,
            "bbox": [
                [
                    1212,
                    180
                ],
                [
                    1212,
                    211
                ],
                [
                    1290,
                    211
                ],
                [
                    1290,
                    180
                ]
            ],
            "text": "LINE",
            "label": "Out"
        },
        {
            "index": 4,
            "bbox": [
                [
                    1293,
                    180
                ],
                [
                    1293,
                    211
                ],
                [
                    1518,
                    211
                ],
                [
                    1518,
                    180
                ]
            ],
            "text": "3PVM550-100",
            "label": "Out"
        },
        {
            "index": 5,
            "bbox": [
                [
                    183,
                    299
                ],
                [
                    183,
                    367
                ],
                [
                    378,
                    367
                ],
                [
                    378,
                    299
                ]
            ],
            "text": "blue",
            "label": "Out"
        },
        {
            "index": 6,
            "bbox": [
                [
                    387,
                    299
                ],
                [
                    387,
                    367
                ],
                [
                    550,
                    367
                ],
                [
                    550,
                    299
                ]
            ],
            "text": "line",
            "label": "Out"
        },
        {
            "index": 7,
            "bbox": [
                [
                    135,
                    510
                ],
                [
                    135,
                    587
                ],
                [
                    464,
                    587
                ],
                [
                    464,
                    510
                ]
            ],
            "text": "Submersible",
            "label": "Out"
        },
        {
            "index": 8,
            "bbox": [
                [
                    471,
                    518
                ],
                [
                    471,
                    591
                ],
                [
                    636,
                    591
                ],
                [
                    636,
                    518
                ]
            ],
            "text": "screw",
            "label": "Out"
        },
        {
            "index": 9,
            "bbox": [
                [
                    643,
                    522
                ],
                [
                    643,
                    595
                ],
                [
                    823,
                    595
                ],
                [
                    823,
                    522
                ]
            ],
            "text": "pump",
            "label": "Out"
        },
        {
            "index": 10,
            "bbox": [
                [
                    132,
                    636
                ],
                [
                    132,
                    704
                ],
                [
                    336,
                    704
                ],
                [
                    336,
                    636
                ]
            ],
            "text": "BLUE",
            "label": "Out"
        },
        {
            "index": 11,
            "bbox": [
                [
                    345,
                    636
                ],
                [
                    345,
                    704
                ],
                [
                    540,
                    704
                ],
                [
                    540,
                    636
                ]
            ],
            "text": "LINE",
            "label": "Out"
        },
        {
            "index": 12,
            "bbox": [
                [
                    132,
                    751
                ],
                [
                    132,
                    788
                ],
                [
                    321,
                    788
                ],
                [
                    321,
                    751
                ]
            ],
            "text": "Submersible",
            "label": "Out"
        },
        {
            "index": 13,
            "bbox": [
                [
                    326,
                    752
                ],
                [
                    326,
                    789
                ],
                [
                    358,
                    789
                ],
                [
                    358,
                    752
                ]
            ],
            "text": "3\"",
            "label": "Out"
        },
        {
            "index": 14,
            "bbox": [
                [
                    363,
                    752
                ],
                [
                    363,
                    789
                ],
                [
                    451,
                    789
                ],
                [
                    451,
                    752
                ]
            ],
            "text": "pump",
            "label": "Out"
        },
        {
            "index": 15,
            "bbox": [
                [
                    456,
                    752
                ],
                [
                    456,
                    789
                ],
                [
                    502,
                    789
                ],
                [
                    502,
                    752
                ]
            ],
            "text": "for",
            "label": "Out"
        },
        {
            "index": 16,
            "bbox": [
                [
                    507,
                    752
                ],
                [
                    507,
                    789
                ],
                [
                    586,
                    789
                ],
                [
                    586,
                    752
                ]
            ],
            "text": "wells",
            "label": "Out"
        },
        {
            "index": 17,
            "bbox": [
                [
                    590,
                    752
                ],
                [
                    590,
                    789
                ],
                [
                    645,
                    789
                ],
                [
                    645,
                    752
                ]
            ],
            "text": "and",
            "label": "Out"
        },
        {
            "index": 18,
            "bbox": [
                [
                    650,
                    751
                ],
                [
                    650,
                    788
                ],
                [
                    802,
                    788
                ],
                [
                    802,
                    751
                ]
            ],
            "text": "boreholes",
            "label": "Out"
        },
        {
            "index": 19,
            "bbox": [
                [
                    129,
                    789
                ],
                [
                    129,
                    830
                ],
                [
                    180,
                    830
                ],
                [
                    180,
                    789
                ]
            ],
            "text": "for",
            "label": "Out"
        },
        {
            "index": 20,
            "bbox": [
                [
                    185,
                    789
                ],
                [
                    185,
                    830
                ],
                [
                    318,
                    830
                ],
                [
                    318,
                    789
                ]
            ],
            "text": "pumping",
            "label": "Out"
        },
        {
            "index": 21,
            "bbox": [
                [
                    324,
                    789
                ],
                [
                    324,
                    830
                ],
                [
                    401,
                    830
                ],
                [
                    401,
                    789
                ]
            ],
            "text": "clean",
            "label": "Out"
        },
        {
            "index": 22,
            "bbox": [
                [
                    406,
                    789
                ],
                [
                    406,
                    830
                ],
                [
                    498,
                    830
                ],
                [
                    498,
                    789
                ]
            ],
            "text": "water,",
            "label": "Out"
        },
        {
            "index": 23,
            "bbox": [
                [
                    503,
                    789
                ],
                [
                    503,
                    830
                ],
                [
                    642,
                    830
                ],
                [
                    642,
                    789
                ]
            ],
            "text": "watering.",
            "label": "Out"
        },
        {
            "index": 24,
            "bbox": [
                [
                    132,
                    1070
                ],
                [
                    132,
                    1108
                ],
                [
                    312,
                    1108
                ],
                [
                    312,
                    1070
                ]
            ],
            "text": "Application",
            "label": "Out"
        },
        {
            "index": 25,
            "bbox": [
                [
                    129,
                    1115
                ],
                [
                    129,
                    1135
                ],
                [
                    144,
                    1135
                ],
                [
                    144,
                    1115
                ]
            ],
            "text": "•",
            "label": "Out"
        },
        {
            "index": 26,
            "bbox": [
                [
                    147,
                    1116
                ],
                [
                    147,
                    1136
                ],
                [
                    192,
                    1136
                ],
                [
                    192,
                    1116
                ]
            ],
            "text": "For",
            "label": "Out"
        },
        {
            "index": 27,
            "bbox": [
                [
                    194,
                    1116
                ],
                [
                    194,
                    1136
                ],
                [
                    292,
                    1136
                ],
                [
                    292,
                    1116
                ]
            ],
            "text": "boreholes",
            "label": "Out"
        },
        {
            "index": 28,
            "bbox": [
                [
                    294,
                    1116
                ],
                [
                    294,
                    1136
                ],
                [
                    344,
                    1136
                ],
                [
                    344,
                    1116
                ]
            ],
            "text": "from",
            "label": "Out"
        },
        {
            "index": 29,
            "bbox": [
                [
                    347,
                    1115
                ],
                [
                    347,
                    1135
                ],
                [
                    428,
                    1135
                ],
                [
                    428,
                    1115
                ]
            ],
            "text": "100mm",
            "label": "Out"
        },
        {
            "index": 30,
            "bbox": [
                [
                    129,
                    1156
                ],
                [
                    129,
                    1180
                ],
                [
                    153,
                    1180
                ],
                [
                    153,
                    1156
                ]
            ],
            "text": "•",
            "label": "Out"
        },
        {
            "index": 31,
            "bbox": [
                [
                    156,
                    1156
                ],
                [
                    156,
                    1180
                ],
                [
                    246,
                    1180
                ],
                [
                    246,
                    1156
                ]
            ],
            "text": "Pumping",
            "label": "Out"
        },
        {
            "index": 32,
            "bbox": [
                [
                    249,
                    1156
                ],
                [
                    249,
                    1180
                ],
                [
                    303,
                    1180
                ],
                [
                    303,
                    1156
                ]
            ],
            "text": "clean",
            "label": "Out"
        },
        {
            "index": 33,
            "bbox": [
                [
                    306,
                    1156
                ],
                [
                    306,
                    1180
                ],
                [
                    363,
                    1180
                ],
                [
                    363,
                    1156
                ]
            ],
            "text": "water",
            "label": "Out"
        },
        {
            "index": 34,
            "bbox": [
                [
                    366,
                    1156
                ],
                [
                    366,
                    1180
                ],
                [
                    405,
                    1180
                ],
                [
                    405,
                    1156
                ]
            ],
            "text": "into",
            "label": "Out"
        },
        {
            "index": 35,
            "bbox": [
                [
                    408,
                    1156
                ],
                [
                    408,
                    1180
                ],
                [
                    441,
                    1180
                ],
                [
                    441,
                    1156
                ]
            ],
            "text": "the",
            "label": "Out"
        },
        {
            "index": 36,
            "bbox": [
                [
                    444,
                    1156
                ],
                [
                    444,
                    1180
                ],
                [
                    550,
                    1180
                ],
                [
                    550,
                    1156
                ]
            ],
            "text": "household",
            "label": "Out"
        },
        {
            "index": 37,
            "bbox": [
                [
                    129,
                    1193
                ],
                [
                    129,
                    1213
                ],
                [
                    151,
                    1213
                ],
                [
                    151,
                    1193
                ]
            ],
            "text": "•",
            "label": "Out"
        },
        {
            "index": 38,
            "bbox": [
                [
                    154,
                    1193
                ],
                [
                    154,
                    1213
                ],
                [
                    217,
                    1213
                ],
                [
                    217,
                    1193
                ]
            ],
            "text": "Water",
            "label": "Out"
        },
        {
            "index": 39,
            "bbox": [
                [
                    219,
                    1193
                ],
                [
                    219,
                    1213
                ],
                [
                    321,
                    1213
                ],
                [
                    321,
                    1193
                ]
            ],
            "text": "circulation",
            "label": "Out"
        },
        {
            "index": 40,
            "bbox": [
                [
                    324,
                    1193
                ],
                [
                    324,
                    1213
                ],
                [
                    344,
                    1213
                ],
                [
                    344,
                    1193
                ]
            ],
            "text": "in",
            "label": "Out"
        },
        {
            "index": 41,
            "bbox": [
                [
                    346,
                    1193
                ],
                [
                    346,
                    1213
                ],
                [
                    444,
                    1213
                ],
                [
                    444,
                    1193
                ]
            ],
            "text": "fountains",
            "label": "Out"
        },
        {
            "index": 42,
            "bbox": [
                [
                    591,
                    1112
                ],
                [
                    591,
                    1136
                ],
                [
                    615,
                    1136
                ],
                [
                    615,
                    1112
                ]
            ],
            "text": "•",
            "label": "Out"
        },
        {
            "index": 43,
            "bbox": [
                [
                    618,
                    1112
                ],
                [
                    618,
                    1136
                ],
                [
                    717,
                    1136
                ],
                [
                    717,
                    1112
                ]
            ],
            "text": "Rainwater",
            "label": "Out"
        },
        {
            "index": 44,
            "bbox": [
                [
                    720,
                    1112
                ],
                [
                    720,
                    1136
                ],
                [
                    812,
                    1136
                ],
                [
                    812,
                    1112
                ]
            ],
            "text": "irrigation",
            "label": "Out"
        },
        {
            "index": 45,
            "bbox": [
                [
                    591,
                    1149
                ],
                [
                    591,
                    1173
                ],
                [
                    614,
                    1173
                ],
                [
                    614,
                    1149
                ]
            ],
            "text": "•",
            "label": "Out"
        },
        {
            "index": 46,
            "bbox": [
                [
                    617,
                    1150
                ],
                [
                    617,
                    1173
                ],
                [
                    683,
                    1173
                ],
                [
                    683,
                    1150
                ]
            ],
            "text": "Power",
            "label": "Out"
        },
        {
            "index": 47,
            "bbox": [
                [
                    686,
                    1150
                ],
                [
                    686,
                    1173
                ],
                [
                    752,
                    1173
                ],
                [
                    752,
                    1150
                ]
            ],
            "text": "supply",
            "label": "Out"
        },
        {
            "index": 48,
            "bbox": [
                [
                    755,
                    1150
                ],
                [
                    755,
                    1173
                ],
                [
                    784,
                    1173
                ],
                [
                    784,
                    1150
                ]
            ],
            "text": "for",
            "label": "Out"
        },
        {
            "index": 49,
            "bbox": [
                [
                    787,
                    1150
                ],
                [
                    787,
                    1173
                ],
                [
                    876,
                    1173
                ],
                [
                    876,
                    1150
                ]
            ],
            "text": "pressure",
            "label": "Out"
        },
        {
            "index": 50,
            "bbox": [
                [
                    879,
                    1149
                ],
                [
                    879,
                    1173
                ],
                [
                    962,
                    1173
                ],
                [
                    962,
                    1149
                ]
            ],
            "text": "systems",
            "label": "Out"
        },
        {
            "index": 51,
            "bbox": [
                [
                    591,
                    1186
                ],
                [
                    591,
                    1213
                ],
                [
                    615,
                    1213
                ],
                [
                    615,
                    1186
                ]
            ],
            "text": "•",
            "label": "Out"
        },
        {
            "index": 52,
            "bbox": [
                [
                    618,
                    1186
                ],
                [
                    618,
                    1213
                ],
                [
                    679,
                    1213
                ],
                [
                    679,
                    1186
                ]
            ],
            "text": "Filling",
            "label": "Out"
        },
        {
            "index": 53,
            "bbox": [
                [
                    682,
                    1186
                ],
                [
                    682,
                    1213
                ],
                [
                    719,
                    1213
                ],
                [
                    719,
                    1186
                ]
            ],
            "text": "and",
            "label": "Out"
        },
        {
            "index": 54,
            "bbox": [
                [
                    723,
                    1186
                ],
                [
                    723,
                    1213
                ],
                [
                    814,
                    1213
                ],
                [
                    814,
                    1186
                ]
            ],
            "text": "emptying",
            "label": "Out"
        },
        {
            "index": 55,
            "bbox": [
                [
                    817,
                    1186
                ],
                [
                    817,
                    1213
                ],
                [
                    876,
                    1213
                ],
                [
                    876,
                    1186
                ]
            ],
            "text": "tanks",
            "label": "Out"
        },
        {
            "index": 56,
            "bbox": [
                [
                    143,
                    1312
                ],
                [
                    143,
                    1332
                ],
                [
                    211,
                    1332
                ],
                [
                    211,
                    1312
                ]
            ],
            "text": "Model",
            "label": "Out"
        },
        {
            "index": 57,
            "bbox": [
                [
                    143,
                    1363
                ],
                [
                    143,
                    1380
                ],
                [
                    191,
                    1380
                ],
                [
                    191,
                    1363
                ]
            ],
            "text": "Code",
            "label": "Out"
        },
        {
            "index": 58,
            "bbox": [
                [
                    143,
                    1393
                ],
                [
                    143,
                    1414
                ],
                [
                    227,
                    1414
                ],
                [
                    227,
                    1393
                ]
            ],
            "text": "Maximum",
            "label": "Out"
        },
        {
            "index": 59,
            "bbox": [
                [
                    230,
                    1393
                ],
                [
                    230,
                    1414
                ],
                [
                    267,
                    1414
                ],
                [
                    267,
                    1393
                ]
            ],
            "text": "flow",
            "label": "Out"
        },
        {
            "index": 60,
            "bbox": [
                [
                    269,
                    1393
                ],
                [
                    269,
                    1414
                ],
                [
                    340,
                    1414
                ],
                [
                    340,
                    1393
                ]
            ],
            "text": "[m3/hod]",
            "label": "Out"
        },
        {
            "index": 61,
            "bbox": [
                [
                    143,
                    1427
                ],
                [
                    143,
                    1448
                ],
                [
                    227,
                    1448
                ],
                [
                    227,
                    1427
                ]
            ],
            "text": "Maximum",
            "label": "Out"
        },
        {
            "index": 62,
            "bbox": [
                [
                    230,
                    1427
                ],
                [
                    230,
                    1448
                ],
                [
                    311,
                    1448
                ],
                [
                    311,
                    1427
                ]
            ],
            "text": "discharge",
            "label": "Out"
        },
        {
            "index": 63,
            "bbox": [
                [
                    314,
                    1427
                ],
                [
                    314,
                    1448
                ],
                [
                    359,
                    1448
                ],
                [
                    359,
                    1427
                ]
            ],
            "text": "head",
            "label": "Out"
        },
        {
            "index": 64,
            "bbox": [
                [
                    361,
                    1427
                ],
                [
                    361,
                    1448
                ],
                [
                    391,
                    1448
                ],
                [
                    391,
                    1427
                ]
            ],
            "text": "[m]",
            "label": "Out"
        },
        {
            "index": 65,
            "bbox": [
                [
                    143,
                    1465
                ],
                [
                    143,
                    1485
                ],
                [
                    193,
                    1485
                ],
                [
                    193,
                    1465
                ]
            ],
            "text": "Pump",
            "label": "Out"
        },
        {
            "index": 66,
            "bbox": [
                [
                    195,
                    1465
                ],
                [
                    195,
                    1485
                ],
                [
                    271,
                    1485
                ],
                [
                    271,
                    1465
                ]
            ],
            "text": "diameter",
            "label": "Out"
        },
        {
            "index": 67,
            "bbox": [
                [
                    139,
                    1502
                ],
                [
                    139,
                    1523
                ],
                [
                    207,
                    1523
                ],
                [
                    207,
                    1502
                ]
            ],
            "text": "Voltage",
            "label": "Out"
        },
        {
            "index": 68,
            "bbox": [
                [
                    210,
                    1502
                ],
                [
                    210,
                    1523
                ],
                [
                    218,
                    1523
                ],
                [
                    218,
                    1502
                ]
            ],
            "text": "/",
            "label": "Out"
        },
        {
            "index": 69,
            "bbox": [
                [
                    220,
                    1502
                ],
                [
                    220,
                    1523
                ],
                [
                    304,
                    1523
                ],
                [
                    304,
                    1502
                ]
            ],
            "text": "frequency",
            "label": "Out"
        },
        {
            "index": 70,
            "bbox": [
                [
                    307,
                    1502
                ],
                [
                    307,
                    1523
                ],
                [
                    360,
                    1523
                ],
                [
                    360,
                    1502
                ]
            ],
            "text": "[V/Hz]",
            "label": "Out"
        },
        {
            "index": 71,
            "bbox": [
                [
                    143,
                    1540
                ],
                [
                    143,
                    1557
                ],
                [
                    201,
                    1557
                ],
                [
                    201,
                    1540
                ]
            ],
            "text": "Power",
            "label": "Out"
        },
        {
            "index": 72,
            "bbox": [
                [
                    203,
                    1540
                ],
                [
                    203,
                    1557
                ],
                [
                    228,
                    1557
                ],
                [
                    228,
                    1540
                ]
            ],
            "text": "(W]",
            "label": "Out"
        },
        {
            "index": 73,
            "bbox": [
                [
                    143,
                    1577
                ],
                [
                    143,
                    1594
                ],
                [
                    241,
                    1594
                ],
                [
                    241,
                    1577
                ]
            ],
            "text": "Connection",
            "label": "Out"
        },
        {
            "index": 74,
            "bbox": [
                [
                    143,
                    1611
                ],
                [
                    143,
                    1628
                ],
                [
                    226,
                    1628
                ],
                [
                    226,
                    1611
                ]
            ],
            "text": "Maximum",
            "label": "Out"
        },
        {
            "index": 75,
            "bbox": [
                [
                    228,
                    1611
                ],
                [
                    228,
                    1628
                ],
                [
                    317,
                    1628
                ],
                [
                    317,
                    1611
                ]
            ],
            "text": "immersion",
            "label": "Out"
        },
        {
            "index": 76,
            "bbox": [
                [
                    319,
                    1611
                ],
                [
                    319,
                    1628
                ],
                [
                    370,
                    1628
                ],
                [
                    370,
                    1611
                ]
            ],
            "text": "depth",
            "label": "Out"
        },
        {
            "index": 77,
            "bbox": [
                [
                    373,
                    1611
                ],
                [
                    373,
                    1628
                ],
                [
                    401,
                    1628
                ],
                [
                    401,
                    1611
                ]
            ],
            "text": "(m]",
            "label": "Out"
        },
        {
            "index": 78,
            "bbox": [
                [
                    143,
                    1645
                ],
                [
                    143,
                    1666
                ],
                [
                    227,
                    1666
                ],
                [
                    227,
                    1645
                ]
            ],
            "text": "Maximum",
            "label": "Out"
        },
        {
            "index": 79,
            "bbox": [
                [
                    230,
                    1645
                ],
                [
                    230,
                    1666
                ],
                [
                    267,
                    1666
                ],
                [
                    267,
                    1645
                ]
            ],
            "text": "fluid",
            "label": "Out"
        },
        {
            "index": 80,
            "bbox": [
                [
                    269,
                    1645
                ],
                [
                    269,
                    1666
                ],
                [
                    371,
                    1666
                ],
                [
                    371,
                    1645
                ]
            ],
            "text": "temperature",
            "label": "Out"
        },
        {
            "index": 81,
            "bbox": [
                [
                    374,
                    1645
                ],
                [
                    374,
                    1666
                ],
                [
                    404,
                    1666
                ],
                [
                    404,
                    1645
                ]
            ],
            "text": "[°C]",
            "label": "Out"
        },
        {
            "index": 82,
            "bbox": [
                [
                    139,
                    1679
                ],
                [
                    139,
                    1703
                ],
                [
                    190,
                    1703
                ],
                [
                    190,
                    1679
                ]
            ],
            "text": "Cable",
            "label": "Out"
        },
        {
            "index": 83,
            "bbox": [
                [
                    193,
                    1679
                ],
                [
                    193,
                    1703
                ],
                [
                    247,
                    1703
                ],
                [
                    247,
                    1679
                ]
            ],
            "text": "length",
            "label": "Out"
        },
        {
            "index": 84,
            "bbox": [
                [
                    250,
                    1679
                ],
                [
                    250,
                    1703
                ],
                [
                    282,
                    1703
                ],
                [
                    282,
                    1679
                ]
            ],
            "text": "[m]",
            "label": "Out"
        },
        {
            "index": 85,
            "bbox": [
                [
                    143,
                    1717
                ],
                [
                    143,
                    1737
                ],
                [
                    203,
                    1737
                ],
                [
                    203,
                    1717
                ]
            ],
            "text": "Degree",
            "label": "Out"
        },
        {
            "index": 86,
            "bbox": [
                [
                    206,
                    1717
                ],
                [
                    206,
                    1737
                ],
                [
                    226,
                    1737
                ],
                [
                    226,
                    1717
                ]
            ],
            "text": "of",
            "label": "Out"
        },
        {
            "index": 87,
            "bbox": [
                [
                    228,
                    1717
                ],
                [
                    228,
                    1737
                ],
                [
                    316,
                    1737
                ],
                [
                    316,
                    1717
                ]
            ],
            "text": "protection",
            "label": "Out"
        },
        {
            "index": 88,
            "bbox": [
                [
                    143,
                    1754
                ],
                [
                    143,
                    1771
                ],
                [
                    226,
                    1771
                ],
                [
                    226,
                    1754
                ]
            ],
            "text": "Insulation",
            "label": "Out"
        },
        {
            "index": 89,
            "bbox": [
                [
                    228,
                    1754
                ],
                [
                    228,
                    1771
                ],
                [
                    275,
                    1771
                ],
                [
                    275,
                    1754
                ]
            ],
            "text": "class",
            "label": "Out"
        },
        {
            "index": 90,
            "bbox": [
                [
                    139,
                    1788
                ],
                [
                    139,
                    1809
                ],
                [
                    202,
                    1809
                ],
                [
                    202,
                    1788
                ]
            ],
            "text": "Weight",
            "label": "Out"
        },
        {
            "index": 91,
            "bbox": [
                [
                    204,
                    1787
                ],
                [
                    204,
                    1808
                ],
                [
                    238,
                    1808
                ],
                [
                    238,
                    1787
                ]
            ],
            "text": "[kg]",
            "label": "Out"
        },
        {
            "index": 92,
            "bbox": [
                [
                    143,
                    1822
                ],
                [
                    143,
                    1842
                ],
                [
                    233,
                    1842
                ],
                [
                    233,
                    1822
                ]
            ],
            "text": "Dimension",
            "label": "Out"
        },
        {
            "index": 93,
            "bbox": [
                [
                    235,
                    1822
                ],
                [
                    235,
                    1842
                ],
                [
                    243,
                    1842
                ],
                [
                    243,
                    1822
                ]
            ],
            "text": "-",
            "label": "Out"
        },
        {
            "index": 94,
            "bbox": [
                [
                    246,
                    1822
                ],
                [
                    246,
                    1842
                ],
                [
                    301,
                    1842
                ],
                [
                    301,
                    1822
                ]
            ],
            "text": "length",
            "label": "Out"
        },
        {
            "index": 95,
            "bbox": [
                [
                    303,
                    1822
                ],
                [
                    303,
                    1842
                ],
                [
                    346,
                    1842
                ],
                [
                    346,
                    1822
                ]
            ],
            "text": "[mm]",
            "label": "Out"
        },
        {
            "index": 96,
            "bbox": [
                [
                    445,
                    1363
                ],
                [
                    445,
                    1380
                ],
                [
                    537,
                    1380
                ],
                [
                    537,
                    1363
                ]
            ],
            "text": "ZB00048521",
            "label": "Out"
        },
        {
            "index": 97,
            "bbox": [
                [
                    445,
                    1394
                ],
                [
                    445,
                    1414
                ],
                [
                    472,
                    1414
                ],
                [
                    472,
                    1394
                ]
            ],
            "text": "1,8",
            "label": "Out"
        },
        {
            "index": 98,
            "bbox": [
                [
                    445,
                    1428
                ],
                [
                    445,
                    1448
                ],
                [
                    479,
                    1448
                ],
                [
                    479,
                    1428
                ]
            ],
            "text": "100",
            "label": "Out"
        },
        {
            "index": 99,
            "bbox": [
                [
                    445,
                    1502
                ],
                [
                    445,
                    1519
                ],
                [
                    477,
                    1519
                ],
                [
                    477,
                    1502
                ]
            ],
            "text": "230",
            "label": "Out"
        },
        {
            "index": 100,
            "bbox": [
                [
                    479,
                    1502
                ],
                [
                    479,
                    1519
                ],
                [
                    485,
                    1519
                ],
                [
                    485,
                    1502
                ]
            ],
            "text": "/",
            "label": "Out"
        },
        {
            "index": 101,
            "bbox": [
                [
                    487,
                    1502
                ],
                [
                    487,
                    1519
                ],
                [
                    509,
                    1519
                ],
                [
                    509,
                    1502
                ]
            ],
            "text": "50",
            "label": "Out"
        },
        {
            "index": 102,
            "bbox": [
                [
                    445,
                    1540
                ],
                [
                    445,
                    1557
                ],
                [
                    479,
                    1557
                ],
                [
                    479,
                    1540
                ]
            ],
            "text": "550",
            "label": "Out"
        },
        {
            "index": 103,
            "bbox": [
                [
                    445,
                    1611
                ],
                [
                    445,
                    1628
                ],
                [
                    469,
                    1628
                ],
                [
                    469,
                    1611
                ]
            ],
            "text": "40",
            "label": "Out"
        },
        {
            "index": 104,
            "bbox": [
                [
                    445,
                    1645
                ],
                [
                    445,
                    1665
                ],
                [
                    469,
                    1665
                ],
                [
                    469,
                    1645
                ]
            ],
            "text": "35",
            "label": "Out"
        },
        {
            "index": 105,
            "bbox": [
                [
                    445,
                    1683
                ],
                [
                    445,
                    1700
                ],
                [
                    469,
                    1700
                ],
                [
                    469,
                    1683
                ]
            ],
            "text": "20",
            "label": "Out"
        },
        {
            "index": 106,
            "bbox": [
                [
                    448,
                    1717
                ],
                [
                    448,
                    1737
                ],
                [
                    463,
                    1737
                ],
                [
                    463,
                    1717
                ]
            ],
            "text": "IP",
            "label": "Out"
        },
        {
            "index": 107,
            "bbox": [
                [
                    466,
                    1717
                ],
                [
                    466,
                    1737
                ],
                [
                    486,
                    1737
                ],
                [
                    486,
                    1717
                ]
            ],
            "text": "68",
            "label": "Out"
        },
        {
            "index": 108,
            "bbox": [
                [
                    445,
                    1788
                ],
                [
                    445,
                    1808
                ],
                [
                    482,
                    1808
                ],
                [
                    482,
                    1788
                ]
            ],
            "text": "10,6",
            "label": "Out"
        },
        {
            "index": 109,
            "bbox": [
                [
                    445,
                    1822
                ],
                [
                    445,
                    1842
                ],
                [
                    479,
                    1842
                ],
                [
                    479,
                    1822
                ]
            ],
            "text": "628",
            "label": "Out"
        },
        {
            "index": 110,
            "bbox": [
                [
                    509,
                    1312
                ],
                [
                    509,
                    1332
                ],
                [
                    556,
                    1332
                ],
                [
                    556,
                    1312
                ]
            ],
            "text": "blue",
            "label": "Out"
        },
        {
            "index": 111,
            "bbox": [
                [
                    559,
                    1312
                ],
                [
                    559,
                    1332
                ],
                [
                    599,
                    1332
                ],
                [
                    599,
                    1312
                ]
            ],
            "text": "line",
            "label": "Out"
        },
        {
            "index": 112,
            "bbox": [
                [
                    601,
                    1312
                ],
                [
                    601,
                    1332
                ],
                [
                    750,
                    1332
                ],
                [
                    750,
                    1312
                ]
            ],
            "text": "3PVM550",
            "label": "Out"
        },
        {
            "index": 113,
            "bbox": [
                [
                    602,
                    1312
                ],
                [
                    602,
                    1332
                ],
                [
                    751,
                    1332
                ],
                [
                    751,
                    1312
                ]
            ],
            "text": "-",
            "label": "Out"
        },
        {
            "index": 114,
            "bbox": [
                [
                    601,
                    1312
                ],
                [
                    601,
                    1332
                ],
                [
                    750,
                    1332
                ],
                [
                    750,
                    1312
                ]
            ],
            "text": "100",
            "label": "Out"
        },
        {
            "index": 115,
            "bbox": [
                [
                    574,
                    1363
                ],
                [
                    574,
                    1380
                ],
                [
                    669,
                    1380
                ],
                [
                    669,
                    1363
                ]
            ],
            "text": "ZB00048522",
            "label": "Out"
        },
        {
            "index": 116,
            "bbox": [
                [
                    706,
                    1363
                ],
                [
                    706,
                    1380
                ],
                [
                    801,
                    1380
                ],
                [
                    801,
                    1363
                ]
            ],
            "text": "ZB00048523",
            "label": "Out"
        },
        {
            "index": 117,
            "bbox": [
                [
                    574,
                    1394
                ],
                [
                    574,
                    1414
                ],
                [
                    601,
                    1414
                ],
                [
                    601,
                    1394
                ]
            ],
            "text": "1,8",
            "label": "Out"
        },
        {
            "index": 118,
            "bbox": [
                [
                    703,
                    1394
                ],
                [
                    703,
                    1414
                ],
                [
                    730,
                    1414
                ],
                [
                    730,
                    1394
                ]
            ],
            "text": "1,8",
            "label": "Out"
        },
        {
            "index": 119,
            "bbox": [
                [
                    574,
                    1428
                ],
                [
                    574,
                    1448
                ],
                [
                    608,
                    1448
                ],
                [
                    608,
                    1428
                ]
            ],
            "text": "100",
            "label": "Out"
        },
        {
            "index": 120,
            "bbox": [
                [
                    703,
                    1428
                ],
                [
                    703,
                    1448
                ],
                [
                    737,
                    1448
                ],
                [
                    737,
                    1428
                ]
            ],
            "text": "100",
            "label": "Out"
        },
        {
            "index": 121,
            "bbox": [
                [
                    574,
                    1465
                ],
                [
                    574,
                    1485
                ],
                [
                    594,
                    1485
                ],
                [
                    594,
                    1465
                ]
            ],
            "text": "3\"",
            "label": "Out"
        },
        {
            "index": 122,
            "bbox": [
                [
                    703,
                    1465
                ],
                [
                    703,
                    1485
                ],
                [
                    723,
                    1485
                ],
                [
                    723,
                    1465
                ]
            ],
            "text": "3\"",
            "label": "Out"
        },
        {
            "index": 123,
            "bbox": [
                [
                    574,
                    1502
                ],
                [
                    574,
                    1519
                ],
                [
                    606,
                    1519
                ],
                [
                    606,
                    1502
                ]
            ],
            "text": "230",
            "label": "Out"
        },
        {
            "index": 124,
            "bbox": [
                [
                    608,
                    1502
                ],
                [
                    608,
                    1519
                ],
                [
                    617,
                    1519
                ],
                [
                    617,
                    1502
                ]
            ],
            "text": "/",
            "label": "Out"
        },
        {
            "index": 125,
            "bbox": [
                [
                    619,
                    1502
                ],
                [
                    619,
                    1519
                ],
                [
                    639,
                    1519
                ],
                [
                    639,
                    1502
                ]
            ],
            "text": "50",
            "label": "Out"
        },
        {
            "index": 126,
            "bbox": [
                [
                    703,
                    1502
                ],
                [
                    703,
                    1519
                ],
                [
                    735,
                    1519
                ],
                [
                    735,
                    1502
                ]
            ],
            "text": "230",
            "label": "Out"
        },
        {
            "index": 127,
            "bbox": [
                [
                    737,
                    1502
                ],
                [
                    737,
                    1519
                ],
                [
                    746,
                    1519
                ],
                [
                    746,
                    1502
                ]
            ],
            "text": "/",
            "label": "Out"
        },
        {
            "index": 128,
            "bbox": [
                [
                    748,
                    1502
                ],
                [
                    748,
                    1519
                ],
                [
                    768,
                    1519
                ],
                [
                    768,
                    1502
                ]
            ],
            "text": "50",
            "label": "Out"
        },
        {
            "index": 129,
            "bbox": [
                [
                    574,
                    1540
                ],
                [
                    574,
                    1557
                ],
                [
                    608,
                    1557
                ],
                [
                    608,
                    1540
                ]
            ],
            "text": "550",
            "label": "Out"
        },
        {
            "index": 130,
            "bbox": [
                [
                    574,
                    1611
                ],
                [
                    574,
                    1628
                ],
                [
                    598,
                    1628
                ],
                [
                    598,
                    1611
                ]
            ],
            "text": "40",
            "label": "Out"
        },
        {
            "index": 131,
            "bbox": [
                [
                    574,
                    1649
                ],
                [
                    574,
                    1666
                ],
                [
                    598,
                    1666
                ],
                [
                    598,
                    1649
                ]
            ],
            "text": "35",
            "label": "Out"
        },
        {
            "index": 132,
            "bbox": [
                [
                    574,
                    1683
                ],
                [
                    574,
                    1700
                ],
                [
                    598,
                    1700
                ],
                [
                    598,
                    1683
                ]
            ],
            "text": "30",
            "label": "Out"
        },
        {
            "index": 133,
            "bbox": [
                [
                    577,
                    1717
                ],
                [
                    577,
                    1737
                ],
                [
                    592,
                    1737
                ],
                [
                    592,
                    1717
                ]
            ],
            "text": "IP",
            "label": "Out"
        },
        {
            "index": 134,
            "bbox": [
                [
                    594,
                    1717
                ],
                [
                    594,
                    1737
                ],
                [
                    614,
                    1737
                ],
                [
                    614,
                    1717
                ]
            ],
            "text": "68",
            "label": "Out"
        },
        {
            "index": 135,
            "bbox": [
                [
                    574,
                    1788
                ],
                [
                    574,
                    1808
                ],
                [
                    611,
                    1808
                ],
                [
                    611,
                    1788
                ]
            ],
            "text": "11,7",
            "label": "Out"
        },
        {
            "index": 136,
            "bbox": [
                [
                    574,
                    1822
                ],
                [
                    574,
                    1842
                ],
                [
                    608,
                    1842
                ],
                [
                    608,
                    1822
                ]
            ],
            "text": "628",
            "label": "Out"
        },
        {
            "index": 137,
            "bbox": [
                [
                    703,
                    1540
                ],
                [
                    703,
                    1557
                ],
                [
                    737,
                    1557
                ],
                [
                    737,
                    1540
                ]
            ],
            "text": "550",
            "label": "Out"
        },
        {
            "index": 138,
            "bbox": [
                [
                    703,
                    1611
                ],
                [
                    703,
                    1628
                ],
                [
                    727,
                    1628
                ],
                [
                    727,
                    1611
                ]
            ],
            "text": "40",
            "label": "Out"
        },
        {
            "index": 139,
            "bbox": [
                [
                    703,
                    1649
                ],
                [
                    703,
                    1666
                ],
                [
                    727,
                    1666
                ],
                [
                    727,
                    1649
                ]
            ],
            "text": "35",
            "label": "Out"
        },
        {
            "index": 140,
            "bbox": [
                [
                    706,
                    1683
                ],
                [
                    706,
                    1700
                ],
                [
                    726,
                    1700
                ],
                [
                    726,
                    1683
                ]
            ],
            "text": "40",
            "label": "Out"
        },
        {
            "index": 141,
            "bbox": [
                [
                    706,
                    1717
                ],
                [
                    706,
                    1737
                ],
                [
                    723,
                    1737
                ],
                [
                    723,
                    1717
                ]
            ],
            "text": "IP",
            "label": "Out"
        },
        {
            "index": 142,
            "bbox": [
                [
                    726,
                    1717
                ],
                [
                    726,
                    1737
                ],
                [
                    747,
                    1737
                ],
                [
                    747,
                    1717
                ]
            ],
            "text": "68",
            "label": "Out"
        },
        {
            "index": 143,
            "bbox": [
                [
                    706,
                    1788
                ],
                [
                    706,
                    1808
                ],
                [
                    740,
                    1808
                ],
                [
                    740,
                    1788
                ]
            ],
            "text": "12,9",
            "label": "Out"
        },
        {
            "index": 144,
            "bbox": [
                [
                    703,
                    1822
                ],
                [
                    703,
                    1842
                ],
                [
                    737,
                    1842
                ],
                [
                    737,
                    1822
                ]
            ],
            "text": "628",
            "label": "Out"
        },
        {
            "index": 145,
            "bbox": [
                [
                    910,
                    1342
                ],
                [
                    910,
                    1366
                ],
                [
                    934,
                    1366
                ],
                [
                    934,
                    1342
                ]
            ],
            "text": "•",
            "label": "Out"
        },
        {
            "index": 146,
            "bbox": [
                [
                    937,
                    1342
                ],
                [
                    937,
                    1366
                ],
                [
                    1027,
                    1366
                ],
                [
                    1027,
                    1342
                ]
            ],
            "text": "Stainless",
            "label": "Out"
        },
        {
            "index": 147,
            "bbox": [
                [
                    1030,
                    1342
                ],
                [
                    1030,
                    1366
                ],
                [
                    1081,
                    1366
                ],
                [
                    1081,
                    1342
                ]
            ],
            "text": "steel",
            "label": "Out"
        },
        {
            "index": 148,
            "bbox": [
                [
                    1084,
                    1342
                ],
                [
                    1084,
                    1366
                ],
                [
                    1141,
                    1366
                ],
                [
                    1141,
                    1342
                ]
            ],
            "text": "shaft,",
            "label": "Out"
        },
        {
            "index": 149,
            "bbox": [
                [
                    1144,
                    1342
                ],
                [
                    1144,
                    1366
                ],
                [
                    1210,
                    1366
                ],
                [
                    1210,
                    1342
                ]
            ],
            "text": "casing",
            "label": "Out"
        },
        {
            "index": 150,
            "bbox": [
                [
                    1213,
                    1342
                ],
                [
                    1213,
                    1366
                ],
                [
                    1249,
                    1366
                ],
                [
                    1249,
                    1342
                ]
            ],
            "text": "and",
            "label": "Out"
        },
        {
            "index": 151,
            "bbox": [
                [
                    1252,
                    1342
                ],
                [
                    1252,
                    1366
                ],
                [
                    1355,
                    1366
                ],
                [
                    1355,
                    1342
                ]
            ],
            "text": "hydraulics",
            "label": "Out"
        },
        {
            "index": 152,
            "bbox": [
                [
                    910,
                    1383
                ],
                [
                    910,
                    1404
                ],
                [
                    933,
                    1404
                ],
                [
                    933,
                    1383
                ]
            ],
            "text": "•",
            "label": "Out"
        },
        {
            "index": 153,
            "bbox": [
                [
                    936,
                    1383
                ],
                [
                    936,
                    1404
                ],
                [
                    999,
                    1404
                ],
                [
                    999,
                    1383
                ]
            ],
            "text": "Screw",
            "label": "Out"
        },
        {
            "index": 154,
            "bbox": [
                [
                    1002,
                    1383
                ],
                [
                    1002,
                    1404
                ],
                [
                    1023,
                    1404
                ],
                [
                    1023,
                    1383
                ]
            ],
            "text": "in",
            "label": "Out"
        },
        {
            "index": 155,
            "bbox": [
                [
                    1026,
                    1383
                ],
                [
                    1026,
                    1404
                ],
                [
                    1039,
                    1404
                ],
                [
                    1039,
                    1383
                ]
            ],
            "text": "a",
            "label": "Out"
        },
        {
            "index": 156,
            "bbox": [
                [
                    1041,
                    1383
                ],
                [
                    1041,
                    1404
                ],
                [
                    1109,
                    1404
                ],
                [
                    1109,
                    1383
                ]
            ],
            "text": "rubber",
            "label": "Out"
        },
        {
            "index": 157,
            "bbox": [
                [
                    1112,
                    1383
                ],
                [
                    1112,
                    1404
                ],
                [
                    1172,
                    1404
                ],
                [
                    1172,
                    1383
                ]
            ],
            "text": "stator",
            "label": "Out"
        },
        {
            "index": 158,
            "bbox": [
                [
                    910,
                    1421
                ],
                [
                    910,
                    1445
                ],
                [
                    933,
                    1445
                ],
                [
                    933,
                    1421
                ]
            ],
            "text": "•",
            "label": "Out"
        },
        {
            "index": 159,
            "bbox": [
                [
                    936,
                    1421
                ],
                [
                    936,
                    1444
                ],
                [
                    1037,
                    1444
                ],
                [
                    1037,
                    1421
                ]
            ],
            "text": "Oil-cooled",
            "label": "Out"
        },
        {
            "index": 160,
            "bbox": [
                [
                    1039,
                    1421
                ],
                [
                    1039,
                    1444
                ],
                [
                    1105,
                    1444
                ],
                [
                    1105,
                    1421
                ]
            ],
            "text": "engine",
            "label": "Out"
        },
        {
            "index": 161,
            "bbox": [
                [
                    1108,
                    1421
                ],
                [
                    1108,
                    1444
                ],
                [
                    1151,
                    1444
                ],
                [
                    1151,
                    1421
                ]
            ],
            "text": "with",
            "label": "Out"
        },
        {
            "index": 162,
            "bbox": [
                [
                    1154,
                    1421
                ],
                [
                    1154,
                    1444
                ],
                [
                    1298,
                    1444
                ],
                [
                    1298,
                    1421
                ]
            ],
            "text": "compensating",
            "label": "Out"
        },
        {
            "index": 163,
            "bbox": [
                [
                    1301,
                    1421
                ],
                [
                    1301,
                    1445
                ],
                [
                    1409,
                    1445
                ],
                [
                    1409,
                    1421
                ]
            ],
            "text": "membrane",
            "label": "Out"
        },
        {
            "index": 164,
            "bbox": [
                [
                    910,
                    1462
                ],
                [
                    910,
                    1486
                ],
                [
                    933,
                    1486
                ],
                [
                    933,
                    1462
                ]
            ],
            "text": "•",
            "label": "Out"
        },
        {
            "index": 165,
            "bbox": [
                [
                    936,
                    1462
                ],
                [
                    936,
                    1485
                ],
                [
                    1022,
                    1485
                ],
                [
                    1022,
                    1462
                ]
            ],
            "text": "Graphite",
            "label": "Out"
        },
        {
            "index": 166,
            "bbox": [
                [
                    1025,
                    1462
                ],
                [
                    1025,
                    1485
                ],
                [
                    1065,
                    1485
                ],
                [
                    1065,
                    1462
                ]
            ],
            "text": "seal",
            "label": "Out"
        },
        {
            "index": 167,
            "bbox": [
                [
                    1068,
                    1462
                ],
                [
                    1068,
                    1485
                ],
                [
                    1166,
                    1485
                ],
                [
                    1166,
                    1462
                ]
            ],
            "text": "protected",
            "label": "Out"
        },
        {
            "index": 168,
            "bbox": [
                [
                    1169,
                    1462
                ],
                [
                    1169,
                    1485
                ],
                [
                    1195,
                    1485
                ],
                [
                    1195,
                    1462
                ]
            ],
            "text": "by",
            "label": "Out"
        },
        {
            "index": 169,
            "bbox": [
                [
                    1198,
                    1462
                ],
                [
                    1198,
                    1485
                ],
                [
                    1210,
                    1485
                ],
                [
                    1210,
                    1462
                ]
            ],
            "text": "a",
            "label": "Out"
        },
        {
            "index": 170,
            "bbox": [
                [
                    1212,
                    1462
                ],
                [
                    1212,
                    1485
                ],
                [
                    1252,
                    1485
                ],
                [
                    1252,
                    1462
                ]
            ],
            "text": "ring",
            "label": "Out"
        },
        {
            "index": 171,
            "bbox": [
                [
                    1255,
                    1462
                ],
                [
                    1255,
                    1485
                ],
                [
                    1330,
                    1485
                ],
                [
                    1330,
                    1462
                ]
            ],
            "text": "against",
            "label": "Out"
        },
        {
            "index": 172,
            "bbox": [
                [
                    1333,
                    1462
                ],
                [
                    1333,
                    1486
                ],
                [
                    1383,
                    1486
                ],
                [
                    1383,
                    1462
                ]
            ],
            "text": "sand",
            "label": "Out"
        },
        {
            "index": 173,
            "bbox": [
                [
                    910,
                    1499
                ],
                [
                    910,
                    1523
                ],
                [
                    934,
                    1523
                ],
                [
                    934,
                    1499
                ]
            ],
            "text": "•",
            "label": "Out"
        },
        {
            "index": 174,
            "bbox": [
                [
                    937,
                    1499
                ],
                [
                    937,
                    1523
                ],
                [
                    976,
                    1523
                ],
                [
                    976,
                    1499
                ]
            ],
            "text": "The",
            "label": "Out"
        },
        {
            "index": 175,
            "bbox": [
                [
                    979,
                    1499
                ],
                [
                    979,
                    1523
                ],
                [
                    1039,
                    1523
                ],
                [
                    1039,
                    1499
                ]
            ],
            "text": "pump",
            "label": "Out"
        },
        {
            "index": 176,
            "bbox": [
                [
                    1042,
                    1499
                ],
                [
                    1042,
                    1523
                ],
                [
                    1093,
                    1523
                ],
                [
                    1093,
                    1499
                ]
            ],
            "text": "parts",
            "label": "Out"
        },
        {
            "index": 177,
            "bbox": [
                [
                    1096,
                    1499
                ],
                [
                    1096,
                    1523
                ],
                [
                    1129,
                    1523
                ],
                [
                    1129,
                    1499
                ]
            ],
            "text": "are",
            "label": "Out"
        },
        {
            "index": 178,
            "bbox": [
                [
                    1132,
                    1499
                ],
                [
                    1132,
                    1523
                ],
                [
                    1225,
                    1523
                ],
                [
                    1225,
                    1499
                ]
            ],
            "text": "non-toxic",
            "label": "Out"
        },
        {
            "index": 179,
            "bbox": [
                [
                    1228,
                    1499
                ],
                [
                    1228,
                    1523
                ],
                [
                    1267,
                    1523
                ],
                [
                    1267,
                    1499
                ]
            ],
            "text": "and",
            "label": "Out"
        },
        {
            "index": 180,
            "bbox": [
                [
                    1270,
                    1499
                ],
                [
                    1270,
                    1523
                ],
                [
                    1297,
                    1523
                ],
                [
                    1297,
                    1499
                ]
            ],
            "text": "do",
            "label": "Out"
        },
        {
            "index": 181,
            "bbox": [
                [
                    1300,
                    1499
                ],
                [
                    1300,
                    1523
                ],
                [
                    1333,
                    1523
                ],
                [
                    1333,
                    1499
                ]
            ],
            "text": "not",
            "label": "Out"
        },
        {
            "index": 182,
            "bbox": [
                [
                    1336,
                    1499
                ],
                [
                    1336,
                    1523
                ],
                [
                    1406,
                    1523
                ],
                [
                    1406,
                    1499
                ]
            ],
            "text": "pollute",
            "label": "Out"
        },
        {
            "index": 183,
            "bbox": [
                [
                    910,
                    1577
                ],
                [
                    910,
                    1598
                ],
                [
                    947,
                    1598
                ],
                [
                    947,
                    1577
                ]
            ],
            "text": "the",
            "label": "Out"
        },
        {
            "index": 184,
            "bbox": [
                [
                    949,
                    1577
                ],
                [
                    949,
                    1598
                ],
                [
                    1076,
                    1598
                ],
                [
                    1076,
                    1577
                ]
            ],
            "text": "environment",
            "label": "Out"
        },
        {
            "index": 185,
            "bbox": [
                [
                    910,
                    1618
                ],
                [
                    910,
                    1655
                ],
                [
                    1067,
                    1655
                ],
                [
                    1067,
                    1618
                ]
            ],
            "text": "Hydraulic",
            "label": "Out"
        },
        {
            "index": 186,
            "bbox": [
                [
                    1072,
                    1618
                ],
                [
                    1072,
                    1655
                ],
                [
                    1178,
                    1655
                ],
                [
                    1178,
                    1618
                ]
            ],
            "text": "power",
            "label": "Out"
        },
        {
            "index": 187,
            "bbox": [
                [
                    1183,
                    1618
                ],
                [
                    1183,
                    1655
                ],
                [
                    1267,
                    1655
                ],
                [
                    1267,
                    1618
                ]
            ],
            "text": "curve",
            "label": "Out"
        },
        {
            "index": 188,
            "bbox": [
                [
                    136,
                    2091
                ],
                [
                    136,
                    2125
                ],
                [
                    435,
                    2125
                ],
                [
                    435,
                    2091
                ]
            ],
            "text": "www.pumpa.eu",
            "label": "Out"
        }
    ]
}