{
    "datasheet": [
        {
            "index": 0,
            "bbox": [
                [
                    180,
                    127
                ],
                [
                    180,
                    241
                ],
                [
                    602,
                    241
                ],
                [
                    602,
                    127
                ]
            ],
            "text": "pumpa",
            "label": "Out",
            "links": []
        },
        {
            "index": 1,
            "bbox": [
                [
                    183,
                    299
                ],
                [
                    183,
                    371
                ],
                [
                    381,
                    371
                ],
                [
                    381,
                    299
                ]
            ],
            "text": "blue",
            "label": "Out",
            "links": []
        },
        {
            "index": 2,
            "bbox": [
                [
                    390,
                    299
                ],
                [
                    390,
                    371
                ],
                [
                    554,
                    371
                ],
                [
                    554,
                    299
                ]
            ],
            "text": "line",
            "label": "Out",
            "links": []
        },
        {
            "index": 3,
            "bbox": [
                [
                    136,
                    527
                ],
                [
                    136,
                    596
                ],
                [
                    264,
                    596
                ],
                [
                    264,
                    527
                ]
            ],
            "text": "pool",
            "label": "B_Descri",
            "links": []
        },
        {
            "index": 4,
            "bbox": [
                [
                    272,
                    526
                ],
                [
                    272,
                    595
                ],
                [
                    432,
                    595
                ],
                [
                    432,
                    526
                ]
            ],
            "text": "pump",
            "label": "I_Descri",
            "links": []
        },
        {
            "index": 5,
            "bbox": [
                [
                    132,
                    639
                ],
                [
                    132,
                    701
                ],
                [
                    341,
                    701
                ],
                [
                    341,
                    639
                ]
            ],
            "text": "BLUE",
            "label": "B_Descri",
            "links": []
        },
        {
            "index": 6,
            "bbox": [
                [
                    349,
                    639
                ],
                [
                    349,
                    701
                ],
                [
                    533,
                    701
                ],
                [
                    533,
                    639
                ]
            ],
            "text": "LINE",
            "label": "I_Descri",
            "links": []
        },
        {
            "index": 7,
            "bbox": [
                [
                    129,
                    731
                ],
                [
                    129,
                    796
                ],
                [
                    462,
                    796
                ],
                [
                    462,
                    731
                ]
            ],
            "text": "PFC-505",
            "label": "I_Descri",
            "links": []
        },
        {
            "index": 8,
            "bbox": [
                [
                    132,
                    867
                ],
                [
                    132,
                    908
                ],
                [
                    321,
                    908
                ],
                [
                    321,
                    867
                ]
            ],
            "text": "Self-priming",
            "label": "B_Descri",
            "links": []
        },
        {
            "index": 9,
            "bbox": [
                [
                    327,
                    867
                ],
                [
                    327,
                    908
                ],
                [
                    389,
                    908
                ],
                [
                    389,
                    867
                ]
            ],
            "text": "pool",
            "label": "I_Descri",
            "links": []
        },
        {
            "index": 10,
            "bbox": [
                [
                    393,
                    867
                ],
                [
                    393,
                    908
                ],
                [
                    542,
                    908
                ],
                [
                    542,
                    867
                ]
            ],
            "text": "pumpwith",
            "label": "I_Descri",
            "links": []
        },
        {
            "index": 11,
            "bbox": [
                [
                    547,
                    867
                ],
                [
                    547,
                    908
                ],
                [
                    655,
                    908
                ],
                [
                    655,
                    867
                ]
            ],
            "text": "built-in",
            "label": "I_Descri",
            "links": []
        },
        {
            "index": 12,
            "bbox": [
                [
                    660,
                    867
                ],
                [
                    660,
                    908
                ],
                [
                    761,
                    908
                ],
                [
                    761,
                    867
                ]
            ],
            "text": "plastic",
            "label": "I_Descri",
            "links": []
        },
        {
            "index": 13,
            "bbox": [
                [
                    132,
                    908
                ],
                [
                    132,
                    949
                ],
                [
                    275,
                    949
                ],
                [
                    275,
                    908
                ]
            ],
            "text": "pre-filter.",
            "label": "I_Descri",
            "links": []
        },
        {
            "index": 14,
            "bbox": [
                [
                    281,
                    908
                ],
                [
                    281,
                    949
                ],
                [
                    353,
                    949
                ],
                [
                    353,
                    908
                ]
            ],
            "text": "Ideal",
            "label": "I_Descri",
            "links": []
        },
        {
            "index": 15,
            "bbox": [
                [
                    358,
                    908
                ],
                [
                    358,
                    949
                ],
                [
                    404,
                    949
                ],
                [
                    404,
                    908
                ]
            ],
            "text": "for",
            "label": "I_Descri",
            "links": []
        },
        {
            "index": 16,
            "bbox": [
                [
                    409,
                    908
                ],
                [
                    409,
                    949
                ],
                [
                    511,
                    949
                ],
                [
                    511,
                    908
                ]
            ],
            "text": "private",
            "label": "I_Descri",
            "links": []
        },
        {
            "index": 17,
            "bbox": [
                [
                    516,
                    908
                ],
                [
                    516,
                    949
                ],
                [
                    598,
                    949
                ],
                [
                    598,
                    908
                ]
            ],
            "text": "pools",
            "label": "I_Descri",
            "links": []
        },
        {
            "index": 18,
            "bbox": [
                [
                    604,
                    908
                ],
                [
                    604,
                    949
                ],
                [
                    671,
                    949
                ],
                [
                    671,
                    908
                ]
            ],
            "text": "with",
            "label": "I_Descri",
            "links": []
        },
        {
            "index": 19,
            "bbox": [
                [
                    675,
                    908
                ],
                [
                    675,
                    949
                ],
                [
                    784,
                    949
                ],
                [
                    784,
                    908
                ]
            ],
            "text": "volume",
            "label": "I_Descri",
            "links": []
        },
        {
            "index": 20,
            "bbox": [
                [
                    132,
                    948
                ],
                [
                    132,
                    985
                ],
                [
                    174,
                    985
                ],
                [
                    174,
                    948
                ]
            ],
            "text": "up",
            "label": "I_Descri",
            "links": []
        },
        {
            "index": 21,
            "bbox": [
                [
                    179,
                    948
                ],
                [
                    179,
                    985
                ],
                [
                    211,
                    985
                ],
                [
                    211,
                    948
                ]
            ],
            "text": "to",
            "label": "I_Descri",
            "links": []
        },
        {
            "index": 22,
            "bbox": [
                [
                    216,
                    949
                ],
                [
                    216,
                    986
                ],
                [
                    258,
                    986
                ],
                [
                    258,
                    949
                ]
            ],
            "text": "50",
            "label": "I_Descri",
            "links": []
        },
        {
            "index": 23,
            "bbox": [
                [
                    262,
                    949
                ],
                [
                    262,
                    986
                ],
                [
                    316,
                    986
                ],
                [
                    316,
                    949
                ]
            ],
            "text": "m^3.",
            "label": "I_Descri",
            "links": []
        },
        {
            "index": 24,
            "bbox": [
                [
                    143,
                    1288
                ],
                [
                    143,
                    1308
                ],
                [
                    211,
                    1308
                ],
                [
                    211,
                    1288
                ]
            ],
            "text": "Model",
            "label": "B_Section",
            "links": [
                [
                    25,
                    false
                ],
                [
                    26,
                    false
                ],
                [
                    29,
                    false
                ],
                [
                    33,
                    false
                ],
                [
                    37,
                    false
                ],
                [
                    38,
                    false
                ],
                [
                    41,
                    false
                ],
                [
                    43,
                    false
                ],
                [
                    44,
                    false
                ],
                [
                    48,
                    false
                ],
                [
                    52,
                    false
                ],
                [
                    54,
                    false
                ],
                [
                    57,
                    false
                ],
                [
                    59,
                    false
                ],
                [
                    66,
                    false
                ]
            ]
        },
        {
            "index": 25,
            "bbox": [
                [
                    143,
                    1336
                ],
                [
                    143,
                    1353
                ],
                [
                    191,
                    1353
                ],
                [
                    191,
                    1336
                ]
            ],
            "text": "Code",
            "label": "B_Prop",
            "links": [
                [
                    24,
                    true
                ]
            ]
        },
        {
            "index": 26,
            "bbox": [
                [
                    143,
                    1380
                ],
                [
                    143,
                    1400
                ],
                [
                    228,
                    1400
                ],
                [
                    228,
                    1380
                ]
            ],
            "text": "Maximum",
            "label": "B_Prop",
            "links": [
                [
                    24,
                    true
                ],
                [
                    75,
                    false
                ]
            ]
        },
        {
            "index": 27,
            "bbox": [
                [
                    231,
                    1380
                ],
                [
                    231,
                    1400
                ],
                [
                    266,
                    1400
                ],
                [
                    266,
                    1380
                ]
            ],
            "text": "flow",
            "label": "I_Prop",
            "links": []
        },
        {
            "index": 28,
            "bbox": [
                [
                    268,
                    1380
                ],
                [
                    268,
                    1400
                ],
                [
                    340,
                    1400
                ],
                [
                    340,
                    1380
                ]
            ],
            "text": "[m^3/hod]",
            "label": "B_Unit",
            "links": [
                [
                    75,
                    false
                ]
            ]
        },
        {
            "index": 29,
            "bbox": [
                [
                    143,
                    1424
                ],
                [
                    143,
                    1444
                ],
                [
                    228,
                    1444
                ],
                [
                    228,
                    1424
                ]
            ],
            "text": "Maximum",
            "label": "B_Prop",
            "links": [
                [
                    24,
                    true
                ],
                [
                    76,
                    false
                ]
            ]
        },
        {
            "index": 30,
            "bbox": [
                [
                    231,
                    1424
                ],
                [
                    231,
                    1444
                ],
                [
                    311,
                    1444
                ],
                [
                    311,
                    1424
                ]
            ],
            "text": "discharge",
            "label": "I_Prop",
            "links": []
        },
        {
            "index": 31,
            "bbox": [
                [
                    313,
                    1424
                ],
                [
                    313,
                    1444
                ],
                [
                    356,
                    1444
                ],
                [
                    356,
                    1424
                ]
            ],
            "text": "head",
            "label": "I_Prop",
            "links": []
        },
        {
            "index": 32,
            "bbox": [
                [
                    358,
                    1424
                ],
                [
                    358,
                    1444
                ],
                [
                    387,
                    1444
                ],
                [
                    387,
                    1424
                ]
            ],
            "text": "[m]",
            "label": "B_Unit",
            "links": [
                [
                    76,
                    false
                ]
            ]
        },
        {
            "index": 33,
            "bbox": [
                [
                    143,
                    1472
                ],
                [
                    143,
                    1492
                ],
                [
                    228,
                    1492
                ],
                [
                    228,
                    1472
                ]
            ],
            "text": "Maximum",
            "label": "B_Prop",
            "links": [
                [
                    24,
                    true
                ],
                [
                    125,
                    false
                ]
            ]
        },
        {
            "index": 34,
            "bbox": [
                [
                    231,
                    1472
                ],
                [
                    231,
                    1492
                ],
                [
                    291,
                    1492
                ],
                [
                    291,
                    1472
                ]
            ],
            "text": "suction",
            "label": "I_Prop",
            "links": []
        },
        {
            "index": 35,
            "bbox": [
                [
                    293,
                    1472
                ],
                [
                    293,
                    1492
                ],
                [
                    348,
                    1492
                ],
                [
                    348,
                    1472
                ]
            ],
            "text": "height",
            "label": "I_Prop",
            "links": []
        },
        {
            "index": 36,
            "bbox": [
                [
                    351,
                    1472
                ],
                [
                    351,
                    1492
                ],
                [
                    381,
                    1492
                ],
                [
                    381,
                    1472
                ]
            ],
            "text": "[m]",
            "label": "B_Unit",
            "links": [
                [
                    125,
                    false
                ]
            ]
        },
        {
            "index": 37,
            "bbox": [
                [
                    143,
                    1516
                ],
                [
                    143,
                    1536
                ],
                [
                    208,
                    1536
                ],
                [
                    208,
                    1516
                ]
            ],
            "text": "Voltage",
            "label": "B_Prop",
            "links": [
                [
                    24,
                    true
                ],
                [
                    77,
                    false
                ]
            ]
        },
        {
            "index": 38,
            "bbox": [
                [
                    210,
                    1516
                ],
                [
                    210,
                    1536
                ],
                [
                    218,
                    1536
                ],
                [
                    218,
                    1516
                ]
            ],
            "text": "/",
            "label": "B_Prop",
            "links": [
                [
                    24,
                    true
                ]
            ]
        },
        {
            "index": 39,
            "bbox": [
                [
                    221,
                    1516
                ],
                [
                    221,
                    1536
                ],
                [
                    306,
                    1536
                ],
                [
                    306,
                    1516
                ]
            ],
            "text": "frequency",
            "label": "I_Prop",
            "links": []
        },
        {
            "index": 40,
            "bbox": [
                [
                    308,
                    1516
                ],
                [
                    308,
                    1536
                ],
                [
                    360,
                    1536
                ],
                [
                    360,
                    1516
                ]
            ],
            "text": "[V/Hz]",
            "label": "B_Unit",
            "links": [
                [
                    77,
                    false
                ]
            ]
        },
        {
            "index": 41,
            "bbox": [
                [
                    143,
                    1560
                ],
                [
                    143,
                    1581
                ],
                [
                    198,
                    1581
                ],
                [
                    198,
                    1560
                ]
            ],
            "text": "Power",
            "label": "B_Prop",
            "links": [
                [
                    24,
                    true
                ],
                [
                    80,
                    false
                ]
            ]
        },
        {
            "index": 42,
            "bbox": [
                [
                    201,
                    1560
                ],
                [
                    201,
                    1581
                ],
                [
                    231,
                    1581
                ],
                [
                    231,
                    1560
                ]
            ],
            "text": "[W]",
            "label": "B_Unit",
            "links": [
                [
                    80,
                    false
                ]
            ]
        },
        {
            "index": 43,
            "bbox": [
                [
                    143,
                    1605
                ],
                [
                    143,
                    1625
                ],
                [
                    241,
                    1625
                ],
                [
                    241,
                    1605
                ]
            ],
            "text": "Connection",
            "label": "B_Prop",
            "links": [
                [
                    24,
                    true
                ],
                [
                    81,
                    false
                ]
            ]
        },
        {
            "index": 44,
            "bbox": [
                [
                    139,
                    1649
                ],
                [
                    139,
                    1669
                ],
                [
                    226,
                    1669
                ],
                [
                    226,
                    1649
                ]
            ],
            "text": "Maximum",
            "label": "B_Prop",
            "links": [
                [
                    24,
                    true
                ],
                [
                    84,
                    false
                ]
            ]
        },
        {
            "index": 45,
            "bbox": [
                [
                    229,
                    1649
                ],
                [
                    229,
                    1669
                ],
                [
                    267,
                    1669
                ],
                [
                    267,
                    1649
                ]
            ],
            "text": "fluid",
            "label": "I_Prop",
            "links": []
        },
        {
            "index": 46,
            "bbox": [
                [
                    269,
                    1649
                ],
                [
                    269,
                    1669
                ],
                [
                    371,
                    1669
                ],
                [
                    371,
                    1649
                ]
            ],
            "text": "temperature",
            "label": "I_Prop",
            "links": []
        },
        {
            "index": 47,
            "bbox": [
                [
                    374,
                    1649
                ],
                [
                    374,
                    1669
                ],
                [
                    404,
                    1669
                ],
                [
                    404,
                    1649
                ]
            ],
            "text": "[°C]",
            "label": "B_Unit",
            "links": [
                [
                    84,
                    false
                ]
            ]
        },
        {
            "index": 48,
            "bbox": [
                [
                    143,
                    1696
                ],
                [
                    143,
                    1717
                ],
                [
                    227,
                    1717
                ],
                [
                    227,
                    1696
                ]
            ],
            "text": "Maximum",
            "label": "B_Prop",
            "links": [
                [
                    24,
                    true
                ],
                [
                    85,
                    false
                ]
            ]
        },
        {
            "index": 49,
            "bbox": [
                [
                    230,
                    1696
                ],
                [
                    230,
                    1717
                ],
                [
                    298,
                    1717
                ],
                [
                    298,
                    1696
                ]
            ],
            "text": "ambient",
            "label": "I_Prop",
            "links": []
        },
        {
            "index": 50,
            "bbox": [
                [
                    301,
                    1696
                ],
                [
                    301,
                    1717
                ],
                [
                    403,
                    1717
                ],
                [
                    403,
                    1696
                ]
            ],
            "text": "temperature",
            "label": "I_Prop",
            "links": []
        },
        {
            "index": 51,
            "bbox": [
                [
                    406,
                    1696
                ],
                [
                    406,
                    1717
                ],
                [
                    435,
                    1717
                ],
                [
                    435,
                    1696
                ]
            ],
            "text": "[°C]",
            "label": "B_Unit",
            "links": [
                [
                    85,
                    false
                ]
            ]
        },
        {
            "index": 52,
            "bbox": [
                [
                    143,
                    1751
                ],
                [
                    143,
                    1771
                ],
                [
                    213,
                    1771
                ],
                [
                    213,
                    1751
                ]
            ],
            "text": "Pumped",
            "label": "B_Prop",
            "links": [
                [
                    24,
                    true
                ],
                [
                    86,
                    false
                ]
            ]
        },
        {
            "index": 53,
            "bbox": [
                [
                    215,
                    1751
                ],
                [
                    215,
                    1771
                ],
                [
                    285,
                    1771
                ],
                [
                    285,
                    1751
                ]
            ],
            "text": "medium",
            "label": "I_Prop",
            "links": []
        },
        {
            "index": 54,
            "bbox": [
                [
                    143,
                    1808
                ],
                [
                    143,
                    1829
                ],
                [
                    204,
                    1829
                ],
                [
                    204,
                    1808
                ]
            ],
            "text": "Degree",
            "label": "B_Prop",
            "links": [
                [
                    24,
                    true
                ],
                [
                    96,
                    false
                ]
            ]
        },
        {
            "index": 55,
            "bbox": [
                [
                    206,
                    1808
                ],
                [
                    206,
                    1829
                ],
                [
                    224,
                    1829
                ],
                [
                    224,
                    1808
                ]
            ],
            "text": "of",
            "label": "I_Prop",
            "links": []
        },
        {
            "index": 56,
            "bbox": [
                [
                    227,
                    1808
                ],
                [
                    227,
                    1829
                ],
                [
                    316,
                    1829
                ],
                [
                    316,
                    1808
                ]
            ],
            "text": "protection",
            "label": "I_Prop",
            "links": []
        },
        {
            "index": 57,
            "bbox": [
                [
                    143,
                    1853
                ],
                [
                    143,
                    1870
                ],
                [
                    226,
                    1870
                ],
                [
                    226,
                    1853
                ]
            ],
            "text": "Insulation",
            "label": "B_Prop",
            "links": [
                [
                    24,
                    true
                ],
                [
                    126,
                    false
                ]
            ]
        },
        {
            "index": 58,
            "bbox": [
                [
                    228,
                    1853
                ],
                [
                    228,
                    1870
                ],
                [
                    275,
                    1870
                ],
                [
                    275,
                    1853
                ]
            ],
            "text": "class",
            "label": "I_Prop",
            "links": []
        },
        {
            "index": 59,
            "bbox": [
                [
                    143,
                    1897
                ],
                [
                    143,
                    1917
                ],
                [
                    233,
                    1917
                ],
                [
                    233,
                    1897
                ]
            ],
            "text": "Dimension",
            "label": "B_Prop",
            "links": [
                [
                    24,
                    true
                ],
                [
                    98,
                    false
                ]
            ]
        },
        {
            "index": 60,
            "bbox": [
                [
                    235,
                    1897
                ],
                [
                    235,
                    1917
                ],
                [
                    245,
                    1917
                ],
                [
                    245,
                    1897
                ]
            ],
            "text": "L",
            "label": "I_Prop",
            "links": []
        },
        {
            "index": 61,
            "bbox": [
                [
                    248,
                    1897
                ],
                [
                    248,
                    1917
                ],
                [
                    260,
                    1917
                ],
                [
                    260,
                    1897
                ]
            ],
            "text": "x",
            "label": "I_Prop",
            "links": []
        },
        {
            "index": 62,
            "bbox": [
                [
                    263,
                    1897
                ],
                [
                    263,
                    1917
                ],
                [
                    278,
                    1917
                ],
                [
                    278,
                    1897
                ]
            ],
            "text": "H",
            "label": "I_Prop",
            "links": []
        },
        {
            "index": 63,
            "bbox": [
                [
                    281,
                    1897
                ],
                [
                    281,
                    1917
                ],
                [
                    291,
                    1917
                ],
                [
                    291,
                    1897
                ]
            ],
            "text": "x",
            "label": "I_Prop",
            "links": []
        },
        {
            "index": 64,
            "bbox": [
                [
                    293,
                    1897
                ],
                [
                    293,
                    1917
                ],
                [
                    310,
                    1917
                ],
                [
                    310,
                    1897
                ]
            ],
            "text": "W",
            "label": "I_Prop",
            "links": []
        },
        {
            "index": 65,
            "bbox": [
                [
                    313,
                    1897
                ],
                [
                    313,
                    1917
                ],
                [
                    357,
                    1917
                ],
                [
                    357,
                    1897
                ]
            ],
            "text": "[mm]",
            "label": "B_Unit",
            "links": [
                [
                    98,
                    false
                ]
            ]
        },
        {
            "index": 66,
            "bbox": [
                [
                    143,
                    1941
                ],
                [
                    143,
                    1961
                ],
                [
                    191,
                    1961
                ],
                [
                    191,
                    1941
                ]
            ],
            "text": "Cable",
            "label": "B_Prop",
            "links": [
                [
                    24,
                    true
                ],
                [
                    127,
                    false
                ]
            ]
        },
        {
            "index": 67,
            "bbox": [
                [
                    193,
                    1941
                ],
                [
                    193,
                    1961
                ],
                [
                    248,
                    1961
                ],
                [
                    248,
                    1941
                ]
            ],
            "text": "length",
            "label": "I_Prop",
            "links": []
        },
        {
            "index": 68,
            "bbox": [
                [
                    251,
                    1941
                ],
                [
                    251,
                    1961
                ],
                [
                    279,
                    1961
                ],
                [
                    279,
                    1941
                ]
            ],
            "text": "[m]",
            "label": "B_Unit",
            "links": [
                [
                    127,
                    false
                ]
            ]
        },
        {
            "index": 69,
            "bbox": [
                [
                    537,
                    1288
                ],
                [
                    537,
                    1308
                ],
                [
                    582,
                    1308
                ],
                [
                    582,
                    1288
                ]
            ],
            "text": "blue",
            "label": "B_Descri",
            "links": [
                [
                    74,
                    false
                ]
            ]
        },
        {
            "index": 70,
            "bbox": [
                [
                    585,
                    1288
                ],
                [
                    585,
                    1308
                ],
                [
                    627,
                    1308
                ],
                [
                    627,
                    1288
                ]
            ],
            "text": "line",
            "label": "I_Descri",
            "links": []
        },
        {
            "index": 71,
            "bbox": [
                [
                    629,
                    1288
                ],
                [
                    629,
                    1308
                ],
                [
                    720,
                    1308
                ],
                [
                    720,
                    1288
                ]
            ],
            "text": "PFC",
            "label": "I_Descri",
            "links": []
        },
        {
            "index": 72,
            "bbox": [
                [
                    630,
                    1288
                ],
                [
                    630,
                    1308
                ],
                [
                    721,
                    1308
                ],
                [
                    721,
                    1288
                ]
            ],
            "text": "-",
            "label": "I_Descri",
            "links": []
        },
        {
            "index": 73,
            "bbox": [
                [
                    629,
                    1288
                ],
                [
                    629,
                    1308
                ],
                [
                    720,
                    1308
                ],
                [
                    720,
                    1288
                ]
            ],
            "text": "505",
            "label": "I_Descri",
            "links": []
        },
        {
            "index": 74,
            "bbox": [
                [
                    533,
                    1336
                ],
                [
                    533,
                    1353
                ],
                [
                    631,
                    1353
                ],
                [
                    631,
                    1336
                ]
            ],
            "text": "ZB00046840",
            "label": "B_Ref",
            "links": [
                [
                    75,
                    false
                ],
                [
                    76,
                    false
                ],
                [
                    77,
                    false
                ],
                [
                    80,
                    false
                ],
                [
                    81,
                    false
                ],
                [
                    84,
                    false
                ],
                [
                    85,
                    false
                ],
                [
                    86,
                    false
                ],
                [
                    96,
                    false
                ],
                [
                    98,
                    false
                ],
                [
                    125,
                    false
                ],
                [
                    126,
                    false
                ],
                [
                    127,
                    false
                ],
                [
                    69,
                    true
                ]
            ]
        },
        {
            "index": 75,
            "bbox": [
                [
                    537,
                    1380
                ],
                [
                    537,
                    1400
                ],
                [
                    574,
                    1400
                ],
                [
                    574,
                    1380
                ]
            ],
            "text": "10,5",
            "label": "B_Value",
            "links": [
                [
                    28,
                    true
                ],
                [
                    26,
                    true
                ],
                [
                    74,
                    true
                ]
            ]
        },
        {
            "index": 76,
            "bbox": [
                [
                    537,
                    1428
                ],
                [
                    537,
                    1445
                ],
                [
                    561,
                    1445
                ],
                [
                    561,
                    1428
                ]
            ],
            "text": "10",
            "label": "B_Value",
            "links": [
                [
                    32,
                    true
                ],
                [
                    29,
                    true
                ],
                [
                    74,
                    true
                ]
            ]
        },
        {
            "index": 77,
            "bbox": [
                [
                    533,
                    1516
                ],
                [
                    533,
                    1533
                ],
                [
                    565,
                    1533
                ],
                [
                    565,
                    1516
                ]
            ],
            "text": "230",
            "label": "B_Value",
            "links": [
                [
                    40,
                    true
                ],
                [
                    37,
                    true
                ],
                [
                    74,
                    true
                ]
            ]
        },
        {
            "index": 78,
            "bbox": [
                [
                    567,
                    1516
                ],
                [
                    567,
                    1533
                ],
                [
                    576,
                    1533
                ],
                [
                    576,
                    1516
                ]
            ],
            "text": "/",
            "label": "I_Value",
            "links": []
        },
        {
            "index": 79,
            "bbox": [
                [
                    578,
                    1516
                ],
                [
                    578,
                    1533
                ],
                [
                    602,
                    1533
                ],
                [
                    602,
                    1516
                ]
            ],
            "text": "50",
            "label": "I_Value",
            "links": []
        },
        {
            "index": 80,
            "bbox": [
                [
                    537,
                    1560
                ],
                [
                    537,
                    1580
                ],
                [
                    568,
                    1580
                ],
                [
                    568,
                    1560
                ]
            ],
            "text": "500",
            "label": "B_Value",
            "links": [
                [
                    42,
                    true
                ],
                [
                    41,
                    true
                ],
                [
                    74,
                    true
                ]
            ]
        },
        {
            "index": 81,
            "bbox": [
                [
                    536,
                    1604
                ],
                [
                    536,
                    1625
                ],
                [
                    566,
                    1625
                ],
                [
                    566,
                    1604
                ]
            ],
            "text": "6/4“",
            "label": "B_Value",
            "links": [
                [
                    43,
                    true
                ],
                [
                    74,
                    true
                ]
            ]
        },
        {
            "index": 82,
            "bbox": [
                [
                    569,
                    1605
                ],
                [
                    569,
                    1625
                ],
                [
                    579,
                    1625
                ],
                [
                    579,
                    1605
                ]
            ],
            "text": "x",
            "label": "I_Value",
            "links": []
        },
        {
            "index": 83,
            "bbox": [
                [
                    581,
                    1605
                ],
                [
                    581,
                    1626
                ],
                [
                    615,
                    1626
                ],
                [
                    615,
                    1605
                ]
            ],
            "text": "6/4“",
            "label": "I_Value",
            "links": []
        },
        {
            "index": 84,
            "bbox": [
                [
                    533,
                    1652
                ],
                [
                    533,
                    1669
                ],
                [
                    560,
                    1669
                ],
                [
                    560,
                    1652
                ]
            ],
            "text": "35",
            "label": "B_Value",
            "links": [
                [
                    47,
                    true
                ],
                [
                    44,
                    true
                ],
                [
                    74,
                    true
                ]
            ]
        },
        {
            "index": 85,
            "bbox": [
                [
                    537,
                    1696
                ],
                [
                    537,
                    1713
                ],
                [
                    557,
                    1713
                ],
                [
                    557,
                    1696
                ]
            ],
            "text": "40",
            "label": "B_Value",
            "links": [
                [
                    51,
                    true
                ],
                [
                    48,
                    true
                ],
                [
                    74,
                    true
                ]
            ]
        },
        {
            "index": 86,
            "bbox": [
                [
                    537,
                    1740
                ],
                [
                    537,
                    1761
                ],
                [
                    579,
                    1761
                ],
                [
                    579,
                    1740
                ]
            ],
            "text": "water",
            "label": "B_Value",
            "links": [
                [
                    52,
                    true
                ],
                [
                    74,
                    true
                ]
            ]
        },
        {
            "index": 87,
            "bbox": [
                [
                    582,
                    1740
                ],
                [
                    582,
                    1761
                ],
                [
                    656,
                    1761
                ],
                [
                    656,
                    1740
                ]
            ],
            "text": "containing",
            "label": "I_Value",
            "links": []
        },
        {
            "index": 88,
            "bbox": [
                [
                    658,
                    1740
                ],
                [
                    658,
                    1761
                ],
                [
                    716,
                    1761
                ],
                [
                    716,
                    1740
                ]
            ],
            "text": "chlorine",
            "label": "I_Value",
            "links": []
        },
        {
            "index": 89,
            "bbox": [
                [
                    718,
                    1740
                ],
                [
                    718,
                    1761
                ],
                [
                    734,
                    1761
                ],
                [
                    734,
                    1740
                ]
            ],
            "text": "or",
            "label": "I_Value",
            "links": []
        },
        {
            "index": 90,
            "bbox": [
                [
                    736,
                    1740
                ],
                [
                    736,
                    1761
                ],
                [
                    781,
                    1761
                ],
                [
                    781,
                    1740
                ]
            ],
            "text": "chlori",
            "label": "I_Value",
            "links": []
        },
        {
            "index": 91,
            "bbox": [
                [
                    737,
                    1740
                ],
                [
                    737,
                    1761
                ],
                [
                    782,
                    1761
                ],
                [
                    782,
                    1740
                ]
            ],
            "text": "-",
            "label": "I_Value",
            "links": []
        },
        {
            "index": 92,
            "bbox": [
                [
                    533,
                    1764
                ],
                [
                    533,
                    1781
                ],
                [
                    580,
                    1781
                ],
                [
                    580,
                    1764
                ]
            ],
            "text": "nated",
            "label": "I_Value",
            "links": []
        },
        {
            "index": 93,
            "bbox": [
                [
                    582,
                    1764
                ],
                [
                    582,
                    1781
                ],
                [
                    624,
                    1781
                ],
                [
                    624,
                    1764
                ]
            ],
            "text": "water,",
            "label": "I_Value",
            "links": []
        },
        {
            "index": 94,
            "bbox": [
                [
                    627,
                    1764
                ],
                [
                    627,
                    1781
                ],
                [
                    655,
                    1781
                ],
                [
                    655,
                    1764
                ]
            ],
            "text": "salt",
            "label": "I_Value",
            "links": []
        },
        {
            "index": 95,
            "bbox": [
                [
                    656,
                    1764
                ],
                [
                    656,
                    1781
                ],
                [
                    696,
                    1781
                ],
                [
                    696,
                    1764
                ]
            ],
            "text": "water",
            "label": "I_Value",
            "links": []
        },
        {
            "index": 96,
            "bbox": [
                [
                    537,
                    1808
                ],
                [
                    537,
                    1825
                ],
                [
                    554,
                    1825
                ],
                [
                    554,
                    1808
                ]
            ],
            "text": "IP",
            "label": "B_Value",
            "links": [
                [
                    54,
                    true
                ],
                [
                    74,
                    true
                ]
            ]
        },
        {
            "index": 97,
            "bbox": [
                [
                    556,
                    1808
                ],
                [
                    556,
                    1825
                ],
                [
                    577,
                    1825
                ],
                [
                    577,
                    1808
                ]
            ],
            "text": "X5",
            "label": "I_Value",
            "links": []
        },
        {
            "index": 98,
            "bbox": [
                [
                    537,
                    1897
                ],
                [
                    537,
                    1917
                ],
                [
                    565,
                    1917
                ],
                [
                    565,
                    1897
                ]
            ],
            "text": "370",
            "label": "B_Value",
            "links": [
                [
                    65,
                    true
                ],
                [
                    59,
                    true
                ],
                [
                    74,
                    true
                ]
            ]
        },
        {
            "index": 99,
            "bbox": [
                [
                    567,
                    1897
                ],
                [
                    567,
                    1917
                ],
                [
                    577,
                    1917
                ],
                [
                    577,
                    1897
                ]
            ],
            "text": "×",
            "label": "I_Value",
            "links": []
        },
        {
            "index": 100,
            "bbox": [
                [
                    580,
                    1897
                ],
                [
                    580,
                    1917
                ],
                [
                    608,
                    1917
                ],
                [
                    608,
                    1897
                ]
            ],
            "text": "210",
            "label": "I_Value",
            "links": []
        },
        {
            "index": 101,
            "bbox": [
                [
                    610,
                    1897
                ],
                [
                    610,
                    1917
                ],
                [
                    620,
                    1917
                ],
                [
                    620,
                    1897
                ]
            ],
            "text": "×",
            "label": "I_Value",
            "links": []
        },
        {
            "index": 102,
            "bbox": [
                [
                    622,
                    1897
                ],
                [
                    622,
                    1917
                ],
                [
                    649,
                    1917
                ],
                [
                    649,
                    1897
                ]
            ],
            "text": "150",
            "label": "I_Value",
            "links": []
        },
        {
            "index": 103,
            "bbox": [
                [
                    132,
                    2074
                ],
                [
                    132,
                    2108
                ],
                [
                    431,
                    2108
                ],
                [
                    431,
                    2074
                ]
            ],
            "text": "www.pumpa.eu",
            "label": "Out",
            "links": []
        },
        {
            "index": 104,
            "bbox": [
                [
                    1090,
                    180
                ],
                [
                    1090,
                    211
                ],
                [
                    1218,
                    211
                ],
                [
                    1218,
                    180
                ]
            ],
            "text": "PUMPA",
            "label": "B_Descri",
            "links": []
        },
        {
            "index": 105,
            "bbox": [
                [
                    1222,
                    180
                ],
                [
                    1222,
                    211
                ],
                [
                    1303,
                    211
                ],
                [
                    1303,
                    180
                ]
            ],
            "text": "BLUE",
            "label": "I_Descri",
            "links": []
        },
        {
            "index": 106,
            "bbox": [
                [
                    1307,
                    180
                ],
                [
                    1307,
                    211
                ],
                [
                    1385,
                    211
                ],
                [
                    1385,
                    180
                ]
            ],
            "text": "LINE",
            "label": "I_Descri",
            "links": []
        },
        {
            "index": 107,
            "bbox": [
                [
                    1388,
                    180
                ],
                [
                    1388,
                    211
                ],
                [
                    1518,
                    211
                ],
                [
                    1518,
                    180
                ]
            ],
            "text": "PFC-505",
            "label": "I_Descri",
            "links": []
        },
        {
            "index": 108,
            "bbox": [
                [
                    848,
                    1360
                ],
                [
                    848,
                    1403
                ],
                [
                    1001,
                    1403
                ],
                [
                    1001,
                    1360
                ]
            ],
            "text": "Hydraulic",
            "label": "B_Section",
            "links": []
        },
        {
            "index": 109,
            "bbox": [
                [
                    1005,
                    1356
                ],
                [
                    1005,
                    1397
                ],
                [
                    1115,
                    1397
                ],
                [
                    1115,
                    1356
                ]
            ],
            "text": "power",
            "label": "I_Section",
            "links": []
        },
        {
            "index": 110,
            "bbox": [
                [
                    1119,
                    1354
                ],
                [
                    1119,
                    1395
                ],
                [
                    1203,
                    1395
                ],
                [
                    1203,
                    1354
                ]
            ],
            "text": "curve",
            "label": "I_Section",
            "links": []
        },
        {
            "index": 111,
            "bbox": [
                [
                    866,
                    1472
                ],
                [
                    866,
                    1489
                ],
                [
                    893,
                    1489
                ],
                [
                    893,
                    1472
                ]
            ],
            "text": "12",
            "label": "Out",
            "links": []
        },
        {
            "index": 112,
            "bbox": [
                [
                    866,
                    1526
                ],
                [
                    866,
                    1543
                ],
                [
                    893,
                    1543
                ],
                [
                    893,
                    1526
                ]
            ],
            "text": "10",
            "label": "Out",
            "links": []
        },
        {
            "index": 113,
            "bbox": [
                [
                    1425,
                    1540
                ],
                [
                    1425,
                    1561
                ],
                [
                    1494,
                    1561
                ],
                [
                    1494,
                    1540
                ]
            ],
            "text": "PFC-505",
            "label": "Out",
            "links": []
        },
        {
            "index": 114,
            "bbox": [
                [
                    863,
                    1690
                ],
                [
                    863,
                    1717
                ],
                [
                    894,
                    1717
                ],
                [
                    894,
                    1690
                ]
            ],
            "text": "4",
            "label": "Out",
            "links": []
        },
        {
            "index": 115,
            "bbox": [
                [
                    873,
                    1747
                ],
                [
                    873,
                    1771
                ],
                [
                    893,
                    1771
                ],
                [
                    893,
                    1747
                ]
            ],
            "text": "2",
            "label": "Out",
            "links": []
        },
        {
            "index": 116,
            "bbox": [
                [
                    992,
                    1826
                ],
                [
                    992,
                    1846
                ],
                [
                    1016,
                    1846
                ],
                [
                    1016,
                    1826
                ]
            ],
            "text": "25",
            "label": "Out",
            "links": []
        },
        {
            "index": 117,
            "bbox": [
                [
                    1090,
                    1826
                ],
                [
                    1090,
                    1846
                ],
                [
                    1114,
                    1846
                ],
                [
                    1114,
                    1826
                ]
            ],
            "text": "50",
            "label": "Out",
            "links": []
        },
        {
            "index": 118,
            "bbox": [
                [
                    1189,
                    1826
                ],
                [
                    1189,
                    1843
                ],
                [
                    1213,
                    1843
                ],
                [
                    1213,
                    1826
                ]
            ],
            "text": "75",
            "label": "Out",
            "links": []
        },
        {
            "index": 119,
            "bbox": [
                [
                    1179,
                    1859
                ],
                [
                    1179,
                    1880
                ],
                [
                    1224,
                    1880
                ],
                [
                    1224,
                    1859
                ]
            ],
            "text": "Flow",
            "label": "Out",
            "links": []
        },
        {
            "index": 120,
            "bbox": [
                [
                    1226,
                    1859
                ],
                [
                    1226,
                    1880
                ],
                [
                    1239,
                    1880
                ],
                [
                    1239,
                    1859
                ]
            ],
            "text": "Q",
            "label": "Out",
            "links": []
        },
        {
            "index": 121,
            "bbox": [
                [
                    1284,
                    1826
                ],
                [
                    1284,
                    1846
                ],
                [
                    1318,
                    1846
                ],
                [
                    1318,
                    1826
                ]
            ],
            "text": "100",
            "label": "Out",
            "links": []
        },
        {
            "index": 122,
            "bbox": [
                [
                    1379,
                    1826
                ],
                [
                    1379,
                    1846
                ],
                [
                    1416,
                    1846
                ],
                [
                    1416,
                    1826
                ]
            ],
            "text": "125",
            "label": "Out",
            "links": []
        },
        {
            "index": 123,
            "bbox": [
                [
                    1481,
                    1826
                ],
                [
                    1481,
                    1843
                ],
                [
                    1515,
                    1843
                ],
                [
                    1515,
                    1826
                ]
            ],
            "text": "150",
            "label": "Out",
            "links": []
        },
        {
            "index": 124,
            "bbox": [
                [
                    1471,
                    1849
                ],
                [
                    1471,
                    1869
                ],
                [
                    1522,
                    1869
                ],
                [
                    1522,
                    1849
                ]
            ],
            "text": "l/min",
            "label": "Out",
            "links": []
        },
        {
            "index": 125,
            "bbox": [
                [
                    536,
                    1467
                ],
                [
                    536,
                    1490
                ],
                [
                    552,
                    1490
                ],
                [
                    552,
                    1467
                ]
            ],
            "text": "3",
            "label": "B_Value",
            "links": [
                [
                    36,
                    true
                ],
                [
                    33,
                    true
                ],
                [
                    74,
                    true
                ]
            ]
        },
        {
            "index": 126,
            "bbox": [
                [
                    534,
                    1850
                ],
                [
                    534,
                    1873
                ],
                [
                    551,
                    1873
                ],
                [
                    551,
                    1850
                ]
            ],
            "text": "B",
            "label": "B_Value",
            "links": [
                [
                    57,
                    true
                ],
                [
                    74,
                    true
                ]
            ]
        },
        {
            "index": 127,
            "bbox": [
                [
                    536,
                    1937
                ],
                [
                    536,
                    1964
                ],
                [
                    549,
                    1964
                ],
                [
                    549,
                    1937
                ]
            ],
            "text": "1",
            "label": "B_Value",
            "links": [
                [
                    68,
                    true
                ],
                [
                    66,
                    true
                ],
                [
                    74,
                    true
                ]
            ]
        }
    ]
}