{
    "datasheet": [
        {
            "index": 0,
            "bbox": [
                [
                    180,
                    127
                ],
                [
                    180,
                    241
                ],
                [
                    603,
                    241
                ],
                [
                    603,
                    127
                ]
            ],
            "text": "pumpa",
            "label": "Out",
            "links": []
        },
        {
            "index": 1,
            "bbox": [
                [
                    180,
                    127
                ],
                [
                    180,
                    241
                ],
                [
                    602,
                    241
                ],
                [
                    602,
                    127
                ]
            ],
            "text": "pumpa",
            "label": "Out",
            "links": []
        },
        {
            "index": 2,
            "bbox": [
                [
                    1026,
                    180
                ],
                [
                    1026,
                    214
                ],
                [
                    1150,
                    214
                ],
                [
                    1150,
                    180
                ]
            ],
            "text": "PUMPA",
            "label": "B_Descri",
            "links": []
        },
        {
            "index": 3,
            "bbox": [
                [
                    1154,
                    180
                ],
                [
                    1154,
                    214
                ],
                [
                    1239,
                    214
                ],
                [
                    1239,
                    180
                ]
            ],
            "text": "BLUE",
            "label": "I_Descri",
            "links": []
        },
        {
            "index": 4,
            "bbox": [
                [
                    1243,
                    180
                ],
                [
                    1243,
                    214
                ],
                [
                    1315,
                    214
                ],
                [
                    1315,
                    180
                ]
            ],
            "text": "LINE",
            "label": "I_Descri",
            "links": []
        },
        {
            "index": 5,
            "bbox": [
                [
                    1319,
                    180
                ],
                [
                    1319,
                    214
                ],
                [
                    1502,
                    214
                ],
                [
                    1502,
                    180
                ]
            ],
            "text": "PMC1004P.",
            "label": "I_Descri",
            "links": []
        },
        {
            "index": 6,
            "bbox": [
                [
                    1506,
                    180
                ],
                [
                    1506,
                    214
                ],
                [
                    1515,
                    214
                ],
                [
                    1515,
                    180
                ]
            ],
            "text": "1",
            "label": "I_Descri",
            "links": []
        },
        {
            "index": 7,
            "bbox": [
                [
                    183,
                    299
                ],
                [
                    183,
                    371
                ],
                [
                    381,
                    371
                ],
                [
                    381,
                    299
                ]
            ],
            "text": "blue",
            "label": "Out",
            "links": []
        },
        {
            "index": 8,
            "bbox": [
                [
                    390,
                    299
                ],
                [
                    390,
                    371
                ],
                [
                    550,
                    371
                ],
                [
                    550,
                    299
                ]
            ],
            "text": "line",
            "label": "Out",
            "links": []
        },
        {
            "index": 9,
            "bbox": [
                [
                    136,
                    520
                ],
                [
                    136,
                    595
                ],
                [
                    399,
                    595
                ],
                [
                    399,
                    520
                ]
            ],
            "text": "multistage",
            "label": "B_Descri",
            "links": []
        },
        {
            "index": 10,
            "bbox": [
                [
                    408,
                    520
                ],
                [
                    408,
                    595
                ],
                [
                    736,
                    595
                ],
                [
                    736,
                    520
                ]
            ],
            "text": "submersible",
            "label": "I_Descri",
            "links": []
        },
        {
            "index": 11,
            "bbox": [
                [
                    745,
                    520
                ],
                [
                    745,
                    595
                ],
                [
                    906,
                    595
                ],
                [
                    906,
                    520
                ]
            ],
            "text": "pump",
            "label": "I_Descri",
            "links": []
        },
        {
            "index": 12,
            "bbox": [
                [
                    126,
                    633
                ],
                [
                    126,
                    721
                ],
                [
                    335,
                    721
                ],
                [
                    335,
                    633
                ]
            ],
            "text": "BLUE",
            "label": "B_Descri",
            "links": []
        },
        {
            "index": 13,
            "bbox": [
                [
                    346,
                    634
                ],
                [
                    346,
                    722
                ],
                [
                    544,
                    722
                ],
                [
                    544,
                    634
                ]
            ],
            "text": "LINE",
            "label": "I_Descri",
            "links": []
        },
        {
            "index": 14,
            "bbox": [
                [
                    555,
                    633
                ],
                [
                    555,
                    721
                ],
                [
                    1051,
                    721
                ],
                [
                    1051,
                    633
                ]
            ],
            "text": "PMC1004P.1",
            "label": "I_Descri",
            "links": []
        },
        {
            "index": 15,
            "bbox": [
                [
                    132,
                    751
                ],
                [
                    132,
                    788
                ],
                [
                    238,
                    788
                ],
                [
                    238,
                    751
                ]
            ],
            "text": "Plastic",
            "label": "B_Descri",
            "links": []
        },
        {
            "index": 16,
            "bbox": [
                [
                    243,
                    752
                ],
                [
                    243,
                    789
                ],
                [
                    400,
                    789
                ],
                [
                    400,
                    752
                ]
            ],
            "text": "multistage",
            "label": "I_Descri",
            "links": []
        },
        {
            "index": 17,
            "bbox": [
                [
                    405,
                    752
                ],
                [
                    405,
                    789
                ],
                [
                    590,
                    789
                ],
                [
                    590,
                    752
                ]
            ],
            "text": "submersible",
            "label": "I_Descri",
            "links": []
        },
        {
            "index": 18,
            "bbox": [
                [
                    595,
                    752
                ],
                [
                    595,
                    789
                ],
                [
                    683,
                    789
                ],
                [
                    683,
                    752
                ]
            ],
            "text": "pump",
            "label": "I_Descri",
            "links": []
        },
        {
            "index": 19,
            "bbox": [
                [
                    687,
                    752
                ],
                [
                    687,
                    789
                ],
                [
                    752,
                    789
                ],
                [
                    752,
                    752
                ]
            ],
            "text": "with",
            "label": "I_Descri",
            "links": []
        },
        {
            "index": 20,
            "bbox": [
                [
                    756,
                    752
                ],
                [
                    756,
                    789
                ],
                [
                    895,
                    789
                ],
                [
                    895,
                    752
                ]
            ],
            "text": "stainless",
            "label": "I_Descri",
            "links": []
        },
        {
            "index": 21,
            "bbox": [
                [
                    900,
                    751
                ],
                [
                    900,
                    788
                ],
                [
                    972,
                    788
                ],
                [
                    972,
                    751
                ]
            ],
            "text": "steel",
            "label": "I_Descri",
            "links": []
        },
        {
            "index": 22,
            "bbox": [
                [
                    132,
                    789
                ],
                [
                    132,
                    826
                ],
                [
                    233,
                    826
                ],
                [
                    233,
                    789
                ]
            ],
            "text": "casing",
            "label": "I_Descri",
            "links": []
        },
        {
            "index": 23,
            "bbox": [
                [
                    238,
                    789
                ],
                [
                    238,
                    826
                ],
                [
                    298,
                    826
                ],
                [
                    298,
                    789
                ]
            ],
            "text": "and",
            "label": "I_Descri",
            "links": []
        },
        {
            "index": 24,
            "bbox": [
                [
                    303,
                    789
                ],
                [
                    303,
                    826
                ],
                [
                    372,
                    826
                ],
                [
                    372,
                    789
                ]
            ],
            "text": "float",
            "label": "I_Descri",
            "links": []
        },
        {
            "index": 25,
            "bbox": [
                [
                    377,
                    789
                ],
                [
                    377,
                    826
                ],
                [
                    486,
                    826
                ],
                [
                    486,
                    789
                ]
            ],
            "text": "switch.",
            "label": "I_Descri",
            "links": []
        },
        {
            "index": 26,
            "bbox": [
                [
                    132,
                    1213
                ],
                [
                    132,
                    1251
                ],
                [
                    312,
                    1251
                ],
                [
                    312,
                    1213
                ]
            ],
            "text": "Application",
            "label": "B_Section",
            "links": [
                [
                    28,
                    false
                ]
            ]
        },
        {
            "index": 27,
            "bbox": [
                [
                    129,
                    1257
                ],
                [
                    129,
                    1281
                ],
                [
                    153,
                    1281
                ],
                [
                    153,
                    1257
                ]
            ],
            "text": "•",
            "label": "Out",
            "links": []
        },
        {
            "index": 28,
            "bbox": [
                [
                    156,
                    1257
                ],
                [
                    156,
                    1281
                ],
                [
                    171,
                    1281
                ],
                [
                    171,
                    1257
                ]
            ],
            "text": "It",
            "label": "B_Descri",
            "links": [
                [
                    26,
                    true
                ]
            ]
        },
        {
            "index": 29,
            "bbox": [
                [
                    174,
                    1257
                ],
                [
                    174,
                    1281
                ],
                [
                    192,
                    1281
                ],
                [
                    192,
                    1257
                ]
            ],
            "text": "is",
            "label": "I_Descri",
            "links": []
        },
        {
            "index": 30,
            "bbox": [
                [
                    195,
                    1257
                ],
                [
                    195,
                    1281
                ],
                [
                    282,
                    1281
                ],
                [
                    282,
                    1257
                ]
            ],
            "text": "designed",
            "label": "I_Descri",
            "links": []
        },
        {
            "index": 31,
            "bbox": [
                [
                    285,
                    1257
                ],
                [
                    285,
                    1281
                ],
                [
                    315,
                    1281
                ],
                [
                    315,
                    1257
                ]
            ],
            "text": "for",
            "label": "I_Descri",
            "links": []
        },
        {
            "index": 32,
            "bbox": [
                [
                    318,
                    1257
                ],
                [
                    318,
                    1281
                ],
                [
                    405,
                    1281
                ],
                [
                    405,
                    1257
                ]
            ],
            "text": "pumping",
            "label": "I_Descri",
            "links": []
        },
        {
            "index": 33,
            "bbox": [
                [
                    408,
                    1257
                ],
                [
                    408,
                    1281
                ],
                [
                    462,
                    1281
                ],
                [
                    462,
                    1257
                ]
            ],
            "text": "clean",
            "label": "I_Descri",
            "links": []
        },
        {
            "index": 34,
            "bbox": [
                [
                    465,
                    1257
                ],
                [
                    465,
                    1281
                ],
                [
                    549,
                    1281
                ],
                [
                    549,
                    1257
                ]
            ],
            "text": "drainage",
            "label": "I_Descri",
            "links": []
        },
        {
            "index": 35,
            "bbox": [
                [
                    552,
                    1257
                ],
                [
                    552,
                    1281
                ],
                [
                    609,
                    1281
                ],
                [
                    609,
                    1257
                ]
            ],
            "text": "water",
            "label": "I_Descri",
            "links": []
        },
        {
            "index": 36,
            "bbox": [
                [
                    612,
                    1257
                ],
                [
                    612,
                    1281
                ],
                [
                    655,
                    1281
                ],
                [
                    655,
                    1257
                ]
            ],
            "text": "with",
            "label": "I_Descri",
            "links": []
        },
        {
            "index": 37,
            "bbox": [
                [
                    132,
                    1295
                ],
                [
                    132,
                    1322
                ],
                [
                    145,
                    1322
                ],
                [
                    145,
                    1295
                ]
            ],
            "text": "a",
            "label": "I_Descri",
            "links": []
        },
        {
            "index": 38,
            "bbox": [
                [
                    149,
                    1295
                ],
                [
                    149,
                    1322
                ],
                [
                    247,
                    1322
                ],
                [
                    247,
                    1295
                ]
            ],
            "text": "maximum",
            "label": "I_Descri",
            "links": []
        },
        {
            "index": 39,
            "bbox": [
                [
                    250,
                    1295
                ],
                [
                    250,
                    1322
                ],
                [
                    324,
                    1322
                ],
                [
                    324,
                    1295
                ]
            ],
            "text": "particle",
            "label": "I_Descri",
            "links": []
        },
        {
            "index": 40,
            "bbox": [
                [
                    328,
                    1295
                ],
                [
                    328,
                    1322
                ],
                [
                    368,
                    1322
                ],
                [
                    368,
                    1295
                ]
            ],
            "text": "size",
            "label": "I_Descri",
            "links": []
        },
        {
            "index": 41,
            "bbox": [
                [
                    372,
                    1295
                ],
                [
                    372,
                    1322
                ],
                [
                    392,
                    1322
                ],
                [
                    392,
                    1295
                ]
            ],
            "text": "of",
            "label": "I_Descri",
            "links": []
        },
        {
            "index": 42,
            "bbox": [
                [
                    395,
                    1295
                ],
                [
                    395,
                    1322
                ],
                [
                    419,
                    1322
                ],
                [
                    419,
                    1295
                ]
            ],
            "text": "up",
            "label": "I_Descri",
            "links": []
        },
        {
            "index": 43,
            "bbox": [
                [
                    422,
                    1295
                ],
                [
                    422,
                    1322
                ],
                [
                    446,
                    1322
                ],
                [
                    446,
                    1295
                ]
            ],
            "text": "to",
            "label": "I_Descri",
            "links": []
        },
        {
            "index": 44,
            "bbox": [
                [
                    449,
                    1295
                ],
                [
                    449,
                    1322
                ],
                [
                    463,
                    1322
                ],
                [
                    463,
                    1295
                ]
            ],
            "text": "1",
            "label": "I_Descri",
            "links": []
        },
        {
            "index": 45,
            "bbox": [
                [
                    466,
                    1295
                ],
                [
                    466,
                    1322
                ],
                [
                    506,
                    1322
                ],
                [
                    506,
                    1295
                ]
            ],
            "text": "mm",
            "label": "I_Descri",
            "links": []
        },
        {
            "index": 46,
            "bbox": [
                [
                    510,
                    1295
                ],
                [
                    510,
                    1322
                ],
                [
                    557,
                    1322
                ],
                [
                    557,
                    1295
                ]
            ],
            "text": "from",
            "label": "I_Descri",
            "links": []
        },
        {
            "index": 47,
            "bbox": [
                [
                    561,
                    1295
                ],
                [
                    561,
                    1322
                ],
                [
                    622,
                    1322
                ],
                [
                    622,
                    1295
                ]
            ],
            "text": "tanks,",
            "label": "I_Descri",
            "links": []
        },
        {
            "index": 48,
            "bbox": [
                [
                    132,
                    1329
                ],
                [
                    132,
                    1353
                ],
                [
                    159,
                    1353
                ],
                [
                    159,
                    1329
                ]
            ],
            "text": "for",
            "label": "I_Descri",
            "links": []
        },
        {
            "index": 49,
            "bbox": [
                [
                    162,
                    1329
                ],
                [
                    162,
                    1353
                ],
                [
                    252,
                    1353
                ],
                [
                    252,
                    1329
                ]
            ],
            "text": "irrigation",
            "label": "I_Descri",
            "links": []
        },
        {
            "index": 50,
            "bbox": [
                [
                    255,
                    1329
                ],
                [
                    255,
                    1353
                ],
                [
                    273,
                    1353
                ],
                [
                    273,
                    1329
                ]
            ],
            "text": "or",
            "label": "I_Descri",
            "links": []
        },
        {
            "index": 51,
            "bbox": [
                [
                    276,
                    1329
                ],
                [
                    276,
                    1353
                ],
                [
                    363,
                    1353
                ],
                [
                    363,
                    1329
                ]
            ],
            "text": "pumping",
            "label": "I_Descri",
            "links": []
        },
        {
            "index": 52,
            "bbox": [
                [
                    366,
                    1329
                ],
                [
                    366,
                    1353
                ],
                [
                    423,
                    1353
                ],
                [
                    423,
                    1329
                ]
            ],
            "text": "water",
            "label": "I_Descri",
            "links": []
        },
        {
            "index": 53,
            "bbox": [
                [
                    426,
                    1329
                ],
                [
                    426,
                    1353
                ],
                [
                    468,
                    1353
                ],
                [
                    468,
                    1329
                ]
            ],
            "text": "over",
            "label": "I_Descri",
            "links": []
        },
        {
            "index": 54,
            "bbox": [
                [
                    471,
                    1329
                ],
                [
                    471,
                    1353
                ],
                [
                    519,
                    1353
                ],
                [
                    519,
                    1329
                ]
            ],
            "text": "from",
            "label": "I_Descri",
            "links": []
        },
        {
            "index": 55,
            "bbox": [
                [
                    522,
                    1329
                ],
                [
                    522,
                    1353
                ],
                [
                    581,
                    1353
                ],
                [
                    581,
                    1329
                ]
            ],
            "text": "tanks.",
            "label": "I_Descri",
            "links": []
        },
        {
            "index": 56,
            "bbox": [
                [
                    143,
                    1503
                ],
                [
                    143,
                    1523
                ],
                [
                    211,
                    1523
                ],
                [
                    211,
                    1503
                ]
            ],
            "text": "Model",
            "label": "B_Section",
            "links": [
                [
                    57,
                    false
                ],
                [
                    58,
                    false
                ],
                [
                    61,
                    false
                ],
                [
                    65,
                    false
                ],
                [
                    69,
                    false
                ],
                [
                    71,
                    false
                ],
                [
                    72,
                    false
                ],
                [
                    76,
                    false
                ],
                [
                    80,
                    false
                ],
                [
                    83,
                    false
                ]
            ]
        },
        {
            "index": 57,
            "bbox": [
                [
                    143,
                    1557
                ],
                [
                    143,
                    1574
                ],
                [
                    191,
                    1574
                ],
                [
                    191,
                    1557
                ]
            ],
            "text": "Code",
            "label": "B_Prop",
            "links": [
                [
                    56,
                    true
                ]
            ]
        },
        {
            "index": 58,
            "bbox": [
                [
                    143,
                    1587
                ],
                [
                    143,
                    1608
                ],
                [
                    227,
                    1608
                ],
                [
                    227,
                    1587
                ]
            ],
            "text": "Maximum",
            "label": "B_Prop",
            "links": [
                [
                    56,
                    true
                ],
                [
                    89,
                    false
                ]
            ]
        },
        {
            "index": 59,
            "bbox": [
                [
                    230,
                    1587
                ],
                [
                    230,
                    1608
                ],
                [
                    267,
                    1608
                ],
                [
                    267,
                    1587
                ]
            ],
            "text": "flow",
            "label": "I_Prop",
            "links": []
        },
        {
            "index": 60,
            "bbox": [
                [
                    269,
                    1587
                ],
                [
                    269,
                    1608
                ],
                [
                    343,
                    1608
                ],
                [
                    343,
                    1587
                ]
            ],
            "text": "[m3/hod]",
            "label": "B_Unit",
            "links": [
                [
                    89,
                    false
                ]
            ]
        },
        {
            "index": 61,
            "bbox": [
                [
                    143,
                    1621
                ],
                [
                    143,
                    1642
                ],
                [
                    227,
                    1642
                ],
                [
                    227,
                    1621
                ]
            ],
            "text": "Maximum",
            "label": "B_Prop",
            "links": [
                [
                    56,
                    true
                ],
                [
                    117,
                    false
                ]
            ]
        },
        {
            "index": 62,
            "bbox": [
                [
                    230,
                    1621
                ],
                [
                    230,
                    1642
                ],
                [
                    311,
                    1642
                ],
                [
                    311,
                    1621
                ]
            ],
            "text": "discharge",
            "label": "I_Prop",
            "links": []
        },
        {
            "index": 63,
            "bbox": [
                [
                    314,
                    1621
                ],
                [
                    314,
                    1642
                ],
                [
                    356,
                    1642
                ],
                [
                    356,
                    1621
                ]
            ],
            "text": "head",
            "label": "I_Prop",
            "links": []
        },
        {
            "index": 64,
            "bbox": [
                [
                    358,
                    1621
                ],
                [
                    358,
                    1642
                ],
                [
                    387,
                    1642
                ],
                [
                    387,
                    1621
                ]
            ],
            "text": "[m]",
            "label": "B_Unit",
            "links": [
                [
                    117,
                    false
                ]
            ]
        },
        {
            "index": 65,
            "bbox": [
                [
                    139,
                    1659
                ],
                [
                    139,
                    1679
                ],
                [
                    209,
                    1679
                ],
                [
                    209,
                    1659
                ]
            ],
            "text": "Voltage",
            "label": "B_Prop",
            "links": [
                [
                    56,
                    true
                ],
                [
                    90,
                    false
                ]
            ]
        },
        {
            "index": 66,
            "bbox": [
                [
                    211,
                    1659
                ],
                [
                    211,
                    1679
                ],
                [
                    219,
                    1679
                ],
                [
                    219,
                    1659
                ]
            ],
            "text": "/",
            "label": "I_Prop",
            "links": []
        },
        {
            "index": 67,
            "bbox": [
                [
                    222,
                    1659
                ],
                [
                    222,
                    1679
                ],
                [
                    307,
                    1679
                ],
                [
                    307,
                    1659
                ]
            ],
            "text": "frequency",
            "label": "I_Prop",
            "links": []
        },
        {
            "index": 68,
            "bbox": [
                [
                    309,
                    1659
                ],
                [
                    309,
                    1679
                ],
                [
                    360,
                    1679
                ],
                [
                    360,
                    1659
                ]
            ],
            "text": "[V/Hz]",
            "label": "B_Unit",
            "links": [
                [
                    90,
                    false
                ]
            ]
        },
        {
            "index": 69,
            "bbox": [
                [
                    139,
                    1696
                ],
                [
                    139,
                    1713
                ],
                [
                    198,
                    1713
                ],
                [
                    198,
                    1696
                ]
            ],
            "text": "Power",
            "label": "B_Prop",
            "links": [
                [
                    56,
                    true
                ],
                [
                    93,
                    false
                ]
            ]
        },
        {
            "index": 70,
            "bbox": [
                [
                    201,
                    1696
                ],
                [
                    201,
                    1713
                ],
                [
                    228,
                    1713
                ],
                [
                    228,
                    1696
                ]
            ],
            "text": "[W]",
            "label": "B_Unit",
            "links": [
                [
                    93,
                    false
                ]
            ]
        },
        {
            "index": 71,
            "bbox": [
                [
                    143,
                    1728
                ],
                [
                    143,
                    1745
                ],
                [
                    241,
                    1745
                ],
                [
                    241,
                    1728
                ]
            ],
            "text": "Connection",
            "label": "B_Prop",
            "links": [
                [
                    56,
                    true
                ],
                [
                    118,
                    false
                ]
            ]
        },
        {
            "index": 72,
            "bbox": [
                [
                    139,
                    1768
                ],
                [
                    139,
                    1785
                ],
                [
                    226,
                    1785
                ],
                [
                    226,
                    1768
                ]
            ],
            "text": "Maximum",
            "label": "B_Prop",
            "links": [
                [
                    56,
                    true
                ],
                [
                    119,
                    false
                ]
            ]
        },
        {
            "index": 73,
            "bbox": [
                [
                    228,
                    1768
                ],
                [
                    228,
                    1785
                ],
                [
                    317,
                    1785
                ],
                [
                    317,
                    1768
                ]
            ],
            "text": "immersion",
            "label": "I_Prop",
            "links": []
        },
        {
            "index": 74,
            "bbox": [
                [
                    320,
                    1768
                ],
                [
                    320,
                    1785
                ],
                [
                    369,
                    1785
                ],
                [
                    369,
                    1768
                ]
            ],
            "text": "depth",
            "label": "I_Prop",
            "links": []
        },
        {
            "index": 75,
            "bbox": [
                [
                    371,
                    1768
                ],
                [
                    371,
                    1785
                ],
                [
                    401,
                    1785
                ],
                [
                    401,
                    1768
                ]
            ],
            "text": "[m]",
            "label": "B_Unit",
            "links": [
                [
                    119,
                    false
                ]
            ]
        },
        {
            "index": 76,
            "bbox": [
                [
                    139,
                    1802
                ],
                [
                    139,
                    1819
                ],
                [
                    226,
                    1819
                ],
                [
                    226,
                    1802
                ]
            ],
            "text": "Maximum",
            "label": "B_Prop",
            "links": [
                [
                    56,
                    true
                ],
                [
                    104,
                    false
                ]
            ]
        },
        {
            "index": 77,
            "bbox": [
                [
                    228,
                    1802
                ],
                [
                    228,
                    1819
                ],
                [
                    266,
                    1819
                ],
                [
                    266,
                    1802
                ]
            ],
            "text": "fluid",
            "label": "I_Prop",
            "links": []
        },
        {
            "index": 78,
            "bbox": [
                [
                    269,
                    1802
                ],
                [
                    269,
                    1819
                ],
                [
                    373,
                    1819
                ],
                [
                    373,
                    1802
                ]
            ],
            "text": "temperature",
            "label": "I_Prop",
            "links": []
        },
        {
            "index": 79,
            "bbox": [
                [
                    375,
                    1802
                ],
                [
                    375,
                    1819
                ],
                [
                    404,
                    1819
                ],
                [
                    404,
                    1802
                ]
            ],
            "text": "[°C]",
            "label": "B_Unit",
            "links": [
                [
                    104,
                    false
                ]
            ]
        },
        {
            "index": 80,
            "bbox": [
                [
                    143,
                    1836
                ],
                [
                    143,
                    1856
                ],
                [
                    191,
                    1856
                ],
                [
                    191,
                    1836
                ]
            ],
            "text": "Cable",
            "label": "B_Prop",
            "links": [
                [
                    56,
                    true
                ],
                [
                    105,
                    false
                ]
            ]
        },
        {
            "index": 81,
            "bbox": [
                [
                    193,
                    1836
                ],
                [
                    193,
                    1856
                ],
                [
                    248,
                    1856
                ],
                [
                    248,
                    1836
                ]
            ],
            "text": "length",
            "label": "I_Prop",
            "links": []
        },
        {
            "index": 82,
            "bbox": [
                [
                    251,
                    1836
                ],
                [
                    251,
                    1856
                ],
                [
                    282,
                    1856
                ],
                [
                    282,
                    1836
                ]
            ],
            "text": "[m]",
            "label": "B_Unit",
            "links": [
                [
                    105,
                    false
                ]
            ]
        },
        {
            "index": 83,
            "bbox": [
                [
                    143,
                    1873
                ],
                [
                    143,
                    1893
                ],
                [
                    241,
                    1893
                ],
                [
                    241,
                    1873
                ]
            ],
            "text": "Dimensions",
            "label": "B_Prop",
            "links": [
                [
                    56,
                    true
                ],
                [
                    106,
                    false
                ]
            ]
        },
        {
            "index": 84,
            "bbox": [
                [
                    243,
                    1873
                ],
                [
                    243,
                    1893
                ],
                [
                    289,
                    1893
                ],
                [
                    289,
                    1873
                ]
            ],
            "text": "[mm]",
            "label": "B_Unit",
            "links": [
                [
                    106,
                    false
                ]
            ]
        },
        {
            "index": 85,
            "bbox": [
                [
                    516,
                    1489
                ],
                [
                    516,
                    1513
                ],
                [
                    556,
                    1513
                ],
                [
                    556,
                    1489
                ]
            ],
            "text": "blue",
            "label": "B_Descri",
            "links": [
                [
                    88,
                    false
                ]
            ]
        },
        {
            "index": 86,
            "bbox": [
                [
                    559,
                    1489
                ],
                [
                    559,
                    1513
                ],
                [
                    597,
                    1513
                ],
                [
                    597,
                    1489
                ]
            ],
            "text": "line",
            "label": "I_Descri",
            "links": []
        },
        {
            "index": 87,
            "bbox": [
                [
                    513,
                    1516
                ],
                [
                    513,
                    1536
                ],
                [
                    642,
                    1536
                ],
                [
                    642,
                    1516
                ]
            ],
            "text": "PMC1004P.1",
            "label": "I_Descri",
            "links": []
        },
        {
            "index": 88,
            "bbox": [
                [
                    513,
                    1554
                ],
                [
                    513,
                    1575
                ],
                [
                    615,
                    1575
                ],
                [
                    615,
                    1554
                ]
            ],
            "text": "ZB00055042",
            "label": "B_Ref",
            "links": [
                [
                    89,
                    false
                ],
                [
                    90,
                    false
                ],
                [
                    93,
                    false
                ],
                [
                    104,
                    false
                ],
                [
                    105,
                    false
                ],
                [
                    106,
                    false
                ],
                [
                    117,
                    false
                ],
                [
                    118,
                    false
                ],
                [
                    119,
                    false
                ],
                [
                    85,
                    true
                ]
            ]
        },
        {
            "index": 89,
            "bbox": [
                [
                    513,
                    1588
                ],
                [
                    513,
                    1608
                ],
                [
                    540,
                    1608
                ],
                [
                    540,
                    1588
                ]
            ],
            "text": "6,5",
            "label": "B_Value",
            "links": [
                [
                    60,
                    true
                ],
                [
                    58,
                    true
                ],
                [
                    88,
                    true
                ]
            ]
        },
        {
            "index": 90,
            "bbox": [
                [
                    513,
                    1659
                ],
                [
                    513,
                    1676
                ],
                [
                    545,
                    1676
                ],
                [
                    545,
                    1659
                ]
            ],
            "text": "230",
            "label": "B_Value",
            "links": [
                [
                    68,
                    true
                ],
                [
                    65,
                    true
                ],
                [
                    88,
                    true
                ]
            ]
        },
        {
            "index": 91,
            "bbox": [
                [
                    547,
                    1659
                ],
                [
                    547,
                    1676
                ],
                [
                    556,
                    1676
                ],
                [
                    556,
                    1659
                ]
            ],
            "text": "/",
            "label": "I_Value",
            "links": []
        },
        {
            "index": 92,
            "bbox": [
                [
                    558,
                    1659
                ],
                [
                    558,
                    1676
                ],
                [
                    578,
                    1676
                ],
                [
                    578,
                    1659
                ]
            ],
            "text": "50",
            "label": "I_Value",
            "links": []
        },
        {
            "index": 93,
            "bbox": [
                [
                    513,
                    1696
                ],
                [
                    513,
                    1713
                ],
                [
                    547,
                    1713
                ],
                [
                    547,
                    1696
                ]
            ],
            "text": "600",
            "label": "B_Value",
            "links": [
                [
                    70,
                    true
                ],
                [
                    69,
                    true
                ],
                [
                    88,
                    true
                ]
            ]
        },
        {
            "index": 94,
            "bbox": [
                [
                    893,
                    1519
                ],
                [
                    893,
                    1560
                ],
                [
                    1052,
                    1560
                ],
                [
                    1052,
                    1519
                ]
            ],
            "text": "Hydraulic",
            "label": "B_Section",
            "links": []
        },
        {
            "index": 95,
            "bbox": [
                [
                    1057,
                    1519
                ],
                [
                    1057,
                    1560
                ],
                [
                    1159,
                    1560
                ],
                [
                    1159,
                    1519
                ]
            ],
            "text": "power",
            "label": "I_Section",
            "links": []
        },
        {
            "index": 96,
            "bbox": [
                [
                    1165,
                    1519
                ],
                [
                    1165,
                    1560
                ],
                [
                    1250,
                    1560
                ],
                [
                    1250,
                    1519
                ]
            ],
            "text": "curve",
            "label": "I_Section",
            "links": []
        },
        {
            "index": 97,
            "bbox": [
                [
                    897,
                    1581
                ],
                [
                    897,
                    1601
                ],
                [
                    927,
                    1601
                ],
                [
                    927,
                    1581
                ]
            ],
            "text": "m",
            "label": "Out",
            "links": []
        },
        {
            "index": 98,
            "bbox": [
                [
                    930,
                    1581
                ],
                [
                    930,
                    1601
                ],
                [
                    955,
                    1601
                ],
                [
                    955,
                    1581
                ]
            ],
            "text": "50",
            "label": "Out",
            "links": []
        },
        {
            "index": 99,
            "bbox": [
                [
                    931,
                    1642
                ],
                [
                    931,
                    1659
                ],
                [
                    951,
                    1659
                ],
                [
                    951,
                    1642
                ]
            ],
            "text": "40",
            "label": "Out",
            "links": []
        },
        {
            "index": 100,
            "bbox": [
                [
                    931,
                    1700
                ],
                [
                    931,
                    1720
                ],
                [
                    951,
                    1720
                ],
                [
                    951,
                    1700
                ]
            ],
            "text": "30",
            "label": "Out",
            "links": []
        },
        {
            "index": 101,
            "bbox": [
                [
                    927,
                    1761
                ],
                [
                    927,
                    1778
                ],
                [
                    951,
                    1778
                ],
                [
                    951,
                    1761
                ]
            ],
            "text": "20",
            "label": "Out",
            "links": []
        },
        {
            "index": 102,
            "bbox": [
                [
                    931,
                    1819
                ],
                [
                    931,
                    1836
                ],
                [
                    955,
                    1836
                ],
                [
                    955,
                    1819
                ]
            ],
            "text": "10",
            "label": "Out",
            "links": []
        },
        {
            "index": 103,
            "bbox": [
                [
                    1185,
                    1754
                ],
                [
                    1185,
                    1771
                ],
                [
                    1273,
                    1771
                ],
                [
                    1273,
                    1754
                ]
            ],
            "text": "PMC1004P.1",
            "label": "Out",
            "links": []
        },
        {
            "index": 104,
            "bbox": [
                [
                    516,
                    1802
                ],
                [
                    516,
                    1819
                ],
                [
                    536,
                    1819
                ],
                [
                    536,
                    1802
                ]
            ],
            "text": "35",
            "label": "B_Value",
            "links": [
                [
                    79,
                    true
                ],
                [
                    76,
                    true
                ],
                [
                    88,
                    true
                ]
            ]
        },
        {
            "index": 105,
            "bbox": [
                [
                    516,
                    1836
                ],
                [
                    516,
                    1856
                ],
                [
                    536,
                    1856
                ],
                [
                    536,
                    1836
                ]
            ],
            "text": "10",
            "label": "B_Value",
            "links": [
                [
                    82,
                    true
                ],
                [
                    80,
                    true
                ],
                [
                    88,
                    true
                ]
            ]
        },
        {
            "index": 106,
            "bbox": [
                [
                    513,
                    1873
                ],
                [
                    513,
                    1893
                ],
                [
                    581,
                    1893
                ],
                [
                    581,
                    1873
                ]
            ],
            "text": "diameter",
            "label": "B_Value",
            "links": [
                [
                    84,
                    true
                ],
                [
                    83,
                    true
                ],
                [
                    88,
                    true
                ]
            ]
        },
        {
            "index": 107,
            "bbox": [
                [
                    583,
                    1873
                ],
                [
                    583,
                    1893
                ],
                [
                    613,
                    1893
                ],
                [
                    613,
                    1873
                ]
            ],
            "text": "145,",
            "label": "I_Value",
            "links": []
        },
        {
            "index": 108,
            "bbox": [
                [
                    616,
                    1873
                ],
                [
                    616,
                    1893
                ],
                [
                    664,
                    1893
                ],
                [
                    664,
                    1873
                ]
            ],
            "text": "height",
            "label": "I_Value",
            "links": []
        },
        {
            "index": 109,
            "bbox": [
                [
                    665,
                    1873
                ],
                [
                    665,
                    1893
                ],
                [
                    696,
                    1893
                ],
                [
                    696,
                    1873
                ]
            ],
            "text": "435",
            "label": "I_Value",
            "links": []
        },
        {
            "index": 110,
            "bbox": [
                [
                    1053,
                    1880
                ],
                [
                    1053,
                    1900
                ],
                [
                    1080,
                    1900
                ],
                [
                    1080,
                    1880
                ]
            ],
            "text": "1,5",
            "label": "Out",
            "links": []
        },
        {
            "index": 111,
            "bbox": [
                [
                    1277,
                    1880
                ],
                [
                    1277,
                    1900
                ],
                [
                    1308,
                    1900
                ],
                [
                    1308,
                    1880
                ]
            ],
            "text": "4,5",
            "label": "Out",
            "links": []
        },
        {
            "index": 112,
            "bbox": [
                [
                    1161,
                    1911
                ],
                [
                    1161,
                    1932
                ],
                [
                    1206,
                    1932
                ],
                [
                    1206,
                    1911
                ]
            ],
            "text": "Flow",
            "label": "Out",
            "links": []
        },
        {
            "index": 113,
            "bbox": [
                [
                    1209,
                    1911
                ],
                [
                    1209,
                    1931
                ],
                [
                    1223,
                    1931
                ],
                [
                    1223,
                    1911
                ]
            ],
            "text": "Q",
            "label": "Out",
            "links": []
        },
        {
            "index": 114,
            "bbox": [
                [
                    1491,
                    1880
                ],
                [
                    1491,
                    1900
                ],
                [
                    1522,
                    1900
                ],
                [
                    1522,
                    1880
                ]
            ],
            "text": "7,5",
            "label": "Out",
            "links": []
        },
        {
            "index": 115,
            "bbox": [
                [
                    1457,
                    1911
                ],
                [
                    1457,
                    1928
                ],
                [
                    1522,
                    1928
                ],
                [
                    1522,
                    1911
                ]
            ],
            "text": "m^3/hod",
            "label": "Out",
            "links": []
        },
        {
            "index": 116,
            "bbox": [
                [
                    139,
                    2084
                ],
                [
                    139,
                    2111
                ],
                [
                    431,
                    2111
                ],
                [
                    431,
                    2084
                ]
            ],
            "text": "www.pumpa.eu",
            "label": "Out",
            "links": []
        },
        {
            "index": 117,
            "bbox": [
                [
                    513,
                    1619
                ],
                [
                    513,
                    1640
                ],
                [
                    540,
                    1640
                ],
                [
                    540,
                    1619
                ]
            ],
            "text": "40",
            "label": "B_Value",
            "links": [
                [
                    64,
                    true
                ],
                [
                    61,
                    true
                ],
                [
                    88,
                    true
                ]
            ]
        },
        {
            "index": 118,
            "bbox": [
                [
                    512,
                    1727
                ],
                [
                    512,
                    1752
                ],
                [
                    535,
                    1752
                ],
                [
                    535,
                    1727
                ]
            ],
            "text": "1\"",
            "label": "B_Value",
            "links": [
                [
                    71,
                    true
                ],
                [
                    88,
                    true
                ]
            ]
        },
        {
            "index": 119,
            "bbox": [
                [
                    512,
                    1765
                ],
                [
                    512,
                    1786
                ],
                [
                    529,
                    1786
                ],
                [
                    529,
                    1765
                ]
            ],
            "text": "7",
            "label": "B_Value",
            "links": [
                [
                    75,
                    true
                ],
                [
                    72,
                    true
                ],
                [
                    88,
                    true
                ]
            ]
        }
    ]
}