{
    "brand": "",
    "parts": [
        {
            "reference": "ZB00001237",
            "description": [
                {
                    "section": "",
                    "text": "self-priming pump"
                },
                {
                    "section": "",
                    "text": "BLUE LINE 4PCSM1100P-G, 5PCSM1300P-G"
                },
                {
                    "section": "",
                    "text": "Self-priming pump with a very high hydraulic Able output. to draw water from depth of a up to 8 meters. Suitable for water pumping and distribution in domestic installations with small and medium pressure vessels."
                },
                {
                    "section": "Application",
                    "text": "Home water supply"
                },
                {
                    "section": "Application",
                    "text": "Irrigation"
                },
                {
                    "section": "Application",
                    "text": "Also suitable for pressure vessels to be used as a pressure booster pump"
                }
            ],
            "key_value_pairs": [
                {
                    "section": "Model",
                    "property": "Maximum flow [m3/hod]",
                    "value": "5,4",
                    "unit": ""
                },
                {
                    "section": "Model",
                    "property": "Maximum discharge head [m]",
                    "value": "48",
                    "unit": ""
                },
                {
                    "section": "Model",
                    "property": "Maximum suction height [m]",
                    "value": "8",
                    "unit": ""
                },
                {
                    "section": "Model",
                    "property": "Voltage/ frequency [V/Hz]",
                    "value": "230/50",
                    "unit": ""
                },
                {
                    "section": "Model",
                    "property": "Power [w]",
                    "value": "1100",
                    "unit": ""
                },
                {
                    "section": "Model",
                    "property": "Suction x discharge neck",
                    "value": "1\"x1\"",
                    "unit": ""
                },
                {
                    "section": "Model",
                    "property": "Maximum fluid temperature [\u00b0C]",
                    "value": "35",
                    "unit": ""
                },
                {
                    "section": "Model",
                    "property": "Maximum ambient temperature [\u00b0C]",
                    "value": "35",
                    "unit": ""
                },
                {
                    "section": "Model",
                    "property": "Cable length [m]",
                    "value": "1",
                    "unit": ""
                },
                {
                    "section": "Model",
                    "property": "Degree of protection",
                    "value": "IP X4",
                    "unit": ""
                },
                {
                    "section": "Model",
                    "property": "Insulation class",
                    "value": "130",
                    "unit": ""
                },
                {
                    "section": "Model",
                    "property": "Weight [kg]",
                    "value": "10,5",
                    "unit": ""
                },
                {
                    "section": "Model",
                    "property": "Dimension L x H x W [mm]",
                    "value": "440x250x220",
                    "unit": ""
                }
            ]
        },
        {
            "reference": "ZB00001238",
            "description": [
                {
                    "section": "",
                    "text": "self-priming pump"
                },
                {
                    "section": "",
                    "text": "BLUE LINE 4PCSM1100P-G, 5PCSM1300P-G"
                },
                {
                    "section": "",
                    "text": "Self-priming pump with a very high hydraulic Able output. to draw water from depth of a up to 8 meters. Suitable for water pumping and distribution in domestic installations with small and medium pressure vessels."
                },
                {
                    "section": "Application",
                    "text": "Home water supply"
                },
                {
                    "section": "Application",
                    "text": "Irrigation"
                },
                {
                    "section": "Application",
                    "text": "Also suitable for pressure vessels to be used as a pressure booster pump"
                }
            ],
            "key_value_pairs": [
                {
                    "section": "Model",
                    "property": "Maximum flow [m3/hod]",
                    "value": "5,4",
                    "unit": ""
                },
                {
                    "section": "Model",
                    "property": "Maximum discharge head [m]",
                    "value": "55",
                    "unit": ""
                },
                {
                    "section": "Model",
                    "property": "Maximum suction height [m]",
                    "value": "8",
                    "unit": ""
                },
                {
                    "section": "Model",
                    "property": "Voltage/ frequency [V/Hz]",
                    "value": "230/50",
                    "unit": ""
                },
                {
                    "section": "Model",
                    "property": "Power [w]",
                    "value": "1300",
                    "unit": ""
                },
                {
                    "section": "Model",
                    "property": "Suction x discharge neck",
                    "value": "1\"x1\"",
                    "unit": ""
                },
                {
                    "section": "Model",
                    "property": "Maximum fluid temperature [\u00b0C]",
                    "value": "35",
                    "unit": ""
                },
                {
                    "section": "Model",
                    "property": "Maximum ambient temperature [\u00b0C]",
                    "value": "35",
                    "unit": ""
                },
                {
                    "section": "Model",
                    "property": "Cable length [m]",
                    "value": "1",
                    "unit": ""
                },
                {
                    "section": "Model",
                    "property": "Degree of protection",
                    "value": "IP X4",
                    "unit": ""
                },
                {
                    "section": "Model",
                    "property": "Insulation class",
                    "value": "130",
                    "unit": ""
                },
                {
                    "section": "Model",
                    "property": "Weight [kg]",
                    "value": "12,8",
                    "unit": ""
                },
                {
                    "section": "Model",
                    "property": "Dimension L x H x W [mm]",
                    "value": "470x250x195",
                    "unit": ""
                }
            ]
        }
    ]
}