{
    "brand": "",
    "parts": [
        {
            "reference": "ZB00001039",
            "description": [
                {
                    "section": "",
                    "text": "3\" submersible pump for boreholes"
                },
                {
                    "section": "",
                    "text": "BLUE LINE 3SKM"
                },
                {
                    "section": "",
                    "text": "Submersible 3\" pump for wells and boreholes for clean water, pumping irrigation."
                },
                {
                    "section": "Application",
                    "text": "For boreholes from 125 mm"
                },
                {
                    "section": "Application",
                    "text": "Power supply of pressure systems"
                },
                {
                    "section": "Application",
                    "text": "Pumping clean water into households"
                },
                {
                    "section": "Application",
                    "text": "Filling and emptying tanks"
                },
                {
                    "section": "Application",
                    "text": "Water circulation in fountains"
                },
                {
                    "section": "Characteristic design features",
                    "text": "Stainless steel shaft, casing and hydraulics"
                },
                {
                    "section": "Characteristic design features",
                    "text": "Brass impeller"
                },
                {
                    "section": "Characteristic design features",
                    "text": "Oil-cooled engine with compensating membrane"
                },
                {
                    "section": "Characteristic design features",
                    "text": "Graphite seal protected by a ring against sand"
                }
            ],
            "key_value_pairs": [
                {
                    "section": "Model",
                    "property": "Maximum flow [m\u00b3/hod]",
                    "value": "2,5",
                    "unit": ""
                },
                {
                    "section": "Model",
                    "property": "Maximum discharge head [m]",
                    "value": "57",
                    "unit": ""
                },
                {
                    "section": "Model",
                    "property": "Pump diameter",
                    "value": "3\"",
                    "unit": ""
                },
                {
                    "section": "Model",
                    "property": "Voltage/ frequency [V/Hz]",
                    "value": "230/50",
                    "unit": ""
                },
                {
                    "section": "Model",
                    "property": "Power [W]",
                    "value": "750",
                    "unit": ""
                },
                {
                    "section": "Model",
                    "property": "Connection",
                    "value": "1\"",
                    "unit": ""
                },
                {
                    "section": "Model",
                    "property": "Maximumi immersion depth [m]",
                    "value": "40",
                    "unit": ""
                },
                {
                    "section": "Model",
                    "property": "Maximum fluid temperature [\u00b0C]",
                    "value": "35",
                    "unit": ""
                },
                {
                    "section": "Model",
                    "property": "Cable length [m]",
                    "value": "25",
                    "unit": ""
                },
                {
                    "section": "Model",
                    "property": "Degree of protection",
                    "value": "IP 68",
                    "unit": ""
                },
                {
                    "section": "Model",
                    "property": "Insulation class",
                    "value": "B",
                    "unit": ""
                },
                {
                    "section": "Model",
                    "property": "Weight [kg]",
                    "value": "12,1",
                    "unit": ""
                },
                {
                    "section": "Model",
                    "property": "Dimension- length [mm]",
                    "value": "535",
                    "unit": ""
                }
            ]
        },
        {
            "reference": "ZB00048409",
            "description": [
                {
                    "section": "",
                    "text": "3\" submersible pump for boreholes"
                },
                {
                    "section": "",
                    "text": "BLUE LINE 3SKM"
                },
                {
                    "section": "",
                    "text": "Submersible 3\" pump for wells and boreholes for clean water, pumping irrigation."
                },
                {
                    "section": "Application",
                    "text": "For boreholes from 125 mm"
                },
                {
                    "section": "Application",
                    "text": "Power supply of pressure systems"
                },
                {
                    "section": "Application",
                    "text": "Pumping clean water into households"
                },
                {
                    "section": "Application",
                    "text": "Filling and emptying tanks"
                },
                {
                    "section": "Application",
                    "text": "Water circulation in fountains"
                },
                {
                    "section": "Characteristic design features",
                    "text": "Stainless steel shaft, casing and hydraulics"
                },
                {
                    "section": "Characteristic design features",
                    "text": "Brass impeller"
                },
                {
                    "section": "Characteristic design features",
                    "text": "Oil-cooled engine with compensating membrane"
                },
                {
                    "section": "Characteristic design features",
                    "text": "Graphite seal protected by a ring against sand"
                }
            ],
            "key_value_pairs": [
                {
                    "section": "Model",
                    "property": "Maximum flow [m\u00b3/hod]",
                    "value": "2,5",
                    "unit": ""
                },
                {
                    "section": "Model",
                    "property": "Maximum discharge head [m]",
                    "value": "73",
                    "unit": ""
                },
                {
                    "section": "Model",
                    "property": "Pump diameter",
                    "value": "3\"",
                    "unit": ""
                },
                {
                    "section": "Model",
                    "property": "Voltage/ frequency [V/Hz]",
                    "value": "230/50",
                    "unit": ""
                },
                {
                    "section": "Model",
                    "property": "Power [W]",
                    "value": "1100",
                    "unit": ""
                },
                {
                    "section": "Model",
                    "property": "Connection",
                    "value": "1\"",
                    "unit": ""
                },
                {
                    "section": "Model",
                    "property": "Maximumi immersion depth [m]",
                    "value": "40",
                    "unit": ""
                },
                {
                    "section": "Model",
                    "property": "Maximum fluid temperature [\u00b0C]",
                    "value": "35",
                    "unit": ""
                },
                {
                    "section": "Model",
                    "property": "Cable length [m]",
                    "value": "30",
                    "unit": ""
                },
                {
                    "section": "Model",
                    "property": "Degree of protection",
                    "value": "IP 68",
                    "unit": ""
                },
                {
                    "section": "Model",
                    "property": "Insulation class",
                    "value": "B",
                    "unit": ""
                },
                {
                    "section": "Model",
                    "property": "Weight [kg]",
                    "value": "12,6",
                    "unit": ""
                },
                {
                    "section": "Model",
                    "property": "Dimension- length [mm]",
                    "value": "602",
                    "unit": ""
                }
            ]
        }
    ]
}