{
    "brand": "",
    "parts": [
        {
            "reference": "ZB00048521",
            "description": [
                {
                    "section": "",
                    "text": "Submersible screw pump"
                },
                {
                    "section": "",
                    "text": "BLUE LINE 3PVM550-100"
                },
                {
                    "section": "",
                    "text": "Submersible 3\" pump for wells and boreholes for clean water, pumping watering."
                },
                {
                    "section": "Application",
                    "text": "For boreholes from 100mm"
                },
                {
                    "section": "Application",
                    "text": "Rainwater irrigation"
                },
                {
                    "section": "Application",
                    "text": "Pumping clean water into the household"
                },
                {
                    "section": "Application",
                    "text": "Power supply for pressure systems"
                },
                {
                    "section": "Application",
                    "text": "Water circulation in fountains"
                },
                {
                    "section": "Application",
                    "text": "Filling and emptying tanks"
                },
                {
                    "section": "Characteristic design features",
                    "text": "Stainless steel shaft, casing and hydraulics"
                },
                {
                    "section": "Characteristic design features",
                    "text": "Screw in a rubber stator"
                },
                {
                    "section": "Characteristic design features",
                    "text": "Oil-cooled engine with compensating membrane"
                },
                {
                    "section": "Characteristic design features",
                    "text": "Graphite seal protected by ar ring against sand"
                },
                {
                    "section": "Characteristic design features",
                    "text": "The pump parts are non-toxic and do not pollute"
                }
            ],
            "key_value_pairs": [
                {
                    "section": "Model",
                    "property": "Maximum flow [m\u00b3/hod]",
                    "value": "1,8",
                    "unit": ""
                },
                {
                    "section": "Model",
                    "property": "Maximum discharge head [m]",
                    "value": "100",
                    "unit": ""
                },
                {
                    "section": "Model",
                    "property": "Pump diameter",
                    "value": "3\"",
                    "unit": ""
                },
                {
                    "section": "Model",
                    "property": "Voltage frequency [V/Hz]",
                    "value": "230/50",
                    "unit": ""
                },
                {
                    "section": "Model",
                    "property": "Power [W]",
                    "value": "550",
                    "unit": ""
                },
                {
                    "section": "Model",
                    "property": "Connection",
                    "value": "1\"",
                    "unit": ""
                },
                {
                    "section": "Model",
                    "property": "Maximum immersion depth [m]",
                    "value": "40",
                    "unit": ""
                },
                {
                    "section": "Model",
                    "property": "Maximum fluid temperature [\u00b0C]",
                    "value": "35",
                    "unit": ""
                },
                {
                    "section": "Model",
                    "property": "Cable length [m]",
                    "value": "20",
                    "unit": ""
                },
                {
                    "section": "Model",
                    "property": "Degree of protection",
                    "value": "IP 68",
                    "unit": ""
                },
                {
                    "section": "Model",
                    "property": "Insulation class",
                    "value": "B",
                    "unit": ""
                },
                {
                    "section": "Model",
                    "property": "Weight [kg]",
                    "value": "10,6",
                    "unit": ""
                },
                {
                    "section": "Model",
                    "property": "Dimension length [mm]",
                    "value": "628",
                    "unit": ""
                }
            ]
        },
        {
            "reference": "ZB00048522",
            "description": [
                {
                    "section": "",
                    "text": "Submersible screw pump"
                },
                {
                    "section": "",
                    "text": "BLUE LINE 3PVM550-100"
                },
                {
                    "section": "",
                    "text": "Submersible 3\" pump for wells and boreholes for clean water, pumping watering."
                },
                {
                    "section": "Application",
                    "text": "For boreholes from 100mm"
                },
                {
                    "section": "Application",
                    "text": "Rainwater irrigation"
                },
                {
                    "section": "Application",
                    "text": "Pumping clean water into the household"
                },
                {
                    "section": "Application",
                    "text": "Power supply for pressure systems"
                },
                {
                    "section": "Application",
                    "text": "Water circulation in fountains"
                },
                {
                    "section": "Application",
                    "text": "Filling and emptying tanks"
                },
                {
                    "section": "Characteristic design features",
                    "text": "Stainless steel shaft, casing and hydraulics"
                },
                {
                    "section": "Characteristic design features",
                    "text": "Screw in a rubber stator"
                },
                {
                    "section": "Characteristic design features",
                    "text": "Oil-cooled engine with compensating membrane"
                },
                {
                    "section": "Characteristic design features",
                    "text": "Graphite seal protected by ar ring against sand"
                },
                {
                    "section": "Characteristic design features",
                    "text": "The pump parts are non-toxic and do not pollute"
                }
            ],
            "key_value_pairs": [
                {
                    "section": "Model",
                    "property": "Maximum flow [m\u00b3/hod]",
                    "value": "1,8",
                    "unit": ""
                },
                {
                    "section": "Model",
                    "property": "Maximum discharge head [m]",
                    "value": "100",
                    "unit": ""
                },
                {
                    "section": "Model",
                    "property": "Pump diameter",
                    "value": "3\"",
                    "unit": ""
                },
                {
                    "section": "Model",
                    "property": "Voltage frequency [V/Hz]",
                    "value": "230/50",
                    "unit": ""
                },
                {
                    "section": "Model",
                    "property": "Power [W]",
                    "value": "550",
                    "unit": ""
                },
                {
                    "section": "Model",
                    "property": "Connection",
                    "value": "1\"",
                    "unit": ""
                },
                {
                    "section": "Model",
                    "property": "Maximum immersion depth [m]",
                    "value": "40",
                    "unit": ""
                },
                {
                    "section": "Model",
                    "property": "Maximum fluid temperature [\u00b0C]",
                    "value": "35",
                    "unit": ""
                },
                {
                    "section": "Model",
                    "property": "Cable length [m]",
                    "value": "30",
                    "unit": ""
                },
                {
                    "section": "Model",
                    "property": "Degree of protection",
                    "value": "IP 68",
                    "unit": ""
                },
                {
                    "section": "Model",
                    "property": "Insulation class",
                    "value": "B",
                    "unit": ""
                },
                {
                    "section": "Model",
                    "property": "Weight [kg]",
                    "value": "11,7",
                    "unit": ""
                },
                {
                    "section": "Model",
                    "property": "Dimension length [mm]",
                    "value": "628",
                    "unit": ""
                }
            ]
        },
        {
            "reference": "ZB00048523",
            "description": [
                {
                    "section": "",
                    "text": "Submersible screw pump"
                },
                {
                    "section": "",
                    "text": "BLUE LINE 3PVM550-100"
                },
                {
                    "section": "",
                    "text": "Submersible 3\" pump for wells and boreholes for clean water, pumping watering."
                },
                {
                    "section": "Application",
                    "text": "For boreholes from 100mm"
                },
                {
                    "section": "Application",
                    "text": "Rainwater irrigation"
                },
                {
                    "section": "Application",
                    "text": "Pumping clean water into the household"
                },
                {
                    "section": "Application",
                    "text": "Power supply for pressure systems"
                },
                {
                    "section": "Application",
                    "text": "Water circulation in fountains"
                },
                {
                    "section": "Application",
                    "text": "Filling and emptying tanks"
                },
                {
                    "section": "Characteristic design features",
                    "text": "Stainless steel shaft, casing and hydraulics"
                },
                {
                    "section": "Characteristic design features",
                    "text": "Screw in a rubber stator"
                },
                {
                    "section": "Characteristic design features",
                    "text": "Oil-cooled engine with compensating membrane"
                },
                {
                    "section": "Characteristic design features",
                    "text": "Graphite seal protected by ar ring against sand"
                },
                {
                    "section": "Characteristic design features",
                    "text": "The pump parts are non-toxic and do not pollute"
                }
            ],
            "key_value_pairs": [
                {
                    "section": "Model",
                    "property": "Maximum flow [m\u00b3/hod]",
                    "value": "1,8",
                    "unit": ""
                },
                {
                    "section": "Model",
                    "property": "Maximum discharge head [m]",
                    "value": "100",
                    "unit": ""
                },
                {
                    "section": "Model",
                    "property": "Pump diameter",
                    "value": "3\"",
                    "unit": ""
                },
                {
                    "section": "Model",
                    "property": "Voltage frequency [V/Hz]",
                    "value": "230/50",
                    "unit": ""
                },
                {
                    "section": "Model",
                    "property": "Power [W]",
                    "value": "550",
                    "unit": ""
                },
                {
                    "section": "Model",
                    "property": "Connection",
                    "value": "1\"",
                    "unit": ""
                },
                {
                    "section": "Model",
                    "property": "Maximum immersion depth [m]",
                    "value": "40",
                    "unit": ""
                },
                {
                    "section": "Model",
                    "property": "Maximum fluid temperature [\u00b0C]",
                    "value": "35",
                    "unit": ""
                },
                {
                    "section": "Model",
                    "property": "Cable length [m]",
                    "value": "40",
                    "unit": ""
                },
                {
                    "section": "Model",
                    "property": "Degree of protection",
                    "value": "IP 68",
                    "unit": ""
                },
                {
                    "section": "Model",
                    "property": "Insulation class",
                    "value": "B",
                    "unit": ""
                },
                {
                    "section": "Model",
                    "property": "Weight [kg]",
                    "value": "12,9",
                    "unit": ""
                },
                {
                    "section": "Model",
                    "property": "Dimension length [mm]",
                    "value": "628",
                    "unit": ""
                }
            ]
        }
    ]
}