{
    "brand": "",
    "parts": [
        {
            "reference": "ZB00062639",
            "description": [
                {
                    "section": "",
                    "text": "pressure booster pump LINE 4STE"
                },
                {
                    "section": "",
                    "text": "BLUE"
                },
                {
                    "section": "",
                    "text": "Pressure booster pump with frequency control. converter electronic Set of 4\" submersible pump 4ST frequency converter and 41 pressure vessel. 3x230 V with"
                },
                {
                    "section": "Application",
                    "text": "Pumping clean water from wells and boreholes (with cooling jacket)"
                },
                {
                    "section": "Application",
                    "text": "Irrigation, household water supply"
                },
                {
                    "section": "Application",
                    "text": "Submersible pump with impeller made of highly"
                },
                {
                    "section": "Model",
                    "text": "resistant PPO plastic"
                },
                {
                    "section": "Model",
                    "text": "41 GWS pressure tank"
                },
                {
                    "section": "Model",
                    "text": "Frequency convertor PUMPA e-line Drive-04"
                },
                {
                    "section": "Model",
                    "text": "The set includes a five-way stainless steel valve,"
                },
                {
                    "section": "Model",
                    "text": "pressure sensor, pressure gauge"
                }
            ],
            "key_value_pairs": [
                {
                    "section": "Model",
                    "property": "Maximum flow [m\u00b3/hod]",
                    "value": "4,5",
                    "unit": ""
                },
                {
                    "section": "Model",
                    "property": "Maximum head [m]",
                    "value": "95",
                    "unit": ""
                },
                {
                    "section": "Model",
                    "property": "Pump diameter",
                    "value": "4\"",
                    "unit": ""
                },
                {
                    "section": "Model",
                    "property": "Voltage/frequency [V/Hz]",
                    "value": "3x230/50",
                    "unit": ""
                },
                {
                    "section": "Model",
                    "property": "Power [W]",
                    "value": "750",
                    "unit": ""
                },
                {
                    "section": "Model",
                    "property": "Connection",
                    "value": "5/4\"",
                    "unit": ""
                },
                {
                    "section": "Model",
                    "property": "Maximum immersion depth [m]",
                    "value": "40",
                    "unit": ""
                },
                {
                    "section": "Model",
                    "property": "Maximum liquid temperature [\u00b0C]",
                    "value": "35",
                    "unit": ""
                },
                {
                    "section": "Model",
                    "property": "Cable length [m]",
                    "value": "30",
                    "unit": ""
                },
                {
                    "section": "Model",
                    "property": "Protection",
                    "value": "IP 68",
                    "unit": ""
                },
                {
                    "section": "Model",
                    "property": "Insulation class",
                    "value": "B",
                    "unit": ""
                },
                {
                    "section": "Model",
                    "property": "Weight [kg]",
                    "value": "22,4",
                    "unit": ""
                },
                {
                    "section": "Model",
                    "property": "Dimension - length [mm]",
                    "value": "910",
                    "unit": ""
                }
            ]
        },
        {
            "reference": "ZB00062640",
            "description": [
                {
                    "section": "",
                    "text": "pressure booster pump LINE 4STE"
                },
                {
                    "section": "",
                    "text": "BLUE"
                },
                {
                    "section": "",
                    "text": "Pressure booster pump with frequency control. converter electronic Set of 4\" submersible pump 4ST frequency converter and 41 pressure vessel. 3x230 V with"
                },
                {
                    "section": "Application",
                    "text": "Pumping clean water from wells and boreholes (with cooling jacket)"
                },
                {
                    "section": "Application",
                    "text": "Irrigation, household water supply"
                },
                {
                    "section": "Application",
                    "text": "Submersible pump with impeller made of highly"
                },
                {
                    "section": "Model",
                    "text": "resistant PPO plastic"
                },
                {
                    "section": "Model",
                    "text": "41 GWS pressure tank"
                },
                {
                    "section": "Model",
                    "text": "Frequency convertor PUMPA e-line Drive-04"
                },
                {
                    "section": "Model",
                    "text": "The set includes a five-way stainless steel valve,"
                },
                {
                    "section": "Model",
                    "text": "pressure sensor, pressure gauge"
                }
            ],
            "key_value_pairs": [
                {
                    "section": "Model",
                    "property": "Maximum flow [m\u00b3/hod]",
                    "value": "4,5",
                    "unit": ""
                },
                {
                    "section": "Model",
                    "property": "Maximum head [m]",
                    "value": "128",
                    "unit": ""
                },
                {
                    "section": "Model",
                    "property": "Pump diameter",
                    "value": "4\"",
                    "unit": ""
                },
                {
                    "section": "Model",
                    "property": "Voltage/frequency [V/Hz]",
                    "value": "3x230/ 50",
                    "unit": ""
                },
                {
                    "section": "Model",
                    "property": "Power [W]",
                    "value": "1100",
                    "unit": ""
                },
                {
                    "section": "Model",
                    "property": "Connection",
                    "value": "5/4\"",
                    "unit": ""
                },
                {
                    "section": "Model",
                    "property": "Maximum immersion depth [m]",
                    "value": "40",
                    "unit": ""
                },
                {
                    "section": "Model",
                    "property": "Maximum liquid temperature [\u00b0C]",
                    "value": "35",
                    "unit": ""
                },
                {
                    "section": "Model",
                    "property": "Cable length [m]",
                    "value": "40",
                    "unit": ""
                },
                {
                    "section": "Model",
                    "property": "Protection",
                    "value": "IP 68",
                    "unit": ""
                },
                {
                    "section": "Model",
                    "property": "Insulation class",
                    "value": "B",
                    "unit": ""
                },
                {
                    "section": "Model",
                    "property": "Weight [kg]",
                    "value": "27,2",
                    "unit": ""
                },
                {
                    "section": "Model",
                    "property": "Dimension - length [mm]",
                    "value": "1120",
                    "unit": ""
                }
            ]
        },
        {
            "reference": "ZB00062641",
            "description": [
                {
                    "section": "",
                    "text": "pressure booster pump LINE 4STE"
                },
                {
                    "section": "",
                    "text": "BLUE"
                },
                {
                    "section": "",
                    "text": "Pressure booster pump with frequency control. converter electronic Set of 4\" submersible pump 4ST frequency converter and 41 pressure vessel. 3x230 V with"
                },
                {
                    "section": "Application",
                    "text": "Pumping clean water from wells and boreholes (with cooling jacket)"
                },
                {
                    "section": "Application",
                    "text": "Irrigation, household water supply"
                },
                {
                    "section": "Application",
                    "text": "Submersible pump with impeller made of highly"
                },
                {
                    "section": "Model",
                    "text": "resistant PPO plastic"
                },
                {
                    "section": "Model",
                    "text": "41 GWS pressure tank"
                },
                {
                    "section": "Model",
                    "text": "Frequency convertor PUMPA e-line Drive-04"
                },
                {
                    "section": "Model",
                    "text": "The set includes a five-way stainless steel valve,"
                },
                {
                    "section": "Model",
                    "text": "pressure sensor, pressure gauge"
                }
            ],
            "key_value_pairs": [
                {
                    "section": "Model",
                    "property": "Maximum flow [m\u00b3/hod]",
                    "value": "4,5",
                    "unit": ""
                },
                {
                    "section": "Model",
                    "property": "Maximum head [m]",
                    "value": "169",
                    "unit": ""
                },
                {
                    "section": "Model",
                    "property": "Pump diameter",
                    "value": "4\"",
                    "unit": ""
                },
                {
                    "section": "Model",
                    "property": "Voltage/frequency [V/Hz]",
                    "value": "3x230/50",
                    "unit": ""
                },
                {
                    "section": "Model",
                    "property": "Power [W]",
                    "value": "1500",
                    "unit": ""
                },
                {
                    "section": "Model",
                    "property": "Connection",
                    "value": "5/4\"",
                    "unit": ""
                },
                {
                    "section": "Model",
                    "property": "Maximum immersion depth [m]",
                    "value": "40",
                    "unit": ""
                },
                {
                    "section": "Model",
                    "property": "Maximum liquid temperature [\u00b0C]",
                    "value": "35",
                    "unit": ""
                },
                {
                    "section": "Model",
                    "property": "Cable length [m]",
                    "value": "50",
                    "unit": ""
                },
                {
                    "section": "Model",
                    "property": "Protection",
                    "value": "IP 68",
                    "unit": ""
                },
                {
                    "section": "Model",
                    "property": "Insulation class",
                    "value": "B",
                    "unit": ""
                },
                {
                    "section": "Model",
                    "property": "Weight [kg]",
                    "value": "33,5",
                    "unit": ""
                },
                {
                    "section": "Model",
                    "property": "Dimension - length [mm]",
                    "value": "1318",
                    "unit": ""
                }
            ]
        }
    ]
}