{
    "brand": "",
    "parts": [
        {
            "reference": "ZB00001299",
            "description": [
                {
                    "section": "",
                    "text": "pressure booster pump"
                },
                {
                    "section": "",
                    "text": "BLUE LINE 5PCSm1300P-G - PUMPA"
                },
                {
                    "section": "",
                    "text": "Pressure booster pump with Pumpa vessel. For water supply from wells, for use in recreational facilities, in for gardens and irrigation. Maximum suction capacity 8 m."
                },
                {
                    "section": "Application",
                    "text": "suitable for water supply from wells"
                },
                {
                    "section": "Application",
                    "text": "for use in recreational facilities, in gardens and for irrigation"
                },
                {
                    "section": "Application",
                    "text": "suction capacity up to 8 meters"
                }
            ],
            "key_value_pairs": [
                {
                    "section": "Model",
                    "property": "Maximum flow [m\u00b3/hod]",
                    "value": "5,4",
                    "unit": ""
                },
                {
                    "section": "Model",
                    "property": "Maximum discharge head [m]",
                    "value": "55",
                    "unit": ""
                },
                {
                    "section": "Model",
                    "property": "Maximum suction height [m]",
                    "value": "8",
                    "unit": ""
                },
                {
                    "section": "Model",
                    "property": "Voltage frequency [V/Hz]",
                    "value": "230/50",
                    "unit": ""
                },
                {
                    "section": "Model",
                    "property": "Power [W]",
                    "value": "1300",
                    "unit": ""
                },
                {
                    "section": "Model",
                    "property": "Connection",
                    "value": "1\"x1\"",
                    "unit": ""
                },
                {
                    "section": "Model",
                    "property": "Maximum fluid temperature [\u00b0C]",
                    "value": "35",
                    "unit": ""
                },
                {
                    "section": "Model",
                    "property": "Maximum operating pressure [bar]",
                    "value": "10",
                    "unit": ""
                },
                {
                    "section": "Model",
                    "property": "Switch-on pressure [bar]",
                    "value": "2,8",
                    "unit": ""
                },
                {
                    "section": "Model",
                    "property": "Switch-off pressure [bar]",
                    "value": "4,2",
                    "unit": ""
                },
                {
                    "section": "Model",
                    "property": "Rated current [A]",
                    "value": "5,5",
                    "unit": ""
                },
                {
                    "section": "Model",
                    "property": "Weight [kg]",
                    "value": "25",
                    "unit": ""
                },
                {
                    "section": "Model",
                    "property": "Dimension LxHx W [mm]",
                    "value": "250x 500x600",
                    "unit": ""
                }
            ]
        },
        {
            "reference": "ZB00001300",
            "description": [
                {
                    "section": "",
                    "text": "pressure booster pump"
                },
                {
                    "section": "",
                    "text": "BLUE LINE 5PCSm1300P-G - PUMPA"
                },
                {
                    "section": "",
                    "text": "Pressure booster pump with Pumpa vessel. For water supply from wells, for use in recreational facilities, in for gardens and irrigation. Maximum suction capacity 8 m."
                },
                {
                    "section": "Application",
                    "text": "suitable for water supply from wells"
                },
                {
                    "section": "Application",
                    "text": "for use in recreational facilities, in gardens and for irrigation"
                },
                {
                    "section": "Application",
                    "text": "suction capacity up to 8 meters"
                }
            ],
            "key_value_pairs": [
                {
                    "section": "Model",
                    "property": "Maximum flow [m\u00b3/hod]",
                    "value": "5,4",
                    "unit": ""
                },
                {
                    "section": "Model",
                    "property": "Maximum discharge head [m]",
                    "value": "55",
                    "unit": ""
                },
                {
                    "section": "Model",
                    "property": "Maximum suction height [m]",
                    "value": "8",
                    "unit": ""
                },
                {
                    "section": "Model",
                    "property": "Voltage frequency [V/Hz]",
                    "value": "230/50",
                    "unit": ""
                },
                {
                    "section": "Model",
                    "property": "Power [W]",
                    "value": "1300",
                    "unit": ""
                },
                {
                    "section": "Model",
                    "property": "Connection",
                    "value": "1\"x1\"",
                    "unit": ""
                },
                {
                    "section": "Model",
                    "property": "Maximum fluid temperature [\u00b0C]",
                    "value": "35",
                    "unit": ""
                },
                {
                    "section": "Model",
                    "property": "Maximum operating pressure [bar]",
                    "value": "10",
                    "unit": ""
                },
                {
                    "section": "Model",
                    "property": "Switch-on pressure [bar]",
                    "value": "2,8",
                    "unit": ""
                },
                {
                    "section": "Model",
                    "property": "Switch-off pressure [bar]",
                    "value": "4,2",
                    "unit": ""
                },
                {
                    "section": "Model",
                    "property": "Rated current [A]",
                    "value": "5,5",
                    "unit": ""
                },
                {
                    "section": "Model",
                    "property": "Weight [kg]",
                    "value": "28",
                    "unit": ""
                },
                {
                    "section": "Model",
                    "property": "Dimension LxHx W [mm]",
                    "value": "400x650x750",
                    "unit": ""
                }
            ]
        },
        {
            "reference": "ZB00001301",
            "description": [
                {
                    "section": "",
                    "text": "pressure booster pump"
                },
                {
                    "section": "",
                    "text": "BLUE LINE 5PCSm1300P-G - PUMPA"
                },
                {
                    "section": "",
                    "text": "Pressure booster pump with Pumpa vessel. For water supply from wells, for use in recreational facilities, in for gardens and irrigation. Maximum suction capacity 8 m."
                },
                {
                    "section": "Application",
                    "text": "suitable for water supply from wells"
                },
                {
                    "section": "Application",
                    "text": "for use in recreational facilities, in gardens and for irrigation"
                },
                {
                    "section": "Application",
                    "text": "suction capacity up to 8 meters"
                }
            ],
            "key_value_pairs": [
                {
                    "section": "Model",
                    "property": "Maximum flow [m\u00b3/hod]",
                    "value": "5,4",
                    "unit": ""
                },
                {
                    "section": "Model",
                    "property": "Maximum discharge head [m]",
                    "value": "55",
                    "unit": ""
                },
                {
                    "section": "Model",
                    "property": "Maximum suction height [m]",
                    "value": "8",
                    "unit": ""
                },
                {
                    "section": "Model",
                    "property": "Voltage frequency [V/Hz]",
                    "value": "230/50",
                    "unit": ""
                },
                {
                    "section": "Model",
                    "property": "Power [W]",
                    "value": "1300",
                    "unit": ""
                },
                {
                    "section": "Model",
                    "property": "Connection",
                    "value": "1\"x1\"",
                    "unit": ""
                },
                {
                    "section": "Model",
                    "property": "Maximum fluid temperature [\u00b0C]",
                    "value": "35",
                    "unit": ""
                },
                {
                    "section": "Model",
                    "property": "Maximum operating pressure [bar]",
                    "value": "10",
                    "unit": ""
                },
                {
                    "section": "Model",
                    "property": "Switch-on pressure [bar]",
                    "value": "2,8",
                    "unit": ""
                },
                {
                    "section": "Model",
                    "property": "Switch-off pressure [bar]",
                    "value": "4,2",
                    "unit": ""
                },
                {
                    "section": "Model",
                    "property": "Rated current [A]",
                    "value": "5,5",
                    "unit": ""
                },
                {
                    "section": "Model",
                    "property": "Weight [kg]",
                    "value": "32",
                    "unit": ""
                },
                {
                    "section": "Model",
                    "property": "Dimension LxHx W [mm]",
                    "value": "450x700x800",
                    "unit": ""
                }
            ]
        }
    ]
}