{
    "parts": [
        {
            "reference": "7760051002",
            "brand": "Weidm\u00fcller",
            "description": [
                {
                    "section": "Energy meters for DIN rail mounting",
                    "text": "Energy Meter - BasicLine"
                }
            ],
            "key_value_pairs": [
                {
                    "section": "Technical data",
                    "property": "Measurement range, voltage L-N, AC",
                    "value": "176...276",
                    "unit": "V"
                },
                {
                    "section": "Technical data",
                    "property": "Surge voltage category",
                    "value": "II",
                    "unit": ""
                },
                {
                    "section": "Technical data",
                    "property": "Three-wire system",
                    "value": "No",
                    "unit": ""
                },
                {
                    "section": "Technical data",
                    "property": "Four-wire system",
                    "value": "No",
                    "unit": ""
                },
                {
                    "section": "Technical data",
                    "property": "Measuring accuracy for voltage",
                    "value": "0.5",
                    "unit": "%"
                },
                {
                    "section": "Technical data",
                    "property": "Measuring accuracy for current",
                    "value": "0.5",
                    "unit": "%"
                },
                {
                    "section": "Technical data",
                    "property": "Measurement accuracy for active energy (kWh, /5 A)",
                    "value": "Class 1 (IEC 62053-21), Class B (EN 50470-3)",
                    "unit": ""
                },
                {
                    "section": "Technical data",
                    "property": "Number of digital inputs",
                    "value": "0",
                    "unit": ""
                },
                {
                    "section": "Technical data",
                    "property": "Number of digital outputs",
                    "value": "0",
                    "unit": ""
                },
                {
                    "section": "Technical data",
                    "property": "Number of pulse outputs",
                    "value": "2",
                    "unit": ""
                },
                {
                    "section": "Technical data",
                    "property": "Current-measuring channels",
                    "value": "1",
                    "unit": ""
                },
                {
                    "section": "Technical data",
                    "property": "Max. current",
                    "value": "5000",
                    "unit": "A"
                },
                {
                    "section": "Technical data",
                    "property": "Interface",
                    "value": "RS485",
                    "unit": ""
                },
                {
                    "section": "Technical data",
                    "property": "Protocol",
                    "value": "Modbus RTU",
                    "unit": ""
                },
                {
                    "section": "Ordering data",
                    "property": "Type",
                    "value": "EM110-RTU-2P",
                    "unit": ""
                },
                {
                    "section": "Ordering data",
                    "property": "Qty.",
                    "value": "1",
                    "unit": ""
                },
                {
                    "section": "Ordering data",
                    "property": "Order No.",
                    "value": "7760051002",
                    "unit": ""
                }
            ]
        },
        {
            "reference": "7760051001",
            "brand": "Weidm\u00fcller",
            "description": [
                {
                    "section": "Energy meters for DIN rail mounting",
                    "text": "Energy Meter - BasicLine"
                }
            ],
            "key_value_pairs": [
                {
                    "section": "Technical data",
                    "property": "Measurement range, voltage L-N, AC",
                    "value": "176...276",
                    "unit": "V"
                },
                {
                    "section": "Technical data",
                    "property": "Surge voltage category",
                    "value": "II",
                    "unit": ""
                },
                {
                    "section": "Technical data",
                    "property": "Three-wire system",
                    "value": "No",
                    "unit": ""
                },
                {
                    "section": "Technical data",
                    "property": "Four-wire system",
                    "value": "No",
                    "unit": ""
                },
                {
                    "section": "Technical data",
                    "property": "Measuring accuracy for voltage",
                    "value": "0.5",
                    "unit": "%"
                },
                {
                    "section": "Technical data",
                    "property": "Measuring accuracy for current",
                    "value": "0.5",
                    "unit": "%"
                },
                {
                    "section": "Technical data",
                    "property": "Measurement accuracy for active energy (kWh, /5 A)",
                    "value": "Class 1 (IEC 62053-21), Class B (EN 50470-3)",
                    "unit": ""
                },
                {
                    "section": "Technical data",
                    "property": "Number of digital inputs",
                    "value": "0",
                    "unit": ""
                },
                {
                    "section": "Technical data",
                    "property": "Number of digital outputs",
                    "value": "0",
                    "unit": ""
                },
                {
                    "section": "Technical data",
                    "property": "Number of pulse outputs",
                    "value": "2",
                    "unit": ""
                },
                {
                    "section": "Technical data",
                    "property": "Current-measuring channels",
                    "value": "1",
                    "unit": ""
                },
                {
                    "section": "Technical data",
                    "property": "Max. current",
                    "value": "45",
                    "unit": "A"
                },
                {
                    "section": "Technical data",
                    "property": "Interface",
                    "value": "RS485",
                    "unit": ""
                },
                {
                    "section": "Technical data",
                    "property": "Protocol",
                    "value": "Modbus RTU",
                    "unit": ""
                },
                {
                    "section": "Ordering data",
                    "property": "Type",
                    "value": "EM111-RTU-2P",
                    "unit": ""
                },
                {
                    "section": "Ordering data",
                    "property": "Qty.",
                    "value": "1",
                    "unit": ""
                },
                {
                    "section": "Ordering data",
                    "property": "Order No.",
                    "value": "7760051001",
                    "unit": ""
                }
            ]
        },
        {
            "reference": "7760051004",
            "brand": "Weidm\u00fcller",
            "description": [
                {
                    "section": "Energy meters for DIN rail mounting",
                    "text": "Energy Meter - BasicLine"
                }
            ],
            "key_value_pairs": [
                {
                    "section": "Technical data",
                    "property": "Measurement range, voltage L-N, AC",
                    "value": "138...276",
                    "unit": "V"
                },
                {
                    "section": "Technical data",
                    "property": "Measurement range, voltage L-L, AC",
                    "value": "240...480",
                    "unit": "V"
                },
                {
                    "section": "Technical data",
                    "property": "Surge voltage category",
                    "value": "III",
                    "unit": ""
                },
                {
                    "section": "Technical data",
                    "property": "Voltage supply",
                    "value": "85...275 V AC",
                    "unit": ""
                },
                {
                    "section": "Technical data",
                    "property": "Three-wire system",
                    "value": "Yes",
                    "unit": ""
                },
                {
                    "section": "Technical data",
                    "property": "Four-wire system",
                    "value": "Yes",
                    "unit": ""
                },
                {
                    "section": "Technical data",
                    "property": "Measuring accuracy for voltage",
                    "value": "0.5",
                    "unit": "%"
                },
                {
                    "section": "Technical data",
                    "property": "Measuring accuracy for current",
                    "value": "0.5",
                    "unit": "%"
                },
                {
                    "section": "Technical data",
                    "property": "Measurement accuracy for active energy (kWh, /5 A)",
                    "value": "Class 0.5",
                    "unit": ""
                },
                {
                    "section": "Technical data",
                    "property": "Number of digital inputs",
                    "value": "0",
                    "unit": ""
                },
                {
                    "section": "Technical data",
                    "property": "Number of digital outputs",
                    "value": "0",
                    "unit": ""
                },
                {
                    "section": "Technical data",
                    "property": "Number of pulse outputs",
                    "value": "2",
                    "unit": ""
                },
                {
                    "section": "Technical data",
                    "property": "Current-measuring channels",
                    "value": "3",
                    "unit": ""
                },
                {
                    "section": "Technical data",
                    "property": "Max. current",
                    "value": "5000",
                    "unit": "A"
                },
                {
                    "section": "Technical data",
                    "property": "Interface",
                    "value": "RS485",
                    "unit": ""
                },
                {
                    "section": "Technical data",
                    "property": "Protocol",
                    "value": "Modbus RTU",
                    "unit": ""
                },
                {
                    "section": "Ordering data",
                    "property": "Type",
                    "value": "EM120-RTU-2P",
                    "unit": ""
                },
                {
                    "section": "Ordering data",
                    "property": "Qty.",
                    "value": "1",
                    "unit": ""
                },
                {
                    "section": "Ordering data",
                    "property": "Order No.",
                    "value": "7760051004",
                    "unit": ""
                }
            ]
        },
        {
            "reference": "7760051003",
            "brand": "Weidm\u00fcller",
            "description": [
                {
                    "section": "Energy meters for DIN rail mounting",
                    "text": "Energy Meter - BasicLine"
                }
            ],
            "key_value_pairs": [
                {
                    "section": "Technical data",
                    "property": "Measurement range, voltage L-N, AC",
                    "value": "176...276",
                    "unit": "V"
                },
                {
                    "section": "Technical data",
                    "property": "Measurement range, voltage L-L, AC",
                    "value": "240...480",
                    "unit": "V"
                },
                {
                    "section": "Technical data",
                    "property": "Surge voltage category",
                    "value": "III",
                    "unit": ""
                },
                {
                    "section": "Technical data",
                    "property": "Three-wire system",
                    "value": "Yes",
                    "unit": ""
                },
                {
                    "section": "Technical data",
                    "property": "Four-wire system",
                    "value": "Yes",
                    "unit": ""
                },
                {
                    "section": "Technical data",
                    "property": "Measuring accuracy for voltage",
                    "value": "0.5",
                    "unit": "%"
                },
                {
                    "section": "Technical data",
                    "property": "Measuring accuracy for current",
                    "value": "0.5",
                    "unit": "%"
                },
                {
                    "section": "Technical data",
                    "property": "Measurement accuracy for active energy (kWh, /5 A)",
                    "value": "Class 0.5",
                    "unit": ""
                },
                {
                    "section": "Technical data",
                    "property": "Number of digital inputs",
                    "value": "0",
                    "unit": ""
                },
                {
                    "section": "Technical data",
                    "property": "Number of digital outputs",
                    "value": "0",
                    "unit": ""
                },
                {
                    "section": "Technical data",
                    "property": "Number of pulse outputs",
                    "value": "2",
                    "unit": ""
                },
                {
                    "section": "Technical data",
                    "property": "Current-measuring channels",
                    "value": "3",
                    "unit": ""
                },
                {
                    "section": "Technical data",
                    "property": "Max. current",
                    "value": "100",
                    "unit": "A"
                },
                {
                    "section": "Technical data",
                    "property": "Interface",
                    "value": "RS485",
                    "unit": ""
                },
                {
                    "section": "Technical data",
                    "property": "Protocol",
                    "value": "Modbus RTU",
                    "unit": ""
                },
                {
                    "section": "Ordering data",
                    "property": "Type",
                    "value": "EM122-RTU-2P",
                    "unit": ""
                },
                {
                    "section": "Ordering data",
                    "property": "Qty.",
                    "value": "1",
                    "unit": ""
                },
                {
                    "section": "Ordering data",
                    "property": "Order No.",
                    "value": "7760051003",
                    "unit": ""
                }
            ]
        },
        {
            "reference": "7760051005",
            "brand": "Weidm\u00fcller",
            "description": [
                {
                    "section": "Energy meters for front panel mounting",
                    "text": "Energy Meter - BasicLine"
                }
            ],
            "key_value_pairs": [
                {
                    "section": "Technical data",
                    "property": "Measurement range, voltage L-N, AC",
                    "value": "50...345",
                    "unit": "V"
                },
                {
                    "section": "Technical data",
                    "property": "Measurement range, voltage L-L, AC",
                    "value": "50...600",
                    "unit": "V"
                },
                {
                    "section": "Technical data",
                    "property": "Surge voltage category",
                    "value": "III",
                    "unit": ""
                },
                {
                    "section": "Technical data",
                    "property": "Voltage supply",
                    "value": "75...270 V AC, 100...380 V DC",
                    "unit": ""
                },
                {
                    "section": "Technical data",
                    "property": "Three-wire system",
                    "value": "Yes",
                    "unit": ""
                },
                {
                    "section": "Technical data",
                    "property": "Four-wire system",
                    "value": "Yes",
                    "unit": ""
                },
                {
                    "section": "Technical data",
                    "property": "Measuring accuracy for voltage",
                    "value": "0.5",
                    "unit": "%"
                },
                {
                    "section": "Technical data",
                    "property": "Measuring accuracy for current",
                    "value": "0.5",
                    "unit": "%"
                },
                {
                    "section": "Technical data",
                    "property": "Measurement accuracy for active energy (kWh, /5 A)",
                    "value": "Class 0.5S (IEC 62053-22), Class 0.5 (IEC 61557-12)",
                    "unit": ""
                },
                {
                    "section": "Technical data",
                    "property": "Number of digital inputs",
                    "value": "4",
                    "unit": ""
                },
                {
                    "section": "Technical data",
                    "property": "Number of digital outputs",
                    "value": "2",
                    "unit": ""
                },
                {
                    "section": "Technical data",
                    "property": "Current-measuring channels",
                    "value": "3",
                    "unit": ""
                },
                {
                    "section": "Technical data",
                    "property": "Interface",
                    "value": "RS485",
                    "unit": ""
                },
                {
                    "section": "Technical data",
                    "property": "Protocol",
                    "value": "Modbus RTU",
                    "unit": ""
                },
                {
                    "section": "Ordering data",
                    "property": "Type",
                    "value": "EM220-RTU-4DI2DO",
                    "unit": ""
                },
                {
                    "section": "Ordering data",
                    "property": "Qty.",
                    "value": "1",
                    "unit": ""
                },
                {
                    "section": "Ordering data",
                    "property": "Order No.",
                    "value": "7760051005",
                    "unit": ""
                }
            ]
        },
        {
            "reference": "7760051006",
            "brand": "Weidm\u00fcller",
            "description": [
                {
                    "section": "Energy meters for front panel mounting",
                    "text": "Energy Meter - BasicLine"
                }
            ],
            "key_value_pairs": [
                {
                    "section": "Technical data",
                    "property": "Measurement range, voltage L-N, AC",
                    "value": "50...345",
                    "unit": "V"
                },
                {
                    "section": "Technical data",
                    "property": "Measurement range, voltage L-L, AC",
                    "value": "50...600",
                    "unit": "V"
                },
                {
                    "section": "Technical data",
                    "property": "Surge voltage category",
                    "value": "III",
                    "unit": ""
                },
                {
                    "section": "Technical data",
                    "property": "Voltage supply",
                    "value": "75...270 V AC, 100...380 V DC",
                    "unit": ""
                },
                {
                    "section": "Technical data",
                    "property": "Three-wire system",
                    "value": "Yes",
                    "unit": ""
                },
                {
                    "section": "Technical data",
                    "property": "Four-wire system",
                    "value": "Yes",
                    "unit": ""
                },
                {
                    "section": "Technical data",
                    "property": "Measuring accuracy for voltage",
                    "value": "0.5",
                    "unit": "%"
                },
                {
                    "section": "Technical data",
                    "property": "Measuring accuracy for current",
                    "value": "0.5",
                    "unit": "%"
                },
                {
                    "section": "Technical data",
                    "property": "Measurement accuracy for active energy (kWh, /5 A)",
                    "value": "Class 0.5S (IEC 62053-22), Class 0.5 (IEC 61557-12)",
                    "unit": ""
                },
                {
                    "section": "Technical data",
                    "property": "Number of digital inputs",
                    "value": "4",
                    "unit": ""
                },
                {
                    "section": "Technical data",
                    "property": "Number of digital outputs",
                    "value": "2",
                    "unit": ""
                },
                {
                    "section": "Technical data",
                    "property": "Current-measuring channels",
                    "value": "3",
                    "unit": ""
                },
                {
                    "section": "Technical data",
                    "property": "Interface",
                    "value": "RS485, Ethernet",
                    "unit": ""
                },
                {
                    "section": "Technical data",
                    "property": "Protocol",
                    "value": "Modbus RTU, Modbus/TCP (Port 502), Modbus-Gateway",
                    "unit": ""
                },
                {
                    "section": "Ordering data",
                    "property": "Type",
                    "value": "EM220-RTU-4DI2DO-GW",
                    "unit": ""
                },
                {
                    "section": "Ordering data",
                    "property": "Qty.",
                    "value": "1",
                    "unit": ""
                },
                {
                    "section": "Ordering data",
                    "property": "Order No.",
                    "value": "7760051006",
                    "unit": ""
                }
            ]
        },
        {
            "reference": "3068970000",
            "brand": "Weidm\u00fcller",
            "description": [
                {
                    "section": "Accessories",
                    "text": ""
                }
            ],
            "key_value_pairs": [
                {
                    "section": "Accessories",
                    "property": "Type",
                    "value": "EM220 BRACKET",
                    "unit": ""
                },
                {
                    "section": "Accessories",
                    "property": "Qty.",
                    "value": "1",
                    "unit": ""
                },
                {
                    "section": "Accessories",
                    "property": "Order No.",
                    "value": "3068970000",
                    "unit": ""
                }
            ]
        },
        {
            "reference": "3099190000",
            "brand": "Weidm\u00fcller",
            "description": [
                {
                    "section": "Energy meters MID",
                    "text": "Energy Meter - BasicLine"
                }
            ],
            "key_value_pairs": [
                {
                    "section": "Technical data",
                    "property": "Measurement range, voltage L-N, AC",
                    "value": "176...276",
                    "unit": "V"
                },
                {
                    "section": "Technical data",
                    "property": "Surge voltage category",
                    "value": "III",
                    "unit": ""
                },
                {
                    "section": "Technical data",
                    "property": "Three-wire system",
                    "value": "No",
                    "unit": ""
                },
                {
                    "section": "Technical data",
                    "property": "Four-wire system",
                    "value": "No",
                    "unit": ""
                },
                {
                    "section": "Technical data",
                    "property": "Measuring accuracy for voltage",
                    "value": "0.5",
                    "unit": "%"
                },
                {
                    "section": "Technical data",
                    "property": "Measuring accuracy for current",
                    "value": "0.5",
                    "unit": "%"
                },
                {
                    "section": "Technical data",
                    "property": "Number of digital inputs",
                    "value": "0",
                    "unit": ""
                },
                {
                    "section": "Technical data",
                    "property": "Number of digital outputs",
                    "value": "0",
                    "unit": ""
                },
                {
                    "section": "Technical data",
                    "property": "Number of pulse outputs",
                    "value": "2",
                    "unit": ""
                },
                {
                    "section": "Technical data",
                    "property": "Current-measuring channels",
                    "value": "1",
                    "unit": ""
                },
                {
                    "section": "Technical data",
                    "property": "Max. current",
                    "value": "45",
                    "unit": "A"
                },
                {
                    "section": "Technical data",
                    "property": "Interface",
                    "value": "RS485",
                    "unit": ""
                },
                {
                    "section": "Technical data",
                    "property": "Protocol",
                    "value": "Modbus RTU",
                    "unit": ""
                },
                {
                    "section": "Ordering data",
                    "property": "Type",
                    "value": "EM111-RTU-2P-MID",
                    "unit": ""
                },
                {
                    "section": "Ordering data",
                    "property": "Qty.",
                    "value": "1",
                    "unit": ""
                },
                {
                    "section": "Ordering data",
                    "property": "Order No.",
                    "value": "3099190000",
                    "unit": ""
                }
            ]
        },
        {
            "reference": "3099200000",
            "brand": "Weidm\u00fcller",
            "description": [
                {
                    "section": "Energy meters MID",
                    "text": "Energy Meter - BasicLine"
                }
            ],
            "key_value_pairs": [
                {
                    "section": "Technical data",
                    "property": "Measurement range, voltage L-N, AC",
                    "value": "3 x 230",
                    "unit": "V"
                },
                {
                    "section": "Technical data",
                    "property": "Measurement range, voltage L-L, AC",
                    "value": "400",
                    "unit": "V"
                },
                {
                    "section": "Technical data",
                    "property": "Surge voltage category",
                    "value": "III",
                    "unit": ""
                },
                {
                    "section": "Technical data",
                    "property": "Three-wire system",
                    "value": "Yes",
                    "unit": ""
                },
                {
                    "section": "Technical data",
                    "property": "Four-wire system",
                    "value": "Yes",
                    "unit": ""
                },
                {
                    "section": "Technical data",
                    "property": "Measuring accuracy for voltage",
                    "value": "0.5",
                    "unit": "%"
                },
                {
                    "section": "Technical data",
                    "property": "Measuring accuracy for current",
                    "value": "0.5",
                    "unit": "%"
                },
                {
                    "section": "Technical data",
                    "property": "Number of digital inputs",
                    "value": "0",
                    "unit": ""
                },
                {
                    "section": "Technical data",
                    "property": "Number of digital outputs",
                    "value": "0",
                    "unit": ""
                },
                {
                    "section": "Technical data",
                    "property": "Number of pulse outputs",
                    "value": "2",
                    "unit": ""
                },
                {
                    "section": "Technical data",
                    "property": "Current-measuring channels",
                    "value": "3",
                    "unit": ""
                },
                {
                    "section": "Technical data",
                    "property": "Max. current",
                    "value": "5000",
                    "unit": "A"
                },
                {
                    "section": "Technical data",
                    "property": "Interface",
                    "value": "RS485",
                    "unit": ""
                },
                {
                    "section": "Technical data",
                    "property": "Protocol",
                    "value": "Modbus RTU",
                    "unit": ""
                },
                {
                    "section": "Ordering data",
                    "property": "Type",
                    "value": "EM120-RTU-2P-MID",
                    "unit": ""
                },
                {
                    "section": "Ordering data",
                    "property": "Qty.",
                    "value": "1",
                    "unit": ""
                },
                {
                    "section": "Ordering data",
                    "property": "Order No.",
                    "value": "3099200000",
                    "unit": ""
                }
            ]
        },
        {
            "reference": "3099210000",
            "brand": "Weidm\u00fcller",
            "description": [
                {
                    "section": "Energy meters MID",
                    "text": "Energy Meter - BasicLine"
                }
            ],
            "key_value_pairs": [
                {
                    "section": "Technical data",
                    "property": "Measurement range, voltage L-N, AC",
                    "value": "3 x 230",
                    "unit": "V"
                },
                {
                    "section": "Technical data",
                    "property": "Measurement range, voltage L-L, AC",
                    "value": "400",
                    "unit": "V"
                },
                {
                    "section": "Technical data",
                    "property": "Surge voltage category",
                    "value": "III",
                    "unit": ""
                },
                {
                    "section": "Technical data",
                    "property": "Three-wire system",
                    "value": "Yes",
                    "unit": ""
                },
                {
                    "section": "Technical data",
                    "property": "Four-wire system",
                    "value": "Yes",
                    "unit": ""
                },
                {
                    "section": "Technical data",
                    "property": "Measuring accuracy for voltage",
                    "value": "0.5",
                    "unit": "%"
                },
                {
                    "section": "Technical data",
                    "property": "Measuring accuracy for current",
                    "value": "0.5",
                    "unit": "%"
                },
                {
                    "section": "Technical data",
                    "property": "Number of digital inputs",
                    "value": "0",
                    "unit": ""
                },
                {
                    "section": "Technical data",
                    "property": "Number of digital outputs",
                    "value": "0",
                    "unit": ""
                },
                {
                    "section": "Technical data",
                    "property": "Number of pulse outputs",
                    "value": "2",
                    "unit": ""
                },
                {
                    "section": "Technical data",
                    "property": "Current-measuring channels",
                    "value": "3",
                    "unit": ""
                },
                {
                    "section": "Technical data",
                    "property": "Max. current",
                    "value": "100",
                    "unit": "A"
                },
                {
                    "section": "Technical data",
                    "property": "Interface",
                    "value": "RS485",
                    "unit": ""
                },
                {
                    "section": "Technical data",
                    "property": "Protocol",
                    "value": "Modbus RTU",
                    "unit": ""
                },
                {
                    "section": "Ordering data",
                    "property": "Type",
                    "value": "EM122-RTU-2P-MID",
                    "unit": ""
                },
                {
                    "section": "Ordering data",
                    "property": "Qty.",
                    "value": "1",
                    "unit": ""
                },
                {
                    "section": "Ordering data",
                    "property": "Order No.",
                    "value": "3099210000",
                    "unit": ""
                }
            ]
        },
        {
            "reference": "2540830000",
            "brand": "Weidm\u00fcller",
            "description": [
                {
                    "section": "Selection table",
                    "text": ""
                }
            ],
            "key_value_pairs": [
                {
                    "section": "Selection table",
                    "property": "Type",
                    "value": "EM D370-CBM",
                    "unit": ""
                },
                {
                    "section": "Selection table",
                    "property": "Order No.",
                    "value": "2540830000",
                    "unit": ""
                },
                {
                    "section": "Selection table",
                    "property": "Type of mounting",
                    "value": "DIN rail",
                    "unit": ""
                },
                {
                    "section": "Selection table",
                    "property": "Display",
                    "value": "LCD",
                    "unit": ""
                },
                {
                    "section": "Technical Characteristics",
                    "property": "Measuring range, Voltage L-N, AC (without transducer)",
                    "value": "277",
                    "unit": "V"
                },
                {
                    "section": "Technical Characteristics",
                    "property": "Measuring range, Voltage L-L, AC (without transducer)",
                    "value": "480",
                    "unit": "V"
                },
                {
                    "section": "Technical Characteristics",
                    "property": "Overvoltage category",
                    "value": "300 V CAT III",
                    "unit": ""
                },
                {
                    "section": "Technical Characteristics",
                    "property": "Power supply voltage",
                    "value": "95 - 240 V AC; 135 - 340 V DC",
                    "unit": ""
                },
                {
                    "section": "Technical Characteristics",
                    "property": "Three wire",
                    "value": "Yes",
                    "unit": ""
                },
                {
                    "section": "Technical Characteristics",
                    "property": "Four wire",
                    "value": "Yes",
                    "unit": ""
                },
                {
                    "section": "Technical Characteristics",
                    "property": "Sampling frequency 50/60 Hz",
                    "value": "5.4",
                    "unit": "kHz"
                },
                {
                    "section": "Technical Characteristics",
                    "property": "Measurement points per second",
                    "value": "5.400",
                    "unit": ""
                },
                {
                    "section": "Technical Characteristics",
                    "property": "Measurement results per second",
                    "value": "5",
                    "unit": ""
                },
                {
                    "section": "Technical Characteristics",
                    "property": "Measuring accuracy for voltage",
                    "value": "0.20",
                    "unit": "%"
                },
                {
                    "section": "Technical Characteristics",
                    "property": "Measuring accuracy for current",
                    "value": "0.20",
                    "unit": "%"
                },
                {
                    "section": "Technical Characteristics",
                    "property": "Number of digital inputs",
                    "value": "4",
                    "unit": ""
                },
                {
                    "section": "Technical Characteristics",
                    "property": "Number of digital outputs",
                    "value": "3",
                    "unit": ""
                },
                {
                    "section": "Technical Characteristics",
                    "property": "Number of pulse outputs",
                    "value": "1",
                    "unit": ""
                },
                {
                    "section": "Technical Characteristics",
                    "property": "Current measurement channel",
                    "value": "Yes",
                    "unit": ""
                },
                {
                    "section": "Technical Characteristics",
                    "property": "Temperature input",
                    "value": "Yes",
                    "unit": ""
                },
                {
                    "section": "Technical Characteristics",
                    "property": "Memory size",
                    "value": "4 MB Flash",
                    "unit": ""
                },
                {
                    "section": "Technical Characteristics",
                    "property": "Number of memory values",
                    "value": "160 k",
                    "unit": ""
                },
                {
                    "section": "Interfaces",
                    "property": "RS232",
                    "value": "Yes",
                    "unit": ""
                },
                {
                    "section": "Interfaces",
                    "property": "RS485",
                    "value": "Yes",
                    "unit": ""
                },
                {
                    "section": "Interfaces",
                    "property": "USB",
                    "value": "Yes",
                    "unit": ""
                },
                {
                    "section": "Interfaces",
                    "property": "Profibus DP",
                    "value": "Yes",
                    "unit": ""
                },
                {
                    "section": "Interfaces",
                    "property": "Ethernet",
                    "value": "Yes",
                    "unit": ""
                },
                {
                    "section": "Interfaces",
                    "property": "Webserver / E-Mail",
                    "value": "Yes",
                    "unit": ""
                },
                {
                    "section": "Protocols",
                    "property": "Modbus RTU",
                    "value": "Yes",
                    "unit": ""
                },
                {
                    "section": "Protocols",
                    "property": "Modbus-Gateway",
                    "value": "Yes",
                    "unit": ""
                },
                {
                    "section": "Protocols",
                    "property": "Profibus DP V0",
                    "value": "Yes",
                    "unit": ""
                },
                {
                    "section": "Protocols",
                    "property": "Modbus TCP/IP, Modbus RTU over Ethernet,",
                    "value": "Yes",
                    "unit": ""
                },
                {
                    "section": "Protocols",
                    "property": "SNMP",
                    "value": "Yes",
                    "unit": ""
                },
                {
                    "section": "Protocols",
                    "property": "BACnet (optional)",
                    "value": "Yes",
                    "unit": ""
                },
                {
                    "section": "Protocols",
                    "property": "Profinet",
                    "value": "Yes",
                    "unit": ""
                }
            ]
        },
        {
            "reference": "2425490000",
            "brand": "Weidm\u00fcller",
            "description": [
                {
                    "section": "Selection table",
                    "text": ""
                }
            ],
            "key_value_pairs": [
                {
                    "section": "Selection table",
                    "property": "Type",
                    "value": "EM D650",
                    "unit": ""
                },
                {
                    "section": "Selection table",
                    "property": "Order No.",
                    "value": "2425490000",
                    "unit": ""
                },
                {
                    "section": "Selection table",
                    "property": "Type of mounting",
                    "value": "DIN rail",
                    "unit": ""
                },
                {
                    "section": "Selection table",
                    "property": "Display",
                    "value": "LCD",
                    "unit": ""
                },
                {
                    "section": "Technical Characteristics",
                    "property": "Measuring range, Voltage L-N, AC (without transducer)",
                    "value": "277",
                    "unit": "V"
                },
                {
                    "section": "Technical Characteristics",
                    "property": "Measuring range, Voltage L-L, AC (without transducer)",
                    "value": "480",
                    "unit": "V"
                },
                {
                    "section": "Technical Characteristics",
                    "property": "Overvoltage category",
                    "value": "300 V CAT III",
                    "unit": ""
                },
                {
                    "section": "Technical Characteristics",
                    "property": "Power supply voltage",
                    "value": "95 - 240 V AC; 135 - 340 V DC",
                    "unit": ""
                },
                {
                    "section": "Technical Characteristics",
                    "property": "Three wire",
                    "value": "Yes",
                    "unit": ""
                },
                {
                    "section": "Technical Characteristics",
                    "property": "Four wire",
                    "value": "Yes",
                    "unit": ""
                },
                {
                    "section": "Technical Characteristics",
                    "property": "Sampling frequency 50/60 Hz",
                    "value": "20",
                    "unit": "kHz"
                },
                {
                    "section": "Technical Characteristics",
                    "property": "Measurement points per second",
                    "value": "20.000",
                    "unit": ""
                },
                {
                    "section": "Technical Characteristics",
                    "property": "Measurement results per second",
                    "value": "5",
                    "unit": ""
                },
                {
                    "section": "Technical Characteristics",
                    "property": "Measuring accuracy for voltage",
                    "value": "0.20",
                    "unit": "%"
                },
                {
                    "section": "Technical Characteristics",
                    "property": "Measuring accuracy for current",
                    "value": "0.25",
                    "unit": "%"
                },
                {
                    "section": "Technical Characteristics",
                    "property": "Number of digital inputs",
                    "value": "2",
                    "unit": ""
                },
                {
                    "section": "Technical Characteristics",
                    "property": "Number of digital outputs",
                    "value": "2",
                    "unit": ""
                },
                {
                    "section": "Technical Characteristics",
                    "property": "Number of pulse outputs",
                    "value": "2",
                    "unit": ""
                },
                {
                    "section": "Technical Characteristics",
                    "property": "Current measurement channel",
                    "value": "Yes",
                    "unit": ""
                },
                {
                    "section": "Technical Characteristics",
                    "property": "Memory size",
                    "value": "4 MB Flash",
                    "unit": ""
                },
                {
                    "section": "Technical Characteristics",
                    "property": "Number of memory values",
                    "value": "156 k",
                    "unit": ""
                },
                {
                    "section": "Interfaces",
                    "property": "RS485",
                    "value": "Yes",
                    "unit": ""
                },
                {
                    "section": "Interfaces",
                    "property": "Ethernet",
                    "value": "Yes",
                    "unit": ""
                },
                {
                    "section": "Protocols",
                    "property": "Modbus RTU",
                    "value": "Yes",
                    "unit": ""
                },
                {
                    "section": "Protocols",
                    "property": "Modbus TCP/IP, Modbus RTU over Ethernet,",
                    "value": "Yes",
                    "unit": ""
                }
            ]
        },
        {
            "reference": "2500860000",
            "brand": "Weidm\u00fcller",
            "description": [
                {
                    "section": "Selection table",
                    "text": ""
                }
            ],
            "key_value_pairs": [
                {
                    "section": "Selection table",
                    "property": "Type",
                    "value": "EM 520",
                    "unit": ""
                },
                {
                    "section": "Selection table",
                    "property": "Voltage Variant",
                    "value": "24",
                    "unit": ""
                },
                {
                    "section": "Selection table",
                    "property": "Order No.",
                    "value": "2500860000",
                    "unit": ""
                },
                {
                    "section": "Selection table",
                    "property": "Type of mounting",
                    "value": "Front panel mounting",
                    "unit": ""
                },
                {
                    "section": "Selection table",
                    "property": "Display",
                    "value": "LCD",
                    "unit": ""
                },
                {
                    "section": "Technical Characteristics",
                    "property": "Measuring range, Voltage L-N, AC (without transducer)",
                    "value": "277",
                    "unit": "V"
                },
                {
                    "section": "Technical Characteristics",
                    "property": "Measuring range, Voltage L-L, AC (without transducer)",
                    "value": "480",
                    "unit": "V"
                },
                {
                    "section": "Technical Characteristics",
                    "property": "Overvoltage category",
                    "value": "300 V CAT III",
                    "unit": ""
                },
                {
                    "section": "Technical Characteristics",
                    "property": "Power supply voltage",
                    "value": "24 - 90 V AC; 24 - 90 V DC",
                    "unit": ""
                },
                {
                    "section": "Technical Characteristics",
                    "property": "Three wire",
                    "value": "Yes",
                    "unit": ""
                },
                {
                    "section": "Technical Characteristics",
                    "property": "Four wire",
                    "value": "Yes",
                    "unit": ""
                },
                {
                    "section": "Technical Characteristics",
                    "property": "Sampling frequency 50/60 Hz",
                    "value": "21.33 / 25.6",
                    "unit": "kHz"
                },
                {
                    "section": "Technical Characteristics",
                    "property": "Measurement points per second",
                    "value": "21.330 / 25.600",
                    "unit": ""
                },
                {
                    "section": "Technical Characteristics",
                    "property": "Measurement results per second",
                    "value": "5",
                    "unit": ""
                },
                {
                    "section": "Technical Characteristics",
                    "property": "Measuring accuracy for voltage",
                    "value": "0.20",
                    "unit": "%"
                },
                {
                    "section": "Technical Characteristics",
                    "property": "Measuring accuracy for current",
                    "value": "0.20",
                    "unit": "%"
                },
                {
                    "section": "Technical Characteristics",
                    "property": "Number of digital inputs",
                    "value": "2",
                    "unit": ""
                },
                {
                    "section": "Technical Characteristics",
                    "property": "Number of digital outputs",
                    "value": "2",
                    "unit": ""
                },
                {
                    "section": "Technical Characteristics",
                    "property": "Number of pulse outputs",
                    "value": "3",
                    "unit": ""
                },
                {
                    "section": "Interfaces",
                    "property": "RS485",
                    "value": "Yes",
                    "unit": ""
                },
                {
                    "section": "Interfaces",
                    "property": "Ethernet",
                    "value": "Yes",
                    "unit": ""
                },
                {
                    "section": "Protocols",
                    "property": "Modbus RTU",
                    "value": "Yes",
                    "unit": ""
                },
                {
                    "section": "Protocols",
                    "property": "Modbus TCP/IP, Modbus RTU over Ethernet,",
                    "value": "Yes",
                    "unit": ""
                }
            ]
        },
        {
            "reference": "2500880000",
            "brand": "Weidm\u00fcller",
            "description": [
                {
                    "section": "Selection table",
                    "text": ""
                }
            ],
            "key_value_pairs": [
                {
                    "section": "Selection table",
                    "property": "Type",
                    "value": "EM 520",
                    "unit": ""
                },
                {
                    "section": "Selection table",
                    "property": "Voltage Variant",
                    "value": "230",
                    "unit": ""
                },
                {
                    "section": "Selection table",
                    "property": "Order No.",
                    "value": "2500880000",
                    "unit": ""
                },
                {
                    "section": "Selection table",
                    "property": "Type of mounting",
                    "value": "Front panel mounting",
                    "unit": ""
                },
                {
                    "section": "Selection table",
                    "property": "Display",
                    "value": "LCD",
                    "unit": ""
                },
                {
                    "section": "Technical Characteristics",
                    "property": "Measuring range, Voltage L-N, AC (without transducer)",
                    "value": "277",
                    "unit": "V"
                },
                {
                    "section": "Technical Characteristics",
                    "property": "Measuring range, Voltage L-L, AC (without transducer)",
                    "value": "480",
                    "unit": "V"
                },
                {
                    "section": "Technical Characteristics",
                    "property": "Overvoltage category",
                    "value": "300 V CAT III",
                    "unit": ""
                },
                {
                    "section": "Technical Characteristics",
                    "property": "Power supply voltage",
                    "value": "90 - 277 V AC; 90 - 250 V DC",
                    "unit": ""
                },
                {
                    "section": "Technical Characteristics",
                    "property": "Three wire",
                    "value": "Yes",
                    "unit": ""
                },
                {
                    "section": "Technical Characteristics",
                    "property": "Four wire",
                    "value": "Yes",
                    "unit": ""
                },
                {
                    "section": "Technical Characteristics",
                    "property": "Sampling frequency 50/60 Hz",
                    "value": "21.33 / 25.6",
                    "unit": "kHz"
                },
                {
                    "section": "Technical Characteristics",
                    "property": "Measurement points per second",
                    "value": "21.330 / 25.600",
                    "unit": ""
                },
                {
                    "section": "Technical Characteristics",
                    "property": "Measurement results per second",
                    "value": "5",
                    "unit": ""
                },
                {
                    "section": "Technical Characteristics",
                    "property": "Measuring accuracy for voltage",
                    "value": "0.20",
                    "unit": "%"
                },
                {
                    "section": "Technical Characteristics",
                    "property": "Measuring accuracy for current",
                    "value": "0.20",
                    "unit": "%"
                },
                {
                    "section": "Technical Characteristics",
                    "property": "Number of digital inputs",
                    "value": "2",
                    "unit": ""
                },
                {
                    "section": "Technical Characteristics",
                    "property": "Number of digital outputs",
                    "value": "2",
                    "unit": ""
                },
                {
                    "section": "Technical Characteristics",
                    "property": "Number of pulse outputs",
                    "value": "3",
                    "unit": ""
                },
                {
                    "section": "Interfaces",
                    "property": "RS485",
                    "value": "Yes",
                    "unit": ""
                },
                {
                    "section": "Interfaces",
                    "property": "Ethernet",
                    "value": "Yes",
                    "unit": ""
                },
                {
                    "section": "Protocols",
                    "property": "Modbus RTU",
                    "value": "Yes",
                    "unit": ""
                },
                {
                    "section": "Protocols",
                    "property": "Modbus TCP/IP, Modbus RTU over Ethernet,",
                    "value": "Yes",
                    "unit": ""
                }
            ]
        },
        {
            "reference": "3008100000",
            "brand": "Weidm\u00fcller",
            "description": [
                {
                    "section": "Selection table",
                    "text": ""
                }
            ],
            "key_value_pairs": [
                {
                    "section": "Selection table",
                    "property": "Type",
                    "value": "EM 535",
                    "unit": ""
                },
                {
                    "section": "Selection table",
                    "property": "Voltage Variant",
                    "value": "24",
                    "unit": ""
                },
                {
                    "section": "Selection table",
                    "property": "Order No.",
                    "value": "3008100000",
                    "unit": ""
                },
                {
                    "section": "Selection table",
                    "property": "Type of mounting",
                    "value": "Front panel mounting",
                    "unit": ""
                },
                {
                    "section": "Selection table",
                    "property": "Display",
                    "value": "LCD",
                    "unit": ""
                },
                {
                    "section": "Technical Characteristics",
                    "property": "Measuring range, Voltage L-N, AC (without transducer)",
                    "value": "277",
                    "unit": "V"
                },
                {
                    "section": "Technical Characteristics",
                    "property": "Measuring range, Voltage L-L, AC (without transducer)",
                    "value": "480",
                    "unit": "V"
                },
                {
                    "section": "Technical Characteristics",
                    "property": "Overvoltage category",
                    "value": "300 V CAT III",
                    "unit": ""
                },
                {
                    "section": "Technical Characteristics",
                    "property": "Power supply voltage",
                    "value": "24 - 90 V AC; 24 - 90 V DC",
                    "unit": ""
                },
                {
                    "section": "Technical Characteristics",
                    "property": "Three wire",
                    "value": "Yes",
                    "unit": ""
                },
                {
                    "section": "Technical Characteristics",
                    "property": "Four wire",
                    "value": "Yes",
                    "unit": ""
                },
                {
                    "section": "Technical Characteristics",
                    "property": "Sampling frequency 50/60 Hz",
                    "value": "21.33 / 25.6",
                    "unit": "kHz"
                },
                {
                    "section": "Technical Characteristics",
                    "property": "Measurement points per second",
                    "value": "21.330 / 25.600",
                    "unit": ""
                },
                {
                    "section": "Technical Characteristics",
                    "property": "Measurement results per second",
                    "value": "5",
                    "unit": ""
                },
                {
                    "section": "Technical Characteristics",
                    "property": "Measuring accuracy for voltage",
                    "value": "0.20",
                    "unit": "%"
                },
                {
                    "section": "Technical Characteristics",
                    "property": "Measuring accuracy for current",
                    "value": "0.20",
                    "unit": "%"
                },
                {
                    "section": "Technical Characteristics",
                    "property": "Number of digital inputs",
                    "value": "2",
                    "unit": ""
                },
                {
                    "section": "Technical Characteristics",
                    "property": "Number of digital outputs",
                    "value": "3",
                    "unit": ""
                },
                {
                    "section": "Interfaces",
                    "property": "RS485",
                    "value": "Yes",
                    "unit": ""
                },
                {
                    "section": "Protocols",
                    "property": "Modbus RTU",
                    "value": "Yes",
                    "unit": ""
                }
            ]
        },
        {
            "reference": "3008130000",
            "brand": "Weidm\u00fcller",
            "description": [
                {
                    "section": "Selection table",
                    "text": ""
                }
            ],
            "key_value_pairs": [
                {
                    "section": "Selection table",
                    "property": "Type",
                    "value": "EM 535",
                    "unit": ""
                },
                {
                    "section": "Selection table",
                    "property": "Voltage Variant",
                    "value": "230",
                    "unit": ""
                },
                {
                    "section": "Selection table",
                    "property": "Order No.",
                    "value": "3008130000",
                    "unit": ""
                },
                {
                    "section": "Selection table",
                    "property": "Type of mounting",
                    "value": "Front panel mounting",
                    "unit": ""
                },
                {
                    "section": "Selection table",
                    "property": "Display",
                    "value": "LCD",
                    "unit": ""
                },
                {
                    "section": "Technical Characteristics",
                    "property": "Measuring range, Voltage L-N, AC (without transducer)",
                    "value": "277",
                    "unit": "V"
                },
                {
                    "section": "Technical Characteristics",
                    "property": "Measuring range, Voltage L-L, AC (without transducer)",
                    "value": "480",
                    "unit": "V"
                },
                {
                    "section": "Technical Characteristics",
                    "property": "Overvoltage category",
                    "value": "300 V CAT III",
                    "unit": ""
                },
                {
                    "section": "Technical Characteristics",
                    "property": "Power supply voltage",
                    "value": "90 - 277 V AC; 90 - 250 V DC",
                    "unit": ""
                },
                {
                    "section": "Technical Characteristics",
                    "property": "Three wire",
                    "value": "Yes",
                    "unit": ""
                },
                {
                    "section": "Technical Characteristics",
                    "property": "Four wire",
                    "value": "Yes",
                    "unit": ""
                },
                {
                    "section": "Technical Characteristics",
                    "property": "Sampling frequency 50/60 Hz",
                    "value": "21.33 / 25.6",
                    "unit": "kHz"
                },
                {
                    "section": "Technical Characteristics",
                    "property": "Measurement points per second",
                    "value": "21.330 / 25.600",
                    "unit": ""
                },
                {
                    "section": "Technical Characteristics",
                    "property": "Measurement results per second",
                    "value": "5",
                    "unit": ""
                },
                {
                    "section": "Technical Characteristics",
                    "property": "Measuring accuracy for voltage",
                    "value": "0.20",
                    "unit": "%"
                },
                {
                    "section": "Technical Characteristics",
                    "property": "Measuring accuracy for current",
                    "value": "0.20",
                    "unit": "%"
                },
                {
                    "section": "Technical Characteristics",
                    "property": "Number of digital inputs",
                    "value": "2",
                    "unit": ""
                },
                {
                    "section": "Technical Characteristics",
                    "property": "Number of digital outputs",
                    "value": "3",
                    "unit": ""
                },
                {
                    "section": "Interfaces",
                    "property": "RS485",
                    "value": "Yes",
                    "unit": ""
                },
                {
                    "section": "Protocols",
                    "property": "Modbus RTU",
                    "value": "Yes",
                    "unit": ""
                }
            ]
        }
    ]
}