{
    "parts": [
        {
            "reference": "TG501xA",
            "brand": "TTi",
            "description": [],
            "key_value_pairs": [
                {
                    "section": "NUMBER OF CHANNELS",
                    "property": "Model TG5011AA",
                    "value": "1",
                    "unit": ""
                },
                {
                    "section": "NUMBER OF CHANNELS",
                    "property": "Model TG5012A",
                    "value": "2",
                    "unit": ""
                },
                {
                    "section": "SINE FREQUENCY",
                    "property": "Range",
                    "value": "1uHz - 50MHz",
                    "unit": ""
                },
                {
                    "section": "SINE FLATNESS",
                    "property": "Relative to 1kHz - <=100kHz",
                    "value": "\u00b10.1",
                    "unit": "dB"
                },
                {
                    "section": "SINE FLATNESS",
                    "property": "Relative to 1kHz - <5MHz",
                    "value": "\u00b10.15",
                    "unit": "dB"
                },
                {
                    "section": "SINE FLATNESS",
                    "property": "Relative to 1kHz - <25MHz",
                    "value": "\u00b10.3",
                    "unit": "dB"
                },
                {
                    "section": "SINE FLATNESS",
                    "property": "Relative to 1kHz - <=50MHz",
                    "value": "\u00b10.5",
                    "unit": "dB"
                },
                {
                    "section": "SINE HARMONIC DISTORTION",
                    "property": "<1Vpp <20kHz",
                    "value": "-65",
                    "unit": "dBc"
                },
                {
                    "section": "SINE HARMONIC DISTORTION",
                    "property": ">=1Vpp <20kHz",
                    "value": "-65",
                    "unit": "dBc"
                },
                {
                    "section": "SINE HARMONIC DISTORTION",
                    "property": "<1Vpp <=100kHz",
                    "value": "-60",
                    "unit": "dBc"
                },
                {
                    "section": "SINE HARMONIC DISTORTION",
                    "property": ">=1Vpp <=100kHz",
                    "value": "-60",
                    "unit": "dBc"
                },
                {
                    "section": "SINE HARMONIC DISTORTION",
                    "property": "<1Vpp <1MHz",
                    "value": "-45",
                    "unit": "dBc"
                },
                {
                    "section": "SINE HARMONIC DISTORTION",
                    "property": ">=1Vpp <1MHz",
                    "value": "-45",
                    "unit": "dBc"
                },
                {
                    "section": "SINE HARMONIC DISTORTION",
                    "property": "<1Vpp <25MHz",
                    "value": "-40",
                    "unit": "dBc"
                },
                {
                    "section": "SINE HARMONIC DISTORTION",
                    "property": ">=1Vpp <25MHz",
                    "value": "-35",
                    "unit": "dBc"
                },
                {
                    "section": "SINE HARMONIC DISTORTION",
                    "property": "<1Vpp <=50MHz",
                    "value": "-40",
                    "unit": "dBc"
                },
                {
                    "section": "SINE HARMONIC DISTORTION",
                    "property": ">=1Vpp <=50MHz",
                    "value": "-65",
                    "unit": "dBc"
                },
                {
                    "section": "SINE THD (<20kHz), TYPICAL",
                    "property": "",
                    "value": "Not specified",
                    "unit": ""
                },
                {
                    "section": "SINE NON-HARMONIC SPURIOUS",
                    "property": "<1MHz",
                    "value": "-60",
                    "unit": "dBc"
                },
                {
                    "section": "SINE NON-HARMONIC SPURIOUS",
                    "property": "<50MHz",
                    "value": "-60dBc + 6dB/octave",
                    "unit": ""
                },
                {
                    "section": "SINE PHASE NOISE (10kHz OFFSET)",
                    "property": "Typical",
                    "value": "-115",
                    "unit": "dBc/Hz"
                },
                {
                    "section": "SQUARE FREQUENCY",
                    "property": "Range",
                    "value": "1uHz - 50MHz",
                    "unit": ""
                },
                {
                    "section": "SQUARE RISE / FALL TIMES",
                    "property": "",
                    "value": "<8",
                    "unit": "ns"
                },
                {
                    "section": "SQUARE VARIABLE DUTY CYCLE",
                    "property": "<20MHz",
                    "value": "20.0% to 80.0%",
                    "unit": ""
                },
                {
                    "section": "SQUARE VARIABLE DUTY CYCLE",
                    "property": "<25MHz",
                    "value": "40.0% to 60.0%",
                    "unit": ""
                },
                {
                    "section": "SQUARE VARIABLE DUTY CYCLE",
                    "property": "<=50MHz",
                    "value": "50.0% (Fixed)",
                    "unit": ""
                },
                {
                    "section": "SQUARE JITTER (RMS)",
                    "property": "Typical",
                    "value": "500ps + 100ppm of period",
                    "unit": ""
                },
                {
                    "section": "SQUARE ASYMMETRY",
                    "property": "At 50% Duty Cycle",
                    "value": "5000ps + 1% of period",
                    "unit": ""
                },
                {
                    "section": "SQUARE OVERSHOOT / UNDERSHOOT",
                    "property": "",
                    "value": "<5",
                    "unit": "%"
                },
                {
                    "section": "RAMP FREQUENCY",
                    "property": "Range",
                    "value": "1uHz - 1MHz",
                    "unit": ""
                },
                {
                    "section": "RAMP SYMMETRY",
                    "property": "",
                    "value": "0.0% to 100.0%",
                    "unit": ""
                },
                {
                    "section": "RAMP LINEARITY",
                    "property": "",
                    "value": "<0.1% to 30kHz",
                    "unit": ""
                },
                {
                    "section": "PULSE FREQUENCY",
                    "property": "Range",
                    "value": "500uHz - 12.5MHz",
                    "unit": ""
                },
                {
                    "section": "PULSE OVERSHOOT / UNDERSHOOT",
                    "property": "",
                    "value": "<5",
                    "unit": "%"
                },
                {
                    "section": "PULSE JITTER",
                    "property": "Typical",
                    "value": "300ps + 0.01% of period",
                    "unit": ""
                },
                {
                    "section": "PULSE WIDTH",
                    "property": "Period <=40s",
                    "value": "20ns - 2000s",
                    "unit": ""
                },
                {
                    "section": "PULSE WIDTH",
                    "property": "Period <=400s",
                    "value": "200ns - 2000s",
                    "unit": ""
                },
                {
                    "section": "PULSE WIDTH",
                    "property": "Period <=2000s",
                    "value": "2us - 2000s",
                    "unit": ""
                },
                {
                    "section": "PULSE WIDTH RESOLUTION",
                    "property": "Period <=40s",
                    "value": "10",
                    "unit": "ns"
                },
                {
                    "section": "PULSE WIDTH RESOLUTION",
                    "property": "Period <=400s",
                    "value": "100",
                    "unit": "ns"
                },
                {
                    "section": "PULSE WIDTH RESOLUTION",
                    "property": "Period <=2000s",
                    "value": "1",
                    "unit": "us"
                },
                {
                    "section": "PULSE WIDTH ACCURACY",
                    "property": "",
                    "value": "Not specified",
                    "unit": ""
                },
                {
                    "section": "PULSE WIDTH SETTING",
                    "property": "",
                    "value": "Can be set as absolute width or duty cycle. Duty cycle resolution dependent on current period.",
                    "unit": ""
                },
                {
                    "section": "PULSE EDGE",
                    "property": "Range",
                    "value": "8ns - 40us",
                    "unit": ""
                },
                {
                    "section": "PULSE EDGE RESOLUTION",
                    "property": "Edge time <=100ns",
                    "value": "100",
                    "unit": "ps"
                },
                {
                    "section": "PULSE EDGE RESOLUTION",
                    "property": "Edge time <2us",
                    "value": "1",
                    "unit": "ns"
                },
                {
                    "section": "PULSE EDGE RESOLUTION",
                    "property": "Edge time >=40us",
                    "value": "10",
                    "unit": "ns"
                },
                {
                    "section": "PULSE EDGE ACCURACY",
                    "property": "",
                    "value": "Not specified",
                    "unit": ""
                },
                {
                    "section": "PULSE EDGE SETTING",
                    "property": "",
                    "value": "Rise and fall times can be independently varied (only within a range, 3 ranges available) or can be varied together simultaneously.",
                    "unit": ""
                },
                {
                    "section": "PULSE DELAY",
                    "property": "Range",
                    "value": "0ns - 2000s",
                    "unit": ""
                },
                {
                    "section": "PULSE DELAY RESOLUTION",
                    "property": "Period <=40s",
                    "value": "10",
                    "unit": "ns"
                },
                {
                    "section": "PULSE DELAY RESOLUTION",
                    "property": "Period <=400s",
                    "value": "100",
                    "unit": "ns"
                },
                {
                    "section": "PULSE DELAY RESOLUTION",
                    "property": "Period <=2000s",
                    "value": "1",
                    "unit": "us"
                },
                {
                    "section": "PULSE DELAY ACCURACY",
                    "property": "",
                    "value": "Not specified",
                    "unit": ""
                },
                {
                    "section": "PULSE DELAY SETTING",
                    "property": "",
                    "value": "Delay can only be entered as absolute delay.",
                    "unit": ""
                },
                {
                    "section": "DOUBLE PULSE",
                    "property": "",
                    "value": "Not offered",
                    "unit": ""
                },
                {
                    "section": "ARB FREQUENCY",
                    "property": "Range",
                    "value": "1uHz - 10MHz",
                    "unit": ""
                },
                {
                    "section": "ARB VERTICAL RESOLUTION",
                    "property": "",
                    "value": "14",
                    "unit": "bits"
                },
                {
                    "section": "ARB SAMPLING RATE",
                    "property": "",
                    "value": "125",
                    "unit": "Msps"
                },
                {
                    "section": "MAXIMUM POINTS IN ARB",
                    "property": "",
                    "value": "131072",
                    "unit": ""
                },
                {
                    "section": "ARB MINIMUM RISE / FALL TIME",
                    "property": "",
                    "value": "Not specified",
                    "unit": ""
                },
                {
                    "section": "EFFECTIVE ANALOGUE BANDWIDTH (-3dB)",
                    "property": "",
                    "value": "Not specified",
                    "unit": ""
                },
                {
                    "section": "ARB JITTER (POINT TO POINT)",
                    "property": "",
                    "value": "8",
                    "unit": "ns"
                },
                {
                    "section": "BUILT-IN ARB EDITING",
                    "property": "",
                    "value": "Point edit, resize, interpolation, insert lines. Waveforms can also be downloaded via remote interfaces.",
                    "unit": ""
                },
                {
                    "section": "ARB ARCHITECTURE",
                    "property": "",
                    "value": "DDS",
                    "unit": ""
                }
            ]
        },
        {
            "reference": "TG251xA",
            "brand": "TTi",
            "description": [],
            "key_value_pairs": [
                {
                    "section": "NUMBER OF CHANNELS",
                    "property": "Model TG2511A",
                    "value": "1",
                    "unit": ""
                },
                {
                    "section": "NUMBER OF CHANNELS",
                    "property": "Model TG2512A",
                    "value": "2",
                    "unit": ""
                },
                {
                    "section": "SINE FREQUENCY",
                    "property": "Range",
                    "value": "1uHz - 25MHz",
                    "unit": ""
                },
                {
                    "section": "SINE FLATNESS",
                    "property": "Relative to 1kHz - <=100kHz",
                    "value": "\u00b10.1",
                    "unit": "dB"
                },
                {
                    "section": "SINE FLATNESS",
                    "property": "Relative to 1kHz - <5MHz",
                    "value": "\u00b10.15",
                    "unit": "dB"
                },
                {
                    "section": "SINE FLATNESS",
                    "property": "Relative to 1kHz - <25MHz",
                    "value": "\u00b10.3",
                    "unit": "dB"
                },
                {
                    "section": "SINE FLATNESS",
                    "property": "Relative to 1kHz - <=50MHz",
                    "value": "\u00b10.5",
                    "unit": "dB"
                },
                {
                    "section": "SINE HARMONIC DISTORTION",
                    "property": "<1Vpp <20kHz",
                    "value": "-65",
                    "unit": "dBc"
                },
                {
                    "section": "SINE HARMONIC DISTORTION",
                    "property": ">=1Vpp <20kHz",
                    "value": "-65",
                    "unit": "dBc"
                },
                {
                    "section": "SINE HARMONIC DISTORTION",
                    "property": "<1Vpp <=100kHz",
                    "value": "-60",
                    "unit": "dBc"
                },
                {
                    "section": "SINE HARMONIC DISTORTION",
                    "property": ">=1Vpp <=100kHz",
                    "value": "-60",
                    "unit": "dBc"
                },
                {
                    "section": "SINE HARMONIC DISTORTION",
                    "property": "<1Vpp <1MHz",
                    "value": "-45",
                    "unit": "dBc"
                },
                {
                    "section": "SINE HARMONIC DISTORTION",
                    "property": ">=1Vpp <1MHz",
                    "value": "-45",
                    "unit": "dBc"
                },
                {
                    "section": "SINE HARMONIC DISTORTION",
                    "property": "<1Vpp <25MHz",
                    "value": "-40",
                    "unit": "dBc"
                },
                {
                    "section": "SINE HARMONIC DISTORTION",
                    "property": ">=1Vpp <25MHz",
                    "value": "-35",
                    "unit": "dBc"
                },
                {
                    "section": "SINE HARMONIC DISTORTION",
                    "property": "<1Vpp <=50MHz",
                    "value": "-40",
                    "unit": "dBc"
                },
                {
                    "section": "SINE HARMONIC DISTORTION",
                    "property": ">=1Vpp <=50MHz",
                    "value": "-65",
                    "unit": "dBc"
                },
                {
                    "section": "SINE THD (<20kHz), TYPICAL",
                    "property": "",
                    "value": "Not specified",
                    "unit": ""
                },
                {
                    "section": "SINE NON-HARMONIC SPURIOUS",
                    "property": "<1MHz",
                    "value": "-60",
                    "unit": "dBc"
                },
                {
                    "section": "SINE NON-HARMONIC SPURIOUS",
                    "property": "<50MHz",
                    "value": "-60dBc + 6dB/octave",
                    "unit": ""
                },
                {
                    "section": "SINE PHASE NOISE (10kHz OFFSET)",
                    "property": "Typical",
                    "value": "-115",
                    "unit": "dBc/Hz"
                },
                {
                    "section": "SQUARE FREQUENCY",
                    "property": "Range",
                    "value": "1uHz - 25MHz",
                    "unit": ""
                },
                {
                    "section": "SQUARE RISE / FALL TIMES",
                    "property": "",
                    "value": "<13",
                    "unit": "ns"
                },
                {
                    "section": "SQUARE VARIABLE DUTY CYCLE",
                    "property": "<20MHz",
                    "value": "20.0% to 80.0%",
                    "unit": ""
                },
                {
                    "section": "SQUARE VARIABLE DUTY CYCLE",
                    "property": "<25MHz",
                    "value": "40.0% to 60.0%",
                    "unit": ""
                },
                {
                    "section": "SQUARE VARIABLE DUTY CYCLE",
                    "property": "<=50MHz",
                    "value": "50.0% (Fixed)",
                    "unit": ""
                },
                {
                    "section": "SQUARE JITTER (RMS)",
                    "property": "Typical",
                    "value": "500ps + 100ppm of period",
                    "unit": ""
                },
                {
                    "section": "SQUARE ASYMMETRY",
                    "property": "At 50% Duty Cycle",
                    "value": "5000ps + 1% of period",
                    "unit": ""
                },
                {
                    "section": "SQUARE OVERSHOOT / UNDERSHOOT",
                    "property": "",
                    "value": "<5",
                    "unit": "%"
                },
                {
                    "section": "RAMP FREQUENCY",
                    "property": "Range",
                    "value": "1uHz - 500kHz",
                    "unit": ""
                },
                {
                    "section": "RAMP SYMMETRY",
                    "property": "",
                    "value": "0.0% to 100.0%",
                    "unit": ""
                },
                {
                    "section": "RAMP LINEARITY",
                    "property": "",
                    "value": "<0.1% to 30kHz",
                    "unit": ""
                },
                {
                    "section": "PULSE FREQUENCY",
                    "property": "Range",
                    "value": "500uHz - 6.25MHz",
                    "unit": ""
                },
                {
                    "section": "PULSE OVERSHOOT / UNDERSHOOT",
                    "property": "",
                    "value": "<5",
                    "unit": "%"
                },
                {
                    "section": "PULSE JITTER",
                    "property": "Typical",
                    "value": "300ps + 0.01% of period",
                    "unit": ""
                },
                {
                    "section": "PULSE WIDTH",
                    "property": "Period <=40s",
                    "value": "20ns - 2000s",
                    "unit": ""
                },
                {
                    "section": "PULSE WIDTH",
                    "property": "Period <=400s",
                    "value": "200ns - 2000s",
                    "unit": ""
                },
                {
                    "section": "PULSE WIDTH",
                    "property": "Period <=2000s",
                    "value": "2us - 2000s",
                    "unit": ""
                },
                {
                    "section": "PULSE WIDTH RESOLUTION",
                    "property": "Period <=40s",
                    "value": "10",
                    "unit": "ns"
                },
                {
                    "section": "PULSE WIDTH RESOLUTION",
                    "property": "Period <=400s",
                    "value": "100",
                    "unit": "ns"
                },
                {
                    "section": "PULSE WIDTH RESOLUTION",
                    "property": "Period <=2000s",
                    "value": "1",
                    "unit": "us"
                },
                {
                    "section": "PULSE WIDTH ACCURACY",
                    "property": "",
                    "value": "Not specified",
                    "unit": ""
                },
                {
                    "section": "PULSE WIDTH SETTING",
                    "property": "",
                    "value": "Can be set as absolute width or duty cycle. Duty cycle resolution dependent on current period.",
                    "unit": ""
                },
                {
                    "section": "PULSE EDGE",
                    "property": "Range",
                    "value": "13ns - 40us",
                    "unit": ""
                },
                {
                    "section": "PULSE EDGE RESOLUTION",
                    "property": "Edge time <=100ns",
                    "value": "100",
                    "unit": "ps"
                },
                {
                    "section": "PULSE EDGE RESOLUTION",
                    "property": "Edge time <2us",
                    "value": "1",
                    "unit": "ns"
                },
                {
                    "section": "PULSE EDGE RESOLUTION",
                    "property": "Edge time >=40us",
                    "value": "10",
                    "unit": "ns"
                },
                {
                    "section": "PULSE EDGE ACCURACY",
                    "property": "",
                    "value": "Not specified",
                    "unit": ""
                },
                {
                    "section": "PULSE EDGE SETTING",
                    "property": "",
                    "value": "Rise and fall times can be independently varied (only within a range, 3 ranges available) or can be varied together simultaneously.",
                    "unit": ""
                },
                {
                    "section": "PULSE DELAY",
                    "property": "Range",
                    "value": "0ns - 2000s",
                    "unit": ""
                },
                {
                    "section": "PULSE DELAY RESOLUTION",
                    "property": "Period <=40s",
                    "value": "10",
                    "unit": "ns"
                },
                {
                    "section": "PULSE DELAY RESOLUTION",
                    "property": "Period <=400s",
                    "value": "100",
                    "unit": "ns"
                },
                {
                    "section": "PULSE DELAY RESOLUTION",
                    "property": "Period <=2000s",
                    "value": "1",
                    "unit": "us"
                },
                {
                    "section": "PULSE DELAY ACCURACY",
                    "property": "",
                    "value": "Not specified",
                    "unit": ""
                },
                {
                    "section": "PULSE DELAY SETTING",
                    "property": "",
                    "value": "Delay can only be entered as absolute delay.",
                    "unit": ""
                },
                {
                    "section": "DOUBLE PULSE",
                    "property": "",
                    "value": "Not offered",
                    "unit": ""
                },
                {
                    "section": "ARB FREQUENCY",
                    "property": "Range",
                    "value": "1uHz - 6MHz",
                    "unit": ""
                },
                {
                    "section": "ARB VERTICAL RESOLUTION",
                    "property": "",
                    "value": "14",
                    "unit": "bits"
                },
                {
                    "section": "ARB SAMPLING RATE",
                    "property": "",
                    "value": "125",
                    "unit": "Msps"
                },
                {
                    "section": "MAXIMUM POINTS IN ARB",
                    "property": "",
                    "value": "131072",
                    "unit": ""
                },
                {
                    "section": "ARB MINIMUM RISE / FALL TIME",
                    "property": "",
                    "value": "Not specified",
                    "unit": ""
                },
                {
                    "section": "EFFECTIVE ANALOGUE BANDWIDTH (-3dB)",
                    "property": "",
                    "value": "Not specified",
                    "unit": ""
                },
                {
                    "section": "ARB JITTER (POINT TO POINT)",
                    "property": "",
                    "value": "8",
                    "unit": "ns"
                },
                {
                    "section": "BUILT-IN ARB EDITING",
                    "property": "",
                    "value": "Point edit, resize, interpolation, insert lines. Waveforms can also be downloaded via remote interfaces.",
                    "unit": ""
                },
                {
                    "section": "ARB ARCHITECTURE",
                    "property": "",
                    "value": "DDS",
                    "unit": ""
                }
            ]
        },
        {
            "reference": "TGP315x",
            "brand": "TTi",
            "description": [],
            "key_value_pairs": [
                {
                    "section": "NUMBER OF CHANNELS",
                    "property": "Model TGP3151",
                    "value": "1",
                    "unit": ""
                },
                {
                    "section": "NUMBER OF CHANNELS",
                    "property": "Model TGP3152",
                    "value": "2",
                    "unit": ""
                },
                {
                    "section": "SINE FREQUENCY",
                    "property": "Range",
                    "value": "1mHz - 50MHz",
                    "unit": ""
                },
                {
                    "section": "SINE FLATNESS",
                    "property": "Relative to 1kHz - <=100kHz",
                    "value": "\u00b10.1",
                    "unit": "dB"
                },
                {
                    "section": "SINE FLATNESS",
                    "property": "Relative to 1kHz - <5MHz",
                    "value": "\u00b10.5",
                    "unit": "dB"
                },
                {
                    "section": "SINE FLATNESS",
                    "property": "Relative to 1kHz - <25MHz",
                    "value": "\u00b11.25",
                    "unit": "dB"
                },
                {
                    "section": "SINE FLATNESS",
                    "property": "Relative to 1kHz - <=50MHz",
                    "value": "\u00b11.75",
                    "unit": "dB"
                },
                {
                    "section": "SINE HARMONIC DISTORTION",
                    "property": "<1Vpp <=10MHz",
                    "value": "-60",
                    "unit": "dBc"
                },
                {
                    "section": "SINE HARMONIC DISTORTION",
                    "property": ">=1Vpp <=10MHz",
                    "value": "-60",
                    "unit": "dBc"
                },
                {
                    "section": "SINE HARMONIC DISTORTION",
                    "property": "<1Vpp <=50MHz",
                    "value": "-50",
                    "unit": "dBc"
                },
                {
                    "section": "SINE HARMONIC DISTORTION",
                    "property": ">=1Vpp <=50MHz",
                    "value": "-40",
                    "unit": "dBc"
                },
                {
                    "section": "SINE THD (<20kHz), TYPICAL",
                    "property": "",
                    "value": "Not specified",
                    "unit": ""
                },
                {
                    "section": "SINE NON-HARMONIC SPURIOUS",
                    "property": "",
                    "value": "-65",
                    "unit": "dBc"
                },
                {
                    "section": "SINE PHASE NOISE (10kHz OFFSET)",
                    "property": "Typical",
                    "value": "-113",
                    "unit": "dBc/Hz"
                },
                {
                    "section": "SQUARE FREQUENCY",
                    "property": "Range",
                    "value": "1mHz - 50MHz",
                    "unit": ""
                },
                {
                    "section": "SQUARE RISE / FALL TIMES",
                    "property": "",
                    "value": "5",
                    "unit": "ns"
                },
                {
                    "section": "SQUARE VARIABLE DUTY CYCLE",
                    "property": "Range",
                    "value": "0.1% to 99.9%",
                    "unit": ""
                },
                {
                    "section": "SQUARE VARIABLE DUTY CYCLE",
                    "property": "Width (positive, negative)",
                    "value": ">=10ns",
                    "unit": ""
                },
                {
                    "section": "SQUARE JITTER (RMS)",
                    "property": "",
                    "value": "<30",
                    "unit": "ps"
                },
                {
                    "section": "SQUARE ASYMMETRY",
                    "property": "",
                    "value": "\u00b1200ps \u00b1 0.01% of period",
                    "unit": ""
                },
                {
                    "section": "SQUARE OVERSHOOT / UNDERSHOOT",
                    "property": "",
                    "value": "<5",
                    "unit": "%"
                },
                {
                    "section": "RAMP FREQUENCY",
                    "property": "Range",
                    "value": "1mHz - 50MHz",
                    "unit": ""
                },
                {
                    "section": "RAMP SYMMETRY",
                    "property": "",
                    "value": "0.0% to 100.0%",
                    "unit": ""
                },
                {
                    "section": "RAMP LINEARITY",
                    "property": "",
                    "value": "<0.1% to 200kHz",
                    "unit": ""
                },
                {
                    "section": "PULSE FREQUENCY",
                    "property": "Range",
                    "value": "1mHz - 50MHz",
                    "unit": ""
                },
                {
                    "section": "PULSE OVERSHOOT / UNDERSHOOT",
                    "property": "Edge time <5ns",
                    "value": "5",
                    "unit": "%"
                },
                {
                    "section": "PULSE OVERSHOOT / UNDERSHOOT",
                    "property": "Edge time <=10ns",
                    "value": "3",
                    "unit": "%"
                },
                {
                    "section": "PULSE OVERSHOOT / UNDERSHOOT",
                    "property": "Edge time >=20ns",
                    "value": "2",
                    "unit": "%"
                },
                {
                    "section": "PULSE JITTER",
                    "property": "RMS",
                    "value": "<30",
                    "unit": "ps"
                },
                {
                    "section": "PULSE WIDTH",
                    "property": "Range",
                    "value": "10ns - 1000s",
                    "unit": ""
                },
                {
                    "section": "PULSE WIDTH RESOLUTION",
                    "property": "",
                    "value": "100",
                    "unit": "ps"
                },
                {
                    "section": "PULSE WIDTH ACCURACY",
                    "property": "",
                    "value": "\u00b1200ps \u00b1 0.01% of period",
                    "unit": ""
                },
                {
                    "section": "PULSE WIDTH SETTING",
                    "property": "",
                    "value": "Can be set as absolute width, duty cycle or fall time delay. Duty cycle resolution 0.1%. Fall time delay resolution 100ps.",
                    "unit": ""
                },
                {
                    "section": "PULSE EDGE",
                    "property": "Range",
                    "value": "5ns - 800s",
                    "unit": ""
                },
                {
                    "section": "PULSE EDGE RESOLUTION",
                    "property": "",
                    "value": "100",
                    "unit": "ps"
                },
                {
                    "section": "PULSE EDGE ACCURACY",
                    "property": "",
                    "value": "\u00b1500ps \u00b10.01% of period",
                    "unit": ""
                },
                {
                    "section": "PULSE EDGE SETTING",
                    "property": "",
                    "value": "Rise and fall times can be independently varied or can be varied together simultaneously and can be entered as absolute rise/fall time or as a % of width",
                    "unit": ""
                },
                {
                    "section": "PULSE DELAY",
                    "property": "Range",
                    "value": "0ns - 1000s",
                    "unit": ""
                },
                {
                    "section": "PULSE DELAY RESOLUTION",
                    "property": "",
                    "value": "100",
                    "unit": "ps"
                },
                {
                    "section": "PULSE DELAY ACCURACY",
                    "property": "",
                    "value": "\u00b1200ps \u00b10.01% of period",
                    "unit": ""
                },
                {
                    "section": "PULSE DELAY SETTING",
                    "property": "",
                    "value": "Delay can be entered as absolute delay, phase or % of period",
                    "unit": ""
                },
                {
                    "section": "DOUBLE PULSE",
                    "property": "",
                    "value": "Offered extensively. See specification for more detail. The width of the two pulses can be varied independently.",
                    "unit": ""
                },
                {
                    "section": "ARB FREQUENCY",
                    "property": "Range",
                    "value": "1mHz - 50MHz",
                    "unit": ""
                },
                {
                    "section": "ARB VERTICAL RESOLUTION",
                    "property": "",
                    "value": "16",
                    "unit": "bits"
                },
                {
                    "section": "ARB SAMPLING RATE",
                    "property": "",
                    "value": "800",
                    "unit": "Msps"
                },
                {
                    "section": "MAXIMUM POINTS IN ARB",
                    "property": "",
                    "value": "4096",
                    "unit": ""
                },
                {
                    "section": "ARB MINIMUM RISE / FALL TIME",
                    "property": "",
                    "value": "Not specified",
                    "unit": ""
                },
                {
                    "section": "EFFECTIVE ANALOGUE BANDWIDTH (-3dB)",
                    "property": "",
                    "value": "Not specified",
                    "unit": ""
                },
                {
                    "section": "ARB JITTER (POINT TO POINT)",
                    "property": "",
                    "value": "1.25",
                    "unit": "ns"
                },
                {
                    "section": "BUILT-IN ARB EDITING",
                    "property": "",
                    "value": "Point edit, resize, interpolation, insert lines. Waveforms can also be downloaded via remote interfaces.",
                    "unit": ""
                },
                {
                    "section": "ARB ARCHITECTURE",
                    "property": "",
                    "value": "DDS",
                    "unit": ""
                }
            ]
        },
        {
            "reference": "TGP312x",
            "brand": "TTi",
            "description": [],
            "key_value_pairs": [
                {
                    "section": "NUMBER OF CHANNELS",
                    "property": "Model TGP3121",
                    "value": "1",
                    "unit": ""
                },
                {
                    "section": "NUMBER OF CHANNELS",
                    "property": "Model TGP3122",
                    "value": "2",
                    "unit": ""
                },
                {
                    "section": "SINE FREQUENCY",
                    "property": "Range",
                    "value": "1mHz - 25MHz",
                    "unit": ""
                },
                {
                    "section": "SINE FLATNESS",
                    "property": "Relative to 1kHz - <=100kHz",
                    "value": "\u00b10.1",
                    "unit": "dB"
                },
                {
                    "section": "SINE FLATNESS",
                    "property": "Relative to 1kHz - <5MHz",
                    "value": "\u00b10.5",
                    "unit": "dB"
                },
                {
                    "section": "SINE FLATNESS",
                    "property": "Relative to 1kHz - <25MHz",
                    "value": "\u00b11.25",
                    "unit": "dB"
                },
                {
                    "section": "SINE FLATNESS",
                    "property": "Relative to 1kHz - <=50MHz",
                    "value": "\u00b11.75",
                    "unit": "dB"
                },
                {
                    "section": "SINE HARMONIC DISTORTION",
                    "property": "<1Vpp <=10MHz",
                    "value": "-60",
                    "unit": "dBc"
                },
                {
                    "section": "SINE HARMONIC DISTORTION",
                    "property": ">=1Vpp <=10MHz",
                    "value": "-60",
                    "unit": "dBc"
                },
                {
                    "section": "SINE HARMONIC DISTORTION",
                    "property": "<1Vpp <=50MHz",
                    "value": "-50",
                    "unit": "dBc"
                },
                {
                    "section": "SINE HARMONIC DISTORTION",
                    "property": ">=1Vpp <=50MHz",
                    "value": "-40",
                    "unit": "dBc"
                },
                {
                    "section": "SINE THD (<20kHz), TYPICAL",
                    "property": "",
                    "value": "Not specified",
                    "unit": ""
                },
                {
                    "section": "SINE NON-HARMONIC SPURIOUS",
                    "property": "",
                    "value": "-65",
                    "unit": "dBc"
                },
                {
                    "section": "SINE PHASE NOISE (10kHz OFFSET)",
                    "property": "Typical",
                    "value": "-113",
                    "unit": "dBc/Hz"
                },
                {
                    "section": "SQUARE FREQUENCY",
                    "property": "Range",
                    "value": "1mHz - 25MHz",
                    "unit": ""
                },
                {
                    "section": "SQUARE RISE / FALL TIMES",
                    "property": "",
                    "value": "10",
                    "unit": "ns"
                },
                {
                    "section": "SQUARE VARIABLE DUTY CYCLE",
                    "property": "Range",
                    "value": "0.1% to 99.9%",
                    "unit": ""
                },
                {
                    "section": "SQUARE VARIABLE DUTY CYCLE",
                    "property": "Width (positive, negative)",
                    "value": ">=20ns",
                    "unit": ""
                },
                {
                    "section": "SQUARE JITTER (RMS)",
                    "property": "",
                    "value": "<30",
                    "unit": "ps"
                },
                {
                    "section": "SQUARE ASYMMETRY",
                    "property": "",
                    "value": "\u00b1200ps \u00b1 0.01% of period",
                    "unit": ""
                },
                {
                    "section": "SQUARE OVERSHOOT / UNDERSHOOT",
                    "property": "",
                    "value": "<3",
                    "unit": "%"
                },
                {
                    "section": "RAMP FREQUENCY",
                    "property": "Range",
                    "value": "1mHz - 25MHz",
                    "unit": ""
                },
                {
                    "section": "RAMP SYMMETRY",
                    "property": "",
                    "value": "0.0% to 100.0%",
                    "unit": ""
                },
                {
                    "section": "RAMP LINEARITY",
                    "property": "",
                    "value": "<0.1% to 200kHz",
                    "unit": ""
                },
                {
                    "section": "PULSE FREQUENCY",
                    "property": "Range",
                    "value": "1mHz - 25MHz",
                    "unit": ""
                },
                {
                    "section": "PULSE OVERSHOOT / UNDERSHOOT",
                    "property": "Edge time <5ns",
                    "value": "5",
                    "unit": "%"
                },
                {
                    "section": "PULSE OVERSHOOT / UNDERSHOOT",
                    "property": "Edge time <=10ns",
                    "value": "3",
                    "unit": "%"
                },
                {
                    "section": "PULSE OVERSHOOT / UNDERSHOOT",
                    "property": "Edge time >=20ns",
                    "value": "2",
                    "unit": "%"
                },
                {
                    "section": "PULSE JITTER",
                    "property": "RMS",
                    "value": "<30",
                    "unit": "ps"
                },
                {
                    "section": "PULSE WIDTH",
                    "property": "Range",
                    "value": "20ns - 1000s",
                    "unit": ""
                },
                {
                    "section": "PULSE WIDTH RESOLUTION",
                    "property": "",
                    "value": "100",
                    "unit": "ps"
                },
                {
                    "section": "PULSE WIDTH ACCURACY",
                    "property": "",
                    "value": "\u00b1200ps \u00b1 0.01% of period",
                    "unit": ""
                },
                {
                    "section": "PULSE WIDTH SETTING",
                    "property": "",
                    "value": "Can be set as absolute width, duty cycle or fall time delay. Duty cycle resolution 0.1%. Fall time delay resolution 100ps.",
                    "unit": ""
                },
                {
                    "section": "PULSE EDGE",
                    "property": "Range",
                    "value": "8ns - 800s",
                    "unit": ""
                },
                {
                    "section": "PULSE EDGE RESOLUTION",
                    "property": "",
                    "value": "100",
                    "unit": "ps"
                },
                {
                    "section": "PULSE EDGE ACCURACY",
                    "property": "",
                    "value": "\u00b1500ps \u00b10.01% of period",
                    "unit": ""
                },
                {
                    "section": "PULSE EDGE SETTING",
                    "property": "",
                    "value": "Rise and fall times can be independently varied or can be varied together simultaneously and can be entered as absolute rise/fall time or as a % of width",
                    "unit": ""
                },
                {
                    "section": "PULSE DELAY",
                    "property": "Range",
                    "value": "0ns - 1000s",
                    "unit": ""
                },
                {
                    "section": "PULSE DELAY RESOLUTION",
                    "property": "",
                    "value": "100",
                    "unit": "ps"
                },
                {
                    "section": "PULSE DELAY ACCURACY",
                    "property": "",
                    "value": "\u00b1200ps \u00b10.01% of period",
                    "unit": ""
                },
                {
                    "section": "PULSE DELAY SETTING",
                    "property": "",
                    "value": "Delay can be entered as absolute delay, phase or % of period",
                    "unit": ""
                },
                {
                    "section": "DOUBLE PULSE",
                    "property": "",
                    "value": "Offered extensively. See specification for more detail. The width of the two pulses can be varied independently.",
                    "unit": ""
                },
                {
                    "section": "ARB FREQUENCY",
                    "property": "Range",
                    "value": "1mHz - 25MHz",
                    "unit": ""
                },
                {
                    "section": "ARB VERTICAL RESOLUTION",
                    "property": "",
                    "value": "16",
                    "unit": "bits"
                },
                {
                    "section": "ARB SAMPLING RATE",
                    "property": "",
                    "value": "800",
                    "unit": "Msps"
                },
                {
                    "section": "MAXIMUM POINTS IN ARB",
                    "property": "",
                    "value": "4096",
                    "unit": ""
                },
                {
                    "section": "ARB MINIMUM RISE / FALL TIME",
                    "property": "",
                    "value": "Not specified",
                    "unit": ""
                },
                {
                    "section": "EFFECTIVE ANALOGUE BANDWIDTH (-3dB)",
                    "property": "",
                    "value": "Not specified",
                    "unit": ""
                },
                {
                    "section": "ARB JITTER (POINT TO POINT)",
                    "property": "",
                    "value": "1.25",
                    "unit": "ns"
                },
                {
                    "section": "BUILT-IN ARB EDITING",
                    "property": "",
                    "value": "Point edit, resize, interpolation, insert lines. Waveforms can also be downloaded via remote interfaces.",
                    "unit": ""
                },
                {
                    "section": "ARB ARCHITECTURE",
                    "property": "",
                    "value": "DDS",
                    "unit": ""
                }
            ]
        },
        {
            "reference": "TGF4242",
            "brand": "TTi",
            "description": [],
            "key_value_pairs": [
                {
                    "section": "NUMBER OF CHANNELS",
                    "property": "",
                    "value": "2",
                    "unit": ""
                },
                {
                    "section": "SINE FREQUENCY",
                    "property": "Range",
                    "value": "1uHz - 240MHz",
                    "unit": ""
                },
                {
                    "section": "SINE FLATNESS",
                    "property": "At 1Vpp, Relative to 10kHz - <=10MHz",
                    "value": "\u00b10.1",
                    "unit": "dB"
                },
                {
                    "section": "SINE FLATNESS",
                    "property": "At 1Vpp, Relative to 10kHz - <=100MHz",
                    "value": "\u00b10.2",
                    "unit": "dB"
                },
                {
                    "section": "SINE FLATNESS",
                    "property": "At 1Vpp, Relative to 10kHz - <160MHz",
                    "value": "\u00b10.6",
                    "unit": "dB"
                },
                {
                    "section": "SINE FLATNESS",
                    "property": "At 1Vpp, Relative to 10kHz - <240MHz",
                    "value": "\u00b11.0",
                    "unit": "dB"
                },
                {
                    "section": "SINE HARMONIC DISTORTION",
                    "property": "At 1Vpp <=10MHz",
                    "value": "-65",
                    "unit": "dBc"
                },
                {
                    "section": "SINE HARMONIC DISTORTION",
                    "property": "At 1Vpp <=50MHz",
                    "value": "-50",
                    "unit": "dBc"
                },
                {
                    "section": "SINE HARMONIC DISTORTION",
                    "property": "At 1Vpp <80MHz",
                    "value": "-40",
                    "unit": "dBc"
                },
                {
                    "section": "SINE HARMONIC DISTORTION",
                    "property": "At 1Vpp <160MHz",
                    "value": "-35",
                    "unit": "dBc"
                },
                {
                    "section": "SINE HARMONIC DISTORTION",
                    "property": "At 1Vpp <=240MHz",
                    "value": "-30",
                    "unit": "dBc"
                },
                {
                    "section": "SINE THD (<20kHz), TYPICAL",
                    "property": "",
                    "value": "0.05",
                    "unit": "%"
                },
                {
                    "section": "SINE NON-HARMONIC SPURIOUS",
                    "property": "",
                    "value": "-65",
                    "unit": "dBc"
                },
                {
                    "section": "SINE PHASE NOISE (10kHz OFFSET)",
                    "property": "At 10MHz, 1Vpp",
                    "value": "-113",
                    "unit": "dBc/Hz"
                },
                {
                    "section": "SQUARE FREQUENCY",
                    "property": "Range",
                    "value": "1uHz - 100MHz",
                    "unit": ""
                },
                {
                    "section": "SQUARE RISE / FALL TIMES",
                    "property": "<= 4Vpp",
                    "value": "3",
                    "unit": "ns"
                },
                {
                    "section": "SQUARE RISE / FALL TIMES",
                    "property": "> 4Vpp",
                    "value": "5",
                    "unit": "ns"
                },
                {
                    "section": "SQUARE VARIABLE DUTY CYCLE",
                    "property": "Range",
                    "value": "0.001% to 99.999%",
                    "unit": ""
                },
                {
                    "section": "SQUARE VARIABLE DUTY CYCLE",
                    "property": "Width (positive, negative)",
                    "value": ">=5ns",
                    "unit": ""
                },
                {
                    "section": "SQUARE JITTER (RMS)",
                    "property": "",
                    "value": "<30",
                    "unit": "ps"
                },
                {
                    "section": "SQUARE ASYMMETRY",
                    "property": "",
                    "value": "\u00b1200ps \u00b1 0.01% of period",
                    "unit": ""
                },
                {
                    "section": "SQUARE OVERSHOOT / UNDERSHOOT",
                    "property": "",
                    "value": "<5",
                    "unit": "%"
                },
                {
                    "section": "RAMP FREQUENCY",
                    "property": "Range",
                    "value": "1uHz - 5MHz",
                    "unit": ""
                },
                {
                    "section": "RAMP SYMMETRY",
                    "property": "",
                    "value": "0.00% - 100.00%",
                    "unit": ""
                },
                {
                    "section": "RAMP LINEARITY",
                    "property": "",
                    "value": "<0.1% to 200kHz",
                    "unit": ""
                },
                {
                    "section": "PULSE FREQUENCY",
                    "property": "Range",
                    "value": "1mHz - 100MHz",
                    "unit": ""
                },
                {
                    "section": "PULSE OVERSHOOT / UNDERSHOOT",
                    "property": "Edge time <5ns",
                    "value": "5",
                    "unit": "%"
                },
                {
                    "section": "PULSE OVERSHOOT / UNDERSHOOT",
                    "property": "Edge time <=10ns",
                    "value": "3",
                    "unit": "%"
                },
                {
                    "section": "PULSE OVERSHOOT / UNDERSHOOT",
                    "property": "Edge time >=20ns",
                    "value": "2",
                    "unit": "%"
                },
                {
                    "section": "PULSE JITTER",
                    "property": "RMS",
                    "value": "<30",
                    "unit": "ps"
                },
                {
                    "section": "PULSE WIDTH",
                    "property": "<=4Vpp",
                    "value": "5ns - 1000s",
                    "unit": ""
                },
                {
                    "section": "PULSE WIDTH",
                    "property": ">4Vpp",
                    "value": "10ns - 1000s",
                    "unit": ""
                },
                {
                    "section": "PULSE WIDTH RESOLUTION",
                    "property": "",
                    "value": "100",
                    "unit": "ps"
                },
                {
                    "section": "PULSE WIDTH ACCURACY",
                    "property": "",
                    "value": "\u00b1200ps \u00b1 0.01% of period",
                    "unit": ""
                },
                {
                    "section": "PULSE WIDTH SETTING",
                    "property": "",
                    "value": "Can be set as absolute width, or duty cycle. Duty cycle resolution 0.001%.",
                    "unit": ""
                },
                {
                    "section": "PULSE EDGE",
                    "property": "<= 4Vpp",
                    "value": "3ns - 800s",
                    "unit": ""
                },
                {
                    "section": "PULSE EDGE",
                    "property": "> 4Vpp",
                    "value": "5ns - 800s",
                    "unit": ""
                },
                {
                    "section": "PULSE EDGE RESOLUTION",
                    "property": "",
                    "value": "100",
                    "unit": "ps"
                },
                {
                    "section": "PULSE EDGE ACCURACY",
                    "property": "",
                    "value": "\u00b1500ps \u00b10.01% of period",
                    "unit": ""
                },
                {
                    "section": "PULSE EDGE SETTING",
                    "property": "",
                    "value": "Rise and fall times can be independently varied or can be varied together simultaneously and can be entered as absolute rise/fall time.",
                    "unit": ""
                },
                {
                    "section": "PULSE DELAY",
                    "property": "Range",
                    "value": "0ns - 1000s",
                    "unit": ""
                },
                {
                    "section": "PULSE DELAY RESOLUTION",
                    "property": "",
                    "value": "100",
                    "unit": "ps"
                },
                {
                    "section": "PULSE DELAY ACCURACY",
                    "property": "",
                    "value": "\u00b1200ps \u00b10.01% of period",
                    "unit": ""
                },
                {
                    "section": "PULSE DELAY SETTING",
                    "property": "",
                    "value": "Delay can be entered as absolute delay or phase",
                    "unit": ""
                },
                {
                    "section": "DOUBLE PULSE",
                    "property": "",
                    "value": "Not offered",
                    "unit": ""
                },
                {
                    "section": "ARB FREQUENCY",
                    "property": "Range",
                    "value": "1uHz - 80MHz",
                    "unit": ""
                },
                {
                    "section": "ARB VERTICAL RESOLUTION",
                    "property": "",
                    "value": "16",
                    "unit": "bits"
                },
                {
                    "section": "ARB SAMPLING RATE",
                    "property": "",
                    "value": "800",
                    "unit": "Msps"
                },
                {
                    "section": "MAXIMUM POINTS IN ARB",
                    "property": "",
                    "value": "8192",
                    "unit": ""
                },
                {
                    "section": "ARB MINIMUM RISE / FALL TIME",
                    "property": "",
                    "value": "<5ns or <8ns, user selectable",
                    "unit": ""
                },
                {
                    "section": "EFFECTIVE ANALOGUE BANDWIDTH (-3dB)",
                    "property": "",
                    "value": "62.5MHz, 100MHz, user selectable",
                    "unit": ""
                },
                {
                    "section": "ARB JITTER (POINT TO POINT)",
                    "property": "",
                    "value": "1.25",
                    "unit": "ns"
                },
                {
                    "section": "BUILT-IN ARB EDITING",
                    "property": "",
                    "value": "Point edit, resize, interpolation, insert lines. Waveforms can also be downloaded via remote interfaces.",
                    "unit": ""
                },
                {
                    "section": "ARB ARCHITECTURE",
                    "property": "",
                    "value": "DDS",
                    "unit": ""
                }
            ]
        },
        {
            "reference": "TGF4162",
            "brand": "TTi",
            "description": [],
            "key_value_pairs": [
                {
                    "section": "NUMBER OF CHANNELS",
                    "property": "",
                    "value": "2",
                    "unit": ""
                },
                {
                    "section": "SINE FREQUENCY",
                    "property": "Range",
                    "value": "1uHz - 160MHz",
                    "unit": ""
                },
                {
                    "section": "SINE FLATNESS",
                    "property": "At 1Vpp, Relative to 10kHz - <=10MHz",
                    "value": "\u00b10.1",
                    "unit": "dB"
                },
                {
                    "section": "SINE FLATNESS",
                    "property": "At 1Vpp, Relative to 10kHz - <=100MHz",
                    "value": "\u00b10.2",
                    "unit": "dB"
                },
                {
                    "section": "SINE FLATNESS",
                    "property": "At 1Vpp, Relative to 10kHz - <160MHz",
                    "value": "\u00b10.6",
                    "unit": "dB"
                },
                {
                    "section": "SINE FLATNESS",
                    "property": "At 1Vpp, Relative to 10kHz - <240MHz",
                    "value": "\u00b11.0",
                    "unit": "dB"
                },
                {
                    "section": "SINE HARMONIC DISTORTION",
                    "property": "At 1Vpp <=10MHz",
                    "value": "-65",
                    "unit": "dBc"
                },
                {
                    "section": "SINE HARMONIC DISTORTION",
                    "property": "At 1Vpp <=50MHz",
                    "value": "-50",
                    "unit": "dBc"
                },
                {
                    "section": "SINE HARMONIC DISTORTION",
                    "property": "At 1Vpp <80MHz",
                    "value": "-40",
                    "unit": "dBc"
                },
                {
                    "section": "SINE HARMONIC DISTORTION",
                    "property": "At 1Vpp <160MHz",
                    "value": "-35",
                    "unit": "dBc"
                },
                {
                    "section": "SINE HARMONIC DISTORTION",
                    "property": "At 1Vpp <=240MHz",
                    "value": "-30",
                    "unit": "dBc"
                },
                {
                    "section": "SINE THD (<20kHz), TYPICAL",
                    "property": "",
                    "value": "0.05",
                    "unit": "%"
                },
                {
                    "section": "SINE NON-HARMONIC SPURIOUS",
                    "property": "",
                    "value": "-65",
                    "unit": "dBc"
                },
                {
                    "section": "SINE PHASE NOISE (10kHz OFFSET)",
                    "property": "At 10MHz, 1Vpp",
                    "value": "-113",
                    "unit": "dBc/Hz"
                },
                {
                    "section": "SQUARE FREQUENCY",
                    "property": "Range",
                    "value": "1uHz - 100MHz",
                    "unit": ""
                },
                {
                    "section": "SQUARE RISE / FALL TIMES",
                    "property": "<= 4Vpp",
                    "value": "3",
                    "unit": "ns"
                },
                {
                    "section": "SQUARE RISE / FALL TIMES",
                    "property": "> 4Vpp",
                    "value": "5",
                    "unit": "ns"
                },
                {
                    "section": "SQUARE VARIABLE DUTY CYCLE",
                    "property": "Range",
                    "value": "0.001% to 99.999%",
                    "unit": ""
                },
                {
                    "section": "SQUARE VARIABLE DUTY CYCLE",
                    "property": "Width (positive, negative)",
                    "value": ">=5ns",
                    "unit": ""
                },
                {
                    "section": "SQUARE JITTER (RMS)",
                    "property": "",
                    "value": "<30",
                    "unit": "ps"
                },
                {
                    "section": "SQUARE ASYMMETRY",
                    "property": "",
                    "value": "\u00b1200ps \u00b1 0.01% of period",
                    "unit": ""
                },
                {
                    "section": "SQUARE OVERSHOOT / UNDERSHOOT",
                    "property": "",
                    "value": "<5",
                    "unit": "%"
                },
                {
                    "section": "RAMP FREQUENCY",
                    "property": "Range",
                    "value": "1uHz - 5MHz",
                    "unit": ""
                },
                {
                    "section": "RAMP SYMMETRY",
                    "property": "",
                    "value": "0.00% - 100.00%",
                    "unit": ""
                },
                {
                    "section": "RAMP LINEARITY",
                    "property": "",
                    "value": "<0.1% to 200kHz",
                    "unit": ""
                },
                {
                    "section": "PULSE FREQUENCY",
                    "property": "Range",
                    "value": "1mHz - 100MHz",
                    "unit": ""
                },
                {
                    "section": "PULSE OVERSHOOT / UNDERSHOOT",
                    "property": "Edge time <5ns",
                    "value": "5",
                    "unit": "%"
                },
                {
                    "section": "PULSE OVERSHOOT / UNDERSHOOT",
                    "property": "Edge time <=10ns",
                    "value": "3",
                    "unit": "%"
                },
                {
                    "section": "PULSE OVERSHOOT / UNDERSHOOT",
                    "property": "Edge time >=20ns",
                    "value": "2",
                    "unit": "%"
                },
                {
                    "section": "PULSE JITTER",
                    "property": "RMS",
                    "value": "<30",
                    "unit": "ps"
                },
                {
                    "section": "PULSE WIDTH",
                    "property": "<=4Vpp",
                    "value": "5ns - 1000s",
                    "unit": ""
                },
                {
                    "section": "PULSE WIDTH",
                    "property": ">4Vpp",
                    "value": "10ns - 1000s",
                    "unit": ""
                },
                {
                    "section": "PULSE WIDTH RESOLUTION",
                    "property": "",
                    "value": "100",
                    "unit": "ps"
                },
                {
                    "section": "PULSE WIDTH ACCURACY",
                    "property": "",
                    "value": "\u00b1200ps \u00b1 0.01% of period",
                    "unit": ""
                },
                {
                    "section": "PULSE WIDTH SETTING",
                    "property": "",
                    "value": "Can be set as absolute width, or duty cycle. Duty cycle resolution 0.001%.",
                    "unit": ""
                },
                {
                    "section": "PULSE EDGE",
                    "property": "<= 4Vpp",
                    "value": "3ns - 800s",
                    "unit": ""
                },
                {
                    "section": "PULSE EDGE",
                    "property": "> 4Vpp",
                    "value": "5ns - 800s",
                    "unit": ""
                },
                {
                    "section": "PULSE EDGE RESOLUTION",
                    "property": "",
                    "value": "100",
                    "unit": "ps"
                },
                {
                    "section": "PULSE EDGE ACCURACY",
                    "property": "",
                    "value": "\u00b1500ps \u00b10.01% of period",
                    "unit": ""
                },
                {
                    "section": "PULSE EDGE SETTING",
                    "property": "",
                    "value": "Rise and fall times can be independently varied or can be varied together simultaneously and can be entered as absolute rise/fall time.",
                    "unit": ""
                },
                {
                    "section": "PULSE DELAY",
                    "property": "Range",
                    "value": "0ns - 1000s",
                    "unit": ""
                },
                {
                    "section": "PULSE DELAY RESOLUTION",
                    "property": "",
                    "value": "100",
                    "unit": "ps"
                },
                {
                    "section": "PULSE DELAY ACCURACY",
                    "property": "",
                    "value": "\u00b1200ps \u00b10.01% of period",
                    "unit": ""
                },
                {
                    "section": "PULSE DELAY SETTING",
                    "property": "",
                    "value": "Delay can be entered as absolute delay or phase",
                    "unit": ""
                },
                {
                    "section": "DOUBLE PULSE",
                    "property": "",
                    "value": "Not offered",
                    "unit": ""
                },
                {
                    "section": "ARB FREQUENCY",
                    "property": "Range",
                    "value": "1uHz - 80MHz",
                    "unit": ""
                },
                {
                    "section": "ARB VERTICAL RESOLUTION",
                    "property": "",
                    "value": "16",
                    "unit": "bits"
                },
                {
                    "section": "ARB SAMPLING RATE",
                    "property": "",
                    "value": "800",
                    "unit": "Msps"
                },
                {
                    "section": "MAXIMUM POINTS IN ARB",
                    "property": "",
                    "value": "8192",
                    "unit": ""
                },
                {
                    "section": "ARB MINIMUM RISE / FALL TIME",
                    "property": "",
                    "value": "<5ns or <8ns, user selectable",
                    "unit": ""
                },
                {
                    "section": "EFFECTIVE ANALOGUE BANDWIDTH (-3dB)",
                    "property": "",
                    "value": "62.5MHz, 100MHz, user selectable",
                    "unit": ""
                },
                {
                    "section": "ARB JITTER (POINT TO POINT)",
                    "property": "",
                    "value": "1.25",
                    "unit": "ns"
                },
                {
                    "section": "BUILT-IN ARB EDITING",
                    "property": "",
                    "value": "Point edit, resize, interpolation, insert lines. Waveforms can also be downloaded via remote interfaces.",
                    "unit": ""
                },
                {
                    "section": "ARB ARCHITECTURE",
                    "property": "",
                    "value": "DDS",
                    "unit": ""
                }
            ]
        },
        {
            "reference": "TGF4082",
            "brand": "TTi",
            "description": [],
            "key_value_pairs": [
                {
                    "section": "NUMBER OF CHANNELS",
                    "property": "",
                    "value": "2",
                    "unit": ""
                },
                {
                    "section": "SINE FREQUENCY",
                    "property": "Range",
                    "value": "1uHz - 80MHz",
                    "unit": ""
                },
                {
                    "section": "SINE FLATNESS",
                    "property": "At 1Vpp, Relative to 10kHz - <=10MHz",
                    "value": "\u00b10.1",
                    "unit": "dB"
                },
                {
                    "section": "SINE FLATNESS",
                    "property": "At 1Vpp, Relative to 10kHz - <=100MHz",
                    "value": "\u00b10.2",
                    "unit": "dB"
                },
                {
                    "section": "SINE FLATNESS",
                    "property": "At 1Vpp, Relative to 10kHz - <160MHz",
                    "value": "\u00b10.6",
                    "unit": "dB"
                },
                {
                    "section": "SINE FLATNESS",
                    "property": "At 1Vpp, Relative to 10kHz - <240MHz",
                    "value": "\u00b11.0",
                    "unit": "dB"
                },
                {
                    "section": "SINE HARMONIC DISTORTION",
                    "property": "At 1Vpp <=10MHz",
                    "value": "-65",
                    "unit": "dBc"
                },
                {
                    "section": "SINE HARMONIC DISTORTION",
                    "property": "At 1Vpp <=50MHz",
                    "value": "-50",
                    "unit": "dBc"
                },
                {
                    "section": "SINE HARMONIC DISTORTION",
                    "property": "At 1Vpp <80MHz",
                    "value": "-40",
                    "unit": "dBc"
                },
                {
                    "section": "SINE HARMONIC DISTORTION",
                    "property": "At 1Vpp <160MHz",
                    "value": "-35",
                    "unit": "dBc"
                },
                {
                    "section": "SINE HARMONIC DISTORTION",
                    "property": "At 1Vpp <=240MHz",
                    "value": "-30",
                    "unit": "dBc"
                },
                {
                    "section": "SINE THD (<20kHz), TYPICAL",
                    "property": "",
                    "value": "0.05",
                    "unit": "%"
                },
                {
                    "section": "SINE NON-HARMONIC SPURIOUS",
                    "property": "",
                    "value": "-65",
                    "unit": "dBc"
                },
                {
                    "section": "SINE PHASE NOISE (10kHz OFFSET)",
                    "property": "At 10MHz, 1Vpp",
                    "value": "-113",
                    "unit": "dBc/Hz"
                },
                {
                    "section": "SQUARE FREQUENCY",
                    "property": "Range",
                    "value": "1uHz - 25MHz",
                    "unit": ""
                },
                {
                    "section": "SQUARE RISE / FALL TIMES",
                    "property": "",
                    "value": "10",
                    "unit": "ns"
                },
                {
                    "section": "SQUARE VARIABLE DUTY CYCLE",
                    "property": "Range",
                    "value": "0.001% to 99.999%",
                    "unit": ""
                },
                {
                    "section": "SQUARE VARIABLE DUTY CYCLE",
                    "property": "Width (positive, negative)",
                    "value": ">=20ns",
                    "unit": ""
                },
                {
                    "section": "SQUARE JITTER (RMS)",
                    "property": "",
                    "value": "<30",
                    "unit": "ps"
                },
                {
                    "section": "SQUARE ASYMMETRY",
                    "property": "",
                    "value": "\u00b1200ps \u00b1 0.01% of period",
                    "unit": ""
                },
                {
                    "section": "SQUARE OVERSHOOT / UNDERSHOOT",
                    "property": "",
                    "value": "<5",
                    "unit": "%"
                },
                {
                    "section": "RAMP FREQUENCY",
                    "property": "Range",
                    "value": "1uHz - 5MHz",
                    "unit": ""
                },
                {
                    "section": "RAMP SYMMETRY",
                    "property": "",
                    "value": "0.00% - 100.00%",
                    "unit": ""
                },
                {
                    "section": "RAMP LINEARITY",
                    "property": "",
                    "value": "<0.1% to 100kHz",
                    "unit": ""
                },
                {
                    "section": "PULSE FREQUENCY",
                    "property": "Range",
                    "value": "1mHz - 25MHz",
                    "unit": ""
                },
                {
                    "section": "PULSE OVERSHOOT / UNDERSHOOT",
                    "property": "Edge time <5ns",
                    "value": "5",
                    "unit": "%"
                },
                {
                    "section": "PULSE OVERSHOOT / UNDERSHOOT",
                    "property": "Edge time <=10ns",
                    "value": "3",
                    "unit": "%"
                },
                {
                    "section": "PULSE OVERSHOOT / UNDERSHOOT",
                    "property": "Edge time >=20ns",
                    "value": "2",
                    "unit": "%"
                },
                {
                    "section": "PULSE JITTER",
                    "property": "RMS",
                    "value": "<30",
                    "unit": "ps"
                },
                {
                    "section": "PULSE WIDTH",
                    "property": "Range",
                    "value": "20ns - 1000s",
                    "unit": ""
                },
                {
                    "section": "PULSE WIDTH RESOLUTION",
                    "property": "",
                    "value": "100",
                    "unit": "ps"
                },
                {
                    "section": "PULSE WIDTH ACCURACY",
                    "property": "",
                    "value": "\u00b1200ps \u00b1 0.01% of period",
                    "unit": ""
                },
                {
                    "section": "PULSE WIDTH SETTING",
                    "property": "",
                    "value": "Can be set as absolute width, or duty cycle. Duty cycle resolution 0.001%.",
                    "unit": ""
                },
                {
                    "section": "PULSE EDGE",
                    "property": "Range",
                    "value": "8ns - 800s",
                    "unit": ""
                },
                {
                    "section": "PULSE EDGE RESOLUTION",
                    "property": "",
                    "value": "100",
                    "unit": "ps"
                },
                {
                    "section": "PULSE EDGE ACCURACY",
                    "property": "",
                    "value": "\u00b1500ps \u00b10.01% of period",
                    "unit": ""
                },
                {
                    "section": "PULSE EDGE SETTING",
                    "property": "",
                    "value": "Rise and fall times can be independently varied or can be varied together simultaneously and can be entered as absolute rise/fall time.",
                    "unit": ""
                },
                {
                    "section": "PULSE DELAY",
                    "property": "Range",
                    "value": "0ns - 1000s",
                    "unit": ""
                },
                {
                    "section": "PULSE DELAY RESOLUTION",
                    "property": "",
                    "value": "100",
                    "unit": "ps"
                },
                {
                    "section": "PULSE DELAY ACCURACY",
                    "property": "",
                    "value": "\u00b1200ps \u00b10.01% of period",
                    "unit": ""
                },
                {
                    "section": "PULSE DELAY SETTING",
                    "property": "",
                    "value": "Delay can be entered as absolute delay or phase",
                    "unit": ""
                },
                {
                    "section": "DOUBLE PULSE",
                    "property": "",
                    "value": "Not offered",
                    "unit": ""
                },
                {
                    "section": "ARB FREQUENCY",
                    "property": "Range",
                    "value": "1uHz - 40MHz",
                    "unit": ""
                },
                {
                    "section": "ARB VERTICAL RESOLUTION",
                    "property": "",
                    "value": "14",
                    "unit": "bits"
                },
                {
                    "section": "ARB SAMPLING RATE",
                    "property": "",
                    "value": "400",
                    "unit": "Msps"
                },
                {
                    "section": "MAXIMUM POINTS IN ARB",
                    "property": "",
                    "value": "8192",
                    "unit": ""
                },
                {
                    "section": "ARB MINIMUM RISE / FALL TIME",
                    "property": "",
                    "value": "<8ns",
                    "unit": ""
                },
                {
                    "section": "EFFECTIVE ANALOGUE BANDWIDTH (-3dB)",
                    "property": "",
                    "value": "62.5MHz",
                    "unit": ""
                },
                {
                    "section": "ARB JITTER (POINT TO POINT)",
                    "property": "",
                    "value": "2.5",
                    "unit": "ns"
                },
                {
                    "section": "BUILT-IN ARB EDITING",
                    "property": "",
                    "value": "Point edit, resize, interpolation, insert lines. Waveforms can also be downloaded via remote interfaces.",
                    "unit": ""
                },
                {
                    "section": "ARB ARCHITECTURE",
                    "property": "",
                    "value": "DDS",
                    "unit": ""
                }
            ]
        },
        {
            "reference": "TGF4042",
            "brand": "TTi",
            "description": [],
            "key_value_pairs": [
                {
                    "section": "NUMBER OF CHANNELS",
                    "property": "",
                    "value": "2",
                    "unit": ""
                },
                {
                    "section": "SINE FREQUENCY",
                    "property": "Range",
                    "value": "1uHz - 40MHz",
                    "unit": ""
                },
                {
                    "section": "SINE FLATNESS",
                    "property": "At 1Vpp, Relative to 10kHz - <=10MHz",
                    "value": "\u00b10.1",
                    "unit": "dB"
                },
                {
                    "section": "SINE FLATNESS",
                    "property": "At 1Vpp, Relative to 10kHz - <=100MHz",
                    "value": "\u00b10.2",
                    "unit": "dB"
                },
                {
                    "section": "SINE FLATNESS",
                    "property": "At 1Vpp, Relative to 10kHz - <160MHz",
                    "value": "\u00b10.6",
                    "unit": "dB"
                },
                {
                    "section": "SINE FLATNESS",
                    "property": "At 1Vpp, Relative to 10kHz - <240MHz",
                    "value": "\u00b11.0",
                    "unit": "dB"
                },
                {
                    "section": "SINE HARMONIC DISTORTION",
                    "property": "At 1Vpp <=10MHz",
                    "value": "-65",
                    "unit": "dBc"
                },
                {
                    "section": "SINE HARMONIC DISTORTION",
                    "property": "At 1Vpp <=50MHz",
                    "value": "-50",
                    "unit": "dBc"
                },
                {
                    "section": "SINE HARMONIC DISTORTION",
                    "property": "At 1Vpp <80MHz",
                    "value": "-40",
                    "unit": "dBc"
                },
                {
                    "section": "SINE HARMONIC DISTORTION",
                    "property": "At 1Vpp <160MHz",
                    "value": "-35",
                    "unit": "dBc"
                },
                {
                    "section": "SINE HARMONIC DISTORTION",
                    "property": "At 1Vpp <=240MHz",
                    "value": "-30",
                    "unit": "dBc"
                },
                {
                    "section": "SINE THD (<20kHz), TYPICAL",
                    "property": "",
                    "value": "0.05",
                    "unit": "%"
                },
                {
                    "section": "SINE NON-HARMONIC SPURIOUS",
                    "property": "",
                    "value": "-65",
                    "unit": "dBc"
                },
                {
                    "section": "SINE PHASE NOISE (10kHz OFFSET)",
                    "property": "At 10MHz, 1Vpp",
                    "value": "-113",
                    "unit": "dBc/Hz"
                },
                {
                    "section": "SQUARE FREQUENCY",
                    "property": "Range",
                    "value": "1uHz - 25MHz",
                    "unit": ""
                },
                {
                    "section": "SQUARE RISE / FALL TIMES",
                    "property": "",
                    "value": "10",
                    "unit": "ns"
                },
                {
                    "section": "SQUARE VARIABLE DUTY CYCLE",
                    "property": "Range",
                    "value": "0.001% to 99.999%",
                    "unit": ""
                },
                {
                    "section": "SQUARE VARIABLE DUTY CYCLE",
                    "property": "Width (positive, negative)",
                    "value": ">=20ns",
                    "unit": ""
                },
                {
                    "section": "SQUARE JITTER (RMS)",
                    "property": "",
                    "value": "<30",
                    "unit": "ps"
                },
                {
                    "section": "SQUARE ASYMMETRY",
                    "property": "",
                    "value": "\u00b1200ps \u00b1 0.01% of period",
                    "unit": ""
                },
                {
                    "section": "SQUARE OVERSHOOT / UNDERSHOOT",
                    "property": "",
                    "value": "<5",
                    "unit": "%"
                },
                {
                    "section": "RAMP FREQUENCY",
                    "property": "Range",
                    "value": "1uHz - 5MHz",
                    "unit": ""
                },
                {
                    "section": "RAMP SYMMETRY",
                    "property": "",
                    "value": "0.00% - 100.00%",
                    "unit": ""
                },
                {
                    "section": "RAMP LINEARITY",
                    "property": "",
                    "value": "<0.1% to 100kHz",
                    "unit": ""
                },
                {
                    "section": "PULSE FREQUENCY",
                    "property": "Range",
                    "value": "1mHz - 25MHz",
                    "unit": ""
                },
                {
                    "section": "PULSE OVERSHOOT / UNDERSHOOT",
                    "property": "Edge time <5ns",
                    "value": "5",
                    "unit": "%"
                },
                {
                    "section": "PULSE OVERSHOOT / UNDERSHOOT",
                    "property": "Edge time <=10ns",
                    "value": "3",
                    "unit": "%"
                },
                {
                    "section": "PULSE OVERSHOOT / UNDERSHOOT",
                    "property": "Edge time >=20ns",
                    "value": "2",
                    "unit": "%"
                },
                {
                    "section": "PULSE JITTER",
                    "property": "RMS",
                    "value": "<30",
                    "unit": "ps"
                },
                {
                    "section": "PULSE WIDTH",
                    "property": "Range",
                    "value": "20ns - 1000s",
                    "unit": ""
                },
                {
                    "section": "PULSE WIDTH RESOLUTION",
                    "property": "",
                    "value": "100",
                    "unit": "ps"
                },
                {
                    "section": "PULSE WIDTH ACCURACY",
                    "property": "",
                    "value": "\u00b1200ps \u00b1 0.01% of period",
                    "unit": ""
                },
                {
                    "section": "PULSE WIDTH SETTING",
                    "property": "",
                    "value": "Can be set as absolute width, or duty cycle. Duty cycle resolution 0.001%.",
                    "unit": ""
                },
                {
                    "section": "PULSE EDGE",
                    "property": "Range",
                    "value": "8ns - 800s",
                    "unit": ""
                },
                {
                    "section": "PULSE EDGE RESOLUTION",
                    "property": "",
                    "value": "100",
                    "unit": "ps"
                },
                {
                    "section": "PULSE EDGE ACCURACY",
                    "property": "",
                    "value": "\u00b1500ps \u00b10.01% of period",
                    "unit": ""
                },
                {
                    "section": "PULSE EDGE SETTING",
                    "property": "",
                    "value": "Rise and fall times can be independently varied or can be varied together simultaneously and can be entered as absolute rise/fall time.",
                    "unit": ""
                },
                {
                    "section": "PULSE DELAY",
                    "property": "Range",
                    "value": "0ns - 1000s",
                    "unit": ""
                },
                {
                    "section": "PULSE DELAY RESOLUTION",
                    "property": "",
                    "value": "100",
                    "unit": "ps"
                },
                {
                    "section": "PULSE DELAY ACCURACY",
                    "property": "",
                    "value": "\u00b1200ps \u00b10.01% of period",
                    "unit": ""
                },
                {
                    "section": "PULSE DELAY SETTING",
                    "property": "",
                    "value": "Delay can be entered as absolute delay or phase",
                    "unit": ""
                },
                {
                    "section": "DOUBLE PULSE",
                    "property": "",
                    "value": "Not offered",
                    "unit": ""
                },
                {
                    "section": "ARB FREQUENCY",
                    "property": "Range",
                    "value": "1uHz - 40MHz",
                    "unit": ""
                },
                {
                    "section": "ARB VERTICAL RESOLUTION",
                    "property": "",
                    "value": "14",
                    "unit": "bits"
                },
                {
                    "section": "ARB SAMPLING RATE",
                    "property": "",
                    "value": "400",
                    "unit": "Msps"
                },
                {
                    "section": "MAXIMUM POINTS IN ARB",
                    "property": "",
                    "value": "8192",
                    "unit": ""
                },
                {
                    "section": "ARB MINIMUM RISE / FALL TIME",
                    "property": "",
                    "value": "<8ns",
                    "unit": ""
                },
                {
                    "section": "EFFECTIVE ANALOGUE BANDWIDTH (-3dB)",
                    "property": "",
                    "value": "62.5MHz",
                    "unit": ""
                },
                {
                    "section": "ARB JITTER (POINT TO POINT)",
                    "property": "",
                    "value": "2.5",
                    "unit": "ns"
                },
                {
                    "section": "BUILT-IN ARB EDITING",
                    "property": "",
                    "value": "Point edit, resize, interpolation, insert lines. Waveforms can also be downloaded via remote interfaces.",
                    "unit": ""
                },
                {
                    "section": "ARB ARCHITECTURE",
                    "property": "",
                    "value": "DDS",
                    "unit": ""
                }
            ]
        }
    ]
}