{
  "parts": [
    {
      "reference": "TG501xA/251xA Series",
      "brand": "TTi",
      "description": [
        {
          "section": "HARMONIC OUTPUT",
          "text": "Not offered (but possible using latest version of Waveform Manager Plus software)."
        },
        {
          "section": "AMPLITUDE",
          "text": "10mVp-p to 10Vp-p into 50Ω. Amplitude can be specified open circuit or into an assumed load of 1Ω to 10kΩ in Vpp, Vrms or dBm."
        },
        {
          "section": "SWEEP",
          "text": "Linear or Logarithmic, Up, Down, Up/Down or Down/Up, Triggered or Continuous"
        },
        {
          "section": "DUAL CHANNEL FUNCTIONS",
          "text": "Tracking, Frequency coupling (fixed ratio or fixed offset), Amplitude / Offset coupling, Output coupling"
        },
        {
          "section": "SYNC OUTPUT",
          "text": "Separate Sync for each channel."
        },
        {
          "section": "PHASE LOCKING (BETWEEN CHANNELS OR GENERATORS)",
          "text": "Channels can be aligned and can have a phase offset (0° to 360°, 0.1° resolution). Two generators can be coupled."
        },
        {
          "section": "DISPLAY",
          "text": "3.7 inches, 256 by 112 monochrome graphics display"
        }
      ],
      "key_value_pairs": [
        {
          "section": "PRBS",
          "property": "PRBS (TG501xA)",
          "value": "1ubps - 50Mbps",
          "unit": ""
        },
        {
          "section": "PRBS",
          "property": "PRBS (TG251xA)",
          "value": "1ubps - 25Mbps",
          "unit": ""
        },
        {
          "section": "PRBS EDGE",
          "property": "PRBS EDGE (TG501xA)",
          "value": "8ns - 40us",
          "unit": ""
        },
        {
          "section": "PRBS EDGE",
          "property": "PRBS EDGE (TG251xA)",
          "value": "13ns - 40us",
          "unit": ""
        },
        {
          "section": "PRBS SEQUENCE LENGTH",
          "property": "PRBS SEQUENCE LENGTH",
          "value": "7,9,11,15,20,23",
          "unit": ""
        },
        {
          "section": "USER DEFINED PATTERN",
          "property": "USER DEFINED PATTERN",
          "value": "Not offered",
          "unit": ""
        },
        {
          "section": "EXTERNAL PATTERN (EXTERNAL WIDTH)",
          "property": "EXTERNAL PATTERN (EXTERNAL WIDTH)",
          "value": "Not offered",
          "unit": ""
        },
        {
          "section": "NOISE BANDWIDTH (-3dB)",
          "property": "NOISE BANDWIDTH (-3dB)",
          "value": "20MHz",
          "unit": ""
        },
        {
          "section": "NOISE AMPLITUDE DISTRIBUTION",
          "property": "NOISE AMPLITUDE DISTRIBUTION",
          "value": "Gaussian (Crest Factor 5.27)",
          "unit": ""
        },
        {
          "section": "AMPLITUDE RESOLUTION & ACCURACY",
          "property": "AMPLITUDE RESOLUTION & ACCURACY",
          "value": "1mVpp, 2% ±1mV",
          "unit": ""
        },
        {
          "section": "OFFSET",
          "property": "OFFSET",
          "value": "±5V into 50Ω",
          "unit": ""
        },
        {
          "section": "OFFSET RESOLUTION & ACCURACY",
          "property": "OFFSET RESOLUTION & ACCURACY",
          "value": "1mV, 3% ± 10mV",
          "unit": ""
        },
        {
          "section": "CHANNEL CROSSTALK (DUAL CHANNELS)",
          "property": "CHANNEL CROSSTALK (DUAL CHANNELS)",
          "value": "<-80dB",
          "unit": ""
        },
        {
          "section": "CARRIER PHASE",
          "property": "CARRIER PHASE",
          "value": "-360.0 to +360.0",
          "unit": ""
        },
        {
          "section": "MODULATION",
          "property": "MODULATION",
          "value": "AM, FM, PM, FSK, BPSK, SUM, PWM",
          "unit": ""
        },
        {
          "section": "MODULATION FREQUENCY",
          "property": "AM, FM, PM, SUM, PWM - Internal",
          "value": "1uHz – 1MHz",
          "unit": ""
        },
        {
          "section": "MODULATION FREQUENCY",
          "property": "AM, FM, PM, SUM, PWM - External",
          "value": "DC – 20kHz",
          "unit": ""
        },
        {
          "section": "MODULATION FREQUENCY",
          "property": "FSK, BPSK - Internal",
          "value": "2mHz – 100kHz",
          "unit": ""
        },
        {
          "section": "MODULATION FREQUENCY",
          "property": "FSK, BPSK - External",
          "value": "DC – 1MHz",
          "unit": ""
        },
        {
          "section": "MODULATION SOURCE",
          "property": "MODULATION SOURCE",
          "value": "Internal / External",
          "unit": ""
        },
        {
          "section": "CARRIER WAVEFORM",
          "property": "AM, FM, PM, FSK, BPSK",
          "value": "Sine, Square, Ramp, Arb, PRBS",
          "unit": ""
        },
        {
          "section": "CARRIER WAVEFORM",
          "property": "SUM (Only offered in TGF4242 and TGF4162)",
          "value": "Sine, Ramp, Arb",
          "unit": ""
        },
        {
          "section": "CARRIER WAVEFORM",
          "property": "PWM",
          "value": "Pulse",
          "unit": ""
        },
        {
          "section": "MODULATING WAVEFORM",
          "property": "AM, FM, PM, PWM, SUM",
          "value": "Sine, Square, Positive Ramp, Negative Ramp, Triangle, Gaussian Noise, DC, Sinc, Exponential Rise, Logarithmic Rise, PRBS (PN7 to PN23) and User Defined Arbs",
          "unit": ""
        },
        {
          "section": "MODULATING WAVEFORM",
          "property": "FSK, BPSK",
          "value": "Square",
          "unit": ""
        },
        {
          "section": "AM DEPTH",
          "property": "AM DEPTH",
          "value": "0.0% to 120.0%",
          "unit": ""
        },
        {
          "section": "SWEEP CARRIER WAVEFORM",
          "property": "SWEEP CARRIER WAVEFORM",
          "value": "Sine, Square, Ramp, Arb",
          "unit": ""
        },
        {
          "section": "SWEEP TIME",
          "property": "SWEEP TIME",
          "value": "1ms - 500s",
          "unit": ""
        },
        {
          "section": "HOLD / RETURN TIME",
          "property": "HOLD / RETURN TIME",
          "value": "Not offered",
          "unit": ""
        },
        {
          "section": "SWEEP TRIGGER",
          "property": "SWEEP TRIGGER",
          "value": "Internal, External, Manual",
          "unit": ""
        },
        {
          "section": "SWEEP MARKER",
          "property": "SWEEP MARKER",
          "value": "Variable Marker",
          "unit": ""
        },
        {
          "section": "BURST",
          "property": "BURST",
          "value": "Cycle, Infinite, Gated",
          "unit": ""
        },
        {
          "section": "BURST CARRIER WAVEFORM",
          "property": "BURST CARRIER WAVEFORM",
          "value": "Sine, Square, Ramp, Pulse, Noise (only Gated), Arb, PRBS",
          "unit": ""
        },
        {
          "section": "CYCLE BURST COUNT",
          "property": "CYCLE BURST COUNT",
          "value": "1 – 16777215",
          "unit": ""
        },
        {
          "section": "INTERNAL PERIOD",
          "property": "INTERNAL PERIOD",
          "value": "1us - 500s",
          "unit": ""
        },
        {
          "section": "MAXIMUM CARRIER FREQUENCY FOR FINITE BURST",
          "property": "MAXIMUM CARRIER FREQUENCY FOR FINITE BURST",
          "value": "10MHz (subject to carrier waveform)",
          "unit": ""
        },
        {
          "section": "GATED BURST SOURCE",
          "property": "GATED BURST SOURCE",
          "value": "Internal, External, Manual",
          "unit": ""
        },
        {
          "section": "TRIGGER SOURCE",
          "property": "TRIGGER SOURCE",
          "value": "Internal, External, Manual",
          "unit": ""
        },
        {
          "section": "TRIGGER TO OUTPUT JITTER",
          "property": "TRIGGER TO OUTPUT JITTER",
          "value": "8ns",
          "unit": ""
        },
        {
          "section": "FREQUENCY COUNTER",
          "property": "FREQUENCY COUNTER",
          "value": "Not offered",
          "unit": ""
        },
        {
          "section": "LAN INTERFACE",
          "property": "LAN INTERFACE",
          "value": "Standard, LXI",
          "unit": ""
        },
        {
          "section": "USB HOST / DEVICE",
          "property": "USB HOST / DEVICE",
          "value": "Standard",
          "unit": ""
        },
        {
          "section": "GPIB INTERFACE",
          "property": "GPIB INTERFACE",
          "value": "Optional",
          "unit": ""
        }
      ]
    },
    {
      "reference": "TGP31XX Series",
      "brand": "TTi",
      "description": [
        {
          "section": "USER DEFINED PATTERN",
          "text": "Offered. Maximum pattern length 65536. 4 patterns can be stored in the instrument. Built-in pattern editing provided. Patterns can also be downloaded via remote interfaces."
        },
        {
          "section": "EXTERNAL PATTERN (EXTERNAL WIDTH)",
          "text": "External 1: Pattern is applied at external modulation input. Indefinite pattern length. Up to 5Mbps. Pattern is sampled at 50Mbps with user defined pattern threshold level. Input to output jitter 20ns.\nExternal 2 (external width): Pattern is applied at external trigger input. Indefinite pattern length. Up to 50Mbps (TGP315x) or 25Mbps (TGP312x). Fixed latency. User defined threshold level. Input to output jitter 60ps RMS."
        },
        {
          "section": "NOISE AMPLITUDE DISTRIBUTION",
          "text": "Gaussian (Crest Factor 3.3, 4.8, 6.0 or 7.0) or user defined. Built-in user defined distribution editing provided. User defined distribution can also be downloaded via remote interfaces."
        },
        {
          "section": "HARMONIC OUTPUT",
          "text": "Not offered (but possible using latest version of Waveform Manager Plus software)."
        },
        {
          "section": "AMPLITUDE",
          "text": "100mVp-p to 10Vp-p into 50Ω (50Ω source) or 200mVp-p to 20Vp-p into 50Ω (50Ω source). Amplitude can be specified open circuit or into an assumed load of 50Ω to 10kΩ in Vpp."
        },
        {
          "section": "MODULATION SOURCE",
          "text": "AM, AM-SC, FM, PM, SUM, PWM, PDM, SPDM: Internal / External / Other channel (which allows channel addition possible using SUM modulation in 2 channel models)"
        },
        {
          "section": "SWEEP",
          "text": "Linear or Logarithmic, Up or Down, Triggered or Continuous"
        },
        {
          "section": "DUAL CHANNEL FUNCTIONS",
          "text": "Tracking, Frequency coupling (fixed ratio or fixed offset), Amplitude / Offset coupling, Output coupling, Channel Addition"
        },
        {
          "section": "SYNC OUTPUT",
          "text": "Separate Sync for each channel."
        },
        {
          "section": "PHASE LOCKING (BETWEEN CHANNELS OR GENERATORS)",
          "text": "Channels can be aligned and can have a phase offset (0° to 360°, 0.001° resolution). Two generators can be coupled."
        },
        {
          "section": "DISPLAY",
          "text": "3.7 inches, 256 by 112 monochrome graphics display"
        }
      ],
      "key_value_pairs": [
        {
          "section": "PRBS",
          "property": "PRBS (TGP315x)",
          "value": "1mbps - 50Mbps",
          "unit": ""
        },
        {
          "section": "PRBS",
          "property": "PRBS (TGP312x)",
          "value": "1mbps - 25Mbps",
          "unit": ""
        },
        {
          "section": "PRBS EDGE",
          "property": "PRBS EDGE (TGP315x)",
          "value": "5ns - 800s",
          "unit": ""
        },
        {
          "section": "PRBS EDGE",
          "property": "PRBS EDGE (TGP312x)",
          "value": "8ns - 800s",
          "unit": ""
        },
        {
          "section": "PRBS SEQUENCE LENGTH",
          "property": "PRBS SEQUENCE LENGTH",
          "value": "7,9,11,15,20,23,29,31",
          "unit": ""
        },
        {
          "section": "NOISE BANDWIDTH (-3dB)",
          "property": "NOISE BANDWIDTH (-3dB) (TGP315x)",
          "value": "1mHz - 25MHz",
          "unit": ""
        },
        {
          "section": "NOISE BANDWIDTH (-3dB)",
          "property": "NOISE BANDWIDTH (-3dB) (TGP315x)",
          "value": "1mHz - 12.5MHz",
          "unit": ""
        },
        {
          "section": "AMPLITUDE RESOLUTION & ACCURACY",
          "property": "AMPLITUDE RESOLUTION & ACCURACY",
          "value": "1mVpp, 1.5% ±5mV",
          "unit": ""
        },
        {
          "section": "OFFSET",
          "property": "OFFSET (50Ω source)",
          "value": "±5V into 50Ω",
          "unit": ""
        },
        {
          "section": "OFFSET",
          "property": "OFFSET (50Ω source)",
          "value": "±10V into 50Ω",
          "unit": ""
        },
        {
          "section": "OFFSET RESOLUTION & ACCURACY",
          "property": "OFFSET RESOLUTION & ACCURACY",
          "value": "1mV, 1% ± 50mV",
          "unit": ""
        },
        {
          "section": "CHANNEL CROSSTALK (DUAL CHANNELS)",
          "property": "CHANNEL CROSSTALK (DUAL CHANNELS)",
          "value": "<-80dB",
          "unit": ""
        },
        {
          "section": "CARRIER PHASE",
          "property": "CARRIER PHASE",
          "value": "-360.000 to +360.000",
          "unit": ""
        },
        {
          "section": "MODULATION",
          "property": "MODULATION",
          "value": "AM, AM -SC (suppressed carrier), FM, PM, FSK, BPSK, SUM, PWM, PDM, SPDM",
          "unit": ""
        },
        {
          "section": "MODULATION FREQUENCY",
          "property": "AM, AM-SC, FM, PM, SUM, PWM, PDM, SPDM - Internal",
          "value": "1uHz – 10MHz",
          "unit": ""
        },
        {
          "section": "MODULATION FREQUENCY",
          "property": "AM, AM-SC, FM, PM, SUM, PWM, PDM, SPDM - External",
          "value": "DC - 5MHz",
          "unit": ""
        },
        {
          "section": "MODULATION FREQUENCY",
          "property": "FSK, BPSK - Internal",
          "value": "2mHz – 10MHz",
          "unit": ""
        },
        {
          "section": "MODULATION FREQUENCY",
          "property": "FSK, BPSK - External",
          "value": "DC - 50MHz (25MHz for TGP312x)",
          "unit": ""
        },
        {
          "section": "MODULATION SOURCE",
          "property": "FSK, BPSK",
          "value": "Internal / External",
          "unit": ""
        },
        {
          "section": "CARRIER WAVEFORM",
          "property": "AM, AM-SC, SUM",
          "value": "Pulse, Double Pulse, Square, Pattern / PRBS, Function (Sine, Ramp, etcetera), Arb, Noise",
          "unit": ""
        },
        {
          "section": "CARRIER WAVEFORM",
          "property": "FM, PM, FSK, BPSK",
          "value": "Pulse, Double Pulse, Square, Pattern / PRBS, Function (Sine, Ramp, etcetera), Arb",
          "unit": ""
        },
        {
          "section": "CARRIER WAVEFORM",
          "property": "PWM, PDM",
          "value": "Pulse, Double Pulse",
          "unit": ""
        },
        {
          "section": "CARRIER WAVEFORM",
          "property": "SPDM",
          "value": "Double Pulse",
          "unit": ""
        },
        {
          "section": "MODULATING WAVEFORM",
          "property": "AM, AM-SC, FM, PM, PWM, SUM, PDM, SPDM",
          "value": "Sine, Square, Positive Ramp, Negative Ramp, Triangle, Gaussian Noise, DC, Sinc, Exponential Rise, Exponential Fall, Logarithmic Rise, Logarithmic Fall, Haversine, Gaussian, Lorentz, D-Lorentz, Cardiac, PRBS (PN7 to PN31) and User Defined Arbs",
          "unit": ""
        },
        {
          "section": "MODULATING WAVEFORM",
          "property": "FSK, BPSK",
          "value": "Square",
          "unit": ""
        },
        {
          "section": "AM DEPTH",
          "property": "AM DEPTH",
          "value": "0.0% to 100.0%",
          "unit": ""
        },
        {
          "section": "SWEEP CARRIER WAVEFORM",
          "property": "SWEEP CARRIER WAVEFORM",
          "value": "Pulse, Double Pulse, Square, Pattern / PRBS, Function (Sine, Ramp, etcetera), Arb",
          "unit": ""
        },
        {
          "section": "SWEEP TIME",
          "property": "SWEEP TIME",
          "value": "100us - 500s",
          "unit": ""
        },
        {
          "section": "HOLD / RETURN TIME",
          "property": "HOLD / RETURN TIME",
          "value": "100us - 500s",
          "unit": ""
        },
        {
          "section": "SWEEP TRIGGER",
          "property": "SWEEP TRIGGER",
          "value": "Internal, External, Manual",
          "unit": ""
        },
        {
          "section": "SWEEP MARKER",
          "property": "SWEEP MARKER",
          "value": "Variable Marker",
          "unit": ""
        },
        {
          "section": "BURST",
          "property": "BURST",
          "value": "Cycle, Infinite, Gated",
          "unit": ""
        },
        {
          "section": "BURST CARRIER WAVEFORM",
          "property": "BURST CARRIER WAVEFORM",
          "value": "Pulse, Double Pulse, Square, Pattern / PRBS, Noise, Function (Sine, Ramp, etcetera), Arb",
          "unit": ""
        },
        {
          "section": "CYCLE BURST COUNT",
          "property": "CYCLE BURST COUNT",
          "value": "1 - 4294967295",
          "unit": ""
        },
        {
          "section": "INTERNAL PERIOD",
          "property": "INTERNAL PERIOD",
          "value": "20ns - 500s",
          "unit": ""
        },
        {
          "section": "MAXIMUM CARRIER FREQUENCY FOR FINITE BURST",
          "property": "MAXIMUM CARRIER FREQUENCY FOR FINITE BURST",
          "value": "50MHz (subject to carrier waveform and model)",
          "unit": ""
        },
        {
          "section": "GATED BURST SOURCE",
          "property": "GATED BURST SOURCE",
          "value": "Internal, External, Manual",
          "unit": ""
        },
        {
          "section": "TRIGGER SOURCE",
          "property": "TRIGGER SOURCE",
          "value": "Internal, External, Manual",
          "unit": ""
        },
        {
          "section": "TRIGGER TO OUTPUT JITTER",
          "property": "TRIGGER TO OUTPUT JITTER",
          "value": "60ps RMS",
          "unit": ""
        },
        {
          "section": "FREQUENCY COUNTER",
          "property": "FREQUENCY COUNTER",
          "value": "Not offered",
          "unit": ""
        },
        {
          "section": "LAN INTERFACE",
          "property": "LAN INTERFACE",
          "value": "Standard, LXI",
          "unit": ""
        },
        {
          "section": "USB HOST / DEVICE",
          "property": "USB HOST / DEVICE",
          "value": "Standard",
          "unit": ""
        },
        {
          "section": "GPIB INTERFACE",
          "property": "GPIB INTERFACE",
          "value": "Optional",
          "unit": ""
        }
      ]
    },
    {
      "reference": "TGF4XX2 Series",
      "brand": "TTi",
      "description": [
        {
          "section": "USER DEFINED PATTERN",
          "text": "Not offered"
        },
        {
          "section": "EXTERNAL PATTERN (EXTERNAL WIDTH)",
          "text": "Not offered"
        },
        {
          "section": "HARMONIC OUTPUT",
          "text": "1uHz – 80MHz\nOnly available in TGF4242 and TGF4162. Order ≤50, Up to 16 different harmonics order can be defined. Amplitude and phase offset of each harmonics can be user defined. Harmonic waveform can also be created using Waveform Manager Plus software and downloaded via remote interfaces."
        },
        {
          "section": "AMPLITUDE",
          "text": "Amplitude can be specified open circuit or into an assumed load of 1Ω to 10KΩ in Vpp."
        },
        {
          "section": "MODULATION SOURCE",
          "text": "Internal / External"
        },
        {
          "section": "SWEEP",
          "text": "Linear or Logarithmic, Up or Down, Triggered or Continuous"
        },
        {
          "section": "DUAL CHANNEL FUNCTIONS",
          "text": "Tracking, Frequency coupling (equal frequency), Amplitude / Offset coupling, Output coupling"
        },
        {
          "section": "SYNC OUTPUT",
          "text": "Channel 2 can output channel 1Sync."
        },
        {
          "section": "PHASE LOCKING (BETWEEN CHANNELS OR GENERATORS)",
          "text": "Channels can be aligned and can have a phase offset (0° to 360°, 0.001° resolution). Two generators can be coupled."
        },
        {
          "section": "DISPLAY",
          "text": "4.3 inches (10.9cm), transflective backlit TFT LCD, 480 x 272 pixels, 262144 colours"
        }
      ],
      "key_value_pairs": [
        {
          "section": "PRBS",
          "property": "PRBS",
          "value": "1ubps - 100Mbps",
          "unit": ""
        },
        {
          "section": "PRBS EDGE",
          "property": "PRBS EDGE",
          "value": "Only available in TGF4242 and TGF4162.",
          "unit": ""
        },
        {
          "section": "PRBS EDGE",
          "property": "PRBS EDGE (≤ 4Vpp)",
          "value": "3ns",
          "unit": ""
        },
        {
          "section": "PRBS EDGE",
          "property": "PRBS EDGE (> 4Vpp)",
          "value": "5ns",
          "unit": ""
        },
        {
          "section": "PRBS SEQUENCE LENGTH",
          "property": "PRBS SEQUENCE LENGTH",
          "value": "7,9,11,15,20,23,29,31",
          "unit": ""
        },
        {
          "section": "NOISE BANDWIDTH (-3dB)",
          "property": "NOISE BANDWIDTH (-3dB) (TGF4242, TGF4162)",
          "value": "100MHz",
          "unit": ""
        },
        {
          "section": "NOISE BANDWIDTH (-3dB)",
          "property": "NOISE BANDWIDTH (-3dB) (TGF4082, TGF4042)",
          "value": "62.5MHz",
          "unit": ""
        },
        {
          "section": "NOISE AMPLITUDE DISTRIBUTION",
          "property": "Gaussian (Crest Factor 5.16)",
          "value": "TGF4242, TGF4162",
          "unit": ""
        },
        {
          "section": "NOISE AMPLITUDE DISTRIBUTION",
          "property": "Gaussian (Crest Factor 6.4)",
          "value": "TGF4082, TGF4042",
          "unit": ""
        },
        {
          "section": "AMPLITUDE",
          "property": "<80MHz (TGF4242, TGF4162)",
          "value": "10mVp-p to 10Vp-p into 50Ω",
          "unit": ""
        },
        {
          "section": "AMPLITUDE",
          "property": "≤50MHz (TGF4082)",
          "value": "10mVp-p to 10Vp-p into 50Ω",
          "unit": ""
        },
        {
          "section": "AMPLITUDE",
          "property": "<40MHz (TGF4042)",
          "value": "10mVp-p to 10Vp-p into 50Ω",
          "unit": ""
        },
        {
          "section": "AMPLITUDE",
          "property": "≤120MHz (TGF4242, TGF4162)",
          "value": "10mVp-p to 5Vp-p into 50Ω",
          "unit": ""
        },
        {
          "section": "AMPLITUDE",
          "property": "<80MHz (TGF4082)",
          "value": "10mVp-p to 5Vp-p into 50Ω",
          "unit": ""
        },
        {
          "section": "AMPLITUDE",
          "property": "<240MHz (TGF4242)",
          "value": "10mVp-p to 2.5Vp-p into 50Ω",
          "unit": ""
        },
        {
          "section": "AMPLITUDE",
          "property": "<160MHz (TGF4162)",
          "value": "10mVp-p to 2.5Vp-p into 50Ω",
          "unit": ""
        },
        {
          "section": "AMPLITUDE RESOLUTION & ACCURACY",
          "property": "AMPLITUDE RESOLUTION & ACCURACY",
          "value": "1mVpp, 1.5% ±5mV",
          "unit": ""
        },
        {
          "section": "OFFSET",
          "property": "OFFSET",
          "value": "±5V into 50Ω",
          "unit": ""
        },
        {
          "section": "OFFSET RESOLUTION & ACCURACY",
          "property": "OFFSET RESOLUTION & ACCURACY",
          "value": "1mV, 1% ± 50mV",
          "unit": ""
        },
        {
          "section": "CHANNEL CROSSTALK (DUAL CHANNELS)",
          "property": "CHANNEL CROSSTALK (DUAL CHANNELS)",
          "value": "<-80dB",
          "unit": ""
        },
        {
          "section": "CARRIER PHASE",
          "property": "CARRIER PHASE",
          "value": "-360.000 to +360.000",
          "unit": ""
        },
        {
          "section": "MODULATION",
          "property": "MODULATION",
          "value": "AM, AM - SC, FM, PM, ASK, FSK, BPSK, SUM, PWM",
          "unit": ""
        },
        {
          "section": "MODULATION FREQUENCY",
          "property": "AM, AM-SC, FM, PM, SUM, PWM - Internal",
          "value": "1uHz-10MHz",
          "unit": ""
        },
        {
          "section": "MODULATION FREQUENCY",
          "property": "AM, AM-SC, FM, PM, SUM, PWM - External",
          "value": "DC-5MHz",
          "unit": ""
        },
        {
          "section": "MODULATION FREQUENCY",
          "property": "ASK, FSK, BPSK - Internal",
          "value": "2mHz – 10MHz",
          "unit": ""
        },
        {
          "section": "MODULATION FREQUENCY",
          "property": "ASK, FSK, BPSK - External",
          "value": "DC-1MHz",
          "unit": ""
        },
        {
          "section": "CARRIER WAVEFORM",
          "property": "AM,AM-SC, SUM, ASK",
          "value": "Sine, Square, Ramp, Pulse, Noise, Arb, PRBS",
          "unit": ""
        },
        {
          "section": "CARRIER WAVEFORM",
          "property": "FM, PM,FSK, BPSK",
          "value": "Sine, Square, Ramp, Arb",
          "unit": ""
        },
        {
          "section": "CARRIER WAVEFORM",
          "property": "PWM",
          "value": "Pulse",
          "unit": ""
        },
        {
          "section": "MODULATING WAVEFORM",
          "property": "AM, AM-SC, FM, PM, PWM, SUM",
          "value": "Sine, Square, Positive Ramp, Negative Ramp, Triangle, Gaussian Noise, DC, Sinc, Exponential Rise, Exponential Fall, Logarithmic Rise, Logarithmic Fall, Haversine, Gaussian, Lorentz, D-Lorentz, Cardiac, PRBS (PN7 to PN31, PRBS only available in TGF4242 and TGF4162) and User Defined Arbs",
          "unit": ""
        },
        {
          "section": "MODULATING WAVEFORM",
          "property": "ASK, FSK, BPSK",
          "value": "Square",
          "unit": ""
        },
        {
          "section": "AM DEPTH",
          "property": "AM DEPTH",
          "value": "0.00% to 100.00%",
          "unit": ""
        },
        {
          "section": "SWEEP CARRIER WAVEFORM",
          "property": "SWEEP CARRIER WAVEFORM",
          "value": "Sine, Square, Ramp, Arb",
          "unit": ""
        },
        {
          "section": "SWEEP TIME",
          "property": "SWEEP TIME",
          "value": "1us - 500s",
          "unit": ""
        },
        {
          "section": "HOLD / RETURN TIME",
          "property": "HOLD / RETURN TIME",
          "value": "Not offered",
          "unit": ""
        },
        {
          "section": "SWEEP TRIGGER",
          "property": "SWEEP TRIGGER",
          "value": "Internal, External, Manual",
          "unit": ""
        },
        {
          "section": "SWEEP MARKER",
          "property": "SWEEP MARKER",
          "value": "Not offered",
          "unit": ""
        },
        {
          "section": "BURST",
          "property": "BURST",
          "value": "Cycle, Infinite, Gated",
          "unit": ""
        },
        {
          "section": "BURST CARRIER WAVEFORM",
          "property": "BURST CARRIER WAVEFORM",
          "value": "Sine, Square, Ramp, Pulse, Noise, Arb, PRBS",
          "unit": ""
        },
        {
          "section": "CYCLE BURST COUNT",
          "property": "CYCLE BURST COUNT",
          "value": "1-2147483647",
          "unit": ""
        },
        {
          "section": "INTERNAL PERIOD",
          "property": "INTERNAL PERIOD (TGF4242, TGF4162)",
          "value": "20ns – 500s",
          "unit": ""
        },
        {
          "section": "INTERNAL PERIOD",
          "property": "INTERNAL PERIOD (TGF4082, TGF4042)",
          "value": "40ns – 500s",
          "unit": ""
        },
        {
          "section": "MAXIMUM CARRIER FREQUENCY FOR FINITE BURST",
          "property": "MAXIMUM CARRIER FREQUENCY FOR FINITE BURST (TGF4242, TGF4162)",
          "value": "50MHz (subject to carrier waveform)",
          "unit": ""
        },
        {
          "section": "MAXIMUM CARRIER FREQUENCY FOR FINITE BURST",
          "property": "MAXIMUM CARRIER FREQUENCY FOR FINITE BURST (TGF4082, TGF4042)",
          "value": "25MHz (subject to carrier waveform)",
          "unit": ""
        },
        {
          "section": "GATED BURST SOURCE",
          "property": "GATED BURST SOURCE",
          "value": "Internal, External, Manual",
          "unit": ""
        },
        {
          "section": "TRIGGER SOURCE",
          "property": "TRIGGER SOURCE",
          "value": "Internal, External, Manual",
          "unit": ""
        },
        {
          "section": "TRIGGER TO OUTPUT JITTER",
          "property": "TRIGGER TO OUTPUT JITTER",
          "value": "5ns",
          "unit": ""
        },
        {
          "section": "FREQUENCY COUNTER",
          "property": "Function",
          "value": "Freq, Period, Duty Cycle, Positive Width, Negative Width",
          "unit": ""
        },
        {
          "section": "FREQUENCY COUNTER",
          "property": "Range",
          "value": "100mHz – 125MHz (DC) 3Hz – 125MHz (AC)",
          "unit": ""
        },
        {
          "section": "FREQUENCY COUNTER",
          "property": "Coupling",
          "value": "AC, DC",
          "unit": ""
        },
        {
          "section": "LAN INTERFACE",
          "property": "LAN INTERFACE",
          "value": "Standard, LXI",
          "unit": ""
        },
        {
          "section": "USB HOST / DEVICE",
          "property": "USB HOST / DEVICE",
          "value": "Standard",
          "unit": ""
        },
        {
          "section": "GPIB INTERFACE",
          "property": "GPIB INTERFACE",
          "value": "Optional",
          "unit": ""
        }
      ]
    }
  ]
}