{
  "parts": [
    {
      "reference": "IS8065",
      "brand": "INSPIRE",
      "description": [
        {
          "section": "ZEN BLACK WHITE",
          "text": "Uniquely Hand Crafted Two Tone Glazing Fine Ceramic"
        }
      ],
      "key_value_pairs": [
        {
          "section": "",
          "property": "RRP",
          "value": "$425",
          "unit": ""
        },
        {
          "section": "FEATURES",
          "property": "Requires",
          "value": "32mm Waste",
          "unit": ""
        },
        {
          "section": "FEATURES",
          "property": "Overflow",
          "value": "No",
          "unit": ""
        },
        {
          "section": "FEATURES",
          "property": "Dimension",
          "value": "410 x 410 x 140",
          "unit": "mm"
        },
        {
          "section": "Technical Drawing",
          "property": "Diameter",
          "value": "410",
          "unit": ""
        },
        {
          "section": "Technical Drawing",
          "property": "Height",
          "value": "140",
          "unit": ""
        }
      ]
    },
    {
      "reference": "IS8066",
      "brand": "INSPIRE",
      "description": [
        {
          "section": "ZEN BLACK COPPER",
          "text": "Uniquely Hand Crafted Two Tone Glazing Fine Ceramic"
        }
      ],
      "key_value_pairs": [
        {
          "section": "",
          "property": "RRP",
          "value": "$425",
          "unit": ""
        },
        {
          "section": "FEATURES",
          "property": "Requires",
          "value": "32mm Waste",
          "unit": ""
        },
        {
          "section": "FEATURES",
          "property": "Overflow",
          "value": "No",
          "unit": ""
        },
        {
          "section": "FEATURES",
          "property": "Dimension",
          "value": "410 x 410 x 140",
          "unit": "mm"
        },
        {
          "section": "Technical Drawing",
          "property": "Diameter",
          "value": "410",
          "unit": ""
        },
        {
          "section": "Technical Drawing",
          "property": "Height",
          "value": "140",
          "unit": ""
        }
      ]
    },
    {
      "reference": "IS8067",
      "brand": "INSPIRE",
      "description": [
        {
          "section": "ZEN WHITE COPPER",
          "text": "Uniquely Hand Crafted Two Tone Glazing Fine Ceramic"
        }
      ],
      "key_value_pairs": [
        {
          "section": "",
          "property": "RRP",
          "value": "$425",
          "unit": ""
        },
        {
          "section": "FEATURES",
          "property": "Requires",
          "value": "32mm Waste",
          "unit": ""
        },
        {
          "section": "FEATURES",
          "property": "Overflow",
          "value": "No",
          "unit": ""
        },
        {
          "section": "FEATURES",
          "property": "Dimension",
          "value": "410 x 410 x 140",
          "unit": "mm"
        },
        {
          "section": "Technical Drawing",
          "property": "Diameter",
          "value": "410",
          "unit": ""
        },
        {
          "section": "Technical Drawing",
          "property": "Height",
          "value": "140",
          "unit": ""
        }
      ]
    },
    {
      "reference": "IS5188B",
      "brand": "INSPIRE",
      "description": [
        {
          "section": "NOFLON BROWN",
          "text": "Matte White and Brown Silicone Glazing Fine Ceramic"
        }
      ],
      "key_value_pairs": [
        {
          "section": "",
          "property": "RRP",
          "value": "$200",
          "unit": ""
        },
        {
          "section": "FEATURES",
          "property": "Requires",
          "value": "32mm Waste",
          "unit": ""
        },
        {
          "section": "FEATURES",
          "property": "Overflow",
          "value": "No",
          "unit": ""
        },
        {
          "section": "FEATURES",
          "property": "Dinmension",
          "value": "440 x 440 x 145",
          "unit": "mm"
        },
        {
          "section": "Technical Drawing",
          "property": "Outer Diameter",
          "value": "440",
          "unit": "mm"
        },
        {
          "section": "Technical Drawing",
          "property": "Inner Diameter",
          "value": "400",
          "unit": "mm"
        },
        {
          "section": "Technical Drawing",
          "property": "Height",
          "value": "145",
          "unit": "mm"
        }
      ]
    },
    {
      "reference": "IS5188P",
      "brand": "INSPIRE",
      "description": [
        {
          "section": "NOFLON PURPLE",
          "text": "Matte White and Purple Silicone Glazing Fine Ceramic"
        }
      ],
      "key_value_pairs": [
        {
          "section": "",
          "property": "RRP",
          "value": "$200",
          "unit": ""
        },
        {
          "section": "FEATURES",
          "property": "Requires",
          "value": "32mm Waste",
          "unit": ""
        },
        {
          "section": "FEATURES",
          "property": "Overflow",
          "value": "No",
          "unit": ""
        },
        {
          "section": "FEATURES",
          "property": "Dinmension",
          "value": "440 x 440 x 145",
          "unit": "mm"
        },
        {
          "section": "Technical Drawing",
          "property": "Outer Diameter",
          "value": "440",
          "unit": "mm"
        },
        {
          "section": "Technical Drawing",
          "property": "Inner Diameter",
          "value": "400",
          "unit": "mm"
        },
        {
          "section": "Technical Drawing",
          "property": "Height",
          "value": "145",
          "unit": "mm"
        }
      ]
    },
    {
      "reference": "IS5188G",
      "brand": "INSPIRE",
      "description": [
        {
          "section": "NOFLON GREY",
          "text": "Matte White and Gray Silicone Glazing Fine Ceramic"
        }
      ],
      "key_value_pairs": [
        {
          "section": "",
          "property": "RRP",
          "value": "$200",
          "unit": ""
        },
        {
          "section": "FEATURES",
          "property": "Requires",
          "value": "32mm Waste",
          "unit": ""
        },
        {
          "section": "FEATURES",
          "property": "Overflow",
          "value": "No",
          "unit": ""
        },
        {
          "section": "FEATURES",
          "property": "Dinmension",
          "value": "440 x 440 x 145",
          "unit": "mm"
        },
        {
          "section": "Technical Drawing",
          "property": "Outer Diameter",
          "value": "440",
          "unit": "mm"
        },
        {
          "section": "Technical Drawing",
          "property": "Inner Diameter",
          "value": "400",
          "unit": "mm"
        },
        {
          "section": "Technical Drawing",
          "property": "Height",
          "value": "145",
          "unit": "mm"
        }
      ]
    },
    {
      "reference": "IS5188SW",
      "brand": "INSPIRE",
      "description": [
        {
          "section": "NOFLON WHITE",
          "text": "Ultra Slim Gloss White Fine Ceramic"
        }
      ],
      "key_value_pairs": [
        {
          "section": "",
          "property": "RRP",
          "value": "$225",
          "unit": ""
        },
        {
          "section": "FEATURES",
          "property": "Requires",
          "value": "32mm Waste",
          "unit": ""
        },
        {
          "section": "FEATURES",
          "property": "Overflow",
          "value": "No",
          "unit": ""
        },
        {
          "section": "FEATURES",
          "property": "Dimension",
          "value": "440 x 440 x 145",
          "unit": "mm"
        },
        {
          "section": "Technical Drawing",
          "property": "Outer Diameter",
          "value": "440",
          "unit": "mm"
        },
        {
          "section": "Technical Drawing",
          "property": "Inner Diameter",
          "value": "400",
          "unit": "mm"
        },
        {
          "section": "Technical Drawing",
          "property": "Height",
          "value": "145",
          "unit": "mm"
        }
      ]
    },
    {
      "reference": "IS4088MW",
      "brand": "INSPIRE",
      "description": [
        {
          "section": "Ultra Slim Matte White",
          "text": "Ultra Slim Matte White Fine Ceramic"
        }
      ],
      "key_value_pairs": [
        {
          "section": "",
          "property": "RRP",
          "value": "$375",
          "unit": ""
        },
        {
          "section": "FEATURES",
          "property": "Requires",
          "value": "32mm Waste",
          "unit": ""
        },
        {
          "section": "FEATURES",
          "property": "Overflow",
          "value": "No",
          "unit": ""
        },
        {
          "section": "FEATURES",
          "property": "Dimension",
          "value": "355 x 355 x 120",
          "unit": "mm"
        },
        {
          "section": "Technical Drawing",
          "property": "Diameter",
          "value": "355",
          "unit": ""
        },
        {
          "section": "Technical Drawing",
          "property": "Height",
          "value": "120",
          "unit": ""
        }
      ]
    },
    {
      "reference": "IS4088MP",
      "brand": "INSPIRE",
      "description": [
        {
          "section": "Ultra Slim Matte Pink",
          "text": "Ultra Slim Matte Pink Fine Ceramic"
        }
      ],
      "key_value_pairs": [
        {
          "section": "",
          "property": "RRP",
          "value": "$375",
          "unit": ""
        },
        {
          "section": "FEATURES",
          "property": "Requires",
          "value": "32mm Waste",
          "unit": ""
        },
        {
          "section": "FEATURES",
          "property": "Overflow",
          "value": "No",
          "unit": ""
        },
        {
          "section": "FEATURES",
          "property": "Dimension",
          "value": "355 x 355 x 120",
          "unit": "mm"
        },
        {
          "section": "Technical Drawing",
          "property": "Diameter",
          "value": "355",
          "unit": ""
        },
        {
          "section": "Technical Drawing",
          "property": "Height",
          "value": "120",
          "unit": ""
        }
      ]
    },
    {
      "reference": "IS4088MG",
      "brand": "INSPIRE",
      "description": [
        {
          "section": "Ultra Slim Matte Grey",
          "text": "Ultra Slim Matte Grey Fine Ceramic"
        }
      ],
      "key_value_pairs": [
        {
          "section": "",
          "property": "RRP",
          "value": "$375",
          "unit": ""
        },
        {
          "section": "FEATURES",
          "property": "Requires",
          "value": "32mm Waste",
          "unit": ""
        },
        {
          "section": "FEATURES",
          "property": "Overflow",
          "value": "No",
          "unit": ""
        },
        {
          "section": "FEATURES",
          "property": "Dimension",
          "value": "355 x 355 x 120",
          "unit": "mm"
        },
        {
          "section": "Technical Drawing",
          "property": "Diameter",
          "value": "355",
          "unit": ""
        },
        {
          "section": "Technical Drawing",
          "property": "Height",
          "value": "120",
          "unit": ""
        }
      ]
    },
    {
      "reference": "IS4088MB",
      "brand": "INSPIRE",
      "description": [
        {
          "section": "Ultra Slim Matte Black",
          "text": "Ultra Slim Matte Black Fine Ceramic"
        }
      ],
      "key_value_pairs": [
        {
          "section": "",
          "property": "RRP",
          "value": "$375",
          "unit": ""
        },
        {
          "section": "FEATURES",
          "property": "Requires",
          "value": "32mm Waste",
          "unit": ""
        },
        {
          "section": "FEATURES",
          "property": "Overflow",
          "value": "No",
          "unit": ""
        },
        {
          "section": "FEATURES",
          "property": "Dimension",
          "value": "355 x 355 x 120",
          "unit": "mm"
        },
        {
          "section": "Technical Drawing",
          "property": "Diameter",
          "value": "355",
          "unit": ""
        },
        {
          "section": "Technical Drawing",
          "property": "Height",
          "value": "120",
          "unit": ""
        }
      ]
    },
    {
      "reference": "IS4088",
      "brand": "INSPIRE",
      "description": [
        {
          "section": "Ultra Slim Gloss White",
          "text": "Ultra Slim Gloss White Fine Ceramic"
        }
      ],
      "key_value_pairs": [
        {
          "section": "",
          "property": "RRP",
          "value": "$225",
          "unit": ""
        },
        {
          "section": "FEATURES",
          "property": "Requires",
          "value": "32mm Waste",
          "unit": ""
        },
        {
          "section": "FEATURES",
          "property": "Overflow",
          "value": "No",
          "unit": ""
        },
        {
          "section": "FEATURES",
          "property": "Dimension",
          "value": "355 x 355 x 120",
          "unit": "mm"
        },
        {
          "section": "Technical Drawing",
          "property": "Diameter",
          "value": "355",
          "unit": ""
        },
        {
          "section": "Technical Drawing",
          "property": "Height",
          "value": "120",
          "unit": ""
        }
      ]
    },
    {
      "reference": "IS4087",
      "brand": "INSPIRE",
      "description": [
        {
          "section": "Golf Ball White",
          "text": "Ultra Slim Golf Ball Gloss White Fine Ceramic"
        }
      ],
      "key_value_pairs": [
        {
          "section": "",
          "property": "RRP",
          "value": "$250",
          "unit": ""
        },
        {
          "section": "FEATURES",
          "property": "Requires",
          "value": "32mm Waste",
          "unit": ""
        },
        {
          "section": "FEATURES",
          "property": "Overflow",
          "value": "No",
          "unit": ""
        },
        {
          "section": "FEATURES",
          "property": "Dimension",
          "value": "355 x 355 x 120",
          "unit": "mm"
        },
        {
          "section": "Technical Drawing",
          "property": "Diameter",
          "value": "355",
          "unit": ""
        },
        {
          "section": "Technical Drawing",
          "property": "Height",
          "value": "120",
          "unit": ""
        }
      ]
    },
    {
      "reference": "IS4087WP",
      "brand": "INSPIRE",
      "description": [
        {
          "section": "Golf Ball Pink",
          "text": "Ultra Slim Golf Ball Gloss Pink & White Fine Ceramic"
        }
      ],
      "key_value_pairs": [
        {
          "section": "",
          "property": "RRP",
          "value": "$250",
          "unit": ""
        },
        {
          "section": "FEATURES",
          "property": "Requires",
          "value": "32mm Waste",
          "unit": ""
        },
        {
          "section": "FEATURES",
          "property": "Overflow",
          "value": "No",
          "unit": ""
        },
        {
          "section": "FEATURES",
          "property": "Dimension",
          "value": "355 x 355 x 120",
          "unit": "mm"
        },
        {
          "section": "Technical Drawing",
          "property": "Diameter",
          "value": "355",
          "unit": ""
        },
        {
          "section": "Technical Drawing",
          "property": "Height",
          "value": "120",
          "unit": ""
        }
      ]
    },
    {
      "reference": "IS4380",
      "brand": "INSPIRE",
      "description": [
        {
          "section": "",
          "text": "Gloss White Ceramic Finishing"
        }
      ],
      "key_value_pairs": [
        {
          "section": "",
          "property": "RRP",
          "value": "$135",
          "unit": ""
        },
        {
          "section": "FEATURES",
          "property": "Tap Hole",
          "value": "No",
          "unit": ""
        },
        {
          "section": "FEATURES",
          "property": "Requires",
          "value": "32mm Waste",
          "unit": ""
        },
        {
          "section": "FEATURES",
          "property": "Overflow",
          "value": "With",
          "unit": ""
        },
        {
          "section": "FEATURES",
          "property": "Dimension",
          "value": "375 x 375 x 150",
          "unit": "mm"
        },
        {
          "section": "Technical Drawing",
          "property": "Diameter",
          "value": "375",
          "unit": ""
        },
        {
          "section": "Technical Drawing",
          "property": "Height",
          "value": "150",
          "unit": ""
        }
      ]
    },
    {
      "reference": "IS4466",
      "brand": "INSPIRE",
      "description": [
        {
          "section": "BASIN TRIANGLE",
          "text": "Ultra Slim Gloss White Fine Ceramic"
        }
      ],
      "key_value_pairs": [
        {
          "section": "",
          "property": "RRP",
          "value": "$180",
          "unit": ""
        },
        {
          "section": "FEATURES",
          "property": "Requires",
          "value": "32mm Waste",
          "unit": ""
        },
        {
          "section": "FEATURES",
          "property": "Overflow",
          "value": "No",
          "unit": ""
        },
        {
          "section": "FEATURES",
          "property": "Dimension",
          "value": "580 x 390 x 130",
          "unit": "mm"
        },
        {
          "section": "Technical Drawing",
          "property": "Width",
          "value": "580",
          "unit": ""
        },
        {
          "section": "Technical Drawing",
          "property": "Depth",
          "value": "390",
          "unit": ""
        },
        {
          "section": "Technical Drawing",
          "property": "Height",
          "value": "130",
          "unit": ""
        }
      ]
    },
    {
      "reference": "IS4030",
      "brand": "INSPIRE",
      "description": [
        {
          "section": "Bondi",
          "text": "Ultra Slim Gloss White Fine Ceramic"
        }
      ],
      "key_value_pairs": [
        {
          "section": "",
          "property": "RRP",
          "value": "$200",
          "unit": ""
        },
        {
          "section": "FEATURES",
          "property": "Requires",
          "value": "32mm Waste",
          "unit": ""
        },
        {
          "section": "FEATURES",
          "property": "Overflow",
          "value": "No",
          "unit": ""
        },
        {
          "section": "FEATURES",
          "property": "Dimension",
          "value": "400 x 400 x 135",
          "unit": "mm"
        },
        {
          "section": "Technical Drawing",
          "property": "Diameter",
          "value": "400",
          "unit": ""
        },
        {
          "section": "Technical Drawing",
          "property": "Height",
          "value": "135",
          "unit": ""
        }
      ]
    },
    {
      "reference": "IS4030MW",
      "brand": "INSPIRE",
      "description": [
        {
          "section": "Bondi",
          "text": "Ultra Slim Matte White Fine Ceramic"
        }
      ],
      "key_value_pairs": [
        {
          "section": "",
          "property": "RRP",
          "value": "$375",
          "unit": ""
        },
        {
          "section": "FEATURES",
          "property": "Requires",
          "value": "32mm Waste",
          "unit": ""
        },
        {
          "section": "FEATURES",
          "property": "Overflow",
          "value": "No",
          "unit": ""
        },
        {
          "section": "FEATURES",
          "property": "Dimension",
          "value": "400 x 400 x 135",
          "unit": "mm"
        },
        {
          "section": "Technical Drawing",
          "property": "Diameter",
          "value": "400",
          "unit": ""
        },
        {
          "section": "Technical Drawing",
          "property": "Height",
          "value": "135",
          "unit": ""
        }
      ]
    },
    {
      "reference": "IS4030MG",
      "brand": "INSPIRE",
      "description": [
        {
          "section": "Bondi",
          "text": "Ultra Slim Dark Gray Fine Ceramic"
        }
      ],
      "key_value_pairs": [
        {
          "section": "",
          "property": "RRP",
          "value": "$375",
          "unit": ""
        },
        {
          "section": "FEATURES",
          "property": "Requires",
          "value": "32mm Waste",
          "unit": ""
        },
        {
          "section": "FEATURES",
          "property": "Overflow",
          "value": "No",
          "unit": ""
        },
        {
          "section": "FEATURES",
          "property": "Dimension",
          "value": "400 x 400 x 135",
          "unit": "mm"
        },
        {
          "section": "Technical Drawing",
          "property": "Diameter",
          "value": "400",
          "unit": ""
        },
        {
          "section": "Technical Drawing",
          "property": "Height",
          "value": "135",
          "unit": ""
        }
      ]
    },
    {
      "reference": "IS4022",
      "brand": "INSPIRE",
      "description": [
        {
          "section": "BASIN ROUND",
          "text": "Ultra Slim Gloss White Fine Ceramic"
        }
      ],
      "key_value_pairs": [
        {
          "section": "",
          "property": "RRP",
          "value": "$200",
          "unit": ""
        },
        {
          "section": "FEATURES",
          "property": "Requires",
          "value": "32mm Waste",
          "unit": ""
        },
        {
          "section": "FEATURES",
          "property": "Overflow",
          "value": "No",
          "unit": ""
        },
        {
          "section": "FEATURES",
          "property": "Tap Hole",
          "value": "No",
          "unit": ""
        },
        {
          "section": "FEATURES",
          "property": "Dimension",
          "value": "405 x 405 x 120",
          "unit": "mm"
        },
        {
          "section": "Technical Drawing",
          "property": "Diameter",
          "value": "405",
          "unit": ""
        },
        {
          "section": "Technical Drawing",
          "property": "Height",
          "value": "120",
          "unit": ""
        }
      ]
    },
    {
      "reference": "IS5182B",
      "brand": "INSPIRE",
      "description": [
        {
          "section": "STARZ BLACK",
          "text": "Peerless Design Gold Matching Black Glazing Fine Ceramic Finishing"
        }
      ],
      "key_value_pairs": [
        {
          "section": "",
          "property": "RRP",
          "value": "$375",
          "unit": ""
        },
        {
          "section": "FEATURES",
          "property": "Requires",
          "value": "32mm Waste",
          "unit": ""
        },
        {
          "section": "FEATURES",
          "property": "Overflow",
          "value": "No",
          "unit": ""
        },
        {
          "section": "FEATURES",
          "property": "Dimension",
          "value": "400 x 400 x 140",
          "unit": "mm"
        },
        {
          "section": "Technical Drawing",
          "property": "Diameter",
          "value": "400",
          "unit": ""
        },
        {
          "section": "Technical Drawing",
          "property": "Height",
          "value": "140",
          "unit": ""
        }
      ]
    },
    {
      "reference": "IS5182G",
      "brand": "INSPIRE",
      "description": [
        {
          "section": "STARZ ROSE GOLD",
          "text": "Peerless Design Rose Gold Matching Black Glazing Fine Ceramic Finishing"
        }
      ],
      "key_value_pairs": [
        {
          "section": "",
          "property": "RRP",
          "value": "$370",
          "unit": ""
        },
        {
          "section": "FEATURES",
          "property": "Requires",
          "value": "32mm Waste",
          "unit": ""
        },
        {
          "section": "FEATURES",
          "property": "Overflow",
          "value": "No",
          "unit": ""
        },
        {
          "section": "FEATURES",
          "property": "Dimension",
          "value": "400 x 400 x 140",
          "unit": "mm"
        },
        {
          "section": "Technical Drawing",
          "property": "Diameter",
          "value": "400",
          "unit": ""
        },
        {
          "section": "Technical Drawing",
          "property": "Height",
          "value": "140",
          "unit": ""
        }
      ]
    },
    {
      "reference": "IS5201",
      "brand": "INSPIRE",
      "description": [
        {
          "section": "GOLF ROSE GOLD",
          "text": "Peerless Design Rose Gold Glazing Fine Ceramic Finish"
        }
      ],
      "key_value_pairs": [
        {
          "section": "",
          "property": "RRP",
          "value": "$375",
          "unit": ""
        },
        {
          "section": "FEATURES",
          "property": "Requires",
          "value": "32mm Waste",
          "unit": ""
        },
        {
          "section": "FEATURES",
          "property": "Overflow",
          "value": "With",
          "unit": ""
        },
        {
          "section": "FEATURES",
          "property": "Dimension",
          "value": "430 x 430 x 145",
          "unit": "mm"
        },
        {
          "section": "Technical Drawing",
          "property": "Diameter",
          "value": "430",
          "unit": ""
        },
        {
          "section": "Technical Drawing",
          "property": "Height",
          "value": "145",
          "unit": ""
        }
      ]
    },
    {
      "reference": "IS5202Y",
      "brand": "INSPIRE",
      "description": [
        {
          "section": "YELLOW GOLD",
          "text": "Jewel Yellow Gold Basin; Fine Ceramic Finishing"
        }
      ],
      "key_value_pairs": [
        {
          "section": "",
          "property": "RRP",
          "value": "$375",
          "unit": ""
        },
        {
          "section": "FEATURES",
          "property": "Requires",
          "value": "32mm Waste",
          "unit": ""
        },
        {
          "section": "FEATURES",
          "property": "Overflow",
          "value": "No",
          "unit": ""
        },
        {
          "section": "FEATURES",
          "property": "Dimension",
          "value": "355 x 355 x 120",
          "unit": "mm"
        },
        {
          "section": "FEATURES",
          "property": "Optional Color",
          "value": "Matt Rose Gold (IS5202MRG); Rose Gold (IS5202)",
          "unit": ""
        },
        {
          "section": "Technical Drawing",
          "property": "Diameter",
          "value": "355",
          "unit": ""
        },
        {
          "section": "Technical Drawing",
          "property": "Height",
          "value": "120",
          "unit": ""
        }
      ]
    },
    {
      "reference": "IS5202MRG",
      "brand": "INSPIRE",
      "description": [
        {
          "section": "MATTE ROSE GOLD",
          "text": "Jewel Matt Rose Gold Basin; Fine Ceramic Finishing"
        }
      ],
      "key_value_pairs": [
        {
          "section": "",
          "property": "RRP",
          "value": "$375",
          "unit": ""
        },
        {
          "section": "FEATURES",
          "property": "Requires",
          "value": "32mm Waste",
          "unit": ""
        },
        {
          "section": "FEATURES",
          "property": "Overflow",
          "value": "No",
          "unit": ""
        },
        {
          "section": "FEATURES",
          "property": "Dimension",
          "value": "355 x 355 x 120",
          "unit": "mm"
        },
        {
          "section": "FEATURES",
          "property": "Optional Color",
          "value": "Rose Gold (IS5202); Yellow Gold (IS5202Y)",
          "unit": ""
        },
        {
          "section": "Technical Drawing",
          "property": "Diameter",
          "value": "355",
          "unit": ""
        },
        {
          "section": "Technical Drawing",
          "property": "Height",
          "value": "120",
          "unit": ""
        }
      ]
    }
  ]
}