{
    "parts": [
        {
            "reference": "ZB00001233",
            "brand": "pumpa",
            "description": [
                {
                    "section": "submersible drainage pump",
                    "text": "Submersible drainage pump with automatic water level monitoring is suitable for pumping clean or slightly contaminated water."
                },
                {
                    "section": "Application",
                    "text": "Basement drainage, Pumping from storage tanks, Irrigation"
                }
            ],
            "key_value_pairs": [
                {
                    "section": "Technical specification",
                    "property": "Model",
                    "value": "blue line PSDR550P",
                    "unit": ""
                },
                {
                    "section": "Technical specification",
                    "property": "Code",
                    "value": "ZB00001233",
                    "unit": ""
                },
                {
                    "section": "Technical specification",
                    "property": "Maximum flow",
                    "value": "11",
                    "unit": "m\u00b3/hour"
                },
                {
                    "section": "Technical specification",
                    "property": "Maximum discharge head",
                    "value": "8.5",
                    "unit": "m"
                },
                {
                    "section": "Technical specification",
                    "property": "Voltage / frequency",
                    "value": "230 / 50",
                    "unit": "V/Hz"
                },
                {
                    "section": "Technical specification",
                    "property": "Power",
                    "value": "550",
                    "unit": "W"
                },
                {
                    "section": "Technical specification",
                    "property": "Connection",
                    "value": "1\" \u2013 5/4\"",
                    "unit": ""
                },
                {
                    "section": "Technical specification",
                    "property": "Maximum immersion depth",
                    "value": "7",
                    "unit": "m"
                },
                {
                    "section": "Technical specification",
                    "property": "Float switch",
                    "value": "yes",
                    "unit": ""
                },
                {
                    "section": "Technical specification",
                    "property": "Minimum water level for operation",
                    "value": "7",
                    "unit": "cm"
                },
                {
                    "section": "Technical specification",
                    "property": "Switching-on water level",
                    "value": "53",
                    "unit": "cm"
                },
                {
                    "section": "Technical specification",
                    "property": "Switching-off water level",
                    "value": "10",
                    "unit": "cm"
                },
                {
                    "section": "Technical specification",
                    "property": "Maximum diameter of coarse dirt",
                    "value": "3",
                    "unit": "mm"
                },
                {
                    "section": "Technical specification",
                    "property": "Maximum fluid temperature",
                    "value": "35",
                    "unit": "\u00b0C"
                },
                {
                    "section": "Technical specification",
                    "property": "Cable length",
                    "value": "10",
                    "unit": "m"
                },
                {
                    "section": "Technical specification",
                    "property": "Degree of protection",
                    "value": "IP X8",
                    "unit": ""
                },
                {
                    "section": "Technical specification",
                    "property": "Insulation class",
                    "value": "B",
                    "unit": ""
                },
                {
                    "section": "Technical specification",
                    "property": "Weight",
                    "value": "5.2",
                    "unit": "kg"
                },
                {
                    "section": "Technical specification",
                    "property": "Diameter",
                    "value": "220",
                    "unit": "mm"
                },
                {
                    "section": "Technical specification",
                    "property": "Height",
                    "value": "300",
                    "unit": "mm"
                }
            ]
        }
    ]
}