{
    "parts": [
        {
            "reference": "ZB00061165",
            "brand": "pumpa",
            "description": [
                {
                    "section": "Product Overview",
                    "text": "Submersible 3\" pump for wells and boreholes, for pumping clean water, irrigation."
                },
                {
                    "section": "Application",
                    "text": "For boreholes from 100 mm. Rainwater irrigation. Pumping clean water for households. Power supply for pressure systems. Water circulation in fountains. Tank filling and emptying."
                },
                {
                    "section": "Characteristic design features",
                    "text": "Stainless steel shaft, casing and hydraulics. Spindle in rubber stator. Built-in check valve. Oil-cooled motor with compensating diaphragm. Graphite seal protected against sand by a ring. Parts are non-toxic and non-polluting."
                }
            ],
            "key_value_pairs": [
                {
                    "section": "Model",
                    "property": "Model",
                    "value": "blue line 3PVM750-120",
                    "unit": ""
                },
                {
                    "section": "Technical Specifications",
                    "property": "Code",
                    "value": "ZB00061165",
                    "unit": ""
                },
                {
                    "section": "Technical Specifications",
                    "property": "Maximum flow",
                    "value": "1.8",
                    "unit": "m\u00b3/hod"
                },
                {
                    "section": "Technical Specifications",
                    "property": "Maximum head",
                    "value": "120",
                    "unit": "m"
                },
                {
                    "section": "Technical Specifications",
                    "property": "Pump diameter",
                    "value": "3\"",
                    "unit": ""
                },
                {
                    "section": "Technical Specifications",
                    "property": "Voltage/frequency",
                    "value": "230 / 50",
                    "unit": "V/Hz"
                },
                {
                    "section": "Technical Specifications",
                    "property": "Power",
                    "value": "750",
                    "unit": "W"
                },
                {
                    "section": "Technical Specifications",
                    "property": "Connection",
                    "value": "1\"",
                    "unit": ""
                },
                {
                    "section": "Technical Specifications",
                    "property": "Maximum immersion depth",
                    "value": "40",
                    "unit": "m"
                },
                {
                    "section": "Technical Specifications",
                    "property": "Maximum liquid temperature",
                    "value": "35",
                    "unit": "\u00b0C"
                },
                {
                    "section": "Technical Specifications",
                    "property": "Cable length",
                    "value": "40",
                    "unit": "m"
                },
                {
                    "section": "Technical Specifications",
                    "property": "Protection",
                    "value": "IP 68",
                    "unit": ""
                },
                {
                    "section": "Technical Specifications",
                    "property": "Insulation class",
                    "value": "B",
                    "unit": ""
                },
                {
                    "section": "Technical Specifications",
                    "property": "Weight",
                    "value": "14",
                    "unit": "kg"
                },
                {
                    "section": "Technical Specifications",
                    "property": "Dimension - length",
                    "value": "687",
                    "unit": "mm"
                }
            ]
        }
    ]
}