{
    "parts": [
        {
            "reference": "PFC-505",
            "brand": "pumpa",
            "description": [
                {
                    "section": "pool pump",
                    "text": "Self-priming pool pump with built-in plastic pre-filter. Ideal for private pools with volume up to 50 m\u00b3."
                }
            ],
            "key_value_pairs": [
                {
                    "section": "",
                    "property": "Model",
                    "value": "blue line PFC-505",
                    "unit": ""
                },
                {
                    "section": "",
                    "property": "Code",
                    "value": "Z800046840",
                    "unit": ""
                },
                {
                    "section": "",
                    "property": "Maximum flow",
                    "value": "10.5",
                    "unit": "m\u00b3/hod"
                },
                {
                    "section": "",
                    "property": "Maximum discharge head",
                    "value": "10",
                    "unit": "m"
                },
                {
                    "section": "",
                    "property": "Maximum suction height",
                    "value": "3",
                    "unit": "m"
                },
                {
                    "section": "",
                    "property": "Voltage",
                    "value": "230",
                    "unit": "V"
                },
                {
                    "section": "",
                    "property": "Frequency",
                    "value": "50",
                    "unit": "Hz"
                },
                {
                    "section": "",
                    "property": "Power",
                    "value": "500",
                    "unit": "W"
                },
                {
                    "section": "",
                    "property": "Connection",
                    "value": "6/4\" x 6/4\"",
                    "unit": ""
                },
                {
                    "section": "",
                    "property": "Maximum fluid temperature",
                    "value": "35",
                    "unit": "\u00b0C"
                },
                {
                    "section": "",
                    "property": "Maximum ambient temperature",
                    "value": "40",
                    "unit": "\u00b0C"
                },
                {
                    "section": "",
                    "property": "Pumped medium",
                    "value": "water containing chlorine or chlorinated water, salt water",
                    "unit": ""
                },
                {
                    "section": "",
                    "property": "Degree of protection",
                    "value": "IP X5",
                    "unit": ""
                },
                {
                    "section": "",
                    "property": "Insulation class",
                    "value": "B",
                    "unit": ""
                },
                {
                    "section": "",
                    "property": "Dimension L x H x W",
                    "value": "370 x 210 x 150",
                    "unit": "mm"
                },
                {
                    "section": "",
                    "property": "Cable length",
                    "value": "1",
                    "unit": "m"
                }
            ]
        }
    ]
}