{
    "parts": [
        {
            "reference": "NO_REF",
            "brand": "",
            "description": [
                {
                    "section": "Physical Attributes",
                    "text": "The product has a DIN Rail mounting type, occupies 2 modules with a width of 17.5 mm each, and operates within a temperature range of -25 to +55 \u00b0C."
                },
                {
                    "section": "Dimensions",
                    "text": "The built-in depth is 58 mm, and the overall dimensions are 36 mm (W) x 85 mm (H) x 65 mm (D)."
                },
                {
                    "section": "Protection & Standards",
                    "text": "The product has a degree of protection of IP20 and a pollution degree of 3."
                }
            ],
            "key_value_pairs": [
                {
                    "section": "",
                    "property": "Terminal Type",
                    "value": "Screw",
                    "unit": ""
                },
                {
                    "section": "",
                    "property": "Utilization Category",
                    "value": "AC-1",
                    "unit": ""
                },
                {
                    "section": "Physical Attributes",
                    "property": "Mounting Type",
                    "value": "DIN Rail",
                    "unit": ""
                },
                {
                    "section": "Physical Attributes",
                    "property": "No. of Modules - Width 17.5 mm",
                    "value": "2",
                    "unit": ""
                },
                {
                    "section": "Physical Attributes",
                    "property": "Operational Temperature Range",
                    "value": "-25 to +55",
                    "unit": "\u00b0C"
                },
                {
                    "section": "Physical Attributes",
                    "property": "Width in Number of Modular Spacings",
                    "value": "2",
                    "unit": ""
                },
                {
                    "section": "Dimensions",
                    "property": "Built-in Depth",
                    "value": "58",
                    "unit": "mm"
                },
                {
                    "section": "Dimensions",
                    "property": "Dimensions",
                    "value": "36 W \u00d7 85 H \u00d7 65 D",
                    "unit": "mm"
                },
                {
                    "section": "Protection & Standards",
                    "property": "Degree of Protection",
                    "value": "IP20",
                    "unit": ""
                },
                {
                    "section": "Protection & Standards",
                    "property": "Pollution Degree",
                    "value": "3",
                    "unit": ""
                }
            ]
        }
    ]
}