{
    "parts": [
        {
            "reference": "E13AXC",
            "brand": "CNOMO",
            "description": [
                {
                    "section": "DESCRIPTION",
                    "text": "Direct acting spring return normally closed solenoid, conforming to CNOMO standards. Hazardous area approved pilot operators. ExnA, Ex e mb, Exd & Exia. Various international approvals. ATEX, IECEx, FM/CSA & CCCEx. Body material available in Aluminium (standard), Stainless Steel, Brass. Valve Assembly illustrated with an Exd coil for reference only."
                },
                {
                    "section": "FEATURES",
                    "text": "Direct mounting to all valves meeting CNOMO fixing dimensions. Interchangeable coils, including various hazardous area options. Pilot exhaust caps fitted as standard. SIL 2 capable (De-energise to trip @ HFT=0), SIL 3 Capable (De-energise to trip @ HFT=1). Our manual override options are NOT currently covered by SIL Certification."
                }
            ],
            "key_value_pairs": [
                {
                    "section": "Coil",
                    "property": "A",
                    "value": "Exia",
                    "unit": ""
                },
                {
                    "section": "Coil",
                    "property": "B",
                    "value": "Terminal Box",
                    "unit": ""
                },
                {
                    "section": "Coil",
                    "property": "D",
                    "value": "Exd",
                    "unit": ""
                },
                {
                    "section": "Coil",
                    "property": "H",
                    "value": "Plug & Socket Exia",
                    "unit": ""
                },
                {
                    "section": "Coil",
                    "property": "E",
                    "value": "MC30 Plug & Socket",
                    "unit": ""
                },
                {
                    "section": "Coil",
                    "property": "F",
                    "value": "MC30 Plug & Socket with LED",
                    "unit": ""
                },
                {
                    "section": "Coil",
                    "property": "G",
                    "value": "Exia Stainless Steel Housing",
                    "unit": ""
                },
                {
                    "section": "Coil",
                    "property": "J",
                    "value": "Stainless Steel Housing",
                    "unit": ""
                },
                {
                    "section": "Coil",
                    "property": "K",
                    "value": "Exe mb Stainless Steel Housing",
                    "unit": ""
                },
                {
                    "section": "Voltage",
                    "property": "A",
                    "value": "24v DC",
                    "unit": ""
                },
                {
                    "section": "Voltage",
                    "property": "B",
                    "value": "24v DC Low",
                    "unit": ""
                },
                {
                    "section": "Voltage",
                    "property": "C",
                    "value": "24v AC (50/60 Hz)",
                    "unit": ""
                },
                {
                    "section": "Voltage",
                    "property": "D",
                    "value": "240v AC (50/60 Hz)",
                    "unit": ""
                },
                {
                    "section": "Designator",
                    "property": "A",
                    "value": "ATEX / IECEx / CCCEx",
                    "unit": ""
                },
                {
                    "section": "Designator",
                    "property": "B",
                    "value": "1/2\" NPT electrical connection",
                    "unit": ""
                },
                {
                    "section": "Designator",
                    "property": "F",
                    "value": "FM / CSA*IN",
                    "unit": ""
                },
                {
                    "section": "Designator",
                    "property": "H",
                    "value": "ATEX Ex e mb",
                    "unit": ""
                },
                {
                    "section": "Designator",
                    "property": "J",
                    "value": "ATEX Ex e mb",
                    "unit": ""
                },
                {
                    "section": "Designator",
                    "property": "K",
                    "value": "Valve body brass",
                    "unit": ""
                },
                {
                    "section": "Designator",
                    "property": "L",
                    "value": "1/2\" NPT electrical connection",
                    "unit": ""
                },
                {
                    "section": "Designator",
                    "property": "L",
                    "value": "Low temperature duty -40\u00b0C",
                    "unit": "\u00b0C"
                },
                {
                    "section": "Designator",
                    "property": "J",
                    "value": "Valve body stainless steel",
                    "unit": ""
                }
            ]
        }
    ]
}