{
    "parts": [
        {
            "reference": "NO_REF",
            "brand": "CommScope",
            "description": [
                {
                    "section": "Cable family",
                    "text": "Outdoor Arid Core Gel-Filled Tubes, Outdoor Arid Core Gel-Free Tubes, Micro Cable for Air-Blown Installation, Messenger Self-Support, ADSS, In/Out Zero Halogen, CPR-only flame rated, Indoor Zero Halogen, CPR-only flame rated, Indoor Zero Halogen, Dual listed."
                },
                {
                    "section": "Fiber count",
                    "text": "This field specifies the total fiber count in the cable. A value of '002' means 2 fiber strands, '048' means 48 fiber strands. Valid fiber counts are: 002, 004, 006, 008, 012, 024, 036, 048, 072, 096, 144, 288."
                },
                {
                    "section": "Cable construction",
                    "text": "Stranded Loose Tube All-Dielectric, Stranded Loose Tube CST Armored, Central Tube All-Dielectric, Central Tube Armored, Drop Dielectric, Retractable Dielectric, Loose-tube Cordage, Distribution Cable."
                },
                {
                    "section": "Fiber type",
                    "text": "G.652.D / G.657.A1, G.657.A1, G.657.A2, G.657.B3, Matrix Flat Ribbon, Rollable Ribbon."
                },
                {
                    "section": "Unit of measure",
                    "text": "Marked in meters, Marked in Feet, Special print."
                },
                {
                    "section": "Subunit Fiber Count",
                    "text": "'01' means 1 fiber per sub unit (tube)."
                },
                {
                    "section": "Material Specifications",
                    "text": "Jacket Material, Inner Jacket Material."
                },
                {
                    "section": "Environmental Specifications",
                    "text": "Operating Temperature, Storage Temperature, Cable Qualification Standards, Jacket UV Resistance."
                }
            ],
            "key_value_pairs": [
                {
                    "section": "CPR Rating",
                    "property": "B",
                    "value": "Bca rated cable",
                    "unit": ""
                },
                {
                    "section": "CPR Rating",
                    "property": "C",
                    "value": "Cca rated cable",
                    "unit": ""
                },
                {
                    "section": "CPR Rating",
                    "property": "D",
                    "value": "Dca rated cable",
                    "unit": ""
                },
                {
                    "section": "CPR Rating",
                    "property": "E",
                    "value": "Eca rated cable",
                    "unit": ""
                },
                {
                    "section": "Special Cable Construction",
                    "property": "HTS",
                    "value": "High Tensile Strength",
                    "unit": ""
                },
                {
                    "section": "Special Cable Construction",
                    "property": "GY",
                    "value": "Glass Yarn Strength Elements",
                    "unit": ""
                },
                {
                    "section": "Special Cable Construction",
                    "property": "AY",
                    "value": "Aramid Yarns Strength Elements",
                    "unit": ""
                },
                {
                    "section": "Special Cable Construction",
                    "property": "GRPA",
                    "value": "GRP Rod Dielectric Armored",
                    "unit": ""
                },
                {
                    "section": "Special Cable Construction",
                    "property": "NR",
                    "value": "No Ripcord",
                    "unit": ""
                },
                {
                    "section": "Specialty Material jackets",
                    "property": "AJ",
                    "value": "Alternative Jacket (Rodent Resistant)",
                    "unit": ""
                },
                {
                    "section": "Specialty Material jackets",
                    "property": "HD",
                    "value": "High Density Polyethylene",
                    "unit": ""
                },
                {
                    "section": "Specialty Material jackets",
                    "property": "PA",
                    "value": "Nylon Jacket",
                    "unit": ""
                },
                {
                    "section": "Tube Size & Type",
                    "property": "15G",
                    "value": "1.5 mm Gel-Filled / B-LN cable 250\u00b5",
                    "unit": ""
                },
                {
                    "section": "Tube Size & Type",
                    "property": "17T200",
                    "value": "1.7 mm Gel-filled / B-LN cable 200\u00b5",
                    "unit": ""
                },
                {
                    "section": "Tube Size & Type",
                    "property": "14",
                    "value": "1.4 mm Micro sheath cable",
                    "unit": ""
                },
                {
                    "section": "Tube Size & Type",
                    "property": "16G",
                    "value": "1.60 mm Gel-Filled / Other BL-N cable",
                    "unit": ""
                },
                {
                    "section": "Tube Size & Type",
                    "property": "25D",
                    "value": "2.50 mm Gel-Free",
                    "unit": ""
                },
                {
                    "section": "Tube Size & Type",
                    "property": "20G",
                    "value": "2.00 mm Gel-Filled",
                    "unit": ""
                },
                {
                    "section": "Tube Size & Type",
                    "property": "25G",
                    "value": "2.50 mm Gel-Filled / SLT & Central Tube",
                    "unit": ""
                },
                {
                    "section": "Tube Size & Type",
                    "property": "40T",
                    "value": "4.00 mm Gel-Filled / Central Tube & Drop",
                    "unit": ""
                },
                {
                    "section": "Tube Size & Type",
                    "property": "60T",
                    "value": "6.0 mm Gel-filled / Central Tube & Drop",
                    "unit": ""
                },
                {
                    "section": "Tracer Color or Jacket Color",
                    "property": "NS",
                    "value": "No Stripe",
                    "unit": ""
                },
                {
                    "section": "Tracer Color or Jacket Color",
                    "property": "WH",
                    "value": "White",
                    "unit": ""
                },
                {
                    "section": "Tracer Color or Jacket Color",
                    "property": "3G",
                    "value": "3 Green Stripes",
                    "unit": ""
                },
                {
                    "section": "Tracer Color or Jacket Color",
                    "property": "RD",
                    "value": "Red",
                    "unit": ""
                },
                {
                    "section": "Tracer Color or Jacket Color",
                    "property": "BL",
                    "value": "Blue",
                    "unit": ""
                },
                {
                    "section": "Tracer Color or Jacket Color",
                    "property": "BK",
                    "value": "Black",
                    "unit": ""
                },
                {
                    "section": "Tracer Color or Jacket Color",
                    "property": "OR",
                    "value": "Orange",
                    "unit": ""
                },
                {
                    "section": "Tracer Color or Jacket Color",
                    "property": "YL",
                    "value": "Yellow",
                    "unit": ""
                },
                {
                    "section": "Tracer Color or Jacket Color",
                    "property": "GR",
                    "value": "Green",
                    "unit": ""
                },
                {
                    "section": "Tracer Color or Jacket Color",
                    "property": "VI",
                    "value": "Violet",
                    "unit": ""
                },
                {
                    "section": "Tracer Color or Jacket Color",
                    "property": "BR",
                    "value": "Brown",
                    "unit": ""
                },
                {
                    "section": "Tracer Color or Jacket Color",
                    "property": "RS",
                    "value": "Rose",
                    "unit": ""
                },
                {
                    "section": "Tracer Color or Jacket Color",
                    "property": "SL",
                    "value": "Slate",
                    "unit": ""
                },
                {
                    "section": "Tracer Color or Jacket Color",
                    "property": "AQ",
                    "value": "Aqua",
                    "unit": ""
                },
                {
                    "section": "Material Specifications",
                    "property": "Jacket Material",
                    "value": "High density polyethylene (HDPE), Low Smoke Zero Halogen (LSZH)",
                    "unit": ""
                },
                {
                    "section": "Environmental Specifications",
                    "property": "Operating Temperature",
                    "value": "-40 \u00b0C to +70 \u00b0C (-40 \u00b0F to +158 \u00b0F)",
                    "unit": "\u00b0C / \u00b0F"
                },
                {
                    "section": "Environmental Specifications",
                    "property": "Storage Temperature",
                    "value": "-40 \u00b0C to +70 \u00b0C (-40 \u00b0F to +158 \u00b0F)",
                    "unit": "\u00b0C / \u00b0F"
                },
                {
                    "section": "Environmental Specifications",
                    "property": "Cable Qualification Standards",
                    "value": "IEC 60794-1-2",
                    "unit": ""
                },
                {
                    "section": "Environmental Specifications",
                    "property": "Jacket UV Resistance",
                    "value": "UV stabilized",
                    "unit": ""
                }
            ]
        }
    ]
}