{
    "parts": [
        {
            "reference": "NO_REF",
            "brand": "SGX",
            "description": [
                {
                    "section": "SENSORTECH",
                    "text": "The document describes a sensor product with various performance, operating conditions, and physical characteristics."
                },
                {
                    "section": "Important Note",
                    "text": "Do not solder to the connector pins as this may damage the sensor and thereby invalidate the warranty. Details on recommended connector pins can be found in the Frequently Asked Questions within the Gas Sensor section of the SGX website."
                }
            ],
            "key_value_pairs": [
                {
                    "section": "PERFORMANCE",
                    "property": "Range",
                    "value": "0 - 2000",
                    "unit": "ppm"
                },
                {
                    "section": "PERFORMANCE",
                    "property": "Maximum overload",
                    "value": "10000",
                    "unit": "ppm"
                },
                {
                    "section": "PERFORMANCE",
                    "property": "Sensitivity",
                    "value": "21 - 64",
                    "unit": "nA/ppm NO"
                },
                {
                    "section": "PERFORMANCE",
                    "property": "Zero in air at 20\u00b0C",
                    "value": "-1 to +67",
                    "unit": "ppm NO"
                },
                {
                    "section": "PERFORMANCE",
                    "property": "Zero deviation (-20 to +50\u00b0C)",
                    "value": "-2 to +10",
                    "unit": "ppm NO"
                },
                {
                    "section": "PERFORMANCE",
                    "property": "Resolution",
                    "value": "0.5",
                    "unit": "ppm NO"
                },
                {
                    "section": "PERFORMANCE",
                    "property": "Linearity",
                    "value": "linear across range",
                    "unit": ""
                },
                {
                    "section": "PERFORMANCE",
                    "property": "Response time, t90",
                    "value": "<60",
                    "unit": "s"
                },
                {
                    "section": "PERFORMANCE",
                    "property": "Long-term output drift",
                    "value": "<2",
                    "unit": "% signal/month"
                },
                {
                    "section": "PERFORMANCE",
                    "property": "Warranty",
                    "value": "2",
                    "unit": "years"
                },
                {
                    "section": "OPERATING CONDITIONS",
                    "property": "Temperature range",
                    "value": "-20 to +50",
                    "unit": "\u00b0C"
                },
                {
                    "section": "OPERATING CONDITIONS",
                    "property": "Operating humidity",
                    "value": "15 - 90",
                    "unit": "% RH (non-condensing)"
                },
                {
                    "section": "OPERATING CONDITIONS",
                    "property": "Pressure range",
                    "value": "90 - 110",
                    "unit": "kPa (nominal)"
                },
                {
                    "section": "OPERATING CONDITIONS",
                    "property": "Operating circuit",
                    "value": "see Electrochemical Toxic Sensor Application Note",
                    "unit": ""
                },
                {
                    "section": "OPERATING CONDITIONS",
                    "property": "Applied potential",
                    "value": "+300",
                    "unit": "mV"
                },
                {
                    "section": "OPERATING CONDITIONS",
                    "property": "Storage life",
                    "value": "6",
                    "unit": "months in original packaging (0-25\u00b0C)"
                },
                {
                    "section": "PHYSICAL CHARACTERISTICS",
                    "property": "Label colour",
                    "value": "silver",
                    "unit": ""
                },
                {
                    "section": "PHYSICAL CHARACTERISTICS",
                    "property": "Weight",
                    "value": "5",
                    "unit": "g approx."
                },
                {
                    "section": "PHYSICAL CHARACTERISTICS",
                    "property": "Dimensions",
                    "value": "see outline",
                    "unit": ""
                },
                {
                    "section": "PHYSICAL CHARACTERISTICS",
                    "property": "RoHS compliant",
                    "value": "Yes",
                    "unit": ""
                },
                {
                    "section": "OUTLINE",
                    "property": "Diameter (Top)",
                    "value": "20.00",
                    "unit": "mm"
                },
                {
                    "section": "OUTLINE",
                    "property": "Diameter (Inner)",
                    "value": "16.00",
                    "unit": "mm"
                },
                {
                    "section": "OUTLINE",
                    "property": "Height",
                    "value": "4.30",
                    "unit": "mm"
                },
                {
                    "section": "OUTLINE",
                    "property": "Width",
                    "value": "16.60",
                    "unit": "mm"
                },
                {
                    "section": "OUTLINE",
                    "property": "Pin Diameter",
                    "value": "1.50",
                    "unit": "mm"
                },
                {
                    "section": "OUTLINE",
                    "property": "Pin Spacing",
                    "value": "0.70",
                    "unit": "mm"
                },
                {
                    "section": "OUTLINE",
                    "property": "Tolerances",
                    "value": "\u00b10.15",
                    "unit": "mm"
                }
            ]
        }
    ]
}