{
    "parts": [
        {
            "reference": "E138L0",
            "brand": "",
            "description": [
                {
                    "section": "DESCRIPTION",
                    "text": "3 port 2 position, low pressure pilot operated solenoid valve, spring returned."
                },
                {
                    "section": "DESCRIPTION",
                    "text": "Hazardous area approved pilot operators"
                },
                {
                    "section": "DESCRIPTION",
                    "text": "ExnA, Ex e mb, Exd & Exia"
                },
                {
                    "section": "DESCRIPTION",
                    "text": "Various international approvals"
                },
                {
                    "section": "DESCRIPTION",
                    "text": "ATEX, IECEx, FM/CSA & CCCEx"
                },
                {
                    "section": "DESCRIPTION",
                    "text": "Body material available in Aluminium (standard), Stainless Steel, Brass"
                },
                {
                    "section": "DESCRIPTION",
                    "text": "Valve Assembly illustrated with a plug & socket coil for reference only."
                },
                {
                    "section": "FEATURES",
                    "text": "External pilot air connection"
                },
                {
                    "section": "FEATURES",
                    "text": "Interchangeable coils, including various hazardous area options"
                },
                {
                    "section": "FEATURES",
                    "text": "Single coil spring return function"
                },
                {
                    "section": "FEATURES",
                    "text": "Convenient fixing holes to enable bracket mounting"
                },
                {
                    "section": "FEATURES",
                    "text": "Pilot exhaust caps fitted as standard"
                }
            ],
            "key_value_pairs": [
                {
                    "section": "PRODUCT CODE: E138L0",
                    "property": "Coil",
                    "value": "Exia",
                    "unit": ""
                },
                {
                    "section": "PRODUCT CODE: E138L0",
                    "property": "Option 1",
                    "value": "Lever manual override",
                    "unit": ""
                },
                {
                    "section": "PRODUCT CODE: E138L0",
                    "property": "Voltage",
                    "value": "24v DC",
                    "unit": "V"
                },
                {
                    "section": "PRODUCT CODE: E138L0",
                    "property": "Description",
                    "value": "ATEX / IECEx / CCCEx\u00ae",
                    "unit": ""
                },
                {
                    "section": "PRODUCT CODE: E138L0",
                    "property": "Option 2",
                    "value": "Valve body brass",
                    "unit": ""
                },
                {
                    "section": "PRODUCT CODE: E138L0",
                    "property": "Coil",
                    "value": "Terminal Box",
                    "unit": ""
                },
                {
                    "section": "PRODUCT CODE: E138L0",
                    "property": "Option 1",
                    "value": "Push button manual override",
                    "unit": ""
                },
                {
                    "section": "PRODUCT CODE: E138L0",
                    "property": "Voltage",
                    "value": "24v DC Low Power\u00ae III",
                    "unit": "V"
                },
                {
                    "section": "PRODUCT CODE: E138L0",
                    "property": "Description",
                    "value": "ATEX / IECEx / CCCEx (10mA)\u00ae III",
                    "unit": ""
                },
                {
                    "section": "PRODUCT CODE: E138L0",
                    "property": "Option 2",
                    "value": "Valve body brass and NPT ports",
                    "unit": ""
                },
                {
                    "section": "PRODUCT CODE: E138L0",
                    "property": "Coil",
                    "value": "Exd",
                    "unit": ""
                },
                {
                    "section": "PRODUCT CODE: E138L0",
                    "property": "Option 1",
                    "value": "Tamperproof manual override",
                    "unit": ""
                },
                {
                    "section": "PRODUCT CODE: E138L0",
                    "property": "Voltage",
                    "value": "24v AC (50/60 Hz)",
                    "unit": "V"
                },
                {
                    "section": "PRODUCT CODE: E138L0",
                    "property": "Description",
                    "value": "FM / CSA\u00ae III",
                    "unit": ""
                },
                {
                    "section": "PRODUCT CODE: E138L0",
                    "property": "Option 2",
                    "value": "Valve body brass, NPT ports and 1/2\" NPT electrical connection",
                    "unit": ""
                },
                {
                    "section": "PRODUCT CODE: E138L0",
                    "property": "Coil",
                    "value": "Plug & Socket Exia",
                    "unit": ""
                },
                {
                    "section": "PRODUCT CODE: E138L0",
                    "property": "Option 1",
                    "value": "No option required",
                    "unit": ""
                },
                {
                    "section": "PRODUCT CODE: E138L0",
                    "property": "Voltage",
                    "value": "110v AC (50/60 Hz)",
                    "unit": "V"
                },
                {
                    "section": "PRODUCT CODE: E138L0",
                    "property": "Description",
                    "value": "ATEX Ex d IIB",
                    "unit": ""
                },
                {
                    "section": "PRODUCT CODE: E138L0",
                    "property": "Option 2",
                    "value": "1/2\" NPT electrical connection",
                    "unit": ""
                },
                {
                    "section": "PRODUCT CODE: E138L0",
                    "property": "Coil",
                    "value": "MC30 Plug & Socket",
                    "unit": ""
                },
                {
                    "section": "PRODUCT CODE: E138L0",
                    "property": "Option 1",
                    "value": "*Not SIL approved with manual override options",
                    "unit": ""
                },
                {
                    "section": "PRODUCT CODE: E138L0",
                    "property": "Voltage",
                    "value": "240v AC (50/60 Hz)",
                    "unit": "V"
                },
                {
                    "section": "PRODUCT CODE: E138L0",
                    "property": "Description",
                    "value": "ATEX Ex e mb",
                    "unit": ""
                },
                {
                    "section": "PRODUCT CODE: E138L0",
                    "property": "Option 2",
                    "value": "",
                    "unit": ""
                },
                {
                    "section": "PRODUCT CODE: E138L0",
                    "property": "Coil",
                    "value": "MC30 Plug & Socket with LED",
                    "unit": ""
                },
                {
                    "section": "PRODUCT CODE: E138L0",
                    "property": "Option 1",
                    "value": "",
                    "unit": ""
                },
                {
                    "section": "PRODUCT CODE: E138L0",
                    "property": "Voltage",
                    "value": "* A comprehensive range of non-standard voltages available on request",
                    "unit": ""
                },
                {
                    "section": "PRODUCT CODE: E138L0",
                    "property": "Description",
                    "value": "",
                    "unit": ""
                },
                {
                    "section": "PRODUCT CODE: E138L0",
                    "property": "Option 2",
                    "value": "NPT ports",
                    "unit": ""
                },
                {
                    "section": "PRODUCT CODE: E138L0",
                    "property": "Coil",
                    "value": "Plug & Socket",
                    "unit": ""
                },
                {
                    "section": "PRODUCT CODE: E138L0",
                    "property": "Option 1",
                    "value": "",
                    "unit": ""
                },
                {
                    "section": "PRODUCT CODE: E138L0",
                    "property": "Voltage",
                    "value": "",
                    "unit": ""
                },
                {
                    "section": "PRODUCT CODE: E138L0",
                    "property": "Description",
                    "value": "",
                    "unit": ""
                },
                {
                    "section": "PRODUCT CODE: E138L0",
                    "property": "Option 2",
                    "value": "Valve body stainless steel, NPT ports and 1/2\" NPT electrical connection",
                    "unit": ""
                },
                {
                    "section": "PRODUCT CODE: E138L0",
                    "property": "Coil",
                    "value": "Exia Stainless Steel Housing",
                    "unit": ""
                },
                {
                    "section": "PRODUCT CODE: E138L0",
                    "property": "Option 1",
                    "value": "",
                    "unit": ""
                },
                {
                    "section": "PRODUCT CODE: E138L0",
                    "property": "Voltage",
                    "value": "",
                    "unit": ""
                },
                {
                    "section": "PRODUCT CODE: E138L0",
                    "property": "Description",
                    "value": "",
                    "unit": ""
                },
                {
                    "section": "PRODUCT CODE: E138L0",
                    "property": "Option 2",
                    "value": "Valve body stainless steel and NPT ports",
                    "unit": ""
                },
                {
                    "section": "PRODUCT CODE: E138L0",
                    "property": "Coil",
                    "value": "Inline Terminal Box",
                    "unit": ""
                },
                {
                    "section": "PRODUCT CODE: E138L0",
                    "property": "Option 1",
                    "value": "",
                    "unit": ""
                },
                {
                    "section": "PRODUCT CODE: E138L0",
                    "property": "Voltage",
                    "value": "",
                    "unit": ""
                },
                {
                    "section": "PRODUCT CODE: E138L0",
                    "property": "Description",
                    "value": "",
                    "unit": ""
                },
                {
                    "section": "PRODUCT CODE: E138L0",
                    "property": "Option 2",
                    "value": "Valve body stainless steel",
                    "unit": ""
                },
                {
                    "section": "PRODUCT CODE: E138L0",
                    "property": "Coil",
                    "value": "Exia (FM)",
                    "unit": ""
                },
                {
                    "section": "PRODUCT CODE: E138L0",
                    "property": "Option 1",
                    "value": "",
                    "unit": ""
                },
                {
                    "section": "PRODUCT CODE: E138L0",
                    "property": "Voltage",
                    "value": "",
                    "unit": ""
                },
                {
                    "section": "PRODUCT CODE: E138L0",
                    "property": "Description",
                    "value": "",
                    "unit": ""
                },
                {
                    "section": "PRODUCT CODE: E138L0",
                    "property": "Option 2",
                    "value": "* A comprehensive range of non-standard options available on request",
                    "unit": ""
                },
                {
                    "section": "PRODUCT CODE: E138L0",
                    "property": "Coil",
                    "value": "No Coil Unit",
                    "unit": ""
                },
                {
                    "section": "PRODUCT CODE: E138L0",
                    "property": "Option 1",
                    "value": "",
                    "unit": ""
                },
                {
                    "section": "PRODUCT CODE: E138L0",
                    "property": "Voltage",
                    "value": "",
                    "unit": ""
                },
                {
                    "section": "PRODUCT CODE: E138L0",
                    "property": "Description",
                    "value": "",
                    "unit": ""
                },
                {
                    "section": "PRODUCT CODE: E138L0",
                    "property": "Option 2",
                    "value": "",
                    "unit": ""
                },
                {
                    "section": "PRODUCT CODE: E138L0",
                    "property": "Coil",
                    "value": "Exm",
                    "unit": ""
                },
                {
                    "section": "PRODUCT CODE: E138L0",
                    "property": "Option 1",
                    "value": "",
                    "unit": ""
                },
                {
                    "section": "PRODUCT CODE: E138L0",
                    "property": "Voltage",
                    "value": "",
                    "unit": ""
                },
                {
                    "section": "PRODUCT CODE: E138L0",
                    "property": "Description",
                    "value": "",
                    "unit": ""
                },
                {
                    "section": "PRODUCT CODE: E138L0",
                    "property": "Option 2",
                    "value": "",
                    "unit": ""
                }
            ]
        }
    ]
}