{
    "parts": [
        {
            "reference": "BDPX-15-21",
            "brand": "",
            "description": [
                {
                    "section": "Product Info",
                    "text": "Dome Plugs for Hazardous Applications. Size 15 / Plug=5.8mm / OD=15.0mm."
                },
                {
                    "section": "Remarks",
                    "text": "For standard Ex-Proof applications."
                }
            ],
            "key_value_pairs": [
                {
                    "section": "Technical Details",
                    "property": "Material",
                    "value": "PA 6",
                    "unit": ""
                },
                {
                    "section": "Technical Details",
                    "property": "Ingress Protection Rating",
                    "value": "IP 68",
                    "unit": ""
                },
                {
                    "section": "Technical Details",
                    "property": "Equipment For",
                    "value": "Gas & Dust potentially explosive atmospheres",
                    "unit": ""
                },
                {
                    "section": "Technical Details",
                    "property": "Suitable for use in",
                    "value": "Group II Gas Group IIIC ZONE1/ZONE2",
                    "unit": ""
                },
                {
                    "section": "Technical Details",
                    "property": "Suitable for use in",
                    "value": "Group III Dust Group IIIC ZONE21/ZONE 22",
                    "unit": ""
                },
                {
                    "section": "Technical Details",
                    "property": "Gland Marking for Octans",
                    "value": "BMD EBLI.. CE 0722 fl II 2GD Ex d IIIC Gb Ex e IIIC Gb Ex tb IIIC Db Ta-40\u00b0C +80\u00b0C",
                    "unit": ""
                },
                {
                    "section": "Technical Details",
                    "property": "Gland Marking for Vela",
                    "value": "BMD EBS.. CE 0722 fl II 2GD Ex d IIIC Gb Ex e IIIC Gb Ex tb IIIC Db Ta-40\u00b0C +80\u00b0C",
                    "unit": ""
                },
                {
                    "section": "Technical Details",
                    "property": "Gland Marking for Lyra",
                    "value": "BMD BM-X, CE 0722 fl II 2GD Ex e IIIC Gb Ex tb IIIC Db Ta-40\u00b0C +80\u00b0C IP66/68",
                    "unit": ""
                },
                {
                    "section": "Technical Details",
                    "property": "Gland Marking for H-Lyra",
                    "value": "BMD HIBM-X.. CE 0722 fl II 2GD Ex e IIIC Gb Ex tb IIIC Db Ta-40\u00b0C +70\u00b0C IP66/68",
                    "unit": ""
                },
                {
                    "section": "Technical Details",
                    "property": "Gland Marking for Vega",
                    "value": "BMD EHIBM-X.. CE 0722 fl II 2GD Ex e IIIC Gb Ex tb IIIC Db Ta-40\u00b0C +70\u00b0C IP66/68",
                    "unit": ""
                },
                {
                    "section": "Technical Details",
                    "property": "Impact Test Result",
                    "value": "4J",
                    "unit": ""
                },
                {
                    "section": "Technical Details",
                    "property": "Size",
                    "value": "15",
                    "unit": ""
                },
                {
                    "section": "Technical Details",
                    "property": "Plug \u00d8 (P)",
                    "value": "5.8",
                    "unit": "mm"
                },
                {
                    "section": "Technical Details",
                    "property": "Length (PL)",
                    "value": "10.0",
                    "unit": "mm"
                },
                {
                    "section": "Technical Details",
                    "property": "Dome \u00d8 (D)",
                    "value": "15.0",
                    "unit": "mm"
                },
                {
                    "section": "Technical Details",
                    "property": "Plug Fit into Clamping Range \u00d8 min-",
                    "value": "3.0 - 6.0 / 4.0 - 6.0",
                    "unit": "mm"
                },
                {
                    "section": "Technical Details",
                    "property": "Plug Fit into Clamping Range \u00d8 min-",
                    "value": "4.0 - 6.0",
                    "unit": "mm"
                },
                {
                    "section": "Technical Details",
                    "property": "Height (h)",
                    "value": "4.0",
                    "unit": "mm"
                },
                {
                    "section": "Technical Details",
                    "property": "Part Number RAL 9005 black",
                    "value": "BDPX-15-21",
                    "unit": ""
                }
            ]
        }
    ]
}