{
    "parts": [
        {
            "reference": "PKM22EPPH4001-B0",
            "brand": "Murata",
            "description": [
                {
                    "section": "Note",
                    "text": "If you have not downloaded this document from our official website, please note that the information provided may not be the most current. Please download the latest datasheet of PKM22EPPH4001-B0 from the official website of Murata http://www.murata.com/en-gb/products/product/detail?partner=PKM22EPPH4001-B0"
                },
                {
                    "section": "Attention",
                    "text": "1. This datasheet is downloaded from the website of Murata Manufacturing Co., Ltd. Therefore, its specifications are subject to change or our products in it may be discontinued without advance notice. Please check with our sales representatives or product engineers before ordering. 2. This datasheet has only typical specifications because there is no space for detailed specifications. Therefore, please review our product specifications or consult the approval sheet for product specifications before ordering."
                }
            ],
            "key_value_pairs": [
                {
                    "section": "Specifications",
                    "property": "Oscillation circuits",
                    "value": "Not built-in",
                    "unit": ""
                },
                {
                    "section": "Specifications",
                    "property": "Size",
                    "value": "22.0",
                    "unit": "mm"
                },
                {
                    "section": "Specifications",
                    "property": "Size",
                    "value": "8.2",
                    "unit": "mm"
                },
                {
                    "section": "Specifications",
                    "property": "Frequency",
                    "value": "4.0",
                    "unit": "kHz"
                },
                {
                    "section": "Specifications",
                    "property": "Sound Pressure Level (typ.)",
                    "value": "87",
                    "unit": "dB"
                },
                {
                    "section": "Specifications",
                    "property": "Sound Pressure Level (min.)",
                    "value": "75",
                    "unit": "dB"
                },
                {
                    "section": "Specifications",
                    "property": "Measure Condition of Sound Pressure Level",
                    "value": "\u00b11.5 Vo-p, 4.0 kHz, square wave, 10 cm",
                    "unit": ""
                },
                {
                    "section": "Specifications",
                    "property": "Capacitance",
                    "value": "12",
                    "unit": "nF"
                },
                {
                    "section": "Specifications",
                    "property": "Capacitance Tolerance",
                    "value": "\u00b130",
                    "unit": "%"
                },
                {
                    "section": "Specifications",
                    "property": "Measurement Condition of Capacitance",
                    "value": "kHz",
                    "unit": ""
                },
                {
                    "section": "Specifications",
                    "property": "Maximum input voltage",
                    "value": "\u00b115.0",
                    "unit": "Vo-p max."
                },
                {
                    "section": "Specifications",
                    "property": "Operating Temperature Range",
                    "value": "-20 to 70",
                    "unit": "\u00b0C"
                },
                {
                    "section": "Specifications",
                    "property": "Storage Temperature Range",
                    "value": "-30 to 80",
                    "unit": "\u00b0C"
                },
                {
                    "section": "Specifications",
                    "property": "Shape",
                    "value": "Lead",
                    "unit": ""
                },
                {
                    "section": "Specifications",
                    "property": "Lead Shape",
                    "value": "Pin type",
                    "unit": ""
                },
                {
                    "section": "Specifications",
                    "property": "Lead length",
                    "value": "6.5",
                    "unit": "mm"
                },
                {
                    "section": "Specifications",
                    "property": "Drive Type",
                    "value": "External Drive",
                    "unit": ""
                },
                {
                    "section": "Specifications",
                    "property": "EIAJ Part Number",
                    "value": "PS-RP2-C22-40",
                    "unit": ""
                },
                {
                    "section": "Specifications",
                    "property": "Mass",
                    "value": "2864",
                    "unit": "mg"
                }
            ]
        }
    ]
}