{
    "parts": [
        {
            "reference": "5252",
            "brand": "T&B Liquidtight Fittings",
            "description": [
                {
                    "section": "Description",
                    "text": "1/2 NON-INSUL 90 DEG LT CONN"
                },
                {
                    "section": "Descriptors",
                    "text": "Liquidtight Conduit Fitting, 90 Degree 1/2 Inch, Non-Insulated Malleable Iron"
                },
                {
                    "section": "Descriptors",
                    "text": "Used where flexible metal raceway is installed in outdoor or indoor locations where exposed to continuous or intermittent moisture."
                }
            ],
            "key_value_pairs": [
                {
                    "section": "Descriptors",
                    "property": "Category",
                    "value": "Liquid tight connectors",
                    "unit": ""
                },
                {
                    "section": "Descriptors",
                    "property": "Type",
                    "value": "Connectors-90 Degree",
                    "unit": ""
                },
                {
                    "section": "Specifications",
                    "property": "Material",
                    "value": "Malleable Iron",
                    "unit": ""
                },
                {
                    "section": "Specifications",
                    "property": "Finish",
                    "value": "Electro Zinc Plated/Chromate Coating",
                    "unit": ""
                },
                {
                    "section": "Classifications",
                    "property": "Brand Name",
                    "value": "T&B Liquidtight Fittings",
                    "unit": ""
                },
                {
                    "section": "Classifications",
                    "property": "Standard",
                    "value": "UL E23018, CSA",
                    "unit": ""
                },
                {
                    "section": "Dimensions",
                    "property": "Size",
                    "value": "1/2",
                    "unit": "Inch"
                },
                {
                    "section": "Compliance and Certifications",
                    "property": "RoHS",
                    "value": "RoHS3 Compliant",
                    "unit": ""
                },
                {
                    "section": "Compliance and Certifications",
                    "property": "TSCA",
                    "value": "TSCA Section 6(h) Compliant",
                    "unit": ""
                },
                {
                    "section": "ETIM Classification",
                    "property": "ETIM",
                    "value": "EC001180",
                    "unit": ""
                },
                {
                    "section": "ETIM Classification",
                    "property": "Nominal size in inch",
                    "value": "1/2",
                    "unit": "inch"
                },
                {
                    "section": "ETIM Classification",
                    "property": "Model",
                    "value": "90\u00b0-elbow",
                    "unit": ""
                },
                {
                    "section": "ETIM Classification",
                    "property": "Revolving thread",
                    "value": "N",
                    "unit": ""
                },
                {
                    "section": "ETIM Classification",
                    "property": "Construction type",
                    "value": "External thread",
                    "unit": ""
                },
                {
                    "section": "ETIM Classification",
                    "property": "Connection type screw connection to housing",
                    "value": "Thread",
                    "unit": ""
                },
                {
                    "section": "ETIM Classification",
                    "property": "Thread type",
                    "value": "NPT",
                    "unit": ""
                },
                {
                    "section": "ETIM Classification",
                    "property": "Thread connection size",
                    "value": "Other",
                    "unit": ""
                }
            ]
        }
    ]
}