{
    "parts": [
        {
            "reference": "4F-AI I Ex HART",
            "brand": "SIEMENS",
            "description": [
                {
                    "section": "General information",
                    "text": "SIMATIC DP, fail-safe electronics module for ET200/SP. 4F-AI HART Ex I, up to Category 4 (EN954-1)/ SIL3 (IEC61508)/PLE (ISO13849), for connecting (HART) 2-wire measuring transducers, supported HART protocol Version 7.0, Ex ib (ia Ga) IIC T4 Gb, Ex ib [ia IIIC Da] IIC T4 Gb, Ex ib [ia] I Mb"
                }
            ],
            "key_value_pairs": [
                {
                    "section": "General information",
                    "property": "Product type designation",
                    "value": "4F-AI I Ex HART",
                    "unit": ""
                },
                {
                    "section": "Input current",
                    "property": "Current consumption, typ.",
                    "value": "",
                    "unit": ""
                },
                {
                    "section": "Input current",
                    "property": "from supply voltage $L+$, max.",
                    "value": "",
                    "unit": ""
                },
                {
                    "section": "Input current",
                    "property": "output voltage / header",
                    "value": "",
                    "unit": ""
                },
                {
                    "section": "Input current",
                    "property": "supply voltage of the transmitters / header",
                    "value": "",
                    "unit": ""
                },
                {
                    "section": "Input current",
                    "property": "short-circuit proof",
                    "value": "Yes",
                    "unit": ""
                },
                {
                    "section": "Input current",
                    "property": "Supply current, max.",
                    "value": "25",
                    "unit": "mA"
                },
                {
                    "section": "Power loss",
                    "property": "Power loss, typ.",
                    "value": "3.8",
                    "unit": "W"
                },
                {
                    "section": "Address area",
                    "property": "Address space per module, max.",
                    "value": "16",
                    "unit": "byte"
                },
                {
                    "section": "Address area",
                    "property": "Address space per module",
                    "value": "12 bytes in the I area / 4 bytes in the $O$ area",
                    "unit": ""
                },
                {
                    "section": "Analog inputs",
                    "property": "Number of analog inputs",
                    "value": "",
                    "unit": ""
                },
                {
                    "section": "Analog inputs",
                    "property": "Cycle time (all channels) max.",
                    "value": "",
                    "unit": ""
                },
                {
                    "section": "Analog inputs",
                    "property": "Input ranges (rated values), currents",
                    "value": "0 to 20 mA",
                    "unit": "mA"
                },
                {
                    "section": "Analog inputs",
                    "property": "Input ranges (rated values), currents",
                    "value": "4 to 20 mA",
                    "unit": "mA"
                },
                {
                    "section": "Analog inputs",
                    "property": "Cable length",
                    "value": "4",
                    "unit": ""
                },
                {
                    "section": "Analog value generation for the inputs",
                    "property": "Measurement principle",
                    "value": "integrating (Sigma-Delta)",
                    "unit": ""
                },
                {
                    "section": "Integration and conversion time/resolution per channel",
                    "property": "Resolution with overrange (bit including sign), max.",
                    "value": "16",
                    "unit": "bit"
                },
                {
                    "section": "Integration and conversion time/resolution per channel",
                    "property": "Integration time, parameterizable",
                    "value": "",
                    "unit": ""
                },
                {
                    "section": "Integration and conversion time/resolution per channel",
                    "property": "Interference voltage suppression for interference frequency f1 in Hz",
                    "value": "50 / 60",
                    "unit": "Hz"
                },
                {
                    "section": "Smoothing of measured values",
                    "property": "parameterizable",
                    "value": "Yes; in 4 stages",
                    "unit": ""
                },
                {
                    "section": "Smoothing of measured values",
                    "property": "Step: None",
                    "value": "1x cycle time",
                    "unit": ""
                },
                {
                    "section": "Smoothing of measured values",
                    "property": "Step: low",
                    "value": "4x cycle time",
                    "unit": ""
                },
                {
                    "section": "Smoothing of measured values",
                    "property": "Step: Medium",
                    "value": "16x cycle time",
                    "unit": ""
                },
                {
                    "section": "Smoothing of measured values",
                    "property": "Step: High",
                    "value": "64x cycle time",
                    "unit": ""
                },
                {
                    "section": "Encoder",
                    "property": "Connection of signal encoders",
                    "value": "for current measurement as 2-wire transducer",
                    "unit": ""
                },
                {
                    "section": "Encoder",
                    "property": "Burden of 2-wire transmitter, max.",
                    "value": "750",
                    "unit": "\u03a9"
                }
            ]
        }
    ]
}