{
    "parts": [
        {
            "reference": "ETM8-316",
            "brand": "Parker",
            "description": [
                {
                    "section": "Product Overview",
                    "text": "Parker Tube Fitting, Union Tee - A-LOK Series"
                },
                {
                    "section": "Disclaimer",
                    "text": "Parker Instrumentation Products has a continuous policy of product development and although the Company reserves the right to change specifications, it attempts to keep customers informed of any alterations. This publication is for general information only and customers are requested to contact our Sales Department for detailed information and advice on a products suitability for specific applications. All products are sold subject to the company's Standard conditions of sale."
                }
            ],
            "key_value_pairs": [
                {
                    "section": "Technical Data",
                    "property": "Part Number",
                    "value": "ETM8-316",
                    "unit": ""
                },
                {
                    "section": "Technical Data",
                    "property": "Series Name",
                    "value": "Parker Tube Fitting, Union Tee - A-LOK Series",
                    "unit": ""
                },
                {
                    "section": "Technical Data",
                    "property": "Series Code",
                    "value": "A-LOK Union Tee",
                    "unit": ""
                },
                {
                    "section": "Technical Data",
                    "property": "Division ID",
                    "value": "687516",
                    "unit": ""
                },
                {
                    "section": "Technical Data",
                    "property": "Division Name",
                    "value": "Instrumentation Products Division",
                    "unit": ""
                },
                {
                    "section": "Technical Data",
                    "property": "Company",
                    "value": "Parker Hannifin",
                    "unit": ""
                },
                {
                    "section": "Price",
                    "property": "Price",
                    "value": "contact Parker",
                    "unit": ""
                }
            ]
        }
    ]
}