{
    "parts": [
        {
            "reference": "GL10",
            "brand": "Accutech",
            "description": [
                {
                    "section": "Main",
                    "text": "Gauge level wireless field unit available in a selection of sensor ranges for use in haz areas."
                }
            ],
            "key_value_pairs": [
                {
                    "section": "Main",
                    "property": "Range of product",
                    "value": "Accutech",
                    "unit": ""
                },
                {
                    "section": "Main",
                    "property": "Product or component type",
                    "value": "Wireless transmitter",
                    "unit": ""
                },
                {
                    "section": "Main",
                    "property": "Device application",
                    "value": "Measure level",
                    "unit": ""
                },
                {
                    "section": "Main",
                    "property": "Market segment",
                    "value": "Oil and gas",
                    "unit": ""
                },
                {
                    "section": "Main",
                    "property": "Market segment",
                    "value": "Mining",
                    "unit": ""
                },
                {
                    "section": "Main",
                    "property": "Market segment",
                    "value": "Water and waste water",
                    "unit": ""
                },
                {
                    "section": "Complementary",
                    "property": "Measurement range",
                    "value": "0...15",
                    "unit": "Psi"
                },
                {
                    "section": "Complementary",
                    "property": "Measurement range",
                    "value": "0...1.034",
                    "unit": "Bar"
                },
                {
                    "section": "Complementary",
                    "property": "Measurement range",
                    "value": "0...30",
                    "unit": "Psi"
                },
                {
                    "section": "Complementary",
                    "property": "Measurement range",
                    "value": "0...2.068",
                    "unit": "Bar"
                },
                {
                    "section": "Complementary",
                    "property": "Measurement accuracy",
                    "value": "+/-0.25",
                    "unit": "% of reading"
                },
                {
                    "section": "Complementary",
                    "property": "Drift of the sensitivity",
                    "value": "+/-0.1",
                    "unit": "%"
                },
                {
                    "section": "Complementary",
                    "property": "Operating distance",
                    "value": "3000",
                    "unit": "ft"
                },
                {
                    "section": "Complementary",
                    "property": "Operating distance",
                    "value": "1000",
                    "unit": "m"
                },
                {
                    "section": "Environment",
                    "property": "Ambient air temperature for operation",
                    "value": "-40...85",
                    "unit": "\u00b0C"
                },
                {
                    "section": "Environment",
                    "property": "Standards",
                    "value": "ATEX 100a - EEx nL IIC T3",
                    "unit": ""
                },
                {
                    "section": "Environment",
                    "property": "Standards",
                    "value": "HazLoc",
                    "unit": ""
                },
                {
                    "section": "Environment",
                    "property": "Product certifications",
                    "value": "CSA Class 1 Division 1",
                    "unit": ""
                },
                {
                    "section": "Environment",
                    "property": "Product certifications",
                    "value": "IECEx",
                    "unit": ""
                }
            ]
        }
    ]
}