{
    "parts": [
        {
            "reference": "AI-1027-TWT-5V-HT-R",
            "brand": "PUI Audio",
            "description": [
                {
                    "section": "Product Overview",
                    "text": "PUI Audio's High-Temp line of products is designed with ultra-wide operating temperatures. The AI-1027-TWT-5V-HT-R is built for high output at 2700 Hz in a small package."
                },
                {
                    "section": "Features",
                    "text": "- Light weight of only 1 gram - Low current draw of less than 30 mA with 5 VDC input - 85 dB, 2700 Hz output at 10 cm"
                }
            ],
            "key_value_pairs": [
                {
                    "section": "Specifications",
                    "property": "Rated Voltage",
                    "value": "5",
                    "unit": "VDC"
                },
                {
                    "section": "Specifications",
                    "property": "Operating Voltage Range",
                    "value": "3 ~ 6.5",
                    "unit": "VDC"
                },
                {
                    "section": "Specifications",
                    "property": "Current Draw at Rated Voltage",
                    "value": "\u2264 30",
                    "unit": "mA"
                },
                {
                    "section": "Specifications",
                    "property": "Minimum SPL @ 10cm",
                    "value": "\u2265 85",
                    "unit": "dBA"
                },
                {
                    "section": "Specifications",
                    "property": "Resonant Frequency",
                    "value": "2700 \u00b1 300",
                    "unit": "Hz"
                },
                {
                    "section": "Specifications",
                    "property": "Housing Material",
                    "value": "PBT",
                    "unit": ""
                },
                {
                    "section": "Specifications",
                    "property": "Weight",
                    "value": "1",
                    "unit": "Grams"
                },
                {
                    "section": "Specifications",
                    "property": "Acceptable Soldering Methods",
                    "value": "Hand Solder, Wave Solder",
                    "unit": ""
                },
                {
                    "section": "Specifications",
                    "property": "Environmental Compliances",
                    "value": "RoHS",
                    "unit": ""
                },
                {
                    "section": "Specifications",
                    "property": "Storage Temperature",
                    "value": "-40 ~ +90",
                    "unit": "\u00b0C"
                },
                {
                    "section": "Specifications",
                    "property": "Operating Temperature",
                    "value": "-40 ~ +85",
                    "unit": "\u00b0C"
                },
                {
                    "section": "Reliability Testing",
                    "property": "High Temperature Test",
                    "value": "+90 \u00b1 2\u00b0C, 96 HRS",
                    "unit": ""
                },
                {
                    "section": "Reliability Testing",
                    "property": "Low Temperature Test",
                    "value": "-40 \u00b1 2\u00b0C, 96 HRS",
                    "unit": ""
                },
                {
                    "section": "Reliability Testing",
                    "property": "Humidity Test",
                    "value": "40 \u00b1 2\u00b0C, 90 ~ 95 % RH, 96 HRS",
                    "unit": ""
                },
                {
                    "section": "Reliability Testing",
                    "property": "Temperature Cycle Testing",
                    "value": "5 cycles with 1 cycle consisting of: -40 \u00b1 2\u00b0C, 30 minutes Room temp., 15 minutes +90 \u00b1 2\u00b0C, 30 minutes Room temp., 15 minutes",
                    "unit": ""
                },
                {
                    "section": "Reliability Testing",
                    "property": "Vibration Test",
                    "value": "Test part in the directions of X, Y, and Z (total 0.5 hours). To-and-fro sweep time (from 10 to 55 Hz and then from 55 to 10 Hz) under single amplitude of 1.0 mm is 1 minute.",
                    "unit": ""
                },
                {
                    "section": "Reliability Testing",
                    "property": "Drop Test",
                    "value": "Drop 3 times from a height of 70 cm onto the surface of a 10 mm thick wooden board",
                    "unit": ""
                },
                {
                    "section": "Dimensions",
                    "property": "Diameter",
                    "value": "9.6 \u00b1 0.3",
                    "unit": "mm"
                },
                {
                    "section": "Dimensions",
                    "property": "Sound Hole Diameter",
                    "value": "1.5",
                    "unit": "mm"
                },
                {
                    "section": "Packaging",
                    "property": "Quantity",
                    "value": "5000",
                    "unit": "PCS"
                },
                {
                    "section": "Packaging",
                    "property": "Gross Weight",
                    "value": "",
                    "unit": "KG"
                },
                {
                    "section": "Packaging",
                    "property": "Size",
                    "value": "51.5 x 42 x 26",
                    "unit": "cm"
                }
            ]
        }
    ]
}