{
    "parts": [
        {
            "reference": "AMM-2738-B-EB-R",
            "brand": "PUI Audio",
            "description": [
                {
                    "section": "Overview",
                    "text": "PUI Audio is proud to release a line of premium, high-fidelity MEMS wide-band microphones that cover the entire audio band from 20 Hz up to 18 kHz -and up to 20 kHz on some models-while featuring industry-best consistency of \u00b11 dB across the entire frequency response."
                },
                {
                    "section": "Overview",
                    "text": "Quickly test and prototype the bottom-firing AMM-2738-B-R with this evaluation board. Solder pads with pre-punched through-holes make wiring to the evaluation board quick-and-easy!"
                }
            ],
            "key_value_pairs": [
                {
                    "section": "Specifications",
                    "property": "Sensitivity",
                    "value": "-38",
                    "unit": "dB"
                },
                {
                    "section": "Specifications",
                    "property": "Rated Voltage",
                    "value": "2",
                    "unit": "VDC"
                },
                {
                    "section": "Specifications",
                    "property": "Operating Voltage Range",
                    "value": "1.5 to 3.6",
                    "unit": "VDC"
                },
                {
                    "section": "Specifications",
                    "property": "Output Impedance",
                    "value": "300",
                    "unit": "\u03a9"
                },
                {
                    "section": "Specifications",
                    "property": "Current consumption (at 2 VDC/at 3.6 VDC)",
                    "value": "130 / 150",
                    "unit": "\u03bcA"
                },
                {
                    "section": "Specifications",
                    "property": "Signal-to-Noise Ratio",
                    "value": "64",
                    "unit": "dB"
                },
                {
                    "section": "Specifications",
                    "property": "Decreasing Voltage",
                    "value": "0.5",
                    "unit": "dB"
                },
                {
                    "section": "Specifications",
                    "property": "Frequency Range",
                    "value": "20-20,000",
                    "unit": "Hz"
                },
                {
                    "section": "Specifications",
                    "property": "Total Harmonic Distortion",
                    "value": "0.5",
                    "unit": "%"
                },
                {
                    "section": "Specifications",
                    "property": "Acoustic Overload Point (AOP)",
                    "value": "123",
                    "unit": "dB"
                },
                {
                    "section": "Specifications",
                    "property": "Directivity",
                    "value": "Omnidirectional",
                    "unit": ""
                },
                {
                    "section": "Specifications",
                    "property": "Environmental Compliances",
                    "value": "RoHS/Halogen Free",
                    "unit": ""
                },
                {
                    "section": "Specifications",
                    "property": "Power Supply Rejection (PSR)",
                    "value": "-98",
                    "unit": "dB"
                },
                {
                    "section": "Specifications",
                    "property": "Operating Temperature (VDD < 3 VDC)",
                    "value": "-40 ~ +100",
                    "unit": "\u00b0C"
                },
                {
                    "section": "Specifications",
                    "property": "Operating Temperature (VDD > 3 VDC)",
                    "value": "-40 ~ +70",
                    "unit": "\u00b0C"
                },
                {
                    "section": "Specifications",
                    "property": "Storage Temperature",
                    "value": "-40 ~ +125",
                    "unit": "\u00b0C"
                },
                {
                    "section": "Absolute Maximum Ratings",
                    "property": "Max Voltage on Any Pin",
                    "value": "4",
                    "unit": "VDC"
                },
                {
                    "section": "Absolute Maximum Ratings",
                    "property": "Max Sound Pressure Level",
                    "value": "160",
                    "unit": "dB"
                },
                {
                    "section": "Absolute Maximum Ratings",
                    "property": "Max Mechanical Shock",
                    "value": "10,000",
                    "unit": "Gs"
                },
                {
                    "section": "Absolute Maximum Ratings",
                    "property": "Max Vibration",
                    "value": "Pre-MIL-STD-883 Method 2007, Test Condition B",
                    "unit": ""
                },
                {
                    "section": "Frequency Response Mask",
                    "property": "Frequency (20 Hz)",
                    "value": "1",
                    "unit": ""
                },
                {
                    "section": "Frequency Response Mask",
                    "property": "Limit (20 Hz)",
                    "value": "-1",
                    "unit": ""
                },
                {
                    "section": "Frequency Response Mask",
                    "property": "Frequency (50 Hz)",
                    "value": "1",
                    "unit": ""
                },
                {
                    "section": "Frequency Response Mask",
                    "property": "Limit (50 Hz)",
                    "value": "-1",
                    "unit": ""
                },
                {
                    "section": "Frequency Response Mask",
                    "property": "Frequency (100 Hz)",
                    "value": "1",
                    "unit": ""
                },
                {
                    "section": "Frequency Response Mask",
                    "property": "Limit (100 Hz)",
                    "value": "-1",
                    "unit": ""
                },
                {
                    "section": "Frequency Response Mask",
                    "property": "Frequency (900 Hz)",
                    "value": "1",
                    "unit": ""
                },
                {
                    "section": "Frequency Response Mask",
                    "property": "Limit (900 Hz)",
                    "value": "-1",
                    "unit": ""
                },
                {
                    "section": "Frequency Response Mask",
                    "property": "Frequency (1000 Hz)",
                    "value": "0",
                    "unit": ""
                },
                {
                    "section": "Frequency Response Mask",
                    "property": "Limit (1000 Hz)",
                    "value": "0",
                    "unit": ""
                },
                {
                    "section": "Frequency Response Mask",
                    "property": "Frequency (1100 Hz)",
                    "value": "1",
                    "unit": ""
                },
                {
                    "section": "Frequency Response Mask",
                    "property": "Limit (1100 Hz)",
                    "value": "-1",
                    "unit": ""
                },
                {
                    "section": "Frequency Response Mask",
                    "property": "Frequency (2000 Hz)",
                    "value": "1",
                    "unit": ""
                },
                {
                    "section": "Frequency Response Mask",
                    "property": "Limit (2000 Hz)",
                    "value": "-1",
                    "unit": ""
                },
                {
                    "section": "Frequency Response Mask",
                    "property": "Frequency (5000 Hz)",
                    "value": "1",
                    "unit": ""
                },
                {
                    "section": "Frequency Response Mask",
                    "property": "Limit (5000 Hz)",
                    "value": "-1",
                    "unit": ""
                },
                {
                    "section": "Frequency Response Mask",
                    "property": "Frequency (10000 Hz)",
                    "value": "2",
                    "unit": ""
                },
                {
                    "section": "Frequency Response Mask",
                    "property": "Limit (10000 Hz)",
                    "value": "0",
                    "unit": ""
                },
                {
                    "section": "Frequency Response Mask",
                    "property": "Frequency (15000 Hz)",
                    "value": "6",
                    "unit": ""
                },
                {
                    "section": "Frequency Response Mask",
                    "property": "Limit (15000 Hz)",
                    "value": "4",
                    "unit": ""
                },
                {
                    "section": "Frequency Response Mask",
                    "property": "Frequency (20000 Hz)",
                    "value": "8",
                    "unit": ""
                },
                {
                    "section": "Frequency Response Mask",
                    "property": "Limit (20000 Hz)",
                    "value": "6",
                    "unit": ""
                },
                {
                    "section": "Reliability Testing",
                    "property": "Simulated Reflow (Without Solder)",
                    "value": "Samples for qualification testing require 3 passes 260 \u00b1 5\u00b0C reflow solder profiles. 2 hours of setting time is required between each reflow profile test.",
                    "unit": ""
                },
                {
                    "section": "Reliability Testing",
                    "property": "Static Humidity",
                    "value": "Precondition at +25\u00b0C for 1 hour. Expose to +85\u00b0C with 85% relative humidity for 1000 hours. Finally, dry at room ambient for 3 \u00b1 1 hour before taking final measurement.",
                    "unit": ""
                },
                {
                    "section": "Reliability Testing",
                    "property": "Temperature Shock",
                    "value": "Each cycle shall consist of 30 minutes at -40\u00b0C, 30 minutes at +125\u00b0C with 5 minutes transition time. Test duration is for 30 cycles, starting from cold to hot temperature.",
                    "unit": ""
                },
                {
                    "section": "Reliability Testing",
                    "property": "ESD Sensitivity",
                    "value": "Perform ESD sensitivity threshold measurements for each contact according to MIL-STD-883G, Method 3015.7 for Human Body Model. Identify the ESD threshold levels indicating passage of 8000V Human Body Model.",
                    "unit": ""
                },
                {
                    "section": "Reliability Testing",
                    "property": "Vibration Test",
                    "value": "Vibrate randomly along three perpendicular directions for 30 minutes in each direction, 4 cycles from 20 ~ 2000 Hz with a peak acceleration of 20 Gs.",
                    "unit": ""
                },
                {
                    "section": "Reliability Testing",
                    "property": "Shock Test",
                    "value": "Subject samples to half-sine shock pulses (3000 \u00b1 15% Gs for 0.3 ms) in each direction, for a total of 18 shocks.",
                    "unit": ""
                },
                {
                    "section": "Reliability Testing",
                    "property": "Drop Test",
                    "value": "Drop samples from 1.5 m height onto a steel surface, total 18 times and inspected for mechanical damage.",
                    "unit": ""
                },
                {
                    "section": "Reliability Testing",
                    "property": "Operation Life",
                    "value": "Subject samples to +125\u00b0C for 168 hours under full maximum rated voltage.",
                    "unit": ""
                }
            ]
        }
    ]
}