{
    "parts": [
        {
            "reference": "NO_REF",
            "brand": "PUI Audio",
            "description": [
                {
                    "section": "Features",
                    "text": "Custom-molded poly cone designed for voice articulation. High 116 dB output with 800 mV in Artificial Ear (1 cm). High energy neodymium motor. Only 2 mm thick. Dustproof and waterproof IP67-rated face."
                }
            ],
            "key_value_pairs": [
                {
                    "section": "Specifications",
                    "property": "Rated Input Power",
                    "value": "20",
                    "unit": "mWatts"
                },
                {
                    "section": "Specifications",
                    "property": "Max Input Power",
                    "value": "30",
                    "unit": "mWatts"
                },
                {
                    "section": "Specifications",
                    "property": "Impedance",
                    "value": "32 \u00b1 15%",
                    "unit": "Ohms"
                },
                {
                    "section": "Specifications",
                    "property": "Sensitivity (SPL @ 1kHz) 800 mV in Type 3.2 HL Ear",
                    "value": "117 \u00b1 3",
                    "unit": "dB Pa/V"
                },
                {
                    "section": "Specifications",
                    "property": "Resonant Frequency (800 mV in free air)",
                    "value": "450 \u00b1 20%",
                    "unit": "Hz"
                },
                {
                    "section": "Specifications",
                    "property": "Frequency Range",
                    "value": "300 ~ 7,000",
                    "unit": "Hz"
                },
                {
                    "section": "Specifications",
                    "property": "Frame Material",
                    "value": "PPA",
                    "unit": ""
                },
                {
                    "section": "Specifications",
                    "property": "Magnet Material",
                    "value": "NdFeB",
                    "unit": ""
                },
                {
                    "section": "Specifications",
                    "property": "Diaphragm Material",
                    "value": "Mylar",
                    "unit": ""
                },
                {
                    "section": "Specifications",
                    "property": "Weight",
                    "value": "0.4",
                    "unit": "Grams"
                },
                {
                    "section": "Specifications",
                    "property": "Environmental Protection Rating",
                    "value": "ROHS/REACH",
                    "unit": ""
                },
                {
                    "section": "Specifications",
                    "property": "Ingress Protection",
                    "value": "IP67",
                    "unit": ""
                },
                {
                    "section": "Specifications",
                    "property": "Buzz, Rattle, etc.",
                    "value": "Should not be audible with 20 mW sine wave from 300 Hz to 7 kHz",
                    "unit": ""
                },
                {
                    "section": "Specifications",
                    "property": "Polarity",
                    "value": "When positive voltage is applied to the positive terminal, the diaphragm will move outward",
                    "unit": ""
                },
                {
                    "section": "Specifications",
                    "property": "Operating Temperature",
                    "value": "-40 ~ +80",
                    "unit": "\u00b0C"
                },
                {
                    "section": "Reliability Testing",
                    "property": "High Temperature Test",
                    "value": "96 hours at +80\u00b0C \u00b1 3\u00b0C followed by three hours in normal room temperature",
                    "unit": ""
                },
                {
                    "section": "Reliability Testing",
                    "property": "Low Temperature Test",
                    "value": "96 hours at -40\u00b0C \u00b1 3\u00b0C followed by three hours in normal room temperature",
                    "unit": ""
                },
                {
                    "section": "Reliability Testing",
                    "property": "Humidity Test",
                    "value": "96 hours at +40\u00b0C \u00b1 3\u00b0C with relative humidity at 95% followed by 3 hours in normal room temperature",
                    "unit": ""
                },
                {
                    "section": "Reliability Testing",
                    "property": "Temperature Cycle Testing",
                    "value": "The part shall be subjected to 5 cycles using the following procedure: Low temperature: -40\u00b0C \u00b1 3\u00b0C, High temperature: +80\u00b0C \u00b1 3\u00b0C, Cycle: 1 hour/cycle each",
                    "unit": ""
                },
                {
                    "section": "Reliability Testing",
                    "property": "Vibration Test",
                    "value": "10 to 55 to 10 Hz sine sweep, 15 minutes per cycle @ 5 G constant. 2 hours in each axis X, Y, and Z.",
                    "unit": ""
                },
                {
                    "section": "Reliability Testing",
                    "property": "Drop Test",
                    "value": "Drop the speakers onto a 20 mm thick board 10 times from a height of 100 cm, once each side",
                    "unit": ""
                },
                {
                    "section": "Reliability Testing",
                    "property": "Load Test and Max Power Test",
                    "value": "White noise is applied at the speakers rated power for 96 hours at room temperature; max power is applied for 1 minute on, 2 minutes off; 10 cycles.",
                    "unit": ""
                }
            ]
        }
    ]
}