{
    "parts": [
        {
            "reference": "BP 104 FAS",
            "brand": "OSRAM",
            "description": [
                {
                    "section": "DIL SMT",
                    "text": "Silicon PIN Photodiode with Daylight Blocking Filter."
                },
                {
                    "section": "Applications",
                    "text": "LIDAR, Pre-Crash, ACC, Rain Sensors."
                },
                {
                    "section": "Features",
                    "text": "Package: black epoxy. Qualifications: The product qualification test plan is based on the guidelines of AEC-Q101-REV-C, Stress Test Qualification for Automotive Grade Discrete Semiconductors. ESD: 2 kV acc. to ANSI/ESDA/JEDEC JS-001 (HBM, Class 2). Especially suitable for applications from 730 nm to 1100 nm. Short switching time (typ. 20 ns). Suitable for SMT."
                }
            ],
            "key_value_pairs": [
                {
                    "section": "Ordering Information",
                    "property": "Type",
                    "value": "BP 104 FAS-Z",
                    "unit": ""
                },
                {
                    "section": "Ordering Information",
                    "property": "Photocurrent",
                    "value": "\u2265 25 \u03bcA",
                    "unit": ""
                },
                {
                    "section": "Ordering Information",
                    "property": "Photocurrent typ.",
                    "value": "34 \u03bcA",
                    "unit": ""
                },
                {
                    "section": "Ordering Information",
                    "property": "Ordering Code",
                    "value": "Q65110A2672",
                    "unit": ""
                },
                {
                    "section": "Maximum Ratings",
                    "property": "Operating Temperature",
                    "value": "-40 to 100",
                    "unit": "\u00b0C"
                },
                {
                    "section": "Maximum Ratings",
                    "property": "Storage temperature",
                    "value": "-40 to 100",
                    "unit": "\u00b0C"
                },
                {
                    "section": "Maximum Ratings",
                    "property": "Reverse voltage",
                    "value": "20",
                    "unit": "V"
                },
                {
                    "section": "Maximum Ratings",
                    "property": "Total power dissipation",
                    "value": "150",
                    "unit": "mW"
                },
                {
                    "section": "Maximum Ratings",
                    "property": "ESD withstand voltage",
                    "value": "2",
                    "unit": "kV"
                },
                {
                    "section": "Characteristics",
                    "property": "Wavelength of max sensitivity",
                    "value": "880",
                    "unit": "nm"
                },
                {
                    "section": "Characteristics",
                    "property": "Spectral range of sensitivity",
                    "value": "730 to 1100",
                    "unit": "nm"
                },
                {
                    "section": "Characteristics",
                    "property": "Radiant sensitive area",
                    "value": "4.84",
                    "unit": "mm\u00b2"
                },
                {
                    "section": "Characteristics",
                    "property": "Dimensions of active chip area",
                    "value": "2.2 x 2.2",
                    "unit": "mm x mm"
                },
                {
                    "section": "Characteristics",
                    "property": "Half angle",
                    "value": "60",
                    "unit": "\u00b0"
                },
                {
                    "section": "Characteristics",
                    "property": "Dark current",
                    "value": "2",
                    "unit": "nA"
                },
                {
                    "section": "Characteristics",
                    "property": "Spectral sensitivity of the chip",
                    "value": "0.63",
                    "unit": "A/W"
                },
                {
                    "section": "Characteristics",
                    "property": "Quantum yield of the chip",
                    "value": "0.90",
                    "unit": "Electrons/Photon"
                },
                {
                    "section": "Characteristics",
                    "property": "Open-circuit voltage",
                    "value": "250 to 330",
                    "unit": "mV"
                },
                {
                    "section": "Characteristics",
                    "property": "Short-circuit current",
                    "value": "16",
                    "unit": "\u03bcA"
                },
                {
                    "section": "Characteristics",
                    "property": "Rise time",
                    "value": "0.02",
                    "unit": "\u03bcs"
                },
                {
                    "section": "Characteristics",
                    "property": "Fall time",
                    "value": "0.02",
                    "unit": "\u03bcs"
                },
                {
                    "section": "Characteristics",
                    "property": "Forward voltage",
                    "value": "1.3",
                    "unit": "V"
                },
                {
                    "section": "Characteristics",
                    "property": "Capacitance",
                    "value": "48",
                    "unit": "pF"
                },
                {
                    "section": "Characteristics",
                    "property": "Temperature coefficient of voltage",
                    "value": "-2.6",
                    "unit": "mV/K"
                },
                {
                    "section": "Characteristics",
                    "property": "Temperature coefficient of short-circuit current",
                    "value": "0.03",
                    "unit": "%/K"
                },
                {
                    "section": "Characteristics",
                    "property": "Noise equivalent power",
                    "value": "0.040",
                    "unit": "pW/Hz^(1/2)"
                },
                {
                    "section": "Characteristics",
                    "property": "Detection limit",
                    "value": "5.5e12",
                    "unit": "cm x Hz^(1/2)/W"
                },
                {
                    "section": "Further Information",
                    "property": "Approximate Weight",
                    "value": "44.0",
                    "unit": "mg"
                },
                {
                    "section": "Further Information",
                    "property": "Package marking",
                    "value": "Cathode",
                    "unit": ""
                },
                {
                    "section": "Reflow Soldering Profile",
                    "property": "Ramp-up rate to preheat",
                    "value": "2 to 3",
                    "unit": "K/s"
                },
                {
                    "section": "Reflow Soldering Profile",
                    "property": "Time ts",
                    "value": "60 to 120",
                    "unit": "s"
                },
                {
                    "section": "Reflow Soldering Profile",
                    "property": "Ramp-up rate to peak",
                    "value": "2 to 3",
                    "unit": "K/s"
                },
                {
                    "section": "Reflow Soldering Profile",
                    "property": "Liquidus temperature",
                    "value": "217",
                    "unit": "\u00b0C"
                },
                {
                    "section": "Reflow Soldering Profile",
                    "property": "Time above liquidus temperature",
                    "value": "80 to 100",
                    "unit": "s"
                },
                {
                    "section": "Reflow Soldering Profile",
                    "property": "Peak temperature",
                    "value": "245 to 260",
                    "unit": "\u00b0C"
                },
                {
                    "section": "Reflow Soldering Profile",
                    "property": "Time within 5\u00b0C of the specified peak temperature",
                    "value": "10 to 30",
                    "unit": "s"
                },
                {
                    "section": "Reflow Soldering Profile",
                    "property": "Ramp-down rate",
                    "value": "3 to 6",
                    "unit": "K/s"
                },
                {
                    "section": "Reflow Soldering Profile",
                    "property": "Time 25\u00b0C to Tp",
                    "value": "480",
                    "unit": "s"
                },
                {
                    "section": "Tape and Reel",
                    "property": "A",
                    "value": "180",
                    "unit": "mm"
                },
                {
                    "section": "Tape and Reel",
                    "property": "W",
                    "value": "12+0.3/-0.1",
                    "unit": "mm"
                },
                {
                    "section": "Tape and Reel",
                    "property": "Nmin",
                    "value": "60",
                    "unit": "mm"
                },
                {
                    "section": "Tape and Reel",
                    "property": "W1",
                    "value": "12.4+2",
                    "unit": "mm"
                },
                {
                    "section": "Tape and Reel",
                    "property": "W2 max",
                    "value": "18.4",
                    "unit": "mm"
                },
                {
                    "section": "Tape and Reel",
                    "property": "Pieces per PU",
                    "value": "1500",
                    "unit": ""
                }
            ]
        }
    ]
}