{
    "parts": [
        {
            "reference": "BPW 34",
            "brand": "OSRAM",
            "description": [
                {
                    "section": "DIL",
                    "text": "Silicon PIN Photodiode"
                },
                {
                    "section": "Applications",
                    "text": "Electronic Equipment, Industrial Automation (Machine Controls, Light Barriers, Vision Controls)"
                },
                {
                    "section": "Features",
                    "text": "Package: Epoxy, diffuse, Corrosion Robustness Class: 3B, ESD: 2 kV acc. to ANSI/ESDA/JEDEC JS-001 (HBM, Class 2), Especially suitable for applications from 400 nm to 1100 nm, Short switching time (typ. 20 ns), DIL plastic package with high packing density"
                }
            ],
            "key_value_pairs": [
                {
                    "section": "Ordering Information",
                    "property": "Type",
                    "value": "BPW 34",
                    "unit": ""
                },
                {
                    "section": "Ordering Information",
                    "property": "Photocurrent",
                    "value": "\u2265 55 \u03bcA",
                    "unit": "\u03bcA"
                },
                {
                    "section": "Ordering Information",
                    "property": "Photocurrent typ.",
                    "value": "80",
                    "unit": "\u03bcA"
                },
                {
                    "section": "Ordering Information",
                    "property": "Ordering Code",
                    "value": "Q62702P0073",
                    "unit": ""
                },
                {
                    "section": "Maximum Ratings",
                    "property": "Operating Temperature min.",
                    "value": "-40",
                    "unit": "\u00b0C"
                },
                {
                    "section": "Maximum Ratings",
                    "property": "Operating Temperature max.",
                    "value": "100",
                    "unit": "\u00b0C"
                },
                {
                    "section": "Maximum Ratings",
                    "property": "Storage temperature min.",
                    "value": "-40",
                    "unit": "\u00b0C"
                },
                {
                    "section": "Maximum Ratings",
                    "property": "Storage temperature max.",
                    "value": "100",
                    "unit": "\u00b0C"
                },
                {
                    "section": "Maximum Ratings",
                    "property": "Reverse voltage max.",
                    "value": "32",
                    "unit": "V"
                },
                {
                    "section": "Maximum Ratings",
                    "property": "Total power dissipation max.",
                    "value": "150",
                    "unit": "mW"
                },
                {
                    "section": "Maximum Ratings",
                    "property": "ESD withstand voltage max.",
                    "value": "2",
                    "unit": "kV"
                },
                {
                    "section": "Characteristics",
                    "property": "Spectral sensitivity typ.",
                    "value": "80",
                    "unit": "nA/lx"
                },
                {
                    "section": "Characteristics",
                    "property": "Wavelength of max sensitivity typ.",
                    "value": "850",
                    "unit": "nm"
                },
                {
                    "section": "Characteristics",
                    "property": "Spectral range of sensitivity typ.",
                    "value": "420 ... 1120",
                    "unit": "nm"
                },
                {
                    "section": "Characteristics",
                    "property": "Radiant sensitive area typ.",
                    "value": "7.02",
                    "unit": "mm\u00b2"
                },
                {
                    "section": "Characteristics",
                    "property": "Dimensions of active chip area typ.",
                    "value": "2.65 x 2.65",
                    "unit": "mm x mm"
                },
                {
                    "section": "Characteristics",
                    "property": "Half angle typ.",
                    "value": "60",
                    "unit": "\u00b0"
                },
                {
                    "section": "Characteristics",
                    "property": "Dark current typ.",
                    "value": "2",
                    "unit": "nA"
                },
                {
                    "section": "Characteristics",
                    "property": "Dark current max.",
                    "value": "30",
                    "unit": "nA"
                },
                {
                    "section": "Characteristics",
                    "property": "Spectral sensitivity of the chip typ.",
                    "value": "0.62",
                    "unit": "A/W"
                },
                {
                    "section": "Characteristics",
                    "property": "Quantum yield of the chip typ.",
                    "value": "0.90",
                    "unit": "Electrons"
                },
                {
                    "section": "Characteristics",
                    "property": "Open-circuit voltage min.",
                    "value": "300",
                    "unit": "mV"
                },
                {
                    "section": "Characteristics",
                    "property": "Open-circuit voltage typ.",
                    "value": "365",
                    "unit": "mV"
                },
                {
                    "section": "Characteristics",
                    "property": "Short-circuit current typ.",
                    "value": "80",
                    "unit": "\u03bcA"
                },
                {
                    "section": "Characteristics",
                    "property": "Rise time typ.",
                    "value": "0.02",
                    "unit": "\u03bcs"
                },
                {
                    "section": "Characteristics",
                    "property": "Fall time typ.",
                    "value": "0.02",
                    "unit": "\u03bcs"
                },
                {
                    "section": "Characteristics",
                    "property": "Forward voltage typ.",
                    "value": "1.3",
                    "unit": "V"
                },
                {
                    "section": "Characteristics",
                    "property": "Capacitance typ.",
                    "value": "72",
                    "unit": "pF"
                },
                {
                    "section": "Characteristics",
                    "property": "Temperature coefficient of voltage typ.",
                    "value": "-2.6",
                    "unit": "mV/K"
                },
                {
                    "section": "Characteristics",
                    "property": "Temperature coefficient of short-circuit current typ.",
                    "value": "0.18",
                    "unit": "%/K"
                },
                {
                    "section": "Characteristics",
                    "property": "Noise equivalent power typ.",
                    "value": "0.041",
                    "unit": "pW/Hz^(1/2)"
                },
                {
                    "section": "Characteristics",
                    "property": "Detection limit typ.",
                    "value": "6.5e12",
                    "unit": "cm x Hz^(1/2)/W"
                },
                {
                    "section": "Further Information",
                    "property": "Approximate Weight",
                    "value": "78.0",
                    "unit": "mg"
                },
                {
                    "section": "Further Information",
                    "property": "Package marking",
                    "value": "Cathode",
                    "unit": ""
                },
                {
                    "section": "Further Information",
                    "property": "Corrosion test Class",
                    "value": "3B",
                    "unit": ""
                },
                {
                    "section": "Further Information",
                    "property": "Test condition",
                    "value": "40\u00b0C / 90% RH / 15 ppm H2S / 14 days",
                    "unit": ""
                }
            ]
        }
    ]
}