{
    "parts": [
        {
            "reference": "NO_REF",
            "brand": "CommScope",
            "description": [
                {
                    "section": "Fiber Optic Cable, Drop, Outdoor Arid Core Gel-Free Tubes, Double Jacket Dielectric",
                    "text": "Fiber drop cables are typically used between the fiber terminal and the building or home and available for various indoor or outdoor applications. Fiber drop cables are engineered to withstand the most demanding environmental conditions, including sun, heat, cold, moisture, and heavy RF interference. Superior mechanical and optical performance with unmatched stability and quality."
                }
            ],
            "key_value_pairs": [
                {
                    "section": "Product Classification",
                    "property": "Regional Availability",
                    "value": "Asia",
                    "unit": ""
                },
                {
                    "section": "Product Classification",
                    "property": "Regional Availability",
                    "value": "Australia/New Zealand",
                    "unit": ""
                },
                {
                    "section": "Product Classification",
                    "property": "Regional Availability",
                    "value": "EMEA",
                    "unit": ""
                },
                {
                    "section": "Product Classification",
                    "property": "Regional Availability",
                    "value": "Latin America",
                    "unit": ""
                },
                {
                    "section": "Product Classification",
                    "property": "Regional Availability",
                    "value": "North America",
                    "unit": ""
                },
                {
                    "section": "Product Classification",
                    "property": "Portfolio",
                    "value": "CommScope\u00ae",
                    "unit": ""
                },
                {
                    "section": "Product Classification",
                    "property": "Product Type",
                    "value": "Fiber drop cable",
                    "unit": ""
                },
                {
                    "section": "Product Classification",
                    "property": "Product Series",
                    "value": "D-DD",
                    "unit": ""
                },
                {
                    "section": "General Specifications",
                    "property": "Construction Type",
                    "value": "Non-armored",
                    "unit": ""
                },
                {
                    "section": "General Specifications",
                    "property": "Subunit Type",
                    "value": "Gel-free",
                    "unit": ""
                },
                {
                    "section": "General Specifications",
                    "property": "Inner Jacket Color",
                    "value": "White",
                    "unit": ""
                },
                {
                    "section": "General Specifications",
                    "property": "Jacket Color",
                    "value": "Black",
                    "unit": ""
                }
            ]
        }
    ]
}