{
    "parts": [
        {
            "reference": "PKM22EPPH4001-B0",
            "brand": "Murata",
            "description": [
                {
                    "section": "Applications",
                    "text": "Unsuitable Applications: Consumer equipment, Industrial Equipment. Please be sure to read and comply with these \"Precautions for use.\" Please refer to Our Website and specifications, etc. for information about the performance, functions, quality, management, and safety required for the above applications, and use Products after confirming the performance and reliability of the actual Product."
                },
                {
                    "section": "Features",
                    "text": "Externally driven piezoelectric sounders are used in digital watches, electronic calculators, telephones and other equipment. They are driven by a signal (ex.: 2048 Hz or 4096 Hz) from an LSI and provide melodious sound."
                },
                {
                    "section": "Features",
                    "text": "1. Low power consumption 2. No noise and high reliability"
                }
            ],
            "key_value_pairs": [
                {
                    "section": "Packaging Information",
                    "property": "Packaging",
                    "value": "Bulk",
                    "unit": ""
                },
                {
                    "section": "Packaging Information",
                    "property": "Standard Packing Quantity",
                    "value": "900",
                    "unit": ""
                },
                {
                    "section": "Appearance & Shape",
                    "property": "Part Number",
                    "value": "PKM22EPPH4001-B0",
                    "unit": ""
                },
                {
                    "section": "Appearance & Shape",
                    "property": "l",
                    "value": "6.5",
                    "unit": "mm"
                },
                {
                    "section": "Appearance & Shape",
                    "property": "Part Number",
                    "value": "PKM22EPPH4002-B0",
                    "unit": ""
                },
                {
                    "section": "Appearance & Shape",
                    "property": "l",
                    "value": "3.5",
                    "unit": "mm"
                },
                {
                    "section": "Appearance & Shape",
                    "property": "Tol.",
                    "value": "0.5",
                    "unit": "mm"
                }
            ]
        }
    ]
}