{
    "parts": [
        {
            "reference": "DOM-3027L-HD-R",
            "brand": "PUI Audio",
            "description": [
                {
                    "section": "Data Sheet",
                    "text": "PUI Audio's all-new HD Series microphones use premium-grade FETs and diaphragms for high sensitivity and superior signal-to-noise ratio. Each microphone features GSM buzz-blocking capacitors. Upgrade the ECM microphone that you use today with a PUI Audio HD Series microphone."
                },
                {
                    "section": "Data Sheet",
                    "text": "The 8 mm diameter DOM-3027L-HD-R is designed for extreme fidelity, in even the quietest settings, from 20 Hz to 20 kHz."
                },
                {
                    "section": "Features",
                    "text": "8 mm diameter, 3 mm height, -27 dB sensitivity, 77 dB signal-to-noise ratio, True 20 Hz to 20 kHz performance."
                },
                {
                    "section": "Microphone Handling Precautions",
                    "text": "High temperature and/or static electricity may damage microphones. To ensure careful handling, we suggest following these precautions: Ensure the power rating of the soldering iron is below 90 watts. The temperature of the soldering iron must be limited to 360\u00b0C \u00b1 10\u00b0C (680\u00b0F \u00b1 50\u00b0F). Soldering duration for each terminal shall be at or under 2 seconds. If practical, use a metal fixture to hold the microphone in-place and to act as a heatsink. A fixture should have appropriate diameter holes drilled through the entire fixture to prevent pressure from being placed on the diaphragm."
                }
            ],
            "key_value_pairs": [
                {
                    "section": "Specifications",
                    "property": "Sensitivity (1 kHz @ 50cm)",
                    "value": "-27 \u00b1 3",
                    "unit": "dB"
                },
                {
                    "section": "Specifications",
                    "property": "Rated Voltage",
                    "value": "3",
                    "unit": "VDC"
                },
                {
                    "section": "Specifications",
                    "property": "Output Impedance (@ 1 kHz)",
                    "value": "2.2",
                    "unit": "k\u03a9"
                },
                {
                    "section": "Specifications",
                    "property": "Current consumption (3VS with 2.2 k\u03a9 RL)",
                    "value": "500",
                    "unit": "\u03bcA"
                },
                {
                    "section": "Specifications",
                    "property": "Signal-to-Noise Ratio (1kHz, 94 dB input, A-weighted)",
                    "value": "77",
                    "unit": "dB"
                },
                {
                    "section": "Specifications",
                    "property": "Decreasing Voltage (3VS to 2VS)",
                    "value": "-3",
                    "unit": "dB"
                },
                {
                    "section": "Specifications",
                    "property": "Frequency Range",
                    "value": "20 ~ 20,000",
                    "unit": "Hz"
                },
                {
                    "section": "Specifications",
                    "property": "Operating Voltage Range",
                    "value": "1 ~ 10",
                    "unit": "VDC"
                },
                {
                    "section": "Specifications",
                    "property": "Maximum SPL Input (THD<3%)",
                    "value": "110",
                    "unit": "dB"
                },
                {
                    "section": "Specifications",
                    "property": "Directivity",
                    "value": "Omni-directional",
                    "unit": ""
                },
                {
                    "section": "Specifications (continued)",
                    "property": "Operating Temperature",
                    "value": "-20 ~ +70",
                    "unit": "\u00b0C"
                },
                {
                    "section": "Specifications (continued)",
                    "property": "Storage Temperature",
                    "value": "-40 ~ +85",
                    "unit": "\u00b0C"
                },
                {
                    "section": "Specifications (continued)",
                    "property": "Weight",
                    "value": "<0.3",
                    "unit": "Grams"
                },
                {
                    "section": "Reliability Testing",
                    "property": "High Temperature Test",
                    "value": "200 hours at +70\u00b0C \u00b1 3\u00b0C followed by two hours in normal room temperature",
                    "unit": ""
                },
                {
                    "section": "Reliability Testing",
                    "property": "Low Temperature Test",
                    "value": "200 hours at -25\u00b0C \u00b1 3\u00b0C followed by two hours in normal room temperature",
                    "unit": ""
                },
                {
                    "section": "Reliability Testing",
                    "property": "Humidity Test",
                    "value": "200 hours at +40\u00b0C \u00b1 3\u00b0C with relative humidity at 90% to 95% followed by 2 hours in normal room temperature",
                    "unit": ""
                },
                {
                    "section": "Reliability Testing",
                    "property": "Temperature Cycle Testing",
                    "value": "30 minutes at -25\u00b0C, 10 minutes at 20\u00b0C, 30 minutes at +70\u00b0C, 10 minutes at 20\u00b0C for five cycles, followed by 2 hours in normal room temperature",
                    "unit": ""
                },
                {
                    "section": "Reliability Testing",
                    "property": "Vibration Test",
                    "value": "10 to 55 Hz for 1 minute with 1.52 mm distance, followed by a two hour 3 axis test in packaging",
                    "unit": ""
                },
                {
                    "section": "Reliability Testing",
                    "property": "Drop Test",
                    "value": "Drop microphones in packaging onto concrete floor from 1 meter height in each of 3 axis",
                    "unit": ""
                },
                {
                    "section": "Reliability Testing",
                    "property": "ESD Test (according to IEC 6100)",
                    "value": "1. Contact discharge - Discharge 6000 VDC from capacitor into microphone output through 330 \u03a9 resistor ten times. 2. Air discharge - Discharge 8000 VDC into sound hole of the microphone ten times.",
                    "unit": ""
                },
                {
                    "section": "Packaging",
                    "property": "Packing Qty",
                    "value": "100",
                    "unit": "pcs"
                },
                {
                    "section": "Packaging",
                    "property": "Packing Size",
                    "value": "80 x 80 x 4.5",
                    "unit": "mm"
                },
                {
                    "section": "Packaging",
                    "property": "Packing Material",
                    "value": "Paper",
                    "unit": ""
                },
                {
                    "section": "Packaging",
                    "property": "Middle Package Qty",
                    "value": "15000 (150 x 100)",
                    "unit": "pcs"
                },
                {
                    "section": "Packaging",
                    "property": "Middle Package Size",
                    "value": "375 x 120 x 265",
                    "unit": "mm"
                },
                {
                    "section": "Packaging",
                    "property": "Middle Package Material",
                    "value": "Paper",
                    "unit": ""
                },
                {
                    "section": "Packaging",
                    "property": "Outer Package Qty",
                    "value": "30000 (2 x 15000)",
                    "unit": "pcs"
                },
                {
                    "section": "Packaging",
                    "property": "Outer Package Size",
                    "value": "396 x 275 x 295",
                    "unit": "mm"
                },
                {
                    "section": "Packaging",
                    "property": "Outer Package Material",
                    "value": "Paper",
                    "unit": ""
                }
            ]
        }
    ]
}