{
    "parts": [
        {
            "reference": "NO_REF",
            "brand": "",
            "description": [],
            "key_value_pairs": [
                {
                    "section": "",
                    "property": "Linearity error (relative to input range)",
                    "value": "0.015",
                    "unit": "%"
                },
                {
                    "section": "",
                    "property": "Temperature error (relative to input range)",
                    "value": "0.005",
                    "unit": "% / K"
                },
                {
                    "section": "",
                    "property": "Crosstalk between the inputs",
                    "value": "-50",
                    "unit": "dB"
                },
                {
                    "section": "",
                    "property": "Repeat accuracy in steady state at 25\u00b0C (relative to input range)",
                    "value": "0.015",
                    "unit": "%"
                },
                {
                    "section": "Operational error limit in overall temperature range",
                    "property": "Current (relative to input range)",
                    "value": "0.35",
                    "unit": "%"
                },
                {
                    "section": "Basic error limit (operational limit at 25\u00b0C)",
                    "property": "Current (relative to input range)",
                    "value": "0.1",
                    "unit": "%"
                },
                {
                    "section": "Interference voltage suppression for f=n\u00d7(f1+/-1%), f1=interference frequency",
                    "property": "Series mode interference (peak value of interference < rated value of input range)",
                    "value": "40",
                    "unit": "dB"
                },
                {
                    "section": "Interference voltage suppression for f=n\u00d7(f1+/-1%), f1=interference frequency",
                    "property": "Common mode interference",
                    "value": "50",
                    "unit": "dB"
                },
                {
                    "section": "Alarms",
                    "property": "Diagnostic alarm",
                    "value": "Yes",
                    "unit": ""
                },
                {
                    "section": "Alarms",
                    "property": "Parameterizable",
                    "value": "Yes",
                    "unit": ""
                },
                {
                    "section": "Diagnoses",
                    "property": "Diagnostic information readable",
                    "value": "Yes",
                    "unit": ""
                },
                {
                    "section": "Diagnoses",
                    "property": "Wire-break",
                    "value": "Yes",
                    "unit": ""
                },
                {
                    "section": "Diagnoses",
                    "property": "Short-circuit",
                    "value": "Yes",
                    "unit": ""
                },
                {
                    "section": "Diagnostics indication LED",
                    "property": "Group error SF (red)",
                    "value": "Yes",
                    "unit": ""
                },
                {
                    "section": "Potential separation analog inputs",
                    "property": "Between the channels",
                    "value": "No",
                    "unit": ""
                },
                {
                    "section": "Potential separation analog inputs",
                    "property": "Between the channels and backplane bus",
                    "value": "Yes",
                    "unit": ""
                },
                {
                    "section": "Potential separation analog inputs",
                    "property": "Between the channels and load voltage L+",
                    "value": "Yes",
                    "unit": "Power bus"
                },
                {
                    "section": "Permissible potential difference",
                    "property": "Between different circuits",
                    "value": "60",
                    "unit": "V DC"
                },
                {
                    "section": "Permissible potential difference",
                    "property": "Between different circuits",
                    "value": "30",
                    "unit": "V AC"
                },
                {
                    "section": "Standards, approvals, certificates",
                    "property": "CE mark",
                    "value": "Yes",
                    "unit": ""
                },
                {
                    "section": "Highest safety class achievable in safety mode",
                    "property": "Performance level according to ISO 13849-1",
                    "value": "PLe",
                    "unit": ""
                },
                {
                    "section": "Highest safety class achievable in safety mode",
                    "property": "SIL acc. to IEC 61508",
                    "value": "SIL 3",
                    "unit": ""
                },
                {
                    "section": "Use in hazardous areas",
                    "property": "ATEX marking",
                    "value": "II 2 G (1) GD Ex ib[ia Ga][ia IIIC Da] IIC T4 GB and I M2 Ex ib[ia Ma] I Mb",
                    "unit": ""
                },
                {
                    "section": "Use in hazardous areas",
                    "property": "ATEX certificate",
                    "value": "10 ATEX 0058",
                    "unit": ""
                },
                {
                    "section": "Dimensions",
                    "property": "Width",
                    "value": "30",
                    "unit": "mm"
                },
                {
                    "section": "Dimensions",
                    "property": "Height",
                    "value": "129",
                    "unit": "mm"
                },
                {
                    "section": "Dimensions",
                    "property": "Depth",
                    "value": "136.5",
                    "unit": "mm"
                },
                {
                    "section": "Weights",
                    "property": "Weight",
                    "value": "299",
                    "unit": "g"
                },
                {
                    "section": "",
                    "property": "last modified",
                    "value": "4/25/2024",
                    "unit": ""
                }
            ]
        }
    ]
}