{
    "parts": [
        {
            "reference": "FD1771-01",
            "brand": "WESTERN DIGITAL",
            "description": [
                {
                    "section": "FEATURES",
                    "text": "SOFT SECTOR FORMAT COMPATIBILITY AUTOMATIC TRACK SEEK WITH VERIFICATION READ MODE Single/Multiple Sector Write with Automatic Sector Search or Entire Track Read Selectable 128 Byte or Variable Length Sector WRITE MODE Single/Multiple Sector Write with Automatic Sector Search Entire Track Write for Diskette Formatting PROGRAMMABLE CONTROLS Selectable Track-to-Track Stepping Time Selectable Head Settling and Head Engage Times Selectable Three Phase or Step and Direction and Head Positioning Motor Controls SYSTEM COMPATIBILITY Double Buffering of Data 8-Bit Bi-Directional Bus for Data, Control and Status DMA or Programmed Data Transfers All Inputs and Outputs are TTL Compatible"
                },
                {
                    "section": "APPLICATIONS",
                    "text": "FLOPPY DISK DRIVE INTERFACE SINGLE OR MULTIPLE DRIVE CONTROLLER/FORMATTER NEW MINI-FLOPPY CONTROLLER"
                },
                {
                    "section": "GENERAL DESCRIPTION",
                    "text": "The FD1771 is a MOS/LSI device that performs the functions of a Floppy Disk Controller/Formatter. The device is designed to be included in the disk drive electronics, and contains a flexible interface."
                }
            ],
            "key_value_pairs": [
                {
                    "section": "PIN CONNECTIONS",
                    "property": "VBB",
                    "value": "-5V",
                    "unit": "V"
                },
                {
                    "section": "PIN CONNECTIONS",
                    "property": "WE",
                    "value": "",
                    "unit": ""
                },
                {
                    "section": "PIN CONNECTIONS",
                    "property": "CS",
                    "value": "",
                    "unit": ""
                },
                {
                    "section": "PIN CONNECTIONS",
                    "property": "RE",
                    "value": "",
                    "unit": ""
                },
                {
                    "section": "PIN CONNECTIONS",
                    "property": "A0",
                    "value": "",
                    "unit": ""
                },
                {
                    "section": "PIN CONNECTIONS",
                    "property": "A1",
                    "value": "",
                    "unit": ""
                },
                {
                    "section": "PIN CONNECTIONS",
                    "property": "DAL0",
                    "value": "",
                    "unit": ""
                },
                {
                    "section": "PIN CONNECTIONS",
                    "property": "DAL1",
                    "value": "",
                    "unit": ""
                },
                {
                    "section": "PIN CONNECTIONS",
                    "property": "DAL2",
                    "value": "",
                    "unit": ""
                },
                {
                    "section": "PIN CONNECTIONS",
                    "property": "DAL3",
                    "value": "",
                    "unit": ""
                },
                {
                    "section": "PIN CONNECTIONS",
                    "property": "DAL4",
                    "value": "",
                    "unit": ""
                },
                {
                    "section": "PIN CONNECTIONS",
                    "property": "DAL5",
                    "value": "",
                    "unit": ""
                },
                {
                    "section": "PIN CONNECTIONS",
                    "property": "DAL6",
                    "value": "",
                    "unit": ""
                },
                {
                    "section": "PIN CONNECTIONS",
                    "property": "DAL7",
                    "value": "",
                    "unit": ""
                },
                {
                    "section": "PIN CONNECTIONS",
                    "property": "PHT/STEP",
                    "value": "",
                    "unit": ""
                },
                {
                    "section": "PIN CONNECTIONS",
                    "property": "PH2/DIRC",
                    "value": "",
                    "unit": ""
                },
                {
                    "section": "PIN CONNECTIONS",
                    "property": "PH3",
                    "value": "",
                    "unit": ""
                },
                {
                    "section": "PIN CONNECTIONS",
                    "property": "3PM",
                    "value": "",
                    "unit": ""
                },
                {
                    "section": "PIN CONNECTIONS",
                    "property": "MR",
                    "value": "",
                    "unit": ""
                },
                {
                    "section": "PIN CONNECTIONS",
                    "property": "VSS",
                    "value": "",
                    "unit": ""
                },
                {
                    "section": "PIN CONNECTIONS",
                    "property": "VDD",
                    "value": "12V",
                    "unit": "V"
                },
                {
                    "section": "PIN CONNECTIONS",
                    "property": "INTRO",
                    "value": "",
                    "unit": ""
                },
                {
                    "section": "PIN CONNECTIONS",
                    "property": "DRO",
                    "value": "",
                    "unit": ""
                },
                {
                    "section": "PIN CONNECTIONS",
                    "property": "DINT",
                    "value": "",
                    "unit": ""
                },
                {
                    "section": "PIN CONNECTIONS",
                    "property": "WPRT",
                    "value": "",
                    "unit": ""
                },
                {
                    "section": "PIN CONNECTIONS",
                    "property": "IP",
                    "value": "",
                    "unit": ""
                },
                {
                    "section": "PIN CONNECTIONS",
                    "property": "TROO",
                    "value": "",
                    "unit": ""
                },
                {
                    "section": "PIN CONNECTIONS",
                    "property": "WF",
                    "value": "",
                    "unit": ""
                },
                {
                    "section": "PIN CONNECTIONS",
                    "property": "READY",
                    "value": "",
                    "unit": ""
                },
                {
                    "section": "PIN CONNECTIONS",
                    "property": "WD",
                    "value": "",
                    "unit": ""
                },
                {
                    "section": "PIN CONNECTIONS",
                    "property": "WG",
                    "value": "",
                    "unit": ""
                },
                {
                    "section": "PIN CONNECTIONS",
                    "property": "TG43",
                    "value": "",
                    "unit": ""
                },
                {
                    "section": "PIN CONNECTIONS",
                    "property": "HLD",
                    "value": "",
                    "unit": ""
                },
                {
                    "section": "PIN CONNECTIONS",
                    "property": "FDDATA",
                    "value": "",
                    "unit": ""
                },
                {
                    "section": "PIN CONNECTIONS",
                    "property": "FDCLK",
                    "value": "",
                    "unit": ""
                },
                {
                    "section": "PIN CONNECTIONS",
                    "property": "XTDS",
                    "value": "",
                    "unit": ""
                },
                {
                    "section": "PIN CONNECTIONS",
                    "property": "CLK",
                    "value": "2 MHz",
                    "unit": "MHz"
                },
                {
                    "section": "PIN CONNECTIONS",
                    "property": "HLT",
                    "value": "",
                    "unit": ""
                },
                {
                    "section": "PIN CONNECTIONS",
                    "property": "TEST",
                    "value": "",
                    "unit": ""
                },
                {
                    "section": "PIN CONNECTIONS",
                    "property": "VC",
                    "value": "-5V",
                    "unit": "V"
                }
            ]
        }
    ]
}