{
    "parts": [
        {
            "reference": "HD-EMB1005-LW25-R",
            "brand": "PUiaudio",
            "description": [
                {
                    "section": "Features",
                    "text": "Designed to be driven with 3 VDC. 25 mm lead wires for easy implementation. Generates 17,000 RPMs with no more than 50 dBA acoustic noise."
                },
                {
                    "section": "Measurement Methods",
                    "text": "The document includes diagrams for vibration measurement and noise measurement setups, each involving a 75G weight, a motor, a sensor, and a sponge."
                },
                {
                    "section": "Reliability Testing",
                    "text": "Acceleration, resistance, rated current and noise must meet specifications after allowing the device to rest for 12 hours after test."
                },
                {
                    "section": "Note",
                    "text": "Unless otherwise specified: A. All dimensions are in millimeters. B. Default tolerances are \u00b10.5mm and angles are \u00b13\u00b0. Specifications subject to change or withdrawal without notice."
                }
            ],
            "key_value_pairs": [
                {
                    "section": "Specifications",
                    "property": "Rated Voltage",
                    "value": "3",
                    "unit": "VDC"
                },
                {
                    "section": "Specifications",
                    "property": "Operating Voltage Range",
                    "value": "2.5 ~ 3.7",
                    "unit": "VDC"
                },
                {
                    "section": "Specifications",
                    "property": "Direction of Rotation",
                    "value": "CW/CCW",
                    "unit": ""
                },
                {
                    "section": "Specifications",
                    "property": "Terminal Resistance",
                    "value": "43",
                    "unit": "Ohms"
                },
                {
                    "section": "Specifications",
                    "property": "Rated Speed (at 3 VDC)",
                    "value": "17,000",
                    "unit": "RPMs"
                },
                {
                    "section": "Specifications",
                    "property": "Rated Current (at 3 VDC)",
                    "value": "50",
                    "unit": "mA"
                },
                {
                    "section": "Specifications",
                    "property": "Locked Current (Max)",
                    "value": "90",
                    "unit": "mA"
                },
                {
                    "section": "Specifications",
                    "property": "Shaft Pull Strength",
                    "value": "3",
                    "unit": "Kg"
                },
                {
                    "section": "Specifications",
                    "property": "Shaft End Play (Max)",
                    "value": "0.3",
                    "unit": "mm"
                },
                {
                    "section": "Specifications",
                    "property": "Mechanical Noise (Max)",
                    "value": "50",
                    "unit": "dBA"
                },
                {
                    "section": "Specifications",
                    "property": "Housing Material",
                    "value": "SPC",
                    "unit": ""
                },
                {
                    "section": "Specifications",
                    "property": "Environmental Compliances",
                    "value": "RoHS/REACH",
                    "unit": ""
                },
                {
                    "section": "Specifications",
                    "property": "Weight",
                    "value": "0.8",
                    "unit": "Grams"
                },
                {
                    "section": "Specifications",
                    "property": "Storage Temperature",
                    "value": "-40 ~ +85",
                    "unit": "\u00b0C"
                },
                {
                    "section": "Specifications",
                    "property": "Operating Temperature",
                    "value": "-20 ~ +60",
                    "unit": "\u00b0C"
                },
                {
                    "section": "Reliability Testing",
                    "property": "High Temperature Test Temperature",
                    "value": "85",
                    "unit": "\u00b0C"
                },
                {
                    "section": "Reliability Testing",
                    "property": "High Temperature Test Test Duration Time",
                    "value": "96",
                    "unit": "hours"
                },
                {
                    "section": "Reliability Testing",
                    "property": "Low Temperature Test Temperature",
                    "value": "-40",
                    "unit": "\u00b0C"
                },
                {
                    "section": "Reliability Testing",
                    "property": "Low Temperature Test Test Duration Time",
                    "value": "96",
                    "unit": "hours"
                },
                {
                    "section": "Reliability Testing",
                    "property": "Humidity Test Temperature",
                    "value": "70",
                    "unit": "\u00b0C"
                },
                {
                    "section": "Reliability Testing",
                    "property": "Humidity Test Room Humidity",
                    "value": "90",
                    "unit": "%"
                },
                {
                    "section": "Reliability Testing",
                    "property": "Humidity Test Test Duration Time",
                    "value": "96",
                    "unit": "hours"
                },
                {
                    "section": "Reliability Testing",
                    "property": "Temperature Cycle Testing",
                    "value": "Run for two cycles with the motor driving for 0.5 seconds on 0.5 seconds off: 1cycle Temperature 3 mm deflection at 1000 cycles per minute, for 10 minutes in each axis (X, Y, Z).",
                    "unit": ""
                },
                {
                    "section": "Reliability Testing",
                    "property": "Vibration Test Weight",
                    "value": "100",
                    "unit": "g"
                },
                {
                    "section": "Reliability Testing",
                    "property": "Vibration Test Drop Height",
                    "value": "150",
                    "unit": "cm"
                },
                {
                    "section": "Reliability Testing",
                    "property": "Vibration Test Floor Material",
                    "value": "Steel",
                    "unit": ""
                },
                {
                    "section": "Reliability Testing",
                    "property": "Vibration Test Test Axis",
                    "value": "\u00b1X, \u00b1Y, \u00b1Z; total 6 faces",
                    "unit": ""
                },
                {
                    "section": "Reliability Testing",
                    "property": "Vibration Test Test Repetition",
                    "value": "2 time per face (12 total)",
                    "unit": ""
                },
                {
                    "section": "Reliability Testing",
                    "property": "Load Test",
                    "value": "1,000,000 operating cycles at room temperature Test Cycle: 0.5 seconds on, 0.5 second off",
                    "unit": ""
                },
                {
                    "section": "Packaging",
                    "property": "Item DIV.",
                    "value": "PET",
                    "unit": ""
                },
                {
                    "section": "Packaging",
                    "property": "Tray Dimension",
                    "value": "141(L) x 150(W) x 11(H)",
                    "unit": "mm"
                },
                {
                    "section": "Packaging",
                    "property": "Tray Quantity",
                    "value": "50",
                    "unit": "ea"
                },
                {
                    "section": "Packaging",
                    "property": "Inner Box Dimension",
                    "value": "150(L) x 160(W) x 115(H)",
                    "unit": "mm"
                },
                {
                    "section": "Packaging",
                    "property": "Inner Box Quantity",
                    "value": "1,000",
                    "unit": "ea"
                },
                {
                    "section": "Packaging",
                    "property": "Outer Box Dimension",
                    "value": "330(L) x 330(W) x 270(H)",
                    "unit": "mm"
                },
                {
                    "section": "Packaging",
                    "property": "Outer Box Quantity",
                    "value": "8,000",
                    "unit": "ea"
                },
                {
                    "section": "Specifications Revisions",
                    "property": "Revision",
                    "value": "A",
                    "unit": ""
                },
                {
                    "section": "Specifications Revisions",
                    "property": "Description",
                    "value": "RELEASED FROM ENGINEERING",
                    "unit": ""
                },
                {
                    "section": "Specifications Revisions",
                    "property": "Date",
                    "value": "04/07/2022",
                    "unit": ""
                }
            ]
        }
    ]
}