{
    "parts": [
        {
            "reference": "290-065",
            "brand": "Thermo Fisher Scientific",
            "description": [
                {
                    "section": "PRODUCT AND COMPANY IDENTIFICATION",
                    "text": "The product is Deionized Water, recommended for in vitro diagnostic use. The company is Fisher Diagnostics, a division of Fisher Scientific Company, LLC, part of Thermo Fisher Scientific, Inc."
                },
                {
                    "section": "HAZARDS IDENTIFICATION",
                    "text": "The product contains no substances which at their given concentration are considered to be hazardous to health. It is a liquid with no odor and no known target organs or chronic effects."
                }
            ],
            "key_value_pairs": [
                {
                    "section": "PRODUCT AND COMPANY IDENTIFICATION",
                    "property": "Product Name",
                    "value": "Deionized Water",
                    "unit": ""
                },
                {
                    "section": "PRODUCT AND COMPANY IDENTIFICATION",
                    "property": "Cat No.",
                    "value": "290-065",
                    "unit": ""
                },
                {
                    "section": "PRODUCT AND COMPANY IDENTIFICATION",
                    "property": "Synonyms",
                    "value": "No information available",
                    "unit": ""
                },
                {
                    "section": "PRODUCT AND COMPANY IDENTIFICATION",
                    "property": "Recommended Use",
                    "value": "In vitro diagnostic",
                    "unit": ""
                },
                {
                    "section": "PRODUCT AND COMPANY IDENTIFICATION",
                    "property": "Company",
                    "value": "Fisher Diagnostics",
                    "unit": ""
                },
                {
                    "section": "PRODUCT AND COMPANY IDENTIFICATION",
                    "property": "Emergency Telephone Number",
                    "value": "Chemtrec US: (800) 424-9300",
                    "unit": ""
                },
                {
                    "section": "PRODUCT AND COMPANY IDENTIFICATION",
                    "property": "Emergency Telephone Number",
                    "value": "Chemtrec EU: (202) 483-7616",
                    "unit": ""
                },
                {
                    "section": "HAZARDS IDENTIFICATION",
                    "property": "Appearance",
                    "value": "Color",
                    "unit": ""
                },
                {
                    "section": "HAZARDS IDENTIFICATION",
                    "property": "Physical State",
                    "value": "Liquid",
                    "unit": ""
                },
                {
                    "section": "HAZARDS IDENTIFICATION",
                    "property": "Odor",
                    "value": "Odorless",
                    "unit": ""
                },
                {
                    "section": "HAZARDS IDENTIFICATION",
                    "property": "Target Organs",
                    "value": "None known",
                    "unit": ""
                },
                {
                    "section": "HAZARDS IDENTIFICATION",
                    "property": "Acute Effects - Eyes",
                    "value": "No hazard from product as supplied",
                    "unit": ""
                },
                {
                    "section": "HAZARDS IDENTIFICATION",
                    "property": "Acute Effects - Skin",
                    "value": "No hazard from product as supplied",
                    "unit": ""
                },
                {
                    "section": "HAZARDS IDENTIFICATION",
                    "property": "Acute Effects - Inhalation",
                    "value": "Low hazard for usual industrial or commercial handling",
                    "unit": ""
                },
                {
                    "section": "HAZARDS IDENTIFICATION",
                    "property": "Acute Effects - Ingestion",
                    "value": "Low hazard for usual industrial or commercial handling",
                    "unit": ""
                },
                {
                    "section": "HAZARDS IDENTIFICATION",
                    "property": "Chronic Effects",
                    "value": "None known",
                    "unit": ""
                },
                {
                    "section": "HAZARDS IDENTIFICATION",
                    "property": "Aggravated Medical Conditions",
                    "value": "No information available",
                    "unit": ""
                }
            ]
        },
        {
            "reference": "23-290-065",
            "brand": "Thermo Fisher Scientific",
            "description": [
                {
                    "section": "PRODUCT AND COMPANY IDENTIFICATION",
                    "text": "The product is Deionized Water, recommended for in vitro diagnostic use. The company is Fisher Diagnostics, a division of Fisher Scientific Company, LLC, part of Thermo Fisher Scientific, Inc."
                }
            ],
            "key_value_pairs": [
                {
                    "section": "PRODUCT AND COMPANY IDENTIFICATION",
                    "property": "Product Name",
                    "value": "Deionized Water",
                    "unit": ""
                },
                {
                    "section": "PRODUCT AND COMPANY IDENTIFICATION",
                    "property": "Cat No.",
                    "value": "23-290-065",
                    "unit": ""
                }
            ]
        },
        {
            "reference": "751-610",
            "brand": "Thermo Fisher Scientific",
            "description": [
                {
                    "section": "PRODUCT AND COMPANY IDENTIFICATION",
                    "text": "The product is Deionized Water, recommended for in vitro diagnostic use. The company is Fisher Diagnostics, a division of Fisher Scientific Company, LLC, part of Thermo Fisher Scientific, Inc."
                }
            ],
            "key_value_pairs": [
                {
                    "section": "PRODUCT AND COMPANY IDENTIFICATION",
                    "property": "Product Name",
                    "value": "Deionized Water",
                    "unit": ""
                },
                {
                    "section": "PRODUCT AND COMPANY IDENTIFICATION",
                    "property": "Cat No.",
                    "value": "751-610",
                    "unit": ""
                }
            ]
        },
        {
            "reference": "23-751-610",
            "brand": "Thermo Fisher Scientific",
            "description": [
                {
                    "section": "PRODUCT AND COMPANY IDENTIFICATION",
                    "text": "The product is Deionized Water, recommended for in vitro diagnostic use. The company is Fisher Diagnostics, a division of Fisher Scientific Company, LLC, part of Thermo Fisher Scientific, Inc."
                }
            ],
            "key_value_pairs": [
                {
                    "section": "PRODUCT AND COMPANY IDENTIFICATION",
                    "property": "Product Name",
                    "value": "Deionized Water",
                    "unit": ""
                },
                {
                    "section": "PRODUCT AND COMPANY IDENTIFICATION",
                    "property": "Cat No.",
                    "value": "23-751-610",
                    "unit": ""
                }
            ]
        },
        {
            "reference": "751-628",
            "brand": "Thermo Fisher Scientific",
            "description": [
                {
                    "section": "PRODUCT AND COMPANY IDENTIFICATION",
                    "text": "The product is Deionized Water, recommended for in vitro diagnostic use. The company is Fisher Diagnostics, a division of Fisher Scientific Company, LLC, part of Thermo Fisher Scientific, Inc."
                }
            ],
            "key_value_pairs": [
                {
                    "section": "PRODUCT AND COMPANY IDENTIFICATION",
                    "property": "Product Name",
                    "value": "Deionized Water",
                    "unit": ""
                },
                {
                    "section": "PRODUCT AND COMPANY IDENTIFICATION",
                    "property": "Cat No.",
                    "value": "751-628",
                    "unit": ""
                }
            ]
        },
        {
            "reference": "23-751-628",
            "brand": "Thermo Fisher Scientific",
            "description": [
                {
                    "section": "PRODUCT AND COMPANY IDENTIFICATION",
                    "text": "The product is Deionized Water, recommended for in vitro diagnostic use. The company is Fisher Diagnostics, a division of Fisher Scientific Company, LLC, part of Thermo Fisher Scientific, Inc."
                }
            ],
            "key_value_pairs": [
                {
                    "section": "PRODUCT AND COMPANY IDENTIFICATION",
                    "property": "Product Name",
                    "value": "Deionized Water",
                    "unit": ""
                },
                {
                    "section": "PRODUCT AND COMPANY IDENTIFICATION",
                    "property": "Cat No.",
                    "value": "23-751-628",
                    "unit": ""
                }
            ]
        },
        {
            "reference": "25065A",
            "brand": "Thermo Fisher Scientific",
            "description": [
                {
                    "section": "PRODUCT AND COMPANY IDENTIFICATION",
                    "text": "The product is Deionized Water, recommended for in vitro diagnostic use. The company is Fisher Diagnostics, a division of Fisher Scientific Company, LLC, part of Thermo Fisher Scientific, Inc."
                }
            ],
            "key_value_pairs": [
                {
                    "section": "PRODUCT AND COMPANY IDENTIFICATION",
                    "property": "Product Name",
                    "value": "Deionized Water",
                    "unit": ""
                },
                {
                    "section": "PRODUCT AND COMPANY IDENTIFICATION",
                    "property": "Cat No.",
                    "value": "25065A",
                    "unit": ""
                }
            ]
        }
    ]
}