{
    "parts": [
        {
            "reference": "7846340000",
            "brand": "PARETA",
            "description": [
                {
                    "section": "OBJECTIVE",
                    "text": "The objective of this product is to cut off the hot water flow in the heating system."
                },
                {
                    "section": "APPLICATIONS",
                    "text": "The application for which it has been designed is as an appliance valve, installed directly to the heating boiler. For any other application, please consult our technical department."
                },
                {
                    "section": "LEAK-TIGHTNESS SYSTEM",
                    "text": "The leak-tightness system is by spherical shutter (ball) assembled between two PTFE seats."
                },
                {
                    "section": "OPERATION",
                    "text": "To close the flow, turn the handle clockwise. Once closed, the handle must be perpendicular to the flow direction. To open the flow, turn the handle anticlockwise. Once opened, the handle must be parallel to the flow direction. To ensure the correct valve operation, it is absolutely necessary that the valve does not remain NEVER in intermediate positions of opening or closing under any reason. It is recommended that the inlet flow be by the male thread and the outlet flow be by the free nut."
                }
            ],
            "key_value_pairs": [
                {
                    "section": "COMPONENT",
                    "property": "Handle screw",
                    "value": "Stainless steel 304",
                    "unit": ""
                },
                {
                    "section": "COMPONENT",
                    "property": "Handle",
                    "value": "Aluminium alloy",
                    "unit": ""
                },
                {
                    "section": "COMPONENT",
                    "property": "Shaft",
                    "value": "Brass",
                    "unit": ""
                },
                {
                    "section": "COMPONENT",
                    "property": "Shaft O-rings",
                    "value": "NBR",
                    "unit": ""
                },
                {
                    "section": "COMPONENT",
                    "property": "Free nut",
                    "value": "Brass",
                    "unit": ""
                },
                {
                    "section": "COMPONENT",
                    "property": "Lateral bonnet",
                    "value": "Brass",
                    "unit": ""
                },
                {
                    "section": "COMPONENT",
                    "property": "Spherical shutter (Ball)",
                    "value": "Brass",
                    "unit": ""
                },
                {
                    "section": "COMPONENT",
                    "property": "Seats",
                    "value": "P.T.F.E.",
                    "unit": ""
                },
                {
                    "section": "COMPONENT",
                    "property": "Valve body",
                    "value": "Brass",
                    "unit": ""
                },
                {
                    "section": "TECHNICAL FEATURES",
                    "property": "Red colour handle",
                    "value": "distinctive of hot water",
                    "unit": ""
                },
                {
                    "section": "TECHNICAL FEATURES",
                    "property": "Maximum working temperature",
                    "value": "+95",
                    "unit": "\u00b0C"
                },
                {
                    "section": "TECHNICAL FEATURES",
                    "property": "Minimum working temperature",
                    "value": "-20",
                    "unit": "\u00b0C"
                },
                {
                    "section": "TECHNICAL FEATURES",
                    "property": "Operating torque",
                    "value": "\u22647",
                    "unit": "N x m"
                },
                {
                    "section": "TECHNICAL FEATURES",
                    "property": "Maximum working pressure",
                    "value": "16",
                    "unit": "bar"
                },
                {
                    "section": "CODE",
                    "property": "DN",
                    "value": "20",
                    "unit": ""
                },
                {
                    "section": "CODE",
                    "property": "R1",
                    "value": "3/4\" Male",
                    "unit": ""
                },
                {
                    "section": "CODE",
                    "property": "R2",
                    "value": "3/4\" Free nut",
                    "unit": ""
                },
                {
                    "section": "CODE",
                    "property": "INNER BOX",
                    "value": "10 units",
                    "unit": ""
                },
                {
                    "section": "CODE",
                    "property": "CARTON BOX",
                    "value": "100 units",
                    "unit": ""
                },
                {
                    "section": "CODE",
                    "property": "EAN",
                    "value": "8435085523243",
                    "unit": ""
                }
            ]
        }
    ]
}