{
    "parts": [
        {
            "reference": "3SKM",
            "brand": "BLUE LINE",
            "description": [
                {
                    "section": "Submersible 3\" pump for wells and boreholes for pumping clean water, irrigation.",
                    "text": "Submersible 3\" pump for wells and boreholes for pumping clean water, irrigation."
                },
                {
                    "section": "Application",
                    "text": "- For boreholes from 125 mm\n- Power supply of pressure systems\n- Pumping clean water into households\n- Filling and emptying tanks\n- Water circulation in fountains"
                },
                {
                    "section": "Characteristics design features",
                    "text": "- Stainless steel shaft, casing and hydraulics\n- Brass impeller\n- Oil-cooled engine with compensating membrane\n- Graphite seal protected by a ring against sand"
                }
            ],
            "key_value_pairs": [
                {
                    "section": "Characteristics design features",
                    "property": "Shaft",
                    "value": "Stainless steel",
                    "unit": ""
                },
                {
                    "section": "Characteristics design features",
                    "property": "Casing",
                    "value": "Stainless steel",
                    "unit": ""
                },
                {
                    "section": "Characteristics design features",
                    "property": "Hydraulics",
                    "value": "Stainless steel",
                    "unit": ""
                },
                {
                    "section": "Characteristics design features",
                    "property": "Impeller",
                    "value": "Brass",
                    "unit": ""
                },
                {
                    "section": "Characteristics design features",
                    "property": "Engine",
                    "value": "Oil-cooled with compensating membrane",
                    "unit": ""
                },
                {
                    "section": "Characteristics design features",
                    "property": "Seal",
                    "value": "Graphite protected by a ring against sand",
                    "unit": ""
                }
            ]
        }
    ]
}