{
    "parts": [
        {
            "reference": "ZB00001299",
            "brand": "pumpa",
            "description": [
                {
                    "section": "Application",
                    "text": "suitable for water supply from wells\n- for use in recreational facilities, in gardens and for irrigation\n- suction capacity up to 8 meters"
                },
                {
                    "section": "Model",
                    "text": "blue line 5PCSm1300P-G with PUMPA vessel"
                },
                {
                    "section": "Capacity",
                    "text": "24 l"
                }
            ],
            "key_value_pairs": [
                {
                    "section": "Technical Specifications",
                    "property": "Maximum flow",
                    "value": "5.4",
                    "unit": "m\u00b3/hud"
                },
                {
                    "section": "Technical Specifications",
                    "property": "Maximum discharge head",
                    "value": "55",
                    "unit": "m"
                },
                {
                    "section": "Technical Specifications",
                    "property": "Maximum suction height",
                    "value": "8",
                    "unit": "m"
                },
                {
                    "section": "Technical Specifications",
                    "property": "Voltage / frequency",
                    "value": "230 / 50",
                    "unit": "V/Hz"
                },
                {
                    "section": "Technical Specifications",
                    "property": "Power",
                    "value": "1300",
                    "unit": "W"
                },
                {
                    "section": "Technical Specifications",
                    "property": "Connection",
                    "value": "1\" x 1\"",
                    "unit": ""
                },
                {
                    "section": "Technical Specifications",
                    "property": "Maximum fluid temperature",
                    "value": "35",
                    "unit": "\u00b0C"
                },
                {
                    "section": "Technical Specifications",
                    "property": "Maximum operating pressure",
                    "value": "10",
                    "unit": "bar"
                },
                {
                    "section": "Technical Specifications",
                    "property": "Switch-on pressure",
                    "value": "2.8",
                    "unit": "bar"
                },
                {
                    "section": "Technical Specifications",
                    "property": "Switch-off pressure",
                    "value": "4.2",
                    "unit": "bar"
                },
                {
                    "section": "Technical Specifications",
                    "property": "Rated current",
                    "value": "5.5",
                    "unit": "A"
                },
                {
                    "section": "Technical Specifications",
                    "property": "Weight",
                    "value": "25",
                    "unit": "kg"
                },
                {
                    "section": "Technical Specifications",
                    "property": "Dimension",
                    "value": "250 x 500 x 600",
                    "unit": "mm"
                }
            ]
        },
        {
            "reference": "ZB00001300",
            "brand": "pumpa",
            "description": [
                {
                    "section": "Application",
                    "text": "suitable for water supply from wells\n- for use in recreational facilities, in gardens and for irrigation\n- suction capacity up to 8 meters"
                },
                {
                    "section": "Model",
                    "text": "blue line 5PCSm1300P-G with PUMPA vessel"
                },
                {
                    "section": "Capacity",
                    "text": "50 l"
                }
            ],
            "key_value_pairs": [
                {
                    "section": "Technical Specifications",
                    "property": "Maximum flow",
                    "value": "5.4",
                    "unit": "m\u00b3/hud"
                },
                {
                    "section": "Technical Specifications",
                    "property": "Maximum discharge head",
                    "value": "55",
                    "unit": "m"
                },
                {
                    "section": "Technical Specifications",
                    "property": "Maximum suction height",
                    "value": "8",
                    "unit": "m"
                },
                {
                    "section": "Technical Specifications",
                    "property": "Voltage / frequency",
                    "value": "230 / 50",
                    "unit": "V/Hz"
                },
                {
                    "section": "Technical Specifications",
                    "property": "Power",
                    "value": "1300",
                    "unit": "W"
                },
                {
                    "section": "Technical Specifications",
                    "property": "Connection",
                    "value": "1\" x 1\"",
                    "unit": ""
                },
                {
                    "section": "Technical Specifications",
                    "property": "Maximum fluid temperature",
                    "value": "35",
                    "unit": "\u00b0C"
                },
                {
                    "section": "Technical Specifications",
                    "property": "Maximum operating pressure",
                    "value": "10",
                    "unit": "bar"
                },
                {
                    "section": "Technical Specifications",
                    "property": "Switch-on pressure",
                    "value": "2.8",
                    "unit": "bar"
                },
                {
                    "section": "Technical Specifications",
                    "property": "Switch-off pressure",
                    "value": "4.2",
                    "unit": "bar"
                },
                {
                    "section": "Technical Specifications",
                    "property": "Rated current",
                    "value": "5.5",
                    "unit": "A"
                },
                {
                    "section": "Technical Specifications",
                    "property": "Weight",
                    "value": "28",
                    "unit": "kg"
                },
                {
                    "section": "Technical Specifications",
                    "property": "Dimension",
                    "value": "400 x 650 x 750",
                    "unit": "mm"
                }
            ]
        },
        {
            "reference": "ZB00001301",
            "brand": "pumpa",
            "description": [
                {
                    "section": "Application",
                    "text": "suitable for water supply from wells\n- for use in recreational facilities, in gardens and for irrigation\n- suction capacity up to 8 meters"
                },
                {
                    "section": "Model",
                    "text": "blue line 5PCSm1300P-G with PUMPA vessel"
                },
                {
                    "section": "Capacity",
                    "text": "80 l"
                }
            ],
            "key_value_pairs": [
                {
                    "section": "Technical Specifications",
                    "property": "Maximum flow",
                    "value": "5.4",
                    "unit": "m\u00b3/hud"
                },
                {
                    "section": "Technical Specifications",
                    "property": "Maximum discharge head",
                    "value": "55",
                    "unit": "m"
                },
                {
                    "section": "Technical Specifications",
                    "property": "Maximum suction height",
                    "value": "8",
                    "unit": "m"
                },
                {
                    "section": "Technical Specifications",
                    "property": "Voltage / frequency",
                    "value": "230 / 50",
                    "unit": "V/Hz"
                },
                {
                    "section": "Technical Specifications",
                    "property": "Power",
                    "value": "1300",
                    "unit": "W"
                },
                {
                    "section": "Technical Specifications",
                    "property": "Connection",
                    "value": "1\" x 1\"",
                    "unit": ""
                },
                {
                    "section": "Technical Specifications",
                    "property": "Maximum fluid temperature",
                    "value": "35",
                    "unit": "\u00b0C"
                },
                {
                    "section": "Technical Specifications",
                    "property": "Maximum operating pressure",
                    "value": "10",
                    "unit": "bar"
                },
                {
                    "section": "Technical Specifications",
                    "property": "Switch-on pressure",
                    "value": "2.8",
                    "unit": "bar"
                },
                {
                    "section": "Technical Specifications",
                    "property": "Switch-off pressure",
                    "value": "4.2",
                    "unit": "bar"
                },
                {
                    "section": "Technical Specifications",
                    "property": "Rated current",
                    "value": "5.5",
                    "unit": "A"
                },
                {
                    "section": "Technical Specifications",
                    "property": "Weight",
                    "value": "32",
                    "unit": "kg"
                },
                {
                    "section": "Technical Specifications",
                    "property": "Dimension",
                    "value": "450 x 700 x 800",
                    "unit": "mm"
                }
            ]
        }
    ]
}