{
    "parts": [
        {
            "reference": "ZB00062639",
            "brand": "pumpa blue line",
            "description": [
                {
                    "section": "Application",
                    "text": "Pumping clean water from wells and boreholes (with cooling jacket). Irrigation, household water supply."
                },
                {
                    "section": "Characteristic design features",
                    "text": "Submersible pump with impeller made of highly resistant PPO plastic. 4I GWS pressure tank. Frequency convertor PUMPA e-line Drive-04. The set includes a five-way stainless steel valve, pressure sensor, pressure gauge."
                }
            ],
            "key_value_pairs": [
                {
                    "section": "Model",
                    "property": "Model",
                    "value": "blue line 4STE 214",
                    "unit": ""
                },
                {
                    "section": "Maximum flow",
                    "property": "Maximum flow",
                    "value": "4.5",
                    "unit": "m\u00b3/hod"
                },
                {
                    "section": "Maximum head",
                    "property": "Maximum head",
                    "value": "95",
                    "unit": "m"
                },
                {
                    "section": "Pump diameter",
                    "property": "Pump diameter",
                    "value": "4",
                    "unit": "''"
                },
                {
                    "section": "Voltage/frequency",
                    "property": "Voltage/frequency",
                    "value": "3 \u00d7 230 / 50",
                    "unit": "V/Hz"
                },
                {
                    "section": "Power",
                    "property": "Power",
                    "value": "750",
                    "unit": "W"
                },
                {
                    "section": "Connection",
                    "property": "Connection",
                    "value": "5 / 4",
                    "unit": "''"
                },
                {
                    "section": "Maximum immersion depth",
                    "property": "Maximum immersion depth",
                    "value": "40",
                    "unit": "m"
                },
                {
                    "section": "Maximum liquid temperature",
                    "property": "Maximum liquid temperature",
                    "value": "35",
                    "unit": "\u00b0C"
                },
                {
                    "section": "Cable length",
                    "property": "Cable length",
                    "value": "30",
                    "unit": "m"
                },
                {
                    "section": "Protection",
                    "property": "Protection",
                    "value": "IP 68",
                    "unit": ""
                },
                {
                    "section": "Insulation class",
                    "property": "Insulation class",
                    "value": "B",
                    "unit": ""
                },
                {
                    "section": "Weight",
                    "property": "Weight",
                    "value": "22.4",
                    "unit": "kg"
                },
                {
                    "section": "Dimension - length",
                    "property": "Dimension - length",
                    "value": "910",
                    "unit": "mm"
                }
            ]
        },
        {
            "reference": "ZB00062640",
            "brand": "pumpa blue line",
            "description": [
                {
                    "section": "Application",
                    "text": "Pumping clean water from wells and boreholes (with cooling jacket). Irrigation, household water supply."
                },
                {
                    "section": "Characteristic design features",
                    "text": "Submersible pump with impeller made of highly resistant PPO plastic. 4I GWS pressure tank. Frequency convertor PUMPA e-line Drive-04. The set includes a five-way stainless steel valve, pressure sensor, pressure gauge."
                }
            ],
            "key_value_pairs": [
                {
                    "section": "Model",
                    "property": "Model",
                    "value": "blue line 4STE 219",
                    "unit": ""
                },
                {
                    "section": "Maximum flow",
                    "property": "Maximum flow",
                    "value": "4.5",
                    "unit": "m\u00b3/hod"
                },
                {
                    "section": "Maximum head",
                    "property": "Maximum head",
                    "value": "128",
                    "unit": "m"
                },
                {
                    "section": "Pump diameter",
                    "property": "Pump diameter",
                    "value": "4",
                    "unit": "''"
                },
                {
                    "section": "Voltage/frequency",
                    "property": "Voltage/frequency",
                    "value": "3 \u00d7 230 / 50",
                    "unit": "V/Hz"
                },
                {
                    "section": "Power",
                    "property": "Power",
                    "value": "1100",
                    "unit": "W"
                },
                {
                    "section": "Connection",
                    "property": "Connection",
                    "value": "5 / 4",
                    "unit": "''"
                },
                {
                    "section": "Maximum immersion depth",
                    "property": "Maximum immersion depth",
                    "value": "40",
                    "unit": "m"
                },
                {
                    "section": "Maximum liquid temperature",
                    "property": "Maximum liquid temperature",
                    "value": "35",
                    "unit": "\u00b0C"
                },
                {
                    "section": "Cable length",
                    "property": "Cable length",
                    "value": "40",
                    "unit": "m"
                },
                {
                    "section": "Protection",
                    "property": "Protection",
                    "value": "IP 68",
                    "unit": ""
                },
                {
                    "section": "Insulation class",
                    "property": "Insulation class",
                    "value": "B",
                    "unit": ""
                },
                {
                    "section": "Weight",
                    "property": "Weight",
                    "value": "27.2",
                    "unit": "kg"
                },
                {
                    "section": "Dimension - length",
                    "property": "Dimension - length",
                    "value": "1120",
                    "unit": "mm"
                }
            ]
        },
        {
            "reference": "ZB00062641",
            "brand": "pumpa blue line",
            "description": [
                {
                    "section": "Application",
                    "text": "Pumping clean water from wells and boreholes (with cooling jacket). Irrigation, household water supply."
                },
                {
                    "section": "Characteristic design features",
                    "text": "Submersible pump with impeller made of highly resistant PPO plastic. 4I GWS pressure tank. Frequency convertor PUMPA e-line Drive-04. The set includes a five-way stainless steel valve, pressure sensor, pressure gauge."
                }
            ],
            "key_value_pairs": [
                {
                    "section": "Model",
                    "property": "Model",
                    "value": "blue line 4STE 225",
                    "unit": ""
                },
                {
                    "section": "Maximum flow",
                    "property": "Maximum flow",
                    "value": "4.5",
                    "unit": "m\u00b3/hod"
                },
                {
                    "section": "Maximum head",
                    "property": "Maximum head",
                    "value": "169",
                    "unit": "m"
                },
                {
                    "section": "Pump diameter",
                    "property": "Pump diameter",
                    "value": "4",
                    "unit": "''"
                },
                {
                    "section": "Voltage/frequency",
                    "property": "Voltage/frequency",
                    "value": "3 \u00d7 230 / 50",
                    "unit": "V/Hz"
                },
                {
                    "section": "Power",
                    "property": "Power",
                    "value": "1500",
                    "unit": "W"
                },
                {
                    "section": "Connection",
                    "property": "Connection",
                    "value": "5 / 4",
                    "unit": "''"
                },
                {
                    "section": "Maximum immersion depth",
                    "property": "Maximum immersion depth",
                    "value": "40",
                    "unit": "m"
                },
                {
                    "section": "Maximum liquid temperature",
                    "property": "Maximum liquid temperature",
                    "value": "35",
                    "unit": "\u00b0C"
                },
                {
                    "section": "Cable length",
                    "property": "Cable length",
                    "value": "50",
                    "unit": "m"
                },
                {
                    "section": "Protection",
                    "property": "Protection",
                    "value": "IP 68",
                    "unit": ""
                },
                {
                    "section": "Insulation class",
                    "property": "Insulation class",
                    "value": "B",
                    "unit": ""
                },
                {
                    "section": "Weight",
                    "property": "Weight",
                    "value": "33.5",
                    "unit": "kg"
                },
                {
                    "section": "Dimension - length",
                    "property": "Dimension - length",
                    "value": "1318",
                    "unit": "mm"
                }
            ]
        }
    ]
}