[
    {
        "name": "extract_and_classify_text",
        "arguments": {
            "document_content": "        Perform OCR on the provided document (PDF or image) and extract and classify the text into structured data, with a primary focus on accurately differentiating each distinct product listed in the catalogue. Each product should be uniquely identified and grouped under its own entry based on its reference number (or placeholder if missing).\n\n        ### Product Differentiation Rules (CRUCIAL FIRST STEP):\n        1. Identify each individual product using reference numbers, product titles, section boundaries, or layout indicators.\n        2. If multiple references are grouped in a table or list, ensure each reference becomes its own product entry.\n        3. If a product has no clear reference, use the placeholder \"NO_REF\".\n        4. Do not merge data across products. Treat each reference as an isolated unit for extraction.\n\n        ### For Each Product, Extract the Following:\n        - **Brand**: The product's brand name. If multiple brands are mentioned, associate the correct one to each product based on proximity or section logic.\n        - **Reference**: The unique product reference. Use \"NO_REF\" if not available.\n        - **Description Sections**: Text blocks that describe the product. Each should include:\n        - `section`: Section name or heading\n        - `text`: Text content under that section\n        - **Key-Value Pairs**: Technical or descriptive attributes of the product. Each must include:\n        - `section`: Name of the surrounding section (if available)\n        - `property`: Attribute or property name\n        - `value`: Value associated with the property\n        - `unit`: Measurement unit (if applicable; leave empty if not)\n\n        ### Table & Format Handling:\n        - Tables may encode multiple products \u2014 differentiate rows/columns accordingly and assign data to the correct product reference.\n        - Use table headers to infer the logical orientation (row-wise or column-wise).\n        - Flatten matrix-style tables: for each reference, extract all property-value-unit combinations into distinct key-value entries.\n        - Avoid assumptions; prefer explicit text from the document.\n        - If a table lacks headers, extract all meaningful combinations and apply post-filtering logic if needed.\n\n        ### General Extraction Rules:\n        - Preserve document hierarchy: sections \u2192 descriptions & key-value pairs.\n        - Extract from all formats (tables, lists, inline text).\n        - Normalize values and units where possible.\n        - Do not invent or infer content. Only extract information explicitly present in the document.\n        - Before recording a section name, reference, brand, property, or value, ensure the word is present in the document and clearly readable.\n\n        ### Output Format (Valid JSON):\n        {\n            \"parts\": [\n                {\n                    \"reference\": \"<Product Reference>\",\n                    \"brand\": \"<Brand Name>\",\n                    \"description\": [\n                        {\n                            \"section\": \"<Section Name>\",\n                            \"text\": \"<Description Text>\"\n                        }\n                    ],\n                    \"key_value_pairs\": [\n                        {\n                            \"section\": \"<Section Name>\",\n                            \"property\": \"<Property Name>\",\n                            \"value\": \"<Value>\",\n                            \"unit\": \"<Unit>\"\n                        }\n                    ]\n                },\n                {\n                    \"reference\": \"<Another Product Reference>\",\n                    \"brand\": \"<Brand Name>\",\n                    \"description\": [\n                        {\n                            \"section\": \"<Section Name>\",\n                            \"text\": \"<Description Text>\"\n                        }\n                    ],\n                    \"key_value_pairs\": [\n                        {\n                            \"section\": \"<Section Name>\",\n                            \"property\": \"<Property Name>\",\n                            \"value\": \"<Value>\",\n                            \"unit\": \"<Unit>\"\n                        }\n                    ]\n                }\n            ]\n        }\n\n        <START OF DOCUMENT>\n\n        ![Image 1](image1.png)\n        ![Image 2](image2.png)\n        ![Image 3](image3.png)\n\n        M 1:2\n\n        | {f202c4229149c33916d2339161339162133916313391641339165133916613391671339168} |  |  |  |  |  |  |  |  |  |  |  |  |  |  |  |\n        :--: | :--: | :--: | :--: | :--: | :--: | :--: | :--: | :--: | :--: | :--: | :--: | :--: | :--: | :--: | :--: |\n        Values at nominal voltage |  |  |  |  |  |  |  |  |  |  |  |  |  |  |  |\n        1 Nominal voltage | V | 72 | 9 | 12 | 18 | 24 | 30 | 36 | 48 | 48 | 48 | 48 |  |  |\n        2 No load speed | rpm | 10500 | 9710 | 9620 | 10400 | 10900 | 9210 | 10100 | 9540 | 8450 | 6720 | 4650 |  |  |\n        3 No load current | mA | 133 | 93.2 | 68.1 | 50.6 | 40.2 | 25 | 23.7 | 16.4 | 13.7 | 9.89 | 6 |  |  |\n        4 Nominal speed | rpm | 8970 | 8260 | 8310 | 9190 | 9690 | 8010 | 8860 | 8360 | 7270 | 5530 | 3430 |  |  |\n        5 Nominal torque | mNm | 21.9 | 24.4 | 27.5 | 29.1 | 30.4 | 31.4 | 30.7 | 31.7 | 32.3 | 32.9 | 32.8 |  |  |\n        6 Nominal current (max. continuous current) | A | 3.68 | 2.97 | 2.45 | 1.85 | 1.5 | 1.04 | 0.931 | 0.68 | 0.614 | 0.495 | 0.341 |  |  |\n        7 Stall torque | mNm | 259 | 238 | 268 | 297 | 325 | 265 | 279 | 270 | 243 | 192 | 127 |  |  |\n        8 Stall current | A | 42.1 | 28.1 | 23.2 | 18.4 | 15.6 | 8.61 | 8.24 | 5.67 | 4.51 | 2.84 | 1.3 |  |  |\n        9 Max. efficiency | % | 79 | 81 | 84 | 86 | 88 | 88 | 88 | 89 | 88 | 88 | 86 |  |  |\n        Characteristics |  |  |  |  |  |  |  |  |  |  |  |  |  |  |  |\n        10 Terminal resistance | O | 0.171 | 0.32 | 0.517 | 0.98 | 1.53 | 3.49 | 4.37 | 8.47 | 10.6 | 16.9 | 36.8 |  |  |\n        11 Terminal inductance | mH | 0.016 | 0.031 | 0.057 | 0.112 | 0.186 | 0.407 | 0.493 | 0.979 | 1.25 | 1.97 | 4.11 |  |  |\n        12 Torque constant | mNm/A | 6.15 | 8.46 | 11.5 | 16.1 | 20.8 | 30.8 | 33.8 | 47.7 | 53.8 | 67.7 | 97.6 |  |  |\n        13 Speed constant | rpm/V | 1550 | 1130 | 828 | 591 | 460 | 311 | 282 | 200 | 177 | 141 | 97.8 |  |  |\n        14 Speed/torque gradient | rpm/mNm | 43.2 | 42.8 | 37.1 | 35.9 | 34 | 35.2 | 36.5 | 35.6 | 35.1 | 35.2 | 36.9 |  |  |\n        15 Mechanical time constant | ms | 6.52 | 6.06 | 5.62 | 5.36 | 5.24 | 5.17 | 5.16 | 5.13 | 5.12 | 5.12 | 5.14 |  |  |\n        16 Rotor inertia | gcm^2 | 14.4 | 13.5 | 14.5 | 14.3 | 14.7 | 14 | 13.5 | 13.8 | 13.9 | 13.9 | 13.3 |  |  |\n        Specifications |  | Operating Range |  |  |  |  |  | Comments |  |  |  |  |  |  |  |\n        Thermal data |  |  |  |  |  |  |  |  |  |  |  |  |  |  |  |\n        17 Thermal resistance housing-ambient | 14.4 K/W |  |  |  |  |  |  |  |  |  |  |  |  |  |  |\n        18 Thermal resistance winding-housing | 5.1 K/W |  |  |  |  |  |  |  |  |  |  |  |  |  |  |\n        19 Thermal time constant winding | 27.7 s |  |  |  |  |  |  |  |  |  |  |  |  |  |  |\n        20 Thermal time constant motor | 543 s |  |  |  |  |  |  |  |  |  |  |  |  |  |  |\n        21 Ambient temperature | -30\u2026+100\u00b0C |  |  |  |  |  |  |  |  |  |  |  |  |  |  |\n        22 Max. winding temperature | +155\u00b0C |  |  |  |  |  |  |  |  |  |  |  |  |  |  |\n        Mechanical data (ball bearings) |  |  |  |  |  |  |  |  |  |  |  |  |  |  |  |\n        23 Max. speed | 14000 rpm |  |  |  |  |  |  |  |  |  |  |  |  |  |  |\n        24 Axial play | 0.05-0.15 mm |  |  |  |  |  |  |  |  |  |  |  |  |  |  |\n        25 Radial play | 0.025 mm |  |  |  |  |  |  |  |  |  |  |  |  |  |  |\n        26 Max. axial load (dynamic) | 20 N |  |  |  |  |  |  |  |  |  |  |  |  |  |  |\n        27 Max. force for press fits (static) (static, shaft supported) | 60 N 1000 N |  |  |  |  |  |  |  |  |  |  |  |  |  |  |\n        28 Max. radial load, 5 mm from flange | 35 N |  |  |  |  |  |  |  |  |  |  |  |  |  |  |\n        Other specifications |  | Operating Range |  |  |  |  |  | Comments |  |  |  |  |  |  |  |  |\n        29 Number of pole pairs |  |  |  |  |  |  |  |  |  |  |  |  |  |  |  |\n        30 Number of commutator segments |  | n [rpm] |  |  |  |  |  |  |  |  |  |  |  |  |  |\n        31 Weight of motor |  |  |  |  |  |  |  |  |  |  |  |  |  |  |  |\n        Values listed in the table are nominal. Explanation of the figures on page 90. | 14.4 |  |  |  |  |  |  |  |  |  |  |  |  |  |  |\n        Values listed in the table are nominal. Explanation of the figures on page 90. | 15000 |  |  |  |  |  |  |  |  |  |  |  |  |  |  |\n        | 543 s |  |  |  |  |  |  |  |  |  |  |  |  |  |  |\n        | -30\u2026+100\u00b0C |  |  |  |  |  |  |  |  |  |  |  |  |  |  |\n        | +155\u00b0C |  |  |  |  |  |  |  |  |  |  |  |  |  |  |\n        | Mechanical data (ball bearings) |  |  |  |  |  |  |  |  |  |  |  |  |  |  |  |\n        23 Max. speed | 14000 rpm |  |  |  |  |  |  |  |  |  |  |  |  |  |  |\n        24 Axial play | 0.05-0.15 mm |  |  |  |  |  |  |  |  |  |  |  |  |  |  |\n        25 Radial play | 0.025 mm |  |  |  |  |  |  |  |  |  |  |  |  |  |  |\n        26 Max. axial load (dynamic) | 20 N |  |  |  |  |  |  |  |  |  |  |  |  |  |  |\n        27 Max. force for press fits (static) (static, shaft supported) | 60 N 1000 N |  |  |  |  |  |  |  |  |  |  |  |  |  |  |\n        28 Max. radial load, 5 mm from flange | 35 N |  |  |  |  |  |  |  |  |  |  |  |  |  |  |\n        Other specifications |  | Operating Range |  |  |  |  |  | Comments |  |  |  |  |  |  |  |  |\n        29 Number of pole pairs |  | Modular System |  |  |  |  |  |  |  |  |  |  |  |  | Details on catalog page 44 |\n        30 Number of commutator segments |  |  |  |  |  |  |  |  |  |  |  |  |  |  |  |\n        31 Weight of motor | 115 g |  |  |  |  |  |  |  |  |  |  |  |  |  |  |\n        Values listed in the table are nominal. Explanation of the figures on page 90. | 414_GP 22 HD |  |  |  |  |  |  |  |  |  |  |  |  |  | 532_ESCON Module 24/2 |\n        | 115 g |  |  |  |  |  |  |  |  |  |  |  |  |  | 532_ESCON 36/2 DC |\n        | 416_GP 22 HD |  |  |  |  |  |  |  |  |  |  |  |  |  | 533_ESCON Module 50/5 |\n        | 418_GP 32 BZ |  |  |  |  |  |  |  |  |  |  |  |  |  | 535_ESCON 50/5 |\n        | 419_GP 32 A |  |  |  |  |  |  |  |  |  |  |  |  |  | 541_EPOS4 Micro 24/5 |\n        | 422_GP 32 C |  |  |  |  |  |  |  |  |  |  |  |  |  | 542_EPOS4 Module 24/1.5 |\n        | 429_KD 32 |  |  |  |  |  |  |  |  |  |  |  |  |  | 542_EPOS4 Module 50/5 |\n        | 452-460_GP 32 S |  |  |  |  |  |  |  |  |  |  |  |  |  | 543_EPOS4 Compact 24/5 3-axes |\n        |  |  |  |  |  |  |  |  |  |  |  |  |  |  | 544_EPOS4 Compact 24/1.5 |\n        |  |  |  |  |  |  |  |  |  |  |  |  |  |  | 545_EPOS4 Compact 50/5 |\n        |  |  |  |  |  |  |  |  |  |  |  |  |  |  | 547_EPOS4 50/5 |\n\n        <END OF DOCUMENT>"
        }
    }
]