[
    {
        "message": "I have processed the document and extracted the structured data as per your requirements. Here is the JSON output:",
        "data": "```json\n{\n    \"parts\": [\n        {\n            \"reference\": \"SV/S 30.160.1.1\",\n            \"brand\": \"ABB i-bus KNX\",\n            \"description\": [\n                {\n                    \"section\": \"Power Supply, 160 mA, MDRC\",\n                    \"text\": \"KNX power supplies generate and monitor the KNX system voltage (SELV). The bus line is decoupled from the power supply by an integrated choke. The voltage output is short-circuit and overload protected. The two-color LED indicates device output status. With two-coloured status indicator and wide range input from 85\u2026265 V AC, 50/60 Hz.\"\n                }\n            ],\n            \"key_value_pairs\": [\n                {\n                    \"section\": \"Order details\",\n                    \"property\": \"Type code\",\n                    \"value\": \"SV/S 30.160.1.1\",\n                    \"unit\": \"\"\n                },\n                {\n                    \"section\": \"Order details\",\n                    \"property\": \"Order code\",\n                    \"value\": \"2CDG110144R0011\",\n                    \"unit\": \"\"\n                },\n                {\n                    \"section\": \"Price 1 piece\",\n                    \"property\": \"Price\",\n                    \"value\": \"\",\n                    \"unit\": \"\u20ac\"\n                },\n                {\n                    \"section\": \"Weight 1 piece\",\n                    \"property\": \"Weight\",\n                    \"value\": \"0.30\",\n                    \"unit\": \"kg\"\n                },\n                {\n                    \"section\": \"Pack unit\",\n                    \"property\": \"Pack unit\",\n                    \"value\": \"1\",\n                    \"unit\": \"pc.\"\n                },\n                {\n                    \"section\": \"Mod. width\",\n                    \"property\": \"Mod. width\",\n                    \"value\": \"4\",\n                    \"unit\": \"\"\n                }\n            ]\n        },\n        {\n            \"reference\": \"SV/S 30.320.1.1\",\n            \"brand\": \"ABB i-bus KNX\",\n            \"description\": [\n                {\n                    \"section\": \"Power Supply, 320 mA, MDRC\",\n                    \"text\": \"KNX power supplies generate and monitor the KNX system voltage (SELV). The bus line is decoupled from the power supply by an integrated choke. The voltage output is short-circuit and overload protected. The two-color LED indicates device output status. With two-coloured status indicator and wide range input from 85\u2026265 V AC, 50/60 Hz.\"\n                }\n            ],\n            \"key_value_pairs\": [\n                {\n                    \"section\": \"Order details\",\n                    \"property\": \"Type code\",\n                    \"value\": \"SV/S 30.320.1.1\",\n                    \"unit\": \"\"\n                },\n                {\n                    \"section\": \"Order details\",\n                    \"property\": \"Order code\",\n                    \"value\": \"2CDG110166R0011\",\n                    \"unit\": \"\"\n                },\n                {\n                    \"section\": \"Price 1 piece\",\n                    \"property\": \"Price\",\n                    \"value\": \"\",\n                    \"unit\": \"\u20ac\"\n                },\n                {\n                    \"section\": \"Weight 1 piece\",\n                    \"property\": \"Weight\",\n                    \"value\": \"0.30\",\n                    \"unit\": \"kg\"\n                },\n                {\n                    \"section\": \"Pack unit\",\n                    \"property\": \"Pack unit\",\n                    \"value\": \"1\",\n                    \"unit\": \"pc.\"\n                },\n                {\n                    \"section\": \"Mod. width\",\n                    \"property\": \"Mod. width\",\n                    \"value\": \"4\",\n                    \"unit\": \"\"\n                }\n            ]\n        },\n        {\n            \"reference\": \"SV/S 30.640.3.1\",\n            \"brand\": \"ABB i-bus KNX\",\n            \"description\": [\n                {\n                    \"section\": \"Power Supply, 640 mA, MDRC\",\n                    \"text\": \"KNX power supplies generate and monitor the KNX system voltage (SELV). The bus line is decoupled from the power supply by an integrated choke. The voltage output is short-circuit and overload protected. The two-color LED indicates device output status. Device type SV/S 30.640.3.1 has an additional 30 V DC short-circuit and overload protected voltage output that can be used to power an additional bus line (in combination with a separate choke). With two-coloured status indicator and wide range input from 85\u2026265 V AC, 50/60 Hz.\"\n                }\n            ],\n            \"key_value_pairs\": [\n                {\n                    \"section\": \"Order details\",\n                    \"property\": \"Type code\",\n                    \"value\": \"SV/S 30.640.3.1\",\n                    \"unit\": \"\"\n                },\n                {\n                    \"section\": \"Order details\",\n                    \"property\": \"Order code\",\n                    \"value\": \"2CDG110167R0011\",\n                    \"unit\": \"\"\n                },\n                {\n                    \"section\": \"Price 1 piece\",\n                    \"property\": \"Price\",\n                    \"value\": \"\",\n                    \"unit\": \"\u20ac\"\n                },\n                {\n                    \"section\": \"Weight 1 piece\",\n                    \"property\": \"Weight\",\n                    \"value\": \"0.30\",\n                    \"unit\": \"kg\"\n                },\n                {\n                    \"section\": \"Pack unit\",\n                    \"property\": \"Pack unit\",\n                    \"value\": \"1\",\n                    \"unit\": \"pc.\"\n                },\n                {\n                    \"section\": \"Mod. width\",\n                    \"property\": \"Mod. width\",\n                    \"value\": \"4\",\n                    \"unit\": \"\"\n                }\n            ]\n        },\n        {\n            \"reference\": \"SV/S 30.320.2.1\",\n            \"brand\": \"ABB i-bus KNX\",\n            \"description\": [\n                {\n                    \"section\": \"Power Supply with Diagnostics, 320 mA, MDRC\",\n                    \"text\": \"Compact Power Supply with Integrated choke. Quick diagnostics by LED display and ETS communication objects. Analysis of the operating state and the bus line possible by means of ABB i-bus Tool.\"\n                }\n            ],\n            \"key_value_pairs\": [\n                {\n                    \"section\": \"Order details\",\n                    \"property\": \"Type code\",\n                    \"value\": \"SV/S 30.320.2.1\",\n                    \"unit\": \"\"\n                },\n                {\n                    \"section\": \"Order details\",\n                    \"property\": \"Order code\",\n                    \"value\": \"2CDG110145R0011\",\n                    \"unit\": \"\"\n                },\n                {\n                    \"section\": \"Price 1 piece\",\n                    \"property\": \"Price\",\n                    \"value\": \"\",\n                    \"unit\": \"\u20ac\"\n                },\n                {\n                    \"section\": \"Weight 1 piece\",\n                    \"property\": \"Weight\",\n                    \"value\": \"0.26\",\n                    \"unit\": \"kg\"\n                },\n                {\n                    \"section\": \"Pack unit\",\n                    \"property\": \"Pack unit\",\n                    \"value\": \"1\",\n                    \"unit\": \"pc.\"\n                },\n                {\n                    \"section\": \"Mod. width\",\n                    \"property\": \"Mod. width\",\n                    \"value\": \"4\",\n                    \"unit\": \"\"\n                }\n            ]\n        },\n        {\n            \"reference\": \"SV/S 30.640.5.1\",\n            \"brand\": \"ABB i-bus KNX\",\n            \"description\": [\n                {\n                    \"section\": \"Power Supply with Diagnostics, 640 mA, MDRC\",\n                    \"text\": \"Compact Power Supply with integrated choke. Quick diagnostics by LED display and ETS communication objects. Analysis of the operating state and the bus line possible by means of ABB i-bus Tool. Additional voltage output to supply an additional line in conjunction with an additional choke.\"\n                }\n            ],\n            \"key_value_pairs\": [\n                {\n                    \"section\": \"Order details\",\n                    \"property\": \"Type code\",\n                    \"value\": \"SV/S 30.640.5.1\",\n                    \"unit\": \"\"\n                },\n                {\n                    \"section\": \"Order details\",\n                    \"property\": \"Order code\",\n                    \"value\": \"2CDG110146R0011\",\n                    \"unit\": \"\"\n                },\n                {\n                    \"section\": \"Price 1 piece\",\n                    \"property\": \"Price\",\n                    \"value\": \"\",\n                    \"unit\": \"\u20ac\"\n                },\n                {\n                    \"section\": \"Weight 1 piece\",\n                    \"property\": \"Weight\",\n                    \"value\": \"0.26\",\n                    \"unit\": \"kg\"\n                },\n                {\n                    \"section\": \"Pack unit\",\n                    \"property\": \"Pack unit\",\n                    \"value\": \"1\",\n                    \"unit\": \"pc.\"\n                },\n                {\n                    \"section\": \"Mod. width\",\n                    \"property\": \"Mod. width\",\n                    \"value\": \"4\",\n                    \"unit\": \"\"\n                }\n            ]\n        },\n        {\n            \"reference\": \"SU/S 30.640.2\",\n            \"brand\": \"ABB i-bus KNX\",\n            \"description\": [\n                {\n                    \"section\": \"Uninterruptible KNX Power Supply, 640 mA, MDRC\",\n                    \"text\": \"Uninterruptible power supply 640 mA with integrated choke for supplying an ABB i-bus KNX bus line, short-circuit- and overload-proof. LEDs to indicate the status of the bus current, mains voltage, and battery voltage. Wide range input from 85\u2026265 V AC, 50/60 Hz. The accumulator module AM/S 12.1 or up to 2 rechargeable batteries can be charged in normal operation by the voltage supply. The bus voltage is provided utilising the batteries in the event of a mains failure.\"\n                }\n            ],\n            \"key_value_pairs\": [\n                {\n                    \"section\": \"Order details\",\n                    \"property\": \"Type code\",\n                    \"value\": \"SU/S 30.640.2\",\n                    \"unit\": \"\"\n                },\n                {\n                    \"section\": \"Order details\",\n                    \"property\": \"Order code\",\n                    \"value\": \"2CDG110275R0011\",\n                    \"unit\": \"\"\n                },\n                {\n                    \"section\": \"Price 1 piece\",\n                    \"property\": \"Price\",\n                    \"value\": \"\",\n                    \"unit\": \"\u20ac\"\n                },\n                {\n                    \"section\": \"Weight 1 piece\",\n                    \"property\": \"Weight\",\n                    \"value\": \"0.40\",\n                    \"unit\": \"kg\"\n                },\n                {\n                    \"section\": \"Pack unit\",\n                    \"property\": \"Pack unit\",\n                    \"value\": \"1\",\n                    \"unit\": \"pc.\"\n                },\n                {\n                    \"section\": \"Mod. width\",\n                    \"property\": \"Mod. width\",\n                    \"value\": \"8\",\n                    \"unit\": \"\"\n                }\n            ]\n        },\n        {\n            \"reference\": \"AM/S 12.1\",\n            \"brand\": \"ABB i-bus KNX\",\n            \"description\": [\n                {\n                    \"section\": \"Battery Module, 12 V DC, MDRC\",\n                    \"text\": \"With lead-gel battery for use in uninterruptible power supply SU/S 30.640.2 and for maintaining the bus voltage during a mains failure for 10 minutes (at full load). Connection is made via 4-core standard cable.\"\n                }\n            ],\n            \"key_value_pairs\": [\n                {\n                    \"section\": \"Order details\",\n                    \"property\": \"Type code\",\n                    \"value\": \"AM/S 12.1\",\n                    \"unit\": \"\"\n                },\n                {\n                    \"section\": \"Order details\",\n                    \"property\": \"Order code\",\n                    \"value\": \"GHQ6310062R0111\",\n                    \"unit\": \"\"\n                },\n                {\n                    \"section\": \"Price 1 piece\",\n                    \"property\": \"Price\",\n                    \"value\": \"\",\n                    \"unit\": \"\u20ac\"\n                },\n                {\n                    \"section\": \"Weight 1 piece\",\n                    \"property\": \"Weight\",\n                    \"value\": \"0.81\",\n                    \"unit\": \"kg\"\n                },\n                {\n                    \"section\": \"Pack unit\",\n                    \"property\": \"Pack unit\",\n                    \"value\": \"1\",\n                    \"unit\": \"pc.\"\n                },\n                {\n                    \"section\": \"Mod. width\",\n                    \"property\": \"Mod. width\",\n                    \"value\": \"8\",\n                    \"unit\": \"\"\n                }\n            ]\n        },\n        {\n            \"reference\": \"KS/K 4.1\",\n            \"brand\": \"ABB i-bus KNX\",\n            \"description\": [\n                {\n                    \"section\": \"Cable Sets\",\n                    \"text\": \"For connection of sealed lead gel batteries SAK7, SAK12 and SAK17 to the uninterruptible KNX power supply SU/S 30.640.2 or the uninterruptible power supply NTU/S 12.2000.1. If only one battery is connected, the basic cable set KS/K 4.1 with integrated temperature sensor is to be used. In case two batteries are connected in parallel, the basic cable set KS/K 4.1 is to be used for the first battery and the extension cable set KS/K 2.1 is to used for the second battery. It is not permitted to connect more than two batteries in parallel.\"\n                }\n            ],\n            \"key_value_pairs\": [\n                {\n                    \"section\": \"Order details\",\n                    \"property\": \"Type code\",\n                    \"value\": \"KS/K 4.1\",\n                    \"unit\": \"\"\n                },\n                {\n                    \"section\": \"Order details\",\n                    \"property\": \"Order code\",\n                    \"value\": \"GHQ6301910R0001\",\n                    \"unit\": \"\"\n                },\n                {\n                    \"section\": \"Price 1 piece\",\n                    \"property\": \"Price\",\n                    \"value\": \"0.18\",\n                    \"unit\": \"\u20ac\"\n                },\n                {\n                    \"section\": \"Weight 1 piece\",\n                    \"property\": \"Weight\",\n                    \"value\": \"1\",\n                    \"unit\": \"pc.\"\n                },\n                {\n                    \"section\": \"Pack unit\",\n                    \"property\": \"Pack unit\",\n                    \"value\": \"1\",\n                    \"unit\": \"pc.\"\n                }\n            ]\n        },\n        {\n            \"reference\": \"KS/K 2.1\",\n            \"brand\": \"ABB i-bus KNX\",\n            \"description\": [\n                {\n                    \"section\": \"Cable Sets\",\n                    \"text\": \"For connection of sealed lead gel batteries SAK7, SAK12 and SAK17 to the uninterruptible KNX power supply SU/S 30.640.2 or the uninterruptible power supply NTU/S 12.2000.1. If only one battery is connected, the basic cable set KS/K 4.1 with integrated temperature sensor is to be used. In case two batteries are connected in parallel, the basic cable set KS/K 4.1 is to be used for the first battery and the extension cable set KS/K 2.1 is to used for the second battery. It is not permitted to connect more than two batteries in parallel.\"\n                }\n            ],\n            \"key_value_pairs\": [\n                {\n                    \"section\": \"Order details\",\n                    \"property\": \"Type code\",\n                    \"value\": \"KS/K 2.1\",\n                    \"unit\": \"\"\n                },\n                {\n                    \"section\": \"Order details\",\n                    \"property\": \"Order code\",\n                    \"value\": \"GHQ6301910R0011\",\n                    \"unit\": \"\"\n                },\n                {\n                    \"section\": \"Price 1 piece\",\n                    \"property\": \"Price\",\n                    \"value\": \"0.12\",\n                    \"unit\": \"\u20ac\"\n                },\n                {\n                    \"section\": \"Weight 1 piece\",\n                    \"property\": \"Weight\",\n                    \"value\": \"1\",\n                    \"unit\": \"pc.\"\n                },\n                {\n                    \"section\": \"Pack unit\",\n                    \"property\": \"Pack unit\",\n                    \"value\": \"1\",\n                    \"unit\": \"pc.\"\n                }\n            ]\n        },\n        {\n            \"reference\": \"DR/S 4.1\",\n            \"brand\": \"ABB i-bus KNX\",\n            \"description\": [\n                {\n                    \"section\": \"Choke, MDRC\",\n                    \"text\": \"The device can be used together with a SV/S 30.640.5.1 or SV/S 30.640.3.1 to supply a second line. The device has a reset switch for isolating the bus voltage and resetting the bus devices connected to this line. Connection to ABB I-bus via Bus Connection Terminal.\"\n                }\n            ],\n            \"key_value_pairs\": [\n                {\n                    \"section\": \"Order details\",\n                    \"property\": \"Type code\",\n                    \"value\": \"DR/S 4.1\",\n                    \"unit\": \"\"\n                },\n                {\n                    \"section\": \"Order details\",\n                    \"property\": \"Order code\",\n                    \"value\": \"2CDG110029R0011\",\n                    \"unit\": \"\"\n                },\n                {\n                    \"section\": \"Price 1 piece\",\n                    \"property\": \"Price\",\n                    \"value\": \"0.16\",\n                    \"unit\": \"\u20ac\"\n                },\n                {\n                    \"section\": \"Weight 1 piece\",\n                    \"property\": \"Weight\",\n                    \"value\": \"1\",\n                    \"unit\": \"pc.\"\n                },\n                {\n                    \"section\": \"Pack unit\",\n                    \"property\": \"Pack unit\",\n                    \"value\": \"1\",\n                    \"unit\": \"pc.\"\n                },\n                {\n                    \"section\": \"Mod. width\",\n                    \"property\": \"Mod. width\",\n                    \"value\": \"2\",\n                    \"unit\": \"\"\n                }\n            ]\n        },\n        {\n            \"reference\": \"NTI/Z 28.30.1\",\n            \"brand\": \"ABB i-bus KNX\",\n            \"description\": [\n                {\n                    \"section\": \"Commissioning Power Supply, 28 V DC, 30 mA\",\n                    \"text\": \"For temporary power supply of KNX devices during commissioning. The Euroconnector and plug-in terminal provide faster connection and supply of devices with manual operation (e.g. FCC/S or SA/S).\"\n                }\n            ],\n            \"key_value_pairs\": [\n                {\n                    \"section\": \"Order details\",\n                    \"property\": \"Type code\",\n                    \"value\": \"NTI/Z 28.30.1\",\n                    \"unit\": \"\"\n                },\n                {\n                    \"section\": \"Order details\",\n                    \"property\": \"Order code\",\n                    \"value\": \"2CDG110096R0011\",\n                    \"unit\": \"\"\n                },\n                {\n                    \"section\": \"Price 1 piece\",\n                    \"property\": \"Price\",\n                    \"value\": \"0.14\",\n                    \"unit\": \"\u20ac\"\n                },\n                {\n                    \"section\": \"Weight 1 piece\",\n                    \"property\": \"Weight\",\n                    \"value\": \"1\",\n                    \"unit\": \"pc.\"\n                },\n                {\n                    \"section\": \"Pack unit\",\n                    \"property\": \"Pack unit\",\n                    \"value\": \"1\",\n                    \"unit\": \"pc.\"\n                }\n            ]\n        },\n        {\n            \"reference\": \"CP-D 12/0.83\",\n            \"brand\": \"ABB i-bus KNX\",\n            \"description\": [\n                {\n                    \"section\": \"Power Supply Units, MDRC\",\n                    \"text\": \"The supply units that can be used universally as auxiliary power supply in KNX installations or other SELV applications. The devices supply a regulated output voltage of 12 V DC or 24 V DC with a maximum output current of 0.42 A up to 4.2 A. The units are protected against overload, the output being able to sustain a continuous short circuit. LED indication of the status of the supply and output voltage. With a width between one to five modules only, the CP-D range power supplies are ideally suited for the installation in distribution panels. Optimised for world-wide applications: The CP-D power supplies can be supplied with a rated voltage of 100-240 V AC.\"\n                }\n            ],\n            \"key_value_pairs\": [\n                {\n                    \"section\": \"Order details\",\n                    \"property\": \"Type code\",\n                    \"value\": \"CP-D 12/0.83\",\n                    \"unit\": \"\"\n                },\n                {\n                    \"section\": \"Order details\",\n                    \"property\": \"Order code\",\n                    \"value\": \"1SVR427041R1000\",\n                    \"unit\": \"\"\n                },\n                {\n                    \"section\": \"Price 1 piece\",\n                    \"property\": \"Price\",\n                    \"value\": \"0.07\",\n                    \"unit\": \"\u20ac\"\n                },\n                {\n                    \"section\": \"Weight 1 piece\",\n                    \"property\": \"Weight\",\n                    \"value\": \"1\",\n                    \"unit\": \"pc.\"\n                },\n                {\n                    \"section\": \"Pack unit\",\n                    \"property\": \"Pack unit\",\n                    \"value\": \"1\",\n                    \"unit\": \"pc.\"\n                },\n                {\n                    \"section\": \"Mod. width\",\n                    \"property\": \"Mod. width\",\n                    \"value\": \"1\",\n                    \"unit\": \"\"\n                }\n            ]\n        },\n        {\n            \"reference\": \"CP-D 12/2.1\",\n            \"brand\": \"ABB i-bus KNX\",\n            \"description\": [\n                {\n                    \"section\": \"Power Supply Units, MDRC\",\n                    \"text\": \"The supply units that can be used universally as auxiliary power supply in KNX installations or other SELV applications. The devices supply a regulated output voltage of 12 V DC or 24 V DC with a maximum output current of 0.42 A up to 4.2 A. The units are protected against overload, the output being able to sustain a continuous short circuit. LED indication of the status of the supply and output voltage. With a width between one to five modules only, the CP-D range power supplies are ideally suited for the installation in distribution panels. Optimised for world-wide applications: The CP-D power supplies can be supplied with a rated voltage of 100-240 V AC.\"\n                }\n            ],\n            \"key_value_pairs\": [\n                {\n                    \"section\": \"Order details\",\n                    \"property\": \"Type code\",\n                    \"value\": \"CP-D 12/2.1\",\n                    \"unit\": \"\"\n                },\n                {\n                    \"section\": \"Order details\",\n                    \"property\": \"Order code\",\n                    \"value\": \"1SVR427043R1200\",\n                    \"unit\": \"\"\n                },\n                {\n                    \"section\": \"Price 1 piece\",\n                    \"property\": \"Price\",\n                    \"value\": \"0.20\",\n                    \"unit\": \"\u20ac\"\n                },\n                {\n                    \"section\": \"Weight 1 piece\",\n                    \"property\": \"Weight\",\n                    \"value\": \"1\",\n                    \"unit\": \"pc.\"\n                },\n                {\n                    \"section\": \"Pack unit\",\n                    \"property\": \"Pack unit\",\n                    \"value\": \"1\",\n                    \"unit\": \"pc.\"\n                },\n                {\n                    \"section\": \"Mod. width\",\n                    \"property\": \"Mod. width\",\n                    \"value\": \"3\",\n                    \"unit\": \"\"\n                }\n            ]\n        },\n        {\n            \"reference\": \"CP-D 24/0.42\",\n            \"brand\": \"ABB i-bus KNX\",\n            \"description\": [\n                {\n                    \"section\": \"Power Supply Units, MDRC\",\n                    \"text\": \"The supply units that can be used universally as auxiliary power supply in KNX installations or other SELV applications. The devices supply a regulated output voltage of 12 V DC or 24 V DC with a maximum output current of 0.42 A up to 4.2 A. The units are protected against overload, the output being able to sustain a continuous short circuit. LED indication of the status of the supply and output voltage. With a width between one to five modules only, the CP-D range power supplies are ideally suited for the installation in distribution panels. Optimised for world-wide applications: The CP-D power supplies can be supplied with a rated voltage of 100-240 V AC.\"\n                }\n            ],\n            \"key_value_pairs\": [\n                {\n                    \"section\": \"Order details\",\n                    \"property\": \"Type code\",\n                    \"value\": \"CP-D 24/0.42\",\n                    \"unit\": \"\"\n                },\n                {\n                    \"section\": \"Order details\",\n                    \"property\": \"Order code\",\n                    \"value\": \"1SVR427041R0000\",\n                    \"unit\": \"\"\n                },\n                {\n                    \"section\": \"Price 1 piece\",\n                    \"property\": \"Price\",\n                    \"value\": \"0.07\",\n                    \"unit\": \"\u20ac\"\n                },\n                {\n                    \"section\": \"Weight 1 piece\",\n                    \"property\": \"Weight\",\n                    \"value\": \"1\",\n                    \"unit\": \"pc.\"\n                },\n                {\n                    \"section\": \"Pack unit\",\n                    \"property\": \"Pack unit\",\n                    \"value\": \"1\",\n                    \"unit\": \"pc.\"\n                },\n                {\n                    \"section\": \"Mod. width\",\n                    \"property\": \"Mod. width\",\n                    \"value\": \"1\",\n                    \"unit\": \"\"\n                }\n            ]\n        },\n        {\n            \"reference\": \"CP-D 24/1.3\",\n            \"brand\": \"ABB i-bus KNX\",\n            \"description\": [\n                {\n                    \"section\": \"Power Supply Units, MDRC\",\n                    \"text\": \"The supply units that can be used universally as auxiliary power supply in KNX installations or other SELV applications. The devices supply a regulated output voltage of 12 V DC or 24 V DC with a maximum output current of 0.42 A up to 4.2 A. The units are protected against overload, the output being able to sustain a continuous short circuit. LED indication of the status of the supply and output voltage. With a width between one to five modules only, the CP-D range power supplies are ideally suited for the installation in distribution panels. Optimised for world-wide applications: The CP-D power supplies can be supplied with a rated voltage of 100-240 V AC.\"\n                }\n            ],\n            \"key_value_pairs\": [\n                {\n                    \"section\": \"Order details\",\n                    \"property\": \"Type code\",\n                    \"value\": \"CP-D 24/1.3\",\n                    \"unit\": \"\"\n                },\n                {\n                    \"section\": \"Order details\",\n                    \"property\": \"Order code\",\n                    \"value\": \"1SVR427043R0100\",\n                    \"unit\": \"\"\n                },\n                {\n                    \"section\": \"Price 1 piece\",\n                    \"property\": \"Price\",\n                    \"value\": \"0.20\",\n                    \"unit\": \"\u20ac\"\n                },\n                {\n                    \"section\": \"Weight 1 piece\",\n                    \"property\": \"Weight\",\n                    \"value\": \"1\",\n                    \"unit\": \"pc.\"\n                },\n                {\n                    \"section\": \"Pack unit\",\n                    \"property\": \"Pack unit\",\n                    \"value\": \"1\",\n                    \"unit\": \"pc.\"\n                },\n                {\n                    \"section\": \"Mod. width\",\n                    \"property\": \"Mod. width\",\n                    \"value\": \"3\",\n                    \"unit\": \"\"\n                }\n            ]\n        },\n        {\n            \"reference\": \"CP-D 24/2.5\",\n            \"brand\": \"ABB i-bus KNX\",\n            \"description\": [\n                {\n                    \"section\": \"Power Supply Units, MDRC\",\n                    \"text\": \"The supply units that can be used universally as auxiliary power supply in KNX installations or other SELV applications. The devices supply a regulated output voltage of 12 V DC or 24 V DC with a maximum output current of 0.42 A up to 4.2 A. The units are protected against overload, the output being able to sustain a continuous short circuit. LED indication of the status of the supply and output voltage. With a width between one to five modules only, the CP-D range power supplies are ideally suited for the installation in distribution panels. Optimised for world-wide applications: The CP-D power supplies can be supplied with a rated voltage of 100-240 V AC.\"\n                }\n            ],\n            \"key_value_pairs\": [\n                {\n                    \"section\": \"Order details\",\n                    \"property\": \"Type code\",\n                    \"value\": \"CP-D 24/2.5\",\n                    \"unit\": \"\"\n                },\n                {\n                    \"section\": \"Order details\",\n                    \"property\": \"Order code\",\n                    \"value\": \"2CDG120037R0011\",\n                    \"unit\": \"\"\n                },\n                {\n                    \"section\": \"Price 1 piece\",\n                    \"property\": \"Price\",\n                    \"value\": \"0.25\",\n                    \"unit\": \"\u20ac\"\n                },\n                {\n                    \"section\": \"Weight 1 piece\",\n                    \"property\": \"Weight\",\n                    \"value\": \"1\",\n                    \"unit\": \"pc.\"\n                },\n                {\n                    \"section\": \"Pack unit\",\n                    \"property\": \"Pack unit\",\n                    \"value\": \"1\",\n                    \"unit\": \"pc.\"\n                },\n                {\n                    \"section\": \"Mod. width\",\n                    \"property\": \"Mod. width\",\n                    \"value\": \"4\",\n                    \"unit\": \"\"\n                }\n            ]\n        },\n        {\n            \"reference\": \"CP-D 24/4.2\",\n            \"brand\": \"ABB i-bus KNX\",\n            \"description\": [\n                {\n                    \"section\": \"Power Supply Units, MDRC\",\n                    \"text\": \"The supply units that can be used universally as auxiliary power supply in KNX installations or other SELV applications. The devices supply a regulated output voltage of 12 V DC or 24 V DC with a maximum output current of 0.42 A up to 4.2 A. The units are protected against overload, the output being able to sustain a continuous short circuit. LED indication of the status of the supply and output voltage. With a width between one to five modules only, the CP-D range power supplies are ideally suited for the installation in distribution panels. Optimised for world-wide applications: The CP-D power supplies can be supplied with a rated voltage of 100-240 V AC.\"\n                }\n            ],\n            \"key_value_pairs\": [\n                {\n                    \"section\": \"Order details\",\n                    \"property\": \"Type code\",\n                    \"value\": \"CP-D 24/4.2\",\n                    \"unit\": \"\"\n                },\n                {\n                    \"section\": \"Order details\",\n                    \"property\": \"Order code\",\n                    \"value\": \"1SVR427045R0400\",\n                    \"unit\": \"\"\n                },\n                {\n                    \"section\": \"Price 1 piece\",\n                    \"property\": \"Price\",\n                    \"value\": \"0.39\",\n                    \"unit\": \"\u20ac\"\n                },\n                {\n                    \"section\": \"Weight 1 piece\",\n                    \"property\": \"Weight\",\n                    \"value\": \"1\",\n                    \"unit\": \"pc.\"\n                },\n                {\n                    \"section\": \"Pack unit\",\n                    \"property\": \"Pack unit\",\n                    \"value\": \"1\",\n                    \"unit\": \"pc.\"\n                },\n                {\n                    \"section\": \"Mod. width\",\n                    \"property\": \"Mod. width\",\n                    \"value\": \"5\",\n                    \"unit\": \"\"\n                }\n            ]\n        },\n        {\n            \"reference\": \"CP-D RU\",\n            \"brand\": \"ABB i-bus KNX\",\n            \"description\": [\n                {\n                    \"section\": \"Power Supply Units, MDRC\",\n                    \"text\": \"The supply units that can be used universally as auxiliary power supply in KNX installations or other SELV applications. The devices supply a regulated output voltage of 12 V DC or 24 V DC with a maximum output current of 0.42 A up to 4.2 A. The units are protected against overload, the output being able to sustain a continuous short circuit. LED indication of the status of the supply and output voltage. With a width between one to five modules only, the CP-D range power supplies are ideally suited for the installation in distribution panels. Optimised for world-wide applications: The CP-D power supplies can be supplied with a rated voltage of 100-240 V AC.\"\n                }\n            ],\n            \"key_value_pairs\": [\n                {\n                    \"section\": \"Order details\",\n                    \"property\": \"Type code\",\n                    \"value\": \"CP-D RU\",\n                    \"unit\": \"\"\n                },\n                {\n                    \"section\": \"Order details\",\n                    \"property\": \"Order code\",\n                    \"value\": \"1SVR427049R0000\",\n                    \"unit\": \"\"\n                },\n                {\n                    \"section\": \"Price 1 piece\",\n                    \"property\": \"Price\",\n                    \"value\": \"0.08\",\n                    \"unit\": \"\u20ac\"\n                },\n                {\n                    \"section\": \"Weight 1 piece\",\n                    \"property\": \"Weight\",\n                    \"value\": \"1\",\n                    \"unit\": \"pc.\"\n                },\n                {\n                    \"section\": \"Pack unit\",\n                    \"property\": \"Pack unit\",\n                    \"value\": \"1\",\n                    \"unit\": \"pc.\"\n                },\n                {\n                    \"section\": \"Mod. width\",\n                    \"property\": \"Mod. width\",\n                    \"value\": \"2\",\n                    \"unit\": \"\"\n                }\n            ]\n        },\n        {\n            \"reference\": \"NTU/S 12.2000.1\",\n            \"brand\": \"ABB i-bus KNX\",\n            \"description\": [\n                {\n                    \"section\": \"Uninterruptible Power Supply, 12 V DC, 2 A, MDRC\",\n                    \"text\": \"Delivers sufficient power for all types of demanding applications with a buffered output voltage of 12 V DC (SELV) and a maximum output current of 2 A. Operating malfunctions of the power supply are signalled via a changeover contact and can be sent for evaluation purposes. Up to two 12 V DC sealed lead-acid batteries (gel cell) can be connected in parallel with the power supply, in conjunction with the KS/K 4.1 and KS/K 2.1 cable sets, or the AM/S 12.1 battery module.\"\n                }\n            ],\n            \"key_value_pairs\": [\n                {\n                    \"section\": \"Order details\",\n                    \"property\": \"Type code\",\n                    \"value\": \"NTU/S 12.2000.1\",\n                    \"unit\": \"\"\n                },\n                {\n                    \"section\": \"Order details\",\n                    \"property\": \"Order code\",\n                    \"value\": \"2CDG110070R0011\",\n                    \"unit\": \"\"\n                },\n                {\n                    \"section\": \"Price 1 piece\",\n                    \"property\": \"Price\",\n                    \"value\": \"0.43\",\n                    \"unit\": \"\u20ac\"\n                },\n                {\n                    \"section\": \"Weight 1 piece\",\n                    \"property\": \"Weight\",\n                    \"value\": \"1\",\n                    \"unit\": \"pc.\"\n                },\n                {\n                    \"section\": \"Pack unit\",\n                    \"property\": \"Pack unit\",\n                    \"value\": \"1\",\n                    \"unit\": \"pc.\"\n                },\n                {\n                    \"section\": \"Mod. width\",\n                    \"property\": \"Mod. width\",\n                    \"value\": \"8\",\n                    \"unit\": \"\"\n                }\n            ]\n        }\n    ]\n}\n```"
    }
]