[
    {
        "name": "extract_and_classify_products",
        "arguments": {
            "document_content": "        Perform OCR on the provided document (PDF or image) and extract and classify the text into structured data, with a primary focus on accurately differentiating each distinct product listed in the catalogue. Each product should be uniquely identified and grouped under its own entry based on its reference number (or placeholder if missing).\n\n        ### Product Differentiation Rules (CRUCIAL FIRST STEP):\n        1. Identify each individual product using reference numbers, product titles, section boundaries, or layout indicators.\n        2. If multiple references are grouped in a table or list, ensure each reference becomes its own product entry.\n        3. If a product has no clear reference, use the placeholder \"NO_REF\".\n        4. Do not merge data across products. Treat each reference as an isolated unit for extraction.\n\n        ### For Each Product, Extract the Following:\n        - **Brand**: The product's brand name. If multiple brands are mentioned, associate the correct one to each product based on proximity or section logic.\n        - **Reference**: The unique product reference. Use \"NO_REF\" if not available.\n        - **Description Sections**: Text blocks that describe the product. Each should include:\n        - `section`: Section name or heading\n        - `text`: Text content under that section\n        - **Key-Value Pairs**: Technical or descriptive attributes of the product. Each must include:\n        - `section`: Name of the surrounding section (if available)\n        - `property`: Attribute or property name\n        - `value`: Value associated with the property\n        - `unit`: Measurement unit (if applicable; leave empty if not)\n\n        ### Table & Format Handling:\n        - Tables may encode multiple products \u2014 differentiate rows/columns accordingly and assign data to the correct product reference.\n        - Use table headers to infer the logical orientation (row-wise or column-wise).\n        - Flatten matrix-style tables: for each reference, extract all property-value-unit combinations into distinct key-value entries.\n        - Avoid assumptions; prefer explicit text from the document.\n        - If a table lacks headers, extract all meaningful combinations and apply post-filtering logic if needed.\n\n        ### General Extraction Rules:\n        - Preserve document hierarchy: sections \u2192 descriptions & key-value pairs.\n        - Extract from all formats (tables, lists, inline text).\n        - Normalize values and units where possible.\n        - Do not invent or infer content. Only extract information explicitly present in the document.\n        - Before recording a section name, reference, brand, property, or value, ensure the word is present in the document and clearly readable.\n\n        ### Output Format (Valid JSON):\n        {\n            \"parts\": [\n                {\n                    \"reference\": \"<Product Reference>\",\n                    \"brand\": \"<Brand Name>\",\n                    \"description\": [\n                        {\n                            \"section\": \"<Section Name>\",\n                            \"text\": \"<Description Text>\"\n                        }\n                    ],\n                    \"key_value_pairs\": [\n                        {\n                            \"section\": \"<Section Name>\",\n                            \"property\": \"<Property Name>\",\n                            \"value\": \"<Value>\",\n                            \"unit\": \"<Unit>\"\n                        }\n                    ]\n                },\n                {\n                    \"reference\": \"<Another Product Reference>\",\n                    \"brand\": \"<Brand Name>\",\n                    \"description\": [\n                        {\n                            \"section\": \"<Section Name>\",\n                            \"text\": \"<Description Text>\"\n                        }\n                    ],\n                    \"key_value_pairs\": [\n                        {\n                            \"section\": \"<Section Name>\",\n                            \"property\": \"<Property Name>\",\n                            \"value\": \"<Value>\",\n                            \"unit\": \"<Unit>\"\n                        }\n                    ]\n                }\n            ]\n        }\n\n        <START OF DOCUMENT>\n\n        |   | TTi TG501xA/251xA Series | TTi TGP31XX Series | TTi TGF4XX2 Series |   |\n        | --- | --- | --- | --- | --- |\n        |  PRBS | 1ubps - 50Mbps (TG501xA) | 1mbps - 50Mbps (TGP315x) | 1ubps - 100Mbps |   |\n        |   | 1ubps - 25Mbps (TG251xA) | 1mbps - 25Mbps (TGP312x) | Only available in TGF4242 and TGF4162. |   |\n        |  PRBS EDGE | 8ns - 40us (TG501xA) | 5ns - 800s (TGP315x) | $\\leq 4 \\mathrm{Vpp}$ | 3 ns  |\n        |   | 13ns - 40us (TG251xA) | 8ns - 800s (TGP312x) | $>4 \\mathrm{Vpp}$ | 5 ns  |\n        |  PRBS SEQUENCE LENGTH | 7,9,11,15,20,23 | 7,9,11,15,20,23,29,31 | 7,9,11,15,20,23,29,31 |   |\n        |  USER DEFINED PATTERN | Not offered | Offered. Maximum pattern length 65536. 4 patterns can be stored in the instrument. Built-in pattern editing provided. Patterns can also be downloaded via remote interfaces. | Not offered |   |\n        |  EXTERNAL PATTERN (EXTERNAL WIDTH) | Not offered | External 1: Pattern is applied at external modulation input. Indefinite pattern length. Up to 5Mbps. Pattern is sampled at 50Mbps with user defined pattern threshold level. Input to output jitter 20ns. | Not offered |   |\n        |   |  | External 2 (external width): Pattern is applied at external trigger input. Indefinite pattern length. Up to 50Mbps (TGP315x) or 25Mbps (TGP312x). Fixed latency. User defined threshold level. Input to output jitter 60ps RMS. |  |   |\n        |  NOISE BANDWIDTH (-3dB) | 20 MHz | $1 \\mathrm{mHz}-25 \\mathrm{MHz}$ (TGP315x) | 100 MHz (TGF4242, TGF4162) |   |\n        |   |  | $1 \\mathrm{mHz}-12.5 \\mathrm{MHz}$ (TGP315x) | 62.5 MHz (TGF4082, TGF4042) |   |\n        |  NOISE AMPLITUDE DISTRIBUTION | Gaussian (Crest Factor 5.27) | Gaussian (Crest Factor 3.3, 4.8, 6.0 or 7.0) or user defined. Built-in user defined distribution editing provided. User defined distribution can also be downloaded via remote interfaces. | Gaussian (Crest Factor 5.16) (TGF4242, TGF4162) |   |\n        |   |  |  | Gaussian (Crest Factor 6.4) (TGF4082, TGF4042) |   |\n        |  HARMONIC OUTPUT | Not offered (but possible using latest version of Waveform Manager Plus software). | Not offered (but possible using latest version of Waveform Manager Plus software). | $1 \\mathrm{~mHz}-80 \\mathrm{MHz}$\n        Only available in TGF4242 and TGF4162. Order $\\leq 50$, Up to 16 different harmonics order can be defined. Amplitude and phase offset of each harmonics can be user defined. Harmonic waveform can also be created using Waveform Manager Plus software and downloaded via remote interfaces. |   |\n        |  AMPLITUDE | 10mVp-p to 10Vp-p into 500. Amplitude can be specified open circuit or into an assumed load of $1 \\Omega$ to $10 \\mathrm{k} \\Omega$ in Vpp , Vrms or dBm . | 100mVp-p to 10Vp-p into $50 \\Omega$ ( $50 \\Omega$ source) or 200mVp-p to 20Vp-p into $50 \\Omega$ ( $5 \\Omega$ source). Amplitude can be specified open circuit or into an assumed load of $50 \\Omega$ to $10 \\mathrm{k} \\Omega$ in Vpp. | $\\leq 80 \\mathrm{MHz}$\n        (TGF4242,\n        TGF4162)\n        $\\leq 50 \\mathrm{MHz}$\n        (TGF4082)\n        $\\leq 40 \\mathrm{MHz}$\n        (TGF4042) | 10mVp-p to 10Vp-p into $50 \\Omega$  |\n        |   |  |  | $\\leq 120 \\mathrm{MHz}$\n        (TGF4242,\n        TGF4162)\n        $\\leq 80 \\mathrm{MHz}$\n        (TGF4082) | 10mVp-p to 5Vp-p into $50 \\Omega$  |\n        |   |  |  | $\\leq 240 \\mathrm{MHz}$\n        (TGF4242)\n        $\\leq 160 \\mathrm{MHz}$\n        (TGF4162) | 10mVp-p to 2.5Vp-p into $50 \\Omega$  |\n        |   |  |  | Amplitude can be specified open circuit or into an assumed load of $1 \\Omega$ to $10 \\mathrm{k} \\Omega$ in Vpp . |   |\n        |  AMPLITUDE RESOLUTION & ACCURACY | 1mVpp, $2 \\% \\pm 1 \\mathrm{mV}$ | 1mVpp, $1.5 \\% \\pm 5 \\mathrm{mV}$ | 1mVpp, $1.5 \\% \\pm 5 \\mathrm{mV}$ |   |\n        |  OFFSET | $\\leq 5 \\mathrm{~V}$ into $50 \\Omega$ | $\\leq 5 \\mathrm{~V}$ into $50 \\Omega$ ( $50 \\Omega$ source) $\\pm 10 \\mathrm{~V}$ into $50 \\Omega$ ( $5 \\Omega$ source) | $\\leq 5 \\mathrm{~V}$ into $50 \\Omega$ |   |\n        |  OFFSET RESOLUTION & ACCURACY | $1 \\mathrm{mV}, 3 \\% \\pm 10 \\mathrm{mV}$ | $1 \\mathrm{mV}, 1 \\% \\pm 50 \\mathrm{mV}$ | $1 \\mathrm{mV}, 1 \\% \\pm 50 \\mathrm{mV}$ |   |\n        |  CHANNEL CROSSTALK (DUAL CHANNELS) | $<-80 \\mathrm{~dB}$ | $<-80 \\mathrm{~dB}$ | $<-80 \\mathrm{~dB}$ |   |\n        |  CARRIER PHASE | $-360.0$ to +360.0 | $-360.000$ to +360.000 | $-360.000$ to +360.000 |   |\n\n        |   | TTi TGS01xA/251xA Series |  |  | TTi TGP31XX Series |  |  | TTi TGF4XX2 Series |  |   |\n        | --- | --- | --- | --- | --- | --- | --- | --- | --- |\n        |  MODULATION | AM, FM, PM, FSK, BPSK, SUM, PWM |  |  | AM, AM -SC (suppressed carrier), FM, PM, FSK, BPSK, SUM, PWM, PDM, SPDM |  |  | AM, AM - SC, FM, PM, ASK, FSK, BPSK, SUM, PWM |  |   |\n        |  MODULATION FREQUENCY | AM, FM,\n        PM, SUM,\n        PWM | Internal | $1 \\mathrm{uHz}-1 \\mathrm{MHz}$ | AM, AM-SC,\n        FM, PM,\n        SUM, PWM,\n        PDM, SPDM | Internal | $1 \\mathrm{uHz}-$\n        10 MHz | AM, AM-SC,\n        FM, PM,\n        SUM, PWM | Internal | $1 \\mathrm{uHz}-$\n        10 MHz  |\n        |   |  | External | DC - 20 kHz |  | External | DC -\n        5 MHz |  | External | DC -\n        5 MHz  |\n        |   | FSK, BPSK | Internal | $2 \\mathrm{mHz}-100 \\mathrm{kHz}$ | FSK, BPSK | Internal | $2 \\mathrm{mHz}-$\n        10 MHz | ASK, FSK,\n        BPSK | Internal | $2 \\mathrm{mHz}-$\n        10 MHz  |\n        |   |  | External | DC - 1 MHz |  | External | DC -\n        50 MHz\n        (25 MHz\n        for\n        TGP312x) |  | External | DC -\n        1 MHz  |\n        |  MODULATION SOURCE | Internal / External |  |  | AM, AM-SC,\n        FM, PM,\n        SUM, PWM,\n        PDM, SPDM | Internal / External / Other channel (which allows channel addition possible using SUM modulation in 2 channel models) |  | Internal / External |  |   |\n        |   |  |  |  | FSK, BPSK | Internal / External |  |  |  |   |\n        |  CARRIER WAVEFORM | AM, FM,\n        PM, FSK,\n        BPSK | Sine, Square, Ramp, Arb, PRBS |  | AM, AM-SC,\n        SUM | Pulse, Double Pulse, Square, Pattern / PRBS, Function (Sine, Ramp, etcetera), Arb, Noise |  | AM,AM-SC,\n        SUM, ASK | Sine, Square, Ramp, Pulse, Noise, Arb, PRBS |   |\n        |   | SUM (Only offered in TGF4242 and TGF4162) | Sine, Ramp, Arb |  | FM, PM,\n        FSK, BPSK, | Pulse, Double Pulse, Square, Pattern / PRBS, Function (Sine, Ramp, etcetera), Arb |  | FM, PM,FSK, BPSK | Sine, Square, Ramp, Arb |   |\n        |   | PWM | Pulse |  | PWM, PDM\n        SPDM | Pulse, Double Pulse\n        Double Pulse |  | PWM | Pulse |   |\n        |  MODULATING WAVEFORM | AM, FM,\n        PM, PWM,\n        SUM | Sine, Square, Positive Ramp, Negative Ramp, Triangle, Gaussian Noise, DC, Sinc, Exponential Rise, Logarithmic Rise, PRBS (PN7 to PN23) and User Defined Arbs |  | AM, AM-SC,\n        FM, PM,\n        PWM, SUM,\n        PDM, SPDM | Sine, Square, Positive Ramp, Negative Ramp, Triangle, Gaussian Noise, DC, Sinc, Exponential Rise, Exponential Fall, Logarithmic Rise, Logarithmic Fall, Haversine, Gaussian, Lorentz, D-Lorentz, Cardiac, PRBS (PN7 to PN31) and User Defined Arbs |  | AM, AM-SC,\n        FM, PM,\n        PWM, SUM | Sine, Square, Positive Ramp, Negative Ramp, Triangle, Gaussian Noise, DC, Sinc, Exponential Rise, Exponential Fall, Logarithmic Rise, Logarithmic Fall, Haversine, Gaussian, Lorentz, D-Lorentz, Cardiac, PRBS (PN7 to PN31, PRBS only available in TGF4242 and TGF4162) and User Defined Arbs |   |\n        |   | FSK, BPSK | Square |  | FSK, BPSK | Square |  | ASK, FSK,\n        BPSK | Square |   |\n        |  AM DEPTH | $0.0 \\%$ to $120.0 \\%$ |  |  | $0.0 \\%$ to $100.0 \\%$ |  |  | $0.00 \\%$ to $100.00 \\%$ |  |   |\n        |  SWEEP | Linear or Logarithmic, Up, Down, Up/Down or Down/Up, Triggered or Continuous |  |  | Linear or Logarithmic, Up or Down, Triggered or Continuous |  |  | Linear or Logarithmic, Up or Down, Triggered or Continuous |  |   |\n        |  SWEEP CARRIER WAVEFORM | Sine, Square, Ramp, Arb |  |  | Pulse, Double Pulse, Square, Pattern / PRBS, Function (Sine, Ramp, etcetera), Arb |  |  | Sine, Square, Ramp, Arb |  |   |\n        |  SWEEP TIME | $1 \\mathrm{~ms}-500 \\mathrm{~s}$ |  |  | $100 \\mathrm{us}-500 \\mathrm{~s}$ |  |  | $1 \\mathrm{us}-500 \\mathrm{~s}$ |  |   |\n        |  HOLD / RETURN TIME | Not offered |  |  | $100 \\mathrm{us}-500 \\mathrm{~s}$ |  |  | Not offered |  |   |\n        |  SWEEP TRIGGER | Internal, External, Manual |  |  | Internal, External, Manual |  |  | Internal, External, Manual |  |   |\n        |  SWEEP MARKER | Variable Marker |  |  | Variable Marker |  |  | Not offered |  |   |\n        |  BURST | Cycle, Infinite, Gated |  |  | Cycle, Infinite, Gated |  |  | Cycle, Infinite, Gated |  |   |\n        |  BURST CARRIER WAVEFORM | Sine, Square, Ramp, Pulse, Noise (only Gated), Arb, PRBS |  |  | Pulse, Double Pulse, Square, Pattern / PRBS, Noise, Function (Sine, Ramp, etcetera), Arb |  |  | Sine, Square, Ramp, Pulse, Noise, Arb, PRBS |  |   |\n        |  CYCLE BURST COUNT | $1-16777215$ |  |  | $1-4294967295$ |  |  | $1-2147483647$ |  |   |\n        |  INTERNAL PERIOD | $1 \\mathrm{us}-500 \\mathrm{~s}$ |  |  | $20 \\mathrm{~ns}-500 \\mathrm{~s}$ |  |  | $20 \\mathrm{~ns}-500 \\mathrm{~s}$ (TGF4242, TGF4162)\n        $40 \\mathrm{~ns}-500 \\mathrm{~s}$ (TGF4082, TGF4042) |  |   |\n\n        |   | TTi TG501xA/251xA Series | TTi TGP31XX Series | TTi TGF4XX2 Series  |\n        | --- | --- | --- | --- |\n        |  MAXIMUM CARRIER FREQUENCY FOR FINITE BURST | 10 MHz (subject to carrier waveform) | 50 MHz (subject to carrier waveform and model) | 50 MHz (subject to carrier waveform, TGF4242, TGF4162)  |\n        |   |  |  | 25 MHz (subject to carrier waveform, TGF4082, TGF4042)  |\n        |  GATED BURST SOURCE | Internal, External, Manual | Internal, External, Manual | Internal, External, Manual  |\n        |  TRIGGER SOURCE | Internal, External, Manual | Internal, External, Manual | Internal, External, Manual  |\n        |  TRIGGER TO OUTPUT JITTER | 8 ns | 60 ps RMS | 5 ns  |\n        |  FREQUENCY COUNTER | Not offered | Not offered | Function: Freq, Period, Duty Cycle, Positive Width, Negative Width  |\n        |   |  |  | Range: 100 MHz \u2013 125 MHz (DC), 3 Hz \u2013 125 MHz (AC)  |\n        |   |  |  | Coupling: AC, DC  |\n        |  DUAL CHANNEL FUNCTIONS | Tracking, Frequency coupling (fixed ratio or fixed offset), Amplitude / Offset coupling, Output coupling | Tracking, Frequency coupling (fixed ratio or fixed offset), Amplitude / Offset coupling, Output coupling, Channel Addition | Tracking, Frequency coupling (equal frequency), Amplitude / Offset coupling, Output coupling  |\n        |  SYNC OUTPUT | Separate Sync for each channel. | Separate Sync for each channel. | Channel 2 can output channel 1 Sync.  |\n        |  PHASE LOCKING (BETWEEN CHANNELS OR GENERATORS) | Channels can be aligned and can have a phase offset (0\u00b0 to 360\u00b0, 0.1\u00b0 resolution). Two generators can be coupled. | Channels can be aligned and can have a phase offset (0\u00b0 to 360\u00b0, 0.001\u00b0 resolution). Two generators can be coupled. | Channels can be aligned and can have a phase offset (0\u00b0 to 360\u00b0, 0.001\u00b0 resolution). Two generators can be coupled.  |\n        |  LAN INTERFACE | Standard, LXI | Standard, LXI | Standard, LXI  |\n        |  USB HOST / DEVICE | Standard | Standard | Standard  |\n        |  GPIB INTERFACE | Optional | Optional | Optional  |\n        |  DISPLAY | 3.7 inches, 256 by 112 monochrome graphics display | 3.7 inches, 256 by 112 monochrome graphics display | 4.3 inches (10.9 cm), transfective backlit TFT LCD, 480 x 272 pixels, 262144 colours  |\n\n        <END OF DOCUMENT>"
        }
    }
]