[
    {
        "reference": "519",
        "brand": "AVENTICS",
        "description": [
            {
                "section": "General",
                "text": "3 way / 5 way, Air Operated M5 or 1/8\" or 1/4\" Tapped, adaptable on multiple or joinable subbases 3/2-5/2-5/3 Series 519/520/521"
            },
            {
                "section": "Materials in contact with fluid",
                "text": "Body: Anodised white aluminium, Cover: POM (polyacetal), Internal parts: Stainless steel, light alloy and POM (polyacetal), Seals: NBR"
            }
        ],
        "key_value_pairs": [
            {
                "section": "General",
                "property": "Operating pressure",
                "value": "0 to 8 bar (1.5 to 8 bar with differential return)",
                "unit": ""
            },
            {
                "section": "General",
                "property": "Pilot pressure",
                "value": "1.5 to 8 bar",
                "unit": ""
            },
            {
                "section": "General",
                "property": "Ambient temperature range",
                "value": "+5\u00b0C to +50\u00b0C",
                "unit": ""
            },
            {
                "section": "General",
                "property": "Orifice size",
                "value": "2.5 mm",
                "unit": ""
            },
            {
                "section": "General",
                "property": "Flow (Qv at 6 bar)",
                "value": "See \u00abSPECIFICATIONS\u00bb",
                "unit": ""
            },
            {
                "section": "General",
                "property": "Fluids (air or inert gas)",
                "value": "+5\u00b0C to +50\u00b0C",
                "unit": ""
            },
            {
                "section": "Specifications",
                "property": "Function",
                "value": "3/2 NC",
                "unit": ""
            },
            {
                "section": "Specifications",
                "property": "Operators",
                "value": "air",
                "unit": ""
            },
            {
                "section": "Specifications",
                "property": "Pipe",
                "value": "G 1/8",
                "unit": ""
            },
            {
                "section": "Specifications",
                "property": "Orifice size",
                "value": "4 mm",
                "unit": ""
            },
            {
                "section": "Specifications",
                "property": "Flow at 6 bar",
                "value": "400 l/min",
                "unit": ""
            },
            {
                "section": "Specifications",
                "property": "Flow coefficient",
                "value": "400",
                "unit": ""
            },
            {
                "section": "Specifications",
                "property": "Function",
                "value": "5/2",
                "unit": ""
            },
            {
                "section": "Specifications",
                "property": "Operators",
                "value": "air",
                "unit": ""
            },
            {
                "section": "Specifications",
                "property": "Pipe",
                "value": "M5",
                "unit": ""
            },
            {
                "section": "Specifications",
                "property": "Orifice size",
                "value": "2.5 mm",
                "unit": ""
            },
            {
                "section": "Specifications",
                "property": "Flow at 6 bar",
                "value": "175 l/min",
                "unit": ""
            },
            {
                "section": "Specifications",
                "property": "Flow coefficient",
                "value": "175",
                "unit": ""
            },
            {
                "section": "Specifications",
                "property": "Function",
                "value": "5/3 W1",
                "unit": ""
            },
            {
                "section": "Specifications",
                "property": "Operators",
                "value": "air",
                "unit": ""
            },
            {
                "section": "Specifications",
                "property": "Pipe",
                "value": "G 1/8",
                "unit": ""
            },
            {
                "section": "Specifications",
                "property": "Orifice size",
                "value": "4 mm",
                "unit": ""
            },
            {
                "section": "Specifications",
                "property": "Flow at 6 bar",
                "value": "600 l/min",
                "unit": ""
            },
            {
                "section": "Specifications",
                "property": "Flow coefficient",
                "value": "600",
                "unit": ""
            },
            {
                "section": "Specifications",
                "property": "Function",
                "value": "5/3 W2",
                "unit": ""
            },
            {
                "section": "Specifications",
                "property": "Operators",
                "value": "air",
                "unit": ""
            },
            {
                "section": "Specifications",
                "property": "Pipe",
                "value": "G 1/8",
                "unit": ""
            },
            {
                "section": "Specifications",
                "property": "Orifice size",
                "value": "4 mm",
                "unit": ""
            },
            {
                "section": "Specifications",
                "property": "Flow at 6 bar",
                "value": "600 l/min",
                "unit": ""
            },
            {
                "section": "Specifications",
                "property": "Flow coefficient",
                "value": "600",
                "unit": ""
            },
            {
                "section": "Specifications",
                "property": "Function",
                "value": "5/3 W3",
                "unit": ""
            },
            {
                "section": "Specifications",
                "property": "Operators",
                "value": "air",
                "unit": ""
            },
            {
                "section": "Specifications",
                "property": "Pipe",
                "value": "G 1/8",
                "unit": ""
            },
            {
                "section": "Specifications",
                "property": "Orifice size",
                "value": "4 mm",
                "unit": ""
            },
            {
                "section": "Specifications",
                "property": "Flow at 6 bar",
                "value": "600 l/min",
                "unit": ""
            },
            {
                "section": "Specifications",
                "property": "Flow coefficient",
                "value": "600",
                "unit": ""
            }
        ]
    },
    {
        "reference": "520",
        "brand": "AVENTICS",
        "description": [
            {
                "section": "General",
                "text": "3 way / 5 way, Air Operated M5 or 1/8\" or 1/4\" Tapped, adaptable on multiple or joinable subbases 3/2-5/2-5/3 Series 519/520/521"
            },
            {
                "section": "Materials in contact with fluid",
                "text": "Body: Anodised white aluminium, Cover: POM (polyacetal), Internal parts: Stainless steel, light alloy and POM (polyacetal), Seals: NBR"
            }
        ],
        "key_value_pairs": [
            {
                "section": "General",
                "property": "Operating pressure",
                "value": "0 to 8 bar (1.5 to 8 bar with differential return)",
                "unit": ""
            },
            {
                "section": "General",
                "property": "Pilot pressure",
                "value": "1.5 to 8 bar",
                "unit": ""
            },
            {
                "section": "General",
                "property": "Ambient temperature range",
                "value": "+5\u00b0C to +50\u00b0C",
                "unit": ""
            },
            {
                "section": "General",
                "property": "Orifice size",
                "value": "4 mm",
                "unit": ""
            },
            {
                "section": "General",
                "property": "Flow (Qv at 6 bar)",
                "value": "See \u00abSPECIFICATIONS\u00bb",
                "unit": ""
            },
            {
                "section": "General",
                "property": "Fluids (air or inert gas)",
                "value": "+5\u00b0C to +50\u00b0C",
                "unit": ""
            },
            {
                "section": "Specifications",
                "property": "Function",
                "value": "3/2 NC",
                "unit": ""
            },
            {
                "section": "Specifications",
                "property": "Operators",
                "value": "air",
                "unit": ""
            },
            {
                "section": "Specifications",
                "property": "Pipe",
                "value": "G 1/8",
                "unit": ""
            },
            {
                "section": "Specifications",
                "property": "Orifice size",
                "value": "4 mm",
                "unit": ""
            },
            {
                "section": "Specifications",
                "property": "Flow at 6 bar",
                "value": "400 l/min",
                "unit": ""
            },
            {
                "section": "Specifications",
                "property": "Flow coefficient",
                "value": "400",
                "unit": ""
            },
            {
                "section": "Specifications",
                "property": "Function",
                "value": "5/2",
                "unit": ""
            },
            {
                "section": "Specifications",
                "property": "Operators",
                "value": "air",
                "unit": ""
            },
            {
                "section": "Specifications",
                "property": "Pipe",
                "value": "G 1/8",
                "unit": ""
            },
            {
                "section": "Specifications",
                "property": "Orifice size",
                "value": "4 mm",
                "unit": ""
            },
            {
                "section": "Specifications",
                "property": "Flow at 6 bar",
                "value": "600 l/min",
                "unit": ""
            },
            {
                "section": "Specifications",
                "property": "Flow coefficient",
                "value": "600",
                "unit": ""
            },
            {
                "section": "Specifications",
                "property": "Function",
                "value": "5/3 W1",
                "unit": ""
            },
            {
                "section": "Specifications",
                "property": "Operators",
                "value": "air",
                "unit": ""
            },
            {
                "section": "Specifications",
                "property": "Pipe",
                "value": "G 1/8",
                "unit": ""
            },
            {
                "section": "Specifications",
                "property": "Orifice size",
                "value": "4 mm",
                "unit": ""
            },
            {
                "section": "Specifications",
                "property": "Flow at 6 bar",
                "value": "600 l/min",
                "unit": ""
            },
            {
                "section": "Specifications",
                "property": "Flow coefficient",
                "value": "600",
                "unit": ""
            },
            {
                "section": "Specifications",
                "property": "Function",
                "value": "5/3 W2",
                "unit": ""
            },
            {
                "section": "Specifications",
                "property": "Operators",
                "value": "air",
                "unit": ""
            },
            {
                "section": "Specifications",
                "property": "Pipe",
                "value": "G 1/8",
                "unit": ""
            },
            {
                "section": "Specifications",
                "property": "Orifice size",
                "value": "4 mm",
                "unit": ""
            },
            {
                "section": "Specifications",
                "property": "Flow at 6 bar",
                "value": "600 l/min",
                "unit": ""
            },
            {
                "section": "Specifications",
                "property": "Flow coefficient",
                "value": "600",
                "unit": ""
            },
            {
                "section": "Specifications",
                "property": "Function",
                "value": "5/3 W3",
                "unit": ""
            },
            {
                "section": "Specifications",
                "property": "Operators",
                "value": "air",
                "unit": ""
            },
            {
                "section": "Specifications",
                "property": "Pipe",
                "value": "G 1/8",
                "unit": ""
            },
            {
                "section": "Specifications",
                "property": "Orifice size",
                "value": "4 mm",
                "unit": ""
            },
            {
                "section": "Specifications",
                "property": "Flow at 6 bar",
                "value": "600 l/min",
                "unit": ""
            },
            {
                "section": "Specifications",
                "property": "Flow coefficient",
                "value": "600",
                "unit": ""
            }
        ]
    },
    {
        "reference": "521",
        "brand": "AVENTICS",
        "description": [
            {
                "section": "General",
                "text": "3 way / 5 way, Air Operated M5 or 1/8\" or 1/4\" Tapped, adaptable on multiple or joinable subbases 3/2-5/2-5/3 Series 519/520/521"
            },
            {
                "section": "Materials in contact with fluid",
                "text": "Body: Anodised white aluminium, Cover: POM (polyacetal), Internal parts: Stainless steel, light alloy and POM (polyacetal), Seals: NBR"
            }
        ],
        "key_value_pairs": [
            {
                "section": "General",
                "property": "Operating pressure",
                "value": "0 to 8 bar (1.5 to 8 bar with differential return)",
                "unit": ""
            },
            {
                "section": "General",
                "property": "Pilot pressure",
                "value": "1.5 to 8 bar",
                "unit": ""
            },
            {
                "section": "General",
                "property": "Ambient temperature range",
                "value": "+5\u00b0C to +50\u00b0C",
                "unit": ""
            },
            {
                "section": "General",
                "property": "Orifice size",
                "value": "6 mm",
                "unit": ""
            },
            {
                "section": "General",
                "property": "Flow (Qv at 6 bar)",
                "value": "See \u00abSPECIFICATIONS\u00bb",
                "unit": ""
            },
            {
                "section": "General",
                "property": "Fluids (air or inert gas)",
                "value": "+5\u00b0C to +50\u00b0C",
                "unit": ""
            },
            {
                "section": "Specifications",
                "property": "Function",
                "value": "5/2",
                "unit": ""
            },
            {
                "section": "Specifications",
                "property": "Operators",
                "value": "air",
                "unit": ""
            },
            {
                "section": "Specifications",
                "property": "Pipe",
                "value": "G 1/4",
                "unit": ""
            },
            {
                "section": "Specifications",
                "property": "Orifice size",
                "value": "6 mm",
                "unit": ""
            },
            {
                "section": "Specifications",
                "property": "Flow at 6 bar",
                "value": "1050 l/min",
                "unit": ""
            },
            {
                "section": "Specifications",
                "property": "Flow coefficient",
                "value": "1050",
                "unit": ""
            },
            {
                "section": "Specifications",
                "property": "Function",
                "value": "5/3 W1",
                "unit": ""
            },
            {
                "section": "Specifications",
                "property": "Operators",
                "value": "air",
                "unit": ""
            },
            {
                "section": "Specifications",
                "property": "Pipe",
                "value": "G 1/4",
                "unit": ""
            },
            {
                "section": "Specifications",
                "property": "Orifice size",
                "value": "6 mm",
                "unit": ""
            },
            {
                "section": "Specifications",
                "property": "Flow at 6 bar",
                "value": "1050 l/min",
                "unit": ""
            },
            {
                "section": "Specifications",
                "property": "Flow coefficient",
                "value": "1050",
                "unit": ""
            },
            {
                "section": "Specifications",
                "property": "Function",
                "value": "5/3 W2",
                "unit": ""
            },
            {
                "section": "Specifications",
                "property": "Operators",
                "value": "air",
                "unit": ""
            },
            {
                "section": "Specifications",
                "property": "Pipe",
                "value": "G 1/4",
                "unit": ""
            },
            {
                "section": "Specifications",
                "property": "Orifice size",
                "value": "6 mm",
                "unit": ""
            },
            {
                "section": "Specifications",
                "property": "Flow at 6 bar",
                "value": "1050 l/min",
                "unit": ""
            },
            {
                "section": "Specifications",
                "property": "Flow coefficient",
                "value": "1050",
                "unit": ""
            },
            {
                "section": "Specifications",
                "property": "Function",
                "value": "5/3 W3",
                "unit": ""
            },
            {
                "section": "Specifications",
                "property": "Operators",
                "value": "air",
                "unit": ""
            },
            {
                "section": "Specifications",
                "property": "Pipe",
                "value": "G 1/4",
                "unit": ""
            },
            {
                "section": "Specifications",
                "property": "Orifice size",
                "value": "6 mm",
                "unit": ""
            },
            {
                "section": "Specifications",
                "property": "Flow at 6 bar",
                "value": "1050 l/min",
                "unit": ""
            },
            {
                "section": "Specifications",
                "property": "Flow coefficient",
                "value": "1050",
                "unit": ""
            }
        ]
    }
]