[
    {
        "name": "extract_and_classify_products",
        "arguments": {
            "document_content": "### Product Differentiation Rules (CRUCIAL FIRST STEP):\n1. Identify each individual product using reference numbers, product titles, section boundaries, or layout indicators.\n2. If multiple references are grouped in a table or list, ensure each reference becomes its own product entry.\n3. If a product has no clear reference, use the placeholder \"NO_REF\".\n4. Do not merge data across products. Treat each reference as an isolated unit for extraction.\n\n### For Each Product, Extract the Following:\n- **Brand**: The product's brand name. If multiple brands are mentioned, associate the correct one to each product based on proximity or section logic.\n- **Reference**: The unique product reference. Use \"NO_REF\" if not available.\n- **Description Sections**: Text blocks that describe the product. Each should include:\n- `section`: Section name or heading\n- `text`: Text content under that section\n- **Key-Value Pairs**: Technical or descriptive attributes of the product. Each must include:\n- `section`: Name of the surrounding section (if available)\n- `property`: Attribute or property name\n- `value`: Value associated with the property\n- `unit`: Measurement unit (if applicable; leave empty if not)\n\n### Table & Format Handling:\n- Tables may encode multiple products \u2014 differentiate rows/columns accordingly and assign data to the correct product reference.\n- Use table headers to infer the logical orientation (row-wise or column-wise).\n- Flatten matrix-style tables: for each reference, extract all property-value-unit combinations into distinct key-value entries.\n- Avoid assumptions; prefer explicit text from the document.\n- If a table lacks headers, extract all meaningful combinations and apply post-filtering logic if needed.\n\n### General Extraction Rules:\n- Preserve document hierarchy: sections \u2192 descriptions & key-value pairs.\n- Extract from all formats (tables, lists, inline text).\n- Normalize values and units where possible.\n- Do not invent or infer content. Only extract information explicitly present in the document.\n- Before recording a section name, reference, brand, property, or value, ensure the word is present in the document and clearly readable.\n\n### Output Format (Valid JSON):\n{\n    \"parts\": [\n        {\n            \"reference\": \"<Product Reference>\",\n            \"brand\": \"<Brand Name>\",\n            \"description\": [\n                {\n                    \"section\": \"<Section Name>\",\n                    \"text\": \"<Description Text>\"\n                }\n            ],\n            \"key_value_pairs\": [\n                {\n                    \"section\": \"<Section Name>\",\n                    \"property\": \"<Property Name>\",\n                    \"value\": \"<Value>\",\n                    \"unit\": \"<Unit>\"\n                }\n            ]\n        },\n        {\n            \"reference\": \"<Another Product Reference>\",\n            \"brand\": \"<Brand Name>\",\n            \"description\": [\n                {\n                    \"section\": \"<Section Name>\",\n                    \"text\": \"<Description Text>\"\n                }\n            ],\n            \"key_value_pairs\": [\n                {\n                    \"section\": \"<Section Name>\",\n                    \"property\": \"<Property Name>\",\n                    \"value\": \"<Value>\",\n                    \"unit\": \"<Unit>\"\n                }\n            ]\n        }\n    ]\n}\n\n<START OF DOCUMENT>\n\n# Grades for Wear & Impact Applications\n\n## Cemented Tungsten Carbide Grades for Abrasive Wear & Impact Applications\n\n|  Kennametal Grade Name | Legacy\nName | Grain\nFamily | Cobalt Binder (wt. %) | Hardness (HRA) | Hardness (HV30, Estimated) | Density (g/cm3) | TRS\n(1000 psi)  |\n| --- | --- | --- | --- | --- | --- | --- | --- |\n|  KHM42 | 3076 | Medium | 6.0 | 91.1 | 1485 | 14.95 | 515  |\n|  HAR | - | Mixed Fine/Coarse | 7.5 | 91.5 | 1540 | 14.10 | 280  |\n|  KHM44 | H8 | Medium | 8.0 | 90.3 | 1380 | 14.70 | 480  |\n|  KWH | - | Medium | 8.6 | 90.3 | 1380 | 14.00 | 276  |\n|  KHC46 | MPD10/K3135 | Coarse | 10.0 | 89.2 | 1230 | 14.50 | 375  |\n|  KHC55 | K3070 | Coarse | 10.0 | 88.6 | 1210 | 14.52 | 485  |\n|  K3030C | - | Coarse | 11.4 | 88.4 | 1170 | 14.25 | 400  |\n|  KHC56 | MPD2C | Coarse | 11.4 | 88.0 | 1145 | 14.35 | 400  |\n|  KHC66 | MPD2 | Coarse | 12.0 | 87.8 | 1130 | 14.25 | 375  |\n|  KW115 | - | Medium | 15.0 | 87.6 | 1110 | 13.95 | 426  |\n|  KHC68 | 387 | Coarse | 14.0 | 88.0 | 1155 | 14.13 | 517  |\n|  KHC69 | R61/K3150 | Coarse | 15.0 | 86.0 | 990 | 13.95 | 425  |\n|  KHC97 | 55B | Coarse | 16.0 | 86.7 | 1055 | 13.94 | 495  |\n|  KHC88 | R58 | Coarse | 16.0 | 85.8 | 990 | 13.94 | 460  |\n|  KHC99 | R52 | Coarse | 18.0 | 84.0 | 865 | 13.70 | 360  |\n|  K3520 | CD60 | Coarse | 20.0 | 84.1 | 870 | 13.55 | 360  |\n\n*Kennametal application specialists should be consulted to assist in grade selection. Application suitability should be evaluated from initial field performance.* Grade properties listed are nominal values & are subject to change or upgrade without notice.\n\n## Cemented Tungsten Carbide Applications\nKennametal's cemented carbide grades are used on a variety of cutting, drilling, boring, crushing, grinding, scraping, & mixing tools. Common applications include:\n\n## Comminution of Ore Minerals & Aggregates\n- Sedimentary & Crystalline Rock\n- Coal Processing\n- Sand Production\n- Oil Sands\n- Stone Splitting\n- Hammers & Blades\n- HPGR - High Pressure Grinding Roller\n- VSI Crusher - Vertical Shaft Impactor\n- HSI Crusher - Horizontal Shaft Impactor\n- Jaw Crusher\n- Cone Crusher\n- Roll Crusher - Secondary & Tertiary\n\n## Rock Drilling & Boring Tips\n- Percussive & Hammer Bits\n- Geophysical Tips for Drag Bits\n- DTH - Down the Hole\n- TH - Top Hammer\n- Seismic\n- Roller Cone/Tricone\n- Trenching\n\n## Construction & Reclamation\n- Asphalt\n- Concrete\n- Masonry\n- Snow & Ice\n- Milling & Scarifying\n- Mixing, Blending, & Pumping\n- Tips for SDS Drills\n- Plow Blade Carbide\n\n## Logging & Agriculture\n- Feller Buncher\n- Debarking\n- Stump Grinding\n- Circular Saws\n- Seed & Hoe Inserts\n- Mulching\n- Ground Engaging Tools\n\n| Grade | Binder % | Grain\nSize | Relative\nToughness | Hardness HRA | Wear Resistance | Characteristics/Applications |\n| :--: | :--: | :--: | :--: | :--: | :--: | :--: |\n| KHM42 | 6.0 | Medium | LOWEST | 91.1 | HIGHEST | Suitable for medium impact applications when abrasive wear is primary mode of failure. For drilling tools such as downhole hammer bits & hammers used in process industries. |\n| HAR | 7.5 | Mixed Fine/Coarse |  | 91.5 |  | Mix of fine & coarse grains provide enhanced abrasion resistance, while coarser grains provide improved impact & sliding abrasion for ore handling, coal crushing, pump liners, pug mill paddles, plow blades, & fans. |\n| KHM44 | 8.0 | Medium |  | 90.3 |  | Balance of abrasion resistance & impact resistance, suitable for small drilling tools in concrete. Commonly used for masonry & stone drilling tips. |\n| KWH | 8.6 | Medium |  | 90.3 |  | General purpose grade for saw mill applications, with improved impact resistance compared to grade HAR. |\n| KHC46 | 10.0 | Coarse |  | 89.2 |  | Percussive bits under 4\", geophysical tips for drag bits. |\n| KHC55 | 10.0 | Coarse |  | 88.6 |  | Buttons for rotary tricone bits, inserts for percussive bits, geophysical tips for drag bits. |\n| K3030C | 11.4 | Coarse |  | 88.4 |  | K3030C & KHC56 are recommended for forestry, agriculture & material processing that requires impact-wear protection. Popular grade for heavy-duty sawmill edgers, hard & softwood including frozen woods, debarkers & chipper anvils, snowplow wear protection, stabilizer buttons, & tiles for drill string wear protection. |\n| KHC56 | 11.4 | Coarse |  | 88.0 |  | High-toughness brazed percussion bits & geophysical tips. SDS hammer drill tips for stone & cement applications. |\n| KHC66 | 12.0 | Coarse |  | 87.8 |  | Debarker knives used in hardwoods, miscellaneous forestry wear parts, saw tips used in extreme conditions in green softwoods like nail cutting. |\n| KW115 | 15.0 | Medium |  | 87.6 |  | Tough grade for chopping & grinding of mixed materials in recycling applications. |\n| KHC68 | 14.0 | Coarse |  | 88.0 |  | Mineral process, tunnel boring stone splitting, stone working chisels, HPGR studs, high impact agricultural tools, grader blade inserts. |\n| KHC69 | 15.0 | Coarse |  | 86.0 |  |  |\n| KHC97 | 16.0 | Coarse |  | 86.7 |  | High-impact grade for brazed tools used in earth impact applications with gouging wear such as railroad ballast tools, rock crushing, grinding & mineral processing. |\n| KHC88 | 16.0 | Coarse |  | 85.8 |  | Severe shock resistance, forestry applications, debarker knives, stump cutters. Used in hardwoods & woods with knots. Mineral process application HPGR edge segments. |\n| KHC99 | 18.0 | Coarse | HIGHEST | 84.0 | LOWEST | Highest-impact resistance of listed grades, may be used in chisel tips for pneumatic stone working tools, jackhammers, etc. |\n| K3520 | 20.0 | Coarse |  | 84.1 |  |  |\n\n# Guide to Carbide Properties \n\n![Carbide Properties Guide](image_url)\n\n## Contact Us\nk-mdsn.inside-sales@kennametal.com\nTel: +1 800 221 4273\n\n![Kennametal Logo](logo_url)\n\n<END OF DOCUMENT>"
        }
    }
]