[
    {
        "name": "2192Y Flat PVC Insulated / PVC Sheathed Cable",
        "brand": "NO_BRAND",
        "description": [
            {
                "section": "General Description",
                "text": "Flexibel cable for general light domestic use: table lamps, pendants etc"
            }
        ],
        "key_value_pairs": []
    },
    {
        "name": "52002C000.5XWT",
        "brand": "NO_BRAND",
        "description": [],
        "key_value_pairs": [
            {
                "section": "Technical Specifications",
                "property": "Code",
                "value": "52002C000.5XWT",
                "unit": ""
            },
            {
                "section": "Technical Specifications",
                "property": "CMA Ref",
                "value": "2192 Y",
                "unit": ""
            },
            {
                "section": "Technical Specifications",
                "property": "Core",
                "value": "2",
                "unit": ""
            },
            {
                "section": "Technical Specifications",
                "property": "Conductor",
                "value": "0.5",
                "unit": "mm\u00b2"
            },
            {
                "section": "Technical Specifications",
                "property": "Colour",
                "value": "White",
                "unit": ""
            },
            {
                "section": "Technical Specifications",
                "property": "Drum Size",
                "value": "100",
                "unit": "m"
            }
        ]
    }
]