{
    "parts": [
        {
            "reference": "K4894WHI",
            "brand": "MK",
            "description": [
                {
                    "section": "Description",
                    "text": "Intermediate Secret Key Switch"
                }
            ],
            "key_value_pairs": []
        },
        {
            "reference": "K4898WHI",
            "brand": "MK",
            "description": [
                {
                    "section": "Description",
                    "text": "2 Way SP Secret Key Switch"
                }
            ],
            "key_value_pairs": []
        },
        {
            "reference": "K4898ELWHI",
            "brand": "MK",
            "description": [
                {
                    "section": "Description",
                    "text": "2 Way SP Secret Key Switch Marked \"EMG LTG TEST\""
                }
            ],
            "key_value_pairs": []
        },
        {
            "reference": "K4917WHI",
            "brand": "MK",
            "description": [
                {
                    "section": "Description",
                    "text": "1 Way DP Secret Key Switch"
                }
            ],
            "key_value_pairs": []
        },
        {
            "reference": "K4917ELWHI",
            "brand": "MK",
            "description": [
                {
                    "section": "Description",
                    "text": "1 Way DP Secret Key Switch Marked \"EMG LTG TEST\""
                }
            ],
            "key_value_pairs": []
        },
        {
            "reference": "K4918WHI",
            "brand": "MK",
            "description": [
                {
                    "section": "Description",
                    "text": "2 Way SP Secret Key Switch (Biased One Way)"
                }
            ],
            "key_value_pairs": []
        },
        {
            "reference": "J201",
            "brand": "Hager - Ashley",
            "description": [
                {
                    "section": "Description",
                    "text": "4 Terminal, Knockout Slot"
                }
            ],
            "key_value_pairs": [
                {
                    "section": "Rating",
                    "property": "Rating",
                    "value": "20A",
                    "unit": ""
                },
                {
                    "section": "Colour",
                    "property": "Colour",
                    "value": "Brown",
                    "unit": ""
                }
            ]
        },
        {
            "reference": "J301",
            "brand": "Hager - Ashley",
            "description": [
                {
                    "section": "Description",
                    "text": "4 Terminal, Selective Entry"
                }
            ],
            "key_value_pairs": [
                {
                    "section": "Rating",
                    "property": "Rating",
                    "value": "20A",
                    "unit": ""
                },
                {
                    "section": "Colour",
                    "property": "Colour",
                    "value": "Brown",
                    "unit": ""
                }
            ]
        },
        {
            "reference": "J401",
            "brand": "Hager - Ashley",
            "description": [
                {
                    "section": "Description",
                    "text": "3 Terminal, Selective Entry"
                }
            ],
            "key_value_pairs": [
                {
                    "section": "Rating",
                    "property": "Rating",
                    "value": "30A",
                    "unit": ""
                },
                {
                    "section": "Colour",
                    "property": "Colour",
                    "value": "Brown",
                    "unit": ""
                }
            ]
        },
        {
            "reference": "J501",
            "brand": "Hager - Ashley",
            "description": [
                {
                    "section": "Description",
                    "text": "Downlight Junction Box"
                }
            ],
            "key_value_pairs": [
                {
                    "section": "Rating",
                    "property": "Rating",
                    "value": "16A",
                    "unit": ""
                },
                {
                    "section": "Colour",
                    "property": "Colour",
                    "value": "White",
                    "unit": ""
                }
            ]
        },
        {
            "reference": "J601",
            "brand": "Hager - Ashley",
            "description": [
                {
                    "section": "Description",
                    "text": "6 Terminal, Selective Entry"
                }
            ],
            "key_value_pairs": [
                {
                    "section": "Rating",
                    "property": "Rating",
                    "value": "20A",
                    "unit": ""
                },
                {
                    "section": "Colour",
                    "property": "Colour",
                    "value": "Brown",
                    "unit": ""
                }
            ]
        },
        {
            "reference": "J701",
            "brand": "Hager - Ashley",
            "description": [
                {
                    "section": "Description",
                    "text": "W/O Terminals"
                }
            ],
            "key_value_pairs": [
                {
                    "section": "Colour",
                    "property": "Colour",
                    "value": "White",
                    "unit": ""
                }
            ]
        },
        {
            "reference": "J803",
            "brand": "Hager - Ashley",
            "description": [
                {
                    "section": "Description",
                    "text": "3 Terminal Maintenance Free"
                }
            ],
            "key_value_pairs": [
                {
                    "section": "Rating",
                    "property": "Rating",
                    "value": "32A",
                    "unit": ""
                },
                {
                    "section": "Colour",
                    "property": "Colour",
                    "value": "White",
                    "unit": ""
                }
            ]
        },
        {
            "reference": "J804",
            "brand": "Hager - Ashley",
            "description": [
                {
                    "section": "Description",
                    "text": "4 Terminal Maintenance Free"
                }
            ],
            "key_value_pairs": [
                {
                    "section": "Rating",
                    "property": "Rating",
                    "value": "20A",
                    "unit": ""
                },
                {
                    "section": "Colour",
                    "property": "Colour",
                    "value": "White",
                    "unit": ""
                }
            ]
        },
        {
            "reference": "907",
            "brand": "BG",
            "description": [
                {
                    "section": "Description",
                    "text": "1 Gang"
                }
            ],
            "key_value_pairs": [
                {
                    "section": "Dia (mm)",
                    "property": "Dia (mm)",
                    "value": "35",
                    "unit": "mm"
                }
            ]
        },
        {
            "reference": "908",
            "brand": "BG",
            "description": [
                {
                    "section": "Description",
                    "text": "2 Gang"
                }
            ],
            "key_value_pairs": [
                {
                    "section": "Dia (mm)",
                    "property": "Dia (mm)",
                    "value": "35",
                    "unit": "mm"
                }
            ]
        },
        {
            "reference": "916",
            "brand": "BG",
            "description": [
                {
                    "section": "Description",
                    "text": "Dual"
                }
            ],
            "key_value_pairs": [
                {
                    "section": "Dia (mm)",
                    "property": "Dia (mm)",
                    "value": "35",
                    "unit": "mm"
                }
            ]
        },
        {
            "reference": "917",
            "brand": "BG",
            "description": [
                {
                    "section": "Description",
                    "text": "1 Gang"
                }
            ],
            "key_value_pairs": [
                {
                    "section": "Dia (mm)",
                    "property": "Dia (mm)",
                    "value": "47",
                    "unit": "mm"
                }
            ]
        },
        {
            "reference": "918",
            "brand": "BG",
            "description": [
                {
                    "section": "Description",
                    "text": "2 Fang"
                }
            ],
            "key_value_pairs": [
                {
                    "section": "Dia (mm)",
                    "property": "Dia (mm)",
                    "value": "47",
                    "unit": "mm"
                }
            ]
        },
        {
            "reference": "919",
            "brand": "BG",
            "description": [
                {
                    "section": "Description",
                    "text": "Round"
                }
            ],
            "key_value_pairs": [
                {
                    "section": "Dia (mm)",
                    "property": "Dia (mm)",
                    "value": "35",
                    "unit": "mm"
                }
            ]
        },
        {
            "reference": "920",
            "brand": "BG",
            "description": [
                {
                    "section": "Description",
                    "text": "Triple, 1 and 2 Gang"
                }
            ],
            "key_value_pairs": [
                {
                    "section": "Dia (mm)",
                    "property": "Dia (mm)",
                    "value": "35",
                    "unit": "mm"
                }
            ]
        },
        {
            "reference": "4100SP",
            "brand": "BG",
            "description": [
                {
                    "section": "Description",
                    "text": "3 Way 100 Amp Single Pole"
                }
            ],
            "key_value_pairs": []
        },
        {
            "reference": "4100DP",
            "brand": "BG",
            "description": [
                {
                    "section": "Description",
                    "text": "3 Way 100 Amp Double Pole"
                }
            ],
            "key_value_pairs": []
        },
        {
            "reference": "460",
            "brand": "BG",
            "description": [
                {
                    "section": "Description",
                    "text": "3 Way 60 Amp"
                }
            ],
            "key_value_pairs": []
        },
        {
            "reference": "491",
            "brand": "BG",
            "description": [
                {
                    "section": "Description",
                    "text": "4 Way 20 Amp"
                }
            ],
            "key_value_pairs": [
                {
                    "section": "Dia (mm)",
                    "property": "Dia (mm)",
                    "value": "57",
                    "unit": "mm"
                },
                {
                    "section": "Colour",
                    "property": "Colour",
                    "value": "Brown",
                    "unit": ""
                }
            ]
        },
        {
            "reference": "491W",
            "brand": "BG",
            "description": [
                {
                    "section": "Description",
                    "text": "4 Way 20 Amp"
                }
            ],
            "key_value_pairs": [
                {
                    "section": "Dia (mm)",
                    "property": "Dia (mm)",
                    "value": "57",
                    "unit": "mm"
                },
                {
                    "section": "Colour",
                    "property": "Colour",
                    "value": "White",
                    "unit": ""
                }
            ]
        },
        {
            "reference": "403",
            "brand": "BG",
            "description": [
                {
                    "section": "Description",
                    "text": "3 Way 3 Amp"
                }
            ],
            "key_value_pairs": []
        },
        {
            "reference": "405",
            "brand": "BG",
            "description": [
                {
                    "section": "Description",
                    "text": "3 Way 5 Amp"
                }
            ],
            "key_value_pairs": []
        },
        {
            "reference": "410",
            "brand": "BG",
            "description": [
                {
                    "section": "Description",
                    "text": "3 Way 10 Amp"
                }
            ],
            "key_value_pairs": []
        },
        {
            "reference": "604",
            "brand": "BG",
            "description": [
                {
                    "section": "Description",
                    "text": "4 Way 20 Amp"
                }
            ],
            "key_value_pairs": [
                {
                    "section": "Dia (mm)",
                    "property": "Dia (mm)",
                    "value": "80",
                    "unit": "mm"
                },
                {
                    "section": "Colour",
                    "property": "Colour",
                    "value": "Brown",
                    "unit": ""
                }
            ]
        },
        {
            "reference": "604W",
            "brand": "BG",
            "description": [
                {
                    "section": "Description",
                    "text": "4 Way 20 Amp"
                }
            ],
            "key_value_pairs": [
                {
                    "section": "Dia (mm)",
                    "property": "Dia (mm)",
                    "value": "80",
                    "unit": "mm"
                },
                {
                    "section": "Colour",
                    "property": "Colour",
                    "value": "White",
                    "unit": ""
                }
            ]
        },
        {
            "reference": "603",
            "brand": "BG",
            "description": [
                {
                    "section": "Description",
                    "text": "3 Way 30 Amp"
                }
            ],
            "key_value_pairs": [
                {
                    "section": "Dia (mm)",
                    "property": "Dia (mm)",
                    "value": "89",
                    "unit": "mm"
                },
                {
                    "section": "Colour",
                    "property": "Colour",
                    "value": "Brown",
                    "unit": ""
                }
            ]
        },
        {
            "reference": "603W",
            "brand": "BG",
            "description": [
                {
                    "section": "Description",
                    "text": "3 Way 30 Amp"
                }
            ],
            "key_value_pairs": [
                {
                    "section": "Dia (mm)",
                    "property": "Dia (mm)",
                    "value": "89",
                    "unit": "mm"
                },
                {
                    "section": "Colour",
                    "property": "Colour",
                    "value": "White",
                    "unit": ""
                }
            ]
        },
        {
            "reference": "606",
            "brand": "BG",
            "description": [
                {
                    "section": "Description",
                    "text": "6 Way 20 Amp"
                }
            ],
            "key_value_pairs": [
                {
                    "section": "Dia (mm)",
                    "property": "Dia (mm)",
                    "value": "89",
                    "unit": "mm"
                },
                {
                    "section": "Colour",
                    "property": "Colour",
                    "value": "Brown",
                    "unit": ""
                }
            ]
        },
        {
            "reference": "606W",
            "brand": "BG",
            "description": [
                {
                    "section": "Description",
                    "text": "6 Way 20 Amp"
                }
            ],
            "key_value_pairs": [
                {
                    "section": "Dia (mm)",
                    "property": "Dia (mm)",
                    "value": "89",
                    "unit": "mm"
                },
                {
                    "section": "Colour",
                    "property": "Colour",
                    "value": "White",
                    "unit": ""
                }
            ]
        },
        {
            "reference": "HG501",
            "brand": "BG",
            "description": [
                {
                    "section": "Description",
                    "text": "1 Gang"
                }
            ],
            "key_value_pairs": [
                {
                    "section": "Dia (mm)",
                    "property": "Dia (mm)",
                    "value": "16",
                    "unit": "mm"
                }
            ]
        },
        {
            "reference": "HG502",
            "brand": "BG",
            "description": [
                {
                    "section": "Description",
                    "text": "1 Gang"
                }
            ],
            "key_value_pairs": [
                {
                    "section": "Dia (mm)",
                    "property": "Dia (mm)",
                    "value": "25",
                    "unit": "mm"
                }
            ]
        },
        {
            "reference": "HG503",
            "brand": "BG",
            "description": [
                {
                    "section": "Description",
                    "text": "1 Gang"
                }
            ],
            "key_value_pairs": [
                {
                    "section": "Dia (mm)",
                    "property": "Dia (mm)",
                    "value": "35",
                    "unit": "mm"
                }
            ]
        },
        {
            "reference": "HG504",
            "brand": "BG",
            "description": [
                {
                    "section": "Description",
                    "text": "2 Gang"
                }
            ],
            "key_value_pairs": [
                {
                    "section": "Dia (mm)",
                    "property": "Dia (mm)",
                    "value": "25",
                    "unit": "mm"
                }
            ]
        },
        {
            "reference": "HG505",
            "brand": "BG",
            "description": [
                {
                    "section": "Description",
                    "text": "2 Gang"
                }
            ],
            "key_value_pairs": [
                {
                    "section": "Dia (mm)",
                    "property": "Dia (mm)",
                    "value": "35",
                    "unit": "mm"
                }
            ]
        },
        {
            "reference": "HG506",
            "brand": "BG",
            "description": [
                {
                    "section": "Description",
                    "text": "1 Gang"
                }
            ],
            "key_value_pairs": [
                {
                    "section": "Dia (mm)",
                    "property": "Dia (mm)",
                    "value": "47",
                    "unit": "mm"
                }
            ]
        },
        {
            "reference": "HG507",
            "brand": "BG",
            "description": [
                {
                    "section": "Description",
                    "text": "2 Gang"
                }
            ],
            "key_value_pairs": [
                {
                    "section": "Dia (mm)",
                    "property": "Dia (mm)",
                    "value": "47",
                    "unit": "mm"
                }
            ]
        },
        {
            "reference": "HG508",
            "brand": "BG",
            "description": [
                {
                    "section": "Description",
                    "text": "Dual"
                }
            ],
            "key_value_pairs": [
                {
                    "section": "Dia (mm)",
                    "property": "Dia (mm)",
                    "value": "35",
                    "unit": "mm"
                }
            ]
        },
        {
            "reference": "MC552F",
            "brand": "BG",
            "description": [
                {
                    "section": "Description",
                    "text": "Unswitched Connection Unit 13A"
                }
            ],
            "key_value_pairs": []
        },
        {
            "reference": "MC550F",
            "brand": "BG",
            "description": [
                {
                    "section": "Description",
                    "text": "Switched DP Connection Unit 13A"
                }
            ],
            "key_value_pairs": []
        },
        {
            "reference": "MC551F",
            "brand": "BG",
            "description": [
                {
                    "section": "Description",
                    "text": "Switched DP Connection Unit c/w Neon 13A"
                }
            ],
            "key_value_pairs": []
        },
        {
            "reference": "MC512",
            "brand": "BG",
            "description": [
                {
                    "section": "Description",
                    "text": "1 Gang 2 Way Plateswitch 10A"
                }
            ],
            "key_value_pairs": []
        },
        {
            "reference": "MC542",
            "brand": "BG",
            "description": [
                {
                    "section": "Description",
                    "text": "2 Gang 2 Way Plateswitch 10A"
                }
            ],
            "key_value_pairs": []
        },
        {
            "reference": "MC543",
            "brand": "BG",
            "description": [
                {
                    "section": "Description",
                    "text": "3 Gang 2 Way Plateswitch 10A"
                }
            ],
            "key_value_pairs": []
        },
        {
            "reference": "MC544",
            "brand": "BG",
            "description": [
                {
                    "section": "Description",
                    "text": "4 Gang 2 Way Plateswitch 10A"
                }
            ],
            "key_value_pairs": []
        },
        {
            "reference": "MC513",
            "brand": "BG",
            "description": [
                {
                    "section": "Description",
                    "text": "1 Gang Intermediate Plateswitch 10A"
                }
            ],
            "key_value_pairs": []
        },
        {
            "reference": "MC514",
            "brand": "BG",
            "description": [
                {
                    "section": "Description",
                    "text": "1 Gang Pushswitch c/w Bell Symbol 10A"
                }
            ],
            "key_value_pairs": []
        },
        {
            "reference": "MC523",
            "brand": "BG",
            "description": [
                {
                    "section": "Description",
                    "text": "1 Gang Unswitched Socket 13A"
                }
            ],
            "key_value_pairs": []
        },
        {
            "reference": "MC524",
            "brand": "BG",
            "description": [
                {
                    "section": "Description",
                    "text": "2 Gang Unswitched Socket 13A"
                }
            ],
            "key_value_pairs": []
        },
        {
            "reference": "MC521",
            "brand": "BG",
            "description": [
                {
                    "section": "Description",
                    "text": "1 Gang SP Switch Socket 13A"
                }
            ],
            "key_value_pairs": []
        },
        {
            "reference": "MC522",
            "brand": "BG",
            "description": [
                {
                    "section": "Description",
                    "text": "2 Gang SP Switch Socket 13A"
                }
            ],
            "key_value_pairs": []
        },
        {
            "reference": "MC530",
            "brand": "BG",
            "description": [
                {
                    "section": "Description",
                    "text": "DP Switch 20A"
                }
            ],
            "key_value_pairs": []
        },
        {
            "reference": "MC531",
            "brand": "BG",
            "description": [
                {
                    "section": "Description",
                    "text": "DP Switch c/w Neon 20A"
                }
            ],
            "key_value_pairs": []
        },
        {
            "reference": "MC575",
            "brand": "BG",
            "description": [
                {
                    "section": "Description",
                    "text": "DP Switch 45A"
                }
            ],
            "key_value_pairs": []
        },
        {
            "reference": "MC574",
            "brand": "BG",
            "description": [
                {
                    "section": "Description",
                    "text": "DP Switch c/w Neon 45A"
                }
            ],
            "key_value_pairs": []
        },
        {
            "reference": "MC572",
            "brand": "BG",
            "description": [
                {
                    "section": "Description",
                    "text": "DP Switch c/w Neon (Large Plate) 45A"
                }
            ],
            "key_value_pairs": []
        },
        {
            "reference": "AU-BLL952",
            "brand": "Aurora",
            "description": [
                {
                    "section": "Description",
                    "text": "Mirror Light, Fluorescent Twin Backlit T5 IP44 2x8W 240V"
                }
            ],
            "key_value_pairs": [
                {
                    "section": "Lamp",
                    "property": "Lamp",
                    "value": "2x8W 240V",
                    "unit": ""
                }
            ]
        },
        {
            "reference": "053404",
            "brand": "Linolite",
            "description": [
                {
                    "section": "Description",
                    "text": "On/Off Button White Trim"
                }
            ],
            "key_value_pairs": [
                {
                    "section": "Lamp",
                    "property": "Lamp",
                    "value": "11W 230/110V",
                    "unit": ""
                },
                {
                    "section": "Finish",
                    "property": "Finish",
                    "value": "White",
                    "unit": ""
                }
            ]
        },
        {
            "reference": "053405",
            "brand": "Linolite",
            "description": [
                {
                    "section": "Description",
                    "text": "On/Off Button Chrome Trim"
                }
            ],
            "key_value_pairs": [
                {
                    "section": "Lamp",
                    "property": "Lamp",
                    "value": "11W 230/110V",
                    "unit": ""
                },
                {
                    "section": "Finish",
                    "property": "Finish",
                    "value": "White",
                    "unit": ""
                }
            ]
        },
        {
            "reference": "053406",
            "brand": "Linolite",
            "description": [
                {
                    "section": "Description",
                    "text": "Pull Cord White Trim"
                }
            ],
            "key_value_pairs": [
                {
                    "section": "Lamp",
                    "property": "Lamp",
                    "value": "11W 230V",
                    "unit": ""
                },
                {
                    "section": "Finish",
                    "property": "Finish",
                    "value": "White",
                    "unit": ""
                }
            ]
        },
        {
            "reference": "2425720",
            "brand": "Linolite",
            "description": [
                {
                    "section": "Description",
                    "text": "Pull Cord Chrome Trim"
                }
            ],
            "key_value_pairs": [
                {
                    "section": "Lamp",
                    "property": "Lamp",
                    "value": "11W 230V",
                    "unit": ""
                },
                {
                    "section": "Finish",
                    "property": "Finish",
                    "value": "White",
                    "unit": ""
                }
            ]
        },
        {
            "reference": "053400",
            "brand": "Linolite",
            "description": [
                {
                    "section": "Description",
                    "text": "On/Off Button White Trim"
                }
            ],
            "key_value_pairs": [
                {
                    "section": "Lamp",
                    "property": "Lamp",
                    "value": "11W 230/110V",
                    "unit": ""
                },
                {
                    "section": "Finish",
                    "property": "Finish",
                    "value": "White",
                    "unit": ""
                }
            ]
        },
        {
            "reference": "053401",
            "brand": "Linolite",
            "description": [
                {
                    "section": "Description",
                    "text": "On/Off Button Chrome Trim"
                }
            ],
            "key_value_pairs": [
                {
                    "section": "Lamp",
                    "property": "Lamp",
                    "value": "11W 230/110V",
                    "unit": ""
                },
                {
                    "section": "Finish",
                    "property": "Finish",
                    "value": "White",
                    "unit": ""
                }
            ]
        },
        {
            "reference": "2425709",
            "brand": "Linolite",
            "description": [
                {
                    "section": "Description",
                    "text": "On/Off Button Gold Trim"
                }
            ],
            "key_value_pairs": [
                {
                    "section": "Lamp",
                    "property": "Lamp",
                    "value": "11W 230/110V",
                    "unit": ""
                },
                {
                    "section": "Finish",
                    "property": "Finish",
                    "value": "White",
                    "unit": ""
                }
            ]
        },
        {
            "reference": "053402",
            "brand": "Linolite",
            "description": [
                {
                    "section": "Description",
                    "text": "Pull Cord Dual Voltage White Trim"
                }
            ],
            "key_value_pairs": [
                {
                    "section": "Lamp",
                    "property": "Lamp",
                    "value": "11W 230V",
                    "unit": ""
                },
                {
                    "section": "Finish",
                    "property": "Finish",
                    "value": "White",
                    "unit": ""
                }
            ]
        },
        {
            "reference": "053403",
            "brand": "Linolite",
            "description": [
                {
                    "section": "Description",
                    "text": "Pull Cord Dual Voltage Chrome Trim"
                }
            ],
            "key_value_pairs": [
                {
                    "section": "Lamp",
                    "property": "Lamp",
                    "value": "11W 230V",
                    "unit": ""
                },
                {
                    "section": "Finish",
                    "property": "Finish",
                    "value": "White",
                    "unit": ""
                }
            ]
        },
        {
            "reference": "2425715",
            "brand": "Linolite",
            "description": [
                {
                    "section": "Description",
                    "text": "Pull Cord Dual Voltage Gold Trim"
                }
            ],
            "key_value_pairs": [
                {
                    "section": "Lamp",
                    "property": "Lamp",
                    "value": "11W 230V",
                    "unit": ""
                },
                {
                    "section": "Finish",
                    "property": "Finish",
                    "value": "White",
                    "unit": ""
                }
            ]
        },
        {
            "reference": "053421",
            "brand": "Linolite",
            "description": [
                {
                    "section": "Description",
                    "text": "Dual Voltage Shaver Socket 120V/240V"
                }
            ],
            "key_value_pairs": [
                {
                    "section": "Finish",
                    "property": "Finish",
                    "value": "White",
                    "unit": ""
                }
            ]
        },
        {
            "reference": "053420",
            "brand": "Linolite",
            "description": [
                {
                    "section": "Description",
                    "text": "Single Voltage Shaver Socket 120V/240V"
                }
            ],
            "key_value_pairs": [
                {
                    "section": "Finish",
                    "property": "Finish",
                    "value": "White",
                    "unit": ""
                }
            ]
        },
        {
            "reference": "AU-DLL399PC",
            "brand": "Aurora",
            "description": [
                {
                    "section": "Description",
                    "text": "Downlight, Fixed MR11 IP65"
                }
            ],
            "key_value_pairs": [
                {
                    "section": "Lamp",
                    "property": "Lamp",
                    "value": "35W 12V",
                    "unit": ""
                },
                {
                    "section": "Finish",
                    "property": "Finish",
                    "value": "Polished Chrome",
                    "unit": ""
                }
            ]
        },
        {
            "reference": "AU-DLL399SN",
            "brand": "Aurora",
            "description": [
                {
                    "section": "Description",
                    "text": "Downlight, Fixed MR11 IP65"
                }
            ],
            "key_value_pairs": [
                {
                    "section": "Lamp",
                    "property": "Lamp",
                    "value": "35W 12V",
                    "unit": ""
                },
                {
                    "section": "Finish",
                    "property": "Finish",
                    "value": "Satin Nickel",
                    "unit": ""
                }
            ]
        },
        {
            "reference": "AU-DLL399W",
            "brand": "Aurora",
            "description": [
                {
                    "section": "Description",
                    "text": "Downlight, Fixed MR11 IP65"
                }
            ],
            "key_value_pairs": [
                {
                    "section": "Lamp",
                    "property": "Lamp",
                    "value": "35W 12V",
                    "unit": ""
                },
                {
                    "section": "Finish",
                    "property": "Finish",
                    "value": "White",
                    "unit": ""
                }
            ]
        },
        {
            "reference": "AU-DLL993PB",
            "brand": "Aurora",
            "description": [
                {
                    "section": "Description",
                    "text": "Fire Rated Downlight Fixed, MR16"
                }
            ],
            "key_value_pairs": [
                {
                    "section": "Lamp",
                    "property": "Lamp",
                    "value": "GU5.3 12V",
                    "unit": ""
                },
                {
                    "section": "Finish",
                    "property": "Finish",
                    "value": "Polished Brass",
                    "unit": ""
                }
            ]
        },
        {
            "reference": "AU-DLL993PC",
            "brand": "Aurora",
            "description": [
                {
                    "section": "Description",
                    "text": "Fire Rated Downlight Fixed, MR16"
                }
            ],
            "key_value_pairs": [
                {
                    "section": "Lamp",
                    "property": "Lamp",
                    "value": "GU5.3 12V",
                    "unit": ""
                },
                {
                    "section": "Finish",
                    "property": "Finish",
                    "value": "Polished Chrome",
                    "unit": ""
                }
            ]
        },
        {
            "reference": "AU-DLL993SN",
            "brand": "Aurora",
            "description": [
                {
                    "section": "Description",
                    "text": "Fire Rated Downlight Fixed, MR16"
                }
            ],
            "key_value_pairs": [
                {
                    "section": "Lamp",
                    "property": "Lamp",
                    "value": "GU5.3 12V",
                    "unit": ""
                },
                {
                    "section": "Finish",
                    "property": "Finish",
                    "value": "Satin Nickel",
                    "unit": ""
                }
            ]
        },
        {
            "reference": "AU-DLL993SS",
            "brand": "Aurora",
            "description": [
                {
                    "section": "Description",
                    "text": "Fire Rated Downlight Fixed, MR16"
                }
            ],
            "key_value_pairs": [
                {
                    "section": "Lamp",
                    "property": "Lamp",
                    "value": "GU5.3 12V",
                    "unit": ""
                },
                {
                    "section": "Finish",
                    "property": "Finish",
                    "value": "Satin Silver",
                    "unit": ""
                }
            ]
        },
        {
            "reference": "AU-DLL993W",
            "brand": "Aurora",
            "description": [
                {
                    "section": "Description",
                    "text": "Fire Rated Downlight Fixed, MR16"
                }
            ],
            "key_value_pairs": [
                {
                    "section": "Lamp",
                    "property": "Lamp",
                    "value": "GU5.3 12V",
                    "unit": ""
                },
                {
                    "section": "Finish",
                    "property": "Finish",
                    "value": "White",
                    "unit": ""
                }
            ]
        },
        {
            "reference": "AU-DLL993MW",
            "brand": "Aurora",
            "description": [
                {
                    "section": "Description",
                    "text": "Fire Rated Downlight Fixed, MR16"
                }
            ],
            "key_value_pairs": [
                {
                    "section": "Lamp",
                    "property": "Lamp",
                    "value": "GU5.3 12V",
                    "unit": ""
                },
                {
                    "section": "Finish",
                    "property": "Finish",
                    "value": "Matt White",
                    "unit": ""
                }
            ]
        },
        {
            "reference": "AU-DLL401PC",
            "brand": "Aurora",
            "description": [
                {
                    "section": "Description",
                    "text": "Downlight, Fixed MR16 IP65"
                }
            ],
            "key_value_pairs": [
                {
                    "section": "Lamp",
                    "property": "Lamp",
                    "value": "50W 12V",
                    "unit": ""
                },
                {
                    "section": "Finish",
                    "property": "Finish",
                    "value": "Polished Chrome",
                    "unit": ""
                }
            ]
        },
        {
            "reference": "AU-DLL401SN",
            "brand": "Aurora",
            "description": [
                {
                    "section": "Description",
                    "text": "Downlight, Fixed MR16 IP65"
                }
            ],
            "key_value_pairs": [
                {
                    "section": "Lamp",
                    "property": "Lamp",
                    "value": "50W 12V",
                    "unit": ""
                },
                {
                    "section": "Finish",
                    "property": "Finish",
                    "value": "Satin Nickel",
                    "unit": ""
                }
            ]
        },
        {
            "reference": "AU-DLL401W",
            "brand": "Aurora",
            "description": [
                {
                    "section": "Description",
                    "text": "Downlight, Fixed MR16 IP65"
                }
            ],
            "key_value_pairs": [
                {
                    "section": "Lamp",
                    "property": "Lamp",
                    "value": "50W 12V",
                    "unit": ""
                },
                {
                    "section": "Finish",
                    "property": "Finish",
                    "value": "White",
                    "unit": ""
                }
            ]
        },
        {
            "reference": "AU-DLM983PB",
            "brand": "Aurora",
            "description": [
                {
                    "section": "Description",
                    "text": "Downlight, Fixed Acoustic Fire Protected"
                }
            ],
            "key_value_pairs": [
                {
                    "section": "Lamp",
                    "property": "Lamp",
                    "value": "GU10",
                    "unit": ""
                },
                {
                    "section": "Finish",
                    "property": "Finish",
                    "value": "Polished Brass",
                    "unit": ""
                }
            ]
        },
        {
            "reference": "AU-DLM983PC",
            "brand": "Aurora",
            "description": [
                {
                    "section": "Description",
                    "text": "Downlight, Fixed Acoustic Fire Protected"
                }
            ],
            "key_value_pairs": [
                {
                    "section": "Lamp",
                    "property": "Lamp",
                    "value": "GU10",
                    "unit": ""
                },
                {
                    "section": "Finish",
                    "property": "Finish",
                    "value": "Polished Chrome",
                    "unit": ""
                }
            ]
        },
        {
            "reference": "AU-DLM983SN",
            "brand": "Aurora",
            "description": [
                {
                    "section": "Description",
                    "text": "Downlight, Fixed Acoustic Fire Protected"
                }
            ],
            "key_value_pairs": [
                {
                    "section": "Lamp",
                    "property": "Lamp",
                    "value": "GU10",
                    "unit": ""
                },
                {
                    "section": "Finish",
                    "property": "Finish",
                    "value": "Satin Nickel",
                    "unit": ""
                }
            ]
        },
        {
            "reference": "AU-DLM983SS",
            "brand": "Aurora",
            "description": [
                {
                    "section": "Description",
                    "text": "Downlight, Fixed Acoustic Fire Protected"
                }
            ],
            "key_value_pairs": [
                {
                    "section": "Lamp",
                    "property": "Lamp",
                    "value": "GU10",
                    "unit": ""
                },
                {
                    "section": "Finish",
                    "property": "Finish",
                    "value": "Satin Silver",
                    "unit": ""
                }
            ]
        },
        {
            "reference": "AU-DLM983W",
            "brand": "Aurora",
            "description": [
                {
                    "section": "Description",
                    "text": "Downlight, Fixed Acoustic Fire Protected"
                }
            ],
            "key_value_pairs": [
                {
                    "section": "Lamp",
                    "property": "Lamp",
                    "value": "GU10",
                    "unit": ""
                },
                {
                    "section": "Finish",
                    "property": "Finish",
                    "value": "White",
                    "unit": ""
                }
            ]
        },
        {
            "reference": "AU-DLM983MW",
            "brand": "Aurora",
            "description": [
                {
                    "section": "Description",
                    "text": "Downlight, Fixed Acoustic Fire Protected"
                }
            ],
            "key_value_pairs": [
                {
                    "section": "Lamp",
                    "property": "Lamp",
                    "value": "GU10",
                    "unit": ""
                },
                {
                    "section": "Finish",
                    "property": "Finish",
                    "value": "Matt White",
                    "unit": ""
                }
            ]
        },
        {
            "reference": "AU-DLM411PC",
            "brand": "Aurora",
            "description": [
                {
                    "section": "Description",
                    "text": "Downlight, Fixed GZ/GU10 IP65"
                }
            ],
            "key_value_pairs": [
                {
                    "section": "Lamp",
                    "property": "Lamp",
                    "value": "50W 240V",
                    "unit": ""
                },
                {
                    "section": "Finish",
                    "property": "Finish",
                    "value": "Polished Chrome",
                    "unit": ""
                }
            ]
        },
        {
            "reference": "AU-DLM411SN",
            "brand": "Aurora",
            "description": [
                {
                    "section": "Description",
                    "text": "Downlight, Fixed GZ/GU10 IP65"
                }
            ],
            "key_value_pairs": [
                {
                    "section": "Lamp",
                    "property": "Lamp",
                    "value": "50W 240V",
                    "unit": ""
                },
                {
                    "section": "Finish",
                    "property": "Finish",
                    "value": "Satin Nickel",
                    "unit": ""
                }
            ]
        },
        {
            "reference": "AU-DLM411W",
            "brand": "Aurora",
            "description": [
                {
                    "section": "Description",
                    "text": "Downlight, Fixed GZ/GU10 IP65"
                }
            ],
            "key_value_pairs": [
                {
                    "section": "Lamp",
                    "property": "Lamp",
                    "value": "50W 240V",
                    "unit": ""
                },
                {
                    "section": "Finish",
                    "property": "Finish",
                    "value": "White",
                    "unit": ""
                }
            ]
        }
    ]
}