{
    "datasheet": [
        {
            "index": 0,
            "bbox": [
                [
                    187,
                    148
                ],
                [
                    573,
                    148
                ],
                [
                    573,
                    219
                ],
                [
                    187,
                    219
                ]
            ],
            "text": "pumpa",
            "label": "Out"
        },
        {
            "index": 1,
            "bbox": [
                [
                    1128,
                    175
                ],
                [
                    1254,
                    175
                ],
                [
                    1254,
                    207
                ],
                [
                    1128,
                    207
                ]
            ],
            "text": "PUMPA",
            "label": "Out"
        },
        {
            "index": 2,
            "bbox": [
                [
                    1256,
                    175
                ],
                [
                    1340,
                    175
                ],
                [
                    1340,
                    207
                ],
                [
                    1256,
                    207
                ]
            ],
            "text": "BLUE",
            "label": "Out"
        },
        {
            "index": 3,
            "bbox": [
                [
                    1343,
                    175
                ],
                [
                    1420,
                    175
                ],
                [
                    1420,
                    207
                ],
                [
                    1343,
                    207
                ]
            ],
            "text": "LINE",
            "label": "Out"
        },
        {
            "index": 4,
            "bbox": [
                [
                    1420,
                    175
                ],
                [
                    1521,
                    175
                ],
                [
                    1521,
                    207
                ],
                [
                    1420,
                    207
                ]
            ],
            "text": "3SKM",
            "label": "Out"
        },
        {
            "index": 5,
            "bbox": [
                [
                    187,
                    296
                ],
                [
                    363,
                    296
                ],
                [
                    363,
                    363
                ],
                [
                    187,
                    363
                ]
            ],
            "text": "blue",
            "label": "Out"
        },
        {
            "index": 6,
            "bbox": [
                [
                    402,
                    292
                ],
                [
                    550,
                    292
                ],
                [
                    550,
                    367
                ],
                [
                    402,
                    367
                ]
            ],
            "text": "line",
            "label": "Out"
        },
        {
            "index": 7,
            "bbox": [
                [
                    132,
                    495
                ],
                [
                    527,
                    495
                ],
                [
                    527,
                    566
                ],
                [
                    132,
                    566
                ]
            ],
            "text": "3\" submersible",
            "label": "B_Descri"
        },
        {
            "index": 8,
            "bbox": [
                [
                    541,
                    513
                ],
                [
                    701,
                    513
                ],
                [
                    701,
                    577
                ],
                [
                    541,
                    577
                ]
            ],
            "text": "pump",
            "label": "I_Descri"
        },
        {
            "index": 9,
            "bbox": [
                [
                    710,
                    500
                ],
                [
                    790,
                    500
                ],
                [
                    790,
                    564
                ],
                [
                    710,
                    564
                ]
            ],
            "text": "for",
            "label": "I_Descri"
        },
        {
            "index": 10,
            "bbox": [
                [
                    797,
                    497
                ],
                [
                    1069,
                    497
                ],
                [
                    1069,
                    566
                ],
                [
                    797,
                    566
                ]
            ],
            "text": "boreholes",
            "label": "I_Descri"
        },
        {
            "index": 11,
            "bbox": [
                [
                    139,
                    616
                ],
                [
                    331,
                    616
                ],
                [
                    331,
                    678
                ],
                [
                    139,
                    678
                ]
            ],
            "text": "BLUE",
            "label": "B_Descri"
        },
        {
            "index": 12,
            "bbox": [
                [
                    356,
                    616
                ],
                [
                    530,
                    616
                ],
                [
                    530,
                    678
                ],
                [
                    356,
                    678
                ]
            ],
            "text": "LINE",
            "label": "I_Descri"
        },
        {
            "index": 13,
            "bbox": [
                [
                    555,
                    619
                ],
                [
                    790,
                    619
                ],
                [
                    790,
                    678
                ],
                [
                    555,
                    678
                ]
            ],
            "text": "3SKM",
            "label": "I_Descri"
        },
        {
            "index": 14,
            "bbox": [
                [
                    130,
                    744
                ],
                [
                    329,
                    744
                ],
                [
                    329,
                    785
                ],
                [
                    130,
                    785
                ]
            ],
            "text": "Submersible",
            "label": "B_Descri"
        },
        {
            "index": 15,
            "bbox": [
                [
                    322,
                    744
                ],
                [
                    363,
                    744
                ],
                [
                    363,
                    785
                ],
                [
                    322,
                    785
                ]
            ],
            "text": "3\"",
            "label": "I_Descri"
        },
        {
            "index": 16,
            "bbox": [
                [
                    365,
                    751
                ],
                [
                    452,
                    751
                ],
                [
                    452,
                    788
                ],
                [
                    365,
                    788
                ]
            ],
            "text": "pump",
            "label": "I_Descri"
        },
        {
            "index": 17,
            "bbox": [
                [
                    454,
                    746
                ],
                [
                    587,
                    746
                ],
                [
                    587,
                    781
                ],
                [
                    454,
                    781
                ]
            ],
            "text": "for wells",
            "label": "I_Descri"
        },
        {
            "index": 18,
            "bbox": [
                [
                    587,
                    746
                ],
                [
                    648,
                    746
                ],
                [
                    648,
                    781
                ],
                [
                    587,
                    781
                ]
            ],
            "text": "and",
            "label": "I_Descri"
        },
        {
            "index": 19,
            "bbox": [
                [
                    648,
                    744
                ],
                [
                    806,
                    744
                ],
                [
                    806,
                    783
                ],
                [
                    648,
                    783
                ]
            ],
            "text": "boreholes",
            "label": "I_Descri"
        },
        {
            "index": 20,
            "bbox": [
                [
                    130,
                    785
                ],
                [
                    185,
                    785
                ],
                [
                    185,
                    822
                ],
                [
                    130,
                    822
                ]
            ],
            "text": "for",
            "label": "I_Descri"
        },
        {
            "index": 21,
            "bbox": [
                [
                    185,
                    790
                ],
                [
                    315,
                    790
                ],
                [
                    315,
                    824
                ],
                [
                    185,
                    824
                ]
            ],
            "text": "pumping",
            "label": "I_Descri"
        },
        {
            "index": 22,
            "bbox": [
                [
                    317,
                    783
                ],
                [
                    502,
                    783
                ],
                [
                    502,
                    824
                ],
                [
                    317,
                    824
                ]
            ],
            "text": "clean water,",
            "label": "I_Descri"
        },
        {
            "index": 23,
            "bbox": [
                [
                    500,
                    785
                ],
                [
                    648,
                    785
                ],
                [
                    648,
                    826
                ],
                [
                    500,
                    826
                ]
            ],
            "text": "irrigation.",
            "label": "I_Descri"
        },
        {
            "index": 24,
            "bbox": [
                [
                    130,
                    1071
                ],
                [
                    315,
                    1071
                ],
                [
                    315,
                    1110
                ],
                [
                    130,
                    1110
                ]
            ],
            "text": "Application",
            "label": "B_Section"
        },
        {
            "index": 25,
            "bbox": [
                [
                    150,
                    1112
                ],
                [
                    198,
                    1112
                ],
                [
                    198,
                    1148
                ],
                [
                    150,
                    1148
                ]
            ],
            "text": "For",
            "label": "B_Descri"
        },
        {
            "index": 26,
            "bbox": [
                [
                    189,
                    1116
                ],
                [
                    297,
                    1116
                ],
                [
                    297,
                    1146
                ],
                [
                    189,
                    1146
                ]
            ],
            "text": "boreholes",
            "label": "I_Descri"
        },
        {
            "index": 27,
            "bbox": [
                [
                    290,
                    1114
                ],
                [
                    349,
                    1114
                ],
                [
                    349,
                    1146
                ],
                [
                    290,
                    1146
                ]
            ],
            "text": "from",
            "label": "I_Descri"
        },
        {
            "index": 28,
            "bbox": [
                [
                    345,
                    1116
                ],
                [
                    390,
                    1116
                ],
                [
                    390,
                    1144
                ],
                [
                    345,
                    1144
                ]
            ],
            "text": "125",
            "label": "I_Descri"
        },
        {
            "index": 29,
            "bbox": [
                [
                    386,
                    1121
                ],
                [
                    434,
                    1121
                ],
                [
                    434,
                    1144
                ],
                [
                    386,
                    1144
                ]
            ],
            "text": "mm",
            "label": "I_Descri"
        },
        {
            "index": 30,
            "bbox": [
                [
                    559,
                    1116
                ],
                [
                    632,
                    1116
                ],
                [
                    632,
                    1148
                ],
                [
                    559,
                    1148
                ]
            ],
            "text": "Power",
            "label": "B_Descri"
        },
        {
            "index": 31,
            "bbox": [
                [
                    625,
                    1116
                ],
                [
                    699,
                    1116
                ],
                [
                    699,
                    1148
                ],
                [
                    625,
                    1148
                ]
            ],
            "text": "supply",
            "label": "I_Descri"
        },
        {
            "index": 32,
            "bbox": [
                [
                    694,
                    1116
                ],
                [
                    726,
                    1116
                ],
                [
                    726,
                    1146
                ],
                [
                    694,
                    1146
                ]
            ],
            "text": "of",
            "label": "I_Descri"
        },
        {
            "index": 33,
            "bbox": [
                [
                    719,
                    1119
                ],
                [
                    815,
                    1119
                ],
                [
                    815,
                    1148
                ],
                [
                    719,
                    1148
                ]
            ],
            "text": "pressure",
            "label": "I_Descri"
        },
        {
            "index": 34,
            "bbox": [
                [
                    811,
                    1119
                ],
                [
                    902,
                    1119
                ],
                [
                    902,
                    1148
                ],
                [
                    811,
                    1148
                ]
            ],
            "text": "systems",
            "label": "I_Descri"
        },
        {
            "index": 35,
            "bbox": [
                [
                    153,
                    1155
                ],
                [
                    249,
                    1155
                ],
                [
                    249,
                    1187
                ],
                [
                    153,
                    1187
                ]
            ],
            "text": "Pumping",
            "label": "B_Descri"
        },
        {
            "index": 36,
            "bbox": [
                [
                    246,
                    1158
                ],
                [
                    306,
                    1158
                ],
                [
                    306,
                    1183
                ],
                [
                    246,
                    1183
                ]
            ],
            "text": "clean",
            "label": "I_Descri"
        },
        {
            "index": 37,
            "bbox": [
                [
                    303,
                    1160
                ],
                [
                    365,
                    1160
                ],
                [
                    365,
                    1183
                ],
                [
                    303,
                    1183
                ]
            ],
            "text": "water",
            "label": "I_Descri"
        },
        {
            "index": 38,
            "bbox": [
                [
                    365,
                    1158
                ],
                [
                    408,
                    1158
                ],
                [
                    408,
                    1183
                ],
                [
                    365,
                    1183
                ]
            ],
            "text": "into",
            "label": "I_Descri"
        },
        {
            "index": 39,
            "bbox": [
                [
                    404,
                    1155
                ],
                [
                    527,
                    1155
                ],
                [
                    527,
                    1185
                ],
                [
                    404,
                    1185
                ]
            ],
            "text": "households",
            "label": "I_Descri"
        },
        {
            "index": 40,
            "bbox": [
                [
                    559,
                    1155
                ],
                [
                    625,
                    1155
                ],
                [
                    625,
                    1190
                ],
                [
                    559,
                    1190
                ]
            ],
            "text": "Filling",
            "label": "B_Descri"
        },
        {
            "index": 41,
            "bbox": [
                [
                    623,
                    1158
                ],
                [
                    667,
                    1158
                ],
                [
                    667,
                    1183
                ],
                [
                    623,
                    1183
                ]
            ],
            "text": "and",
            "label": "I_Descri"
        },
        {
            "index": 42,
            "bbox": [
                [
                    662,
                    1155
                ],
                [
                    763,
                    1155
                ],
                [
                    763,
                    1187
                ],
                [
                    662,
                    1187
                ]
            ],
            "text": "emptying",
            "label": "I_Descri"
        },
        {
            "index": 43,
            "bbox": [
                [
                    760,
                    1158
                ],
                [
                    820,
                    1158
                ],
                [
                    820,
                    1183
                ],
                [
                    760,
                    1183
                ]
            ],
            "text": "tanks",
            "label": "I_Descri"
        },
        {
            "index": 44,
            "bbox": [
                [
                    153,
                    1196
                ],
                [
                    219,
                    1196
                ],
                [
                    219,
                    1222
                ],
                [
                    153,
                    1222
                ]
            ],
            "text": "Water",
            "label": "B_Descri"
        },
        {
            "index": 45,
            "bbox": [
                [
                    214,
                    1194
                ],
                [
                    326,
                    1194
                ],
                [
                    326,
                    1224
                ],
                [
                    214,
                    1224
                ]
            ],
            "text": "circulation",
            "label": "I_Descri"
        },
        {
            "index": 46,
            "bbox": [
                [
                    322,
                    1194
                ],
                [
                    349,
                    1194
                ],
                [
                    349,
                    1224
                ],
                [
                    322,
                    1224
                ]
            ],
            "text": "in",
            "label": "I_Descri"
        },
        {
            "index": 47,
            "bbox": [
                [
                    345,
                    1194
                ],
                [
                    447,
                    1194
                ],
                [
                    447,
                    1224
                ],
                [
                    345,
                    1224
                ]
            ],
            "text": "fountains",
            "label": "I_Descri"
        },
        {
            "index": 48,
            "bbox": [
                [
                    884,
                    1249
                ],
                [
                    1096,
                    1249
                ],
                [
                    1096,
                    1281
                ],
                [
                    884,
                    1281
                ]
            ],
            "text": "Characteristic",
            "label": "B_Section"
        },
        {
            "index": 49,
            "bbox": [
                [
                    1096,
                    1247
                ],
                [
                    1206,
                    1247
                ],
                [
                    1206,
                    1288
                ],
                [
                    1096,
                    1288
                ]
            ],
            "text": "design",
            "label": "I_Section"
        },
        {
            "index": 50,
            "bbox": [
                [
                    1208,
                    1249
                ],
                [
                    1345,
                    1249
                ],
                [
                    1345,
                    1281
                ],
                [
                    1208,
                    1281
                ]
            ],
            "text": "features",
            "label": "I_Section"
        },
        {
            "index": 51,
            "bbox": [
                [
                    904,
                    1308
                ],
                [
                    1002,
                    1308
                ],
                [
                    1002,
                    1340
                ],
                [
                    904,
                    1340
                ]
            ],
            "text": "Stainless",
            "label": "B_Descri"
        },
        {
            "index": 52,
            "bbox": [
                [
                    996,
                    1308
                ],
                [
                    1055,
                    1308
                ],
                [
                    1055,
                    1340
                ],
                [
                    996,
                    1340
                ]
            ],
            "text": "steel",
            "label": "I_Descri"
        },
        {
            "index": 53,
            "bbox": [
                [
                    1048,
                    1308
                ],
                [
                    1114,
                    1308
                ],
                [
                    1114,
                    1340
                ],
                [
                    1048,
                    1340
                ]
            ],
            "text": "shaft,",
            "label": "I_Descri"
        },
        {
            "index": 54,
            "bbox": [
                [
                    1107,
                    1311
                ],
                [
                    1181,
                    1311
                ],
                [
                    1181,
                    1343
                ],
                [
                    1107,
                    1343
                ]
            ],
            "text": "casing",
            "label": "I_Descri"
        },
        {
            "index": 55,
            "bbox": [
                [
                    1178,
                    1311
                ],
                [
                    1224,
                    1311
                ],
                [
                    1224,
                    1338
                ],
                [
                    1178,
                    1338
                ]
            ],
            "text": "and",
            "label": "I_Descri"
        },
        {
            "index": 56,
            "bbox": [
                [
                    1219,
                    1311
                ],
                [
                    1327,
                    1311
                ],
                [
                    1327,
                    1340
                ],
                [
                    1219,
                    1340
                ]
            ],
            "text": "hydraulics",
            "label": "I_Descri"
        },
        {
            "index": 57,
            "bbox": [
                [
                    456,
                    1333
                ],
                [
                    507,
                    1333
                ],
                [
                    507,
                    1359
                ],
                [
                    456,
                    1359
                ]
            ],
            "text": "blue",
            "label": "Out"
        },
        {
            "index": 58,
            "bbox": [
                [
                    504,
                    1333
                ],
                [
                    550,
                    1333
                ],
                [
                    550,
                    1359
                ],
                [
                    504,
                    1359
                ]
            ],
            "text": "line",
            "label": "Out"
        },
        {
            "index": 59,
            "bbox": [
                [
                    644,
                    1333
                ],
                [
                    696,
                    1333
                ],
                [
                    696,
                    1359
                ],
                [
                    644,
                    1359
                ]
            ],
            "text": "blue",
            "label": "Out"
        },
        {
            "index": 60,
            "bbox": [
                [
                    694,
                    1333
                ],
                [
                    740,
                    1333
                ],
                [
                    740,
                    1359
                ],
                [
                    694,
                    1359
                ]
            ],
            "text": "line",
            "label": "Out"
        },
        {
            "index": 61,
            "bbox": [
                [
                    139,
                    1349
                ],
                [
                    212,
                    1349
                ],
                [
                    212,
                    1381
                ],
                [
                    139,
                    1381
                ]
            ],
            "text": "Model",
            "label": "B_Section"
        },
        {
            "index": 62,
            "bbox": [
                [
                    456,
                    1359
                ],
                [
                    523,
                    1359
                ],
                [
                    523,
                    1384
                ],
                [
                    456,
                    1384
                ]
            ],
            "text": "3SKM",
            "label": "Out"
        },
        {
            "index": 63,
            "bbox": [
                [
                    523,
                    1359
                ],
                [
                    566,
                    1359
                ],
                [
                    566,
                    1384
                ],
                [
                    523,
                    1384
                ]
            ],
            "text": "100",
            "label": "Out"
        },
        {
            "index": 64,
            "bbox": [
                [
                    644,
                    1359
                ],
                [
                    712,
                    1359
                ],
                [
                    712,
                    1384
                ],
                [
                    644,
                    1384
                ]
            ],
            "text": "3SKM",
            "label": "Out"
        },
        {
            "index": 65,
            "bbox": [
                [
                    712,
                    1359
                ],
                [
                    756,
                    1359
                ],
                [
                    756,
                    1386
                ],
                [
                    712,
                    1386
                ]
            ],
            "text": "150",
            "label": "Out"
        },
        {
            "index": 66,
            "bbox": [
                [
                    904,
                    1347
                ],
                [
                    970,
                    1347
                ],
                [
                    970,
                    1379
                ],
                [
                    904,
                    1379
                ]
            ],
            "text": "Brass",
            "label": "B_Descri"
        },
        {
            "index": 67,
            "bbox": [
                [
                    966,
                    1347
                ],
                [
                    1053,
                    1347
                ],
                [
                    1053,
                    1379
                ],
                [
                    966,
                    1379
                ]
            ],
            "text": "impeller",
            "label": "I_Descri"
        },
        {
            "index": 68,
            "bbox": [
                [
                    904,
                    1386
                ],
                [
                    1012,
                    1386
                ],
                [
                    1012,
                    1418
                ],
                [
                    904,
                    1418
                ]
            ],
            "text": "Oil-cooled",
            "label": "B_Descri"
        },
        {
            "index": 69,
            "bbox": [
                [
                    1005,
                    1388
                ],
                [
                    1080,
                    1388
                ],
                [
                    1080,
                    1420
                ],
                [
                    1005,
                    1420
                ]
            ],
            "text": "engine",
            "label": "I_Descri"
        },
        {
            "index": 70,
            "bbox": [
                [
                    1075,
                    1388
                ],
                [
                    1126,
                    1388
                ],
                [
                    1126,
                    1416
                ],
                [
                    1075,
                    1416
                ]
            ],
            "text": "with",
            "label": "I_Descri"
        },
        {
            "index": 71,
            "bbox": [
                [
                    1123,
                    1388
                ],
                [
                    1270,
                    1388
                ],
                [
                    1270,
                    1420
                ],
                [
                    1123,
                    1420
                ]
            ],
            "text": "compensating",
            "label": "I_Descri"
        },
        {
            "index": 72,
            "bbox": [
                [
                    1267,
                    1386
                ],
                [
                    1384,
                    1386
                ],
                [
                    1384,
                    1416
                ],
                [
                    1267,
                    1416
                ]
            ],
            "text": "membrane",
            "label": "I_Descri"
        },
        {
            "index": 73,
            "bbox": [
                [
                    139,
                    1407
                ],
                [
                    191,
                    1407
                ],
                [
                    191,
                    1432
                ],
                [
                    139,
                    1432
                ]
            ],
            "text": "Code",
            "label": "B_Prop"
        },
        {
            "index": 74,
            "bbox": [
                [
                    452,
                    1404
                ],
                [
                    555,
                    1404
                ],
                [
                    555,
                    1434
                ],
                [
                    452,
                    1434
                ]
            ],
            "text": "ZB00001039",
            "label": "B_Ref"
        },
        {
            "index": 75,
            "bbox": [
                [
                    641,
                    1404
                ],
                [
                    744,
                    1404
                ],
                [
                    744,
                    1434
                ],
                [
                    641,
                    1434
                ]
            ],
            "text": "ZB00048409",
            "label": "B_Ref"
        },
        {
            "index": 76,
            "bbox": [
                [
                    137,
                    1436
                ],
                [
                    233,
                    1436
                ],
                [
                    233,
                    1466
                ],
                [
                    137,
                    1466
                ]
            ],
            "text": "Maximum",
            "label": "B_Prop"
        },
        {
            "index": 77,
            "bbox": [
                [
                    226,
                    1439
                ],
                [
                    269,
                    1439
                ],
                [
                    269,
                    1464
                ],
                [
                    226,
                    1464
                ]
            ],
            "text": "flow",
            "label": "I_Prop"
        },
        {
            "index": 78,
            "bbox": [
                [
                    265,
                    1436
                ],
                [
                    345,
                    1436
                ],
                [
                    345,
                    1468
                ],
                [
                    265,
                    1468
                ]
            ],
            "text": "[m³/hod]",
            "label": "I_Prop"
        },
        {
            "index": 79,
            "bbox": [
                [
                    454,
                    1439
                ],
                [
                    486,
                    1439
                ],
                [
                    486,
                    1464
                ],
                [
                    454,
                    1464
                ]
            ],
            "text": "2,5",
            "label": "B_Value"
        },
        {
            "index": 80,
            "bbox": [
                [
                    644,
                    1439
                ],
                [
                    676,
                    1439
                ],
                [
                    676,
                    1466
                ],
                [
                    644,
                    1466
                ]
            ],
            "text": "2,5",
            "label": "B_Value"
        },
        {
            "index": 81,
            "bbox": [
                [
                    904,
                    1425
                ],
                [
                    996,
                    1425
                ],
                [
                    996,
                    1459
                ],
                [
                    904,
                    1459
                ]
            ],
            "text": "Graphite",
            "label": "B_Descri"
        },
        {
            "index": 82,
            "bbox": [
                [
                    993,
                    1427
                ],
                [
                    1039,
                    1427
                ],
                [
                    1039,
                    1455
                ],
                [
                    993,
                    1455
                ]
            ],
            "text": "seal",
            "label": "I_Descri"
        },
        {
            "index": 83,
            "bbox": [
                [
                    1037,
                    1427
                ],
                [
                    1139,
                    1427
                ],
                [
                    1139,
                    1459
                ],
                [
                    1037,
                    1459
                ]
            ],
            "text": "protected",
            "label": "I_Descri"
        },
        {
            "index": 84,
            "bbox": [
                [
                    1135,
                    1429
                ],
                [
                    1167,
                    1429
                ],
                [
                    1167,
                    1459
                ],
                [
                    1135,
                    1459
                ]
            ],
            "text": "by",
            "label": "I_Descri"
        },
        {
            "index": 85,
            "bbox": [
                [
                    1160,
                    1429
                ],
                [
                    1187,
                    1429
                ],
                [
                    1187,
                    1457
                ],
                [
                    1160,
                    1457
                ]
            ],
            "text": "a",
            "label": "I_Descri"
        },
        {
            "index": 86,
            "bbox": [
                [
                    1178,
                    1427
                ],
                [
                    1229,
                    1427
                ],
                [
                    1229,
                    1461
                ],
                [
                    1178,
                    1461
                ]
            ],
            "text": "ring",
            "label": "I_Descri"
        },
        {
            "index": 87,
            "bbox": [
                [
                    1224,
                    1427
                ],
                [
                    1304,
                    1427
                ],
                [
                    1304,
                    1459
                ],
                [
                    1224,
                    1459
                ]
            ],
            "text": "against",
            "label": "I_Descri"
        },
        {
            "index": 88,
            "bbox": [
                [
                    1299,
                    1425
                ],
                [
                    1359,
                    1425
                ],
                [
                    1359,
                    1457
                ],
                [
                    1299,
                    1457
                ]
            ],
            "text": "sand",
            "label": "I_Descri"
        },
        {
            "index": 89,
            "bbox": [
                [
                    139,
                    1471
                ],
                [
                    233,
                    1471
                ],
                [
                    233,
                    1500
                ],
                [
                    139,
                    1500
                ]
            ],
            "text": "Maximum",
            "label": "B_Prop"
        },
        {
            "index": 90,
            "bbox": [
                [
                    226,
                    1471
                ],
                [
                    315,
                    1471
                ],
                [
                    315,
                    1502
                ],
                [
                    226,
                    1502
                ]
            ],
            "text": "discharge",
            "label": "I_Prop"
        },
        {
            "index": 91,
            "bbox": [
                [
                    310,
                    1473
                ],
                [
                    358,
                    1473
                ],
                [
                    358,
                    1498
                ],
                [
                    310,
                    1498
                ]
            ],
            "text": "head",
            "label": "I_Prop"
        },
        {
            "index": 92,
            "bbox": [
                [
                    358,
                    1471
                ],
                [
                    393,
                    1471
                ],
                [
                    393,
                    1500
                ],
                [
                    358,
                    1500
                ]
            ],
            "text": "[m]",
            "label": "I_Prop"
        },
        {
            "index": 93,
            "bbox": [
                [
                    454,
                    1473
                ],
                [
                    482,
                    1473
                ],
                [
                    482,
                    1500
                ],
                [
                    454,
                    1500
                ]
            ],
            "text": "57",
            "label": "B_Value"
        },
        {
            "index": 94,
            "bbox": [
                [
                    641,
                    1473
                ],
                [
                    671,
                    1473
                ],
                [
                    671,
                    1500
                ],
                [
                    641,
                    1500
                ]
            ],
            "text": "73",
            "label": "B_Value"
        },
        {
            "index": 95,
            "bbox": [
                [
                    139,
                    1512
                ],
                [
                    198,
                    1512
                ],
                [
                    198,
                    1537
                ],
                [
                    139,
                    1537
                ]
            ],
            "text": "Pump",
            "label": "B_Prop"
        },
        {
            "index": 96,
            "bbox": [
                [
                    189,
                    1507
                ],
                [
                    276,
                    1507
                ],
                [
                    276,
                    1537
                ],
                [
                    189,
                    1537
                ]
            ],
            "text": "diameter",
            "label": "I_Prop"
        },
        {
            "index": 97,
            "bbox": [
                [
                    454,
                    1509
                ],
                [
                    479,
                    1509
                ],
                [
                    479,
                    1537
                ],
                [
                    454,
                    1537
                ]
            ],
            "text": "3\"",
            "label": "B_Value"
        },
        {
            "index": 98,
            "bbox": [
                [
                    641,
                    1509
                ],
                [
                    669,
                    1509
                ],
                [
                    669,
                    1534
                ],
                [
                    641,
                    1534
                ]
            ],
            "text": "3\"",
            "label": "B_Value"
        },
        {
            "index": 99,
            "bbox": [
                [
                    139,
                    1546
                ],
                [
                    217,
                    1546
                ],
                [
                    217,
                    1578
                ],
                [
                    139,
                    1578
                ]
            ],
            "text": "Voltage/",
            "label": "B_Prop"
        },
        {
            "index": 100,
            "bbox": [
                [
                    217,
                    1546
                ],
                [
                    310,
                    1546
                ],
                [
                    310,
                    1578
                ],
                [
                    217,
                    1578
                ]
            ],
            "text": "frequency",
            "label": "I_Prop"
        },
        {
            "index": 101,
            "bbox": [
                [
                    303,
                    1546
                ],
                [
                    365,
                    1546
                ],
                [
                    365,
                    1578
                ],
                [
                    303,
                    1578
                ]
            ],
            "text": "[V/Hz]",
            "label": "I_Prop"
        },
        {
            "index": 102,
            "bbox": [
                [
                    454,
                    1548
                ],
                [
                    523,
                    1548
                ],
                [
                    523,
                    1573
                ],
                [
                    454,
                    1573
                ]
            ],
            "text": "230/50",
            "label": "B_Value"
        },
        {
            "index": 103,
            "bbox": [
                [
                    644,
                    1548
                ],
                [
                    712,
                    1548
                ],
                [
                    712,
                    1573
                ],
                [
                    644,
                    1573
                ]
            ],
            "text": "230/50",
            "label": "B_Value"
        },
        {
            "index": 104,
            "bbox": [
                [
                    139,
                    1585
                ],
                [
                    201,
                    1585
                ],
                [
                    201,
                    1610
                ],
                [
                    139,
                    1610
                ]
            ],
            "text": "Power",
            "label": "B_Prop"
        },
        {
            "index": 105,
            "bbox": [
                [
                    196,
                    1582
                ],
                [
                    230,
                    1582
                ],
                [
                    230,
                    1612
                ],
                [
                    196,
                    1612
                ]
            ],
            "text": "[W]",
            "label": "I_Prop"
        },
        {
            "index": 106,
            "bbox": [
                [
                    454,
                    1585
                ],
                [
                    491,
                    1585
                ],
                [
                    491,
                    1610
                ],
                [
                    454,
                    1610
                ]
            ],
            "text": "750",
            "label": "B_Value"
        },
        {
            "index": 107,
            "bbox": [
                [
                    644,
                    1585
                ],
                [
                    689,
                    1585
                ],
                [
                    689,
                    1610
                ],
                [
                    644,
                    1610
                ]
            ],
            "text": "1100",
            "label": "B_Value"
        },
        {
            "index": 108,
            "bbox": [
                [
                    884,
                    1571
                ],
                [
                    1039,
                    1571
                ],
                [
                    1039,
                    1610
                ],
                [
                    884,
                    1610
                ]
            ],
            "text": "Hydraulic",
            "label": "Out"
        },
        {
            "index": 109,
            "bbox": [
                [
                    1041,
                    1578
                ],
                [
                    1153,
                    1578
                ],
                [
                    1153,
                    1612
                ],
                [
                    1041,
                    1612
                ]
            ],
            "text": "power",
            "label": "Out"
        },
        {
            "index": 110,
            "bbox": [
                [
                    1149,
                    1578
                ],
                [
                    1245,
                    1578
                ],
                [
                    1245,
                    1608
                ],
                [
                    1149,
                    1608
                ]
            ],
            "text": "curve",
            "label": "Out"
        },
        {
            "index": 111,
            "bbox": [
                [
                    141,
                    1621
                ],
                [
                    242,
                    1621
                ],
                [
                    242,
                    1644
                ],
                [
                    141,
                    1644
                ]
            ],
            "text": "Connection",
            "label": "B_Prop"
        },
        {
            "index": 112,
            "bbox": [
                [
                    454,
                    1619
                ],
                [
                    479,
                    1619
                ],
                [
                    479,
                    1646
                ],
                [
                    454,
                    1646
                ]
            ],
            "text": "1\"",
            "label": "B_Value"
        },
        {
            "index": 113,
            "bbox": [
                [
                    646,
                    1621
                ],
                [
                    669,
                    1621
                ],
                [
                    669,
                    1644
                ],
                [
                    646,
                    1644
                ]
            ],
            "text": "1\"",
            "label": "B_Value"
        },
        {
            "index": 114,
            "bbox": [
                [
                    1420,
                    1633
                ],
                [
                    1477,
                    1633
                ],
                [
                    1477,
                    1656
                ],
                [
                    1420,
                    1656
                ]
            ],
            "text": "3SKm",
            "label": "Out"
        },
        {
            "index": 115,
            "bbox": [
                [
                    1473,
                    1630
                ],
                [
                    1514,
                    1630
                ],
                [
                    1514,
                    1656
                ],
                [
                    1473,
                    1656
                ]
            ],
            "text": "100",
            "label": "Out"
        },
        {
            "index": 116,
            "bbox": [
                [
                    139,
                    1653
                ],
                [
                    233,
                    1653
                ],
                [
                    233,
                    1683
                ],
                [
                    139,
                    1683
                ]
            ],
            "text": "Maximumi",
            "label": "B_Prop"
        },
        {
            "index": 117,
            "bbox": [
                [
                    223,
                    1653
                ],
                [
                    324,
                    1653
                ],
                [
                    324,
                    1683
                ],
                [
                    223,
                    1683
                ]
            ],
            "text": "immersion",
            "label": "I_Prop"
        },
        {
            "index": 118,
            "bbox": [
                [
                    315,
                    1653
                ],
                [
                    374,
                    1653
                ],
                [
                    374,
                    1685
                ],
                [
                    315,
                    1685
                ]
            ],
            "text": "depth",
            "label": "I_Prop"
        },
        {
            "index": 119,
            "bbox": [
                [
                    367,
                    1653
                ],
                [
                    402,
                    1653
                ],
                [
                    402,
                    1683
                ],
                [
                    367,
                    1683
                ]
            ],
            "text": "[m]",
            "label": "I_Prop"
        },
        {
            "index": 120,
            "bbox": [
                [
                    454,
                    1656
                ],
                [
                    482,
                    1656
                ],
                [
                    482,
                    1681
                ],
                [
                    454,
                    1681
                ]
            ],
            "text": "40",
            "label": "B_Value"
        },
        {
            "index": 121,
            "bbox": [
                [
                    644,
                    1656
                ],
                [
                    671,
                    1656
                ],
                [
                    671,
                    1683
                ],
                [
                    644,
                    1683
                ]
            ],
            "text": "40",
            "label": "B_Value"
        },
        {
            "index": 122,
            "bbox": [
                [
                    1420,
                    1656
                ],
                [
                    1477,
                    1656
                ],
                [
                    1477,
                    1681
                ],
                [
                    1420,
                    1681
                ]
            ],
            "text": "3SKm",
            "label": "Out"
        },
        {
            "index": 123,
            "bbox": [
                [
                    1473,
                    1656
                ],
                [
                    1512,
                    1656
                ],
                [
                    1512,
                    1681
                ],
                [
                    1473,
                    1681
                ]
            ],
            "text": "150",
            "label": "Out"
        },
        {
            "index": 124,
            "bbox": [
                [
                    139,
                    1692
                ],
                [
                    230,
                    1692
                ],
                [
                    230,
                    1715
                ],
                [
                    139,
                    1715
                ]
            ],
            "text": "Maximum",
            "label": "B_Prop"
        },
        {
            "index": 125,
            "bbox": [
                [
                    226,
                    1690
                ],
                [
                    271,
                    1690
                ],
                [
                    271,
                    1715
                ],
                [
                    226,
                    1715
                ]
            ],
            "text": "fluid",
            "label": "I_Prop"
        },
        {
            "index": 126,
            "bbox": [
                [
                    265,
                    1690
                ],
                [
                    381,
                    1690
                ],
                [
                    381,
                    1719
                ],
                [
                    265,
                    1719
                ]
            ],
            "text": "temperature",
            "label": "I_Prop"
        },
        {
            "index": 127,
            "bbox": [
                [
                    370,
                    1690
                ],
                [
                    406,
                    1690
                ],
                [
                    406,
                    1719
                ],
                [
                    370,
                    1719
                ]
            ],
            "text": "[°C]",
            "label": "I_Prop"
        },
        {
            "index": 128,
            "bbox": [
                [
                    452,
                    1690
                ],
                [
                    484,
                    1690
                ],
                [
                    484,
                    1717
                ],
                [
                    452,
                    1717
                ]
            ],
            "text": "35",
            "label": "B_Value"
        },
        {
            "index": 129,
            "bbox": [
                [
                    641,
                    1690
                ],
                [
                    671,
                    1690
                ],
                [
                    671,
                    1717
                ],
                [
                    641,
                    1717
                ]
            ],
            "text": "35",
            "label": "B_Value"
        },
        {
            "index": 130,
            "bbox": [
                [
                    925,
                    1685
                ],
                [
                    957,
                    1685
                ],
                [
                    957,
                    1710
                ],
                [
                    925,
                    1710
                ]
            ],
            "text": "80",
            "label": "Out"
        },
        {
            "index": 131,
            "bbox": [
                [
                    925,
                    1710
                ],
                [
                    957,
                    1710
                ],
                [
                    957,
                    1738
                ],
                [
                    925,
                    1738
                ]
            ],
            "text": "70",
            "label": "Out"
        },
        {
            "index": 132,
            "bbox": [
                [
                    141,
                    1726
                ],
                [
                    196,
                    1726
                ],
                [
                    196,
                    1751
                ],
                [
                    141,
                    1751
                ]
            ],
            "text": "Cable",
            "label": "B_Prop"
        },
        {
            "index": 133,
            "bbox": [
                [
                    189,
                    1724
                ],
                [
                    253,
                    1724
                ],
                [
                    253,
                    1756
                ],
                [
                    189,
                    1756
                ]
            ],
            "text": "length",
            "label": "I_Prop"
        },
        {
            "index": 134,
            "bbox": [
                [
                    246,
                    1726
                ],
                [
                    281,
                    1726
                ],
                [
                    281,
                    1754
                ],
                [
                    246,
                    1754
                ]
            ],
            "text": "[m]",
            "label": "I_Prop"
        },
        {
            "index": 135,
            "bbox": [
                [
                    452,
                    1726
                ],
                [
                    484,
                    1726
                ],
                [
                    484,
                    1754
                ],
                [
                    452,
                    1754
                ]
            ],
            "text": "25",
            "label": "B_Value"
        },
        {
            "index": 136,
            "bbox": [
                [
                    641,
                    1726
                ],
                [
                    671,
                    1726
                ],
                [
                    671,
                    1754
                ],
                [
                    641,
                    1754
                ]
            ],
            "text": "30",
            "label": "B_Value"
        },
        {
            "index": 137,
            "bbox": [
                [
                    879,
                    1724
                ],
                [
                    913,
                    1724
                ],
                [
                    913,
                    1754
                ],
                [
                    879,
                    1754
                ]
            ],
            "text": "[m]",
            "label": "Out"
        },
        {
            "index": 138,
            "bbox": [
                [
                    925,
                    1738
                ],
                [
                    957,
                    1738
                ],
                [
                    957,
                    1765
                ],
                [
                    925,
                    1765
                ]
            ],
            "text": "60",
            "label": "Out"
        },
        {
            "index": 139,
            "bbox": [
                [
                    141,
                    1763
                ],
                [
                    207,
                    1763
                ],
                [
                    207,
                    1788
                ],
                [
                    141,
                    1788
                ]
            ],
            "text": "Degree",
            "label": "B_Prop"
        },
        {
            "index": 140,
            "bbox": [
                [
                    201,
                    1761
                ],
                [
                    230,
                    1761
                ],
                [
                    230,
                    1786
                ],
                [
                    201,
                    1786
                ]
            ],
            "text": "of",
            "label": "I_Prop"
        },
        {
            "index": 141,
            "bbox": [
                [
                    223,
                    1761
                ],
                [
                    317,
                    1761
                ],
                [
                    317,
                    1790
                ],
                [
                    223,
                    1790
                ]
            ],
            "text": "protection",
            "label": "I_Prop"
        },
        {
            "index": 142,
            "bbox": [
                [
                    454,
                    1761
                ],
                [
                    500,
                    1761
                ],
                [
                    500,
                    1788
                ],
                [
                    454,
                    1788
                ]
            ],
            "text": "IP 68",
            "label": "B_Value"
        },
        {
            "index": 143,
            "bbox": [
                [
                    644,
                    1761
                ],
                [
                    689,
                    1761
                ],
                [
                    689,
                    1788
                ],
                [
                    644,
                    1788
                ]
            ],
            "text": "IP 68",
            "label": "B_Value"
        },
        {
            "index": 144,
            "bbox": [
                [
                    927,
                    1765
                ],
                [
                    957,
                    1765
                ],
                [
                    957,
                    1793
                ],
                [
                    927,
                    1793
                ]
            ],
            "text": "50",
            "label": "Out"
        },
        {
            "index": 145,
            "bbox": [
                [
                    137,
                    1795
                ],
                [
                    230,
                    1795
                ],
                [
                    230,
                    1825
                ],
                [
                    137,
                    1825
                ]
            ],
            "text": "Insulation",
            "label": "B_Prop"
        },
        {
            "index": 146,
            "bbox": [
                [
                    226,
                    1797
                ],
                [
                    276,
                    1797
                ],
                [
                    276,
                    1822
                ],
                [
                    226,
                    1822
                ]
            ],
            "text": "class",
            "label": "I_Prop"
        },
        {
            "index": 147,
            "bbox": [
                [
                    454,
                    1799
                ],
                [
                    472,
                    1799
                ],
                [
                    472,
                    1822
                ],
                [
                    454,
                    1822
                ]
            ],
            "text": "B",
            "label": "B_Value"
        },
        {
            "index": 148,
            "bbox": [
                [
                    644,
                    1799
                ],
                [
                    667,
                    1799
                ],
                [
                    667,
                    1822
                ],
                [
                    644,
                    1822
                ]
            ],
            "text": "B",
            "label": "B_Value"
        },
        {
            "index": 149,
            "bbox": [
                [
                    881,
                    1795
                ],
                [
                    902,
                    1795
                ],
                [
                    902,
                    1813
                ],
                [
                    881,
                    1813
                ]
            ],
            "text": "I",
            "label": "Out"
        },
        {
            "index": 150,
            "bbox": [
                [
                    925,
                    1793
                ],
                [
                    957,
                    1793
                ],
                [
                    957,
                    1820
                ],
                [
                    925,
                    1820
                ]
            ],
            "text": "40",
            "label": "Out"
        },
        {
            "index": 151,
            "bbox": [
                [
                    139,
                    1831
                ],
                [
                    207,
                    1831
                ],
                [
                    207,
                    1863
                ],
                [
                    139,
                    1863
                ]
            ],
            "text": "Weight",
            "label": "B_Prop"
        },
        {
            "index": 152,
            "bbox": [
                [
                    203,
                    1834
                ],
                [
                    239,
                    1834
                ],
                [
                    239,
                    1861
                ],
                [
                    203,
                    1861
                ]
            ],
            "text": "[kg]",
            "label": "I_Prop"
        },
        {
            "index": 153,
            "bbox": [
                [
                    456,
                    1834
                ],
                [
                    491,
                    1834
                ],
                [
                    491,
                    1859
                ],
                [
                    456,
                    1859
                ]
            ],
            "text": "12,1",
            "label": "B_Value"
        },
        {
            "index": 154,
            "bbox": [
                [
                    644,
                    1834
                ],
                [
                    683,
                    1834
                ],
                [
                    683,
                    1859
                ],
                [
                    644,
                    1859
                ]
            ],
            "text": "12,6",
            "label": "B_Value"
        },
        {
            "index": 155,
            "bbox": [
                [
                    879,
                    1813
                ],
                [
                    904,
                    1813
                ],
                [
                    904,
                    1861
                ],
                [
                    879,
                    1861
                ]
            ],
            "text": "I",
            "label": "Out"
        },
        {
            "index": 156,
            "bbox": [
                [
                    925,
                    1820
                ],
                [
                    957,
                    1820
                ],
                [
                    957,
                    1847
                ],
                [
                    925,
                    1847
                ]
            ],
            "text": "30",
            "label": "Out"
        },
        {
            "index": 157,
            "bbox": [
                [
                    925,
                    1847
                ],
                [
                    957,
                    1847
                ],
                [
                    957,
                    1873
                ],
                [
                    925,
                    1873
                ]
            ],
            "text": "20",
            "label": "Out"
        },
        {
            "index": 158,
            "bbox": [
                [
                    139,
                    1866
                ],
                [
                    239,
                    1866
                ],
                [
                    239,
                    1895
                ],
                [
                    139,
                    1895
                ]
            ],
            "text": "Dimension-",
            "label": "B_Prop"
        },
        {
            "index": 159,
            "bbox": [
                [
                    239,
                    1866
                ],
                [
                    306,
                    1866
                ],
                [
                    306,
                    1898
                ],
                [
                    239,
                    1898
                ]
            ],
            "text": "length",
            "label": "I_Prop"
        },
        {
            "index": 160,
            "bbox": [
                [
                    297,
                    1866
                ],
                [
                    351,
                    1866
                ],
                [
                    351,
                    1900
                ],
                [
                    297,
                    1900
                ]
            ],
            "text": "[mm]",
            "label": "I_Prop"
        },
        {
            "index": 161,
            "bbox": [
                [
                    454,
                    1868
                ],
                [
                    491,
                    1868
                ],
                [
                    491,
                    1893
                ],
                [
                    454,
                    1893
                ]
            ],
            "text": "535",
            "label": "B_Value"
        },
        {
            "index": 162,
            "bbox": [
                [
                    644,
                    1868
                ],
                [
                    680,
                    1868
                ],
                [
                    680,
                    1895
                ],
                [
                    644,
                    1895
                ]
            ],
            "text": "602",
            "label": "B_Value"
        },
        {
            "index": 163,
            "bbox": [
                [
                    925,
                    1873
                ],
                [
                    957,
                    1873
                ],
                [
                    957,
                    1900
                ],
                [
                    925,
                    1900
                ]
            ],
            "text": "10",
            "label": "Out"
        },
        {
            "index": 164,
            "bbox": [
                [
                    936,
                    1905
                ],
                [
                    957,
                    1905
                ],
                [
                    957,
                    1923
                ],
                [
                    936,
                    1923
                ]
            ],
            "text": "0",
            "label": "Out"
        },
        {
            "index": 165,
            "bbox": [
                [
                    952,
                    1925
                ],
                [
                    968,
                    1925
                ],
                [
                    968,
                    1946
                ],
                [
                    952,
                    1946
                ]
            ],
            "text": "0",
            "label": "Out"
        },
        {
            "index": 166,
            "bbox": [
                [
                    1034,
                    1923
                ],
                [
                    1069,
                    1923
                ],
                [
                    1069,
                    1948
                ],
                [
                    1034,
                    1948
                ]
            ],
            "text": "0,5",
            "label": "Out"
        },
        {
            "index": 167,
            "bbox": [
                [
                    1126,
                    1923
                ],
                [
                    1160,
                    1923
                ],
                [
                    1160,
                    1948
                ],
                [
                    1126,
                    1948
                ]
            ],
            "text": "0,8",
            "label": "Out"
        },
        {
            "index": 168,
            "bbox": [
                [
                    1226,
                    1925
                ],
                [
                    1245,
                    1925
                ],
                [
                    1245,
                    1946
                ],
                [
                    1226,
                    1946
                ]
            ],
            "text": "1",
            "label": "Out"
        },
        {
            "index": 169,
            "bbox": [
                [
                    1311,
                    1923
                ],
                [
                    1345,
                    1923
                ],
                [
                    1345,
                    1950
                ],
                [
                    1311,
                    1950
                ]
            ],
            "text": "1,5",
            "label": "Out"
        },
        {
            "index": 170,
            "bbox": [
                [
                    1409,
                    1925
                ],
                [
                    1425,
                    1925
                ],
                [
                    1425,
                    1948
                ],
                [
                    1409,
                    1948
                ]
            ],
            "text": "2",
            "label": "Out"
        },
        {
            "index": 171,
            "bbox": [
                [
                    1487,
                    1923
                ],
                [
                    1521,
                    1923
                ],
                [
                    1521,
                    1950
                ],
                [
                    1487,
                    1950
                ]
            ],
            "text": "2,4",
            "label": "Out"
        },
        {
            "index": 172,
            "bbox": [
                [
                    1162,
                    1952
                ],
                [
                    1210,
                    1952
                ],
                [
                    1210,
                    1978
                ],
                [
                    1162,
                    1978
                ]
            ],
            "text": "Flow",
            "label": "Out"
        },
        {
            "index": 173,
            "bbox": [
                [
                    1203,
                    1952
                ],
                [
                    1229,
                    1952
                ],
                [
                    1229,
                    1980
                ],
                [
                    1203,
                    1980
                ]
            ],
            "text": "Q",
            "label": "Out"
        },
        {
            "index": 174,
            "bbox": [
                [
                    1455,
                    1952
                ],
                [
                    1530,
                    1952
                ],
                [
                    1530,
                    1978
                ],
                [
                    1455,
                    1978
                ]
            ],
            "text": "m?/hour",
            "label": "Out"
        },
        {
            "index": 175,
            "bbox": [
                [
                    134,
                    2092
                ],
                [
                    436,
                    2092
                ],
                [
                    436,
                    2122
                ],
                [
                    134,
                    2122
                ]
            ],
            "text": "www.pumpa.eu",
            "label": "Out"
        }
    ]
}