{
    "datasheet": [
        {
            "index": 0,
            "bbox": [
                [
                    187,
                    148
                ],
                [
                    573,
                    148
                ],
                [
                    573,
                    219
                ],
                [
                    187,
                    219
                ]
            ],
            "text": "pumpa",
            "label": "Out"
        },
        {
            "index": 1,
            "bbox": [
                [
                    705,
                    175
                ],
                [
                    831,
                    175
                ],
                [
                    831,
                    207
                ],
                [
                    705,
                    207
                ]
            ],
            "text": "PUMPA",
            "label": "Out"
        },
        {
            "index": 2,
            "bbox": [
                [
                    833,
                    175
                ],
                [
                    918,
                    175
                ],
                [
                    918,
                    207
                ],
                [
                    833,
                    207
                ]
            ],
            "text": "BLUE",
            "label": "Out"
        },
        {
            "index": 3,
            "bbox": [
                [
                    920,
                    175
                ],
                [
                    998,
                    175
                ],
                [
                    998,
                    207
                ],
                [
                    920,
                    207
                ]
            ],
            "text": "LINE",
            "label": "Out"
        },
        {
            "index": 4,
            "bbox": [
                [
                    1000,
                    178
                ],
                [
                    1260,
                    178
                ],
                [
                    1260,
                    210
                ],
                [
                    1000,
                    210
                ]
            ],
            "text": "4PCSM1100P-G,",
            "label": "Out"
        },
        {
            "index": 5,
            "bbox": [
                [
                    1265,
                    178
                ],
                [
                    1521,
                    178
                ],
                [
                    1521,
                    207
                ],
                [
                    1265,
                    207
                ]
            ],
            "text": "5PCSM1300P-G",
            "label": "Out"
        },
        {
            "index": 6,
            "bbox": [
                [
                    187,
                    296
                ],
                [
                    363,
                    296
                ],
                [
                    363,
                    363
                ],
                [
                    187,
                    363
                ]
            ],
            "text": "blue",
            "label": "Out"
        },
        {
            "index": 7,
            "bbox": [
                [
                    404,
                    296
                ],
                [
                    550,
                    296
                ],
                [
                    550,
                    365
                ],
                [
                    404,
                    365
                ]
            ],
            "text": "line",
            "label": "Out"
        },
        {
            "index": 8,
            "bbox": [
                [
                    130,
                    470
                ],
                [
                    440,
                    470
                ],
                [
                    440,
                    550
                ],
                [
                    130,
                    550
                ]
            ],
            "text": "self-priming",
            "label": "B_Descri"
        },
        {
            "index": 9,
            "bbox": [
                [
                    454,
                    491
                ],
                [
                    614,
                    491
                ],
                [
                    614,
                    552
                ],
                [
                    454,
                    552
                ]
            ],
            "text": "pump",
            "label": "I_Descri"
        },
        {
            "index": 10,
            "bbox": [
                [
                    139,
                    589
                ],
                [
                    326,
                    589
                ],
                [
                    326,
                    653
                ],
                [
                    139,
                    653
                ]
            ],
            "text": "BLUE",
            "label": "B_Descri"
        },
        {
            "index": 11,
            "bbox": [
                [
                    356,
                    589
                ],
                [
                    530,
                    589
                ],
                [
                    530,
                    653
                ],
                [
                    356,
                    653
                ]
            ],
            "text": "LINE",
            "label": "I_Descri"
        },
        {
            "index": 12,
            "bbox": [
                [
                    555,
                    589
                ],
                [
                    1194,
                    589
                ],
                [
                    1194,
                    657
                ],
                [
                    555,
                    657
                ]
            ],
            "text": "4PCSM1100P-G,",
            "label": "I_Descri"
        },
        {
            "index": 13,
            "bbox": [
                [
                    139,
                    685
                ],
                [
                    756,
                    685
                ],
                [
                    756,
                    742
                ],
                [
                    139,
                    742
                ]
            ],
            "text": "5PCSM1300P-G",
            "label": "I_Descri"
        },
        {
            "index": 14,
            "bbox": [
                [
                    132,
                    799
                ],
                [
                    322,
                    799
                ],
                [
                    322,
                    838
                ],
                [
                    132,
                    838
                ]
            ],
            "text": "Self-priming",
            "label": "B_Descri"
        },
        {
            "index": 15,
            "bbox": [
                [
                    322,
                    799
                ],
                [
                    415,
                    799
                ],
                [
                    415,
                    842
                ],
                [
                    322,
                    842
                ]
            ],
            "text": "pump",
            "label": "I_Descri"
        },
        {
            "index": 16,
            "bbox": [
                [
                    413,
                    799
                ],
                [
                    484,
                    799
                ],
                [
                    484,
                    836
                ],
                [
                    413,
                    836
                ]
            ],
            "text": "with",
            "label": "I_Descri"
        },
        {
            "index": 17,
            "bbox": [
                [
                    479,
                    801
                ],
                [
                    509,
                    801
                ],
                [
                    509,
                    842
                ],
                [
                    479,
                    842
                ]
            ],
            "text": "a",
            "label": "I_Descri"
        },
        {
            "index": 18,
            "bbox": [
                [
                    507,
                    801
                ],
                [
                    580,
                    801
                ],
                [
                    580,
                    838
                ],
                [
                    507,
                    838
                ]
            ],
            "text": "very",
            "label": "I_Descri"
        },
        {
            "index": 19,
            "bbox": [
                [
                    578,
                    797
                ],
                [
                    653,
                    797
                ],
                [
                    653,
                    840
                ],
                [
                    578,
                    840
                ]
            ],
            "text": "high",
            "label": "I_Descri"
        },
        {
            "index": 20,
            "bbox": [
                [
                    132,
                    836
                ],
                [
                    276,
                    836
                ],
                [
                    276,
                    877
                ],
                [
                    132,
                    877
                ]
            ],
            "text": "hydraulic",
            "label": "I_Descri"
        },
        {
            "index": 21,
            "bbox": [
                [
                    274,
                    838
                ],
                [
                    386,
                    838
                ],
                [
                    386,
                    879
                ],
                [
                    274,
                    879
                ]
            ],
            "text": "output.",
            "label": "I_Descri"
        },
        {
            "index": 22,
            "bbox": [
                [
                    386,
                    831
                ],
                [
                    463,
                    831
                ],
                [
                    463,
                    874
                ],
                [
                    386,
                    874
                ]
            ],
            "text": "Able",
            "label": "I_Descri"
        },
        {
            "index": 23,
            "bbox": [
                [
                    461,
                    840
                ],
                [
                    498,
                    840
                ],
                [
                    498,
                    872
                ],
                [
                    461,
                    872
                ]
            ],
            "text": "to",
            "label": "I_Descri"
        },
        {
            "index": 24,
            "bbox": [
                [
                    500,
                    836
                ],
                [
                    578,
                    836
                ],
                [
                    578,
                    872
                ],
                [
                    500,
                    872
                ]
            ],
            "text": "draw",
            "label": "I_Descri"
        },
        {
            "index": 25,
            "bbox": [
                [
                    580,
                    838
                ],
                [
                    671,
                    838
                ],
                [
                    671,
                    872
                ],
                [
                    580,
                    872
                ]
            ],
            "text": "water",
            "label": "I_Descri"
        },
        {
            "index": 26,
            "bbox": [
                [
                    132,
                    874
                ],
                [
                    210,
                    874
                ],
                [
                    210,
                    911
                ],
                [
                    132,
                    911
                ]
            ],
            "text": "from",
            "label": "I_Descri"
        },
        {
            "index": 27,
            "bbox": [
                [
                    207,
                    881
                ],
                [
                    237,
                    881
                ],
                [
                    237,
                    913
                ],
                [
                    207,
                    913
                ]
            ],
            "text": "a",
            "label": "I_Descri"
        },
        {
            "index": 28,
            "bbox": [
                [
                    235,
                    874
                ],
                [
                    329,
                    874
                ],
                [
                    329,
                    918
                ],
                [
                    235,
                    918
                ]
            ],
            "text": "depth",
            "label": "I_Descri"
        },
        {
            "index": 29,
            "bbox": [
                [
                    326,
                    872
                ],
                [
                    370,
                    872
                ],
                [
                    370,
                    915
                ],
                [
                    326,
                    915
                ]
            ],
            "text": "of",
            "label": "I_Descri"
        },
        {
            "index": 30,
            "bbox": [
                [
                    363,
                    877
                ],
                [
                    411,
                    877
                ],
                [
                    411,
                    918
                ],
                [
                    363,
                    918
                ]
            ],
            "text": "up",
            "label": "I_Descri"
        },
        {
            "index": 31,
            "bbox": [
                [
                    406,
                    877
                ],
                [
                    450,
                    877
                ],
                [
                    450,
                    913
                ],
                [
                    406,
                    913
                ]
            ],
            "text": "to",
            "label": "I_Descri"
        },
        {
            "index": 32,
            "bbox": [
                [
                    447,
                    877
                ],
                [
                    475,
                    877
                ],
                [
                    475,
                    911
                ],
                [
                    447,
                    911
                ]
            ],
            "text": "8",
            "label": "I_Descri"
        },
        {
            "index": 33,
            "bbox": [
                [
                    477,
                    877
                ],
                [
                    591,
                    877
                ],
                [
                    591,
                    911
                ],
                [
                    477,
                    911
                ]
            ],
            "text": "meters.",
            "label": "I_Descri"
        },
        {
            "index": 34,
            "bbox": [
                [
                    596,
                    877
                ],
                [
                    721,
                    877
                ],
                [
                    721,
                    909
                ],
                [
                    596,
                    909
                ]
            ],
            "text": "Suitable",
            "label": "I_Descri"
        },
        {
            "index": 35,
            "bbox": [
                [
                    130,
                    913
                ],
                [
                    185,
                    913
                ],
                [
                    185,
                    952
                ],
                [
                    130,
                    952
                ]
            ],
            "text": "for",
            "label": "I_Descri"
        },
        {
            "index": 36,
            "bbox": [
                [
                    182,
                    918
                ],
                [
                    274,
                    918
                ],
                [
                    274,
                    952
                ],
                [
                    182,
                    952
                ]
            ],
            "text": "water",
            "label": "I_Descri"
        },
        {
            "index": 37,
            "bbox": [
                [
                    271,
                    913
                ],
                [
                    408,
                    913
                ],
                [
                    408,
                    957
                ],
                [
                    271,
                    957
                ]
            ],
            "text": "pumping",
            "label": "I_Descri"
        },
        {
            "index": 38,
            "bbox": [
                [
                    408,
                    913
                ],
                [
                    470,
                    913
                ],
                [
                    470,
                    950
                ],
                [
                    408,
                    950
                ]
            ],
            "text": "and",
            "label": "I_Descri"
        },
        {
            "index": 39,
            "bbox": [
                [
                    470,
                    913
                ],
                [
                    646,
                    913
                ],
                [
                    646,
                    952
                ],
                [
                    470,
                    952
                ]
            ],
            "text": "distribution",
            "label": "I_Descri"
        },
        {
            "index": 40,
            "bbox": [
                [
                    648,
                    915
                ],
                [
                    685,
                    915
                ],
                [
                    685,
                    952
                ],
                [
                    648,
                    952
                ]
            ],
            "text": "in",
            "label": "I_Descri"
        },
        {
            "index": 41,
            "bbox": [
                [
                    132,
                    954
                ],
                [
                    278,
                    954
                ],
                [
                    278,
                    991
                ],
                [
                    132,
                    991
                ]
            ],
            "text": "domestic",
            "label": "I_Descri"
        },
        {
            "index": 42,
            "bbox": [
                [
                    274,
                    952
                ],
                [
                    466,
                    952
                ],
                [
                    466,
                    991
                ],
                [
                    274,
                    991
                ]
            ],
            "text": "installations",
            "label": "I_Descri"
        },
        {
            "index": 43,
            "bbox": [
                [
                    463,
                    954
                ],
                [
                    532,
                    954
                ],
                [
                    532,
                    989
                ],
                [
                    463,
                    989
                ]
            ],
            "text": "with",
            "label": "I_Descri"
        },
        {
            "index": 44,
            "bbox": [
                [
                    534,
                    954
                ],
                [
                    621,
                    954
                ],
                [
                    621,
                    989
                ],
                [
                    534,
                    989
                ]
            ],
            "text": "small",
            "label": "I_Descri"
        },
        {
            "index": 45,
            "bbox": [
                [
                    621,
                    954
                ],
                [
                    683,
                    954
                ],
                [
                    683,
                    989
                ],
                [
                    621,
                    989
                ]
            ],
            "text": "and",
            "label": "I_Descri"
        },
        {
            "index": 46,
            "bbox": [
                [
                    1382,
                    979
                ],
                [
                    1436,
                    979
                ],
                [
                    1436,
                    1002
                ],
                [
                    1382,
                    1002
                ]
            ],
            "text": "PX4CE3",
            "label": "Out"
        },
        {
            "index": 47,
            "bbox": [
                [
                    132,
                    993
                ],
                [
                    258,
                    993
                ],
                [
                    258,
                    1027
                ],
                [
                    132,
                    1027
                ]
            ],
            "text": "medium",
            "label": "I_Descri"
        },
        {
            "index": 48,
            "bbox": [
                [
                    262,
                    998
                ],
                [
                    395,
                    998
                ],
                [
                    395,
                    1032
                ],
                [
                    262,
                    1032
                ]
            ],
            "text": "pressure",
            "label": "I_Descri"
        },
        {
            "index": 49,
            "bbox": [
                [
                    397,
                    993
                ],
                [
                    520,
                    993
                ],
                [
                    520,
                    1027
                ],
                [
                    397,
                    1027
                ]
            ],
            "text": "vessels.",
            "label": "I_Descri"
        },
        {
            "index": 50,
            "bbox": [
                [
                    130,
                    1142
                ],
                [
                    313,
                    1142
                ],
                [
                    313,
                    1180
                ],
                [
                    130,
                    1180
                ]
            ],
            "text": "Application",
            "label": "B_Section"
        },
        {
            "index": 51,
            "bbox": [
                [
                    153,
                    1183
                ],
                [
                    223,
                    1183
                ],
                [
                    223,
                    1217
                ],
                [
                    153,
                    1217
                ]
            ],
            "text": "Home",
            "label": "B_Descri"
        },
        {
            "index": 52,
            "bbox": [
                [
                    219,
                    1187
                ],
                [
                    281,
                    1187
                ],
                [
                    281,
                    1212
                ],
                [
                    219,
                    1212
                ]
            ],
            "text": "water",
            "label": "I_Descri"
        },
        {
            "index": 53,
            "bbox": [
                [
                    278,
                    1185
                ],
                [
                    349,
                    1185
                ],
                [
                    349,
                    1219
                ],
                [
                    278,
                    1219
                ]
            ],
            "text": "supply",
            "label": "I_Descri"
        },
        {
            "index": 54,
            "bbox": [
                [
                    153,
                    1224
                ],
                [
                    249,
                    1224
                ],
                [
                    249,
                    1258
                ],
                [
                    153,
                    1258
                ]
            ],
            "text": "Irrigation",
            "label": "B_Descri"
        },
        {
            "index": 55,
            "bbox": [
                [
                    150,
                    1260
                ],
                [
                    207,
                    1260
                ],
                [
                    207,
                    1295
                ],
                [
                    150,
                    1295
                ]
            ],
            "text": "Also",
            "label": "B_Descri"
        },
        {
            "index": 56,
            "bbox": [
                [
                    201,
                    1263
                ],
                [
                    287,
                    1263
                ],
                [
                    287,
                    1292
                ],
                [
                    201,
                    1292
                ]
            ],
            "text": "suitable",
            "label": "I_Descri"
        },
        {
            "index": 57,
            "bbox": [
                [
                    283,
                    1265
                ],
                [
                    317,
                    1265
                ],
                [
                    317,
                    1290
                ],
                [
                    283,
                    1290
                ]
            ],
            "text": "for",
            "label": "I_Descri"
        },
        {
            "index": 58,
            "bbox": [
                [
                    315,
                    1265
                ],
                [
                    411,
                    1265
                ],
                [
                    411,
                    1297
                ],
                [
                    315,
                    1297
                ]
            ],
            "text": "pressure",
            "label": "I_Descri"
        },
        {
            "index": 59,
            "bbox": [
                [
                    402,
                    1263
                ],
                [
                    488,
                    1263
                ],
                [
                    488,
                    1295
                ],
                [
                    402,
                    1295
                ]
            ],
            "text": "vessels",
            "label": "I_Descri"
        },
        {
            "index": 60,
            "bbox": [
                [
                    482,
                    1265
                ],
                [
                    514,
                    1265
                ],
                [
                    514,
                    1292
                ],
                [
                    482,
                    1292
                ]
            ],
            "text": "to",
            "label": "I_Descri"
        },
        {
            "index": 61,
            "bbox": [
                [
                    507,
                    1265
                ],
                [
                    541,
                    1265
                ],
                [
                    541,
                    1292
                ],
                [
                    507,
                    1292
                ]
            ],
            "text": "be",
            "label": "I_Descri"
        },
        {
            "index": 62,
            "bbox": [
                [
                    539,
                    1265
                ],
                [
                    594,
                    1265
                ],
                [
                    594,
                    1290
                ],
                [
                    539,
                    1290
                ]
            ],
            "text": "used",
            "label": "I_Descri"
        },
        {
            "index": 63,
            "bbox": [
                [
                    589,
                    1267
                ],
                [
                    625,
                    1267
                ],
                [
                    625,
                    1292
                ],
                [
                    589,
                    1292
                ]
            ],
            "text": "as",
            "label": "I_Descri"
        },
        {
            "index": 64,
            "bbox": [
                [
                    619,
                    1270
                ],
                [
                    641,
                    1270
                ],
                [
                    641,
                    1292
                ],
                [
                    619,
                    1292
                ]
            ],
            "text": "a",
            "label": "I_Descri"
        },
        {
            "index": 65,
            "bbox": [
                [
                    635,
                    1265
                ],
                [
                    731,
                    1265
                ],
                [
                    731,
                    1295
                ],
                [
                    635,
                    1295
                ]
            ],
            "text": "pressure",
            "label": "I_Descri"
        },
        {
            "index": 66,
            "bbox": [
                [
                    724,
                    1263
                ],
                [
                    811,
                    1263
                ],
                [
                    811,
                    1295
                ],
                [
                    724,
                    1295
                ]
            ],
            "text": "booster",
            "label": "I_Descri"
        },
        {
            "index": 67,
            "bbox": [
                [
                    804,
                    1265
                ],
                [
                    872,
                    1265
                ],
                [
                    872,
                    1299
                ],
                [
                    804,
                    1299
                ]
            ],
            "text": "pump",
            "label": "I_Descri"
        },
        {
            "index": 68,
            "bbox": [
                [
                    139,
                    1370
                ],
                [
                    212,
                    1370
                ],
                [
                    212,
                    1402
                ],
                [
                    139,
                    1402
                ]
            ],
            "text": "Model",
            "label": "B_Section"
        },
        {
            "index": 69,
            "bbox": [
                [
                    456,
                    1359
                ],
                [
                    507,
                    1359
                ],
                [
                    507,
                    1386
                ],
                [
                    456,
                    1386
                ]
            ],
            "text": "blue",
            "label": "Out"
        },
        {
            "index": 70,
            "bbox": [
                [
                    507,
                    1359
                ],
                [
                    548,
                    1359
                ],
                [
                    548,
                    1384
                ],
                [
                    507,
                    1384
                ]
            ],
            "text": "line",
            "label": "Out"
        },
        {
            "index": 71,
            "bbox": [
                [
                    646,
                    1359
                ],
                [
                    696,
                    1359
                ],
                [
                    696,
                    1384
                ],
                [
                    646,
                    1384
                ]
            ],
            "text": "blue",
            "label": "Out"
        },
        {
            "index": 72,
            "bbox": [
                [
                    694,
                    1359
                ],
                [
                    737,
                    1359
                ],
                [
                    737,
                    1384
                ],
                [
                    694,
                    1384
                ]
            ],
            "text": "line",
            "label": "Out"
        },
        {
            "index": 73,
            "bbox": [
                [
                    454,
                    1384
                ],
                [
                    630,
                    1384
                ],
                [
                    630,
                    1413
                ],
                [
                    454,
                    1413
                ]
            ],
            "text": "4PCSM1100P-G",
            "label": "Out"
        },
        {
            "index": 74,
            "bbox": [
                [
                    644,
                    1384
                ],
                [
                    820,
                    1384
                ],
                [
                    820,
                    1413
                ],
                [
                    644,
                    1413
                ]
            ],
            "text": "5PCSM1300P-G",
            "label": "Out"
        },
        {
            "index": 75,
            "bbox": [
                [
                    141,
                    1436
                ],
                [
                    191,
                    1436
                ],
                [
                    191,
                    1461
                ],
                [
                    141,
                    1461
                ]
            ],
            "text": "Code",
            "label": "B_Prop"
        },
        {
            "index": 76,
            "bbox": [
                [
                    452,
                    1434
                ],
                [
                    555,
                    1434
                ],
                [
                    555,
                    1464
                ],
                [
                    452,
                    1464
                ]
            ],
            "text": "ZB00001237",
            "label": "B_Ref"
        },
        {
            "index": 77,
            "bbox": [
                [
                    641,
                    1434
                ],
                [
                    744,
                    1434
                ],
                [
                    744,
                    1464
                ],
                [
                    641,
                    1464
                ]
            ],
            "text": "ZB00001238",
            "label": "B_Ref"
        },
        {
            "index": 78,
            "bbox": [
                [
                    849,
                    1427
                ],
                [
                    1005,
                    1427
                ],
                [
                    1005,
                    1466
                ],
                [
                    849,
                    1466
                ]
            ],
            "text": "Hydraulic",
            "label": "Out"
        },
        {
            "index": 79,
            "bbox": [
                [
                    1007,
                    1434
                ],
                [
                    1119,
                    1434
                ],
                [
                    1119,
                    1466
                ],
                [
                    1007,
                    1466
                ]
            ],
            "text": "power",
            "label": "Out"
        },
        {
            "index": 80,
            "bbox": [
                [
                    1114,
                    1432
                ],
                [
                    1210,
                    1432
                ],
                [
                    1210,
                    1461
                ],
                [
                    1114,
                    1461
                ]
            ],
            "text": "curve",
            "label": "Out"
        },
        {
            "index": 81,
            "bbox": [
                [
                    139,
                    1471
                ],
                [
                    230,
                    1471
                ],
                [
                    230,
                    1493
                ],
                [
                    139,
                    1493
                ]
            ],
            "text": "Maximum",
            "label": "B_Prop"
        },
        {
            "index": 82,
            "bbox": [
                [
                    226,
                    1471
                ],
                [
                    269,
                    1471
                ],
                [
                    269,
                    1496
                ],
                [
                    226,
                    1496
                ]
            ],
            "text": "flow",
            "label": "I_Prop"
        },
        {
            "index": 83,
            "bbox": [
                [
                    267,
                    1471
                ],
                [
                    349,
                    1471
                ],
                [
                    349,
                    1498
                ],
                [
                    267,
                    1498
                ]
            ],
            "text": "[m3/hod]",
            "label": "I_Prop"
        },
        {
            "index": 84,
            "bbox": [
                [
                    454,
                    1471
                ],
                [
                    486,
                    1471
                ],
                [
                    486,
                    1496
                ],
                [
                    454,
                    1496
                ]
            ],
            "text": "5,4",
            "label": "B_Value"
        },
        {
            "index": 85,
            "bbox": [
                [
                    644,
                    1471
                ],
                [
                    676,
                    1471
                ],
                [
                    676,
                    1496
                ],
                [
                    644,
                    1496
                ]
            ],
            "text": "5,4",
            "label": "B_Value"
        },
        {
            "index": 86,
            "bbox": [
                [
                    884,
                    1489
                ],
                [
                    913,
                    1489
                ],
                [
                    913,
                    1516
                ],
                [
                    884,
                    1516
                ]
            ],
            "text": "60",
            "label": "Out"
        },
        {
            "index": 87,
            "bbox": [
                [
                    137,
                    1502
                ],
                [
                    230,
                    1502
                ],
                [
                    230,
                    1532
                ],
                [
                    137,
                    1532
                ]
            ],
            "text": "Maximum",
            "label": "B_Prop"
        },
        {
            "index": 88,
            "bbox": [
                [
                    226,
                    1502
                ],
                [
                    317,
                    1502
                ],
                [
                    317,
                    1532
                ],
                [
                    226,
                    1532
                ]
            ],
            "text": "discharge",
            "label": "I_Prop"
        },
        {
            "index": 89,
            "bbox": [
                [
                    310,
                    1505
                ],
                [
                    358,
                    1505
                ],
                [
                    358,
                    1530
                ],
                [
                    310,
                    1530
                ]
            ],
            "text": "head",
            "label": "I_Prop"
        },
        {
            "index": 90,
            "bbox": [
                [
                    354,
                    1502
                ],
                [
                    388,
                    1502
                ],
                [
                    388,
                    1530
                ],
                [
                    354,
                    1530
                ]
            ],
            "text": "[m]",
            "label": "I_Prop"
        },
        {
            "index": 91,
            "bbox": [
                [
                    452,
                    1502
                ],
                [
                    484,
                    1502
                ],
                [
                    484,
                    1530
                ],
                [
                    452,
                    1530
                ]
            ],
            "text": "48",
            "label": "B_Value"
        },
        {
            "index": 92,
            "bbox": [
                [
                    644,
                    1502
                ],
                [
                    673,
                    1502
                ],
                [
                    673,
                    1530
                ],
                [
                    644,
                    1530
                ]
            ],
            "text": "55",
            "label": "B_Value"
        },
        {
            "index": 93,
            "bbox": [
                [
                    845,
                    1518
                ],
                [
                    872,
                    1518
                ],
                [
                    872,
                    1544
                ],
                [
                    845,
                    1544
                ]
            ],
            "text": "m",
            "label": "Out"
        },
        {
            "index": 94,
            "bbox": [
                [
                    139,
                    1541
                ],
                [
                    230,
                    1541
                ],
                [
                    230,
                    1564
                ],
                [
                    139,
                    1564
                ]
            ],
            "text": "Maximum",
            "label": "B_Prop"
        },
        {
            "index": 95,
            "bbox": [
                [
                    226,
                    1541
                ],
                [
                    294,
                    1541
                ],
                [
                    294,
                    1564
                ],
                [
                    226,
                    1564
                ]
            ],
            "text": "suction",
            "label": "I_Prop"
        },
        {
            "index": 96,
            "bbox": [
                [
                    290,
                    1541
                ],
                [
                    349,
                    1541
                ],
                [
                    349,
                    1566
                ],
                [
                    290,
                    1566
                ]
            ],
            "text": "height",
            "label": "I_Prop"
        },
        {
            "index": 97,
            "bbox": [
                [
                    345,
                    1539
                ],
                [
                    381,
                    1539
                ],
                [
                    381,
                    1566
                ],
                [
                    345,
                    1566
                ]
            ],
            "text": "[m]",
            "label": "I_Prop"
        },
        {
            "index": 98,
            "bbox": [
                [
                    454,
                    1541
                ],
                [
                    472,
                    1541
                ],
                [
                    472,
                    1564
                ],
                [
                    454,
                    1564
                ]
            ],
            "text": "8",
            "label": "B_Value"
        },
        {
            "index": 99,
            "bbox": [
                [
                    644,
                    1541
                ],
                [
                    662,
                    1541
                ],
                [
                    662,
                    1564
                ],
                [
                    644,
                    1564
                ]
            ],
            "text": "8",
            "label": "B_Value"
        },
        {
            "index": 100,
            "bbox": [
                [
                    884,
                    1532
                ],
                [
                    913,
                    1532
                ],
                [
                    913,
                    1562
                ],
                [
                    884,
                    1562
                ]
            ],
            "text": "50",
            "label": "Out"
        },
        {
            "index": 101,
            "bbox": [
                [
                    139,
                    1576
                ],
                [
                    217,
                    1576
                ],
                [
                    217,
                    1608
                ],
                [
                    139,
                    1608
                ]
            ],
            "text": "Voltage/",
            "label": "B_Prop"
        },
        {
            "index": 102,
            "bbox": [
                [
                    214,
                    1578
                ],
                [
                    310,
                    1578
                ],
                [
                    310,
                    1608
                ],
                [
                    214,
                    1608
                ]
            ],
            "text": "frequency",
            "label": "I_Prop"
        },
        {
            "index": 103,
            "bbox": [
                [
                    303,
                    1576
                ],
                [
                    365,
                    1576
                ],
                [
                    365,
                    1608
                ],
                [
                    303,
                    1608
                ]
            ],
            "text": "[V/Hz]",
            "label": "I_Prop"
        },
        {
            "index": 104,
            "bbox": [
                [
                    454,
                    1578
                ],
                [
                    523,
                    1578
                ],
                [
                    523,
                    1603
                ],
                [
                    454,
                    1603
                ]
            ],
            "text": "230/50",
            "label": "B_Value"
        },
        {
            "index": 105,
            "bbox": [
                [
                    644,
                    1578
                ],
                [
                    712,
                    1578
                ],
                [
                    712,
                    1603
                ],
                [
                    644,
                    1603
                ]
            ],
            "text": "230/50",
            "label": "B_Value"
        },
        {
            "index": 106,
            "bbox": [
                [
                    881,
                    1580
                ],
                [
                    913,
                    1580
                ],
                [
                    913,
                    1605
                ],
                [
                    881,
                    1605
                ]
            ],
            "text": "40",
            "label": "Out"
        },
        {
            "index": 107,
            "bbox": [
                [
                    1304,
                    1587
                ],
                [
                    1450,
                    1587
                ],
                [
                    1450,
                    1619
                ],
                [
                    1304,
                    1619
                ]
            ],
            "text": "5PCSM1300P-G",
            "label": "Out"
        },
        {
            "index": 108,
            "bbox": [
                [
                    141,
                    1614
                ],
                [
                    201,
                    1614
                ],
                [
                    201,
                    1640
                ],
                [
                    141,
                    1640
                ]
            ],
            "text": "Power",
            "label": "B_Prop"
        },
        {
            "index": 109,
            "bbox": [
                [
                    196,
                    1614
                ],
                [
                    230,
                    1614
                ],
                [
                    230,
                    1642
                ],
                [
                    196,
                    1642
                ]
            ],
            "text": "[w]",
            "label": "I_Prop"
        },
        {
            "index": 110,
            "bbox": [
                [
                    456,
                    1614
                ],
                [
                    500,
                    1614
                ],
                [
                    500,
                    1640
                ],
                [
                    456,
                    1640
                ]
            ],
            "text": "1100",
            "label": "B_Value"
        },
        {
            "index": 111,
            "bbox": [
                [
                    644,
                    1614
                ],
                [
                    687,
                    1614
                ],
                [
                    687,
                    1640
                ],
                [
                    644,
                    1640
                ]
            ],
            "text": "1300",
            "label": "B_Value"
        },
        {
            "index": 112,
            "bbox": [
                [
                    881,
                    1624
                ],
                [
                    913,
                    1624
                ],
                [
                    913,
                    1651
                ],
                [
                    881,
                    1651
                ]
            ],
            "text": "30",
            "label": "Out"
        },
        {
            "index": 113,
            "bbox": [
                [
                    139,
                    1651
                ],
                [
                    210,
                    1651
                ],
                [
                    210,
                    1674
                ],
                [
                    139,
                    1674
                ]
            ],
            "text": "Suction",
            "label": "B_Prop"
        },
        {
            "index": 114,
            "bbox": [
                [
                    205,
                    1649
                ],
                [
                    310,
                    1649
                ],
                [
                    310,
                    1678
                ],
                [
                    205,
                    1678
                ]
            ],
            "text": "x discharge",
            "label": "I_Prop"
        },
        {
            "index": 115,
            "bbox": [
                [
                    303,
                    1649
                ],
                [
                    354,
                    1649
                ],
                [
                    354,
                    1676
                ],
                [
                    303,
                    1676
                ]
            ],
            "text": "neck",
            "label": "I_Prop"
        },
        {
            "index": 116,
            "bbox": [
                [
                    454,
                    1646
                ],
                [
                    511,
                    1646
                ],
                [
                    511,
                    1678
                ],
                [
                    454,
                    1678
                ]
            ],
            "text": "1\"x1\"",
            "label": "B_Value"
        },
        {
            "index": 117,
            "bbox": [
                [
                    644,
                    1646
                ],
                [
                    701,
                    1646
                ],
                [
                    701,
                    1678
                ],
                [
                    644,
                    1678
                ]
            ],
            "text": "1\"x1\"",
            "label": "B_Value"
        },
        {
            "index": 118,
            "bbox": [
                [
                    1160,
                    1660
                ],
                [
                    1306,
                    1660
                ],
                [
                    1306,
                    1690
                ],
                [
                    1160,
                    1690
                ]
            ],
            "text": "4PCSM1100P-G",
            "label": "Out"
        },
        {
            "index": 119,
            "bbox": [
                [
                    881,
                    1667
                ],
                [
                    913,
                    1667
                ],
                [
                    913,
                    1694
                ],
                [
                    881,
                    1694
                ]
            ],
            "text": "20",
            "label": "Out"
        },
        {
            "index": 120,
            "bbox": [
                [
                    139,
                    1688
                ],
                [
                    230,
                    1688
                ],
                [
                    230,
                    1710
                ],
                [
                    139,
                    1710
                ]
            ],
            "text": "Maximum",
            "label": "B_Prop"
        },
        {
            "index": 121,
            "bbox": [
                [
                    226,
                    1685
                ],
                [
                    271,
                    1685
                ],
                [
                    271,
                    1710
                ],
                [
                    226,
                    1710
                ]
            ],
            "text": "fluid",
            "label": "I_Prop"
        },
        {
            "index": 122,
            "bbox": [
                [
                    265,
                    1685
                ],
                [
                    377,
                    1685
                ],
                [
                    377,
                    1715
                ],
                [
                    265,
                    1715
                ]
            ],
            "text": "temperature",
            "label": "I_Prop"
        },
        {
            "index": 123,
            "bbox": [
                [
                    370,
                    1685
                ],
                [
                    408,
                    1685
                ],
                [
                    408,
                    1713
                ],
                [
                    370,
                    1713
                ]
            ],
            "text": "[°C]",
            "label": "I_Prop"
        },
        {
            "index": 124,
            "bbox": [
                [
                    452,
                    1685
                ],
                [
                    484,
                    1685
                ],
                [
                    484,
                    1713
                ],
                [
                    452,
                    1713
                ]
            ],
            "text": "35",
            "label": "B_Value"
        },
        {
            "index": 125,
            "bbox": [
                [
                    641,
                    1685
                ],
                [
                    671,
                    1685
                ],
                [
                    671,
                    1713
                ],
                [
                    641,
                    1713
                ]
            ],
            "text": "35",
            "label": "B_Value"
        },
        {
            "index": 126,
            "bbox": [
                [
                    139,
                    1722
                ],
                [
                    230,
                    1722
                ],
                [
                    230,
                    1745
                ],
                [
                    139,
                    1745
                ]
            ],
            "text": "Maximum",
            "label": "B_Prop"
        },
        {
            "index": 127,
            "bbox": [
                [
                    226,
                    1722
                ],
                [
                    301,
                    1722
                ],
                [
                    301,
                    1745
                ],
                [
                    226,
                    1745
                ]
            ],
            "text": "ambient",
            "label": "I_Prop"
        },
        {
            "index": 128,
            "bbox": [
                [
                    294,
                    1719
                ],
                [
                    406,
                    1719
                ],
                [
                    406,
                    1749
                ],
                [
                    294,
                    1749
                ]
            ],
            "text": "temperature",
            "label": "I_Prop"
        },
        {
            "index": 129,
            "bbox": [
                [
                    402,
                    1719
                ],
                [
                    438,
                    1719
                ],
                [
                    438,
                    1747
                ],
                [
                    402,
                    1747
                ]
            ],
            "text": "[°C]",
            "label": "I_Prop"
        },
        {
            "index": 130,
            "bbox": [
                [
                    454,
                    1719
                ],
                [
                    484,
                    1719
                ],
                [
                    484,
                    1747
                ],
                [
                    454,
                    1747
                ]
            ],
            "text": "35",
            "label": "B_Value"
        },
        {
            "index": 131,
            "bbox": [
                [
                    641,
                    1719
                ],
                [
                    673,
                    1719
                ],
                [
                    673,
                    1747
                ],
                [
                    641,
                    1747
                ]
            ],
            "text": "35",
            "label": "B_Value"
        },
        {
            "index": 132,
            "bbox": [
                [
                    884,
                    1710
                ],
                [
                    913,
                    1710
                ],
                [
                    913,
                    1740
                ],
                [
                    884,
                    1740
                ]
            ],
            "text": "10",
            "label": "Out"
        },
        {
            "index": 133,
            "bbox": [
                [
                    139,
                    1756
                ],
                [
                    194,
                    1756
                ],
                [
                    194,
                    1781
                ],
                [
                    139,
                    1781
                ]
            ],
            "text": "Cable",
            "label": "B_Prop"
        },
        {
            "index": 134,
            "bbox": [
                [
                    189,
                    1754
                ],
                [
                    253,
                    1754
                ],
                [
                    253,
                    1786
                ],
                [
                    189,
                    1786
                ]
            ],
            "text": "length",
            "label": "I_Prop"
        },
        {
            "index": 135,
            "bbox": [
                [
                    246,
                    1756
                ],
                [
                    281,
                    1756
                ],
                [
                    281,
                    1783
                ],
                [
                    246,
                    1783
                ]
            ],
            "text": "[m]",
            "label": "I_Prop"
        },
        {
            "index": 136,
            "bbox": [
                [
                    456,
                    1761
                ],
                [
                    472,
                    1761
                ],
                [
                    472,
                    1779
                ],
                [
                    456,
                    1779
                ]
            ],
            "text": "1",
            "label": "B_Value"
        },
        {
            "index": 137,
            "bbox": [
                [
                    644,
                    1761
                ],
                [
                    660,
                    1761
                ],
                [
                    660,
                    1779
                ],
                [
                    644,
                    1779
                ]
            ],
            "text": "1",
            "label": "B_Value"
        },
        {
            "index": 138,
            "bbox": [
                [
                    895,
                    1758
                ],
                [
                    913,
                    1758
                ],
                [
                    913,
                    1781
                ],
                [
                    895,
                    1781
                ]
            ],
            "text": "0",
            "label": "Out"
        },
        {
            "index": 139,
            "bbox": [
                [
                    909,
                    1777
                ],
                [
                    932,
                    1777
                ],
                [
                    932,
                    1799
                ],
                [
                    909,
                    1799
                ]
            ],
            "text": "0",
            "label": "Out"
        },
        {
            "index": 140,
            "bbox": [
                [
                    989,
                    1774
                ],
                [
                    1037,
                    1774
                ],
                [
                    1037,
                    1799
                ],
                [
                    989,
                    1799
                ]
            ],
            "text": "1000",
            "label": "Out"
        },
        {
            "index": 141,
            "bbox": [
                [
                    1085,
                    1774
                ],
                [
                    1133,
                    1774
                ],
                [
                    1133,
                    1799
                ],
                [
                    1085,
                    1799
                ]
            ],
            "text": "2000",
            "label": "Out"
        },
        {
            "index": 142,
            "bbox": [
                [
                    1183,
                    1774
                ],
                [
                    1233,
                    1774
                ],
                [
                    1233,
                    1799
                ],
                [
                    1183,
                    1799
                ]
            ],
            "text": "3000",
            "label": "Out"
        },
        {
            "index": 143,
            "bbox": [
                [
                    1281,
                    1774
                ],
                [
                    1329,
                    1774
                ],
                [
                    1329,
                    1799
                ],
                [
                    1281,
                    1799
                ]
            ],
            "text": "4000",
            "label": "Out"
        },
        {
            "index": 144,
            "bbox": [
                [
                    1379,
                    1774
                ],
                [
                    1427,
                    1774
                ],
                [
                    1427,
                    1799
                ],
                [
                    1379,
                    1799
                ]
            ],
            "text": "5000",
            "label": "Out"
        },
        {
            "index": 145,
            "bbox": [
                [
                    1473,
                    1772
                ],
                [
                    1521,
                    1772
                ],
                [
                    1521,
                    1797
                ],
                [
                    1473,
                    1797
                ]
            ],
            "text": "6000",
            "label": "Out"
        },
        {
            "index": 146,
            "bbox": [
                [
                    139,
                    1790
                ],
                [
                    210,
                    1790
                ],
                [
                    210,
                    1822
                ],
                [
                    139,
                    1822
                ]
            ],
            "text": "Degree",
            "label": "B_Prop"
        },
        {
            "index": 147,
            "bbox": [
                [
                    201,
                    1790
                ],
                [
                    230,
                    1790
                ],
                [
                    230,
                    1820
                ],
                [
                    201,
                    1820
                ]
            ],
            "text": "of",
            "label": "I_Prop"
        },
        {
            "index": 148,
            "bbox": [
                [
                    221,
                    1790
                ],
                [
                    317,
                    1790
                ],
                [
                    317,
                    1822
                ],
                [
                    221,
                    1822
                ]
            ],
            "text": "protection",
            "label": "I_Prop"
        },
        {
            "index": 149,
            "bbox": [
                [
                    454,
                    1793
                ],
                [
                    502,
                    1793
                ],
                [
                    502,
                    1818
                ],
                [
                    454,
                    1818
                ]
            ],
            "text": "IP X4",
            "label": "B_Value"
        },
        {
            "index": 150,
            "bbox": [
                [
                    644,
                    1793
                ],
                [
                    692,
                    1793
                ],
                [
                    692,
                    1818
                ],
                [
                    644,
                    1818
                ]
            ],
            "text": "IP X4",
            "label": "B_Value"
        },
        {
            "index": 151,
            "bbox": [
                [
                    139,
                    1829
                ],
                [
                    230,
                    1829
                ],
                [
                    230,
                    1852
                ],
                [
                    139,
                    1852
                ]
            ],
            "text": "Insulation",
            "label": "B_Prop"
        },
        {
            "index": 152,
            "bbox": [
                [
                    226,
                    1827
                ],
                [
                    276,
                    1827
                ],
                [
                    276,
                    1852
                ],
                [
                    226,
                    1852
                ]
            ],
            "text": "class",
            "label": "I_Prop"
        },
        {
            "index": 153,
            "bbox": [
                [
                    454,
                    1827
                ],
                [
                    491,
                    1827
                ],
                [
                    491,
                    1854
                ],
                [
                    454,
                    1854
                ]
            ],
            "text": "130",
            "label": "B_Value"
        },
        {
            "index": 154,
            "bbox": [
                [
                    644,
                    1827
                ],
                [
                    680,
                    1827
                ],
                [
                    680,
                    1854
                ],
                [
                    644,
                    1854
                ]
            ],
            "text": "130",
            "label": "B_Value"
        },
        {
            "index": 155,
            "bbox": [
                [
                    1153,
                    1834
                ],
                [
                    1201,
                    1834
                ],
                [
                    1201,
                    1859
                ],
                [
                    1153,
                    1859
                ]
            ],
            "text": "Flow",
            "label": "Out"
        },
        {
            "index": 156,
            "bbox": [
                [
                    1194,
                    1834
                ],
                [
                    1219,
                    1834
                ],
                [
                    1219,
                    1861
                ],
                [
                    1194,
                    1861
                ]
            ],
            "text": "Q",
            "label": "Out"
        },
        {
            "index": 157,
            "bbox": [
                [
                    1493,
                    1818
                ],
                [
                    1525,
                    1818
                ],
                [
                    1525,
                    1845
                ],
                [
                    1493,
                    1845
                ]
            ],
            "text": "I/h",
            "label": "Out"
        },
        {
            "index": 158,
            "bbox": [
                [
                    139,
                    1861
                ],
                [
                    207,
                    1861
                ],
                [
                    207,
                    1893
                ],
                [
                    139,
                    1893
                ]
            ],
            "text": "Weight",
            "label": "B_Prop"
        },
        {
            "index": 159,
            "bbox": [
                [
                    203,
                    1861
                ],
                [
                    239,
                    1861
                ],
                [
                    239,
                    1893
                ],
                [
                    203,
                    1893
                ]
            ],
            "text": "[kg]",
            "label": "I_Prop"
        },
        {
            "index": 160,
            "bbox": [
                [
                    454,
                    1863
                ],
                [
                    493,
                    1863
                ],
                [
                    493,
                    1891
                ],
                [
                    454,
                    1891
                ]
            ],
            "text": "10,5",
            "label": "B_Value"
        },
        {
            "index": 161,
            "bbox": [
                [
                    644,
                    1863
                ],
                [
                    683,
                    1863
                ],
                [
                    683,
                    1889
                ],
                [
                    644,
                    1889
                ]
            ],
            "text": "12,8",
            "label": "B_Value"
        },
        {
            "index": 162,
            "bbox": [
                [
                    139,
                    1895
                ],
                [
                    237,
                    1895
                ],
                [
                    237,
                    1925
                ],
                [
                    139,
                    1925
                ]
            ],
            "text": "Dimension",
            "label": "B_Prop"
        },
        {
            "index": 163,
            "bbox": [
                [
                    230,
                    1898
                ],
                [
                    230,
                    1917
                ],
                [
                    293,
                    1917
                ],
                [
                    293,
                    1898
                ]
            ],
            "text": "L x H x",
            "label": "I_Prop"
        },
        {
            "index": 164,
            "bbox": [
                [
                    293,
                    1895
                ],
                [
                    293,
                    1925
                ],
                [
                    312,
                    1925
                ],
                [
                    312,
                    1895
                ]
            ],
            "text": "W",
            "label": "I_Prop"
        },
        {
            "index": 165,
            "bbox": [
                [
                    313,
                    1898
                ],
                [
                    361,
                    1898
                ],
                [
                    361,
                    1925
                ],
                [
                    313,
                    1925
                ]
            ],
            "text": "[mm]",
            "label": "I_Prop"
        },
        {
            "index": 166,
            "bbox": [
                [
                    454,
                    1900
                ],
                [
                    575,
                    1900
                ],
                [
                    575,
                    1923
                ],
                [
                    454,
                    1923
                ]
            ],
            "text": "440x250x220",
            "label": "B_Value"
        },
        {
            "index": 167,
            "bbox": [
                [
                    644,
                    1900
                ],
                [
                    765,
                    1900
                ],
                [
                    765,
                    1923
                ],
                [
                    644,
                    1923
                ]
            ],
            "text": "470x250x195",
            "label": "B_Value"
        },
        {
            "index": 168,
            "bbox": [
                [
                    134,
                    2083
                ],
                [
                    434,
                    2083
                ],
                [
                    434,
                    2115
                ],
                [
                    134,
                    2115
                ]
            ],
            "text": "www.pumpa.eu",
            "label": "Out"
        }
    ]
}