{
    "datasheet": [
        {
            "index": 0,
            "bbox": [
                [
                    596,
                    219
                ],
                [
                    749,
                    219
                ],
                [
                    749,
                    248
                ],
                [
                    596,
                    248
                ]
            ],
            "text": "EM110-RTU-2P",
            "label": "B_Ref"
        },
        {
            "index": 1,
            "bbox": [
                [
                    1080,
                    219
                ],
                [
                    1233,
                    219
                ],
                [
                    1233,
                    248
                ],
                [
                    1080,
                    248
                ]
            ],
            "text": "EM111-RTU-2P",
            "label": "B_Ref"
        },
        {
            "index": 2,
            "bbox": [
                [
                    600,
                    1158
                ],
                [
                    715,
                    1158
                ],
                [
                    715,
                    1187
                ],
                [
                    600,
                    1187
                ]
            ],
            "text": "EM110-RTU-2P",
            "label": "B_Ref"
        },
        {
            "index": 3,
            "bbox": [
                [
                    1082,
                    1153
                ],
                [
                    1197,
                    1153
                ],
                [
                    1197,
                    1183
                ],
                [
                    1082,
                    1183
                ]
            ],
            "text": "EM111-RTU-2P",
            "label": "B_Ref"
        },
        {
            "index": 4,
            "bbox": [
                [
                    112,
                    573
                ],
                [
                    112,
                    605
                ],
                [
                    255,
                    605
                ],
                [
                    255,
                    573
                ]
            ],
            "text": "Technical data",
            "label": "B_Section"
        },
        {
            "index": 5,
            "bbox": [
                [
                    114,
                    1100
                ],
                [
                    114,
                    1137
                ],
                [
                    251,
                    1137
                ],
                [
                    251,
                    1100
                ]
            ],
            "text": "Ordering data",
            "label": "B_Section"
        },
        {
            "index": 6,
            "bbox": [
                [
                    118,
                    630
                ],
                [
                    118,
                    662
                ],
                [
                    363,
                    662
                ],
                [
                    363,
                    630
                ]
            ],
            "text": "Measurement range, voltage L-N,AC",
            "label": "B_Prop"
        },
        {
            "index": 7,
            "bbox": [
                [
                    121,
                    657
                ],
                [
                    121,
                    687
                ],
                [
                    356,
                    687
                ],
                [
                    356,
                    657
                ]
            ],
            "text": "Measurement range, voltage L-L,AC",
            "label": "B_Prop"
        },
        {
            "index": 8,
            "bbox": [
                [
                    121,
                    680
                ],
                [
                    121,
                    712
                ],
                [
                    274,
                    712
                ],
                [
                    274,
                    680
                ]
            ],
            "text": "Surge voltage category",
            "label": "B_Prop"
        },
        {
            "index": 9,
            "bbox": [
                [
                    121,
                    705
                ],
                [
                    121,
                    737
                ],
                [
                    221,
                    737
                ],
                [
                    221,
                    705
                ]
            ],
            "text": "Voltage supply",
            "label": "B_Prop"
        },
        {
            "index": 10,
            "bbox": [
                [
                    123,
                    733
                ],
                [
                    123,
                    760
                ],
                [
                    246,
                    760
                ],
                [
                    246,
                    733
                ]
            ],
            "text": "Three-wire system",
            "label": "B_Prop"
        },
        {
            "index": 11,
            "bbox": [
                [
                    121,
                    758
                ],
                [
                    121,
                    785
                ],
                [
                    237,
                    785
                ],
                [
                    237,
                    758
                ]
            ],
            "text": "Four-wire system",
            "label": "B_Prop"
        },
        {
            "index": 12,
            "bbox": [
                [
                    121,
                    781
                ],
                [
                    121,
                    813
                ],
                [
                    329,
                    813
                ],
                [
                    329,
                    781
                ]
            ],
            "text": "Measuring accuracy for voltage",
            "label": "B_Prop"
        },
        {
            "index": 13,
            "bbox": [
                [
                    123,
                    808
                ],
                [
                    123,
                    836
                ],
                [
                    326,
                    836
                ],
                [
                    326,
                    808
                ]
            ],
            "text": "Measuring accuracy for current",
            "label": "B_Prop"
        },
        {
            "index": 14,
            "bbox": [
                [
                    121,
                    831
                ],
                [
                    121,
                    861
                ],
                [
                    466,
                    861
                ],
                [
                    466,
                    831
                ]
            ],
            "text": "Measurement accuracy for active energy (kWh,/5A)",
            "label": "B_Prop"
        },
        {
            "index": 15,
            "bbox": [
                [
                    121,
                    854
                ],
                [
                    121,
                    888
                ],
                [
                    281,
                    888
                ],
                [
                    281,
                    854
                ]
            ],
            "text": "Number rofdigitali inputs",
            "label": "B_Prop"
        },
        {
            "index": 16,
            "bbox": [
                [
                    121,
                    881
                ],
                [
                    121,
                    913
                ],
                [
                    292,
                    913
                ],
                [
                    292,
                    881
                ]
            ],
            "text": "Number rof fdigital outputs",
            "label": "B_Prop"
        },
        {
            "index": 17,
            "bbox": [
                [
                    121,
                    906
                ],
                [
                    121,
                    938
                ],
                [
                    283,
                    938
                ],
                [
                    283,
                    906
                ]
            ],
            "text": "Number rofpulse outputs",
            "label": "B_Prop"
        },
        {
            "index": 18,
            "bbox": [
                [
                    121,
                    931
                ],
                [
                    121,
                    961
                ],
                [
                    303,
                    961
                ],
                [
                    303,
                    931
                ]
            ],
            "text": "Current-measuring channels",
            "label": "B_Prop"
        },
        {
            "index": 19,
            "bbox": [
                [
                    121,
                    957
                ],
                [
                    121,
                    984
                ],
                [
                    210,
                    984
                ],
                [
                    210,
                    957
                ]
            ],
            "text": "Max. current",
            "label": "B_Prop"
        },
        {
            "index": 20,
            "bbox": [
                [
                    121,
                    984
                ],
                [
                    185,
                    984
                ],
                [
                    185,
                    1009
                ],
                [
                    121,
                    1009
                ]
            ],
            "text": "Interface",
            "label": "B_Prop"
        },
        {
            "index": 21,
            "bbox": [
                [
                    121,
                    1007
                ],
                [
                    182,
                    1007
                ],
                [
                    182,
                    1032
                ],
                [
                    121,
                    1032
                ]
            ],
            "text": "Protocol",
            "label": "B_Prop"
        },
        {
            "index": 22,
            "bbox": [
                [
                    598,
                    1132
                ],
                [
                    651,
                    1132
                ],
                [
                    651,
                    1167
                ],
                [
                    598,
                    1167
                ]
            ],
            "text": "Type",
            "label": "B_Prop"
        },
        {
            "index": 23,
            "bbox": [
                [
                    877,
                    1135
                ],
                [
                    916,
                    1135
                ],
                [
                    916,
                    1164
                ],
                [
                    877,
                    1164
                ]
            ],
            "text": "Qty.",
            "label": "B_Prop"
        },
        {
            "index": 24,
            "bbox": [
                [
                    938,
                    1135
                ],
                [
                    938,
                    1162
                ],
                [
                    1014,
                    1162
                ],
                [
                    1014,
                    1135
                ]
            ],
            "text": "Order No.",
            "label": "B_Prop"
        },
        {
            "index": 25,
            "bbox": [
                [
                    1085,
                    1130
                ],
                [
                    1130,
                    1130
                ],
                [
                    1130,
                    1158
                ],
                [
                    1085,
                    1158
                ]
            ],
            "text": "Type",
            "label": "B_Prop"
        },
        {
            "index": 26,
            "bbox": [
                [
                    1361,
                    1132
                ],
                [
                    1400,
                    1132
                ],
                [
                    1400,
                    1160
                ],
                [
                    1361,
                    1160
                ]
            ],
            "text": "Qty.",
            "label": "B_Prop"
        },
        {
            "index": 27,
            "bbox": [
                [
                    1423,
                    1132
                ],
                [
                    1423,
                    1158
                ],
                [
                    1496,
                    1158
                ],
                [
                    1496,
                    1132
                ]
            ],
            "text": "Order No.",
            "label": "B_Prop"
        },
        {
            "index": 28,
            "bbox": [
                [
                    600,
                    630
                ],
                [
                    694,
                    630
                ],
                [
                    694,
                    660
                ],
                [
                    600,
                    660
                ]
            ],
            "text": "176...276V",
            "label": "B_Value"
        },
        {
            "index": 29,
            "bbox": [
                [
                    1087,
                    630
                ],
                [
                    1174,
                    630
                ],
                [
                    1174,
                    653
                ],
                [
                    1087,
                    653
                ]
            ],
            "text": "176...276V",
            "label": "B_Value"
        },
        {
            "index": 30,
            "bbox": [
                [
                    603,
                    685
                ],
                [
                    621,
                    685
                ],
                [
                    621,
                    708
                ],
                [
                    603,
                    708
                ]
            ],
            "text": "II",
            "label": "B_Value"
        },
        {
            "index": 31,
            "bbox": [
                [
                    1085,
                    682
                ],
                [
                    1105,
                    682
                ],
                [
                    1105,
                    701
                ],
                [
                    1085,
                    701
                ]
            ],
            "text": "II",
            "label": "B_Value"
        },
        {
            "index": 32,
            "bbox": [
                [
                    600,
                    733
                ],
                [
                    635,
                    733
                ],
                [
                    635,
                    758
                ],
                [
                    600,
                    758
                ]
            ],
            "text": "No",
            "label": "B_Value"
        },
        {
            "index": 33,
            "bbox": [
                [
                    1085,
                    728
                ],
                [
                    1117,
                    728
                ],
                [
                    1117,
                    756
                ],
                [
                    1085,
                    756
                ]
            ],
            "text": "No",
            "label": "B_Value"
        },
        {
            "index": 34,
            "bbox": [
                [
                    600,
                    758
                ],
                [
                    635,
                    758
                ],
                [
                    635,
                    783
                ],
                [
                    600,
                    783
                ]
            ],
            "text": "No",
            "label": "B_Value"
        },
        {
            "index": 35,
            "bbox": [
                [
                    1082,
                    753
                ],
                [
                    1117,
                    753
                ],
                [
                    1117,
                    781
                ],
                [
                    1082,
                    781
                ]
            ],
            "text": "No",
            "label": "B_Value"
        },
        {
            "index": 36,
            "bbox": [
                [
                    600,
                    781
                ],
                [
                    651,
                    781
                ],
                [
                    651,
                    808
                ],
                [
                    600,
                    808
                ]
            ],
            "text": "0.5%",
            "label": "B_Value"
        },
        {
            "index": 37,
            "bbox": [
                [
                    1082,
                    778
                ],
                [
                    1135,
                    778
                ],
                [
                    1135,
                    804
                ],
                [
                    1082,
                    804
                ]
            ],
            "text": "0.5%",
            "label": "B_Value"
        },
        {
            "index": 38,
            "bbox": [
                [
                    600,
                    808
                ],
                [
                    653,
                    808
                ],
                [
                    653,
                    833
                ],
                [
                    600,
                    833
                ]
            ],
            "text": "0.5%",
            "label": "B_Value"
        },
        {
            "index": 39,
            "bbox": [
                [
                    1082,
                    804
                ],
                [
                    1135,
                    804
                ],
                [
                    1135,
                    829
                ],
                [
                    1082,
                    829
                ]
            ],
            "text": "0.5%",
            "label": "B_Value"
        },
        {
            "index": 40,
            "bbox": [
                [
                    603,
                    831
                ],
                [
                    603,
                    861
                ],
                [
                    906,
                    861
                ],
                [
                    906,
                    831
                ]
            ],
            "text": "Class 1(1EC62053-21), Class B(EN 50470-3)",
            "label": "B_Value"
        },
        {
            "index": 41,
            "bbox": [
                [
                    1087,
                    826
                ],
                [
                    1087,
                    858
                ],
                [
                    1391,
                    858
                ],
                [
                    1391,
                    826
                ]
            ],
            "text": "Class 1(IEC 62053-21), Class B (EN5 50470-3)",
            "label": "B_Value"
        },
        {
            "index": 42,
            "bbox": [
                [
                    598,
                    856
                ],
                [
                    623,
                    856
                ],
                [
                    623,
                    883
                ],
                [
                    598,
                    883
                ]
            ],
            "text": "0",
            "label": "B_Value"
        },
        {
            "index": 43,
            "bbox": [
                [
                    1082,
                    854
                ],
                [
                    1107,
                    854
                ],
                [
                    1107,
                    881
                ],
                [
                    1082,
                    881
                ]
            ],
            "text": "0",
            "label": "B_Value"
        },
        {
            "index": 44,
            "bbox": [
                [
                    603,
                    886
                ],
                [
                    621,
                    886
                ],
                [
                    621,
                    906
                ],
                [
                    603,
                    906
                ]
            ],
            "text": "0",
            "label": "B_Value"
        },
        {
            "index": 45,
            "bbox": [
                [
                    1085,
                    881
                ],
                [
                    1107,
                    881
                ],
                [
                    1107,
                    904
                ],
                [
                    1085,
                    904
                ]
            ],
            "text": "0",
            "label": "B_Value"
        },
        {
            "index": 46,
            "bbox": [
                [
                    603,
                    909
                ],
                [
                    621,
                    909
                ],
                [
                    621,
                    931
                ],
                [
                    603,
                    931
                ]
            ],
            "text": "2",
            "label": "B_Value"
        },
        {
            "index": 47,
            "bbox": [
                [
                    1087,
                    906
                ],
                [
                    1105,
                    906
                ],
                [
                    1105,
                    927
                ],
                [
                    1087,
                    927
                ]
            ],
            "text": "2",
            "label": "B_Value"
        },
        {
            "index": 48,
            "bbox": [
                [
                    605,
                    936
                ],
                [
                    619,
                    936
                ],
                [
                    619,
                    954
                ],
                [
                    605,
                    954
                ]
            ],
            "text": "1",
            "label": "B_Value"
        },
        {
            "index": 49,
            "bbox": [
                [
                    603,
                    959
                ],
                [
                    667,
                    959
                ],
                [
                    667,
                    982
                ],
                [
                    603,
                    982
                ]
            ],
            "text": "5000A",
            "label": "B_Value"
        },
        {
            "index": 50,
            "bbox": [
                [
                    1082,
                    954
                ],
                [
                    1133,
                    954
                ],
                [
                    1133,
                    979
                ],
                [
                    1082,
                    979
                ]
            ],
            "text": "45A",
            "label": "B_Value"
        },
        {
            "index": 51,
            "bbox": [
                [
                    603,
                    984
                ],
                [
                    657,
                    984
                ],
                [
                    657,
                    1009
                ],
                [
                    603,
                    1009
                ]
            ],
            "text": "RS485",
            "label": "B_Value"
        },
        {
            "index": 52,
            "bbox": [
                [
                    1085,
                    979
                ],
                [
                    1142,
                    979
                ],
                [
                    1142,
                    1005
                ],
                [
                    1085,
                    1005
                ]
            ],
            "text": "RS485",
            "label": "B_Value"
        },
        {
            "index": 53,
            "bbox": [
                [
                    603,
                    1007
                ],
                [
                    603,
                    1034
                ],
                [
                    694,
                    1034
                ],
                [
                    694,
                    1007
                ]
            ],
            "text": "Modbus RTU",
            "label": "B_Value"
        },
        {
            "index": 54,
            "bbox": [
                [
                    1085,
                    1005
                ],
                [
                    1085,
                    1030
                ],
                [
                    1178,
                    1030
                ],
                [
                    1178,
                    1005
                ]
            ],
            "text": "Modbus RTU",
            "label": "B_Value"
        },
        {
            "index": 55,
            "bbox": [
                [
                    936,
                    1158
                ],
                [
                    1041,
                    1158
                ],
                [
                    1041,
                    1187
                ],
                [
                    936,
                    1187
                ]
            ],
            "text": "7760051002",
            "label": "B_Value"
        },
        {
            "index": 56,
            "bbox": [
                [
                    1382,
                    1160
                ],
                [
                    1398,
                    1160
                ],
                [
                    1398,
                    1176
                ],
                [
                    1382,
                    1176
                ]
            ],
            "text": "1",
            "label": "B_Value"
        },
        {
            "index": 57,
            "bbox": [
                [
                    1423,
                    1158
                ],
                [
                    1521,
                    1158
                ],
                [
                    1521,
                    1180
                ],
                [
                    1423,
                    1180
                ]
            ],
            "text": "7760051001",
            "label": "B_Value"
        },
        {
            "index": 58,
            "bbox": [
                [
                    893,
                    1156
                ],
                [
                    893,
                    1187
                ],
                [
                    920,
                    1187
                ],
                [
                    920,
                    1156
                ]
            ],
            "text": "1",
            "label": "B_Value"
        },
        {
            "index": 59,
            "bbox": [
                [
                    1086,
                    929
                ],
                [
                    1086,
                    956
                ],
                [
                    1124,
                    956
                ],
                [
                    1124,
                    929
                ]
            ],
            "text": "1",
            "label": "B_Value"
        }
    ]
}