{
    "datasheet": [
        {
            "index": 0,
            "bbox": [
                [
                    493,
                    504
                ],
                [
                    607,
                    504
                ],
                [
                    607,
                    527
                ],
                [
                    493,
                    527
                ]
            ],
            "text": "EM110-RTU-2P",
            "label": "B_Ref"
        },
        {
            "index": 1,
            "bbox": [
                [
                    712,
                    504
                ],
                [
                    827,
                    504
                ],
                [
                    827,
                    527
                ],
                [
                    712,
                    527
                ]
            ],
            "text": "EM111-RTU-2P",
            "label": "B_Ref"
        },
        {
            "index": 2,
            "bbox": [
                [
                    932,
                    504
                ],
                [
                    1046,
                    504
                ],
                [
                    1046,
                    527
                ],
                [
                    932,
                    527
                ]
            ],
            "text": "EM120-RTU-2P",
            "label": "B_Ref"
        },
        {
            "index": 3,
            "bbox": [
                [
                    1151,
                    504
                ],
                [
                    1265,
                    504
                ],
                [
                    1265,
                    527
                ],
                [
                    1151,
                    527
                ]
            ],
            "text": "EM122-RTU-2P",
            "label": "B_Ref"
        },
        {
            "index": 4,
            "bbox": [
                [
                    1350,
                    504
                ],
                [
                    1500,
                    504
                ],
                [
                    1500,
                    527
                ],
                [
                    1350,
                    527
                ]
            ],
            "text": "EM220-RTU-4D12DO",
            "label": "B_Ref"
        },
        {
            "index": 5,
            "bbox": [
                [
                    116,
                    504
                ],
                [
                    164,
                    504
                ],
                [
                    164,
                    532
                ],
                [
                    116,
                    532
                ]
            ],
            "text": "Type",
            "label": "B_Section"
        },
        {
            "index": 6,
            "bbox": [
                [
                    116,
                    625
                ],
                [
                    116,
                    655
                ],
                [
                    306,
                    655
                ],
                [
                    306,
                    625
                ]
            ],
            "text": "Technical Characteristics",
            "label": "B_Section"
        },
        {
            "index": 7,
            "bbox": [
                [
                    114,
                    1100
                ],
                [
                    203,
                    1100
                ],
                [
                    203,
                    1132
                ],
                [
                    114,
                    1132
                ]
            ],
            "text": "Interfaces",
            "label": "B_Section"
        },
        {
            "index": 8,
            "bbox": [
                [
                    114,
                    1148
                ],
                [
                    198,
                    1148
                ],
                [
                    198,
                    1180
                ],
                [
                    114,
                    1180
                ]
            ],
            "text": "Protocols",
            "label": "B_Section"
        },
        {
            "index": 9,
            "bbox": [
                [
                    121,
                    527
                ],
                [
                    121,
                    552
                ],
                [
                    189,
                    552
                ],
                [
                    189,
                    527
                ]
            ],
            "text": "Order No.",
            "label": "B_Prop"
        },
        {
            "index": 10,
            "bbox": [
                [
                    118,
                    555
                ],
                [
                    118,
                    580
                ],
                [
                    239,
                    580
                ],
                [
                    239,
                    555
                ]
            ],
            "text": "Type of mounting",
            "label": "B_Prop"
        },
        {
            "index": 11,
            "bbox": [
                [
                    118,
                    575
                ],
                [
                    180,
                    575
                ],
                [
                    180,
                    607
                ],
                [
                    118,
                    607
                ]
            ],
            "text": "Display",
            "label": "B_Prop"
        },
        {
            "index": 12,
            "bbox": [
                [
                    118,
                    600
                ],
                [
                    118,
                    632
                ],
                [
                    223,
                    632
                ],
                [
                    223,
                    600
                ]
            ],
            "text": "MID approvals",
            "label": "B_Prop"
        },
        {
            "index": 13,
            "bbox": [
                [
                    121,
                    650
                ],
                [
                    121,
                    699
                ],
                [
                    342,
                    699
                ],
                [
                    342,
                    650
                ]
            ],
            "text": "Measuring range, Voltage L-N,AC (without transducer)",
            "label": "B_Prop"
        },
        {
            "index": 14,
            "bbox": [
                [
                    121,
                    701
                ],
                [
                    121,
                    746
                ],
                [
                    340,
                    746
                ],
                [
                    340,
                    701
                ]
            ],
            "text": "Measuring range, Voltage LL,AC (without transducer)",
            "label": "B_Prop"
        },
        {
            "index": 15,
            "bbox": [
                [
                    118,
                    751
                ],
                [
                    118,
                    783
                ],
                [
                    265,
                    783
                ],
                [
                    265,
                    751
                ]
            ],
            "text": "Overvoltage category",
            "label": "B_Prop"
        },
        {
            "index": 16,
            "bbox": [
                [
                    118,
                    776
                ],
                [
                    118,
                    808
                ],
                [
                    269,
                    808
                ],
                [
                    269,
                    776
                ]
            ],
            "text": "Power supply voltage",
            "label": "B_Prop"
        },
        {
            "index": 17,
            "bbox": [
                [
                    116,
                    804
                ],
                [
                    116,
                    829
                ],
                [
                    191,
                    829
                ],
                [
                    191,
                    804
                ]
            ],
            "text": "Two wire",
            "label": "B_Prop"
        },
        {
            "index": 18,
            "bbox": [
                [
                    121,
                    829
                ],
                [
                    121,
                    854
                ],
                [
                    198,
                    854
                ],
                [
                    198,
                    829
                ]
            ],
            "text": "Three wire",
            "label": "B_Prop"
        },
        {
            "index": 19,
            "bbox": [
                [
                    118,
                    854
                ],
                [
                    118,
                    879
                ],
                [
                    191,
                    879
                ],
                [
                    191,
                    854
                ]
            ],
            "text": "Four wire",
            "label": "B_Prop"
        },
        {
            "index": 20,
            "bbox": [
                [
                    118,
                    877
                ],
                [
                    118,
                    906
                ],
                [
                    386,
                    906
                ],
                [
                    386,
                    877
                ]
            ],
            "text": "Measurement accuracy for active energy",
            "label": "B_Prop"
        },
        {
            "index": 21,
            "bbox": [
                [
                    121,
                    902
                ],
                [
                    121,
                    927
                ],
                [
                    219,
                    927
                ],
                [
                    219,
                    902
                ]
            ],
            "text": "(kWh, ../5A)",
            "label": "B_Prop"
        },
        {
            "index": 22,
            "bbox": [
                [
                    118,
                    927
                ],
                [
                    118,
                    959
                ],
                [
                    319,
                    959
                ],
                [
                    319,
                    927
                ]
            ],
            "text": "Measuring accuracyf for voltage",
            "label": "B_Prop"
        },
        {
            "index": 23,
            "bbox": [
                [
                    116,
                    950
                ],
                [
                    116,
                    984
                ],
                [
                    326,
                    984
                ],
                [
                    326,
                    950
                ]
            ],
            "text": "Measuring accuracy for current",
            "label": "B_Prop"
        },
        {
            "index": 24,
            "bbox": [
                [
                    118,
                    975
                ],
                [
                    118,
                    1009
                ],
                [
                    283,
                    1009
                ],
                [
                    283,
                    975
                ]
            ],
            "text": "Number of fdigitali inputs",
            "label": "B_Prop"
        },
        {
            "index": 25,
            "bbox": [
                [
                    121,
                    1002
                ],
                [
                    121,
                    1030
                ],
                [
                    290,
                    1030
                ],
                [
                    290,
                    1002
                ]
            ],
            "text": "Number rof digital outputs",
            "label": "B_Prop"
        },
        {
            "index": 26,
            "bbox": [
                [
                    121,
                    1027
                ],
                [
                    121,
                    1059
                ],
                [
                    285,
                    1059
                ],
                [
                    285,
                    1027
                ]
            ],
            "text": "Number rof pulse outputs",
            "label": "B_Prop"
        },
        {
            "index": 27,
            "bbox": [
                [
                    121,
                    1050
                ],
                [
                    121,
                    1080
                ],
                [
                    319,
                    1080
                ],
                [
                    319,
                    1050
                ]
            ],
            "text": "Current measurement channel",
            "label": "B_Prop"
        },
        {
            "index": 28,
            "bbox": [
                [
                    116,
                    1075
                ],
                [
                    116,
                    1105
                ],
                [
                    438,
                    1105
                ],
                [
                    438,
                    1075
                ]
            ],
            "text": "Measurementof fcurrent without current.transformers",
            "label": "B_Prop"
        },
        {
            "index": 29,
            "bbox": [
                [
                    121,
                    1128
                ],
                [
                    176,
                    1128
                ],
                [
                    176,
                    1153
                ],
                [
                    121,
                    1153
                ]
            ],
            "text": "RS485",
            "label": "B_Prop"
        },
        {
            "index": 30,
            "bbox": [
                [
                    118,
                    1176
                ],
                [
                    118,
                    1201
                ],
                [
                    212,
                    1201
                ],
                [
                    212,
                    1176
                ]
            ],
            "text": "Modbus RTU",
            "label": "B_Prop"
        },
        {
            "index": 31,
            "bbox": [
                [
                    116,
                    1201
                ],
                [
                    242,
                    1201
                ],
                [
                    242,
                    1231
                ],
                [
                    116,
                    1231
                ]
            ],
            "text": "Modbus-Gateway",
            "label": "B_Prop"
        },
        {
            "index": 32,
            "bbox": [
                [
                    500,
                    525
                ],
                [
                    603,
                    525
                ],
                [
                    603,
                    555
                ],
                [
                    500,
                    555
                ]
            ],
            "text": "7760051002",
            "label": "B_Value"
        },
        {
            "index": 33,
            "bbox": [
                [
                    719,
                    525
                ],
                [
                    820,
                    525
                ],
                [
                    820,
                    555
                ],
                [
                    719,
                    555
                ]
            ],
            "text": "7760051001",
            "label": "B_Value"
        },
        {
            "index": 34,
            "bbox": [
                [
                    938,
                    525
                ],
                [
                    1039,
                    525
                ],
                [
                    1039,
                    555
                ],
                [
                    938,
                    555
                ]
            ],
            "text": "7760051004",
            "label": "B_Value"
        },
        {
            "index": 35,
            "bbox": [
                [
                    1155,
                    525
                ],
                [
                    1258,
                    525
                ],
                [
                    1258,
                    555
                ],
                [
                    1155,
                    555
                ]
            ],
            "text": "7760051003",
            "label": "B_Value"
        },
        {
            "index": 36,
            "bbox": [
                [
                    1377,
                    525
                ],
                [
                    1477,
                    525
                ],
                [
                    1477,
                    555
                ],
                [
                    1377,
                    555
                ]
            ],
            "text": "7760051005",
            "label": "B_Value"
        },
        {
            "index": 37,
            "bbox": [
                [
                    525,
                    552
                ],
                [
                    582,
                    552
                ],
                [
                    582,
                    577
                ],
                [
                    525,
                    577
                ]
            ],
            "text": "DINrail",
            "label": "B_Value"
        },
        {
            "index": 38,
            "bbox": [
                [
                    744,
                    552
                ],
                [
                    801,
                    552
                ],
                [
                    801,
                    577
                ],
                [
                    744,
                    577
                ]
            ],
            "text": "DINrail",
            "label": "B_Value"
        },
        {
            "index": 39,
            "bbox": [
                [
                    964,
                    552
                ],
                [
                    1021,
                    552
                ],
                [
                    1021,
                    577
                ],
                [
                    964,
                    577
                ]
            ],
            "text": "DINrail",
            "label": "B_Value"
        },
        {
            "index": 40,
            "bbox": [
                [
                    1181,
                    552
                ],
                [
                    1238,
                    552
                ],
                [
                    1238,
                    577
                ],
                [
                    1181,
                    577
                ]
            ],
            "text": "DINrail",
            "label": "B_Value"
        },
        {
            "index": 41,
            "bbox": [
                [
                    1359,
                    552
                ],
                [
                    1359,
                    584
                ],
                [
                    1503,
                    584
                ],
                [
                    1503,
                    552
                ]
            ],
            "text": "Front panel mounting",
            "label": "B_Value"
        },
        {
            "index": 42,
            "bbox": [
                [
                    536,
                    577
                ],
                [
                    573,
                    577
                ],
                [
                    573,
                    603
                ],
                [
                    536,
                    603
                ]
            ],
            "text": "LCD",
            "label": "B_Value"
        },
        {
            "index": 43,
            "bbox": [
                [
                    756,
                    577
                ],
                [
                    790,
                    577
                ],
                [
                    790,
                    603
                ],
                [
                    756,
                    603
                ]
            ],
            "text": "LCD",
            "label": "B_Value"
        },
        {
            "index": 44,
            "bbox": [
                [
                    973,
                    577
                ],
                [
                    1009,
                    577
                ],
                [
                    1009,
                    603
                ],
                [
                    973,
                    603
                ]
            ],
            "text": "LCD",
            "label": "B_Value"
        },
        {
            "index": 45,
            "bbox": [
                [
                    1192,
                    577
                ],
                [
                    1229,
                    577
                ],
                [
                    1229,
                    603
                ],
                [
                    1192,
                    603
                ]
            ],
            "text": "LCD",
            "label": "B_Value"
        },
        {
            "index": 46,
            "bbox": [
                [
                    1361,
                    575
                ],
                [
                    1361,
                    609
                ],
                [
                    1500,
                    609
                ],
                [
                    1500,
                    575
                ]
            ],
            "text": "LCD round diagram",
            "label": "B_Value"
        },
        {
            "index": 47,
            "bbox": [
                [
                    509,
                    666
                ],
                [
                    594,
                    666
                ],
                [
                    594,
                    689
                ],
                [
                    509,
                    689
                ]
            ],
            "text": "176...276V",
            "label": "B_Value"
        },
        {
            "index": 48,
            "bbox": [
                [
                    728,
                    666
                ],
                [
                    811,
                    666
                ],
                [
                    811,
                    689
                ],
                [
                    728,
                    689
                ]
            ],
            "text": "176...276V",
            "label": "B_Value"
        },
        {
            "index": 49,
            "bbox": [
                [
                    948,
                    666
                ],
                [
                    1032,
                    666
                ],
                [
                    1032,
                    689
                ],
                [
                    948,
                    689
                ]
            ],
            "text": "138...276V",
            "label": "B_Value"
        },
        {
            "index": 50,
            "bbox": [
                [
                    1165,
                    666
                ],
                [
                    1249,
                    666
                ],
                [
                    1249,
                    689
                ],
                [
                    1165,
                    689
                ]
            ],
            "text": "138...276V",
            "label": "B_Value"
        },
        {
            "index": 51,
            "bbox": [
                [
                    1388,
                    664
                ],
                [
                    1466,
                    664
                ],
                [
                    1466,
                    689
                ],
                [
                    1388,
                    689
                ]
            ],
            "text": "50...345V",
            "label": "B_Value"
        },
        {
            "index": 52,
            "bbox": [
                [
                    945,
                    717
                ],
                [
                    1032,
                    717
                ],
                [
                    1032,
                    740
                ],
                [
                    945,
                    740
                ]
            ],
            "text": "240..480V",
            "label": "B_Value"
        },
        {
            "index": 53,
            "bbox": [
                [
                    1165,
                    717
                ],
                [
                    1249,
                    717
                ],
                [
                    1249,
                    740
                ],
                [
                    1165,
                    740
                ]
            ],
            "text": "240..480V",
            "label": "B_Value"
        },
        {
            "index": 54,
            "bbox": [
                [
                    1388,
                    714
                ],
                [
                    1464,
                    714
                ],
                [
                    1464,
                    740
                ],
                [
                    1388,
                    740
                ]
            ],
            "text": "50...60V",
            "label": "B_Value"
        },
        {
            "index": 55,
            "bbox": [
                [
                    527,
                    753
                ],
                [
                    575,
                    753
                ],
                [
                    575,
                    776
                ],
                [
                    527,
                    776
                ]
            ],
            "text": "CATII",
            "label": "B_Value"
        },
        {
            "index": 56,
            "bbox": [
                [
                    747,
                    753
                ],
                [
                    795,
                    753
                ],
                [
                    795,
                    776
                ],
                [
                    747,
                    776
                ]
            ],
            "text": "CATII",
            "label": "B_Value"
        },
        {
            "index": 57,
            "bbox": [
                [
                    964,
                    753
                ],
                [
                    1014,
                    753
                ],
                [
                    1014,
                    778
                ],
                [
                    964,
                    778
                ]
            ],
            "text": "CATIII",
            "label": "B_Value"
        },
        {
            "index": 58,
            "bbox": [
                [
                    1181,
                    753
                ],
                [
                    1233,
                    753
                ],
                [
                    1233,
                    778
                ],
                [
                    1181,
                    778
                ]
            ],
            "text": "CATIII",
            "label": "B_Value"
        },
        {
            "index": 59,
            "bbox": [
                [
                    1400,
                    753
                ],
                [
                    1452,
                    753
                ],
                [
                    1452,
                    778
                ],
                [
                    1400,
                    778
                ]
            ],
            "text": "CATIII",
            "label": "B_Value"
        },
        {
            "index": 60,
            "bbox": [
                [
                    507,
                    776
                ],
                [
                    596,
                    776
                ],
                [
                    596,
                    806
                ],
                [
                    507,
                    806
                ]
            ],
            "text": "176..276V",
            "label": "B_Value"
        },
        {
            "index": 61,
            "bbox": [
                [
                    726,
                    776
                ],
                [
                    815,
                    776
                ],
                [
                    815,
                    806
                ],
                [
                    726,
                    806
                ]
            ],
            "text": "176..276V",
            "label": "B_Value"
        },
        {
            "index": 62,
            "bbox": [
                [
                    936,
                    776
                ],
                [
                    1041,
                    776
                ],
                [
                    1041,
                    806
                ],
                [
                    936,
                    806
                ]
            ],
            "text": "85..275VAC",
            "label": "B_Value"
        },
        {
            "index": 63,
            "bbox": [
                [
                    1167,
                    778
                ],
                [
                    1251,
                    778
                ],
                [
                    1251,
                    801
                ],
                [
                    1167,
                    801
                ]
            ],
            "text": "138...276V",
            "label": "B_Value"
        },
        {
            "index": 64,
            "bbox": [
                [
                    1388,
                    778
                ],
                [
                    1464,
                    778
                ],
                [
                    1464,
                    804
                ],
                [
                    1388,
                    804
                ]
            ],
            "text": "75..270V",
            "label": "B_Value"
        },
        {
            "index": 65,
            "bbox": [
                [
                    523,
                    890
                ],
                [
                    575,
                    890
                ],
                [
                    575,
                    915
                ],
                [
                    523,
                    915
                ]
            ],
            "text": "Class1",
            "label": "B_Value"
        },
        {
            "index": 66,
            "bbox": [
                [
                    742,
                    890
                ],
                [
                    795,
                    890
                ],
                [
                    795,
                    915
                ],
                [
                    742,
                    915
                ]
            ],
            "text": "Class1",
            "label": "B_Value"
        },
        {
            "index": 67,
            "bbox": [
                [
                    954,
                    890
                ],
                [
                    1023,
                    890
                ],
                [
                    1023,
                    915
                ],
                [
                    954,
                    915
                ]
            ],
            "text": "Class0.5",
            "label": "B_Value"
        },
        {
            "index": 68,
            "bbox": [
                [
                    1181,
                    890
                ],
                [
                    1233,
                    890
                ],
                [
                    1233,
                    915
                ],
                [
                    1181,
                    915
                ]
            ],
            "text": "Class1",
            "label": "B_Value"
        },
        {
            "index": 69,
            "bbox": [
                [
                    1393,
                    890
                ],
                [
                    1459,
                    890
                ],
                [
                    1459,
                    915
                ],
                [
                    1393,
                    915
                ]
            ],
            "text": "Class0.5",
            "label": "B_Value"
        },
        {
            "index": 70,
            "bbox": [
                [
                    525,
                    927
                ],
                [
                    575,
                    927
                ],
                [
                    575,
                    954
                ],
                [
                    525,
                    954
                ]
            ],
            "text": "0.20%",
            "label": "B_Value"
        },
        {
            "index": 71,
            "bbox": [
                [
                    744,
                    927
                ],
                [
                    795,
                    927
                ],
                [
                    795,
                    954
                ],
                [
                    744,
                    954
                ]
            ],
            "text": "0.20%",
            "label": "B_Value"
        },
        {
            "index": 72,
            "bbox": [
                [
                    959,
                    925
                ],
                [
                    1016,
                    925
                ],
                [
                    1016,
                    957
                ],
                [
                    959,
                    957
                ]
            ],
            "text": "0.20%",
            "label": "B_Value"
        },
        {
            "index": 73,
            "bbox": [
                [
                    1181,
                    929
                ],
                [
                    1231,
                    929
                ],
                [
                    1231,
                    954
                ],
                [
                    1181,
                    954
                ]
            ],
            "text": "0.20%",
            "label": "B_Value"
        },
        {
            "index": 74,
            "bbox": [
                [
                    1400,
                    927
                ],
                [
                    1450,
                    927
                ],
                [
                    1450,
                    954
                ],
                [
                    1400,
                    954
                ]
            ],
            "text": "0.20%",
            "label": "B_Value"
        },
        {
            "index": 75,
            "bbox": [
                [
                    525,
                    952
                ],
                [
                    575,
                    952
                ],
                [
                    575,
                    979
                ],
                [
                    525,
                    979
                ]
            ],
            "text": "0.25%",
            "label": "B_Value"
        },
        {
            "index": 76,
            "bbox": [
                [
                    744,
                    952
                ],
                [
                    795,
                    952
                ],
                [
                    795,
                    979
                ],
                [
                    744,
                    979
                ]
            ],
            "text": "0.20%",
            "label": "B_Value"
        },
        {
            "index": 77,
            "bbox": [
                [
                    961,
                    952
                ],
                [
                    1014,
                    952
                ],
                [
                    1014,
                    977
                ],
                [
                    961,
                    977
                ]
            ],
            "text": "0.25%",
            "label": "B_Value"
        },
        {
            "index": 78,
            "bbox": [
                [
                    1181,
                    952
                ],
                [
                    1233,
                    952
                ],
                [
                    1233,
                    977
                ],
                [
                    1181,
                    977
                ]
            ],
            "text": "0.25%",
            "label": "B_Value"
        },
        {
            "index": 79,
            "bbox": [
                [
                    1400,
                    954
                ],
                [
                    1450,
                    954
                ],
                [
                    1450,
                    977
                ],
                [
                    1400,
                    977
                ]
            ],
            "text": "0.25%",
            "label": "B_Value"
        },
        {
            "index": 80,
            "bbox": [
                [
                    1418,
                    979
                ],
                [
                    1434,
                    979
                ],
                [
                    1434,
                    1000
                ],
                [
                    1418,
                    1000
                ]
            ],
            "text": "4",
            "label": "B_Value"
        },
        {
            "index": 81,
            "bbox": [
                [
                    1418,
                    1005
                ],
                [
                    1434,
                    1005
                ],
                [
                    1434,
                    1027
                ],
                [
                    1418,
                    1027
                ]
            ],
            "text": "2",
            "label": "B_Value"
        },
        {
            "index": 82,
            "bbox": [
                [
                    541,
                    1030
                ],
                [
                    559,
                    1030
                ],
                [
                    559,
                    1053
                ],
                [
                    541,
                    1053
                ]
            ],
            "text": "2",
            "label": "B_Value"
        },
        {
            "index": 83,
            "bbox": [
                [
                    760,
                    1030
                ],
                [
                    776,
                    1030
                ],
                [
                    776,
                    1050
                ],
                [
                    760,
                    1050
                ]
            ],
            "text": "2",
            "label": "B_Value"
        },
        {
            "index": 84,
            "bbox": [
                [
                    980,
                    1032
                ],
                [
                    996,
                    1032
                ],
                [
                    996,
                    1050
                ],
                [
                    980,
                    1050
                ]
            ],
            "text": "2",
            "label": "B_Value"
        },
        {
            "index": 85,
            "bbox": [
                [
                    1199,
                    1030
                ],
                [
                    1215,
                    1030
                ],
                [
                    1215,
                    1050
                ],
                [
                    1199,
                    1050
                ]
            ],
            "text": "2",
            "label": "B_Value"
        },
        {
            "index": 86,
            "bbox": [
                [
                    543,
                    1055
                ],
                [
                    559,
                    1055
                ],
                [
                    559,
                    1075
                ],
                [
                    543,
                    1075
                ]
            ],
            "text": "1",
            "label": "B_Value"
        },
        {
            "index": 87,
            "bbox": [
                [
                    763,
                    1057
                ],
                [
                    779,
                    1057
                ],
                [
                    779,
                    1075
                ],
                [
                    763,
                    1075
                ]
            ],
            "text": "1",
            "label": "B_Value"
        },
        {
            "index": 88,
            "bbox": [
                [
                    980,
                    1055
                ],
                [
                    998,
                    1055
                ],
                [
                    998,
                    1078
                ],
                [
                    980,
                    1078
                ]
            ],
            "text": "3",
            "label": "B_Value"
        },
        {
            "index": 89,
            "bbox": [
                [
                    1199,
                    1055
                ],
                [
                    1217,
                    1055
                ],
                [
                    1217,
                    1075
                ],
                [
                    1199,
                    1075
                ]
            ],
            "text": "3.",
            "label": "B_Value"
        },
        {
            "index": 90,
            "bbox": [
                [
                    1414,
                    1053
                ],
                [
                    1439,
                    1053
                ],
                [
                    1439,
                    1080
                ],
                [
                    1414,
                    1080
                ]
            ],
            "text": "3",
            "label": "B_Value"
        },
        {
            "index": 91,
            "bbox": [
                [
                    728,
                    1075
                ],
                [
                    808,
                    1075
                ],
                [
                    808,
                    1107
                ],
                [
                    728,
                    1107
                ]
            ],
            "text": "upto45A",
            "label": "B_Value"
        },
        {
            "index": 92,
            "bbox": [
                [
                    1162,
                    1078
                ],
                [
                    1162,
                    1107
                ],
                [
                    1251,
                    1107
                ],
                [
                    1251,
                    1078
                ]
            ],
            "text": "upto1 100A",
            "label": "B_Value"
        }
    ]
}