{
    "datasheet": [
        {
            "index": 0,
            "bbox": [
                [
                    518,
                    486
                ],
                [
                    635,
                    486
                ],
                [
                    635,
                    516
                ],
                [
                    518,
                    516
                ]
            ],
            "text": "EMD370-CBM",
            "label": "B_Ref"
        },
        {
            "index": 1,
            "bbox": [
                [
                    813,
                    488
                ],
                [
                    813,
                    513
                ],
                [
                    888,
                    513
                ],
                [
                    888,
                    488
                ]
            ],
            "text": "EMI D650",
            "label": "B_Ref"
        },
        {
            "index": 2,
            "bbox": [
                [
                    1091,
                    488
                ],
                [
                    1158,
                    488
                ],
                [
                    1158,
                    513
                ],
                [
                    1091,
                    513
                ]
            ],
            "text": "EM520",
            "label": "B_Ref"
        },
        {
            "index": 3,
            "bbox": [
                [
                    1366,
                    488
                ],
                [
                    1432,
                    488
                ],
                [
                    1432,
                    513
                ],
                [
                    1366,
                    513
                ]
            ],
            "text": "EM535",
            "label": "B_Ref"
        },
        {
            "index": 4,
            "bbox": [
                [
                    118,
                    488
                ],
                [
                    164,
                    488
                ],
                [
                    164,
                    516
                ],
                [
                    118,
                    516
                ]
            ],
            "text": "Type",
            "label": "B_Section"
        },
        {
            "index": 5,
            "bbox": [
                [
                    116,
                    609
                ],
                [
                    116,
                    639
                ],
                [
                    306,
                    639
                ],
                [
                    306,
                    609
                ]
            ],
            "text": "Technical Characteristics",
            "label": "B_Section"
        },
        {
            "index": 6,
            "bbox": [
                [
                    114,
                    1158
                ],
                [
                    203,
                    1158
                ],
                [
                    203,
                    1190
                ],
                [
                    114,
                    1190
                ]
            ],
            "text": "Interfaces",
            "label": "B_Section"
        },
        {
            "index": 7,
            "bbox": [
                [
                    114,
                    1333
                ],
                [
                    201,
                    1333
                ],
                [
                    201,
                    1365
                ],
                [
                    114,
                    1365
                ]
            ],
            "text": "Protocols",
            "label": "B_Section"
        },
        {
            "index": 8,
            "bbox": [
                [
                    118,
                    536
                ],
                [
                    118,
                    564
                ],
                [
                    189,
                    564
                ],
                [
                    189,
                    536
                ]
            ],
            "text": "Order No.",
            "label": "B_Prop"
        },
        {
            "index": 9,
            "bbox": [
                [
                    118,
                    564
                ],
                [
                    118,
                    589
                ],
                [
                    239,
                    589
                ],
                [
                    239,
                    564
                ]
            ],
            "text": "Type of mounting",
            "label": "B_Prop"
        },
        {
            "index": 10,
            "bbox": [
                [
                    118,
                    584
                ],
                [
                    180,
                    584
                ],
                [
                    180,
                    616
                ],
                [
                    118,
                    616
                ]
            ],
            "text": "Display",
            "label": "B_Prop"
        },
        {
            "index": 11,
            "bbox": [
                [
                    118,
                    635
                ],
                [
                    118,
                    682
                ],
                [
                    340,
                    682
                ],
                [
                    340,
                    635
                ]
            ],
            "text": "Measuring range, Voltagel L-N,AC (without transducer)",
            "label": "B_Prop"
        },
        {
            "index": 12,
            "bbox": [
                [
                    118,
                    685
                ],
                [
                    118,
                    735
                ],
                [
                    338,
                    735
                ],
                [
                    338,
                    685
                ]
            ],
            "text": "Measuringr range, Voltagel LL,AC (without transducer)",
            "label": "B_Prop"
        },
        {
            "index": 13,
            "bbox": [
                [
                    122,
                    740
                ],
                [
                    122,
                    767
                ],
                [
                    265,
                    767
                ],
                [
                    265,
                    740
                ]
            ],
            "text": "Overvoltage category",
            "label": "B_Prop"
        },
        {
            "index": 14,
            "bbox": [
                [
                    121,
                    760
                ],
                [
                    121,
                    792
                ],
                [
                    267,
                    792
                ],
                [
                    267,
                    760
                ]
            ],
            "text": "Power supply voltage",
            "label": "B_Prop"
        },
        {
            "index": 15,
            "bbox": [
                [
                    118,
                    813
                ],
                [
                    118,
                    838
                ],
                [
                    198,
                    838
                ],
                [
                    198,
                    813
                ]
            ],
            "text": "Three wire",
            "label": "B_Prop"
        },
        {
            "index": 16,
            "bbox": [
                [
                    118,
                    838
                ],
                [
                    118,
                    863
                ],
                [
                    191,
                    863
                ],
                [
                    191,
                    838
                ]
            ],
            "text": "Four wire",
            "label": "B_Prop"
        },
        {
            "index": 17,
            "bbox": [
                [
                    116,
                    858
                ],
                [
                    116,
                    893
                ],
                [
                    324,
                    893
                ],
                [
                    324,
                    858
                ]
            ],
            "text": "Samplingf frequency 50/60Hz",
            "label": "B_Prop"
        },
        {
            "index": 18,
            "bbox": [
                [
                    116,
                    883
                ],
                [
                    116,
                    915
                ],
                [
                    331,
                    915
                ],
                [
                    331,
                    883
                ]
            ],
            "text": "Measurement points pers second",
            "label": "B_Prop"
        },
        {
            "index": 19,
            "bbox": [
                [
                    118,
                    909
                ],
                [
                    118,
                    941
                ],
                [
                    335,
                    941
                ],
                [
                    335,
                    909
                ]
            ],
            "text": "Measurement results per second",
            "label": "B_Prop"
        },
        {
            "index": 20,
            "bbox": [
                [
                    118,
                    936
                ],
                [
                    118,
                    968
                ],
                [
                    331,
                    968
                ],
                [
                    331,
                    936
                ]
            ],
            "text": "Measuring accuracy for voltage",
            "label": "B_Prop"
        },
        {
            "index": 21,
            "bbox": [
                [
                    116,
                    959
                ],
                [
                    116,
                    993
                ],
                [
                    326,
                    993
                ],
                [
                    326,
                    959
                ]
            ],
            "text": "Measuring accuracy for current",
            "label": "B_Prop"
        },
        {
            "index": 22,
            "bbox": [
                [
                    118,
                    984
                ],
                [
                    118,
                    1018
                ],
                [
                    283,
                    1018
                ],
                [
                    283,
                    984
                ]
            ],
            "text": "Number rof fdigitali inputs",
            "label": "B_Prop"
        },
        {
            "index": 23,
            "bbox": [
                [
                    121,
                    1011
                ],
                [
                    121,
                    1043
                ],
                [
                    292,
                    1043
                ],
                [
                    292,
                    1011
                ]
            ],
            "text": "Number rof digital outputs",
            "label": "B_Prop"
        },
        {
            "index": 24,
            "bbox": [
                [
                    118,
                    1037
                ],
                [
                    118,
                    1068
                ],
                [
                    285,
                    1068
                ],
                [
                    285,
                    1037
                ]
            ],
            "text": "Number rof pulse outputs",
            "label": "B_Prop"
        },
        {
            "index": 25,
            "bbox": [
                [
                    118,
                    1059
                ],
                [
                    118,
                    1089
                ],
                [
                    319,
                    1089
                ],
                [
                    319,
                    1059
                ]
            ],
            "text": "Current measurement channel",
            "label": "B_Prop"
        },
        {
            "index": 26,
            "bbox": [
                [
                    116,
                    1084
                ],
                [
                    116,
                    1116
                ],
                [
                    246,
                    1116
                ],
                [
                    246,
                    1084
                ]
            ],
            "text": "Temperature input",
            "label": "B_Prop"
        },
        {
            "index": 27,
            "bbox": [
                [
                    118,
                    1110
                ],
                [
                    118,
                    1142
                ],
                [
                    212,
                    1142
                ],
                [
                    212,
                    1110
                ]
            ],
            "text": "Memorys size",
            "label": "B_Prop"
        },
        {
            "index": 28,
            "bbox": [
                [
                    118,
                    1137
                ],
                [
                    118,
                    1164
                ],
                [
                    297,
                    1164
                ],
                [
                    297,
                    1137
                ]
            ],
            "text": "Number ofr memory values",
            "label": "B_Prop"
        },
        {
            "index": 29,
            "bbox": [
                [
                    118,
                    1187
                ],
                [
                    176,
                    1187
                ],
                [
                    176,
                    1212
                ],
                [
                    118,
                    1212
                ]
            ],
            "text": "RS232",
            "label": "B_Prop"
        },
        {
            "index": 30,
            "bbox": [
                [
                    121,
                    1212
                ],
                [
                    173,
                    1212
                ],
                [
                    173,
                    1238
                ],
                [
                    121,
                    1238
                ]
            ],
            "text": "RS485",
            "label": "B_Prop"
        },
        {
            "index": 31,
            "bbox": [
                [
                    116,
                    1238
                ],
                [
                    160,
                    1238
                ],
                [
                    160,
                    1263
                ],
                [
                    116,
                    1263
                ]
            ],
            "text": "USB",
            "label": "B_Prop"
        },
        {
            "index": 32,
            "bbox": [
                [
                    118,
                    1260
                ],
                [
                    118,
                    1288
                ],
                [
                    205,
                    1288
                ],
                [
                    205,
                    1260
                ]
            ],
            "text": "Profibus DP",
            "label": "B_Prop"
        },
        {
            "index": 33,
            "bbox": [
                [
                    118,
                    1288
                ],
                [
                    185,
                    1288
                ],
                [
                    185,
                    1313
                ],
                [
                    118,
                    1313
                ]
            ],
            "text": "Ethernet",
            "label": "B_Prop"
        },
        {
            "index": 34,
            "bbox": [
                [
                    116,
                    1308
                ],
                [
                    116,
                    1340
                ],
                [
                    251,
                    1340
                ],
                [
                    251,
                    1308
                ]
            ],
            "text": "Webserver /E-Mail",
            "label": "B_Prop"
        },
        {
            "index": 35,
            "bbox": [
                [
                    121,
                    1361
                ],
                [
                    121,
                    1386
                ],
                [
                    212,
                    1386
                ],
                [
                    212,
                    1361
                ]
            ],
            "text": "Modbus RTU",
            "label": "B_Prop"
        },
        {
            "index": 36,
            "bbox": [
                [
                    118,
                    1384
                ],
                [
                    242,
                    1384
                ],
                [
                    242,
                    1416
                ],
                [
                    118,
                    1416
                ]
            ],
            "text": "Madbus-Gateway",
            "label": "B_Prop"
        },
        {
            "index": 37,
            "bbox": [
                [
                    118,
                    1411
                ],
                [
                    118,
                    1439
                ],
                [
                    226,
                    1439
                ],
                [
                    226,
                    1411
                ]
            ],
            "text": "Profibus DPVO",
            "label": "B_Prop"
        },
        {
            "index": 38,
            "bbox": [
                [
                    121,
                    1434
                ],
                [
                    121,
                    1466
                ],
                [
                    408,
                    1466
                ],
                [
                    408,
                    1434
                ]
            ],
            "text": "Modbus TCP/IP, Modbus RTU over Ethernet",
            "label": "B_Prop"
        },
        {
            "index": 39,
            "bbox": [
                [
                    118,
                    1461
                ],
                [
                    173,
                    1461
                ],
                [
                    173,
                    1487
                ],
                [
                    118,
                    1487
                ]
            ],
            "text": "SNMP",
            "label": "B_Prop"
        },
        {
            "index": 40,
            "bbox": [
                [
                    118,
                    1484
                ],
                [
                    118,
                    1516
                ],
                [
                    244,
                    1516
                ],
                [
                    244,
                    1484
                ]
            ],
            "text": "BACnet (optional)",
            "label": "B_Prop"
        },
        {
            "index": 41,
            "bbox": [
                [
                    121,
                    1512
                ],
                [
                    180,
                    1512
                ],
                [
                    180,
                    1537
                ],
                [
                    121,
                    1537
                ]
            ],
            "text": "Profinet",
            "label": "B_Prop"
        },
        {
            "index": 42,
            "bbox": [
                [
                    525,
                    534
                ],
                [
                    630,
                    534
                ],
                [
                    630,
                    566
                ],
                [
                    525,
                    566
                ]
            ],
            "text": "2540830000",
            "label": "B_Value"
        },
        {
            "index": 43,
            "bbox": [
                [
                    799,
                    534
                ],
                [
                    904,
                    534
                ],
                [
                    904,
                    564
                ],
                [
                    799,
                    564
                ]
            ],
            "text": "2425490000",
            "label": "B_Value"
        },
        {
            "index": 44,
            "bbox": [
                [
                    1005,
                    534
                ],
                [
                    1107,
                    534
                ],
                [
                    1107,
                    564
                ],
                [
                    1005,
                    564
                ]
            ],
            "text": "2500860000",
            "label": "B_Value"
        },
        {
            "index": 45,
            "bbox": [
                [
                    1142,
                    534
                ],
                [
                    1245,
                    534
                ],
                [
                    1245,
                    564
                ],
                [
                    1142,
                    564
                ]
            ],
            "text": "2500880000",
            "label": "B_Value"
        },
        {
            "index": 46,
            "bbox": [
                [
                    1279,
                    534
                ],
                [
                    1382,
                    534
                ],
                [
                    1382,
                    564
                ],
                [
                    1279,
                    564
                ]
            ],
            "text": "3008100000",
            "label": "B_Value"
        },
        {
            "index": 47,
            "bbox": [
                [
                    1416,
                    534
                ],
                [
                    1519,
                    534
                ],
                [
                    1519,
                    564
                ],
                [
                    1416,
                    564
                ]
            ],
            "text": "3008130000",
            "label": "B_Value"
        },
        {
            "index": 48,
            "bbox": [
                [
                    552,
                    561
                ],
                [
                    610,
                    561
                ],
                [
                    610,
                    587
                ],
                [
                    552,
                    587
                ]
            ],
            "text": "DINrail",
            "label": "B_Value"
        },
        {
            "index": 49,
            "bbox": [
                [
                    827,
                    561
                ],
                [
                    884,
                    561
                ],
                [
                    884,
                    587
                ],
                [
                    827,
                    587
                ]
            ],
            "text": "DINrail",
            "label": "B_Value"
        },
        {
            "index": 50,
            "bbox": [
                [
                    1057,
                    561
                ],
                [
                    1057,
                    589
                ],
                [
                    1201,
                    589
                ],
                [
                    1201,
                    561
                ]
            ],
            "text": "Front panel mounting",
            "label": "B_Value"
        },
        {
            "index": 51,
            "bbox": [
                [
                    1331,
                    561
                ],
                [
                    1331,
                    589
                ],
                [
                    1473,
                    589
                ],
                [
                    1473,
                    561
                ]
            ],
            "text": "Front panel mounting",
            "label": "B_Value"
        },
        {
            "index": 52,
            "bbox": [
                [
                    564,
                    587
                ],
                [
                    600,
                    587
                ],
                [
                    600,
                    612
                ],
                [
                    564,
                    612
                ]
            ],
            "text": "LCD",
            "label": "B_Value"
        },
        {
            "index": 53,
            "bbox": [
                [
                    838,
                    587
                ],
                [
                    872,
                    587
                ],
                [
                    872,
                    612
                ],
                [
                    838,
                    612
                ]
            ],
            "text": "LCD",
            "label": "B_Value"
        },
        {
            "index": 54,
            "bbox": [
                [
                    1110,
                    587
                ],
                [
                    1146,
                    587
                ],
                [
                    1146,
                    612
                ],
                [
                    1110,
                    612
                ]
            ],
            "text": "LCD",
            "label": "B_Value"
        },
        {
            "index": 55,
            "bbox": [
                [
                    1384,
                    587
                ],
                [
                    1420,
                    587
                ],
                [
                    1420,
                    612
                ],
                [
                    1384,
                    612
                ]
            ],
            "text": "LCD",
            "label": "B_Value"
        },
        {
            "index": 56,
            "bbox": [
                [
                    555,
                    650
                ],
                [
                    603,
                    650
                ],
                [
                    603,
                    673
                ],
                [
                    555,
                    673
                ]
            ],
            "text": "277V",
            "label": "B_Value"
        },
        {
            "index": 57,
            "bbox": [
                [
                    827,
                    650
                ],
                [
                    874,
                    650
                ],
                [
                    874,
                    673
                ],
                [
                    827,
                    673
                ]
            ],
            "text": "277V",
            "label": "B_Value"
        },
        {
            "index": 58,
            "bbox": [
                [
                    1101,
                    650
                ],
                [
                    1149,
                    650
                ],
                [
                    1149,
                    673
                ],
                [
                    1101,
                    673
                ]
            ],
            "text": "277V",
            "label": "B_Value"
        },
        {
            "index": 59,
            "bbox": [
                [
                    1375,
                    650
                ],
                [
                    1423,
                    650
                ],
                [
                    1423,
                    673
                ],
                [
                    1375,
                    673
                ]
            ],
            "text": "277V",
            "label": "B_Value"
        },
        {
            "index": 60,
            "bbox": [
                [
                    552,
                    701
                ],
                [
                    603,
                    701
                ],
                [
                    603,
                    724
                ],
                [
                    552,
                    724
                ]
            ],
            "text": "480V",
            "label": "B_Value"
        },
        {
            "index": 61,
            "bbox": [
                [
                    827,
                    701
                ],
                [
                    877,
                    701
                ],
                [
                    877,
                    724
                ],
                [
                    827,
                    724
                ]
            ],
            "text": "480V",
            "label": "B_Value"
        },
        {
            "index": 62,
            "bbox": [
                [
                    1101,
                    701
                ],
                [
                    1151,
                    701
                ],
                [
                    1151,
                    724
                ],
                [
                    1101,
                    724
                ]
            ],
            "text": "480V",
            "label": "B_Value"
        },
        {
            "index": 63,
            "bbox": [
                [
                    1375,
                    701
                ],
                [
                    1425,
                    701
                ],
                [
                    1425,
                    724
                ],
                [
                    1375,
                    724
                ]
            ],
            "text": "480V",
            "label": "B_Value"
        },
        {
            "index": 64,
            "bbox": [
                [
                    532,
                    737
                ],
                [
                    532,
                    762
                ],
                [
                    621,
                    762
                ],
                [
                    621,
                    737
                ]
            ],
            "text": "300VCAT Ill",
            "label": "B_Value"
        },
        {
            "index": 65,
            "bbox": [
                [
                    804,
                    735
                ],
                [
                    900,
                    735
                ],
                [
                    900,
                    765
                ],
                [
                    804,
                    765
                ]
            ],
            "text": "300VCATIII",
            "label": "B_Value"
        },
        {
            "index": 66,
            "bbox": [
                [
                    1078,
                    735
                ],
                [
                    1174,
                    735
                ],
                [
                    1174,
                    765
                ],
                [
                    1078,
                    765
                ]
            ],
            "text": "300VCATIII",
            "label": "B_Value"
        },
        {
            "index": 67,
            "bbox": [
                [
                    1352,
                    735
                ],
                [
                    1448,
                    735
                ],
                [
                    1448,
                    765
                ],
                [
                    1352,
                    765
                ]
            ],
            "text": "300VCATIII",
            "label": "B_Value"
        },
        {
            "index": 68,
            "bbox": [
                [
                    742,
                    760
                ],
                [
                    854,
                    760
                ],
                [
                    854,
                    790
                ],
                [
                    742,
                    790
                ]
            ],
            "text": "95-240VAC;",
            "label": "B_Value"
        },
        {
            "index": 69,
            "bbox": [
                [
                    847,
                    760
                ],
                [
                    959,
                    760
                ],
                [
                    959,
                    790
                ],
                [
                    847,
                    790
                ]
            ],
            "text": "135-340VDC",
            "label": "B_Value"
        },
        {
            "index": 70,
            "bbox": [
                [
                    1005,
                    760
                ],
                [
                    1107,
                    760
                ],
                [
                    1107,
                    790
                ],
                [
                    1005,
                    790
                ]
            ],
            "text": "24-90VAC;",
            "label": "B_Value"
        },
        {
            "index": 71,
            "bbox": [
                [
                    1137,
                    760
                ],
                [
                    1249,
                    760
                ],
                [
                    1249,
                    790
                ],
                [
                    1137,
                    790
                ]
            ],
            "text": "90-277VAC;",
            "label": "B_Value"
        },
        {
            "index": 72,
            "bbox": [
                [
                    1281,
                    765
                ],
                [
                    1379,
                    765
                ],
                [
                    1379,
                    788
                ],
                [
                    1281,
                    788
                ]
            ],
            "text": "24-90VAC;",
            "label": "B_Value"
        },
        {
            "index": 73,
            "bbox": [
                [
                    1411,
                    760
                ],
                [
                    1521,
                    760
                ],
                [
                    1521,
                    790
                ],
                [
                    1411,
                    790
                ]
            ],
            "text": "90-277VAC;",
            "label": "B_Value"
        },
        {
            "index": 74,
            "bbox": [
                [
                    1007,
                    783
                ],
                [
                    1107,
                    783
                ],
                [
                    1107,
                    813
                ],
                [
                    1007,
                    813
                ]
            ],
            "text": "24-90VDC",
            "label": "B_Value"
        },
        {
            "index": 75,
            "bbox": [
                [
                    1139,
                    783
                ],
                [
                    1247,
                    783
                ],
                [
                    1247,
                    813
                ],
                [
                    1139,
                    813
                ]
            ],
            "text": "90-250VDC",
            "label": "B_Value"
        },
        {
            "index": 76,
            "bbox": [
                [
                    1283,
                    785
                ],
                [
                    1283,
                    810
                ],
                [
                    1377,
                    810
                ],
                [
                    1377,
                    785
                ]
            ],
            "text": "24- 90VDC",
            "label": "B_Value"
        },
        {
            "index": 77,
            "bbox": [
                [
                    1411,
                    783
                ],
                [
                    1521,
                    783
                ],
                [
                    1521,
                    813
                ],
                [
                    1411,
                    813
                ]
            ],
            "text": "90-250VDC",
            "label": "B_Value"
        },
        {
            "index": 78,
            "bbox": [
                [
                    550,
                    863
                ],
                [
                    607,
                    863
                ],
                [
                    607,
                    888
                ],
                [
                    550,
                    888
                ]
            ],
            "text": "5.4kHz",
            "label": "B_Value"
        },
        {
            "index": 79,
            "bbox": [
                [
                    824,
                    863
                ],
                [
                    824,
                    888
                ],
                [
                    879,
                    888
                ],
                [
                    879,
                    863
                ]
            ],
            "text": "20k kHz",
            "label": "B_Value"
        },
        {
            "index": 80,
            "bbox": [
                [
                    1062,
                    858
                ],
                [
                    1187,
                    858
                ],
                [
                    1187,
                    890
                ],
                [
                    1062,
                    890
                ]
            ],
            "text": "21.33/25.6kHz",
            "label": "B_Value"
        },
        {
            "index": 81,
            "bbox": [
                [
                    1343,
                    863
                ],
                [
                    1457,
                    863
                ],
                [
                    1457,
                    886
                ],
                [
                    1343,
                    886
                ]
            ],
            "text": "21.33/25.6KH",
            "label": "B_Value"
        },
        {
            "index": 82,
            "bbox": [
                [
                    555,
                    888
                ],
                [
                    603,
                    888
                ],
                [
                    603,
                    913
                ],
                [
                    555,
                    913
                ]
            ],
            "text": "5.400",
            "label": "B_Value"
        },
        {
            "index": 83,
            "bbox": [
                [
                    822,
                    888
                ],
                [
                    879,
                    888
                ],
                [
                    879,
                    913
                ],
                [
                    822,
                    913
                ]
            ],
            "text": "20.000",
            "label": "B_Value"
        },
        {
            "index": 84,
            "bbox": [
                [
                    1066,
                    888
                ],
                [
                    1183,
                    888
                ],
                [
                    1183,
                    911
                ],
                [
                    1066,
                    911
                ]
            ],
            "text": "21.330/25.600",
            "label": "B_Value"
        },
        {
            "index": 85,
            "bbox": [
                [
                    1338,
                    888
                ],
                [
                    1457,
                    888
                ],
                [
                    1457,
                    911
                ],
                [
                    1338,
                    911
                ]
            ],
            "text": "21.330/25.600",
            "label": "B_Value"
        },
        {
            "index": 86,
            "bbox": [
                [
                    568,
                    913
                ],
                [
                    587,
                    913
                ],
                [
                    587,
                    934
                ],
                [
                    568,
                    934
                ]
            ],
            "text": "5",
            "label": "B_Value"
        },
        {
            "index": 87,
            "bbox": [
                [
                    842,
                    913
                ],
                [
                    861,
                    913
                ],
                [
                    861,
                    934
                ],
                [
                    842,
                    934
                ]
            ],
            "text": "5",
            "label": "B_Value"
        },
        {
            "index": 88,
            "bbox": [
                [
                    1117,
                    913
                ],
                [
                    1135,
                    913
                ],
                [
                    1135,
                    934
                ],
                [
                    1117,
                    934
                ]
            ],
            "text": "5",
            "label": "B_Value"
        },
        {
            "index": 89,
            "bbox": [
                [
                    1388,
                    913
                ],
                [
                    1407,
                    913
                ],
                [
                    1407,
                    934
                ],
                [
                    1388,
                    934
                ]
            ],
            "text": "5",
            "label": "B_Value"
        },
        {
            "index": 90,
            "bbox": [
                [
                    552,
                    938
                ],
                [
                    603,
                    938
                ],
                [
                    603,
                    963
                ],
                [
                    552,
                    963
                ]
            ],
            "text": "0.20%",
            "label": "B_Value"
        },
        {
            "index": 91,
            "bbox": [
                [
                    827,
                    938
                ],
                [
                    877,
                    938
                ],
                [
                    877,
                    963
                ],
                [
                    827,
                    963
                ]
            ],
            "text": "0.20%",
            "label": "B_Value"
        },
        {
            "index": 92,
            "bbox": [
                [
                    1098,
                    938
                ],
                [
                    1151,
                    938
                ],
                [
                    1151,
                    961
                ],
                [
                    1098,
                    961
                ]
            ],
            "text": "0.20%",
            "label": "B_Value"
        },
        {
            "index": 93,
            "bbox": [
                [
                    1372,
                    936
                ],
                [
                    1423,
                    936
                ],
                [
                    1423,
                    963
                ],
                [
                    1372,
                    963
                ]
            ],
            "text": "0.20%",
            "label": "B_Value"
        },
        {
            "index": 94,
            "bbox": [
                [
                    552,
                    961
                ],
                [
                    605,
                    961
                ],
                [
                    605,
                    986
                ],
                [
                    552,
                    986
                ]
            ],
            "text": "0.20%",
            "label": "B_Value"
        },
        {
            "index": 95,
            "bbox": [
                [
                    824,
                    961
                ],
                [
                    877,
                    961
                ],
                [
                    877,
                    986
                ],
                [
                    824,
                    986
                ]
            ],
            "text": "0.25%",
            "label": "B_Value"
        },
        {
            "index": 96,
            "bbox": [
                [
                    1098,
                    961
                ],
                [
                    1151,
                    961
                ],
                [
                    1151,
                    986
                ],
                [
                    1098,
                    986
                ]
            ],
            "text": "0.20%",
            "label": "B_Value"
        },
        {
            "index": 97,
            "bbox": [
                [
                    1372,
                    961
                ],
                [
                    1425,
                    961
                ],
                [
                    1425,
                    986
                ],
                [
                    1372,
                    986
                ]
            ],
            "text": "0.20%",
            "label": "B_Value"
        },
        {
            "index": 98,
            "bbox": [
                [
                    842,
                    989
                ],
                [
                    858,
                    989
                ],
                [
                    858,
                    1009
                ],
                [
                    842,
                    1009
                ]
            ],
            "text": "2",
            "label": "B_Value"
        },
        {
            "index": 99,
            "bbox": [
                [
                    840,
                    1014
                ],
                [
                    858,
                    1014
                ],
                [
                    858,
                    1037
                ],
                [
                    840,
                    1037
                ]
            ],
            "text": "2",
            "label": "B_Value"
        },
        {
            "index": 100,
            "bbox": [
                [
                    1114,
                    1014
                ],
                [
                    1133,
                    1014
                ],
                [
                    1133,
                    1037
                ],
                [
                    1114,
                    1037
                ]
            ],
            "text": "2",
            "label": "B_Value"
        },
        {
            "index": 101,
            "bbox": [
                [
                    842,
                    1039
                ],
                [
                    858,
                    1039
                ],
                [
                    858,
                    1062
                ],
                [
                    842,
                    1062
                ]
            ],
            "text": "2",
            "label": "B_Value"
        },
        {
            "index": 102,
            "bbox": [
                [
                    1117,
                    1039
                ],
                [
                    1133,
                    1039
                ],
                [
                    1133,
                    1062
                ],
                [
                    1117,
                    1062
                ]
            ],
            "text": "2",
            "label": "B_Value"
        },
        {
            "index": 103,
            "bbox": [
                [
                    568,
                    1064
                ],
                [
                    587,
                    1064
                ],
                [
                    587,
                    1084
                ],
                [
                    568,
                    1084
                ]
            ],
            "text": "3",
            "label": "B_Value"
        },
        {
            "index": 104,
            "bbox": [
                [
                    842,
                    1064
                ],
                [
                    858,
                    1064
                ],
                [
                    858,
                    1084
                ],
                [
                    842,
                    1084
                ]
            ],
            "text": "4",
            "label": "B_Value"
        },
        {
            "index": 105,
            "bbox": [
                [
                    1117,
                    1064
                ],
                [
                    1133,
                    1064
                ],
                [
                    1133,
                    1084
                ],
                [
                    1117,
                    1084
                ]
            ],
            "text": "3",
            "label": "B_Value"
        },
        {
            "index": 106,
            "bbox": [
                [
                    1388,
                    1064
                ],
                [
                    1407,
                    1064
                ],
                [
                    1407,
                    1084
                ],
                [
                    1388,
                    1084
                ]
            ],
            "text": "3",
            "label": "B_Value"
        },
        {
            "index": 107,
            "bbox": [
                [
                    845,
                    1094
                ],
                [
                    858,
                    1094
                ],
                [
                    858,
                    1107
                ],
                [
                    845,
                    1107
                ]
            ],
            "text": "1",
            "label": "B_Value"
        },
        {
            "index": 108,
            "bbox": [
                [
                    539,
                    1112
                ],
                [
                    539,
                    1137
                ],
                [
                    619,
                    1137
                ],
                [
                    619,
                    1112
                ]
            ],
            "text": "4MB Flash",
            "label": "B_Value"
        },
        {
            "index": 109,
            "bbox": [
                [
                    813,
                    1112
                ],
                [
                    813,
                    1137
                ],
                [
                    890,
                    1137
                ],
                [
                    890,
                    1112
                ]
            ],
            "text": "4MB Flash",
            "label": "B_Value"
        },
        {
            "index": 110,
            "bbox": [
                [
                    555,
                    1137
                ],
                [
                    603,
                    1137
                ],
                [
                    603,
                    1162
                ],
                [
                    555,
                    1162
                ]
            ],
            "text": "160k",
            "label": "B_Value"
        },
        {
            "index": 111,
            "bbox": [
                [
                    829,
                    1137
                ],
                [
                    877,
                    1137
                ],
                [
                    877,
                    1164
                ],
                [
                    829,
                    1164
                ]
            ],
            "text": "156k",
            "label": "B_Value"
        }
    ]
}