{
    "datasheet": [
        {
            "index": 0,
            "bbox": [
                [
                    112,
                    628
                ],
                [
                    112,
                    660
                ],
                [
                    265,
                    660
                ],
                [
                    265,
                    628
                ]
            ],
            "text": "SV/S 30.160.1.1",
            "label": "B_Ref"
        },
        {
            "index": 1,
            "bbox": [
                [
                    849,
                    744
                ],
                [
                    849,
                    774
                ],
                [
                    1002,
                    774
                ],
                [
                    1002,
                    744
                ]
            ],
            "text": "SV/S 30.160.1.1",
            "label": "B_Ref"
        },
        {
            "index": 2,
            "bbox": [
                [
                    112,
                    1075
                ],
                [
                    112,
                    1107
                ],
                [
                    262,
                    1107
                ],
                [
                    262,
                    1075
                ]
            ],
            "text": "SV/S 30.320.1.1",
            "label": "B_Ref"
        },
        {
            "index": 3,
            "bbox": [
                [
                    847,
                    1194
                ],
                [
                    847,
                    1226
                ],
                [
                    1002,
                    1226
                ],
                [
                    1002,
                    1194
                ]
            ],
            "text": "SV/S 30.320.1.1",
            "label": "B_Ref"
        },
        {
            "index": 4,
            "bbox": [
                [
                    112,
                    1525
                ],
                [
                    112,
                    1557
                ],
                [
                    267,
                    1557
                ],
                [
                    267,
                    1525
                ]
            ],
            "text": "SV/S 30.640.3.1",
            "label": "B_Ref"
        },
        {
            "index": 5,
            "bbox": [
                [
                    847,
                    1745
                ],
                [
                    847,
                    1777
                ],
                [
                    1007,
                    1777
                ],
                [
                    1007,
                    1745
                ]
            ],
            "text": "SV/S 30.640.3.1",
            "label": "B_Ref"
        },
        {
            "index": 6,
            "bbox": [
                [
                    477,
                    395
                ],
                [
                    477,
                    429
                ],
                [
                    824,
                    429
                ],
                [
                    824,
                    395
                ]
            ],
            "text": "Power Supply, 160 mA, MDRC",
            "label": "B_Section"
        },
        {
            "index": 7,
            "bbox": [
                [
                    484,
                    637
                ],
                [
                    610,
                    637
                ],
                [
                    610,
                    666
                ],
                [
                    484,
                    666
                ]
            ],
            "text": "Description",
            "label": "B_Section"
        },
        {
            "index": 8,
            "bbox": [
                [
                    475,
                    845
                ],
                [
                    475,
                    879
                ],
                [
                    827,
                    879
                ],
                [
                    827,
                    845
                ]
            ],
            "text": "Power Supply, 320 mA, MDRC",
            "label": "B_Section"
        },
        {
            "index": 9,
            "bbox": [
                [
                    486,
                    1087
                ],
                [
                    610,
                    1087
                ],
                [
                    610,
                    1116
                ],
                [
                    486,
                    1116
                ]
            ],
            "text": "Description",
            "label": "B_Section"
        },
        {
            "index": 10,
            "bbox": [
                [
                    477,
                    1295
                ],
                [
                    477,
                    1329
                ],
                [
                    827,
                    1329
                ],
                [
                    827,
                    1295
                ]
            ],
            "text": "Power Supply, 640 mA, MDRC",
            "label": "B_Section"
        },
        {
            "index": 11,
            "bbox": [
                [
                    486,
                    1635
                ],
                [
                    610,
                    1635
                ],
                [
                    610,
                    1665
                ],
                [
                    486,
                    1665
                ]
            ],
            "text": "Description",
            "label": "B_Section"
        },
        {
            "index": 12,
            "bbox": [
                [
                    769,
                    637
                ],
                [
                    769,
                    687
                ],
                [
                    833,
                    687
                ],
                [
                    833,
                    637
                ]
            ],
            "text": "Mod. width",
            "label": "B_Prop"
        },
        {
            "index": 13,
            "bbox": [
                [
                    849,
                    637
                ],
                [
                    849,
                    662
                ],
                [
                    984,
                    662
                ],
                [
                    984,
                    637
                ]
            ],
            "text": "Order details",
            "label": "B_Prop"
        },
        {
            "index": 14,
            "bbox": [
                [
                    1245,
                    637
                ],
                [
                    1245,
                    692
                ],
                [
                    1322,
                    692
                ],
                [
                    1322,
                    637
                ]
            ],
            "text": "Price 1 piece",
            "label": "B_Prop"
        },
        {
            "index": 15,
            "bbox": [
                [
                    1332,
                    635
                ],
                [
                    1332,
                    691
                ],
                [
                    1415,
                    691
                ],
                [
                    1415,
                    635
                ]
            ],
            "text": "Weight 1 piece",
            "label": "B_Prop"
        },
        {
            "index": 16,
            "bbox": [
                [
                    1439,
                    637
                ],
                [
                    1439,
                    687
                ],
                [
                    1493,
                    687
                ],
                [
                    1493,
                    637
                ]
            ],
            "text": "Pack unit",
            "label": "B_Prop"
        },
        {
            "index": 17,
            "bbox": [
                [
                    845,
                    710
                ],
                [
                    845,
                    744
                ],
                [
                    957,
                    744
                ],
                [
                    957,
                    710
                ]
            ],
            "text": "Type code",
            "label": "B_Prop"
        },
        {
            "index": 18,
            "bbox": [
                [
                    1037,
                    712
                ],
                [
                    1037,
                    737
                ],
                [
                    1155,
                    737
                ],
                [
                    1155,
                    712
                ]
            ],
            "text": "Order code",
            "label": "B_Prop"
        },
        {
            "index": 19,
            "bbox": [
                [
                    1302,
                    712
                ],
                [
                    1302,
                    742
                ],
                [
                    1361,
                    742
                ],
                [
                    1361,
                    712
                ]
            ],
            "text": "€ kg",
            "label": "B_Prop"
        },
        {
            "index": 20,
            "bbox": [
                [
                    1439,
                    714
                ],
                [
                    1477,
                    714
                ],
                [
                    1477,
                    742
                ],
                [
                    1439,
                    742
                ]
            ],
            "text": "pc.",
            "label": "B_Prop"
        },
        {
            "index": 21,
            "bbox": [
                [
                    769,
                    1087
                ],
                [
                    769,
                    1137
                ],
                [
                    833,
                    1137
                ],
                [
                    833,
                    1087
                ]
            ],
            "text": "Mod. width",
            "label": "B_Prop"
        },
        {
            "index": 22,
            "bbox": [
                [
                    847,
                    1087
                ],
                [
                    847,
                    1112
                ],
                [
                    984,
                    1112
                ],
                [
                    984,
                    1087
                ]
            ],
            "text": "Order details",
            "label": "B_Prop"
        },
        {
            "index": 23,
            "bbox": [
                [
                    1246,
                    1093
                ],
                [
                    1246,
                    1136
                ],
                [
                    1320,
                    1136
                ],
                [
                    1320,
                    1093
                ]
            ],
            "text": "Price 1 piece",
            "label": "B_Prop"
        },
        {
            "index": 24,
            "bbox": [
                [
                    1338,
                    1083
                ],
                [
                    1338,
                    1141
                ],
                [
                    1423,
                    1141
                ],
                [
                    1423,
                    1083
                ]
            ],
            "text": "Weight 1 piece",
            "label": "B_Prop"
        },
        {
            "index": 25,
            "bbox": [
                [
                    1439,
                    1087
                ],
                [
                    1439,
                    1137
                ],
                [
                    1493,
                    1137
                ],
                [
                    1493,
                    1087
                ]
            ],
            "text": "Pack unit",
            "label": "B_Prop"
        },
        {
            "index": 26,
            "bbox": [
                [
                    845,
                    1160
                ],
                [
                    845,
                    1194
                ],
                [
                    954,
                    1194
                ],
                [
                    954,
                    1160
                ]
            ],
            "text": "Type code",
            "label": "B_Prop"
        },
        {
            "index": 27,
            "bbox": [
                [
                    1037,
                    1162
                ],
                [
                    1037,
                    1187
                ],
                [
                    1153,
                    1187
                ],
                [
                    1153,
                    1162
                ]
            ],
            "text": "Order code",
            "label": "B_Prop"
        },
        {
            "index": 28,
            "bbox": [
                [
                    1299,
                    1160
                ],
                [
                    1299,
                    1190
                ],
                [
                    1361,
                    1190
                ],
                [
                    1361,
                    1160
                ]
            ],
            "text": "€ kg",
            "label": "B_Prop"
        },
        {
            "index": 29,
            "bbox": [
                [
                    1436,
                    1164
                ],
                [
                    1477,
                    1164
                ],
                [
                    1477,
                    1190
                ],
                [
                    1436,
                    1190
                ]
            ],
            "text": "pc.",
            "label": "B_Prop"
        },
        {
            "index": 30,
            "bbox": [
                [
                    767,
                    1635
                ],
                [
                    767,
                    1690
                ],
                [
                    836,
                    1690
                ],
                [
                    836,
                    1635
                ]
            ],
            "text": "Mod. width",
            "label": "B_Prop"
        },
        {
            "index": 31,
            "bbox": [
                [
                    849,
                    1637
                ],
                [
                    849,
                    1660
                ],
                [
                    984,
                    1660
                ],
                [
                    984,
                    1637
                ]
            ],
            "text": "Order details",
            "label": "B_Prop"
        },
        {
            "index": 32,
            "bbox": [
                [
                    1245,
                    1637
                ],
                [
                    1245,
                    1692
                ],
                [
                    1324,
                    1692
                ],
                [
                    1324,
                    1637
                ]
            ],
            "text": "Price piece 1",
            "label": "B_Prop"
        },
        {
            "index": 33,
            "bbox": [
                [
                    1332,
                    1632
                ],
                [
                    1332,
                    1688
                ],
                [
                    1417,
                    1688
                ],
                [
                    1417,
                    1632
                ]
            ],
            "text": "Weight 1 piece",
            "label": "B_Prop"
        },
        {
            "index": 34,
            "bbox": [
                [
                    1439,
                    1637
                ],
                [
                    1439,
                    1688
                ],
                [
                    1493,
                    1688
                ],
                [
                    1493,
                    1637
                ]
            ],
            "text": "Pack unit",
            "label": "B_Prop"
        },
        {
            "index": 35,
            "bbox": [
                [
                    845,
                    1710
                ],
                [
                    845,
                    1742
                ],
                [
                    954,
                    1742
                ],
                [
                    954,
                    1710
                ]
            ],
            "text": "Type code",
            "label": "B_Prop"
        },
        {
            "index": 36,
            "bbox": [
                [
                    1039,
                    1710
                ],
                [
                    1039,
                    1738
                ],
                [
                    1153,
                    1738
                ],
                [
                    1153,
                    1710
                ]
            ],
            "text": "Order code",
            "label": "B_Prop"
        },
        {
            "index": 37,
            "bbox": [
                [
                    1299,
                    1710
                ],
                [
                    1299,
                    1740
                ],
                [
                    1361,
                    1740
                ],
                [
                    1361,
                    1710
                ]
            ],
            "text": "€ kg",
            "label": "B_Prop"
        },
        {
            "index": 38,
            "bbox": [
                [
                    1439,
                    1715
                ],
                [
                    1477,
                    1715
                ],
                [
                    1477,
                    1740
                ],
                [
                    1439,
                    1740
                ]
            ],
            "text": "pc.",
            "label": "B_Prop"
        },
        {
            "index": 39,
            "bbox": [
                [
                    767,
                    746
                ],
                [
                    795,
                    746
                ],
                [
                    795,
                    772
                ],
                [
                    767,
                    772
                ]
            ],
            "text": "4",
            "label": "B_Value"
        },
        {
            "index": 40,
            "bbox": [
                [
                    1037,
                    749
                ],
                [
                    1222,
                    749
                ],
                [
                    1222,
                    772
                ],
                [
                    1037,
                    772
                ]
            ],
            "text": "2CDG110144R0011",
            "label": "B_Value"
        },
        {
            "index": 41,
            "bbox": [
                [
                    1329,
                    746
                ],
                [
                    1379,
                    746
                ],
                [
                    1379,
                    772
                ],
                [
                    1329,
                    772
                ]
            ],
            "text": "0.30",
            "label": "B_Value"
        },
        {
            "index": 42,
            "bbox": [
                [
                    1439,
                    749
                ],
                [
                    1462,
                    749
                ],
                [
                    1462,
                    772
                ],
                [
                    1439,
                    772
                ]
            ],
            "text": "1",
            "label": "B_Value"
        },
        {
            "index": 43,
            "bbox": [
                [
                    769,
                    1199
                ],
                [
                    792,
                    1199
                ],
                [
                    792,
                    1222
                ],
                [
                    769,
                    1222
                ]
            ],
            "text": "4",
            "label": "B_Value"
        },
        {
            "index": 44,
            "bbox": [
                [
                    1034,
                    1194
                ],
                [
                    1222,
                    1194
                ],
                [
                    1222,
                    1224
                ],
                [
                    1034,
                    1224
                ]
            ],
            "text": "2CDG110166R0011",
            "label": "B_Value"
        },
        {
            "index": 45,
            "bbox": [
                [
                    1329,
                    1196
                ],
                [
                    1377,
                    1196
                ],
                [
                    1377,
                    1222
                ],
                [
                    1329,
                    1222
                ]
            ],
            "text": "0.30",
            "label": "B_Value"
        },
        {
            "index": 46,
            "bbox": [
                [
                    1441,
                    1199
                ],
                [
                    1459,
                    1199
                ],
                [
                    1459,
                    1219
                ],
                [
                    1441,
                    1219
                ]
            ],
            "text": "1",
            "label": "B_Value"
        },
        {
            "index": 47,
            "bbox": [
                [
                    769,
                    1749
                ],
                [
                    788,
                    1749
                ],
                [
                    788,
                    1770
                ],
                [
                    769,
                    1770
                ]
            ],
            "text": "4",
            "label": "B_Value"
        },
        {
            "index": 48,
            "bbox": [
                [
                    1034,
                    1745
                ],
                [
                    1219,
                    1745
                ],
                [
                    1219,
                    1774
                ],
                [
                    1034,
                    1774
                ]
            ],
            "text": "2CDG110167R0011",
            "label": "B_Value"
        },
        {
            "index": 49,
            "bbox": [
                [
                    1329,
                    1747
                ],
                [
                    1377,
                    1747
                ],
                [
                    1377,
                    1772
                ],
                [
                    1329,
                    1772
                ]
            ],
            "text": "0.30",
            "label": "B_Value"
        },
        {
            "index": 50,
            "bbox": [
                [
                    1439,
                    1749
                ],
                [
                    1462,
                    1749
                ],
                [
                    1462,
                    1772
                ],
                [
                    1439,
                    1772
                ]
            ],
            "text": "1",
            "label": "B_Value"
        },
        {
            "index": 51,
            "bbox": [
                [
                    476,
                    427
                ],
                [
                    476,
                    487
                ],
                [
                    1493,
                    487
                ],
                [
                    1493,
                    427
                ]
            ],
            "text": "KNX power supplies generate and monitor the KNX system voltage (SELV). The bus line is integrated decoupled choke. from the power supply by an",
            "label": "B_Descri"
        },
        {
            "index": 52,
            "bbox": [
                [
                    477,
                    493
                ],
                [
                    477,
                    527
                ],
                [
                    1153,
                    527
                ],
                [
                    1153,
                    493
                ]
            ],
            "text": "The voltage output is short-circuit and overload protected.",
            "label": "B_Descri"
        },
        {
            "index": 53,
            "bbox": [
                [
                    474,
                    527
                ],
                [
                    474,
                    596
                ],
                [
                    1505,
                    596
                ],
                [
                    1505,
                    527
                ]
            ],
            "text": "The two-color LED indicates device output status. With two-coloured status indicator and wide input 85...265 AC, 50/60 range from V Hz.",
            "label": "B_Descri"
        },
        {
            "index": 54,
            "bbox": [
                [
                    477,
                    874
                ],
                [
                    477,
                    940
                ],
                [
                    1496,
                    940
                ],
                [
                    1496,
                    874
                ]
            ],
            "text": "KNX power supplies generate and monitor the KNX system voltage (SELV). The bus line is decoupled from supply by integrated choke. the power an",
            "label": "B_Descri"
        },
        {
            "index": 55,
            "bbox": [
                [
                    479,
                    945
                ],
                [
                    479,
                    977
                ],
                [
                    1153,
                    977
                ],
                [
                    1153,
                    945
                ]
            ],
            "text": "The voltage output is short-circuit and overload protected.",
            "label": "B_Descri"
        },
        {
            "index": 56,
            "bbox": [
                [
                    475,
                    977
                ],
                [
                    475,
                    1011
                ],
                [
                    1055,
                    1011
                ],
                [
                    1055,
                    977
                ]
            ],
            "text": "The two-color LED indicates device output status.",
            "label": "B_Descri"
        },
        {
            "index": 57,
            "bbox": [
                [
                    479,
                    1011
                ],
                [
                    479,
                    1046
                ],
                [
                    1471,
                    1046
                ],
                [
                    1471,
                    1011
                ]
            ],
            "text": "With two-coloured status indicator and wide range input from 85...265 V AC, 50/60 Hz.",
            "label": "B_Descri"
        },
        {
            "index": 58,
            "bbox": [
                [
                    476,
                    1327
                ],
                [
                    476,
                    1419
                ],
                [
                    1535,
                    1419
                ],
                [
                    1535,
                    1327
                ]
            ],
            "text": "KNX power supplies generate and monitor the KNX system voltage (SELV). The bus line is decoupled from the power supply by an integrated choke. The voltage output is short-circuit and overload protected.",
            "label": "B_Descri"
        },
        {
            "index": 59,
            "bbox": [
                [
                    475,
                    1427
                ],
                [
                    475,
                    1461
                ],
                [
                    1055,
                    1461
                ],
                [
                    1055,
                    1427
                ]
            ],
            "text": "The two-color LED indicates device output status.",
            "label": "B_Descri"
        },
        {
            "index": 60,
            "bbox": [
                [
                    476,
                    1461
                ],
                [
                    476,
                    1553
                ],
                [
                    1516,
                    1553
                ],
                [
                    1516,
                    1461
                ]
            ],
            "text": "Device type SV/S 30.640.3.1 has an additional 30 V DC short-circuit and overload protected voltage that output used with can be to power an bus line (in a separate choke). additional combination",
            "label": "B_Descri"
        },
        {
            "index": 61,
            "bbox": [
                [
                    477,
                    1560
                ],
                [
                    477,
                    1596
                ],
                [
                    1471,
                    1596
                ],
                [
                    1471,
                    1560
                ]
            ],
            "text": "With two-coloured status indicator and wide range input from 85...265 V AC, 50/60 Hz.",
            "label": "B_Descri"
        }
    ]
}