{
    "datasheet": [
        {
            "index": 0,
            "bbox": [
                [
                    1377,
                    1050
                ],
                [
                    1489,
                    1050
                ],
                [
                    1489,
                    1080
                ],
                [
                    1377,
                    1080
                ]
            ],
            "text": "52000376",
            "label": "B_Ref"
        },
        {
            "index": 1,
            "bbox": [
                [
                    1377,
                    1160
                ],
                [
                    1489,
                    1160
                ],
                [
                    1489,
                    1190
                ],
                [
                    1377,
                    1190
                ]
            ],
            "text": "52000330",
            "label": "B_Ref"
        },
        {
            "index": 2,
            "bbox": [
                [
                    1377,
                    1235
                ],
                [
                    1489,
                    1235
                ],
                [
                    1489,
                    1265
                ],
                [
                    1377,
                    1265
                ]
            ],
            "text": "51900077",
            "label": "B_Ref"
        },
        {
            "index": 3,
            "bbox": [
                [
                    1377,
                    1274
                ],
                [
                    1487,
                    1274
                ],
                [
                    1487,
                    1304
                ],
                [
                    1377,
                    1304
                ]
            ],
            "text": "52000077",
            "label": "B_Ref"
        },
        {
            "index": 4,
            "bbox": [
                [
                    1377,
                    1315
                ],
                [
                    1489,
                    1315
                ],
                [
                    1489,
                    1345
                ],
                [
                    1377,
                    1345
                ]
            ],
            "text": "52100077",
            "label": "B_Ref"
        },
        {
            "index": 5,
            "bbox": [
                [
                    1377,
                    1356
                ],
                [
                    1489,
                    1356
                ],
                [
                    1489,
                    1386
                ],
                [
                    1377,
                    1386
                ]
            ],
            "text": "51900078",
            "label": "B_Ref"
        },
        {
            "index": 6,
            "bbox": [
                [
                    1377,
                    1395
                ],
                [
                    1489,
                    1395
                ],
                [
                    1489,
                    1425
                ],
                [
                    1377,
                    1425
                ]
            ],
            "text": "52000078",
            "label": "B_Ref"
        },
        {
            "index": 7,
            "bbox": [
                [
                    1377,
                    1434
                ],
                [
                    1489,
                    1434
                ],
                [
                    1489,
                    1464
                ],
                [
                    1377,
                    1464
                ]
            ],
            "text": "52100078",
            "label": "B_Ref"
        },
        {
            "index": 8,
            "bbox": [
                [
                    1377,
                    1484
                ],
                [
                    1489,
                    1484
                ],
                [
                    1489,
                    1514
                ],
                [
                    1377,
                    1514
                ]
            ],
            "text": "52000079",
            "label": "B_Ref"
        },
        {
            "index": 9,
            "bbox": [
                [
                    1377,
                    1541
                ],
                [
                    1489,
                    1541
                ],
                [
                    1489,
                    1571
                ],
                [
                    1377,
                    1571
                ]
            ],
            "text": "52100079",
            "label": "B_Ref"
        },
        {
            "index": 10,
            "bbox": [
                [
                    1377,
                    1601
                ],
                [
                    1489,
                    1601
                ],
                [
                    1489,
                    1630
                ],
                [
                    1377,
                    1630
                ]
            ],
            "text": "52000142",
            "label": "B_Ref"
        },
        {
            "index": 11,
            "bbox": [
                [
                    1377,
                    1660
                ],
                [
                    1489,
                    1660
                ],
                [
                    1489,
                    1690
                ],
                [
                    1377,
                    1690
                ]
            ],
            "text": "52100142",
            "label": "B_Ref"
        },
        {
            "index": 12,
            "bbox": [
                [
                    1377,
                    1719
                ],
                [
                    1489,
                    1719
                ],
                [
                    1489,
                    1749
                ],
                [
                    1377,
                    1749
                ]
            ],
            "text": "52000082",
            "label": "B_Ref"
        },
        {
            "index": 13,
            "bbox": [
                [
                    1377,
                    1779
                ],
                [
                    1489,
                    1779
                ],
                [
                    1489,
                    1809
                ],
                [
                    1377,
                    1809
                ]
            ],
            "text": "52100082",
            "label": "B_Ref"
        },
        {
            "index": 14,
            "bbox": [
                [
                    128,
                    271
                ],
                [
                    249,
                    271
                ],
                [
                    249,
                    306
                ],
                [
                    128,
                    306
                ]
            ],
            "text": "General",
            "label": "B_Section"
        },
        {
            "index": 15,
            "bbox": [
                [
                    125,
                    571
                ],
                [
                    125,
                    609
                ],
                [
                    584,
                    609
                ],
                [
                    584,
                    571
                ]
            ],
            "text": "Materials in contact with fluid",
            "label": "B_Section"
        },
        {
            "index": 16,
            "bbox": [
                [
                    121,
                    838
                ],
                [
                    329,
                    838
                ],
                [
                    329,
                    879
                ],
                [
                    121,
                    879
                ]
            ],
            "text": "Specifications",
            "label": "B_Section"
        },
        {
            "index": 17,
            "bbox": [
                [
                    125,
                    306
                ],
                [
                    125,
                    338
                ],
                [
                    354,
                    338
                ],
                [
                    354,
                    306
                ]
            ],
            "text": "Operating pressure",
            "label": "B_Prop"
        },
        {
            "index": 18,
            "bbox": [
                [
                    125,
                    331
                ],
                [
                    125,
                    367
                ],
                [
                    290,
                    367
                ],
                [
                    290,
                    331
                ]
            ],
            "text": "Pilot pressure",
            "label": "B_Prop"
        },
        {
            "index": 19,
            "bbox": [
                [
                    123,
                    360
                ],
                [
                    123,
                    399
                ],
                [
                    454,
                    399
                ],
                [
                    454,
                    360
                ]
            ],
            "text": "Ambient temperature range",
            "label": "B_Prop"
        },
        {
            "index": 20,
            "bbox": [
                [
                    128,
                    392
                ],
                [
                    128,
                    420
                ],
                [
                    255,
                    420
                ],
                [
                    255,
                    392
                ]
            ],
            "text": "Orifice size",
            "label": "B_Prop"
        },
        {
            "index": 21,
            "bbox": [
                [
                    123,
                    418
                ],
                [
                    123,
                    456
                ],
                [
                    333,
                    456
                ],
                [
                    333,
                    418
                ]
            ],
            "text": "Flow (Qv at 6 bar)",
            "label": "B_Prop"
        },
        {
            "index": 22,
            "bbox": [
                [
                    292,
                    456
                ],
                [
                    292,
                    488
                ],
                [
                    388,
                    488
                ],
                [
                    388,
                    456
                ]
            ],
            "text": "fluids (*)",
            "label": "B_Prop"
        },
        {
            "index": 23,
            "bbox": [
                [
                    582,
                    452
                ],
                [
                    582,
                    488
                ],
                [
                    827,
                    488
                ],
                [
                    827,
                    452
                ]
            ],
            "text": "temperature range (TS)",
            "label": "B_Prop"
        },
        {
            "index": 24,
            "bbox": [
                [
                    890,
                    456
                ],
                [
                    890,
                    488
                ],
                [
                    1028,
                    488
                ],
                [
                    1028,
                    456
                ]
            ],
            "text": "materials (*)",
            "label": "B_Prop"
        },
        {
            "index": 25,
            "bbox": [
                [
                    125,
                    637
                ],
                [
                    191,
                    637
                ],
                [
                    191,
                    671
                ],
                [
                    125,
                    671
                ]
            ],
            "text": "Body",
            "label": "B_Prop"
        },
        {
            "index": 26,
            "bbox": [
                [
                    123,
                    664
                ],
                [
                    201,
                    664
                ],
                [
                    201,
                    696
                ],
                [
                    123,
                    696
                ]
            ],
            "text": "Cover",
            "label": "B_Prop"
        },
        {
            "index": 27,
            "bbox": [
                [
                    125,
                    692
                ],
                [
                    125,
                    728
                ],
                [
                    287,
                    728
                ],
                [
                    287,
                    692
                ]
            ],
            "text": "Internal parts",
            "label": "B_Prop"
        },
        {
            "index": 28,
            "bbox": [
                [
                    123,
                    719
                ],
                [
                    191,
                    719
                ],
                [
                    191,
                    751
                ],
                [
                    123,
                    751
                ]
            ],
            "text": "Seals",
            "label": "B_Prop"
        },
        {
            "index": 29,
            "bbox": [
                [
                    509,
                    888
                ],
                [
                    619,
                    888
                ],
                [
                    619,
                    920
                ],
                [
                    509,
                    920
                ]
            ],
            "text": "operators",
            "label": "B_Prop"
        },
        {
            "index": 30,
            "bbox": [
                [
                    957,
                    897
                ],
                [
                    957,
                    947
                ],
                [
                    1030,
                    947
                ],
                [
                    1030,
                    897
                ]
            ],
            "text": "orifice size",
            "label": "B_Prop"
        },
        {
            "index": 31,
            "bbox": [
                [
                    1171,
                    881
                ],
                [
                    1231,
                    881
                ],
                [
                    1231,
                    913
                ],
                [
                    1171,
                    913
                ]
            ],
            "text": "flow",
            "label": "B_Prop"
        },
        {
            "index": 32,
            "bbox": [
                [
                    219,
                    913
                ],
                [
                    219,
                    973
                ],
                [
                    317,
                    973
                ],
                [
                    317,
                    913
                ]
            ],
            "text": "function symbol",
            "label": "B_Prop"
        },
        {
            "index": 33,
            "bbox": [
                [
                    792,
                    918
                ],
                [
                    792,
                    973
                ],
                [
                    849,
                    973
                ],
                [
                    849,
                    918
                ]
            ],
            "text": "pipe size",
            "label": "B_Prop"
        },
        {
            "index": 34,
            "bbox": [
                [
                    1087,
                    922
                ],
                [
                    1087,
                    1002
                ],
                [
                    1174,
                    1002
                ],
                [
                    1174,
                    922
                ]
            ],
            "text": "at 6 bar (l/min) ANR",
            "label": "B_Prop"
        },
        {
            "index": 35,
            "bbox": [
                [
                    1215,
                    920
                ],
                [
                    1215,
                    977
                ],
                [
                    1331,
                    977
                ],
                [
                    1331,
                    920
                ]
            ],
            "text": "flow coefficient",
            "label": "B_Prop"
        },
        {
            "index": 36,
            "bbox": [
                [
                    461,
                    934
                ],
                [
                    461,
                    995
                ],
                [
                    518,
                    995
                ],
                [
                    518,
                    934
                ]
            ],
            "text": "pilot (14)",
            "label": "B_Prop"
        },
        {
            "index": 37,
            "bbox": [
                [
                    605,
                    938
                ],
                [
                    605,
                    995
                ],
                [
                    673,
                    995
                ],
                [
                    673,
                    938
                ]
            ],
            "text": "return (12)",
            "label": "B_Prop"
        },
        {
            "index": 38,
            "bbox": [
                [
                    1347,
                    927
                ],
                [
                    1347,
                    959
                ],
                [
                    1521,
                    959
                ],
                [
                    1521,
                    927
                ]
            ],
            "text": "Catalog number",
            "label": "B_Prop"
        },
        {
            "index": 39,
            "bbox": [
                [
                    518,
                    303
                ],
                [
                    518,
                    338
                ],
                [
                    1023,
                    338
                ],
                [
                    1023,
                    303
                ]
            ],
            "text": "0 to 8 bar (1.5 to 8 bar with differential return)",
            "label": "B_Value"
        },
        {
            "index": 40,
            "bbox": [
                [
                    520,
                    331
                ],
                [
                    520,
                    365
                ],
                [
                    653,
                    365
                ],
                [
                    653,
                    331
                ]
            ],
            "text": "1.5 to 8 bar",
            "label": "B_Value"
        },
        {
            "index": 41,
            "bbox": [
                [
                    516,
                    360
                ],
                [
                    516,
                    392
                ],
                [
                    676,
                    392
                ],
                [
                    676,
                    360
                ]
            ],
            "text": "+5°C to +50°C",
            "label": "B_Value"
        },
        {
            "index": 42,
            "bbox": [
                [
                    514,
                    388
                ],
                [
                    514,
                    424
                ],
                [
                    929,
                    424
                ],
                [
                    929,
                    388
                ]
            ],
            "text": "519: 2.5 mm; 520: 4 mm; 521:6 mm",
            "label": "B_Value"
        },
        {
            "index": 43,
            "bbox": [
                [
                    518,
                    418
                ],
                [
                    518,
                    449
                ],
                [
                    767,
                    449
                ],
                [
                    767,
                    418
                ]
            ],
            "text": "See <<SPECIFICATIONS>>",
            "label": "B_Value"
        },
        {
            "index": 44,
            "bbox": [
                [
                    171,
                    484
                ],
                [
                    171,
                    541
                ],
                [
                    511,
                    541
                ],
                [
                    511,
                    484
                ]
            ],
            "text": "air or inert gas 50 µm, filtered at lubricated or not",
            "label": "B_Value"
        },
        {
            "index": 45,
            "bbox": [
                [
                    635,
                    500
                ],
                [
                    635,
                    525
                ],
                [
                    774,
                    525
                ],
                [
                    774,
                    500
                ]
            ],
            "text": "+5°C to +50°C",
            "label": "B_Value"
        },
        {
            "index": 46,
            "bbox": [
                [
                    897,
                    497
                ],
                [
                    897,
                    529
                ],
                [
                    1023,
                    529
                ],
                [
                    1023,
                    497
                ]
            ],
            "text": "NBR (nitrile)",
            "label": "B_Value"
        },
        {
            "index": 47,
            "bbox": [
                [
                    514,
                    637
                ],
                [
                    514,
                    669
                ],
                [
                    813,
                    669
                ],
                [
                    813,
                    637
                ]
            ],
            "text": "Anodised white aluminium",
            "label": "B_Value"
        },
        {
            "index": 48,
            "bbox": [
                [
                    514,
                    664
                ],
                [
                    514,
                    698
                ],
                [
                    708,
                    698
                ],
                [
                    708,
                    664
                ]
            ],
            "text": "POM (polyacetal)",
            "label": "B_Value"
        },
        {
            "index": 49,
            "bbox": [
                [
                    514,
                    689
                ],
                [
                    514,
                    726
                ],
                [
                    1028,
                    726
                ],
                [
                    1028,
                    689
                ]
            ],
            "text": "Stainless steel, light alloy and POM (polyacetal)",
            "label": "B_Value"
        },
        {
            "index": 50,
            "bbox": [
                [
                    514,
                    717
                ],
                [
                    571,
                    717
                ],
                [
                    571,
                    751
                ],
                [
                    514,
                    751
                ]
            ],
            "text": "NBR",
            "label": "B_Value"
        },
        {
            "index": 51,
            "bbox": [
                [
                    472,
                    1050
                ],
                [
                    507,
                    1050
                ],
                [
                    507,
                    1078
                ],
                [
                    472,
                    1078
                ]
            ],
            "text": "air",
            "label": "B_Value"
        },
        {
            "index": 52,
            "bbox": [
                [
                    568,
                    1034
                ],
                [
                    568,
                    1096
                ],
                [
                    708,
                    1096
                ],
                [
                    708,
                    1034
                ]
            ],
            "text": "mechanical & air spring",
            "label": "B_Value"
        },
        {
            "index": 53,
            "bbox": [
                [
                    788,
                    1048
                ],
                [
                    852,
                    1048
                ],
                [
                    852,
                    1082
                ],
                [
                    788,
                    1082
                ]
            ],
            "text": "G 1/8",
            "label": "B_Value"
        },
        {
            "index": 54,
            "bbox": [
                [
                    980,
                    1050
                ],
                [
                    1005,
                    1050
                ],
                [
                    1005,
                    1080
                ],
                [
                    980,
                    1080
                ]
            ],
            "text": "4",
            "label": "B_Value"
        },
        {
            "index": 55,
            "bbox": [
                [
                    1107,
                    1050
                ],
                [
                    1153,
                    1050
                ],
                [
                    1153,
                    1078
                ],
                [
                    1107,
                    1078
                ]
            ],
            "text": "400",
            "label": "B_Value"
        },
        {
            "index": 56,
            "bbox": [
                [
                    1254,
                    1050
                ],
                [
                    1290,
                    1050
                ],
                [
                    1290,
                    1078
                ],
                [
                    1254,
                    1078
                ]
            ],
            "text": "5.7",
            "label": "B_Value"
        },
        {
            "index": 57,
            "bbox": [
                [
                    472,
                    1160
                ],
                [
                    507,
                    1160
                ],
                [
                    507,
                    1187
                ],
                [
                    472,
                    1187
                ]
            ],
            "text": "air",
            "label": "B_Value"
        },
        {
            "index": 58,
            "bbox": [
                [
                    603,
                    1160
                ],
                [
                    673,
                    1160
                ],
                [
                    673,
                    1194
                ],
                [
                    603,
                    1194
                ]
            ],
            "text": "spring",
            "label": "B_Value"
        },
        {
            "index": 59,
            "bbox": [
                [
                    788,
                    1158
                ],
                [
                    852,
                    1158
                ],
                [
                    852,
                    1192
                ],
                [
                    788,
                    1192
                ]
            ],
            "text": "G 1/8",
            "label": "B_Value"
        },
        {
            "index": 60,
            "bbox": [
                [
                    982,
                    1160
                ],
                [
                    1005,
                    1160
                ],
                [
                    1005,
                    1190
                ],
                [
                    982,
                    1190
                ]
            ],
            "text": "4",
            "label": "B_Value"
        },
        {
            "index": 61,
            "bbox": [
                [
                    1107,
                    1160
                ],
                [
                    1153,
                    1160
                ],
                [
                    1153,
                    1187
                ],
                [
                    1107,
                    1187
                ]
            ],
            "text": "400",
            "label": "B_Value"
        },
        {
            "index": 62,
            "bbox": [
                [
                    1254,
                    1160
                ],
                [
                    1290,
                    1160
                ],
                [
                    1290,
                    1187
                ],
                [
                    1254,
                    1187
                ]
            ],
            "text": "5.7",
            "label": "B_Value"
        },
        {
            "index": 63,
            "bbox": [
                [
                    801,
                    1235
                ],
                [
                    838,
                    1235
                ],
                [
                    838,
                    1263
                ],
                [
                    801,
                    1263
                ]
            ],
            "text": "M5",
            "label": "B_Value"
        },
        {
            "index": 64,
            "bbox": [
                [
                    973,
                    1235
                ],
                [
                    1012,
                    1235
                ],
                [
                    1012,
                    1263
                ],
                [
                    973,
                    1263
                ]
            ],
            "text": "2.5",
            "label": "B_Value"
        },
        {
            "index": 65,
            "bbox": [
                [
                    1110,
                    1238
                ],
                [
                    1153,
                    1238
                ],
                [
                    1153,
                    1263
                ],
                [
                    1110,
                    1263
                ]
            ],
            "text": "175",
            "label": "B_Value"
        },
        {
            "index": 66,
            "bbox": [
                [
                    1254,
                    1238
                ],
                [
                    1292,
                    1238
                ],
                [
                    1292,
                    1263
                ],
                [
                    1254,
                    1263
                ]
            ],
            "text": "2.5",
            "label": "B_Value"
        },
        {
            "index": 67,
            "bbox": [
                [
                    470,
                    1276
                ],
                [
                    507,
                    1276
                ],
                [
                    507,
                    1304
                ],
                [
                    470,
                    1304
                ]
            ],
            "text": "air",
            "label": "B_Value"
        },
        {
            "index": 68,
            "bbox": [
                [
                    589,
                    1276
                ],
                [
                    589,
                    1308
                ],
                [
                    687,
                    1308
                ],
                [
                    687,
                    1276
                ]
            ],
            "text": "air spring",
            "label": "B_Value"
        },
        {
            "index": 69,
            "bbox": [
                [
                    788,
                    1274
                ],
                [
                    852,
                    1274
                ],
                [
                    852,
                    1306
                ],
                [
                    788,
                    1306
                ]
            ],
            "text": "G 1/8",
            "label": "B_Value"
        },
        {
            "index": 70,
            "bbox": [
                [
                    980,
                    1274
                ],
                [
                    1005,
                    1274
                ],
                [
                    1005,
                    1301
                ],
                [
                    980,
                    1301
                ]
            ],
            "text": "4",
            "label": "B_Value"
        },
        {
            "index": 71,
            "bbox": [
                [
                    1110,
                    1276
                ],
                [
                    1153,
                    1276
                ],
                [
                    1153,
                    1301
                ],
                [
                    1110,
                    1301
                ]
            ],
            "text": "600",
            "label": "B_Value"
        },
        {
            "index": 72,
            "bbox": [
                [
                    1254,
                    1274
                ],
                [
                    1290,
                    1274
                ],
                [
                    1290,
                    1301
                ],
                [
                    1254,
                    1301
                ]
            ],
            "text": "8.5",
            "label": "B_Value"
        },
        {
            "index": 73,
            "bbox": [
                [
                    788,
                    1315
                ],
                [
                    852,
                    1315
                ],
                [
                    852,
                    1347
                ],
                [
                    788,
                    1347
                ]
            ],
            "text": "G 1/4",
            "label": "B_Value"
        },
        {
            "index": 74,
            "bbox": [
                [
                    982,
                    1315
                ],
                [
                    1005,
                    1315
                ],
                [
                    1005,
                    1345
                ],
                [
                    982,
                    1345
                ]
            ],
            "text": "6",
            "label": "B_Value"
        },
        {
            "index": 75,
            "bbox": [
                [
                    1101,
                    1313
                ],
                [
                    1162,
                    1313
                ],
                [
                    1162,
                    1345
                ],
                [
                    1101,
                    1345
                ]
            ],
            "text": "1050",
            "label": "B_Value"
        },
        {
            "index": 76,
            "bbox": [
                [
                    1256,
                    1315
                ],
                [
                    1288,
                    1315
                ],
                [
                    1288,
                    1343
                ],
                [
                    1256,
                    1343
                ]
            ],
            "text": "15",
            "label": "B_Value"
        },
        {
            "index": 77,
            "bbox": [
                [
                    801,
                    1356
                ],
                [
                    838,
                    1356
                ],
                [
                    838,
                    1384
                ],
                [
                    801,
                    1384
                ]
            ],
            "text": "M5",
            "label": "B_Value"
        },
        {
            "index": 78,
            "bbox": [
                [
                    973,
                    1356
                ],
                [
                    1014,
                    1356
                ],
                [
                    1014,
                    1384
                ],
                [
                    973,
                    1384
                ]
            ],
            "text": "2.5",
            "label": "B_Value"
        },
        {
            "index": 79,
            "bbox": [
                [
                    1110,
                    1356
                ],
                [
                    1153,
                    1356
                ],
                [
                    1153,
                    1384
                ],
                [
                    1110,
                    1384
                ]
            ],
            "text": "175",
            "label": "B_Value"
        },
        {
            "index": 80,
            "bbox": [
                [
                    1254,
                    1356
                ],
                [
                    1292,
                    1356
                ],
                [
                    1292,
                    1384
                ],
                [
                    1254,
                    1384
                ]
            ],
            "text": "2.5",
            "label": "B_Value"
        },
        {
            "index": 81,
            "bbox": [
                [
                    470,
                    1395
                ],
                [
                    507,
                    1395
                ],
                [
                    507,
                    1423
                ],
                [
                    470,
                    1423
                ]
            ],
            "text": "air",
            "label": "B_Value"
        },
        {
            "index": 82,
            "bbox": [
                [
                    621,
                    1395
                ],
                [
                    655,
                    1395
                ],
                [
                    655,
                    1423
                ],
                [
                    621,
                    1423
                ]
            ],
            "text": "air",
            "label": "B_Value"
        },
        {
            "index": 83,
            "bbox": [
                [
                    785,
                    1393
                ],
                [
                    852,
                    1393
                ],
                [
                    852,
                    1429
                ],
                [
                    785,
                    1429
                ]
            ],
            "text": "G 1/8",
            "label": "B_Value"
        },
        {
            "index": 84,
            "bbox": [
                [
                    980,
                    1395
                ],
                [
                    1005,
                    1395
                ],
                [
                    1005,
                    1423
                ],
                [
                    980,
                    1423
                ]
            ],
            "text": "4",
            "label": "B_Value"
        },
        {
            "index": 85,
            "bbox": [
                [
                    1107,
                    1397
                ],
                [
                    1153,
                    1397
                ],
                [
                    1153,
                    1423
                ],
                [
                    1107,
                    1423
                ]
            ],
            "text": "600",
            "label": "B_Value"
        },
        {
            "index": 86,
            "bbox": [
                [
                    1254,
                    1397
                ],
                [
                    1292,
                    1397
                ],
                [
                    1292,
                    1423
                ],
                [
                    1254,
                    1423
                ]
            ],
            "text": "8.5",
            "label": "B_Value"
        },
        {
            "index": 87,
            "bbox": [
                [
                    785,
                    1432
                ],
                [
                    854,
                    1432
                ],
                [
                    854,
                    1468
                ],
                [
                    785,
                    1468
                ]
            ],
            "text": "G 1/4",
            "label": "B_Value"
        },
        {
            "index": 88,
            "bbox": [
                [
                    982,
                    1434
                ],
                [
                    1005,
                    1434
                ],
                [
                    1005,
                    1464
                ],
                [
                    982,
                    1464
                ]
            ],
            "text": "6",
            "label": "B_Value"
        },
        {
            "index": 89,
            "bbox": [
                [
                    1103,
                    1436
                ],
                [
                    1160,
                    1436
                ],
                [
                    1160,
                    1461
                ],
                [
                    1103,
                    1461
                ]
            ],
            "text": "1050",
            "label": "B_Value"
        },
        {
            "index": 90,
            "bbox": [
                [
                    1256,
                    1436
                ],
                [
                    1288,
                    1436
                ],
                [
                    1288,
                    1461
                ],
                [
                    1256,
                    1461
                ]
            ],
            "text": "15",
            "label": "B_Value"
        },
        {
            "index": 91,
            "bbox": [
                [
                    452,
                    1489
                ],
                [
                    452,
                    1571
                ],
                [
                    673,
                    1571
                ],
                [
                    673,
                    1489
                ]
            ],
            "text": "W1 centre closed position air operated",
            "label": "B_Value"
        },
        {
            "index": 92,
            "bbox": [
                [
                    984,
                    1487
                ],
                [
                    1002,
                    1487
                ],
                [
                    1002,
                    1509
                ],
                [
                    984,
                    1509
                ]
            ],
            "text": "4",
            "label": "B_Value"
        },
        {
            "index": 93,
            "bbox": [
                [
                    1110,
                    1484
                ],
                [
                    1153,
                    1484
                ],
                [
                    1153,
                    1512
                ],
                [
                    1110,
                    1512
                ]
            ],
            "text": "600",
            "label": "B_Value"
        },
        {
            "index": 94,
            "bbox": [
                [
                    788,
                    1484
                ],
                [
                    852,
                    1484
                ],
                [
                    852,
                    1516
                ],
                [
                    788,
                    1516
                ]
            ],
            "text": "G 1/8",
            "label": "B_Value"
        },
        {
            "index": 95,
            "bbox": [
                [
                    1254,
                    1484
                ],
                [
                    1290,
                    1484
                ],
                [
                    1290,
                    1512
                ],
                [
                    1254,
                    1512
                ]
            ],
            "text": "8.5",
            "label": "B_Value"
        },
        {
            "index": 96,
            "bbox": [
                [
                    788,
                    1544
                ],
                [
                    788,
                    1581
                ],
                [
                    855,
                    1581
                ],
                [
                    855,
                    1544
                ]
            ],
            "text": "G 1/4",
            "label": "B_Value"
        },
        {
            "index": 97,
            "bbox": [
                [
                    982,
                    1541
                ],
                [
                    1005,
                    1541
                ],
                [
                    1005,
                    1573
                ],
                [
                    982,
                    1573
                ]
            ],
            "text": "6",
            "label": "B_Value"
        },
        {
            "index": 98,
            "bbox": [
                [
                    1101,
                    1541
                ],
                [
                    1162,
                    1541
                ],
                [
                    1162,
                    1573
                ],
                [
                    1101,
                    1573
                ]
            ],
            "text": "1050",
            "label": "B_Value"
        },
        {
            "index": 99,
            "bbox": [
                [
                    1256,
                    1544
                ],
                [
                    1288,
                    1544
                ],
                [
                    1288,
                    1571
                ],
                [
                    1256,
                    1571
                ]
            ],
            "text": "15",
            "label": "B_Value"
        },
        {
            "index": 100,
            "bbox": [
                [
                    445,
                    1605
                ],
                [
                    445,
                    1690
                ],
                [
                    683,
                    1690
                ],
                [
                    683,
                    1605
                ]
            ],
            "text": "W2 open centre to pressure air operated",
            "label": "B_Value"
        },
        {
            "index": 101,
            "bbox": [
                [
                    788,
                    1601
                ],
                [
                    852,
                    1601
                ],
                [
                    852,
                    1635
                ],
                [
                    788,
                    1635
                ]
            ],
            "text": "G 1/8",
            "label": "B_Value"
        },
        {
            "index": 102,
            "bbox": [
                [
                    984,
                    1605
                ],
                [
                    1002,
                    1605
                ],
                [
                    1002,
                    1628
                ],
                [
                    984,
                    1628
                ]
            ],
            "text": "4",
            "label": "B_Value"
        },
        {
            "index": 103,
            "bbox": [
                [
                    1110,
                    1603
                ],
                [
                    1153,
                    1603
                ],
                [
                    1153,
                    1630
                ],
                [
                    1110,
                    1630
                ]
            ],
            "text": "600",
            "label": "B_Value"
        },
        {
            "index": 104,
            "bbox": [
                [
                    1254,
                    1603
                ],
                [
                    1292,
                    1603
                ],
                [
                    1292,
                    1630
                ],
                [
                    1254,
                    1630
                ]
            ],
            "text": "8.5",
            "label": "B_Value"
        },
        {
            "index": 105,
            "bbox": [
                [
                    788,
                    1662
                ],
                [
                    788,
                    1695
                ],
                [
                    854,
                    1695
                ],
                [
                    854,
                    1662
                ]
            ],
            "text": "G 1/4",
            "label": "B_Value"
        },
        {
            "index": 106,
            "bbox": [
                [
                    982,
                    1660
                ],
                [
                    1005,
                    1660
                ],
                [
                    1005,
                    1690
                ],
                [
                    982,
                    1690
                ]
            ],
            "text": "6",
            "label": "B_Value"
        },
        {
            "index": 107,
            "bbox": [
                [
                    1103,
                    1662
                ],
                [
                    1160,
                    1662
                ],
                [
                    1160,
                    1688
                ],
                [
                    1103,
                    1688
                ]
            ],
            "text": "1050",
            "label": "B_Value"
        },
        {
            "index": 108,
            "bbox": [
                [
                    1256,
                    1660
                ],
                [
                    1288,
                    1660
                ],
                [
                    1288,
                    1688
                ],
                [
                    1256,
                    1688
                ]
            ],
            "text": "15",
            "label": "B_Value"
        },
        {
            "index": 109,
            "bbox": [
                [
                    450,
                    1724
                ],
                [
                    450,
                    1809
                ],
                [
                    680,
                    1809
                ],
                [
                    680,
                    1724
                ]
            ],
            "text": "W3 open centre to exhaust air operated",
            "label": "B_Value"
        },
        {
            "index": 110,
            "bbox": [
                [
                    788,
                    1719
                ],
                [
                    852,
                    1719
                ],
                [
                    852,
                    1754
                ],
                [
                    788,
                    1754
                ]
            ],
            "text": "G 1/8",
            "label": "B_Value"
        },
        {
            "index": 111,
            "bbox": [
                [
                    982,
                    1719
                ],
                [
                    1005,
                    1719
                ],
                [
                    1005,
                    1749
                ],
                [
                    982,
                    1749
                ]
            ],
            "text": "4",
            "label": "B_Value"
        },
        {
            "index": 112,
            "bbox": [
                [
                    1107,
                    1722
                ],
                [
                    1153,
                    1722
                ],
                [
                    1153,
                    1747
                ],
                [
                    1107,
                    1747
                ]
            ],
            "text": "600",
            "label": "B_Value"
        },
        {
            "index": 113,
            "bbox": [
                [
                    1254,
                    1722
                ],
                [
                    1290,
                    1722
                ],
                [
                    1290,
                    1747
                ],
                [
                    1254,
                    1747
                ]
            ],
            "text": "8.5",
            "label": "B_Value"
        },
        {
            "index": 114,
            "bbox": [
                [
                    785,
                    1777
                ],
                [
                    852,
                    1777
                ],
                [
                    852,
                    1811
                ],
                [
                    785,
                    1811
                ]
            ],
            "text": "G 1/4",
            "label": "B_Value"
        },
        {
            "index": 115,
            "bbox": [
                [
                    982,
                    1779
                ],
                [
                    1005,
                    1779
                ],
                [
                    1005,
                    1809
                ],
                [
                    982,
                    1809
                ]
            ],
            "text": "6",
            "label": "B_Value"
        },
        {
            "index": 116,
            "bbox": [
                [
                    1103,
                    1781
                ],
                [
                    1160,
                    1781
                ],
                [
                    1160,
                    1806
                ],
                [
                    1103,
                    1806
                ]
            ],
            "text": "1050",
            "label": "B_Value"
        },
        {
            "index": 117,
            "bbox": [
                [
                    1256,
                    1779
                ],
                [
                    1288,
                    1779
                ],
                [
                    1288,
                    1806
                ],
                [
                    1256,
                    1806
                ]
            ],
            "text": "15",
            "label": "B_Value"
        },
        {
            "index": 118,
            "bbox": [
                [
                    961,
                    968
                ],
                [
                    1025,
                    968
                ],
                [
                    1025,
                    1002
                ],
                [
                    961,
                    1002
                ]
            ],
            "text": "(mm)",
            "label": "B_Unit"
        },
        {
            "index": 119,
            "bbox": [
                [
                    1256,
                    975
                ],
                [
                    1290,
                    975
                ],
                [
                    1290,
                    1002
                ],
                [
                    1256,
                    1002
                ]
            ],
            "text": "Kv",
            "label": "B_Unit"
        },
        {
            "index": 120,
            "bbox": [
                [
                    118,
                    95
                ],
                [
                    118,
                    150
                ],
                [
                    795,
                    150
                ],
                [
                    795,
                    95
                ]
            ],
            "text": "AVENTICSTM Mini Spool Valves",
            "label": "B_Descri"
        },
        {
            "index": 121,
            "bbox": [
                [
                    119,
                    203
                ],
                [
                    119,
                    240
                ],
                [
                    1046,
                    240
                ],
                [
                    1046,
                    203
                ]
            ],
            "text": "M5 or 1/8\" or 1/4\" Tapped, adaptable on multiple or joinable subbases 5 way, Air Operated",
            "label": "B_Descri"
        },
        {
            "index": 122,
            "bbox": [
                [
                    125,
                    607
                ],
                [
                    125,
                    646
                ],
                [
                    1053,
                    646
                ],
                [
                    1053,
                    607
                ]
            ],
            "text": "(*) Ensure that the compatibility off the fluids in contact with the materials is verified",
            "label": "B_Descri"
        },
        {
            "index": 123,
            "bbox": [
                [
                    121,
                    767
                ],
                [
                    121,
                    799
                ],
                [
                    808,
                    799
                ],
                [
                    808,
                    767
                ]
            ],
            "text": "(*) Ensure that the compatibility of the fluids in contact with the materialsi is verified.",
            "label": "B_Descri"
        },
        {
            "index": 124,
            "bbox": [
                [
                    116,
                    155
                ],
                [
                    116,
                    194
                ],
                [
                    527,
                    194
                ],
                [
                    527,
                    155
                ]
            ],
            "text": "3 way / 5 way, Air Operated",
            "label": "B_Descri"
        }
    ]
}