{
    "datasheet": [
        {
            "index": 0,
            "bbox": [
                [
                    100,
                    36
                ],
                [
                    203,
                    36
                ],
                [
                    203,
                    77
                ],
                [
                    100,
                    77
                ]
            ],
            "text": "Quick",
            "label": "Out"
        },
        {
            "index": 1,
            "bbox": [
                [
                    209,
                    36
                ],
                [
                    385,
                    36
                ],
                [
                    385,
                    75
                ],
                [
                    209,
                    75
                ]
            ],
            "text": "Reference",
            "label": "Out"
        },
        {
            "index": 2,
            "bbox": [
                [
                    392,
                    36
                ],
                [
                    458,
                    36
                ],
                [
                    458,
                    85
                ],
                [
                    392,
                    85
                ]
            ],
            "text": "Key",
            "label": "Out"
        },
        {
            "index": 3,
            "bbox": [
                [
                    102,
                    204
                ],
                [
                    220,
                    204
                ],
                [
                    220,
                    247
                ],
                [
                    102,
                    247
                ]
            ],
            "text": "Quick",
            "label": "B_Section"
        },
        {
            "index": 4,
            "bbox": [
                [
                    233,
                    204
                ],
                [
                    439,
                    204
                ],
                [
                    439,
                    244
                ],
                [
                    233,
                    244
                ]
            ],
            "text": "Reference",
            "label": "I_Section"
        },
        {
            "index": 5,
            "bbox": [
                [
                    452,
                    204
                ],
                [
                    529,
                    204
                ],
                [
                    529,
                    251
                ],
                [
                    452,
                    251
                ]
            ],
            "text": "Key",
            "label": "I_Section"
        },
        {
            "index": 6,
            "bbox": [
                [
                    536,
                    201
                ],
                [
                    602,
                    201
                ],
                [
                    602,
                    247
                ],
                [
                    536,
                    247
                ]
            ],
            "text": "for",
            "label": "I_Section"
        },
        {
            "index": 7,
            "bbox": [
                [
                    613,
                    204
                ],
                [
                    733,
                    204
                ],
                [
                    733,
                    244
                ],
                [
                    613,
                    244
                ]
            ],
            "text": "Grade",
            "label": "I_Section"
        },
        {
            "index": 8,
            "bbox": [
                [
                    749,
                    206
                ],
                [
                    1036,
                    206
                ],
                [
                    1036,
                    242
                ],
                [
                    749,
                    242
                ]
            ],
            "text": "Nomenclature",
            "label": "I_Section"
        },
        {
            "index": 9,
            "bbox": [
                [
                    100,
                    290
                ],
                [
                    220,
                    290
                ],
                [
                    220,
                    322
                ],
                [
                    100,
                    322
                ]
            ],
            "text": "Example:",
            "label": "Out"
        },
        {
            "index": 10,
            "bbox": [
                [
                    222,
                    287
                ],
                [
                    304,
                    287
                ],
                [
                    304,
                    317
                ],
                [
                    222,
                    317
                ]
            ],
            "text": "KHC37",
            "label": "Out"
        },
        {
            "index": 11,
            "bbox": [
                [
                    304,
                    294
                ],
                [
                    332,
                    294
                ],
                [
                    332,
                    320
                ],
                [
                    304,
                    320
                ]
            ],
            "text": "=",
            "label": "Out"
        },
        {
            "index": 12,
            "bbox": [
                [
                    332,
                    287
                ],
                [
                    390,
                    287
                ],
                [
                    390,
                    320
                ],
                [
                    332,
                    320
                ]
            ],
            "text": "10%",
            "label": "Out"
        },
        {
            "index": 13,
            "bbox": [
                [
                    392,
                    287
                ],
                [
                    467,
                    287
                ],
                [
                    467,
                    317
                ],
                [
                    392,
                    317
                ]
            ],
            "text": "cobalt",
            "label": "Out"
        },
        {
            "index": 14,
            "bbox": [
                [
                    467,
                    287
                ],
                [
                    544,
                    287
                ],
                [
                    544,
                    320
                ],
                [
                    467,
                    320
                ]
            ],
            "text": "binder",
            "label": "Out"
        },
        {
            "index": 15,
            "bbox": [
                [
                    544,
                    287
                ],
                [
                    600,
                    287
                ],
                [
                    600,
                    320
                ],
                [
                    544,
                    320
                ]
            ],
            "text": "with",
            "label": "Out"
        },
        {
            "index": 16,
            "bbox": [
                [
                    600,
                    292
                ],
                [
                    684,
                    292
                ],
                [
                    684,
                    320
                ],
                [
                    600,
                    320
                ]
            ],
            "text": "coarse",
            "label": "Out"
        },
        {
            "index": 17,
            "bbox": [
                [
                    684,
                    287
                ],
                [
                    746,
                    287
                ],
                [
                    746,
                    324
                ],
                [
                    684,
                    324
                ]
            ],
            "text": "grain",
            "label": "Out"
        },
        {
            "index": 18,
            "bbox": [
                [
                    749,
                    287
                ],
                [
                    856,
                    287
                ],
                [
                    856,
                    320
                ],
                [
                    749,
                    320
                ]
            ],
            "text": "structure",
            "label": "Out"
        },
        {
            "index": 19,
            "bbox": [
                [
                    269,
                    406
                ],
                [
                    304,
                    406
                ],
                [
                    304,
                    446
                ],
                [
                    269,
                    446
                ]
            ],
            "text": "K",
            "label": "Out"
        },
        {
            "index": 20,
            "bbox": [
                [
                    648,
                    408
                ],
                [
                    673,
                    408
                ],
                [
                    673,
                    446
                ],
                [
                    648,
                    446
                ]
            ],
            "text": "H",
            "label": "Out"
        },
        {
            "index": 21,
            "bbox": [
                [
                    1026,
                    408
                ],
                [
                    1051,
                    408
                ],
                [
                    1051,
                    444
                ],
                [
                    1026,
                    444
                ]
            ],
            "text": "C",
            "label": "Out"
        },
        {
            "index": 22,
            "bbox": [
                [
                    1391,
                    408
                ],
                [
                    1438,
                    408
                ],
                [
                    1438,
                    446
                ],
                [
                    1391,
                    446
                ]
            ],
            "text": "37",
            "label": "Out"
        },
        {
            "index": 23,
            "bbox": [
                [
                    252,
                    498
                ],
                [
                    319,
                    498
                ],
                [
                    319,
                    528
                ],
                [
                    252,
                    528
                ]
            ],
            "text": "Brand",
            "label": "Out"
        },
        {
            "index": 24,
            "bbox": [
                [
                    547,
                    496
                ],
                [
                    701,
                    496
                ],
                [
                    701,
                    532
                ],
                [
                    547,
                    532
                ]
            ],
            "text": "Binder/Primary",
            "label": "Out"
        },
        {
            "index": 25,
            "bbox": [
                [
                    699,
                    498
                ],
                [
                    776,
                    498
                ],
                [
                    776,
                    528
                ],
                [
                    699,
                    528
                ]
            ],
            "text": "Market",
            "label": "Out"
        },
        {
            "index": 26,
            "bbox": [
                [
                    985,
                    498
                ],
                [
                    1045,
                    498
                ],
                [
                    1045,
                    528
                ],
                [
                    985,
                    528
                ]
            ],
            "text": "Grain",
            "label": "Out"
        },
        {
            "index": 27,
            "bbox": [
                [
                    1043,
                    496
                ],
                [
                    1092,
                    496
                ],
                [
                    1092,
                    528
                ],
                [
                    1043,
                    528
                ]
            ],
            "text": "Size",
            "label": "Out"
        },
        {
            "index": 28,
            "bbox": [
                [
                    1339,
                    498
                ],
                [
                    1410,
                    498
                ],
                [
                    1410,
                    528
                ],
                [
                    1339,
                    528
                ]
            ],
            "text": "Binder",
            "label": "Out"
        },
        {
            "index": 29,
            "bbox": [
                [
                    1408,
                    498
                ],
                [
                    1492,
                    498
                ],
                [
                    1492,
                    528
                ],
                [
                    1408,
                    528
                ]
            ],
            "text": "Content",
            "label": "Out"
        },
        {
            "index": 30,
            "bbox": [
                [
                    121,
                    573
                ],
                [
                    164,
                    573
                ],
                [
                    164,
                    608
                ],
                [
                    121,
                    608
                ]
            ],
            "text": "K=",
            "label": "Out"
        },
        {
            "index": 31,
            "bbox": [
                [
                    158,
                    575
                ],
                [
                    265,
                    575
                ],
                [
                    265,
                    603
                ],
                [
                    158,
                    603
                ]
            ],
            "text": "Kennametal",
            "label": "Out"
        },
        {
            "index": 32,
            "bbox": [
                [
                    499,
                    577
                ],
                [
                    525,
                    577
                ],
                [
                    525,
                    603
                ],
                [
                    499,
                    603
                ]
            ],
            "text": "H:",
            "label": "Out"
        },
        {
            "index": 33,
            "bbox": [
                [
                    519,
                    582
                ],
                [
                    536,
                    582
                ],
                [
                    536,
                    601
                ],
                [
                    519,
                    601
                ]
            ],
            "text": "=",
            "label": "Out"
        },
        {
            "index": 34,
            "bbox": [
                [
                    534,
                    577
                ],
                [
                    688,
                    577
                ],
                [
                    688,
                    608
                ],
                [
                    534,
                    608
                ]
            ],
            "text": "Cobalt/Compacts",
            "label": "Out"
        },
        {
            "index": 35,
            "bbox": [
                [
                    684,
                    577
                ],
                [
                    716,
                    577
                ],
                [
                    716,
                    603
                ],
                [
                    684,
                    603
                ]
            ],
            "text": "for",
            "label": "Out"
        },
        {
            "index": 36,
            "bbox": [
                [
                    712,
                    577
                ],
                [
                    744,
                    577
                ],
                [
                    744,
                    603
                ],
                [
                    712,
                    603
                ]
            ],
            "text": "Oil",
            "label": "Out"
        },
        {
            "index": 37,
            "bbox": [
                [
                    738,
                    577
                ],
                [
                    761,
                    577
                ],
                [
                    761,
                    605
                ],
                [
                    738,
                    605
                ]
            ],
            "text": "&",
            "label": "Out"
        },
        {
            "index": 38,
            "bbox": [
                [
                    755,
                    575
                ],
                [
                    804,
                    575
                ],
                [
                    804,
                    608
                ],
                [
                    755,
                    608
                ]
            ],
            "text": "Gas,",
            "label": "Out"
        },
        {
            "index": 39,
            "bbox": [
                [
                    875,
                    577
                ],
                [
                    903,
                    577
                ],
                [
                    903,
                    605
                ],
                [
                    875,
                    605
                ]
            ],
            "text": "N",
            "label": "Out"
        },
        {
            "index": 40,
            "bbox": [
                [
                    897,
                    577
                ],
                [
                    923,
                    577
                ],
                [
                    923,
                    603
                ],
                [
                    897,
                    603
                ]
            ],
            "text": "=",
            "label": "Out"
        },
        {
            "index": 41,
            "bbox": [
                [
                    927,
                    575
                ],
                [
                    985,
                    575
                ],
                [
                    985,
                    608
                ],
                [
                    927,
                    608
                ]
            ],
            "text": "<0.21",
            "label": "Out"
        },
        {
            "index": 42,
            "bbox": [
                [
                    974,
                    582
                ],
                [
                    1011,
                    582
                ],
                [
                    1011,
                    605
                ],
                [
                    974,
                    605
                ]
            ],
            "text": "um",
            "label": "Out"
        },
        {
            "index": 43,
            "bbox": [
                [
                    1034,
                    575
                ],
                [
                    1090,
                    575
                ],
                [
                    1090,
                    605
                ],
                [
                    1034,
                    605
                ]
            ],
            "text": "Nano",
            "label": "Out"
        },
        {
            "index": 44,
            "bbox": [
                [
                    1251,
                    575
                ],
                [
                    1305,
                    575
                ],
                [
                    1305,
                    605
                ],
                [
                    1251,
                    605
                ]
            ],
            "text": "XY=",
            "label": "Out"
        },
        {
            "index": 45,
            "bbox": [
                [
                    1301,
                    577
                ],
                [
                    1348,
                    577
                ],
                [
                    1348,
                    603
                ],
                [
                    1301,
                    603
                ]
            ],
            "text": "Sum",
            "label": "Out"
        },
        {
            "index": 46,
            "bbox": [
                [
                    1341,
                    575
                ],
                [
                    1434,
                    575
                ],
                [
                    1434,
                    605
                ],
                [
                    1341,
                    605
                ]
            ],
            "text": "ofX+Y=",
            "label": "Out"
        },
        {
            "index": 47,
            "bbox": [
                [
                    1430,
                    575
                ],
                [
                    1494,
                    575
                ],
                [
                    1494,
                    605
                ],
                [
                    1430,
                    605
                ]
            ],
            "text": "Binder",
            "label": "Out"
        },
        {
            "index": 48,
            "bbox": [
                [
                    1488,
                    577
                ],
                [
                    1516,
                    577
                ],
                [
                    1516,
                    603
                ],
                [
                    1488,
                    603
                ]
            ],
            "text": "%",
            "label": "Out"
        },
        {
            "index": 49,
            "bbox": [
                [
                    536,
                    601
                ],
                [
                    605,
                    601
                ],
                [
                    605,
                    631
                ],
                [
                    536,
                    631
                ]
            ],
            "text": "Mining,",
            "label": "Out"
        },
        {
            "index": 50,
            "bbox": [
                [
                    600,
                    601
                ],
                [
                    639,
                    601
                ],
                [
                    639,
                    627
                ],
                [
                    600,
                    627
                ]
            ],
            "text": "and",
            "label": "Out"
        },
        {
            "index": 51,
            "bbox": [
                [
                    635,
                    601
                ],
                [
                    751,
                    601
                ],
                [
                    751,
                    629
                ],
                [
                    635,
                    629
                ]
            ],
            "text": "Construction",
            "label": "Out"
        },
        {
            "index": 52,
            "bbox": [
                [
                    875,
                    614
                ],
                [
                    903,
                    614
                ],
                [
                    903,
                    642
                ],
                [
                    875,
                    642
                ]
            ],
            "text": "U",
            "label": "Out"
        },
        {
            "index": 53,
            "bbox": [
                [
                    895,
                    616
                ],
                [
                    920,
                    616
                ],
                [
                    920,
                    642
                ],
                [
                    895,
                    642
                ]
            ],
            "text": "=",
            "label": "Out"
        },
        {
            "index": 54,
            "bbox": [
                [
                    931,
                    616
                ],
                [
                    998,
                    616
                ],
                [
                    998,
                    640
                ],
                [
                    931,
                    640
                ]
            ],
            "text": "0.2-0.5",
            "label": "Out"
        },
        {
            "index": 55,
            "bbox": [
                [
                    993,
                    618
                ],
                [
                    1030,
                    618
                ],
                [
                    1030,
                    642
                ],
                [
                    993,
                    642
                ]
            ],
            "text": "um",
            "label": "Out"
        },
        {
            "index": 56,
            "bbox": [
                [
                    1036,
                    616
                ],
                [
                    1114,
                    616
                ],
                [
                    1114,
                    642
                ],
                [
                    1036,
                    642
                ]
            ],
            "text": "Ultrafine",
            "label": "Out"
        },
        {
            "index": 57,
            "bbox": [
                [
                    1303,
                    601
                ],
                [
                    1337,
                    601
                ],
                [
                    1337,
                    631
                ],
                [
                    1303,
                    631
                ]
            ],
            "text": "(Up",
            "label": "Out"
        },
        {
            "index": 58,
            "bbox": [
                [
                    1333,
                    601
                ],
                [
                    1361,
                    601
                ],
                [
                    1361,
                    629
                ],
                [
                    1333,
                    629
                ]
            ],
            "text": "to",
            "label": "Out"
        },
        {
            "index": 59,
            "bbox": [
                [
                    1357,
                    601
                ],
                [
                    1384,
                    601
                ],
                [
                    1384,
                    627
                ],
                [
                    1357,
                    627
                ]
            ],
            "text": "18",
            "label": "Out"
        },
        {
            "index": 60,
            "bbox": [
                [
                    1382,
                    601
                ],
                [
                    1412,
                    601
                ],
                [
                    1412,
                    629
                ],
                [
                    1382,
                    629
                ]
            ],
            "text": "%)",
            "label": "Out"
        },
        {
            "index": 61,
            "bbox": [
                [
                    1301,
                    638
                ],
                [
                    1331,
                    638
                ],
                [
                    1331,
                    663
                ],
                [
                    1301,
                    663
                ]
            ],
            "text": "06:",
            "label": "Out"
        },
        {
            "index": 62,
            "bbox": [
                [
                    1329,
                    642
                ],
                [
                    1346,
                    642
                ],
                [
                    1346,
                    661
                ],
                [
                    1329,
                    661
                ]
            ],
            "text": "=",
            "label": "Out"
        },
        {
            "index": 63,
            "bbox": [
                [
                    1341,
                    640
                ],
                [
                    1378,
                    640
                ],
                [
                    1378,
                    663
                ],
                [
                    1341,
                    663
                ]
            ],
            "text": "6%",
            "label": "Out"
        },
        {
            "index": 64,
            "bbox": [
                [
                    875,
                    650
                ],
                [
                    901,
                    650
                ],
                [
                    901,
                    678
                ],
                [
                    875,
                    678
                ]
            ],
            "text": "S",
            "label": "Out"
        },
        {
            "index": 65,
            "bbox": [
                [
                    899,
                    655
                ],
                [
                    920,
                    655
                ],
                [
                    920,
                    676
                ],
                [
                    899,
                    676
                ]
            ],
            "text": "=",
            "label": "Out"
        },
        {
            "index": 66,
            "bbox": [
                [
                    931,
                    653
                ],
                [
                    998,
                    653
                ],
                [
                    998,
                    676
                ],
                [
                    931,
                    676
                ]
            ],
            "text": "0.5-0.8",
            "label": "Out"
        },
        {
            "index": 67,
            "bbox": [
                [
                    993,
                    655
                ],
                [
                    1030,
                    655
                ],
                [
                    1030,
                    678
                ],
                [
                    993,
                    678
                ]
            ],
            "text": "um",
            "label": "Out"
        },
        {
            "index": 68,
            "bbox": [
                [
                    1034,
                    650
                ],
                [
                    1133,
                    650
                ],
                [
                    1133,
                    678
                ],
                [
                    1034,
                    678
                ]
            ],
            "text": "Submicron",
            "label": "Out"
        },
        {
            "index": 69,
            "bbox": [
                [
                    875,
                    685
                ],
                [
                    899,
                    685
                ],
                [
                    899,
                    715
                ],
                [
                    875,
                    715
                ]
            ],
            "text": "F",
            "label": "Out"
        },
        {
            "index": 70,
            "bbox": [
                [
                    897,
                    687
                ],
                [
                    920,
                    687
                ],
                [
                    920,
                    713
                ],
                [
                    897,
                    713
                ]
            ],
            "text": "=",
            "label": "Out"
        },
        {
            "index": 71,
            "bbox": [
                [
                    929,
                    685
                ],
                [
                    1000,
                    685
                ],
                [
                    1000,
                    715
                ],
                [
                    929,
                    715
                ]
            ],
            "text": "0.8-1.3",
            "label": "Out"
        },
        {
            "index": 72,
            "bbox": [
                [
                    996,
                    689
                ],
                [
                    1028,
                    689
                ],
                [
                    1028,
                    715
                ],
                [
                    996,
                    715
                ]
            ],
            "text": "um",
            "label": "Out"
        },
        {
            "index": 73,
            "bbox": [
                [
                    1036,
                    687
                ],
                [
                    1077,
                    687
                ],
                [
                    1077,
                    713
                ],
                [
                    1036,
                    713
                ]
            ],
            "text": "Fine",
            "label": "Out"
        },
        {
            "index": 74,
            "bbox": [
                [
                    1303,
                    674
                ],
                [
                    1348,
                    674
                ],
                [
                    1348,
                    700
                ],
                [
                    1303,
                    700
                ]
            ],
            "text": "15=",
            "label": "Out"
        },
        {
            "index": 75,
            "bbox": [
                [
                    1341,
                    674
                ],
                [
                    1378,
                    674
                ],
                [
                    1378,
                    700
                ],
                [
                    1341,
                    700
                ]
            ],
            "text": "6%",
            "label": "Out"
        },
        {
            "index": 76,
            "bbox": [
                [
                    873,
                    719
                ],
                [
                    920,
                    719
                ],
                [
                    920,
                    751
                ],
                [
                    873,
                    751
                ]
            ],
            "text": "M=",
            "label": "Out"
        },
        {
            "index": 77,
            "bbox": [
                [
                    929,
                    721
                ],
                [
                    1000,
                    721
                ],
                [
                    1000,
                    751
                ],
                [
                    929,
                    751
                ]
            ],
            "text": "1.3-2.5",
            "label": "Out"
        },
        {
            "index": 78,
            "bbox": [
                [
                    993,
                    726
                ],
                [
                    1028,
                    726
                ],
                [
                    1028,
                    751
                ],
                [
                    993,
                    751
                ]
            ],
            "text": "um",
            "label": "Out"
        },
        {
            "index": 79,
            "bbox": [
                [
                    1036,
                    724
                ],
                [
                    1109,
                    724
                ],
                [
                    1109,
                    747
                ],
                [
                    1036,
                    747
                ]
            ],
            "text": "Medium",
            "label": "Out"
        },
        {
            "index": 80,
            "bbox": [
                [
                    1301,
                    711
                ],
                [
                    1331,
                    711
                ],
                [
                    1331,
                    736
                ],
                [
                    1301,
                    736
                ]
            ],
            "text": "67:",
            "label": "Out"
        },
        {
            "index": 81,
            "bbox": [
                [
                    1326,
                    715
                ],
                [
                    1348,
                    715
                ],
                [
                    1348,
                    736
                ],
                [
                    1326,
                    736
                ]
            ],
            "text": "=",
            "label": "Out"
        },
        {
            "index": 82,
            "bbox": [
                [
                    1344,
                    711
                ],
                [
                    1389,
                    711
                ],
                [
                    1389,
                    734
                ],
                [
                    1344,
                    734
                ]
            ],
            "text": "13%",
            "label": "Out"
        },
        {
            "index": 83,
            "bbox": [
                [
                    875,
                    758
                ],
                [
                    903,
                    758
                ],
                [
                    903,
                    786
                ],
                [
                    875,
                    786
                ]
            ],
            "text": "C",
            "label": "Out"
        },
        {
            "index": 84,
            "bbox": [
                [
                    895,
                    760
                ],
                [
                    920,
                    760
                ],
                [
                    920,
                    784
                ],
                [
                    895,
                    784
                ]
            ],
            "text": "=",
            "label": "Out"
        },
        {
            "index": 85,
            "bbox": [
                [
                    929,
                    760
                ],
                [
                    1000,
                    760
                ],
                [
                    1000,
                    784
                ],
                [
                    929,
                    784
                ]
            ],
            "text": "2.5-6.0",
            "label": "Out"
        },
        {
            "index": 86,
            "bbox": [
                [
                    993,
                    762
                ],
                [
                    1030,
                    762
                ],
                [
                    1030,
                    788
                ],
                [
                    993,
                    788
                ]
            ],
            "text": "um",
            "label": "Out"
        },
        {
            "index": 87,
            "bbox": [
                [
                    1036,
                    760
                ],
                [
                    1103,
                    760
                ],
                [
                    1103,
                    784
                ],
                [
                    1036,
                    784
                ]
            ],
            "text": "Coarse",
            "label": "Out"
        },
        {
            "index": 88,
            "bbox": [
                [
                    875,
                    794
                ],
                [
                    903,
                    794
                ],
                [
                    903,
                    822
                ],
                [
                    875,
                    822
                ]
            ],
            "text": "E",
            "label": "Out"
        },
        {
            "index": 89,
            "bbox": [
                [
                    899,
                    799
                ],
                [
                    916,
                    799
                ],
                [
                    916,
                    818
                ],
                [
                    899,
                    818
                ]
            ],
            "text": "=",
            "label": "Out"
        },
        {
            "index": 90,
            "bbox": [
                [
                    927,
                    792
                ],
                [
                    1013,
                    792
                ],
                [
                    1013,
                    825
                ],
                [
                    927,
                    825
                ]
            ],
            "text": ">6.0um",
            "label": "Out"
        },
        {
            "index": 91,
            "bbox": [
                [
                    1034,
                    792
                ],
                [
                    1088,
                    792
                ],
                [
                    1088,
                    822
                ],
                [
                    1034,
                    822
                ]
            ],
            "text": "Extra",
            "label": "Out"
        },
        {
            "index": 92,
            "bbox": [
                [
                    1082,
                    792
                ],
                [
                    1152,
                    792
                ],
                [
                    1152,
                    822
                ],
                [
                    1082,
                    822
                ]
            ],
            "text": "Coarse",
            "label": "Out"
        },
        {
            "index": 93,
            "bbox": [
                [
                    1361,
                    1978
                ],
                [
                    1601,
                    1978
                ],
                [
                    1601,
                    2017
                ],
                [
                    1361,
                    2017
                ]
            ],
            "text": "KENNAMETAL",
            "label": "Out"
        },
        {
            "index": 94,
            "bbox": [
                [
                    93,
                    2086
                ],
                [
                    158,
                    2086
                ],
                [
                    158,
                    2116
                ],
                [
                    93,
                    2116
                ]
            ],
            "text": "C2019",
            "label": "Out"
        },
        {
            "index": 95,
            "bbox": [
                [
                    151,
                    2090
                ],
                [
                    244,
                    2090
                ],
                [
                    244,
                    2111
                ],
                [
                    151,
                    2111
                ]
            ],
            "text": "Kennametal",
            "label": "Out"
        },
        {
            "index": 96,
            "bbox": [
                [
                    237,
                    2090
                ],
                [
                    274,
                    2090
                ],
                [
                    274,
                    2114
                ],
                [
                    237,
                    2114
                ]
            ],
            "text": "Inc.",
            "label": "Out"
        },
        {
            "index": 97,
            "bbox": [
                [
                    272,
                    2088
                ],
                [
                    287,
                    2088
                ],
                [
                    287,
                    2111
                ],
                [
                    272,
                    2111
                ]
            ],
            "text": "I",
            "label": "Out"
        },
        {
            "index": 98,
            "bbox": [
                [
                    280,
                    2086
                ],
                [
                    358,
                    2086
                ],
                [
                    358,
                    2118
                ],
                [
                    280,
                    2118
                ]
            ],
            "text": "Allrights",
            "label": "Out"
        },
        {
            "index": 99,
            "bbox": [
                [
                    349,
                    2086
                ],
                [
                    426,
                    2086
                ],
                [
                    426,
                    2116
                ],
                [
                    349,
                    2116
                ]
            ],
            "text": "reserved.",
            "label": "Out"
        },
        {
            "index": 100,
            "bbox": [
                [
                    437,
                    2090
                ],
                [
                    551,
                    2090
                ],
                [
                    551,
                    2111
                ],
                [
                    437,
                    2111
                ]
            ],
            "text": "B-19-05942EN",
            "label": "Out"
        },
        {
            "index": 101,
            "bbox": [
                [
                    1359,
                    2083
                ],
                [
                    1604,
                    2083
                ],
                [
                    1604,
                    2120
                ],
                [
                    1359,
                    2120
                ]
            ],
            "text": "kennametal.com",
            "label": "Out"
        }
    ]
}