{
    "datasheet": [
        {
            "index": 0,
            "bbox": [
                [
                    57,
                    41
                ],
                [
                    577,
                    41
                ],
                [
                    577,
                    127
                ],
                [
                    57,
                    127
                ]
            ],
            "text": "BINSPIRE",
            "label": "Out"
        },
        {
            "index": 1,
            "bbox": [
                [
                    1074,
                    57
                ],
                [
                    1337,
                    57
                ],
                [
                    1337,
                    122
                ],
                [
                    1074,
                    122
                ]
            ],
            "text": "Designer",
            "label": "Out"
        },
        {
            "index": 2,
            "bbox": [
                [
                    1359,
                    57
                ],
                [
                    1513,
                    57
                ],
                [
                    1513,
                    109
                ],
                [
                    1359,
                    109
                ]
            ],
            "text": "Basin",
            "label": "Out"
        },
        {
            "index": 3,
            "bbox": [
                [
                    504,
                    271
                ],
                [
                    546,
                    271
                ],
                [
                    546,
                    298
                ],
                [
                    504,
                    298
                ]
            ],
            "text": "355",
            "label": "Out"
        },
        {
            "index": 4,
            "bbox": [
                [
                    1037,
                    256
                ],
                [
                    1236,
                    256
                ],
                [
                    1236,
                    287
                ],
                [
                    1037,
                    287
                ]
            ],
            "text": "IS4088MW",
            "label": "B_Ref"
        },
        {
            "index": 5,
            "bbox": [
                [
                    1289,
                    258
                ],
                [
                    1353,
                    258
                ],
                [
                    1353,
                    291
                ],
                [
                    1289,
                    291
                ]
            ],
            "text": "RRP:",
            "label": "B_Prop"
        },
        {
            "index": 6,
            "bbox": [
                [
                    1359,
                    258
                ],
                [
                    1427,
                    258
                ],
                [
                    1427,
                    293
                ],
                [
                    1359,
                    293
                ]
            ],
            "text": "$375",
            "label": "B_Value"
        },
        {
            "index": 7,
            "bbox": [
                [
                    511,
                    339
                ],
                [
                    537,
                    339
                ],
                [
                    537,
                    366
                ],
                [
                    511,
                    366
                ]
            ],
            "text": "@",
            "label": "Out"
        },
        {
            "index": 8,
            "bbox": [
                [
                    629,
                    337
                ],
                [
                    666,
                    337
                ],
                [
                    666,
                    361
                ],
                [
                    629,
                    361
                ]
            ],
            "text": "355",
            "label": "Out"
        },
        {
            "index": 9,
            "bbox": [
                [
                    851,
                    333
                ],
                [
                    976,
                    333
                ],
                [
                    976,
                    361
                ],
                [
                    851,
                    361
                ]
            ],
            "text": "FEATURES:",
            "label": "Out"
        },
        {
            "index": 10,
            "bbox": [
                [
                    1028,
                    331
                ],
                [
                    1092,
                    331
                ],
                [
                    1092,
                    361
                ],
                [
                    1028,
                    361
                ]
            ],
            "text": "Ultra",
            "label": "B_Descri"
        },
        {
            "index": 11,
            "bbox": [
                [
                    1087,
                    331
                ],
                [
                    1144,
                    331
                ],
                [
                    1144,
                    361
                ],
                [
                    1087,
                    361
                ]
            ],
            "text": "Slim",
            "label": "I_Descri"
        },
        {
            "index": 12,
            "bbox": [
                [
                    1142,
                    331
                ],
                [
                    1219,
                    331
                ],
                [
                    1219,
                    361
                ],
                [
                    1142,
                    361
                ]
            ],
            "text": "Matte",
            "label": "I_Descri"
        },
        {
            "index": 13,
            "bbox": [
                [
                    1217,
                    331
                ],
                [
                    1291,
                    331
                ],
                [
                    1291,
                    361
                ],
                [
                    1217,
                    361
                ]
            ],
            "text": "White",
            "label": "I_Descri"
        },
        {
            "index": 14,
            "bbox": [
                [
                    1289,
                    331
                ],
                [
                    1346,
                    331
                ],
                [
                    1346,
                    361
                ],
                [
                    1289,
                    361
                ]
            ],
            "text": "Fine",
            "label": "I_Descri"
        },
        {
            "index": 15,
            "bbox": [
                [
                    1344,
                    335
                ],
                [
                    1440,
                    335
                ],
                [
                    1440,
                    357
                ],
                [
                    1344,
                    357
                ]
            ],
            "text": "Ceramic",
            "label": "I_Descri"
        },
        {
            "index": 16,
            "bbox": [
                [
                    695,
                    372
                ],
                [
                    732,
                    372
                ],
                [
                    732,
                    399
                ],
                [
                    695,
                    399
                ]
            ],
            "text": "120",
            "label": "Out"
        },
        {
            "index": 17,
            "bbox": [
                [
                    1030,
                    366
                ],
                [
                    1131,
                    366
                ],
                [
                    1131,
                    399
                ],
                [
                    1030,
                    399
                ]
            ],
            "text": "Requires",
            "label": "B_Descri"
        },
        {
            "index": 18,
            "bbox": [
                [
                    1133,
                    368
                ],
                [
                    1208,
                    368
                ],
                [
                    1208,
                    392
                ],
                [
                    1133,
                    392
                ]
            ],
            "text": "32mm",
            "label": "I_Descri"
        },
        {
            "index": 19,
            "bbox": [
                [
                    1210,
                    366
                ],
                [
                    1291,
                    366
                ],
                [
                    1291,
                    396
                ],
                [
                    1210,
                    396
                ]
            ],
            "text": "Waste,",
            "label": "I_Descri"
        },
        {
            "index": 20,
            "bbox": [
                [
                    1293,
                    366
                ],
                [
                    1333,
                    366
                ],
                [
                    1333,
                    394
                ],
                [
                    1293,
                    394
                ]
            ],
            "text": "No",
            "label": "I_Descri"
        },
        {
            "index": 21,
            "bbox": [
                [
                    1331,
                    366
                ],
                [
                    1438,
                    366
                ],
                [
                    1438,
                    394
                ],
                [
                    1331,
                    394
                ]
            ],
            "text": "Overflow",
            "label": "I_Descri"
        },
        {
            "index": 22,
            "bbox": [
                [
                    1030,
                    399
                ],
                [
                    1153,
                    399
                ],
                [
                    1153,
                    427
                ],
                [
                    1030,
                    427
                ]
            ],
            "text": "Dimension",
            "label": "B_Descri"
        },
        {
            "index": 23,
            "bbox": [
                [
                    1153,
                    396
                ],
                [
                    1206,
                    396
                ],
                [
                    1206,
                    429
                ],
                [
                    1153,
                    429
                ]
            ],
            "text": "355",
            "label": "I_Descri"
        },
        {
            "index": 24,
            "bbox": [
                [
                    1199,
                    401
                ],
                [
                    1223,
                    401
                ],
                [
                    1223,
                    429
                ],
                [
                    1199,
                    429
                ]
            ],
            "text": "X",
            "label": "I_Descri"
        },
        {
            "index": 25,
            "bbox": [
                [
                    1219,
                    396
                ],
                [
                    1272,
                    396
                ],
                [
                    1272,
                    429
                ],
                [
                    1219,
                    429
                ]
            ],
            "text": "355",
            "label": "I_Descri"
        },
        {
            "index": 26,
            "bbox": [
                [
                    1267,
                    401
                ],
                [
                    1291,
                    401
                ],
                [
                    1291,
                    429
                ],
                [
                    1267,
                    429
                ]
            ],
            "text": "X",
            "label": "I_Descri"
        },
        {
            "index": 27,
            "bbox": [
                [
                    1287,
                    399
                ],
                [
                    1379,
                    399
                ],
                [
                    1379,
                    427
                ],
                [
                    1287,
                    427
                ]
            ],
            "text": "120mm",
            "label": "I_Descri"
        },
        {
            "index": 28,
            "bbox": [
                [
                    1033,
                    616
                ],
                [
                    1221,
                    616
                ],
                [
                    1221,
                    653
                ],
                [
                    1033,
                    653
                ]
            ],
            "text": "IS4088MP",
            "label": "B_Ref"
        },
        {
            "index": 29,
            "bbox": [
                [
                    1291,
                    618
                ],
                [
                    1353,
                    618
                ],
                [
                    1353,
                    651
                ],
                [
                    1291,
                    651
                ]
            ],
            "text": "RRP:",
            "label": "B_Prop"
        },
        {
            "index": 30,
            "bbox": [
                [
                    1359,
                    618
                ],
                [
                    1427,
                    618
                ],
                [
                    1427,
                    653
                ],
                [
                    1359,
                    653
                ]
            ],
            "text": "$375",
            "label": "B_Value"
        },
        {
            "index": 31,
            "bbox": [
                [
                    506,
                    659
                ],
                [
                    546,
                    659
                ],
                [
                    546,
                    686
                ],
                [
                    506,
                    686
                ]
            ],
            "text": "355",
            "label": "Out"
        },
        {
            "index": 32,
            "bbox": [
                [
                    511,
                    727
                ],
                [
                    537,
                    727
                ],
                [
                    537,
                    754
                ],
                [
                    511,
                    754
                ]
            ],
            "text": "@",
            "label": "Out"
        },
        {
            "index": 33,
            "bbox": [
                [
                    631,
                    725
                ],
                [
                    666,
                    725
                ],
                [
                    666,
                    749
                ],
                [
                    631,
                    749
                ]
            ],
            "text": "355",
            "label": "Out"
        },
        {
            "index": 34,
            "bbox": [
                [
                    851,
                    721
                ],
                [
                    976,
                    721
                ],
                [
                    976,
                    749
                ],
                [
                    851,
                    749
                ]
            ],
            "text": "FEATURES:",
            "label": "Out"
        },
        {
            "index": 35,
            "bbox": [
                [
                    1028,
                    719
                ],
                [
                    1092,
                    719
                ],
                [
                    1092,
                    749
                ],
                [
                    1028,
                    749
                ]
            ],
            "text": "Ultra",
            "label": "B_Descri"
        },
        {
            "index": 36,
            "bbox": [
                [
                    1087,
                    719
                ],
                [
                    1147,
                    719
                ],
                [
                    1147,
                    749
                ],
                [
                    1087,
                    749
                ]
            ],
            "text": "Slim",
            "label": "I_Descri"
        },
        {
            "index": 37,
            "bbox": [
                [
                    1142,
                    719
                ],
                [
                    1219,
                    719
                ],
                [
                    1219,
                    749
                ],
                [
                    1142,
                    749
                ]
            ],
            "text": "Matte",
            "label": "I_Descri"
        },
        {
            "index": 38,
            "bbox": [
                [
                    1217,
                    716
                ],
                [
                    1274,
                    716
                ],
                [
                    1274,
                    749
                ],
                [
                    1217,
                    749
                ]
            ],
            "text": "Pink",
            "label": "I_Descri"
        },
        {
            "index": 39,
            "bbox": [
                [
                    1269,
                    719
                ],
                [
                    1326,
                    719
                ],
                [
                    1326,
                    749
                ],
                [
                    1269,
                    749
                ]
            ],
            "text": "Fine",
            "label": "I_Descri"
        },
        {
            "index": 40,
            "bbox": [
                [
                    1322,
                    719
                ],
                [
                    1421,
                    719
                ],
                [
                    1421,
                    747
                ],
                [
                    1322,
                    747
                ]
            ],
            "text": "Ceramic",
            "label": "I_Descri"
        },
        {
            "index": 41,
            "bbox": [
                [
                    697,
                    758
                ],
                [
                    730,
                    758
                ],
                [
                    730,
                    787
                ],
                [
                    697,
                    787
                ]
            ],
            "text": "120",
            "label": "Out"
        },
        {
            "index": 42,
            "bbox": [
                [
                    1030,
                    754
                ],
                [
                    1131,
                    754
                ],
                [
                    1131,
                    784
                ],
                [
                    1030,
                    784
                ]
            ],
            "text": "Requires",
            "label": "B_Descri"
        },
        {
            "index": 43,
            "bbox": [
                [
                    1131,
                    751
                ],
                [
                    1210,
                    751
                ],
                [
                    1210,
                    782
                ],
                [
                    1131,
                    782
                ]
            ],
            "text": "32mm",
            "label": "I_Descri"
        },
        {
            "index": 44,
            "bbox": [
                [
                    1210,
                    751
                ],
                [
                    1291,
                    751
                ],
                [
                    1291,
                    784
                ],
                [
                    1210,
                    784
                ]
            ],
            "text": "Waste,",
            "label": "I_Descri"
        },
        {
            "index": 45,
            "bbox": [
                [
                    1293,
                    754
                ],
                [
                    1333,
                    754
                ],
                [
                    1333,
                    782
                ],
                [
                    1293,
                    782
                ]
            ],
            "text": "No",
            "label": "I_Descri"
        },
        {
            "index": 46,
            "bbox": [
                [
                    1331,
                    754
                ],
                [
                    1440,
                    754
                ],
                [
                    1440,
                    782
                ],
                [
                    1331,
                    782
                ]
            ],
            "text": "Overflow",
            "label": "I_Descri"
        },
        {
            "index": 47,
            "bbox": [
                [
                    1030,
                    787
                ],
                [
                    1153,
                    787
                ],
                [
                    1153,
                    815
                ],
                [
                    1030,
                    815
                ]
            ],
            "text": "Dimension",
            "label": "B_Descri"
        },
        {
            "index": 48,
            "bbox": [
                [
                    1153,
                    784
                ],
                [
                    1204,
                    784
                ],
                [
                    1204,
                    817
                ],
                [
                    1153,
                    817
                ]
            ],
            "text": "355",
            "label": "I_Descri"
        },
        {
            "index": 49,
            "bbox": [
                [
                    1199,
                    789
                ],
                [
                    1223,
                    789
                ],
                [
                    1223,
                    817
                ],
                [
                    1199,
                    817
                ]
            ],
            "text": "X",
            "label": "I_Descri"
        },
        {
            "index": 50,
            "bbox": [
                [
                    1219,
                    784
                ],
                [
                    1272,
                    784
                ],
                [
                    1272,
                    817
                ],
                [
                    1219,
                    817
                ]
            ],
            "text": "355",
            "label": "I_Descri"
        },
        {
            "index": 51,
            "bbox": [
                [
                    1267,
                    789
                ],
                [
                    1289,
                    789
                ],
                [
                    1289,
                    817
                ],
                [
                    1267,
                    817
                ]
            ],
            "text": "X",
            "label": "I_Descri"
        },
        {
            "index": 52,
            "bbox": [
                [
                    1287,
                    787
                ],
                [
                    1379,
                    787
                ],
                [
                    1379,
                    815
                ],
                [
                    1287,
                    815
                ]
            ],
            "text": "120mm",
            "label": "I_Descri"
        },
        {
            "index": 53,
            "bbox": [
                [
                    1035,
                    1047
                ],
                [
                    1228,
                    1047
                ],
                [
                    1228,
                    1085
                ],
                [
                    1035,
                    1085
                ]
            ],
            "text": "IS4088MG",
            "label": "B_Ref"
        },
        {
            "index": 54,
            "bbox": [
                [
                    1289,
                    1052
                ],
                [
                    1353,
                    1052
                ],
                [
                    1353,
                    1083
                ],
                [
                    1289,
                    1083
                ]
            ],
            "text": "RRP:",
            "label": "B_Prop"
        },
        {
            "index": 55,
            "bbox": [
                [
                    1359,
                    1050
                ],
                [
                    1427,
                    1050
                ],
                [
                    1427,
                    1085
                ],
                [
                    1359,
                    1085
                ]
            ],
            "text": "$375",
            "label": "B_Value"
        },
        {
            "index": 56,
            "bbox": [
                [
                    500,
                    1072
                ],
                [
                    539,
                    1072
                ],
                [
                    539,
                    1098
                ],
                [
                    500,
                    1098
                ]
            ],
            "text": "355",
            "label": "Out"
        },
        {
            "index": 57,
            "bbox": [
                [
                    851,
                    1126
                ],
                [
                    973,
                    1126
                ],
                [
                    973,
                    1155
                ],
                [
                    851,
                    1155
                ]
            ],
            "text": "FEATURES:",
            "label": "Out"
        },
        {
            "index": 58,
            "bbox": [
                [
                    1030,
                    1124
                ],
                [
                    1094,
                    1124
                ],
                [
                    1094,
                    1155
                ],
                [
                    1030,
                    1155
                ]
            ],
            "text": "Ultra",
            "label": "B_Descri"
        },
        {
            "index": 59,
            "bbox": [
                [
                    1090,
                    1124
                ],
                [
                    1149,
                    1124
                ],
                [
                    1149,
                    1157
                ],
                [
                    1090,
                    1157
                ]
            ],
            "text": "Slim",
            "label": "I_Descri"
        },
        {
            "index": 60,
            "bbox": [
                [
                    1147,
                    1124
                ],
                [
                    1221,
                    1124
                ],
                [
                    1221,
                    1155
                ],
                [
                    1147,
                    1155
                ]
            ],
            "text": "Matte",
            "label": "I_Descri"
        },
        {
            "index": 61,
            "bbox": [
                [
                    1217,
                    1126
                ],
                [
                    1278,
                    1126
                ],
                [
                    1278,
                    1157
                ],
                [
                    1217,
                    1157
                ]
            ],
            "text": "Grey",
            "label": "I_Descri"
        },
        {
            "index": 62,
            "bbox": [
                [
                    1278,
                    1124
                ],
                [
                    1333,
                    1124
                ],
                [
                    1333,
                    1155
                ],
                [
                    1278,
                    1155
                ]
            ],
            "text": "Fine",
            "label": "I_Descri"
        },
        {
            "index": 63,
            "bbox": [
                [
                    1331,
                    1126
                ],
                [
                    1429,
                    1126
                ],
                [
                    1429,
                    1155
                ],
                [
                    1331,
                    1155
                ]
            ],
            "text": "Ceramic",
            "label": "I_Descri"
        },
        {
            "index": 64,
            "bbox": [
                [
                    504,
                    1144
                ],
                [
                    531,
                    1144
                ],
                [
                    531,
                    1172
                ],
                [
                    504,
                    1172
                ]
            ],
            "text": "@",
            "label": "Out"
        },
        {
            "index": 65,
            "bbox": [
                [
                    631,
                    1144
                ],
                [
                    669,
                    1144
                ],
                [
                    669,
                    1168
                ],
                [
                    631,
                    1168
                ]
            ],
            "text": "355",
            "label": "Out"
        },
        {
            "index": 66,
            "bbox": [
                [
                    1033,
                    1159
                ],
                [
                    1133,
                    1159
                ],
                [
                    1133,
                    1190
                ],
                [
                    1033,
                    1190
                ]
            ],
            "text": "Requires",
            "label": "B_Descri"
        },
        {
            "index": 67,
            "bbox": [
                [
                    1136,
                    1161
                ],
                [
                    1210,
                    1161
                ],
                [
                    1210,
                    1186
                ],
                [
                    1136,
                    1186
                ]
            ],
            "text": "32mm",
            "label": "I_Descri"
        },
        {
            "index": 68,
            "bbox": [
                [
                    1212,
                    1159
                ],
                [
                    1293,
                    1159
                ],
                [
                    1293,
                    1190
                ],
                [
                    1212,
                    1190
                ]
            ],
            "text": "Waste,",
            "label": "I_Descri"
        },
        {
            "index": 69,
            "bbox": [
                [
                    1296,
                    1159
                ],
                [
                    1335,
                    1159
                ],
                [
                    1335,
                    1188
                ],
                [
                    1296,
                    1188
                ]
            ],
            "text": "No",
            "label": "I_Descri"
        },
        {
            "index": 70,
            "bbox": [
                [
                    1333,
                    1157
                ],
                [
                    1443,
                    1157
                ],
                [
                    1443,
                    1188
                ],
                [
                    1333,
                    1188
                ]
            ],
            "text": "Overflow",
            "label": "I_Descri"
        },
        {
            "index": 71,
            "bbox": [
                [
                    699,
                    1183
                ],
                [
                    737,
                    1183
                ],
                [
                    737,
                    1210
                ],
                [
                    699,
                    1210
                ]
            ],
            "text": "120",
            "label": "Out"
        },
        {
            "index": 72,
            "bbox": [
                [
                    1033,
                    1192
                ],
                [
                    1158,
                    1192
                ],
                [
                    1158,
                    1221
                ],
                [
                    1033,
                    1221
                ]
            ],
            "text": "Dimension",
            "label": "B_Descri"
        },
        {
            "index": 73,
            "bbox": [
                [
                    1158,
                    1194
                ],
                [
                    1206,
                    1194
                ],
                [
                    1206,
                    1221
                ],
                [
                    1158,
                    1221
                ]
            ],
            "text": "355",
            "label": "I_Descri"
        },
        {
            "index": 74,
            "bbox": [
                [
                    1201,
                    1194
                ],
                [
                    1228,
                    1194
                ],
                [
                    1228,
                    1223
                ],
                [
                    1201,
                    1223
                ]
            ],
            "text": "X",
            "label": "I_Descri"
        },
        {
            "index": 75,
            "bbox": [
                [
                    1221,
                    1190
                ],
                [
                    1274,
                    1190
                ],
                [
                    1274,
                    1223
                ],
                [
                    1221,
                    1223
                ]
            ],
            "text": "355",
            "label": "I_Descri"
        },
        {
            "index": 76,
            "bbox": [
                [
                    1267,
                    1194
                ],
                [
                    1291,
                    1194
                ],
                [
                    1291,
                    1223
                ],
                [
                    1267,
                    1223
                ]
            ],
            "text": "X",
            "label": "I_Descri"
        },
        {
            "index": 77,
            "bbox": [
                [
                    1289,
                    1192
                ],
                [
                    1381,
                    1192
                ],
                [
                    1381,
                    1221
                ],
                [
                    1289,
                    1221
                ]
            ],
            "text": "120mm",
            "label": "I_Descri"
        },
        {
            "index": 78,
            "bbox": [
                [
                    504,
                    1482
                ],
                [
                    546,
                    1482
                ],
                [
                    546,
                    1506
                ],
                [
                    504,
                    1506
                ]
            ],
            "text": "355",
            "label": "Out"
        },
        {
            "index": 79,
            "bbox": [
                [
                    1035,
                    1466
                ],
                [
                    1221,
                    1466
                ],
                [
                    1221,
                    1497
                ],
                [
                    1035,
                    1497
                ]
            ],
            "text": "IS4088MB",
            "label": "B_Ref"
        },
        {
            "index": 80,
            "bbox": [
                [
                    1289,
                    1466
                ],
                [
                    1353,
                    1466
                ],
                [
                    1353,
                    1497
                ],
                [
                    1289,
                    1497
                ]
            ],
            "text": "RRP:",
            "label": "B_Prop"
        },
        {
            "index": 81,
            "bbox": [
                [
                    1357,
                    1462
                ],
                [
                    1429,
                    1462
                ],
                [
                    1429,
                    1503
                ],
                [
                    1357,
                    1503
                ]
            ],
            "text": "$375",
            "label": "B_Value"
        },
        {
            "index": 82,
            "bbox": [
                [
                    511,
                    1550
                ],
                [
                    537,
                    1550
                ],
                [
                    537,
                    1576
                ],
                [
                    511,
                    1576
                ]
            ],
            "text": "@",
            "label": "Out"
        },
        {
            "index": 83,
            "bbox": [
                [
                    629,
                    1547
                ],
                [
                    666,
                    1547
                ],
                [
                    666,
                    1571
                ],
                [
                    629,
                    1571
                ]
            ],
            "text": "355",
            "label": "Out"
        },
        {
            "index": 84,
            "bbox": [
                [
                    853,
                    1545
                ],
                [
                    973,
                    1545
                ],
                [
                    973,
                    1567
                ],
                [
                    853,
                    1567
                ]
            ],
            "text": "FEATURES:",
            "label": "Out"
        },
        {
            "index": 85,
            "bbox": [
                [
                    1028,
                    1541
                ],
                [
                    1092,
                    1541
                ],
                [
                    1092,
                    1571
                ],
                [
                    1028,
                    1571
                ]
            ],
            "text": "Ultra",
            "label": "B_Descri"
        },
        {
            "index": 86,
            "bbox": [
                [
                    1090,
                    1541
                ],
                [
                    1144,
                    1541
                ],
                [
                    1144,
                    1571
                ],
                [
                    1090,
                    1571
                ]
            ],
            "text": "Slim",
            "label": "I_Descri"
        },
        {
            "index": 87,
            "bbox": [
                [
                    1142,
                    1541
                ],
                [
                    1219,
                    1541
                ],
                [
                    1219,
                    1571
                ],
                [
                    1142,
                    1571
                ]
            ],
            "text": "Matte",
            "label": "I_Descri"
        },
        {
            "index": 88,
            "bbox": [
                [
                    1217,
                    1541
                ],
                [
                    1283,
                    1541
                ],
                [
                    1283,
                    1571
                ],
                [
                    1217,
                    1571
                ]
            ],
            "text": "Black",
            "label": "I_Descri"
        },
        {
            "index": 89,
            "bbox": [
                [
                    1280,
                    1541
                ],
                [
                    1337,
                    1541
                ],
                [
                    1337,
                    1571
                ],
                [
                    1280,
                    1571
                ]
            ],
            "text": "Fine",
            "label": "I_Descri"
        },
        {
            "index": 90,
            "bbox": [
                [
                    1333,
                    1541
                ],
                [
                    1434,
                    1541
                ],
                [
                    1434,
                    1569
                ],
                [
                    1333,
                    1569
                ]
            ],
            "text": "Ceramic",
            "label": "I_Descri"
        },
        {
            "index": 91,
            "bbox": [
                [
                    697,
                    1580
                ],
                [
                    732,
                    1580
                ],
                [
                    732,
                    1609
                ],
                [
                    697,
                    1609
                ]
            ],
            "text": "120",
            "label": "Out"
        },
        {
            "index": 92,
            "bbox": [
                [
                    1030,
                    1576
                ],
                [
                    1131,
                    1576
                ],
                [
                    1131,
                    1607
                ],
                [
                    1030,
                    1607
                ]
            ],
            "text": "Requires",
            "label": "B_Descri"
        },
        {
            "index": 93,
            "bbox": [
                [
                    1131,
                    1574
                ],
                [
                    1210,
                    1574
                ],
                [
                    1210,
                    1604
                ],
                [
                    1131,
                    1604
                ]
            ],
            "text": "32mm",
            "label": "I_Descri"
        },
        {
            "index": 94,
            "bbox": [
                [
                    1210,
                    1576
                ],
                [
                    1291,
                    1576
                ],
                [
                    1291,
                    1607
                ],
                [
                    1210,
                    1607
                ]
            ],
            "text": "Waste,",
            "label": "I_Descri"
        },
        {
            "index": 95,
            "bbox": [
                [
                    1293,
                    1574
                ],
                [
                    1333,
                    1574
                ],
                [
                    1333,
                    1602
                ],
                [
                    1293,
                    1602
                ]
            ],
            "text": "No",
            "label": "I_Descri"
        },
        {
            "index": 96,
            "bbox": [
                [
                    1331,
                    1574
                ],
                [
                    1438,
                    1574
                ],
                [
                    1438,
                    1602
                ],
                [
                    1331,
                    1602
                ]
            ],
            "text": "Overflow",
            "label": "I_Descri"
        },
        {
            "index": 97,
            "bbox": [
                [
                    1030,
                    1607
                ],
                [
                    1155,
                    1607
                ],
                [
                    1155,
                    1637
                ],
                [
                    1030,
                    1637
                ]
            ],
            "text": "Dimension",
            "label": "B_Descri"
        },
        {
            "index": 98,
            "bbox": [
                [
                    1153,
                    1607
                ],
                [
                    1206,
                    1607
                ],
                [
                    1206,
                    1639
                ],
                [
                    1153,
                    1639
                ]
            ],
            "text": "355",
            "label": "I_Descri"
        },
        {
            "index": 99,
            "bbox": [
                [
                    1199,
                    1609
                ],
                [
                    1223,
                    1609
                ],
                [
                    1223,
                    1639
                ],
                [
                    1199,
                    1639
                ]
            ],
            "text": "X",
            "label": "I_Descri"
        },
        {
            "index": 100,
            "bbox": [
                [
                    1221,
                    1609
                ],
                [
                    1269,
                    1609
                ],
                [
                    1269,
                    1635
                ],
                [
                    1221,
                    1635
                ]
            ],
            "text": "355",
            "label": "I_Descri"
        },
        {
            "index": 101,
            "bbox": [
                [
                    1267,
                    1609
                ],
                [
                    1291,
                    1609
                ],
                [
                    1291,
                    1639
                ],
                [
                    1267,
                    1639
                ]
            ],
            "text": "X",
            "label": "I_Descri"
        },
        {
            "index": 102,
            "bbox": [
                [
                    1287,
                    1609
                ],
                [
                    1379,
                    1609
                ],
                [
                    1379,
                    1637
                ],
                [
                    1287,
                    1637
                ]
            ],
            "text": "120mm",
            "label": "I_Descri"
        },
        {
            "index": 103,
            "bbox": [
                [
                    504,
                    1878
                ],
                [
                    546,
                    1878
                ],
                [
                    546,
                    1905
                ],
                [
                    504,
                    1905
                ]
            ],
            "text": "355",
            "label": "Out"
        },
        {
            "index": 104,
            "bbox": [
                [
                    1035,
                    1863
                ],
                [
                    1158,
                    1863
                ],
                [
                    1158,
                    1896
                ],
                [
                    1035,
                    1896
                ]
            ],
            "text": "IS4088",
            "label": "B_Ref"
        },
        {
            "index": 105,
            "bbox": [
                [
                    1289,
                    1865
                ],
                [
                    1353,
                    1865
                ],
                [
                    1353,
                    1896
                ],
                [
                    1289,
                    1896
                ]
            ],
            "text": "RRP:",
            "label": "B_Prop"
        },
        {
            "index": 106,
            "bbox": [
                [
                    1359,
                    1863
                ],
                [
                    1427,
                    1863
                ],
                [
                    1427,
                    1898
                ],
                [
                    1359,
                    1898
                ]
            ],
            "text": "$225",
            "label": "B_Value"
        },
        {
            "index": 107,
            "bbox": [
                [
                    511,
                    1946
                ],
                [
                    537,
                    1946
                ],
                [
                    537,
                    1973
                ],
                [
                    511,
                    1973
                ]
            ],
            "text": "0",
            "label": "Out"
        },
        {
            "index": 108,
            "bbox": [
                [
                    629,
                    1944
                ],
                [
                    666,
                    1944
                ],
                [
                    666,
                    1968
                ],
                [
                    629,
                    1968
                ]
            ],
            "text": "355",
            "label": "Out"
        },
        {
            "index": 109,
            "bbox": [
                [
                    851,
                    1940
                ],
                [
                    976,
                    1940
                ],
                [
                    976,
                    1968
                ],
                [
                    851,
                    1968
                ]
            ],
            "text": "FEATURES:",
            "label": "Out"
        },
        {
            "index": 110,
            "bbox": [
                [
                    1028,
                    1938
                ],
                [
                    1092,
                    1938
                ],
                [
                    1092,
                    1970
                ],
                [
                    1028,
                    1970
                ]
            ],
            "text": "Ultra",
            "label": "B_Descri"
        },
        {
            "index": 111,
            "bbox": [
                [
                    1087,
                    1938
                ],
                [
                    1144,
                    1938
                ],
                [
                    1144,
                    1970
                ],
                [
                    1087,
                    1970
                ]
            ],
            "text": "Slim",
            "label": "I_Descri"
        },
        {
            "index": 112,
            "bbox": [
                [
                    1144,
                    1942
                ],
                [
                    1208,
                    1942
                ],
                [
                    1208,
                    1966
                ],
                [
                    1144,
                    1966
                ]
            ],
            "text": "Gloss",
            "label": "I_Descri"
        },
        {
            "index": 113,
            "bbox": [
                [
                    1212,
                    1942
                ],
                [
                    1283,
                    1942
                ],
                [
                    1283,
                    1966
                ],
                [
                    1212,
                    1966
                ]
            ],
            "text": "White",
            "label": "I_Descri"
        },
        {
            "index": 114,
            "bbox": [
                [
                    1283,
                    1938
                ],
                [
                    1340,
                    1938
                ],
                [
                    1340,
                    1970
                ],
                [
                    1283,
                    1970
                ]
            ],
            "text": "Fine",
            "label": "I_Descri"
        },
        {
            "index": 115,
            "bbox": [
                [
                    1335,
                    1940
                ],
                [
                    1434,
                    1940
                ],
                [
                    1434,
                    1968
                ],
                [
                    1335,
                    1968
                ]
            ],
            "text": "Ceramic",
            "label": "I_Descri"
        },
        {
            "index": 116,
            "bbox": [
                [
                    697,
                    1979
                ],
                [
                    730,
                    1979
                ],
                [
                    730,
                    2006
                ],
                [
                    697,
                    2006
                ]
            ],
            "text": "120",
            "label": "Out"
        },
        {
            "index": 117,
            "bbox": [
                [
                    1030,
                    1973
                ],
                [
                    1131,
                    1973
                ],
                [
                    1131,
                    2006
                ],
                [
                    1030,
                    2006
                ]
            ],
            "text": "Requires",
            "label": "B_Descri"
        },
        {
            "index": 118,
            "bbox": [
                [
                    1133,
                    1975
                ],
                [
                    1208,
                    1975
                ],
                [
                    1208,
                    1999
                ],
                [
                    1133,
                    1999
                ]
            ],
            "text": "32mm",
            "label": "I_Descri"
        },
        {
            "index": 119,
            "bbox": [
                [
                    1210,
                    1973
                ],
                [
                    1293,
                    1973
                ],
                [
                    1293,
                    2006
                ],
                [
                    1210,
                    2006
                ]
            ],
            "text": "Waste,",
            "label": "I_Descri"
        },
        {
            "index": 120,
            "bbox": [
                [
                    1293,
                    1973
                ],
                [
                    1333,
                    1973
                ],
                [
                    1333,
                    2001
                ],
                [
                    1293,
                    2001
                ]
            ],
            "text": "No",
            "label": "I_Descri"
        },
        {
            "index": 121,
            "bbox": [
                [
                    1331,
                    1973
                ],
                [
                    1438,
                    1973
                ],
                [
                    1438,
                    2001
                ],
                [
                    1331,
                    2001
                ]
            ],
            "text": "Overflow",
            "label": "I_Descri"
        },
        {
            "index": 122,
            "bbox": [
                [
                    1030,
                    2006
                ],
                [
                    1153,
                    2006
                ],
                [
                    1153,
                    2034
                ],
                [
                    1030,
                    2034
                ]
            ],
            "text": "Dimension",
            "label": "B_Descri"
        },
        {
            "index": 123,
            "bbox": [
                [
                    1153,
                    2003
                ],
                [
                    1204,
                    2003
                ],
                [
                    1204,
                    2036
                ],
                [
                    1153,
                    2036
                ]
            ],
            "text": "355",
            "label": "I_Descri"
        },
        {
            "index": 124,
            "bbox": [
                [
                    1199,
                    2008
                ],
                [
                    1223,
                    2008
                ],
                [
                    1223,
                    2036
                ],
                [
                    1199,
                    2036
                ]
            ],
            "text": "X",
            "label": "I_Descri"
        },
        {
            "index": 125,
            "bbox": [
                [
                    1221,
                    2008
                ],
                [
                    1269,
                    2008
                ],
                [
                    1269,
                    2034
                ],
                [
                    1221,
                    2034
                ]
            ],
            "text": "355",
            "label": "I_Descri"
        },
        {
            "index": 126,
            "bbox": [
                [
                    1267,
                    2008
                ],
                [
                    1289,
                    2008
                ],
                [
                    1289,
                    2036
                ],
                [
                    1267,
                    2036
                ]
            ],
            "text": "X",
            "label": "I_Descri"
        },
        {
            "index": 127,
            "bbox": [
                [
                    1287,
                    2006
                ],
                [
                    1379,
                    2006
                ],
                [
                    1379,
                    2034
                ],
                [
                    1287,
                    2034
                ]
            ],
            "text": "120mm",
            "label": "I_Descri"
        },
        {
            "index": 128,
            "bbox": [
                [
                    55,
                    2130
                ],
                [
                    182,
                    2130
                ],
                [
                    182,
                    2159
                ],
                [
                    55,
                    2159
                ]
            ],
            "text": "DIMENSIONS",
            "label": "Out"
        },
        {
            "index": 129,
            "bbox": [
                [
                    175,
                    2133
                ],
                [
                    219,
                    2133
                ],
                [
                    219,
                    2157
                ],
                [
                    175,
                    2157
                ]
            ],
            "text": "ARE",
            "label": "Out"
        },
        {
            "index": 130,
            "bbox": [
                [
                    215,
                    2130
                ],
                [
                    360,
                    2130
                ],
                [
                    360,
                    2159
                ],
                [
                    215,
                    2159
                ]
            ],
            "text": "APPROXIMATE.",
            "label": "Out"
        },
        {
            "index": 131,
            "bbox": [
                [
                    355,
                    2130
                ],
                [
                    495,
                    2130
                ],
                [
                    495,
                    2159
                ],
                [
                    355,
                    2159
                ]
            ],
            "text": "INFORMATION",
            "label": "Out"
        },
        {
            "index": 132,
            "bbox": [
                [
                    489,
                    2130
                ],
                [
                    592,
                    2130
                ],
                [
                    592,
                    2159
                ],
                [
                    489,
                    2159
                ]
            ],
            "text": "PROVIDED",
            "label": "Out"
        },
        {
            "index": 133,
            "bbox": [
                [
                    588,
                    2130
                ],
                [
                    616,
                    2130
                ],
                [
                    616,
                    2159
                ],
                [
                    588,
                    2159
                ]
            ],
            "text": "IN",
            "label": "Out"
        },
        {
            "index": 134,
            "bbox": [
                [
                    612,
                    2133
                ],
                [
                    660,
                    2133
                ],
                [
                    660,
                    2157
                ],
                [
                    612,
                    2157
                ]
            ],
            "text": "THIS",
            "label": "Out"
        },
        {
            "index": 135,
            "bbox": [
                [
                    658,
                    2130
                ],
                [
                    767,
                    2130
                ],
                [
                    767,
                    2159
                ],
                [
                    658,
                    2159
                ]
            ],
            "text": "BROCHURE",
            "label": "Out"
        },
        {
            "index": 136,
            "bbox": [
                [
                    763,
                    2130
                ],
                [
                    789,
                    2130
                ],
                [
                    789,
                    2159
                ],
                [
                    763,
                    2159
                ]
            ],
            "text": "IS",
            "label": "Out"
        },
        {
            "index": 137,
            "bbox": [
                [
                    783,
                    2130
                ],
                [
                    945,
                    2130
                ],
                [
                    945,
                    2159
                ],
                [
                    783,
                    2159
                ]
            ],
            "text": "REPRESENTATIVE",
            "label": "Out"
        },
        {
            "index": 138,
            "bbox": [
                [
                    938,
                    2133
                ],
                [
                    971,
                    2133
                ],
                [
                    971,
                    2157
                ],
                [
                    938,
                    2157
                ]
            ],
            "text": "OF",
            "label": "Out"
        },
        {
            "index": 139,
            "bbox": [
                [
                    1057,
                    2135
                ],
                [
                    1127,
                    2135
                ],
                [
                    1127,
                    2159
                ],
                [
                    1057,
                    2159
                ]
            ],
            "text": "tel:02",
            "label": "Out"
        },
        {
            "index": 140,
            "bbox": [
                [
                    1129,
                    2133
                ],
                [
                    1195,
                    2133
                ],
                [
                    1195,
                    2163
                ],
                [
                    1129,
                    2163
                ]
            ],
            "text": "9772",
            "label": "Out"
        },
        {
            "index": 141,
            "bbox": [
                [
                    1195,
                    2133
                ],
                [
                    1263,
                    2133
                ],
                [
                    1263,
                    2163
                ],
                [
                    1195,
                    2163
                ]
            ],
            "text": "1306",
            "label": "Out"
        },
        {
            "index": 142,
            "bbox": [
                [
                    53,
                    2155
                ],
                [
                    96,
                    2155
                ],
                [
                    96,
                    2179
                ],
                [
                    53,
                    2179
                ]
            ],
            "text": "THE",
            "label": "Out"
        },
        {
            "index": 143,
            "bbox": [
                [
                    92,
                    2152
                ],
                [
                    178,
                    2152
                ],
                [
                    178,
                    2181
                ],
                [
                    92,
                    2181
                ]
            ],
            "text": "ACTUAL",
            "label": "Out"
        },
        {
            "index": 144,
            "bbox": [
                [
                    169,
                    2152
                ],
                [
                    377,
                    2152
                ],
                [
                    377,
                    2181
                ],
                [
                    169,
                    2181
                ]
            ],
            "text": "PRODUCTSAVAILABLE.",
            "label": "Out"
        },
        {
            "index": 145,
            "bbox": [
                [
                    373,
                    2152
                ],
                [
                    406,
                    2152
                ],
                [
                    406,
                    2181
                ],
                [
                    373,
                    2181
                ]
            ],
            "text": "AT",
            "label": "Out"
        },
        {
            "index": 146,
            "bbox": [
                [
                    399,
                    2155
                ],
                [
                    443,
                    2155
                ],
                [
                    443,
                    2181
                ],
                [
                    399,
                    2181
                ]
            ],
            "text": "THE",
            "label": "Out"
        },
        {
            "index": 147,
            "bbox": [
                [
                    436,
                    2152
                ],
                [
                    493,
                    2152
                ],
                [
                    493,
                    2183
                ],
                [
                    436,
                    2183
                ]
            ],
            "text": "TIME",
            "label": "Out"
        },
        {
            "index": 148,
            "bbox": [
                [
                    489,
                    2152
                ],
                [
                    524,
                    2152
                ],
                [
                    524,
                    2179
                ],
                [
                    489,
                    2179
                ]
            ],
            "text": "OF",
            "label": "Out"
        },
        {
            "index": 149,
            "bbox": [
                [
                    520,
                    2152
                ],
                [
                    620,
                    2152
                ],
                [
                    620,
                    2183
                ],
                [
                    520,
                    2183
                ]
            ],
            "text": "PRINTING.",
            "label": "Out"
        },
        {
            "index": 150,
            "bbox": [
                [
                    618,
                    2155
                ],
                [
                    666,
                    2155
                ],
                [
                    666,
                    2179
                ],
                [
                    618,
                    2179
                ]
            ],
            "text": "DUE",
            "label": "Out"
        },
        {
            "index": 151,
            "bbox": [
                [
                    660,
                    2155
                ],
                [
                    695,
                    2155
                ],
                [
                    695,
                    2179
                ],
                [
                    660,
                    2179
                ]
            ],
            "text": "TO",
            "label": "Out"
        },
        {
            "index": 152,
            "bbox": [
                [
                    691,
                    2155
                ],
                [
                    737,
                    2155
                ],
                [
                    737,
                    2179
                ],
                [
                    691,
                    2179
                ]
            ],
            "text": "PUR",
            "label": "Out"
        },
        {
            "index": 153,
            "bbox": [
                [
                    732,
                    2152
                ],
                [
                    879,
                    2152
                ],
                [
                    879,
                    2183
                ],
                [
                    732,
                    2183
                ]
            ],
            "text": "COMMITMENT",
            "label": "Out"
        },
        {
            "index": 154,
            "bbox": [
                [
                    870,
                    2155
                ],
                [
                    901,
                    2155
                ],
                [
                    901,
                    2181
                ],
                [
                    870,
                    2181
                ]
            ],
            "text": "IN",
            "label": "Out"
        },
        {
            "index": 155,
            "bbox": [
                [
                    894,
                    2152
                ],
                [
                    1008,
                    2152
                ],
                [
                    1008,
                    2181
                ],
                [
                    894,
                    2181
                ]
            ],
            "text": "PROVIDING",
            "label": "Out"
        },
        {
            "index": 156,
            "bbox": [
                [
                    53,
                    2174
                ],
                [
                    199,
                    2174
                ],
                [
                    199,
                    2203
                ],
                [
                    53,
                    2203
                ]
            ],
            "text": "CONTINUOPUS",
            "label": "Out"
        },
        {
            "index": 157,
            "bbox": [
                [
                    193,
                    2174
                ],
                [
                    292,
                    2174
                ],
                [
                    292,
                    2203
                ],
                [
                    193,
                    2203
                ]
            ],
            "text": "PRODUCTI",
            "label": "Out"
        },
        {
            "index": 158,
            "bbox": [
                [
                    285,
                    2177
                ],
                [
                    436,
                    2177
                ],
                [
                    436,
                    2205
                ],
                [
                    285,
                    2205
                ]
            ],
            "text": "DEVELOPMENT,",
            "label": "Out"
        },
        {
            "index": 159,
            "bbox": [
                [
                    432,
                    2177
                ],
                [
                    476,
                    2177
                ],
                [
                    476,
                    2201
                ],
                [
                    432,
                    2201
                ]
            ],
            "text": "THE",
            "label": "Out"
        },
        {
            "index": 160,
            "bbox": [
                [
                    471,
                    2174
                ],
                [
                    559,
                    2174
                ],
                [
                    559,
                    2203
                ],
                [
                    471,
                    2203
                ]
            ],
            "text": "DESIGNS",
            "label": "Out"
        },
        {
            "index": 161,
            "bbox": [
                [
                    555,
                    2177
                ],
                [
                    603,
                    2177
                ],
                [
                    603,
                    2201
                ],
                [
                    555,
                    2201
                ]
            ],
            "text": "AND",
            "label": "Out"
        },
        {
            "index": 162,
            "bbox": [
                [
                    596,
                    2174
                ],
                [
                    752,
                    2174
                ],
                [
                    752,
                    2203
                ],
                [
                    596,
                    2203
                ]
            ],
            "text": "SPECIFICATIONS",
            "label": "Out"
        },
        {
            "index": 163,
            "bbox": [
                [
                    745,
                    2174
                ],
                [
                    844,
                    2174
                ],
                [
                    844,
                    2203
                ],
                [
                    745,
                    2203
                ]
            ],
            "text": "DEPICTED",
            "label": "Out"
        },
        {
            "index": 164,
            "bbox": [
                [
                    840,
                    2177
                ],
                [
                    884,
                    2177
                ],
                [
                    884,
                    2201
                ],
                [
                    840,
                    2201
                ]
            ],
            "text": "ARE",
            "label": "Out"
        },
        {
            "index": 165,
            "bbox": [
                [
                    877,
                    2174
                ],
                [
                    967,
                    2174
                ],
                [
                    967,
                    2203
                ],
                [
                    877,
                    2203
                ]
            ],
            "text": "SUBJECT",
            "label": "Out"
        },
        {
            "index": 166,
            "bbox": [
                [
                    1059,
                    2168
                ],
                [
                    1412,
                    2168
                ],
                [
                    1412,
                    2196
                ],
                [
                    1059,
                    2196
                ]
            ],
            "text": "orders@inspirebathware.com.au",
            "label": "Out"
        },
        {
            "index": 167,
            "bbox": [
                [
                    1528,
                    2168
                ],
                [
                    1609,
                    2168
                ],
                [
                    1609,
                    2209
                ],
                [
                    1528,
                    2209
                ]
            ],
            "text": "BA2",
            "label": "Out"
        },
        {
            "index": 168,
            "bbox": [
                [
                    53,
                    2198
                ],
                [
                    88,
                    2198
                ],
                [
                    88,
                    2225
                ],
                [
                    53,
                    2225
                ]
            ],
            "text": "TO",
            "label": "Out"
        },
        {
            "index": 169,
            "bbox": [
                [
                    83,
                    2196
                ],
                [
                    171,
                    2196
                ],
                [
                    171,
                    2225
                ],
                [
                    83,
                    2225
                ]
            ],
            "text": "CHANGE",
            "label": "Out"
        },
        {
            "index": 170,
            "bbox": [
                [
                    164,
                    2196
                ],
                [
                    265,
                    2196
                ],
                [
                    265,
                    2225
                ],
                [
                    164,
                    2225
                ]
            ],
            "text": "WITHOUT",
            "label": "Out"
        },
        {
            "index": 171,
            "bbox": [
                [
                    256,
                    2198
                ],
                [
                    346,
                    2198
                ],
                [
                    346,
                    2227
                ],
                [
                    256,
                    2227
                ]
            ],
            "text": "NOTICE.",
            "label": "Out"
        }
    ]
}