{
    "datasheet": [
        {
            "index": 0,
            "bbox": [
                [
                    187,
                    148
                ],
                [
                    573,
                    148
                ],
                [
                    573,
                    219
                ],
                [
                    187,
                    219
                ]
            ],
            "text": "pumpa",
            "label": "Out"
        },
        {
            "index": 1,
            "bbox": [
                [
                    827,
                    175
                ],
                [
                    952,
                    175
                ],
                [
                    952,
                    207
                ],
                [
                    827,
                    207
                ]
            ],
            "text": "PUMPA",
            "label": "B_Descri"
        },
        {
            "index": 2,
            "bbox": [
                [
                    952,
                    175
                ],
                [
                    1037,
                    175
                ],
                [
                    1037,
                    207
                ],
                [
                    952,
                    207
                ]
            ],
            "text": "BLUE",
            "label": "I_Descri"
        },
        {
            "index": 3,
            "bbox": [
                [
                    1041,
                    175
                ],
                [
                    1117,
                    175
                ],
                [
                    1117,
                    207
                ],
                [
                    1041,
                    207
                ]
            ],
            "text": "LINE",
            "label": "I_Descri"
        },
        {
            "index": 4,
            "bbox": [
                [
                    1121,
                    175
                ],
                [
                    1375,
                    175
                ],
                [
                    1375,
                    207
                ],
                [
                    1121,
                    207
                ]
            ],
            "text": "5PCSm1300P-G",
            "label": "I_Descri"
        },
        {
            "index": 5,
            "bbox": [
                [
                    1375,
                    182
                ],
                [
                    1398,
                    182
                ],
                [
                    1398,
                    205
                ],
                [
                    1375,
                    205
                ]
            ],
            "text": "-",
            "label": "I_Descri"
        },
        {
            "index": 6,
            "bbox": [
                [
                    1398,
                    175
                ],
                [
                    1521,
                    175
                ],
                [
                    1521,
                    207
                ],
                [
                    1398,
                    207
                ]
            ],
            "text": "PUMPA",
            "label": "I_Descri"
        },
        {
            "index": 7,
            "bbox": [
                [
                    187,
                    296
                ],
                [
                    363,
                    296
                ],
                [
                    363,
                    363
                ],
                [
                    187,
                    363
                ]
            ],
            "text": "blue",
            "label": "Out"
        },
        {
            "index": 8,
            "bbox": [
                [
                    402,
                    292
                ],
                [
                    550,
                    292
                ],
                [
                    550,
                    367
                ],
                [
                    402,
                    367
                ]
            ],
            "text": "line",
            "label": "Out"
        },
        {
            "index": 9,
            "bbox": [
                [
                    134,
                    518
                ],
                [
                    358,
                    518
                ],
                [
                    358,
                    571
                ],
                [
                    134,
                    571
                ]
            ],
            "text": "pressure",
            "label": "B_Descri"
        },
        {
            "index": 10,
            "bbox": [
                [
                    374,
                    504
                ],
                [
                    582,
                    504
                ],
                [
                    582,
                    564
                ],
                [
                    374,
                    564
                ]
            ],
            "text": "booster",
            "label": "I_Descri"
        },
        {
            "index": 11,
            "bbox": [
                [
                    594,
                    518
                ],
                [
                    753,
                    518
                ],
                [
                    753,
                    582
                ],
                [
                    594,
                    582
                ]
            ],
            "text": "pump",
            "label": "I_Descri"
        },
        {
            "index": 12,
            "bbox": [
                [
                    137,
                    616
                ],
                [
                    331,
                    616
                ],
                [
                    331,
                    678
                ],
                [
                    137,
                    678
                ]
            ],
            "text": "BLUE",
            "label": "B_Descri"
        },
        {
            "index": 13,
            "bbox": [
                [
                    356,
                    616
                ],
                [
                    532,
                    616
                ],
                [
                    532,
                    678
                ],
                [
                    356,
                    678
                ]
            ],
            "text": "LINE",
            "label": "I_Descri"
        },
        {
            "index": 14,
            "bbox": [
                [
                    139,
                    712
                ],
                [
                    726,
                    712
                ],
                [
                    726,
                    772
                ],
                [
                    139,
                    772
                ]
            ],
            "text": "5PCSm1300P-G",
            "label": "I_Descri"
        },
        {
            "index": 15,
            "bbox": [
                [
                    735,
                    724
                ],
                [
                    767,
                    724
                ],
                [
                    767,
                    758
                ],
                [
                    735,
                    758
                ]
            ],
            "text": "-",
            "label": "I_Descri"
        },
        {
            "index": 16,
            "bbox": [
                [
                    788,
                    710
                ],
                [
                    1062,
                    710
                ],
                [
                    1062,
                    772
                ],
                [
                    788,
                    772
                ]
            ],
            "text": "PUMPA",
            "label": "I_Descri"
        },
        {
            "index": 17,
            "bbox": [
                [
                    132,
                    808
                ],
                [
                    271,
                    808
                ],
                [
                    271,
                    840
                ],
                [
                    132,
                    840
                ]
            ],
            "text": "Pressure",
            "label": "B_Descri"
        },
        {
            "index": 18,
            "bbox": [
                [
                    274,
                    808
                ],
                [
                    395,
                    808
                ],
                [
                    395,
                    840
                ],
                [
                    274,
                    840
                ]
            ],
            "text": "booster",
            "label": "I_Descri"
        },
        {
            "index": 19,
            "bbox": [
                [
                    393,
                    806
                ],
                [
                    486,
                    806
                ],
                [
                    486,
                    849
                ],
                [
                    393,
                    849
                ]
            ],
            "text": "pump",
            "label": "I_Descri"
        },
        {
            "index": 20,
            "bbox": [
                [
                    482,
                    799
                ],
                [
                    557,
                    799
                ],
                [
                    557,
                    845
                ],
                [
                    482,
                    845
                ]
            ],
            "text": "with",
            "label": "I_Descri"
        },
        {
            "index": 21,
            "bbox": [
                [
                    552,
                    806
                ],
                [
                    667,
                    806
                ],
                [
                    667,
                    847
                ],
                [
                    552,
                    847
                ]
            ],
            "text": "Pumpa",
            "label": "I_Descri"
        },
        {
            "index": 22,
            "bbox": [
                [
                    664,
                    804
                ],
                [
                    776,
                    804
                ],
                [
                    776,
                    845
                ],
                [
                    664,
                    845
                ]
            ],
            "text": "vessel.",
            "label": "I_Descri"
        },
        {
            "index": 23,
            "bbox": [
                [
                    132,
                    845
                ],
                [
                    189,
                    845
                ],
                [
                    189,
                    881
                ],
                [
                    132,
                    881
                ]
            ],
            "text": "For",
            "label": "I_Descri"
        },
        {
            "index": 24,
            "bbox": [
                [
                    187,
                    847
                ],
                [
                    278,
                    847
                ],
                [
                    278,
                    881
                ],
                [
                    187,
                    881
                ]
            ],
            "text": "water",
            "label": "I_Descri"
        },
        {
            "index": 25,
            "bbox": [
                [
                    278,
                    845
                ],
                [
                    383,
                    845
                ],
                [
                    383,
                    888
                ],
                [
                    278,
                    888
                ]
            ],
            "text": "supply",
            "label": "I_Descri"
        },
        {
            "index": 26,
            "bbox": [
                [
                    381,
                    845
                ],
                [
                    461,
                    845
                ],
                [
                    461,
                    881
                ],
                [
                    381,
                    881
                ]
            ],
            "text": "from",
            "label": "I_Descri"
        },
        {
            "index": 27,
            "bbox": [
                [
                    459,
                    845
                ],
                [
                    555,
                    845
                ],
                [
                    555,
                    886
                ],
                [
                    459,
                    886
                ]
            ],
            "text": "wells,",
            "label": "I_Descri"
        },
        {
            "index": 28,
            "bbox": [
                [
                    550,
                    845
                ],
                [
                    605,
                    845
                ],
                [
                    605,
                    883
                ],
                [
                    550,
                    883
                ]
            ],
            "text": "for",
            "label": "I_Descri"
        },
        {
            "index": 29,
            "bbox": [
                [
                    600,
                    847
                ],
                [
                    662,
                    847
                ],
                [
                    662,
                    881
                ],
                [
                    600,
                    881
                ]
            ],
            "text": "use",
            "label": "I_Descri"
        },
        {
            "index": 30,
            "bbox": [
                [
                    662,
                    845
                ],
                [
                    699,
                    845
                ],
                [
                    699,
                    881
                ],
                [
                    662,
                    881
                ]
            ],
            "text": "in",
            "label": "I_Descri"
        },
        {
            "index": 31,
            "bbox": [
                [
                    694,
                    842
                ],
                [
                    881,
                    842
                ],
                [
                    881,
                    881
                ],
                [
                    694,
                    881
                ]
            ],
            "text": "recreational",
            "label": "I_Descri"
        },
        {
            "index": 32,
            "bbox": [
                [
                    130,
                    883
                ],
                [
                    269,
                    883
                ],
                [
                    269,
                    925
                ],
                [
                    130,
                    925
                ]
            ],
            "text": "facilities,",
            "label": "I_Descri"
        },
        {
            "index": 33,
            "bbox": [
                [
                    269,
                    881
                ],
                [
                    308,
                    881
                ],
                [
                    308,
                    922
                ],
                [
                    269,
                    922
                ]
            ],
            "text": "in",
            "label": "I_Descri"
        },
        {
            "index": 34,
            "bbox": [
                [
                    308,
                    888
                ],
                [
                    434,
                    888
                ],
                [
                    434,
                    922
                ],
                [
                    308,
                    922
                ]
            ],
            "text": "gardens",
            "label": "I_Descri"
        },
        {
            "index": 35,
            "bbox": [
                [
                    434,
                    883
                ],
                [
                    498,
                    883
                ],
                [
                    498,
                    920
                ],
                [
                    434,
                    920
                ]
            ],
            "text": "and",
            "label": "I_Descri"
        },
        {
            "index": 36,
            "bbox": [
                [
                    495,
                    881
                ],
                [
                    550,
                    881
                ],
                [
                    550,
                    920
                ],
                [
                    495,
                    920
                ]
            ],
            "text": "for",
            "label": "I_Descri"
        },
        {
            "index": 37,
            "bbox": [
                [
                    548,
                    883
                ],
                [
                    696,
                    883
                ],
                [
                    696,
                    925
                ],
                [
                    548,
                    925
                ]
            ],
            "text": "irrigation.",
            "label": "I_Descri"
        },
        {
            "index": 38,
            "bbox": [
                [
                    699,
                    886
                ],
                [
                    852,
                    886
                ],
                [
                    852,
                    918
                ],
                [
                    699,
                    918
                ]
            ],
            "text": "Maximum",
            "label": "I_Descri"
        },
        {
            "index": 39,
            "bbox": [
                [
                    132,
                    925
                ],
                [
                    249,
                    925
                ],
                [
                    249,
                    957
                ],
                [
                    132,
                    957
                ]
            ],
            "text": "suction",
            "label": "I_Descri"
        },
        {
            "index": 40,
            "bbox": [
                [
                    249,
                    922
                ],
                [
                    381,
                    922
                ],
                [
                    381,
                    963
                ],
                [
                    249,
                    963
                ]
            ],
            "text": "capacity",
            "label": "I_Descri"
        },
        {
            "index": 41,
            "bbox": [
                [
                    381,
                    925
                ],
                [
                    408,
                    925
                ],
                [
                    408,
                    957
                ],
                [
                    381,
                    957
                ]
            ],
            "text": "8",
            "label": "I_Descri"
        },
        {
            "index": 42,
            "bbox": [
                [
                    402,
                    925
                ],
                [
                    452,
                    925
                ],
                [
                    452,
                    959
                ],
                [
                    402,
                    959
                ]
            ],
            "text": "m.",
            "label": "I_Descri"
        },
        {
            "index": 43,
            "bbox": [
                [
                    128,
                    1135
                ],
                [
                    313,
                    1135
                ],
                [
                    313,
                    1174
                ],
                [
                    128,
                    1174
                ]
            ],
            "text": "Application",
            "label": "B_Section"
        },
        {
            "index": 44,
            "bbox": [
                [
                    150,
                    1178
                ],
                [
                    237,
                    1178
                ],
                [
                    237,
                    1210
                ],
                [
                    150,
                    1210
                ]
            ],
            "text": "suitable",
            "label": "B_Descri"
        },
        {
            "index": 45,
            "bbox": [
                [
                    233,
                    1180
                ],
                [
                    269,
                    1180
                ],
                [
                    269,
                    1208
                ],
                [
                    233,
                    1208
                ]
            ],
            "text": "for",
            "label": "I_Descri"
        },
        {
            "index": 46,
            "bbox": [
                [
                    267,
                    1183
                ],
                [
                    329,
                    1183
                ],
                [
                    329,
                    1208
                ],
                [
                    267,
                    1208
                ]
            ],
            "text": "water",
            "label": "I_Descri"
        },
        {
            "index": 47,
            "bbox": [
                [
                    326,
                    1180
                ],
                [
                    397,
                    1180
                ],
                [
                    397,
                    1212
                ],
                [
                    326,
                    1212
                ]
            ],
            "text": "supply",
            "label": "I_Descri"
        },
        {
            "index": 48,
            "bbox": [
                [
                    393,
                    1178
                ],
                [
                    452,
                    1178
                ],
                [
                    452,
                    1210
                ],
                [
                    393,
                    1210
                ]
            ],
            "text": "from",
            "label": "I_Descri"
        },
        {
            "index": 49,
            "bbox": [
                [
                    445,
                    1178
                ],
                [
                    507,
                    1178
                ],
                [
                    507,
                    1210
                ],
                [
                    445,
                    1210
                ]
            ],
            "text": "wells",
            "label": "I_Descri"
        },
        {
            "index": 50,
            "bbox": [
                [
                    153,
                    1219
                ],
                [
                    191,
                    1219
                ],
                [
                    191,
                    1247
                ],
                [
                    153,
                    1247
                ]
            ],
            "text": "for",
            "label": "B_Descri"
        },
        {
            "index": 51,
            "bbox": [
                [
                    185,
                    1222
                ],
                [
                    228,
                    1222
                ],
                [
                    228,
                    1247
                ],
                [
                    185,
                    1247
                ]
            ],
            "text": "use",
            "label": "I_Descri"
        },
        {
            "index": 52,
            "bbox": [
                [
                    223,
                    1217
                ],
                [
                    251,
                    1217
                ],
                [
                    251,
                    1249
                ],
                [
                    223,
                    1249
                ]
            ],
            "text": "in",
            "label": "I_Descri"
        },
        {
            "index": 53,
            "bbox": [
                [
                    246,
                    1217
                ],
                [
                    372,
                    1217
                ],
                [
                    372,
                    1249
                ],
                [
                    246,
                    1249
                ]
            ],
            "text": "recreational",
            "label": "I_Descri"
        },
        {
            "index": 54,
            "bbox": [
                [
                    367,
                    1219
                ],
                [
                    461,
                    1219
                ],
                [
                    461,
                    1249
                ],
                [
                    367,
                    1249
                ]
            ],
            "text": "facilities,",
            "label": "I_Descri"
        },
        {
            "index": 55,
            "bbox": [
                [
                    454,
                    1219
                ],
                [
                    484,
                    1219
                ],
                [
                    484,
                    1249
                ],
                [
                    454,
                    1249
                ]
            ],
            "text": "in",
            "label": "I_Descri"
        },
        {
            "index": 56,
            "bbox": [
                [
                    479,
                    1219
                ],
                [
                    568,
                    1219
                ],
                [
                    568,
                    1251
                ],
                [
                    479,
                    1251
                ]
            ],
            "text": "gardens",
            "label": "I_Descri"
        },
        {
            "index": 57,
            "bbox": [
                [
                    564,
                    1219
                ],
                [
                    610,
                    1219
                ],
                [
                    610,
                    1247
                ],
                [
                    564,
                    1247
                ]
            ],
            "text": "and",
            "label": "I_Descri"
        },
        {
            "index": 58,
            "bbox": [
                [
                    605,
                    1219
                ],
                [
                    641,
                    1219
                ],
                [
                    641,
                    1247
                ],
                [
                    605,
                    1247
                ]
            ],
            "text": "for",
            "label": "I_Descri"
        },
        {
            "index": 59,
            "bbox": [
                [
                    637,
                    1219
                ],
                [
                    733,
                    1219
                ],
                [
                    733,
                    1251
                ],
                [
                    637,
                    1251
                ]
            ],
            "text": "irrigation",
            "label": "I_Descri"
        },
        {
            "index": 60,
            "bbox": [
                [
                    148,
                    1256
                ],
                [
                    233,
                    1256
                ],
                [
                    233,
                    1288
                ],
                [
                    148,
                    1288
                ]
            ],
            "text": "suction",
            "label": "B_Descri"
        },
        {
            "index": 61,
            "bbox": [
                [
                    228,
                    1258
                ],
                [
                    319,
                    1258
                ],
                [
                    319,
                    1290
                ],
                [
                    228,
                    1290
                ]
            ],
            "text": "capacity",
            "label": "I_Descri"
        },
        {
            "index": 62,
            "bbox": [
                [
                    315,
                    1263
                ],
                [
                    349,
                    1263
                ],
                [
                    349,
                    1288
                ],
                [
                    315,
                    1288
                ]
            ],
            "text": "up",
            "label": "I_Descri"
        },
        {
            "index": 63,
            "bbox": [
                [
                    345,
                    1258
                ],
                [
                    374,
                    1258
                ],
                [
                    374,
                    1288
                ],
                [
                    345,
                    1288
                ]
            ],
            "text": "to",
            "label": "I_Descri"
        },
        {
            "index": 64,
            "bbox": [
                [
                    370,
                    1258
                ],
                [
                    395,
                    1258
                ],
                [
                    395,
                    1288
                ],
                [
                    370,
                    1288
                ]
            ],
            "text": "81",
            "label": "I_Descri"
        },
        {
            "index": 65,
            "bbox": [
                [
                    388,
                    1260
                ],
                [
                    466,
                    1260
                ],
                [
                    466,
                    1285
                ],
                [
                    388,
                    1285
                ]
            ],
            "text": "meters",
            "label": "I_Descri"
        },
        {
            "index": 66,
            "bbox": [
                [
                    482,
                    1324
                ],
                [
                    532,
                    1324
                ],
                [
                    532,
                    1352
                ],
                [
                    482,
                    1352
                ]
            ],
            "text": "blue",
            "label": "B_Descri"
        },
        {
            "index": 67,
            "bbox": [
                [
                    527,
                    1324
                ],
                [
                    573,
                    1324
                ],
                [
                    573,
                    1352
                ],
                [
                    527,
                    1352
                ]
            ],
            "text": "line",
            "label": "I_Descri"
        },
        {
            "index": 68,
            "bbox": [
                [
                    568,
                    1324
                ],
                [
                    747,
                    1324
                ],
                [
                    747,
                    1354
                ],
                [
                    568,
                    1354
                ]
            ],
            "text": "5PCSm1300P-G",
            "label": "I_Descri"
        },
        {
            "index": 69,
            "bbox": [
                [
                    744,
                    1327
                ],
                [
                    792,
                    1327
                ],
                [
                    792,
                    1352
                ],
                [
                    744,
                    1352
                ]
            ],
            "text": "with",
            "label": "I_Descri"
        },
        {
            "index": 70,
            "bbox": [
                [
                    788,
                    1324
                ],
                [
                    874,
                    1324
                ],
                [
                    874,
                    1354
                ],
                [
                    788,
                    1354
                ]
            ],
            "text": "PUMPA",
            "label": "I_Descri"
        },
        {
            "index": 71,
            "bbox": [
                [
                    141,
                    1363
                ],
                [
                    210,
                    1363
                ],
                [
                    210,
                    1388
                ],
                [
                    141,
                    1388
                ]
            ],
            "text": "Model",
            "label": "B_Section"
        },
        {
            "index": 72,
            "bbox": [
                [
                    639,
                    1349
                ],
                [
                    715,
                    1349
                ],
                [
                    715,
                    1381
                ],
                [
                    639,
                    1381
                ]
            ],
            "text": "vessel",
            "label": "I_Descri"
        },
        {
            "index": 73,
            "bbox": [
                [
                    498,
                    1384
                ],
                [
                    539,
                    1384
                ],
                [
                    539,
                    1411
                ],
                [
                    498,
                    1411
                ]
            ],
            "text": "241",
            "label": "B_Descri"
        },
        {
            "index": 74,
            "bbox": [
                [
                    653,
                    1384
                ],
                [
                    692,
                    1384
                ],
                [
                    692,
                    1411
                ],
                [
                    653,
                    1411
                ]
            ],
            "text": "50",
            "label": "B_Descri"
        },
        {
            "index": 75,
            "bbox": [
                [
                    686,
                    1388
                ],
                [
                    686,
                    1409
                ],
                [
                    702,
                    1409
                ],
                [
                    702,
                    1388
                ]
            ],
            "text": "I",
            "label": "I_Descri"
        },
        {
            "index": 76,
            "bbox": [
                [
                    811,
                    1384
                ],
                [
                    847,
                    1384
                ],
                [
                    847,
                    1411
                ],
                [
                    811,
                    1411
                ]
            ],
            "text": "80",
            "label": "B_Descri"
        },
        {
            "index": 77,
            "bbox": [
                [
                    840,
                    1388
                ],
                [
                    856,
                    1388
                ],
                [
                    856,
                    1409
                ],
                [
                    840,
                    1409
                ]
            ],
            "text": "I",
            "label": "I_Descri"
        },
        {
            "index": 78,
            "bbox": [
                [
                    139,
                    1432
                ],
                [
                    191,
                    1432
                ],
                [
                    191,
                    1457
                ],
                [
                    139,
                    1457
                ]
            ],
            "text": "Code",
            "label": "B_Prop"
        },
        {
            "index": 79,
            "bbox": [
                [
                    445,
                    1429
                ],
                [
                    548,
                    1429
                ],
                [
                    548,
                    1459
                ],
                [
                    445,
                    1459
                ]
            ],
            "text": "ZB00001299",
            "label": "B_Ref"
        },
        {
            "index": 80,
            "bbox": [
                [
                    603,
                    1429
                ],
                [
                    705,
                    1429
                ],
                [
                    705,
                    1459
                ],
                [
                    603,
                    1459
                ]
            ],
            "text": "ZB00001300",
            "label": "B_Ref"
        },
        {
            "index": 81,
            "bbox": [
                [
                    760,
                    1429
                ],
                [
                    861,
                    1429
                ],
                [
                    861,
                    1459
                ],
                [
                    760,
                    1459
                ]
            ],
            "text": "ZB00001301",
            "label": "B_Ref"
        },
        {
            "index": 82,
            "bbox": [
                [
                    137,
                    1466
                ],
                [
                    233,
                    1466
                ],
                [
                    233,
                    1496
                ],
                [
                    137,
                    1496
                ]
            ],
            "text": "Maximum",
            "label": "B_Prop"
        },
        {
            "index": 83,
            "bbox": [
                [
                    226,
                    1468
                ],
                [
                    269,
                    1468
                ],
                [
                    269,
                    1493
                ],
                [
                    226,
                    1493
                ]
            ],
            "text": "flow",
            "label": "I_Prop"
        },
        {
            "index": 84,
            "bbox": [
                [
                    267,
                    1468
                ],
                [
                    342,
                    1468
                ],
                [
                    342,
                    1493
                ],
                [
                    267,
                    1493
                ]
            ],
            "text": "[m?/hod]",
            "label": "B_Unit"
        },
        {
            "index": 85,
            "bbox": [
                [
                    447,
                    1468
                ],
                [
                    479,
                    1468
                ],
                [
                    479,
                    1496
                ],
                [
                    447,
                    1496
                ]
            ],
            "text": "5,4",
            "label": "B_Value"
        },
        {
            "index": 86,
            "bbox": [
                [
                    605,
                    1466
                ],
                [
                    637,
                    1466
                ],
                [
                    637,
                    1493
                ],
                [
                    605,
                    1493
                ]
            ],
            "text": "5,4",
            "label": "B_Value"
        },
        {
            "index": 87,
            "bbox": [
                [
                    760,
                    1468
                ],
                [
                    795,
                    1468
                ],
                [
                    795,
                    1496
                ],
                [
                    760,
                    1496
                ]
            ],
            "text": "5,4",
            "label": "B_Value"
        },
        {
            "index": 88,
            "bbox": [
                [
                    137,
                    1500
                ],
                [
                    233,
                    1500
                ],
                [
                    233,
                    1530
                ],
                [
                    137,
                    1530
                ]
            ],
            "text": "Maximum",
            "label": "B_Prop"
        },
        {
            "index": 89,
            "bbox": [
                [
                    223,
                    1500
                ],
                [
                    315,
                    1500
                ],
                [
                    315,
                    1530
                ],
                [
                    223,
                    1530
                ]
            ],
            "text": "discharge",
            "label": "I_Prop"
        },
        {
            "index": 90,
            "bbox": [
                [
                    308,
                    1502
                ],
                [
                    358,
                    1502
                ],
                [
                    358,
                    1528
                ],
                [
                    308,
                    1528
                ]
            ],
            "text": "head",
            "label": "I_Prop"
        },
        {
            "index": 91,
            "bbox": [
                [
                    354,
                    1500
                ],
                [
                    388,
                    1500
                ],
                [
                    388,
                    1528
                ],
                [
                    354,
                    1528
                ]
            ],
            "text": "[m]",
            "label": "B_Unit"
        },
        {
            "index": 92,
            "bbox": [
                [
                    445,
                    1500
                ],
                [
                    475,
                    1500
                ],
                [
                    475,
                    1528
                ],
                [
                    445,
                    1528
                ]
            ],
            "text": "55",
            "label": "B_Value"
        },
        {
            "index": 93,
            "bbox": [
                [
                    603,
                    1500
                ],
                [
                    632,
                    1500
                ],
                [
                    632,
                    1528
                ],
                [
                    603,
                    1528
                ]
            ],
            "text": "55",
            "label": "B_Value"
        },
        {
            "index": 94,
            "bbox": [
                [
                    760,
                    1500
                ],
                [
                    790,
                    1500
                ],
                [
                    790,
                    1528
                ],
                [
                    760,
                    1528
                ]
            ],
            "text": "55",
            "label": "B_Value"
        },
        {
            "index": 95,
            "bbox": [
                [
                    139,
                    1539
                ],
                [
                    230,
                    1539
                ],
                [
                    230,
                    1562
                ],
                [
                    139,
                    1562
                ]
            ],
            "text": "Maximum",
            "label": "B_Prop"
        },
        {
            "index": 96,
            "bbox": [
                [
                    226,
                    1539
                ],
                [
                    294,
                    1539
                ],
                [
                    294,
                    1564
                ],
                [
                    226,
                    1564
                ]
            ],
            "text": "suction",
            "label": "I_Prop"
        },
        {
            "index": 97,
            "bbox": [
                [
                    290,
                    1539
                ],
                [
                    351,
                    1539
                ],
                [
                    351,
                    1564
                ],
                [
                    290,
                    1564
                ]
            ],
            "text": "height",
            "label": "I_Prop"
        },
        {
            "index": 98,
            "bbox": [
                [
                    345,
                    1537
                ],
                [
                    379,
                    1537
                ],
                [
                    379,
                    1564
                ],
                [
                    345,
                    1564
                ]
            ],
            "text": "[m]",
            "label": "B_Unit"
        },
        {
            "index": 99,
            "bbox": [
                [
                    450,
                    1539
                ],
                [
                    463,
                    1539
                ],
                [
                    463,
                    1560
                ],
                [
                    450,
                    1560
                ]
            ],
            "text": "8",
            "label": "B_Value"
        },
        {
            "index": 100,
            "bbox": [
                [
                    605,
                    1539
                ],
                [
                    623,
                    1539
                ],
                [
                    623,
                    1562
                ],
                [
                    605,
                    1562
                ]
            ],
            "text": "8",
            "label": "B_Value"
        },
        {
            "index": 101,
            "bbox": [
                [
                    763,
                    1539
                ],
                [
                    781,
                    1539
                ],
                [
                    781,
                    1562
                ],
                [
                    763,
                    1562
                ]
            ],
            "text": "8",
            "label": "B_Value"
        },
        {
            "index": 102,
            "bbox": [
                [
                    948,
                    1548
                ],
                [
                    1105,
                    1548
                ],
                [
                    1105,
                    1587
                ],
                [
                    948,
                    1587
                ]
            ],
            "text": "Hydraulic",
            "label": "B_Section"
        },
        {
            "index": 103,
            "bbox": [
                [
                    1107,
                    1557
                ],
                [
                    1217,
                    1557
                ],
                [
                    1217,
                    1589
                ],
                [
                    1107,
                    1589
                ]
            ],
            "text": "power",
            "label": "I_Section"
        },
        {
            "index": 104,
            "bbox": [
                [
                    1215,
                    1555
                ],
                [
                    1311,
                    1555
                ],
                [
                    1311,
                    1585
                ],
                [
                    1215,
                    1585
                ]
            ],
            "text": "curve",
            "label": "I_Section"
        },
        {
            "index": 105,
            "bbox": [
                [
                    139,
                    1573
                ],
                [
                    214,
                    1573
                ],
                [
                    214,
                    1605
                ],
                [
                    139,
                    1605
                ]
            ],
            "text": "Voltage",
            "label": "B_Prop"
        },
        {
            "index": 106,
            "bbox": [
                [
                    217,
                    1576
                ],
                [
                    310,
                    1576
                ],
                [
                    310,
                    1605
                ],
                [
                    217,
                    1605
                ]
            ],
            "text": "frequency",
            "label": "I_Prop"
        },
        {
            "index": 107,
            "bbox": [
                [
                    303,
                    1573
                ],
                [
                    365,
                    1573
                ],
                [
                    365,
                    1605
                ],
                [
                    303,
                    1605
                ]
            ],
            "text": "[V/Hz]",
            "label": "B_Unit"
        },
        {
            "index": 108,
            "bbox": [
                [
                    445,
                    1573
                ],
                [
                    518,
                    1573
                ],
                [
                    518,
                    1605
                ],
                [
                    445,
                    1605
                ]
            ],
            "text": "230/50",
            "label": "B_Value"
        },
        {
            "index": 109,
            "bbox": [
                [
                    605,
                    1576
                ],
                [
                    671,
                    1576
                ],
                [
                    671,
                    1601
                ],
                [
                    605,
                    1601
                ]
            ],
            "text": "230/50",
            "label": "B_Value"
        },
        {
            "index": 110,
            "bbox": [
                [
                    763,
                    1576
                ],
                [
                    829,
                    1576
                ],
                [
                    829,
                    1601
                ],
                [
                    763,
                    1601
                ]
            ],
            "text": "230/50",
            "label": "B_Value"
        },
        {
            "index": 111,
            "bbox": [
                [
                    139,
                    1614
                ],
                [
                    201,
                    1614
                ],
                [
                    201,
                    1637
                ],
                [
                    139,
                    1637
                ]
            ],
            "text": "Power",
            "label": "B_Prop"
        },
        {
            "index": 112,
            "bbox": [
                [
                    196,
                    1612
                ],
                [
                    230,
                    1612
                ],
                [
                    230,
                    1642
                ],
                [
                    196,
                    1642
                ]
            ],
            "text": "[W]",
            "label": "B_Unit"
        },
        {
            "index": 113,
            "bbox": [
                [
                    450,
                    1612
                ],
                [
                    491,
                    1612
                ],
                [
                    491,
                    1637
                ],
                [
                    450,
                    1637
                ]
            ],
            "text": "1300",
            "label": "B_Value"
        },
        {
            "index": 114,
            "bbox": [
                [
                    605,
                    1612
                ],
                [
                    648,
                    1612
                ],
                [
                    648,
                    1637
                ],
                [
                    605,
                    1637
                ]
            ],
            "text": "1300",
            "label": "B_Value"
        },
        {
            "index": 115,
            "bbox": [
                [
                    763,
                    1614
                ],
                [
                    806,
                    1614
                ],
                [
                    806,
                    1637
                ],
                [
                    763,
                    1637
                ]
            ],
            "text": "1300",
            "label": "B_Value"
        },
        {
            "index": 116,
            "bbox": [
                [
                    137,
                    1646
                ],
                [
                    246,
                    1646
                ],
                [
                    246,
                    1676
                ],
                [
                    137,
                    1676
                ]
            ],
            "text": "Connection",
            "label": "B_Prop"
        },
        {
            "index": 117,
            "bbox": [
                [
                    447,
                    1649
                ],
                [
                    502,
                    1649
                ],
                [
                    502,
                    1674
                ],
                [
                    447,
                    1674
                ]
            ],
            "text": "1\"x1\"",
            "label": "B_Value"
        },
        {
            "index": 118,
            "bbox": [
                [
                    605,
                    1649
                ],
                [
                    657,
                    1649
                ],
                [
                    657,
                    1674
                ],
                [
                    605,
                    1674
                ]
            ],
            "text": "1\"x1\"",
            "label": "B_Value"
        },
        {
            "index": 119,
            "bbox": [
                [
                    763,
                    1649
                ],
                [
                    815,
                    1649
                ],
                [
                    815,
                    1674
                ],
                [
                    763,
                    1674
                ]
            ],
            "text": "1\"x1\"",
            "label": "B_Value"
        },
        {
            "index": 120,
            "bbox": [
                [
                    139,
                    1685
                ],
                [
                    230,
                    1685
                ],
                [
                    230,
                    1708
                ],
                [
                    139,
                    1708
                ]
            ],
            "text": "Maximum",
            "label": "B_Prop"
        },
        {
            "index": 121,
            "bbox": [
                [
                    226,
                    1683
                ],
                [
                    271,
                    1683
                ],
                [
                    271,
                    1708
                ],
                [
                    226,
                    1708
                ]
            ],
            "text": "fluid",
            "label": "I_Prop"
        },
        {
            "index": 122,
            "bbox": [
                [
                    265,
                    1683
                ],
                [
                    377,
                    1683
                ],
                [
                    377,
                    1713
                ],
                [
                    265,
                    1713
                ]
            ],
            "text": "temperature",
            "label": "I_Prop"
        },
        {
            "index": 123,
            "bbox": [
                [
                    372,
                    1683
                ],
                [
                    408,
                    1683
                ],
                [
                    408,
                    1710
                ],
                [
                    372,
                    1710
                ]
            ],
            "text": "[°C]",
            "label": "B_Unit"
        },
        {
            "index": 124,
            "bbox": [
                [
                    445,
                    1683
                ],
                [
                    475,
                    1683
                ],
                [
                    475,
                    1710
                ],
                [
                    445,
                    1710
                ]
            ],
            "text": "35",
            "label": "B_Value"
        },
        {
            "index": 125,
            "bbox": [
                [
                    603,
                    1683
                ],
                [
                    632,
                    1683
                ],
                [
                    632,
                    1710
                ],
                [
                    603,
                    1710
                ]
            ],
            "text": "35",
            "label": "B_Value"
        },
        {
            "index": 126,
            "bbox": [
                [
                    760,
                    1683
                ],
                [
                    790,
                    1683
                ],
                [
                    790,
                    1710
                ],
                [
                    760,
                    1710
                ]
            ],
            "text": "35",
            "label": "B_Value"
        },
        {
            "index": 127,
            "bbox": [
                [
                    139,
                    1717
                ],
                [
                    233,
                    1717
                ],
                [
                    233,
                    1747
                ],
                [
                    139,
                    1747
                ]
            ],
            "text": "Maximum",
            "label": "B_Prop"
        },
        {
            "index": 128,
            "bbox": [
                [
                    223,
                    1717
                ],
                [
                    313,
                    1717
                ],
                [
                    313,
                    1749
                ],
                [
                    223,
                    1749
                ]
            ],
            "text": "operating",
            "label": "I_Prop"
        },
        {
            "index": 129,
            "bbox": [
                [
                    308,
                    1722
                ],
                [
                    390,
                    1722
                ],
                [
                    390,
                    1749
                ],
                [
                    308,
                    1749
                ]
            ],
            "text": "pressurel",
            "label": "I_Prop"
        },
        {
            "index": 130,
            "bbox": [
                [
                    383,
                    1719
                ],
                [
                    429,
                    1719
                ],
                [
                    429,
                    1747
                ],
                [
                    383,
                    1747
                ]
            ],
            "text": "[bar]",
            "label": "B_Unit"
        },
        {
            "index": 131,
            "bbox": [
                [
                    447,
                    1717
                ],
                [
                    475,
                    1717
                ],
                [
                    475,
                    1747
                ],
                [
                    447,
                    1747
                ]
            ],
            "text": "10",
            "label": "B_Value"
        },
        {
            "index": 132,
            "bbox": [
                [
                    605,
                    1717
                ],
                [
                    632,
                    1717
                ],
                [
                    632,
                    1747
                ],
                [
                    605,
                    1747
                ]
            ],
            "text": "10",
            "label": "B_Value"
        },
        {
            "index": 133,
            "bbox": [
                [
                    760,
                    1717
                ],
                [
                    790,
                    1717
                ],
                [
                    790,
                    1747
                ],
                [
                    760,
                    1747
                ]
            ],
            "text": "10",
            "label": "B_Value"
        },
        {
            "index": 134,
            "bbox": [
                [
                    139,
                    1751
                ],
                [
                    235,
                    1751
                ],
                [
                    235,
                    1783
                ],
                [
                    139,
                    1783
                ]
            ],
            "text": "Switch-on",
            "label": "B_Prop"
        },
        {
            "index": 135,
            "bbox": [
                [
                    226,
                    1754
                ],
                [
                    310,
                    1754
                ],
                [
                    310,
                    1786
                ],
                [
                    226,
                    1786
                ]
            ],
            "text": "pressure[",
            "label": "I_Prop"
        },
        {
            "index": 136,
            "bbox": [
                [
                    301,
                    1751
                ],
                [
                    349,
                    1751
                ],
                [
                    349,
                    1786
                ],
                [
                    301,
                    1786
                ]
            ],
            "text": "[bar]",
            "label": "B_Unit"
        },
        {
            "index": 137,
            "bbox": [
                [
                    447,
                    1754
                ],
                [
                    477,
                    1754
                ],
                [
                    477,
                    1781
                ],
                [
                    447,
                    1781
                ]
            ],
            "text": "2,8",
            "label": "B_Value"
        },
        {
            "index": 138,
            "bbox": [
                [
                    605,
                    1754
                ],
                [
                    635,
                    1754
                ],
                [
                    635,
                    1781
                ],
                [
                    605,
                    1781
                ]
            ],
            "text": "2,8",
            "label": "B_Value"
        },
        {
            "index": 139,
            "bbox": [
                [
                    763,
                    1754
                ],
                [
                    792,
                    1754
                ],
                [
                    792,
                    1781
                ],
                [
                    763,
                    1781
                ]
            ],
            "text": "2,8",
            "label": "B_Value"
        },
        {
            "index": 140,
            "bbox": [
                [
                    139,
                    1788
                ],
                [
                    237,
                    1788
                ],
                [
                    237,
                    1818
                ],
                [
                    139,
                    1818
                ]
            ],
            "text": "Switch-off",
            "label": "B_Prop"
        },
        {
            "index": 141,
            "bbox": [
                [
                    228,
                    1790
                ],
                [
                    313,
                    1790
                ],
                [
                    313,
                    1822
                ],
                [
                    228,
                    1822
                ]
            ],
            "text": "pressurel",
            "label": "I_Prop"
        },
        {
            "index": 142,
            "bbox": [
                [
                    303,
                    1788
                ],
                [
                    351,
                    1788
                ],
                [
                    351,
                    1822
                ],
                [
                    303,
                    1822
                ]
            ],
            "text": "[bar]",
            "label": "B_Unit"
        },
        {
            "index": 143,
            "bbox": [
                [
                    447,
                    1790
                ],
                [
                    477,
                    1790
                ],
                [
                    477,
                    1818
                ],
                [
                    447,
                    1818
                ]
            ],
            "text": "4,2",
            "label": "B_Value"
        },
        {
            "index": 144,
            "bbox": [
                [
                    605,
                    1790
                ],
                [
                    637,
                    1790
                ],
                [
                    637,
                    1818
                ],
                [
                    605,
                    1818
                ]
            ],
            "text": "4,2",
            "label": "B_Value"
        },
        {
            "index": 145,
            "bbox": [
                [
                    763,
                    1790
                ],
                [
                    792,
                    1790
                ],
                [
                    792,
                    1818
                ],
                [
                    763,
                    1818
                ]
            ],
            "text": "4,2",
            "label": "B_Value"
        },
        {
            "index": 146,
            "bbox": [
                [
                    141,
                    1829
                ],
                [
                    196,
                    1829
                ],
                [
                    196,
                    1852
                ],
                [
                    141,
                    1852
                ]
            ],
            "text": "Rated",
            "label": "B_Prop"
        },
        {
            "index": 147,
            "bbox": [
                [
                    191,
                    1829
                ],
                [
                    260,
                    1829
                ],
                [
                    260,
                    1854
                ],
                [
                    191,
                    1854
                ]
            ],
            "text": "current",
            "label": "I_Prop"
        },
        {
            "index": 148,
            "bbox": [
                [
                    255,
                    1827
                ],
                [
                    285,
                    1827
                ],
                [
                    285,
                    1857
                ],
                [
                    255,
                    1857
                ]
            ],
            "text": "[A]",
            "label": "B_Unit"
        },
        {
            "index": 149,
            "bbox": [
                [
                    447,
                    1829
                ],
                [
                    477,
                    1829
                ],
                [
                    477,
                    1854
                ],
                [
                    447,
                    1854
                ]
            ],
            "text": "5,5",
            "label": "B_Value"
        },
        {
            "index": 150,
            "bbox": [
                [
                    605,
                    1829
                ],
                [
                    635,
                    1829
                ],
                [
                    635,
                    1854
                ],
                [
                    605,
                    1854
                ]
            ],
            "text": "5,5",
            "label": "B_Value"
        },
        {
            "index": 151,
            "bbox": [
                [
                    763,
                    1829
                ],
                [
                    792,
                    1829
                ],
                [
                    792,
                    1854
                ],
                [
                    763,
                    1854
                ]
            ],
            "text": "5,5",
            "label": "B_Value"
        },
        {
            "index": 152,
            "bbox": [
                [
                    139,
                    1861
                ],
                [
                    207,
                    1861
                ],
                [
                    207,
                    1893
                ],
                [
                    139,
                    1893
                ]
            ],
            "text": "Weight",
            "label": "B_Prop"
        },
        {
            "index": 153,
            "bbox": [
                [
                    203,
                    1861
                ],
                [
                    239,
                    1861
                ],
                [
                    239,
                    1893
                ],
                [
                    203,
                    1893
                ]
            ],
            "text": "[kg]",
            "label": "B_Unit"
        },
        {
            "index": 154,
            "bbox": [
                [
                    445,
                    1863
                ],
                [
                    475,
                    1863
                ],
                [
                    475,
                    1891
                ],
                [
                    445,
                    1891
                ]
            ],
            "text": "25",
            "label": "B_Value"
        },
        {
            "index": 155,
            "bbox": [
                [
                    603,
                    1863
                ],
                [
                    632,
                    1863
                ],
                [
                    632,
                    1891
                ],
                [
                    603,
                    1891
                ]
            ],
            "text": "28",
            "label": "B_Value"
        },
        {
            "index": 156,
            "bbox": [
                [
                    760,
                    1863
                ],
                [
                    790,
                    1863
                ],
                [
                    790,
                    1891
                ],
                [
                    760,
                    1891
                ]
            ],
            "text": "32",
            "label": "B_Value"
        },
        {
            "index": 157,
            "bbox": [
                [
                    139,
                    1898
                ],
                [
                    237,
                    1898
                ],
                [
                    237,
                    1927
                ],
                [
                    139,
                    1927
                ]
            ],
            "text": "Dimension",
            "label": "B_Prop"
        },
        {
            "index": 158,
            "bbox": [
                [
                    230,
                    1900
                ],
                [
                    297,
                    1900
                ],
                [
                    297,
                    1925
                ],
                [
                    230,
                    1925
                ]
            ],
            "text": "LxHx",
            "label": "I_Prop"
        },
        {
            "index": 159,
            "bbox": [
                [
                    287,
                    1898
                ],
                [
                    317,
                    1898
                ],
                [
                    317,
                    1925
                ],
                [
                    287,
                    1925
                ]
            ],
            "text": "WI",
            "label": "I_Prop"
        },
        {
            "index": 160,
            "bbox": [
                [
                    313,
                    1900
                ],
                [
                    361,
                    1900
                ],
                [
                    361,
                    1927
                ],
                [
                    313,
                    1927
                ]
            ],
            "text": "[mm]",
            "label": "B_Unit"
        },
        {
            "index": 161,
            "bbox": [
                [
                    447,
                    1900
                ],
                [
                    495,
                    1900
                ],
                [
                    495,
                    1925
                ],
                [
                    447,
                    1925
                ]
            ],
            "text": "250x",
            "label": "B_Value"
        },
        {
            "index": 162,
            "bbox": [
                [
                    488,
                    1900
                ],
                [
                    566,
                    1900
                ],
                [
                    566,
                    1925
                ],
                [
                    488,
                    1925
                ]
            ],
            "text": "500x600",
            "label": "I_Value"
        },
        {
            "index": 163,
            "bbox": [
                [
                    603,
                    1898
                ],
                [
                    726,
                    1898
                ],
                [
                    726,
                    1927
                ],
                [
                    603,
                    1927
                ]
            ],
            "text": "400x650x750",
            "label": "B_Value"
        },
        {
            "index": 164,
            "bbox": [
                [
                    760,
                    1898
                ],
                [
                    884,
                    1898
                ],
                [
                    884,
                    1927
                ],
                [
                    760,
                    1927
                ]
            ],
            "text": "450x700x800",
            "label": "B_Value"
        },
        {
            "index": 165,
            "bbox": [
                [
                    137,
                    2080
                ],
                [
                    436,
                    2080
                ],
                [
                    436,
                    2112
                ],
                [
                    137,
                    2112
                ]
            ],
            "text": "www.pumpa.eu",
            "label": "Out"
        }
    ]
}