{
    "datasheet": [
        {
            "index": 0,
            "bbox": [
                [
                    114,
                    59
                ],
                [
                    187,
                    59
                ],
                [
                    187,
                    91
                ],
                [
                    114,
                    91
                ]
            ],
            "text": "Energy",
            "label": "B_Descri"
        },
        {
            "index": 1,
            "bbox": [
                [
                    182,
                    57
                ],
                [
                    251,
                    57
                ],
                [
                    251,
                    89
                ],
                [
                    182,
                    89
                ]
            ],
            "text": "Meter",
            "label": "I_Descri"
        },
        {
            "index": 2,
            "bbox": [
                [
                    260,
                    57
                ],
                [
                    358,
                    57
                ],
                [
                    358,
                    89
                ],
                [
                    260,
                    89
                ]
            ],
            "text": "Basicline",
            "label": "I_Descri"
        },
        {
            "index": 3,
            "bbox": [
                [
                    114,
                    216
                ],
                [
                    187,
                    216
                ],
                [
                    187,
                    251
                ],
                [
                    114,
                    251
                ]
            ],
            "text": "Energy",
            "label": "B_Descri"
        },
        {
            "index": 4,
            "bbox": [
                [
                    182,
                    216
                ],
                [
                    258,
                    216
                ],
                [
                    258,
                    248
                ],
                [
                    182,
                    248
                ]
            ],
            "text": "meters",
            "label": "I_Descri"
        },
        {
            "index": 5,
            "bbox": [
                [
                    253,
                    219
                ],
                [
                    287,
                    219
                ],
                [
                    287,
                    246
                ],
                [
                    253,
                    246
                ]
            ],
            "text": "for",
            "label": "I_Descri"
        },
        {
            "index": 6,
            "bbox": [
                [
                    283,
                    216
                ],
                [
                    340,
                    216
                ],
                [
                    340,
                    248
                ],
                [
                    283,
                    248
                ]
            ],
            "text": "front",
            "label": "I_Descri"
        },
        {
            "index": 7,
            "bbox": [
                [
                    335,
                    216
                ],
                [
                    393,
                    216
                ],
                [
                    393,
                    251
                ],
                [
                    335,
                    251
                ]
            ],
            "text": "panel",
            "label": "I_Descri"
        },
        {
            "index": 8,
            "bbox": [
                [
                    390,
                    219
                ],
                [
                    486,
                    219
                ],
                [
                    486,
                    251
                ],
                [
                    390,
                    251
                ]
            ],
            "text": "mounting",
            "label": "I_Descri"
        },
        {
            "index": 9,
            "bbox": [
                [
                    596,
                    219
                ],
                [
                    797,
                    219
                ],
                [
                    797,
                    248
                ],
                [
                    596,
                    248
                ]
            ],
            "text": "EM220-RTU-4D12DO",
            "label": "B_Ref"
        },
        {
            "index": 10,
            "bbox": [
                [
                    1080,
                    219
                ],
                [
                    1322,
                    219
                ],
                [
                    1322,
                    248
                ],
                [
                    1080,
                    248
                ]
            ],
            "text": "EM220-RTU-4DI2D0-GW",
            "label": "B_Ref"
        },
        {
            "index": 11,
            "bbox": [
                [
                    112,
                    573
                ],
                [
                    210,
                    573
                ],
                [
                    210,
                    605
                ],
                [
                    112,
                    605
                ]
            ],
            "text": "Technical",
            "label": "B_Section"
        },
        {
            "index": 12,
            "bbox": [
                [
                    205,
                    575
                ],
                [
                    255,
                    575
                ],
                [
                    255,
                    603
                ],
                [
                    205,
                    603
                ]
            ],
            "text": "data",
            "label": "I_Section"
        },
        {
            "index": 13,
            "bbox": [
                [
                    25,
                    593
                ],
                [
                    54,
                    593
                ],
                [
                    54,
                    635
                ],
                [
                    25,
                    635
                ]
            ],
            "text": "B",
            "label": "Out"
        },
        {
            "index": 14,
            "bbox": [
                [
                    118,
                    630
                ],
                [
                    219,
                    630
                ],
                [
                    219,
                    660
                ],
                [
                    118,
                    660
                ]
            ],
            "text": "Measurement",
            "label": "B_Prop"
        },
        {
            "index": 15,
            "bbox": [
                [
                    210,
                    635
                ],
                [
                    258,
                    635
                ],
                [
                    258,
                    660
                ],
                [
                    210,
                    660
                ]
            ],
            "text": "range,",
            "label": "I_Prop"
        },
        {
            "index": 16,
            "bbox": [
                [
                    253,
                    635
                ],
                [
                    308,
                    635
                ],
                [
                    308,
                    660
                ],
                [
                    253,
                    660
                ]
            ],
            "text": "voltage",
            "label": "I_Prop"
        },
        {
            "index": 17,
            "bbox": [
                [
                    301,
                    630
                ],
                [
                    363,
                    630
                ],
                [
                    363,
                    662
                ],
                [
                    301,
                    662
                ]
            ],
            "text": "L-N,AC",
            "label": "I_Prop"
        },
        {
            "index": 18,
            "bbox": [
                [
                    598,
                    630
                ],
                [
                    687,
                    630
                ],
                [
                    687,
                    660
                ],
                [
                    598,
                    660
                ]
            ],
            "text": "50..345V",
            "label": "B_Value"
        },
        {
            "index": 19,
            "bbox": [
                [
                    1085,
                    630
                ],
                [
                    1165,
                    630
                ],
                [
                    1165,
                    653
                ],
                [
                    1085,
                    653
                ]
            ],
            "text": "50...345V",
            "label": "B_Value"
        },
        {
            "index": 20,
            "bbox": [
                [
                    121,
                    660
                ],
                [
                    217,
                    660
                ],
                [
                    217,
                    682
                ],
                [
                    121,
                    682
                ]
            ],
            "text": "Measurement",
            "label": "B_Prop"
        },
        {
            "index": 21,
            "bbox": [
                [
                    210,
                    662
                ],
                [
                    260,
                    662
                ],
                [
                    260,
                    687
                ],
                [
                    210,
                    687
                ]
            ],
            "text": "range,",
            "label": "I_Prop"
        },
        {
            "index": 22,
            "bbox": [
                [
                    253,
                    660
                ],
                [
                    308,
                    660
                ],
                [
                    308,
                    685
                ],
                [
                    253,
                    685
                ]
            ],
            "text": "voltage",
            "label": "I_Prop"
        },
        {
            "index": 23,
            "bbox": [
                [
                    303,
                    657
                ],
                [
                    356,
                    657
                ],
                [
                    356,
                    682
                ],
                [
                    303,
                    682
                ]
            ],
            "text": "L-L,AC",
            "label": "I_Prop"
        },
        {
            "index": 24,
            "bbox": [
                [
                    600,
                    657
                ],
                [
                    683,
                    657
                ],
                [
                    683,
                    685
                ],
                [
                    600,
                    685
                ]
            ],
            "text": "50...600V",
            "label": "B_Value"
        },
        {
            "index": 25,
            "bbox": [
                [
                    1087,
                    655
                ],
                [
                    1162,
                    655
                ],
                [
                    1162,
                    678
                ],
                [
                    1087,
                    678
                ]
            ],
            "text": "50..600V",
            "label": "B_Value"
        },
        {
            "index": 26,
            "bbox": [
                [
                    121,
                    685
                ],
                [
                    166,
                    685
                ],
                [
                    166,
                    710
                ],
                [
                    121,
                    710
                ]
            ],
            "text": "Surge",
            "label": "B_Prop"
        },
        {
            "index": 27,
            "bbox": [
                [
                    162,
                    680
                ],
                [
                    219,
                    680
                ],
                [
                    219,
                    712
                ],
                [
                    162,
                    712
                ]
            ],
            "text": "voltage",
            "label": "I_Prop"
        },
        {
            "index": 28,
            "bbox": [
                [
                    212,
                    685
                ],
                [
                    274,
                    685
                ],
                [
                    274,
                    710
                ],
                [
                    212,
                    710
                ]
            ],
            "text": "category",
            "label": "I_Prop"
        },
        {
            "index": 29,
            "bbox": [
                [
                    598,
                    682
                ],
                [
                    625,
                    682
                ],
                [
                    625,
                    710
                ],
                [
                    598,
                    710
                ]
            ],
            "text": "III",
            "label": "B_Value"
        },
        {
            "index": 30,
            "bbox": [
                [
                    1082,
                    678
                ],
                [
                    1110,
                    678
                ],
                [
                    1110,
                    705
                ],
                [
                    1082,
                    705
                ]
            ],
            "text": "III",
            "label": "B_Value"
        },
        {
            "index": 31,
            "bbox": [
                [
                    121,
                    705
                ],
                [
                    178,
                    705
                ],
                [
                    178,
                    737
                ],
                [
                    121,
                    737
                ]
            ],
            "text": "Voltage",
            "label": "B_Prop"
        },
        {
            "index": 32,
            "bbox": [
                [
                    171,
                    710
                ],
                [
                    221,
                    710
                ],
                [
                    221,
                    735
                ],
                [
                    171,
                    735
                ]
            ],
            "text": "supply",
            "label": "I_Prop"
        },
        {
            "index": 33,
            "bbox": [
                [
                    600,
                    705
                ],
                [
                    708,
                    705
                ],
                [
                    708,
                    737
                ],
                [
                    600,
                    737
                ]
            ],
            "text": "75..270VAC,",
            "label": "B_Value"
        },
        {
            "index": 34,
            "bbox": [
                [
                    703,
                    708
                ],
                [
                    744,
                    708
                ],
                [
                    744,
                    733
                ],
                [
                    703,
                    733
                ]
            ],
            "text": "100...",
            "label": "I_Value"
        },
        {
            "index": 35,
            "bbox": [
                [
                    735,
                    708
                ],
                [
                    811,
                    708
                ],
                [
                    811,
                    733
                ],
                [
                    735,
                    733
                ]
            ],
            "text": ".380VDC",
            "label": "I_Value"
        },
        {
            "index": 36,
            "bbox": [
                [
                    1082,
                    701
                ],
                [
                    1192,
                    701
                ],
                [
                    1192,
                    730
                ],
                [
                    1082,
                    730
                ]
            ],
            "text": "75...20VAC,",
            "label": "B_Value"
        },
        {
            "index": 37,
            "bbox": [
                [
                    1183,
                    701
                ],
                [
                    1295,
                    701
                ],
                [
                    1295,
                    733
                ],
                [
                    1183,
                    733
                ]
            ],
            "text": "100..380VDC",
            "label": "I_Value"
        },
        {
            "index": 38,
            "bbox": [
                [
                    123,
                    733
                ],
                [
                    196,
                    733
                ],
                [
                    196,
                    758
                ],
                [
                    123,
                    758
                ]
            ],
            "text": "Three-wire",
            "label": "B_Prop"
        },
        {
            "index": 39,
            "bbox": [
                [
                    191,
                    735
                ],
                [
                    246,
                    735
                ],
                [
                    246,
                    760
                ],
                [
                    191,
                    760
                ]
            ],
            "text": "system",
            "label": "I_Prop"
        },
        {
            "index": 40,
            "bbox": [
                [
                    600,
                    733
                ],
                [
                    637,
                    733
                ],
                [
                    637,
                    760
                ],
                [
                    600,
                    760
                ]
            ],
            "text": "Yes",
            "label": "B_Value"
        },
        {
            "index": 41,
            "bbox": [
                [
                    1085,
                    728
                ],
                [
                    1121,
                    728
                ],
                [
                    1121,
                    756
                ],
                [
                    1085,
                    756
                ]
            ],
            "text": "Yes",
            "label": "B_Value"
        },
        {
            "index": 42,
            "bbox": [
                [
                    121,
                    758
                ],
                [
                    189,
                    758
                ],
                [
                    189,
                    783
                ],
                [
                    121,
                    783
                ]
            ],
            "text": "Four-wire",
            "label": "B_Prop"
        },
        {
            "index": 43,
            "bbox": [
                [
                    182,
                    760
                ],
                [
                    237,
                    760
                ],
                [
                    237,
                    785
                ],
                [
                    182,
                    785
                ]
            ],
            "text": "system",
            "label": "I_Prop"
        },
        {
            "index": 44,
            "bbox": [
                [
                    600,
                    758
                ],
                [
                    639,
                    758
                ],
                [
                    639,
                    783
                ],
                [
                    600,
                    783
                ]
            ],
            "text": "Yes",
            "label": "B_Value"
        },
        {
            "index": 45,
            "bbox": [
                [
                    1085,
                    753
                ],
                [
                    1121,
                    753
                ],
                [
                    1121,
                    781
                ],
                [
                    1085,
                    781
                ]
            ],
            "text": "Yes",
            "label": "B_Value"
        },
        {
            "index": 46,
            "bbox": [
                [
                    121,
                    781
                ],
                [
                    198,
                    781
                ],
                [
                    198,
                    813
                ],
                [
                    121,
                    813
                ]
            ],
            "text": "Measuring",
            "label": "B_Prop"
        },
        {
            "index": 47,
            "bbox": [
                [
                    191,
                    785
                ],
                [
                    258,
                    785
                ],
                [
                    258,
                    810
                ],
                [
                    191,
                    810
                ]
            ],
            "text": "accuracy",
            "label": "I_Prop"
        },
        {
            "index": 48,
            "bbox": [
                [
                    251,
                    783
                ],
                [
                    278,
                    783
                ],
                [
                    278,
                    810
                ],
                [
                    251,
                    810
                ]
            ],
            "text": "for",
            "label": "I_Prop"
        },
        {
            "index": 49,
            "bbox": [
                [
                    271,
                    781
                ],
                [
                    329,
                    781
                ],
                [
                    329,
                    813
                ],
                [
                    271,
                    813
                ]
            ],
            "text": "voltage",
            "label": "I_Prop"
        },
        {
            "index": 50,
            "bbox": [
                [
                    603,
                    783
                ],
                [
                    651,
                    783
                ],
                [
                    651,
                    808
                ],
                [
                    603,
                    808
                ]
            ],
            "text": "0.5%",
            "label": "B_Value"
        },
        {
            "index": 51,
            "bbox": [
                [
                    1082,
                    778
                ],
                [
                    1135,
                    778
                ],
                [
                    1135,
                    804
                ],
                [
                    1082,
                    804
                ]
            ],
            "text": "0.5%",
            "label": "B_Value"
        },
        {
            "index": 52,
            "bbox": [
                [
                    123,
                    808
                ],
                [
                    198,
                    808
                ],
                [
                    198,
                    833
                ],
                [
                    123,
                    833
                ]
            ],
            "text": "Measuring",
            "label": "B_Prop"
        },
        {
            "index": 53,
            "bbox": [
                [
                    191,
                    810
                ],
                [
                    255,
                    810
                ],
                [
                    255,
                    836
                ],
                [
                    191,
                    836
                ]
            ],
            "text": "accuracy",
            "label": "I_Prop"
        },
        {
            "index": 54,
            "bbox": [
                [
                    251,
                    808
                ],
                [
                    281,
                    808
                ],
                [
                    281,
                    833
                ],
                [
                    251,
                    833
                ]
            ],
            "text": "for",
            "label": "I_Prop"
        },
        {
            "index": 55,
            "bbox": [
                [
                    271,
                    810
                ],
                [
                    326,
                    810
                ],
                [
                    326,
                    833
                ],
                [
                    271,
                    833
                ]
            ],
            "text": "current",
            "label": "I_Prop"
        },
        {
            "index": 56,
            "bbox": [
                [
                    600,
                    808
                ],
                [
                    653,
                    808
                ],
                [
                    653,
                    833
                ],
                [
                    600,
                    833
                ]
            ],
            "text": "0.5%",
            "label": "B_Value"
        },
        {
            "index": 57,
            "bbox": [
                [
                    1082,
                    804
                ],
                [
                    1135,
                    804
                ],
                [
                    1135,
                    829
                ],
                [
                    1082,
                    829
                ]
            ],
            "text": "0.5%",
            "label": "B_Value"
        },
        {
            "index": 58,
            "bbox": [
                [
                    121,
                    833
                ],
                [
                    217,
                    833
                ],
                [
                    217,
                    856
                ],
                [
                    121,
                    856
                ]
            ],
            "text": "Measurement",
            "label": "B_Prop"
        },
        {
            "index": 59,
            "bbox": [
                [
                    212,
                    836
                ],
                [
                    276,
                    836
                ],
                [
                    276,
                    858
                ],
                [
                    212,
                    858
                ]
            ],
            "text": "accuracy",
            "label": "I_Prop"
        },
        {
            "index": 60,
            "bbox": [
                [
                    269,
                    831
                ],
                [
                    299,
                    831
                ],
                [
                    299,
                    858
                ],
                [
                    269,
                    858
                ]
            ],
            "text": "for",
            "label": "I_Prop"
        },
        {
            "index": 61,
            "bbox": [
                [
                    292,
                    833
                ],
                [
                    340,
                    833
                ],
                [
                    340,
                    858
                ],
                [
                    292,
                    858
                ]
            ],
            "text": "active",
            "label": "I_Prop"
        },
        {
            "index": 62,
            "bbox": [
                [
                    333,
                    836
                ],
                [
                    386,
                    836
                ],
                [
                    386,
                    861
                ],
                [
                    333,
                    861
                ]
            ],
            "text": "energy",
            "label": "I_Prop"
        },
        {
            "index": 63,
            "bbox": [
                [
                    377,
                    831
                ],
                [
                    466,
                    831
                ],
                [
                    466,
                    861
                ],
                [
                    377,
                    861
                ]
            ],
            "text": "(kWh,/5A)",
            "label": "I_Prop"
        },
        {
            "index": 64,
            "bbox": [
                [
                    603,
                    833
                ],
                [
                    648,
                    833
                ],
                [
                    648,
                    858
                ],
                [
                    603,
                    858
                ]
            ],
            "text": "Class",
            "label": "B_Value"
        },
        {
            "index": 65,
            "bbox": [
                [
                    639,
                    833
                ],
                [
                    683,
                    833
                ],
                [
                    683,
                    858
                ],
                [
                    639,
                    858
                ]
            ],
            "text": "0.5S",
            "label": "I_Value"
        },
        {
            "index": 66,
            "bbox": [
                [
                    676,
                    833
                ],
                [
                    710,
                    833
                ],
                [
                    710,
                    858
                ],
                [
                    676,
                    858
                ]
            ],
            "text": "(IEC",
            "label": "I_Value"
        },
        {
            "index": 67,
            "bbox": [
                [
                    703,
                    833
                ],
                [
                    785,
                    833
                ],
                [
                    785,
                    861
                ],
                [
                    703,
                    861
                ]
            ],
            "text": "62053-22),",
            "label": "I_Value"
        },
        {
            "index": 68,
            "bbox": [
                [
                    781,
                    833
                ],
                [
                    822,
                    833
                ],
                [
                    822,
                    858
                ],
                [
                    781,
                    858
                ]
            ],
            "text": "Class",
            "label": "I_Value"
        },
        {
            "index": 69,
            "bbox": [
                [
                    815,
                    831
                ],
                [
                    952,
                    831
                ],
                [
                    952,
                    861
                ],
                [
                    815,
                    861
                ]
            ],
            "text": "0.5(1EC61557-12)",
            "label": "I_Value"
        },
        {
            "index": 70,
            "bbox": [
                [
                    1087,
                    829
                ],
                [
                    1130,
                    829
                ],
                [
                    1130,
                    854
                ],
                [
                    1087,
                    854
                ]
            ],
            "text": "Class",
            "label": "B_Value"
        },
        {
            "index": 71,
            "bbox": [
                [
                    1123,
                    829
                ],
                [
                    1165,
                    829
                ],
                [
                    1165,
                    854
                ],
                [
                    1123,
                    854
                ]
            ],
            "text": "0.5S",
            "label": "I_Value"
        },
        {
            "index": 72,
            "bbox": [
                [
                    1160,
                    829
                ],
                [
                    1194,
                    829
                ],
                [
                    1194,
                    856
                ],
                [
                    1160,
                    856
                ]
            ],
            "text": "(IEC",
            "label": "I_Value"
        },
        {
            "index": 73,
            "bbox": [
                [
                    1183,
                    826
                ],
                [
                    1270,
                    826
                ],
                [
                    1270,
                    856
                ],
                [
                    1183,
                    856
                ]
            ],
            "text": "62053-22),",
            "label": "I_Value"
        },
        {
            "index": 74,
            "bbox": [
                [
                    1263,
                    829
                ],
                [
                    1331,
                    829
                ],
                [
                    1331,
                    854
                ],
                [
                    1263,
                    854
                ]
            ],
            "text": "Class0.5",
            "label": "I_Value"
        },
        {
            "index": 75,
            "bbox": [
                [
                    1322,
                    826
                ],
                [
                    1434,
                    826
                ],
                [
                    1434,
                    858
                ],
                [
                    1322,
                    858
                ]
            ],
            "text": "(IEC61557-12)",
            "label": "I_Value"
        },
        {
            "index": 76,
            "bbox": [
                [
                    121,
                    858
                ],
                [
                    180,
                    858
                ],
                [
                    180,
                    883
                ],
                [
                    121,
                    883
                ]
            ],
            "text": "Number",
            "label": "B_Prop"
        },
        {
            "index": 77,
            "bbox": [
                [
                    169,
                    854
                ],
                [
                    242,
                    854
                ],
                [
                    242,
                    888
                ],
                [
                    169,
                    888
                ]
            ],
            "text": "rofdigitali",
            "label": "I_Prop"
        },
        {
            "index": 78,
            "bbox": [
                [
                    233,
                    858
                ],
                [
                    281,
                    858
                ],
                [
                    281,
                    883
                ],
                [
                    233,
                    883
                ]
            ],
            "text": "inputs",
            "label": "I_Prop"
        },
        {
            "index": 79,
            "bbox": [
                [
                    603,
                    858
                ],
                [
                    621,
                    858
                ],
                [
                    621,
                    881
                ],
                [
                    603,
                    881
                ]
            ],
            "text": "4",
            "label": "B_Value"
        },
        {
            "index": 80,
            "bbox": [
                [
                    1085,
                    856
                ],
                [
                    1107,
                    856
                ],
                [
                    1107,
                    879
                ],
                [
                    1085,
                    879
                ]
            ],
            "text": "4",
            "label": "B_Value"
        },
        {
            "index": 81,
            "bbox": [
                [
                    121,
                    883
                ],
                [
                    178,
                    883
                ],
                [
                    178,
                    909
                ],
                [
                    121,
                    909
                ]
            ],
            "text": "Number",
            "label": "B_Prop"
        },
        {
            "index": 82,
            "bbox": [
                [
                    171,
                    881
                ],
                [
                    196,
                    881
                ],
                [
                    196,
                    909
                ],
                [
                    171,
                    909
                ]
            ],
            "text": "rof",
            "label": "I_Prop"
        },
        {
            "index": 83,
            "bbox": [
                [
                    187,
                    883
                ],
                [
                    239,
                    883
                ],
                [
                    239,
                    909
                ],
                [
                    187,
                    909
                ]
            ],
            "text": "fdigital",
            "label": "I_Prop"
        },
        {
            "index": 84,
            "bbox": [
                [
                    230,
                    881
                ],
                [
                    292,
                    881
                ],
                [
                    292,
                    913
                ],
                [
                    230,
                    913
                ]
            ],
            "text": "outputs",
            "label": "I_Prop"
        },
        {
            "index": 85,
            "bbox": [
                [
                    603,
                    886
                ],
                [
                    621,
                    886
                ],
                [
                    621,
                    906
                ],
                [
                    603,
                    906
                ]
            ],
            "text": "2",
            "label": "B_Value"
        },
        {
            "index": 86,
            "bbox": [
                [
                    1085,
                    881
                ],
                [
                    1107,
                    881
                ],
                [
                    1107,
                    904
                ],
                [
                    1085,
                    904
                ]
            ],
            "text": "2",
            "label": "B_Value"
        },
        {
            "index": 87,
            "bbox": [
                [
                    121,
                    909
                ],
                [
                    180,
                    909
                ],
                [
                    180,
                    931
                ],
                [
                    121,
                    931
                ]
            ],
            "text": "Number",
            "label": "B_Prop"
        },
        {
            "index": 88,
            "bbox": [
                [
                    171,
                    904
                ],
                [
                    237,
                    904
                ],
                [
                    237,
                    938
                ],
                [
                    171,
                    938
                ]
            ],
            "text": "ofpulse",
            "label": "I_Prop"
        },
        {
            "index": 89,
            "bbox": [
                [
                    228,
                    911
                ],
                [
                    283,
                    911
                ],
                [
                    283,
                    936
                ],
                [
                    228,
                    936
                ]
            ],
            "text": "outputs",
            "label": "I_Prop"
        },
        {
            "index": 90,
            "bbox": [
                [
                    121,
                    931
                ],
                [
                    246,
                    931
                ],
                [
                    246,
                    961
                ],
                [
                    121,
                    961
                ]
            ],
            "text": "Current-measuring",
            "label": "B_Prop"
        },
        {
            "index": 91,
            "bbox": [
                [
                    239,
                    934
                ],
                [
                    303,
                    934
                ],
                [
                    303,
                    959
                ],
                [
                    239,
                    959
                ]
            ],
            "text": "channels",
            "label": "I_Prop"
        },
        {
            "index": 92,
            "bbox": [
                [
                    603,
                    934
                ],
                [
                    621,
                    934
                ],
                [
                    621,
                    957
                ],
                [
                    603,
                    957
                ]
            ],
            "text": "3",
            "label": "B_Value"
        },
        {
            "index": 93,
            "bbox": [
                [
                    1087,
                    931
                ],
                [
                    1105,
                    931
                ],
                [
                    1105,
                    952
                ],
                [
                    1087,
                    952
                ]
            ],
            "text": "3",
            "label": "B_Value"
        },
        {
            "index": 94,
            "bbox": [
                [
                    121,
                    959
                ],
                [
                    185,
                    959
                ],
                [
                    185,
                    984
                ],
                [
                    121,
                    984
                ]
            ],
            "text": "Interface",
            "label": "B_Prop"
        },
        {
            "index": 95,
            "bbox": [
                [
                    600,
                    959
                ],
                [
                    657,
                    959
                ],
                [
                    657,
                    982
                ],
                [
                    600,
                    982
                ]
            ],
            "text": "RS485",
            "label": "B_Value"
        },
        {
            "index": 96,
            "bbox": [
                [
                    1087,
                    954
                ],
                [
                    1144,
                    954
                ],
                [
                    1144,
                    979
                ],
                [
                    1087,
                    979
                ]
            ],
            "text": "RS485,",
            "label": "B_Value"
        },
        {
            "index": 97,
            "bbox": [
                [
                    1142,
                    954
                ],
                [
                    1203,
                    954
                ],
                [
                    1203,
                    979
                ],
                [
                    1142,
                    979
                ]
            ],
            "text": "Ethernet",
            "label": "I_Value"
        },
        {
            "index": 98,
            "bbox": [
                [
                    121,
                    984
                ],
                [
                    182,
                    984
                ],
                [
                    182,
                    1007
                ],
                [
                    121,
                    1007
                ]
            ],
            "text": "Protocol",
            "label": "B_Prop"
        },
        {
            "index": 99,
            "bbox": [
                [
                    603,
                    984
                ],
                [
                    664,
                    984
                ],
                [
                    664,
                    1007
                ],
                [
                    603,
                    1007
                ]
            ],
            "text": "Modbus",
            "label": "B_Value"
        },
        {
            "index": 100,
            "bbox": [
                [
                    657,
                    984
                ],
                [
                    696,
                    984
                ],
                [
                    696,
                    1009
                ],
                [
                    657,
                    1009
                ]
            ],
            "text": "RTU",
            "label": "I_Value"
        },
        {
            "index": 101,
            "bbox": [
                [
                    1087,
                    979
                ],
                [
                    1149,
                    979
                ],
                [
                    1149,
                    1002
                ],
                [
                    1087,
                    1002
                ]
            ],
            "text": "Modbus",
            "label": "B_Value"
        },
        {
            "index": 102,
            "bbox": [
                [
                    1139,
                    979
                ],
                [
                    1181,
                    979
                ],
                [
                    1181,
                    1005
                ],
                [
                    1139,
                    1005
                ]
            ],
            "text": "RTU,",
            "label": "I_Value"
        },
        {
            "index": 103,
            "bbox": [
                [
                    1176,
                    977
                ],
                [
                    1270,
                    977
                ],
                [
                    1270,
                    1007
                ],
                [
                    1176,
                    1007
                ]
            ],
            "text": "Modbus/TCP(",
            "label": "I_Value"
        },
        {
            "index": 104,
            "bbox": [
                [
                    1260,
                    979
                ],
                [
                    1302,
                    979
                ],
                [
                    1302,
                    1005
                ],
                [
                    1260,
                    1005
                ]
            ],
            "text": "(Port",
            "label": "I_Value"
        },
        {
            "index": 105,
            "bbox": [
                [
                    1297,
                    979
                ],
                [
                    1338,
                    979
                ],
                [
                    1338,
                    1005
                ],
                [
                    1297,
                    1005
                ]
            ],
            "text": "502),",
            "label": "I_Value"
        },
        {
            "index": 106,
            "bbox": [
                [
                    1331,
                    977
                ],
                [
                    1455,
                    977
                ],
                [
                    1455,
                    1009
                ],
                [
                    1331,
                    1009
                ]
            ],
            "text": "Modbus-Gateway",
            "label": "I_Value"
        },
        {
            "index": 107,
            "bbox": [
                [
                    118,
                    1009
                ],
                [
                    164,
                    1009
                ],
                [
                    164,
                    1037
                ],
                [
                    118,
                    1037
                ]
            ],
            "text": "Note",
            "label": "B_Prop"
        },
        {
            "index": 108,
            "bbox": [
                [
                    114,
                    1077
                ],
                [
                    114,
                    1111
                ],
                [
                    203,
                    1111
                ],
                [
                    203,
                    1077
                ]
            ],
            "text": "Ordering",
            "label": "B_Section"
        },
        {
            "index": 109,
            "bbox": [
                [
                    196,
                    1075
                ],
                [
                    251,
                    1075
                ],
                [
                    251,
                    1110
                ],
                [
                    196,
                    1110
                ]
            ],
            "text": "data",
            "label": "I_Section"
        },
        {
            "index": 110,
            "bbox": [
                [
                    603,
                    1112
                ],
                [
                    646,
                    1112
                ],
                [
                    646,
                    1137
                ],
                [
                    603,
                    1137
                ]
            ],
            "text": "Type",
            "label": "B_Prop"
        },
        {
            "index": 111,
            "bbox": [
                [
                    877,
                    1112
                ],
                [
                    913,
                    1112
                ],
                [
                    913,
                    1137
                ],
                [
                    877,
                    1137
                ]
            ],
            "text": "Qty.",
            "label": "B_Prop"
        },
        {
            "index": 112,
            "bbox": [
                [
                    938,
                    1112
                ],
                [
                    1012,
                    1112
                ],
                [
                    1012,
                    1137
                ],
                [
                    938,
                    1137
                ]
            ],
            "text": "OrderNo.",
            "label": "B_Prop"
        },
        {
            "index": 113,
            "bbox": [
                [
                    1085,
                    1107
                ],
                [
                    1128,
                    1107
                ],
                [
                    1128,
                    1135
                ],
                [
                    1085,
                    1135
                ]
            ],
            "text": "Type",
            "label": "B_Prop"
        },
        {
            "index": 114,
            "bbox": [
                [
                    1361,
                    1107
                ],
                [
                    1398,
                    1107
                ],
                [
                    1398,
                    1135
                ],
                [
                    1361,
                    1135
                ]
            ],
            "text": "Qty.",
            "label": "B_Prop"
        },
        {
            "index": 115,
            "bbox": [
                [
                    1420,
                    1107
                ],
                [
                    1496,
                    1107
                ],
                [
                    1496,
                    1132
                ],
                [
                    1420,
                    1132
                ]
            ],
            "text": "OrderNo.",
            "label": "B_Prop"
        },
        {
            "index": 116,
            "bbox": [
                [
                    600,
                    1132
                ],
                [
                    744,
                    1132
                ],
                [
                    744,
                    1162
                ],
                [
                    600,
                    1162
                ]
            ],
            "text": "EM220-RTU-4D12DO",
            "label": "B_Ref"
        },
        {
            "index": 117,
            "bbox": [
                [
                    936,
                    1132
                ],
                [
                    1041,
                    1132
                ],
                [
                    1041,
                    1162
                ],
                [
                    936,
                    1162
                ]
            ],
            "text": "7760051005",
            "label": "B_Value"
        },
        {
            "index": 118,
            "bbox": [
                [
                    1085,
                    1132
                ],
                [
                    1251,
                    1132
                ],
                [
                    1251,
                    1155
                ],
                [
                    1085,
                    1155
                ]
            ],
            "text": "EM220RTU44DI2D0GW",
            "label": "B_Ref"
        },
        {
            "index": 119,
            "bbox": [
                [
                    1423,
                    1132
                ],
                [
                    1523,
                    1132
                ],
                [
                    1523,
                    1155
                ],
                [
                    1423,
                    1155
                ]
            ],
            "text": "7760051006",
            "label": "B_Value"
        },
        {
            "index": 120,
            "bbox": [
                [
                    118,
                    1160
                ],
                [
                    164,
                    1160
                ],
                [
                    164,
                    1185
                ],
                [
                    118,
                    1185
                ]
            ],
            "text": "Note",
            "label": "B_Prop"
        },
        {
            "index": 121,
            "bbox": [
                [
                    112,
                    1226
                ],
                [
                    237,
                    1226
                ],
                [
                    237,
                    1256
                ],
                [
                    112,
                    1256
                ]
            ],
            "text": "Accessories",
            "label": "B_Section"
        },
        {
            "index": 122,
            "bbox": [
                [
                    877,
                    1260
                ],
                [
                    913,
                    1260
                ],
                [
                    913,
                    1285
                ],
                [
                    877,
                    1285
                ]
            ],
            "text": "Qty.",
            "label": "B_Prop"
        },
        {
            "index": 123,
            "bbox": [
                [
                    938,
                    1260
                ],
                [
                    938,
                    1285
                ],
                [
                    1014,
                    1285
                ],
                [
                    1014,
                    1260
                ]
            ],
            "text": "OrderNo.",
            "label": "B_Prop"
        },
        {
            "index": 124,
            "bbox": [
                [
                    1347,
                    1258
                ],
                [
                    1386,
                    1258
                ],
                [
                    1386,
                    1283
                ],
                [
                    1347,
                    1283
                ]
            ],
            "text": "Qty.",
            "label": "B_Prop"
        },
        {
            "index": 125,
            "bbox": [
                [
                    1434,
                    1258
                ],
                [
                    1434,
                    1281
                ],
                [
                    1482,
                    1281
                ],
                [
                    1482,
                    1258
                ]
            ],
            "text": "Order",
            "label": "B_Prop"
        },
        {
            "index": 126,
            "bbox": [
                [
                    1475,
                    1256
                ],
                [
                    1475,
                    1283
                ],
                [
                    1507,
                    1283
                ],
                [
                    1507,
                    1256
                ]
            ],
            "text": "No.",
            "label": "I_Prop"
        },
        {
            "index": 127,
            "bbox": [
                [
                    605,
                    1285
                ],
                [
                    660,
                    1285
                ],
                [
                    660,
                    1311
                ],
                [
                    605,
                    1311
                ]
            ],
            "text": "EM220",
            "label": "B_Ref"
        },
        {
            "index": 128,
            "bbox": [
                [
                    657,
                    1285
                ],
                [
                    726,
                    1285
                ],
                [
                    726,
                    1311
                ],
                [
                    657,
                    1311
                ]
            ],
            "text": "BRACKET",
            "label": "I_Ref"
        },
        {
            "index": 129,
            "bbox": [
                [
                    936,
                    1283
                ],
                [
                    1041,
                    1283
                ],
                [
                    1041,
                    1313
                ],
                [
                    936,
                    1313
                ]
            ],
            "text": "3068970000",
            "label": "B_Value"
        },
        {
            "index": 130,
            "bbox": [
                [
                    1085,
                    1281
                ],
                [
                    1146,
                    1281
                ],
                [
                    1146,
                    1306
                ],
                [
                    1085,
                    1306
                ]
            ],
            "text": "EM220",
            "label": "B_Ref"
        },
        {
            "index": 131,
            "bbox": [
                [
                    1139,
                    1281
                ],
                [
                    1210,
                    1281
                ],
                [
                    1210,
                    1306
                ],
                [
                    1139,
                    1306
                ]
            ],
            "text": "BRACKET",
            "label": "I_Ref"
        },
        {
            "index": 132,
            "bbox": [
                [
                    1372,
                    1285
                ],
                [
                    1386,
                    1285
                ],
                [
                    1386,
                    1299
                ],
                [
                    1372,
                    1299
                ]
            ],
            "text": "1",
            "label": "B_Value"
        },
        {
            "index": 133,
            "bbox": [
                [
                    1420,
                    1279
                ],
                [
                    1523,
                    1279
                ],
                [
                    1523,
                    1308
                ],
                [
                    1420,
                    1308
                ]
            ],
            "text": "3068970000",
            "label": "B_Value"
        },
        {
            "index": 134,
            "bbox": [
                [
                    121,
                    2110
                ],
                [
                    164,
                    2110
                ],
                [
                    164,
                    2135
                ],
                [
                    121,
                    2135
                ]
            ],
            "text": "Note",
            "label": "Out"
        },
        {
            "index": 135,
            "bbox": [
                [
                    48,
                    2256
                ],
                [
                    91,
                    2256
                ],
                [
                    91,
                    2279
                ],
                [
                    48,
                    2279
                ]
            ],
            "text": "B.10",
            "label": "Out"
        },
        {
            "index": 136,
            "bbox": [
                [
                    112,
                    2252
                ],
                [
                    244,
                    2252
                ],
                [
                    244,
                    2281
                ],
                [
                    112,
                    2281
                ]
            ],
            "text": "Weidmuller",
            "label": "Out"
        },
        {
            "index": 137,
            "bbox": [
                [
                    239,
                    2252
                ],
                [
                    271,
                    2252
                ],
                [
                    271,
                    2281
                ],
                [
                    239,
                    2281
                ]
            ],
            "text": "5",
            "label": "Out"
        },
        {
            "index": 138,
            "bbox": [
                [
                    1432,
                    2254
                ],
                [
                    1541,
                    2254
                ],
                [
                    1541,
                    2284
                ],
                [
                    1432,
                    2284
                ]
            ],
            "text": "3043800000",
            "label": "Out"
        }
    ]
}