{
    "datasheet": [
        {
            "index": 0,
            "bbox": [
                [
                    114,
                    57
                ],
                [
                    210,
                    57
                ],
                [
                    210,
                    86
                ],
                [
                    114,
                    86
                ]
            ],
            "text": "Selection",
            "label": "B_Section"
        },
        {
            "index": 1,
            "bbox": [
                [
                    205,
                    57
                ],
                [
                    265,
                    57
                ],
                [
                    265,
                    89
                ],
                [
                    205,
                    89
                ]
            ],
            "text": "table",
            "label": "I_Section"
        },
        {
            "index": 2,
            "bbox": [
                [
                    1075,
                    308
                ],
                [
                    1151,
                    308
                ],
                [
                    1151,
                    354
                ],
                [
                    1075,
                    354
                ]
            ],
            "text": "258",
            "label": "Out"
        },
        {
            "index": 3,
            "bbox": [
                [
                    1352,
                    310
                ],
                [
                    1420,
                    310
                ],
                [
                    1420,
                    349
                ],
                [
                    1352,
                    349
                ]
            ],
            "text": "258",
            "label": "Out"
        },
        {
            "index": 4,
            "bbox": [
                [
                    1078,
                    344
                ],
                [
                    1146,
                    344
                ],
                [
                    1146,
                    383
                ],
                [
                    1078,
                    383
                ]
            ],
            "text": "262",
            "label": "Out"
        },
        {
            "index": 5,
            "bbox": [
                [
                    1352,
                    344
                ],
                [
                    1420,
                    344
                ],
                [
                    1420,
                    383
                ],
                [
                    1352,
                    383
                ]
            ],
            "text": "262",
            "label": "Out"
        },
        {
            "index": 6,
            "bbox": [
                [
                    1075,
                    379
                ],
                [
                    1176,
                    379
                ],
                [
                    1176,
                    427
                ],
                [
                    1075,
                    427
                ]
            ],
            "text": "278:",
            "label": "Out"
        },
        {
            "index": 7,
            "bbox": [
                [
                    1350,
                    379
                ],
                [
                    1450,
                    379
                ],
                [
                    1450,
                    424
                ],
                [
                    1350,
                    424
                ]
            ],
            "text": "278:",
            "label": "Out"
        },
        {
            "index": 8,
            "bbox": [
                [
                    552,
                    420
                ],
                [
                    594,
                    420
                ],
                [
                    594,
                    445
                ],
                [
                    552,
                    445
                ]
            ],
            "text": "AA",
            "label": "Out"
        },
        {
            "index": 9,
            "bbox": [
                [
                    1028,
                    436
                ],
                [
                    1057,
                    436
                ],
                [
                    1057,
                    463
                ],
                [
                    1028,
                    463
                ]
            ],
            "text": "ES",
            "label": "Out"
        },
        {
            "index": 10,
            "bbox": [
                [
                    1123,
                    427
                ],
                [
                    1192,
                    427
                ],
                [
                    1192,
                    463
                ],
                [
                    1123,
                    463
                ]
            ],
            "text": "00",
            "label": "Out"
        },
        {
            "index": 11,
            "bbox": [
                [
                    1304,
                    436
                ],
                [
                    1329,
                    436
                ],
                [
                    1329,
                    463
                ],
                [
                    1304,
                    463
                ]
            ],
            "text": "Ra",
            "label": "Out"
        },
        {
            "index": 12,
            "bbox": [
                [
                    1398,
                    427
                ],
                [
                    1464,
                    427
                ],
                [
                    1464,
                    463
                ],
                [
                    1398,
                    463
                ]
            ],
            "text": "DO",
            "label": "Out"
        },
        {
            "index": 13,
            "bbox": [
                [
                    118,
                    488
                ],
                [
                    164,
                    488
                ],
                [
                    164,
                    516
                ],
                [
                    118,
                    516
                ]
            ],
            "text": "Type",
            "label": "B_Prop"
        },
        {
            "index": 14,
            "bbox": [
                [
                    518,
                    486
                ],
                [
                    635,
                    486
                ],
                [
                    635,
                    516
                ],
                [
                    518,
                    516
                ]
            ],
            "text": "EMD370-CBM",
            "label": "B_Ref"
        },
        {
            "index": 15,
            "bbox": [
                [
                    1091,
                    488
                ],
                [
                    1158,
                    488
                ],
                [
                    1158,
                    513
                ],
                [
                    1091,
                    513
                ]
            ],
            "text": "EM520",
            "label": "B_Ref"
        },
        {
            "index": 16,
            "bbox": [
                [
                    1366,
                    488
                ],
                [
                    1432,
                    488
                ],
                [
                    1432,
                    513
                ],
                [
                    1366,
                    513
                ]
            ],
            "text": "EM535",
            "label": "B_Ref"
        },
        {
            "index": 17,
            "bbox": [
                [
                    1041,
                    511
                ],
                [
                    1071,
                    511
                ],
                [
                    1071,
                    539
                ],
                [
                    1041,
                    539
                ]
            ],
            "text": "24",
            "label": "B_Ref"
        },
        {
            "index": 18,
            "bbox": [
                [
                    1174,
                    511
                ],
                [
                    1213,
                    511
                ],
                [
                    1213,
                    536
                ],
                [
                    1174,
                    536
                ]
            ],
            "text": "230",
            "label": "B_Ref"
        },
        {
            "index": 19,
            "bbox": [
                [
                    1315,
                    511
                ],
                [
                    1345,
                    511
                ],
                [
                    1345,
                    539
                ],
                [
                    1315,
                    539
                ]
            ],
            "text": "24",
            "label": "B_Ref"
        },
        {
            "index": 20,
            "bbox": [
                [
                    1448,
                    511
                ],
                [
                    1448,
                    536
                ],
                [
                    1487,
                    536
                ],
                [
                    1487,
                    511
                ]
            ],
            "text": "230",
            "label": "B_Ref"
        },
        {
            "index": 21,
            "bbox": [
                [
                    118,
                    536
                ],
                [
                    164,
                    536
                ],
                [
                    164,
                    561
                ],
                [
                    118,
                    561
                ]
            ],
            "text": "Order",
            "label": "B_Prop"
        },
        {
            "index": 22,
            "bbox": [
                [
                    157,
                    536
                ],
                [
                    189,
                    536
                ],
                [
                    189,
                    564
                ],
                [
                    157,
                    564
                ]
            ],
            "text": "No.",
            "label": "I_Prop"
        },
        {
            "index": 23,
            "bbox": [
                [
                    525,
                    534
                ],
                [
                    630,
                    534
                ],
                [
                    630,
                    566
                ],
                [
                    525,
                    566
                ]
            ],
            "text": "2540830000",
            "label": "B_Value"
        },
        {
            "index": 24,
            "bbox": [
                [
                    799,
                    534
                ],
                [
                    904,
                    534
                ],
                [
                    904,
                    564
                ],
                [
                    799,
                    564
                ]
            ],
            "text": "2425490000",
            "label": "B_Value"
        },
        {
            "index": 25,
            "bbox": [
                [
                    1005,
                    534
                ],
                [
                    1107,
                    534
                ],
                [
                    1107,
                    564
                ],
                [
                    1005,
                    564
                ]
            ],
            "text": "2500860000",
            "label": "B_Value"
        },
        {
            "index": 26,
            "bbox": [
                [
                    1142,
                    534
                ],
                [
                    1245,
                    534
                ],
                [
                    1245,
                    564
                ],
                [
                    1142,
                    564
                ]
            ],
            "text": "2500880000",
            "label": "B_Value"
        },
        {
            "index": 27,
            "bbox": [
                [
                    1279,
                    534
                ],
                [
                    1382,
                    534
                ],
                [
                    1382,
                    564
                ],
                [
                    1279,
                    564
                ]
            ],
            "text": "3008100000",
            "label": "B_Value"
        },
        {
            "index": 28,
            "bbox": [
                [
                    1416,
                    534
                ],
                [
                    1519,
                    534
                ],
                [
                    1519,
                    564
                ],
                [
                    1416,
                    564
                ]
            ],
            "text": "3008130000",
            "label": "B_Value"
        },
        {
            "index": 29,
            "bbox": [
                [
                    118,
                    564
                ],
                [
                    160,
                    564
                ],
                [
                    160,
                    589
                ],
                [
                    118,
                    589
                ]
            ],
            "text": "Type",
            "label": "B_Prop"
        },
        {
            "index": 30,
            "bbox": [
                [
                    157,
                    564
                ],
                [
                    176,
                    564
                ],
                [
                    176,
                    587
                ],
                [
                    157,
                    587
                ]
            ],
            "text": "of",
            "label": "I_Prop"
        },
        {
            "index": 31,
            "bbox": [
                [
                    171,
                    564
                ],
                [
                    239,
                    564
                ],
                [
                    239,
                    589
                ],
                [
                    171,
                    589
                ]
            ],
            "text": "mounting",
            "label": "I_Prop"
        },
        {
            "index": 32,
            "bbox": [
                [
                    552,
                    561
                ],
                [
                    610,
                    561
                ],
                [
                    610,
                    587
                ],
                [
                    552,
                    587
                ]
            ],
            "text": "DINrail",
            "label": "B_Value"
        },
        {
            "index": 33,
            "bbox": [
                [
                    827,
                    561
                ],
                [
                    884,
                    561
                ],
                [
                    884,
                    587
                ],
                [
                    827,
                    587
                ]
            ],
            "text": "DINrail",
            "label": "B_Value"
        },
        {
            "index": 34,
            "bbox": [
                [
                    1057,
                    561
                ],
                [
                    1103,
                    561
                ],
                [
                    1103,
                    589
                ],
                [
                    1057,
                    589
                ]
            ],
            "text": "Front",
            "label": "B_Value"
        },
        {
            "index": 35,
            "bbox": [
                [
                    1094,
                    564
                ],
                [
                    1137,
                    564
                ],
                [
                    1137,
                    589
                ],
                [
                    1094,
                    589
                ]
            ],
            "text": "panel",
            "label": "I_Value"
        },
        {
            "index": 36,
            "bbox": [
                [
                    1133,
                    564
                ],
                [
                    1201,
                    564
                ],
                [
                    1201,
                    589
                ],
                [
                    1133,
                    589
                ]
            ],
            "text": "mounting",
            "label": "I_Value"
        },
        {
            "index": 37,
            "bbox": [
                [
                    1331,
                    561
                ],
                [
                    1375,
                    561
                ],
                [
                    1375,
                    589
                ],
                [
                    1331,
                    589
                ]
            ],
            "text": "Front",
            "label": "B_Value"
        },
        {
            "index": 38,
            "bbox": [
                [
                    1368,
                    561
                ],
                [
                    1409,
                    561
                ],
                [
                    1409,
                    589
                ],
                [
                    1368,
                    589
                ]
            ],
            "text": "panel",
            "label": "I_Value"
        },
        {
            "index": 39,
            "bbox": [
                [
                    1407,
                    564
                ],
                [
                    1473,
                    564
                ],
                [
                    1473,
                    589
                ],
                [
                    1407,
                    589
                ]
            ],
            "text": "mounting",
            "label": "I_Value"
        },
        {
            "index": 40,
            "bbox": [
                [
                    118,
                    584
                ],
                [
                    180,
                    584
                ],
                [
                    180,
                    616
                ],
                [
                    118,
                    616
                ]
            ],
            "text": "Display",
            "label": "B_Prop"
        },
        {
            "index": 41,
            "bbox": [
                [
                    564,
                    587
                ],
                [
                    600,
                    587
                ],
                [
                    600,
                    612
                ],
                [
                    564,
                    612
                ]
            ],
            "text": "LCD",
            "label": "B_Value"
        },
        {
            "index": 42,
            "bbox": [
                [
                    838,
                    587
                ],
                [
                    872,
                    587
                ],
                [
                    872,
                    612
                ],
                [
                    838,
                    612
                ]
            ],
            "text": "LCD",
            "label": "B_Value"
        },
        {
            "index": 43,
            "bbox": [
                [
                    1110,
                    587
                ],
                [
                    1146,
                    587
                ],
                [
                    1146,
                    612
                ],
                [
                    1110,
                    612
                ]
            ],
            "text": "LCD",
            "label": "B_Value"
        },
        {
            "index": 44,
            "bbox": [
                [
                    1384,
                    587
                ],
                [
                    1420,
                    587
                ],
                [
                    1420,
                    612
                ],
                [
                    1384,
                    612
                ]
            ],
            "text": "LCD",
            "label": "B_Value"
        },
        {
            "index": 45,
            "bbox": [
                [
                    22,
                    591
                ],
                [
                    57,
                    591
                ],
                [
                    57,
                    639
                ],
                [
                    22,
                    639
                ]
            ],
            "text": "B",
            "label": "Out"
        },
        {
            "index": 46,
            "bbox": [
                [
                    116,
                    612
                ],
                [
                    198,
                    612
                ],
                [
                    198,
                    639
                ],
                [
                    116,
                    639
                ]
            ],
            "text": "Technical",
            "label": "B_Section"
        },
        {
            "index": 47,
            "bbox": [
                [
                    189,
                    609
                ],
                [
                    306,
                    609
                ],
                [
                    306,
                    639
                ],
                [
                    189,
                    639
                ]
            ],
            "text": "Characteristics",
            "label": "I_Section"
        },
        {
            "index": 48,
            "bbox": [
                [
                    118,
                    635
                ],
                [
                    198,
                    635
                ],
                [
                    198,
                    666
                ],
                [
                    118,
                    666
                ]
            ],
            "text": "Measuring",
            "label": "B_Prop"
        },
        {
            "index": 49,
            "bbox": [
                [
                    189,
                    639
                ],
                [
                    242,
                    639
                ],
                [
                    242,
                    664
                ],
                [
                    189,
                    664
                ]
            ],
            "text": "range,",
            "label": "I_Prop"
        },
        {
            "index": 50,
            "bbox": [
                [
                    233,
                    635
                ],
                [
                    294,
                    635
                ],
                [
                    294,
                    666
                ],
                [
                    233,
                    666
                ]
            ],
            "text": "Voltagel",
            "label": "I_Prop"
        },
        {
            "index": 51,
            "bbox": [
                [
                    285,
                    637
                ],
                [
                    340,
                    637
                ],
                [
                    340,
                    662
                ],
                [
                    285,
                    662
                ]
            ],
            "text": "L-N,AC",
            "label": "I_Prop"
        },
        {
            "index": 52,
            "bbox": [
                [
                    555,
                    650
                ],
                [
                    603,
                    650
                ],
                [
                    603,
                    673
                ],
                [
                    555,
                    673
                ]
            ],
            "text": "277V",
            "label": "B_Value"
        },
        {
            "index": 53,
            "bbox": [
                [
                    827,
                    650
                ],
                [
                    874,
                    650
                ],
                [
                    874,
                    673
                ],
                [
                    827,
                    673
                ]
            ],
            "text": "277V",
            "label": "B_Value"
        },
        {
            "index": 54,
            "bbox": [
                [
                    1101,
                    650
                ],
                [
                    1149,
                    650
                ],
                [
                    1149,
                    673
                ],
                [
                    1101,
                    673
                ]
            ],
            "text": "277V",
            "label": "B_Value"
        },
        {
            "index": 55,
            "bbox": [
                [
                    1375,
                    650
                ],
                [
                    1423,
                    650
                ],
                [
                    1423,
                    673
                ],
                [
                    1375,
                    673
                ]
            ],
            "text": "277V",
            "label": "B_Value"
        },
        {
            "index": 56,
            "bbox": [
                [
                    118,
                    660
                ],
                [
                    185,
                    660
                ],
                [
                    185,
                    692
                ],
                [
                    118,
                    692
                ]
            ],
            "text": "(without",
            "label": "B_Prop"
        },
        {
            "index": 57,
            "bbox": [
                [
                    178,
                    660
                ],
                [
                    260,
                    660
                ],
                [
                    260,
                    692
                ],
                [
                    178,
                    692
                ]
            ],
            "text": "transducer)",
            "label": "I_Prop"
        },
        {
            "index": 58,
            "bbox": [
                [
                    118,
                    685
                ],
                [
                    201,
                    685
                ],
                [
                    201,
                    717
                ],
                [
                    118,
                    717
                ]
            ],
            "text": "Measuringr",
            "label": "B_Prop"
        },
        {
            "index": 59,
            "bbox": [
                [
                    191,
                    689
                ],
                [
                    239,
                    689
                ],
                [
                    239,
                    717
                ],
                [
                    191,
                    717
                ]
            ],
            "text": "range,",
            "label": "I_Prop"
        },
        {
            "index": 60,
            "bbox": [
                [
                    233,
                    685
                ],
                [
                    294,
                    685
                ],
                [
                    294,
                    717
                ],
                [
                    233,
                    717
                ]
            ],
            "text": "Voltagel",
            "label": "I_Prop"
        },
        {
            "index": 61,
            "bbox": [
                [
                    283,
                    687
                ],
                [
                    338,
                    687
                ],
                [
                    338,
                    712
                ],
                [
                    283,
                    712
                ]
            ],
            "text": "LL,AC",
            "label": "I_Prop"
        },
        {
            "index": 62,
            "bbox": [
                [
                    552,
                    701
                ],
                [
                    603,
                    701
                ],
                [
                    603,
                    724
                ],
                [
                    552,
                    724
                ]
            ],
            "text": "480V",
            "label": "B_Value"
        },
        {
            "index": 63,
            "bbox": [
                [
                    827,
                    701
                ],
                [
                    877,
                    701
                ],
                [
                    877,
                    724
                ],
                [
                    827,
                    724
                ]
            ],
            "text": "480V",
            "label": "B_Value"
        },
        {
            "index": 64,
            "bbox": [
                [
                    1101,
                    701
                ],
                [
                    1151,
                    701
                ],
                [
                    1151,
                    724
                ],
                [
                    1101,
                    724
                ]
            ],
            "text": "480V",
            "label": "B_Value"
        },
        {
            "index": 65,
            "bbox": [
                [
                    1375,
                    701
                ],
                [
                    1425,
                    701
                ],
                [
                    1425,
                    724
                ],
                [
                    1375,
                    724
                ]
            ],
            "text": "480V",
            "label": "B_Value"
        },
        {
            "index": 66,
            "bbox": [
                [
                    118,
                    712
                ],
                [
                    185,
                    712
                ],
                [
                    185,
                    737
                ],
                [
                    118,
                    737
                ]
            ],
            "text": "(without",
            "label": "B_Prop"
        },
        {
            "index": 67,
            "bbox": [
                [
                    178,
                    712
                ],
                [
                    260,
                    712
                ],
                [
                    260,
                    740
                ],
                [
                    178,
                    740
                ]
            ],
            "text": "transducer)",
            "label": "I_Prop"
        },
        {
            "index": 68,
            "bbox": [
                [
                    118,
                    735
                ],
                [
                    207,
                    735
                ],
                [
                    207,
                    767
                ],
                [
                    118,
                    767
                ]
            ],
            "text": "Overvoltage",
            "label": "B_Prop"
        },
        {
            "index": 69,
            "bbox": [
                [
                    198,
                    740
                ],
                [
                    265,
                    740
                ],
                [
                    265,
                    765
                ],
                [
                    198,
                    765
                ]
            ],
            "text": "category",
            "label": "I_Prop"
        },
        {
            "index": 70,
            "bbox": [
                [
                    532,
                    737
                ],
                [
                    607,
                    737
                ],
                [
                    607,
                    762
                ],
                [
                    532,
                    762
                ]
            ],
            "text": "300VCAT",
            "label": "B_Value"
        },
        {
            "index": 71,
            "bbox": [
                [
                    603,
                    740
                ],
                [
                    621,
                    740
                ],
                [
                    621,
                    760
                ],
                [
                    603,
                    760
                ]
            ],
            "text": "Ill",
            "label": "I_Value"
        },
        {
            "index": 72,
            "bbox": [
                [
                    804,
                    735
                ],
                [
                    900,
                    735
                ],
                [
                    900,
                    765
                ],
                [
                    804,
                    765
                ]
            ],
            "text": "300VCATIII",
            "label": "B_Value"
        },
        {
            "index": 73,
            "bbox": [
                [
                    1078,
                    735
                ],
                [
                    1174,
                    735
                ],
                [
                    1174,
                    765
                ],
                [
                    1078,
                    765
                ]
            ],
            "text": "300VCATIII",
            "label": "B_Value"
        },
        {
            "index": 74,
            "bbox": [
                [
                    1352,
                    735
                ],
                [
                    1448,
                    735
                ],
                [
                    1448,
                    765
                ],
                [
                    1352,
                    765
                ]
            ],
            "text": "300VCATIII",
            "label": "B_Value"
        },
        {
            "index": 75,
            "bbox": [
                [
                    121,
                    762
                ],
                [
                    171,
                    762
                ],
                [
                    171,
                    788
                ],
                [
                    121,
                    788
                ]
            ],
            "text": "Power",
            "label": "B_Prop"
        },
        {
            "index": 76,
            "bbox": [
                [
                    166,
                    762
                ],
                [
                    214,
                    762
                ],
                [
                    214,
                    790
                ],
                [
                    166,
                    790
                ]
            ],
            "text": "supply",
            "label": "I_Prop"
        },
        {
            "index": 77,
            "bbox": [
                [
                    207,
                    760
                ],
                [
                    267,
                    760
                ],
                [
                    267,
                    792
                ],
                [
                    207,
                    792
                ]
            ],
            "text": "voltage",
            "label": "I_Prop"
        },
        {
            "index": 78,
            "bbox": [
                [
                    742,
                    760
                ],
                [
                    854,
                    760
                ],
                [
                    854,
                    790
                ],
                [
                    742,
                    790
                ]
            ],
            "text": "95-240VAC;",
            "label": "B_Value"
        },
        {
            "index": 79,
            "bbox": [
                [
                    847,
                    760
                ],
                [
                    959,
                    760
                ],
                [
                    959,
                    790
                ],
                [
                    847,
                    790
                ]
            ],
            "text": "135-340VDC",
            "label": "I_Value"
        },
        {
            "index": 80,
            "bbox": [
                [
                    1005,
                    760
                ],
                [
                    1107,
                    760
                ],
                [
                    1107,
                    790
                ],
                [
                    1005,
                    790
                ]
            ],
            "text": "24-90VAC;",
            "label": "B_Value"
        },
        {
            "index": 81,
            "bbox": [
                [
                    1137,
                    760
                ],
                [
                    1249,
                    760
                ],
                [
                    1249,
                    790
                ],
                [
                    1137,
                    790
                ]
            ],
            "text": "90-277VAC;",
            "label": "B_Value"
        },
        {
            "index": 82,
            "bbox": [
                [
                    1281,
                    765
                ],
                [
                    1379,
                    765
                ],
                [
                    1379,
                    788
                ],
                [
                    1281,
                    788
                ]
            ],
            "text": "24-90VAC;",
            "label": "B_Value"
        },
        {
            "index": 83,
            "bbox": [
                [
                    1411,
                    760
                ],
                [
                    1521,
                    760
                ],
                [
                    1521,
                    790
                ],
                [
                    1411,
                    790
                ]
            ],
            "text": "90-277VAC;",
            "label": "B_Value"
        },
        {
            "index": 84,
            "bbox": [
                [
                    1007,
                    783
                ],
                [
                    1107,
                    783
                ],
                [
                    1107,
                    813
                ],
                [
                    1007,
                    813
                ]
            ],
            "text": "24-90VDC",
            "label": "B_Value"
        },
        {
            "index": 85,
            "bbox": [
                [
                    1139,
                    783
                ],
                [
                    1247,
                    783
                ],
                [
                    1247,
                    813
                ],
                [
                    1139,
                    813
                ]
            ],
            "text": "90-250VDC",
            "label": "B_Value"
        },
        {
            "index": 86,
            "bbox": [
                [
                    1283,
                    785
                ],
                [
                    1320,
                    785
                ],
                [
                    1320,
                    810
                ],
                [
                    1283,
                    810
                ]
            ],
            "text": "24-",
            "label": "B_Value"
        },
        {
            "index": 87,
            "bbox": [
                [
                    1313,
                    785
                ],
                [
                    1377,
                    785
                ],
                [
                    1377,
                    810
                ],
                [
                    1313,
                    810
                ]
            ],
            "text": "90VDC",
            "label": "I_Value"
        },
        {
            "index": 88,
            "bbox": [
                [
                    1411,
                    783
                ],
                [
                    1521,
                    783
                ],
                [
                    1521,
                    813
                ],
                [
                    1411,
                    813
                ]
            ],
            "text": "90-250VDC",
            "label": "B_Value"
        },
        {
            "index": 89,
            "bbox": [
                [
                    118,
                    813
                ],
                [
                    166,
                    813
                ],
                [
                    166,
                    838
                ],
                [
                    118,
                    838
                ]
            ],
            "text": "Three",
            "label": "B_Prop"
        },
        {
            "index": 90,
            "bbox": [
                [
                    160,
                    813
                ],
                [
                    198,
                    813
                ],
                [
                    198,
                    838
                ],
                [
                    160,
                    838
                ]
            ],
            "text": "wire",
            "label": "I_Prop"
        },
        {
            "index": 91,
            "bbox": [
                [
                    118,
                    838
                ],
                [
                    157,
                    838
                ],
                [
                    157,
                    863
                ],
                [
                    118,
                    863
                ]
            ],
            "text": "Four",
            "label": "B_Prop"
        },
        {
            "index": 92,
            "bbox": [
                [
                    153,
                    838
                ],
                [
                    191,
                    838
                ],
                [
                    191,
                    863
                ],
                [
                    153,
                    863
                ]
            ],
            "text": "wire",
            "label": "I_Prop"
        },
        {
            "index": 93,
            "bbox": [
                [
                    116,
                    861
                ],
                [
                    191,
                    861
                ],
                [
                    191,
                    893
                ],
                [
                    116,
                    893
                ]
            ],
            "text": "Samplingf",
            "label": "B_Prop"
        },
        {
            "index": 94,
            "bbox": [
                [
                    185,
                    863
                ],
                [
                    253,
                    863
                ],
                [
                    253,
                    888
                ],
                [
                    185,
                    888
                ]
            ],
            "text": "frequency",
            "label": "I_Prop"
        },
        {
            "index": 95,
            "bbox": [
                [
                    246,
                    858
                ],
                [
                    324,
                    858
                ],
                [
                    324,
                    890
                ],
                [
                    246,
                    890
                ]
            ],
            "text": "50/60Hz",
            "label": "I_Prop"
        },
        {
            "index": 96,
            "bbox": [
                [
                    550,
                    863
                ],
                [
                    607,
                    863
                ],
                [
                    607,
                    888
                ],
                [
                    550,
                    888
                ]
            ],
            "text": "5.4kHz",
            "label": "B_Value"
        },
        {
            "index": 97,
            "bbox": [
                [
                    824,
                    863
                ],
                [
                    854,
                    863
                ],
                [
                    854,
                    888
                ],
                [
                    824,
                    888
                ]
            ],
            "text": "20k",
            "label": "B_Value"
        },
        {
            "index": 98,
            "bbox": [
                [
                    845,
                    863
                ],
                [
                    879,
                    863
                ],
                [
                    879,
                    888
                ],
                [
                    845,
                    888
                ]
            ],
            "text": "kHz",
            "label": "I_Value"
        },
        {
            "index": 99,
            "bbox": [
                [
                    1062,
                    858
                ],
                [
                    1187,
                    858
                ],
                [
                    1187,
                    890
                ],
                [
                    1062,
                    890
                ]
            ],
            "text": "21.33/25.6kHz",
            "label": "B_Value"
        },
        {
            "index": 100,
            "bbox": [
                [
                    1343,
                    863
                ],
                [
                    1457,
                    863
                ],
                [
                    1457,
                    886
                ],
                [
                    1343,
                    886
                ]
            ],
            "text": "21.33/25.6KH",
            "label": "B_Value"
        },
        {
            "index": 101,
            "bbox": [
                [
                    116,
                    883
                ],
                [
                    219,
                    883
                ],
                [
                    219,
                    915
                ],
                [
                    116,
                    915
                ]
            ],
            "text": "Measurement",
            "label": "B_Prop"
        },
        {
            "index": 102,
            "bbox": [
                [
                    212,
                    888
                ],
                [
                    260,
                    888
                ],
                [
                    260,
                    915
                ],
                [
                    212,
                    915
                ]
            ],
            "text": "points",
            "label": "I_Prop"
        },
        {
            "index": 103,
            "bbox": [
                [
                    253,
                    888
                ],
                [
                    285,
                    888
                ],
                [
                    285,
                    915
                ],
                [
                    253,
                    915
                ]
            ],
            "text": "pers",
            "label": "I_Prop"
        },
        {
            "index": 104,
            "bbox": [
                [
                    278,
                    888
                ],
                [
                    331,
                    888
                ],
                [
                    331,
                    913
                ],
                [
                    278,
                    913
                ]
            ],
            "text": "second",
            "label": "I_Prop"
        },
        {
            "index": 105,
            "bbox": [
                [
                    555,
                    888
                ],
                [
                    603,
                    888
                ],
                [
                    603,
                    913
                ],
                [
                    555,
                    913
                ]
            ],
            "text": "5.400",
            "label": "B_Value"
        },
        {
            "index": 106,
            "bbox": [
                [
                    822,
                    888
                ],
                [
                    879,
                    888
                ],
                [
                    879,
                    913
                ],
                [
                    822,
                    913
                ]
            ],
            "text": "20.000",
            "label": "B_Value"
        },
        {
            "index": 107,
            "bbox": [
                [
                    1066,
                    888
                ],
                [
                    1183,
                    888
                ],
                [
                    1183,
                    911
                ],
                [
                    1066,
                    911
                ]
            ],
            "text": "21.330/25.600",
            "label": "B_Value"
        },
        {
            "index": 108,
            "bbox": [
                [
                    1338,
                    888
                ],
                [
                    1457,
                    888
                ],
                [
                    1457,
                    911
                ],
                [
                    1338,
                    911
                ]
            ],
            "text": "21.330/25.600",
            "label": "B_Value"
        },
        {
            "index": 109,
            "bbox": [
                [
                    118,
                    909
                ],
                [
                    219,
                    909
                ],
                [
                    219,
                    941
                ],
                [
                    118,
                    941
                ]
            ],
            "text": "Measurement",
            "label": "B_Prop"
        },
        {
            "index": 110,
            "bbox": [
                [
                    210,
                    913
                ],
                [
                    262,
                    913
                ],
                [
                    262,
                    938
                ],
                [
                    210,
                    938
                ]
            ],
            "text": "results",
            "label": "I_Prop"
        },
        {
            "index": 111,
            "bbox": [
                [
                    255,
                    913
                ],
                [
                    287,
                    913
                ],
                [
                    287,
                    941
                ],
                [
                    255,
                    941
                ]
            ],
            "text": "per",
            "label": "I_Prop"
        },
        {
            "index": 112,
            "bbox": [
                [
                    281,
                    913
                ],
                [
                    335,
                    913
                ],
                [
                    335,
                    938
                ],
                [
                    281,
                    938
                ]
            ],
            "text": "second",
            "label": "I_Prop"
        },
        {
            "index": 113,
            "bbox": [
                [
                    568,
                    913
                ],
                [
                    587,
                    913
                ],
                [
                    587,
                    934
                ],
                [
                    568,
                    934
                ]
            ],
            "text": "5",
            "label": "B_Value"
        },
        {
            "index": 114,
            "bbox": [
                [
                    842,
                    913
                ],
                [
                    861,
                    913
                ],
                [
                    861,
                    934
                ],
                [
                    842,
                    934
                ]
            ],
            "text": "5",
            "label": "B_Value"
        },
        {
            "index": 115,
            "bbox": [
                [
                    1117,
                    913
                ],
                [
                    1135,
                    913
                ],
                [
                    1135,
                    934
                ],
                [
                    1117,
                    934
                ]
            ],
            "text": "5",
            "label": "B_Value"
        },
        {
            "index": 116,
            "bbox": [
                [
                    1388,
                    913
                ],
                [
                    1407,
                    913
                ],
                [
                    1407,
                    934
                ],
                [
                    1388,
                    934
                ]
            ],
            "text": "5",
            "label": "B_Value"
        },
        {
            "index": 117,
            "bbox": [
                [
                    118,
                    938
                ],
                [
                    196,
                    938
                ],
                [
                    196,
                    963
                ],
                [
                    118,
                    963
                ]
            ],
            "text": "Measuring",
            "label": "B_Prop"
        },
        {
            "index": 118,
            "bbox": [
                [
                    189,
                    936
                ],
                [
                    258,
                    936
                ],
                [
                    258,
                    968
                ],
                [
                    189,
                    968
                ]
            ],
            "text": "accuracy",
            "label": "I_Prop"
        },
        {
            "index": 119,
            "bbox": [
                [
                    251,
                    936
                ],
                [
                    278,
                    936
                ],
                [
                    278,
                    963
                ],
                [
                    251,
                    963
                ]
            ],
            "text": "for",
            "label": "I_Prop"
        },
        {
            "index": 120,
            "bbox": [
                [
                    271,
                    936
                ],
                [
                    331,
                    936
                ],
                [
                    331,
                    968
                ],
                [
                    271,
                    968
                ]
            ],
            "text": "voltage",
            "label": "I_Prop"
        },
        {
            "index": 121,
            "bbox": [
                [
                    552,
                    938
                ],
                [
                    603,
                    938
                ],
                [
                    603,
                    963
                ],
                [
                    552,
                    963
                ]
            ],
            "text": "0.20%",
            "label": "B_Value"
        },
        {
            "index": 122,
            "bbox": [
                [
                    827,
                    938
                ],
                [
                    877,
                    938
                ],
                [
                    877,
                    963
                ],
                [
                    827,
                    963
                ]
            ],
            "text": "0.20%",
            "label": "B_Value"
        },
        {
            "index": 123,
            "bbox": [
                [
                    1098,
                    938
                ],
                [
                    1151,
                    938
                ],
                [
                    1151,
                    961
                ],
                [
                    1098,
                    961
                ]
            ],
            "text": "0.20%",
            "label": "B_Value"
        },
        {
            "index": 124,
            "bbox": [
                [
                    1372,
                    936
                ],
                [
                    1423,
                    936
                ],
                [
                    1423,
                    963
                ],
                [
                    1372,
                    963
                ]
            ],
            "text": "0.20%",
            "label": "B_Value"
        },
        {
            "index": 125,
            "bbox": [
                [
                    116,
                    959
                ],
                [
                    198,
                    959
                ],
                [
                    198,
                    993
                ],
                [
                    116,
                    993
                ]
            ],
            "text": "Measuring",
            "label": "B_Prop"
        },
        {
            "index": 126,
            "bbox": [
                [
                    189,
                    959
                ],
                [
                    258,
                    959
                ],
                [
                    258,
                    991
                ],
                [
                    189,
                    991
                ]
            ],
            "text": "accuracy",
            "label": "I_Prop"
        },
        {
            "index": 127,
            "bbox": [
                [
                    251,
                    961
                ],
                [
                    281,
                    961
                ],
                [
                    281,
                    989
                ],
                [
                    251,
                    989
                ]
            ],
            "text": "for",
            "label": "I_Prop"
        },
        {
            "index": 128,
            "bbox": [
                [
                    271,
                    963
                ],
                [
                    326,
                    963
                ],
                [
                    326,
                    989
                ],
                [
                    271,
                    989
                ]
            ],
            "text": "current",
            "label": "I_Prop"
        },
        {
            "index": 129,
            "bbox": [
                [
                    552,
                    961
                ],
                [
                    605,
                    961
                ],
                [
                    605,
                    986
                ],
                [
                    552,
                    986
                ]
            ],
            "text": "0.20%",
            "label": "B_Value"
        },
        {
            "index": 130,
            "bbox": [
                [
                    824,
                    961
                ],
                [
                    877,
                    961
                ],
                [
                    877,
                    986
                ],
                [
                    824,
                    986
                ]
            ],
            "text": "0.25%",
            "label": "B_Value"
        },
        {
            "index": 131,
            "bbox": [
                [
                    1098,
                    961
                ],
                [
                    1151,
                    961
                ],
                [
                    1151,
                    986
                ],
                [
                    1098,
                    986
                ]
            ],
            "text": "0.20%",
            "label": "B_Value"
        },
        {
            "index": 132,
            "bbox": [
                [
                    1372,
                    961
                ],
                [
                    1425,
                    961
                ],
                [
                    1425,
                    986
                ],
                [
                    1372,
                    986
                ]
            ],
            "text": "0.20%",
            "label": "B_Value"
        },
        {
            "index": 133,
            "bbox": [
                [
                    118,
                    986
                ],
                [
                    180,
                    986
                ],
                [
                    180,
                    1011
                ],
                [
                    118,
                    1011
                ]
            ],
            "text": "Number",
            "label": "B_Prop"
        },
        {
            "index": 134,
            "bbox": [
                [
                    171,
                    986
                ],
                [
                    196,
                    986
                ],
                [
                    196,
                    1014
                ],
                [
                    171,
                    1014
                ]
            ],
            "text": "rof",
            "label": "I_Prop"
        },
        {
            "index": 135,
            "bbox": [
                [
                    187,
                    984
                ],
                [
                    239,
                    984
                ],
                [
                    239,
                    1018
                ],
                [
                    187,
                    1018
                ]
            ],
            "text": "fdigitali",
            "label": "I_Prop"
        },
        {
            "index": 136,
            "bbox": [
                [
                    233,
                    989
                ],
                [
                    283,
                    989
                ],
                [
                    283,
                    1016
                ],
                [
                    233,
                    1016
                ]
            ],
            "text": "inputs",
            "label": "I_Prop"
        },
        {
            "index": 137,
            "bbox": [
                [
                    842,
                    989
                ],
                [
                    858,
                    989
                ],
                [
                    858,
                    1009
                ],
                [
                    842,
                    1009
                ]
            ],
            "text": "2",
            "label": "B_Value"
        },
        {
            "index": 138,
            "bbox": [
                [
                    121,
                    1011
                ],
                [
                    180,
                    1011
                ],
                [
                    180,
                    1037
                ],
                [
                    121,
                    1037
                ]
            ],
            "text": "Number",
            "label": "B_Prop"
        },
        {
            "index": 139,
            "bbox": [
                [
                    171,
                    1011
                ],
                [
                    196,
                    1011
                ],
                [
                    196,
                    1039
                ],
                [
                    171,
                    1039
                ]
            ],
            "text": "rof",
            "label": "I_Prop"
        },
        {
            "index": 140,
            "bbox": [
                [
                    189,
                    1011
                ],
                [
                    239,
                    1011
                ],
                [
                    239,
                    1039
                ],
                [
                    189,
                    1039
                ]
            ],
            "text": "digital",
            "label": "I_Prop"
        },
        {
            "index": 141,
            "bbox": [
                [
                    230,
                    1011
                ],
                [
                    292,
                    1011
                ],
                [
                    292,
                    1043
                ],
                [
                    230,
                    1043
                ]
            ],
            "text": "outputs",
            "label": "I_Prop"
        },
        {
            "index": 142,
            "bbox": [
                [
                    840,
                    1014
                ],
                [
                    858,
                    1014
                ],
                [
                    858,
                    1037
                ],
                [
                    840,
                    1037
                ]
            ],
            "text": "2",
            "label": "B_Value"
        },
        {
            "index": 143,
            "bbox": [
                [
                    1114,
                    1014
                ],
                [
                    1133,
                    1014
                ],
                [
                    1133,
                    1037
                ],
                [
                    1114,
                    1037
                ]
            ],
            "text": "2",
            "label": "B_Value"
        },
        {
            "index": 144,
            "bbox": [
                [
                    118,
                    1037
                ],
                [
                    180,
                    1037
                ],
                [
                    180,
                    1062
                ],
                [
                    118,
                    1062
                ]
            ],
            "text": "Number",
            "label": "B_Prop"
        },
        {
            "index": 145,
            "bbox": [
                [
                    171,
                    1037
                ],
                [
                    196,
                    1037
                ],
                [
                    196,
                    1064
                ],
                [
                    171,
                    1064
                ]
            ],
            "text": "rof",
            "label": "I_Prop"
        },
        {
            "index": 146,
            "bbox": [
                [
                    189,
                    1037
                ],
                [
                    233,
                    1037
                ],
                [
                    233,
                    1064
                ],
                [
                    189,
                    1064
                ]
            ],
            "text": "pulse",
            "label": "I_Prop"
        },
        {
            "index": 147,
            "bbox": [
                [
                    226,
                    1037
                ],
                [
                    285,
                    1037
                ],
                [
                    285,
                    1068
                ],
                [
                    226,
                    1068
                ]
            ],
            "text": "outputs",
            "label": "I_Prop"
        },
        {
            "index": 148,
            "bbox": [
                [
                    842,
                    1039
                ],
                [
                    858,
                    1039
                ],
                [
                    858,
                    1062
                ],
                [
                    842,
                    1062
                ]
            ],
            "text": "2",
            "label": "B_Value"
        },
        {
            "index": 149,
            "bbox": [
                [
                    1117,
                    1039
                ],
                [
                    1133,
                    1039
                ],
                [
                    1133,
                    1062
                ],
                [
                    1117,
                    1062
                ]
            ],
            "text": "2",
            "label": "B_Value"
        },
        {
            "index": 150,
            "bbox": [
                [
                    118,
                    1062
                ],
                [
                    178,
                    1062
                ],
                [
                    178,
                    1087
                ],
                [
                    118,
                    1087
                ]
            ],
            "text": "Current",
            "label": "B_Prop"
        },
        {
            "index": 151,
            "bbox": [
                [
                    169,
                    1059
                ],
                [
                    269,
                    1059
                ],
                [
                    269,
                    1089
                ],
                [
                    169,
                    1089
                ]
            ],
            "text": "measurement",
            "label": "I_Prop"
        },
        {
            "index": 152,
            "bbox": [
                [
                    260,
                    1062
                ],
                [
                    319,
                    1062
                ],
                [
                    319,
                    1087
                ],
                [
                    260,
                    1087
                ]
            ],
            "text": "channel",
            "label": "I_Prop"
        },
        {
            "index": 153,
            "bbox": [
                [
                    568,
                    1064
                ],
                [
                    587,
                    1064
                ],
                [
                    587,
                    1084
                ],
                [
                    568,
                    1084
                ]
            ],
            "text": "3",
            "label": "B_Value"
        },
        {
            "index": 154,
            "bbox": [
                [
                    842,
                    1064
                ],
                [
                    858,
                    1064
                ],
                [
                    858,
                    1084
                ],
                [
                    842,
                    1084
                ]
            ],
            "text": "4",
            "label": "B_Value"
        },
        {
            "index": 155,
            "bbox": [
                [
                    1117,
                    1064
                ],
                [
                    1133,
                    1064
                ],
                [
                    1133,
                    1084
                ],
                [
                    1117,
                    1084
                ]
            ],
            "text": "3",
            "label": "B_Value"
        },
        {
            "index": 156,
            "bbox": [
                [
                    1388,
                    1064
                ],
                [
                    1407,
                    1064
                ],
                [
                    1407,
                    1084
                ],
                [
                    1388,
                    1084
                ]
            ],
            "text": "3",
            "label": "B_Value"
        },
        {
            "index": 157,
            "bbox": [
                [
                    116,
                    1084
                ],
                [
                    210,
                    1084
                ],
                [
                    210,
                    1116
                ],
                [
                    116,
                    1116
                ]
            ],
            "text": "Temperature",
            "label": "B_Prop"
        },
        {
            "index": 158,
            "bbox": [
                [
                    203,
                    1087
                ],
                [
                    246,
                    1087
                ],
                [
                    246,
                    1114
                ],
                [
                    203,
                    1114
                ]
            ],
            "text": "input",
            "label": "I_Prop"
        },
        {
            "index": 159,
            "bbox": [
                [
                    845,
                    1094
                ],
                [
                    858,
                    1094
                ],
                [
                    858,
                    1107
                ],
                [
                    845,
                    1107
                ]
            ],
            "text": "1",
            "label": "B_Value"
        },
        {
            "index": 160,
            "bbox": [
                [
                    118,
                    1110
                ],
                [
                    185,
                    1110
                ],
                [
                    185,
                    1142
                ],
                [
                    118,
                    1142
                ]
            ],
            "text": "Memorys",
            "label": "B_Prop"
        },
        {
            "index": 161,
            "bbox": [
                [
                    178,
                    1112
                ],
                [
                    212,
                    1112
                ],
                [
                    212,
                    1139
                ],
                [
                    178,
                    1139
                ]
            ],
            "text": "size",
            "label": "I_Prop"
        },
        {
            "index": 162,
            "bbox": [
                [
                    539,
                    1112
                ],
                [
                    582,
                    1112
                ],
                [
                    582,
                    1137
                ],
                [
                    539,
                    1137
                ]
            ],
            "text": "4MB",
            "label": "B_Value"
        },
        {
            "index": 163,
            "bbox": [
                [
                    575,
                    1112
                ],
                [
                    619,
                    1112
                ],
                [
                    619,
                    1137
                ],
                [
                    575,
                    1137
                ]
            ],
            "text": "Flash",
            "label": "I_Value"
        },
        {
            "index": 164,
            "bbox": [
                [
                    813,
                    1112
                ],
                [
                    854,
                    1112
                ],
                [
                    854,
                    1137
                ],
                [
                    813,
                    1137
                ]
            ],
            "text": "4MB",
            "label": "B_Value"
        },
        {
            "index": 165,
            "bbox": [
                [
                    849,
                    1112
                ],
                [
                    890,
                    1112
                ],
                [
                    890,
                    1137
                ],
                [
                    849,
                    1137
                ]
            ],
            "text": "Flash",
            "label": "I_Value"
        },
        {
            "index": 166,
            "bbox": [
                [
                    118,
                    1137
                ],
                [
                    180,
                    1137
                ],
                [
                    180,
                    1162
                ],
                [
                    118,
                    1162
                ]
            ],
            "text": "Number",
            "label": "B_Prop"
        },
        {
            "index": 167,
            "bbox": [
                [
                    176,
                    1139
                ],
                [
                    198,
                    1139
                ],
                [
                    198,
                    1162
                ],
                [
                    176,
                    1162
                ]
            ],
            "text": "ofr",
            "label": "I_Prop"
        },
        {
            "index": 168,
            "bbox": [
                [
                    189,
                    1139
                ],
                [
                    253,
                    1139
                ],
                [
                    253,
                    1164
                ],
                [
                    189,
                    1164
                ]
            ],
            "text": "memory",
            "label": "I_Prop"
        },
        {
            "index": 169,
            "bbox": [
                [
                    244,
                    1139
                ],
                [
                    297,
                    1139
                ],
                [
                    297,
                    1164
                ],
                [
                    244,
                    1164
                ]
            ],
            "text": "values",
            "label": "I_Prop"
        },
        {
            "index": 170,
            "bbox": [
                [
                    555,
                    1137
                ],
                [
                    603,
                    1137
                ],
                [
                    603,
                    1162
                ],
                [
                    555,
                    1162
                ]
            ],
            "text": "160k",
            "label": "B_Value"
        },
        {
            "index": 171,
            "bbox": [
                [
                    829,
                    1137
                ],
                [
                    877,
                    1137
                ],
                [
                    877,
                    1164
                ],
                [
                    829,
                    1164
                ]
            ],
            "text": "156k",
            "label": "B_Value"
        },
        {
            "index": 172,
            "bbox": [
                [
                    114,
                    1158
                ],
                [
                    203,
                    1158
                ],
                [
                    203,
                    1190
                ],
                [
                    114,
                    1190
                ]
            ],
            "text": "Interfaces",
            "label": "B_Prop"
        },
        {
            "index": 173,
            "bbox": [
                [
                    118,
                    1187
                ],
                [
                    176,
                    1187
                ],
                [
                    176,
                    1212
                ],
                [
                    118,
                    1212
                ]
            ],
            "text": "RS232",
            "label": "B_Prop"
        },
        {
            "index": 174,
            "bbox": [
                [
                    121,
                    1212
                ],
                [
                    173,
                    1212
                ],
                [
                    173,
                    1238
                ],
                [
                    121,
                    1238
                ]
            ],
            "text": "RS485",
            "label": "B_Prop"
        },
        {
            "index": 175,
            "bbox": [
                [
                    116,
                    1238
                ],
                [
                    160,
                    1238
                ],
                [
                    160,
                    1263
                ],
                [
                    116,
                    1263
                ]
            ],
            "text": "USB",
            "label": "B_Prop"
        },
        {
            "index": 176,
            "bbox": [
                [
                    118,
                    1263
                ],
                [
                    182,
                    1263
                ],
                [
                    182,
                    1288
                ],
                [
                    118,
                    1288
                ]
            ],
            "text": "Profibus",
            "label": "B_Prop"
        },
        {
            "index": 177,
            "bbox": [
                [
                    176,
                    1260
                ],
                [
                    205,
                    1260
                ],
                [
                    205,
                    1288
                ],
                [
                    176,
                    1288
                ]
            ],
            "text": "DP",
            "label": "I_Prop"
        },
        {
            "index": 178,
            "bbox": [
                [
                    118,
                    1288
                ],
                [
                    185,
                    1288
                ],
                [
                    185,
                    1313
                ],
                [
                    118,
                    1313
                ]
            ],
            "text": "Ethernet",
            "label": "B_Prop"
        },
        {
            "index": 179,
            "bbox": [
                [
                    116,
                    1308
                ],
                [
                    201,
                    1308
                ],
                [
                    201,
                    1340
                ],
                [
                    116,
                    1340
                ]
            ],
            "text": "Webserver",
            "label": "B_Prop"
        },
        {
            "index": 180,
            "bbox": [
                [
                    191,
                    1313
                ],
                [
                    251,
                    1313
                ],
                [
                    251,
                    1336
                ],
                [
                    191,
                    1336
                ]
            ],
            "text": "/E-Mail",
            "label": "I_Prop"
        },
        {
            "index": 181,
            "bbox": [
                [
                    114,
                    1333
                ],
                [
                    201,
                    1333
                ],
                [
                    201,
                    1365
                ],
                [
                    114,
                    1365
                ]
            ],
            "text": "Protocols",
            "label": "B_Prop"
        },
        {
            "index": 182,
            "bbox": [
                [
                    121,
                    1361
                ],
                [
                    182,
                    1361
                ],
                [
                    182,
                    1386
                ],
                [
                    121,
                    1386
                ]
            ],
            "text": "Modbus",
            "label": "B_Prop"
        },
        {
            "index": 183,
            "bbox": [
                [
                    173,
                    1361
                ],
                [
                    212,
                    1361
                ],
                [
                    212,
                    1386
                ],
                [
                    173,
                    1386
                ]
            ],
            "text": "RTU",
            "label": "I_Prop"
        },
        {
            "index": 184,
            "bbox": [
                [
                    118,
                    1384
                ],
                [
                    242,
                    1384
                ],
                [
                    242,
                    1416
                ],
                [
                    118,
                    1416
                ]
            ],
            "text": "Madbus-Gateway",
            "label": "B_Prop"
        },
        {
            "index": 185,
            "bbox": [
                [
                    118,
                    1411
                ],
                [
                    182,
                    1411
                ],
                [
                    182,
                    1436
                ],
                [
                    118,
                    1436
                ]
            ],
            "text": "Profibus",
            "label": "B_Prop"
        },
        {
            "index": 186,
            "bbox": [
                [
                    176,
                    1411
                ],
                [
                    226,
                    1411
                ],
                [
                    226,
                    1439
                ],
                [
                    176,
                    1439
                ]
            ],
            "text": "DPVO",
            "label": "I_Prop"
        },
        {
            "index": 187,
            "bbox": [
                [
                    121,
                    1436
                ],
                [
                    180,
                    1436
                ],
                [
                    180,
                    1461
                ],
                [
                    121,
                    1461
                ]
            ],
            "text": "Modbus",
            "label": "B_Prop"
        },
        {
            "index": 188,
            "bbox": [
                [
                    178,
                    1436
                ],
                [
                    233,
                    1436
                ],
                [
                    233,
                    1461
                ],
                [
                    178,
                    1461
                ]
            ],
            "text": "TCP/IP,",
            "label": "I_Prop"
        },
        {
            "index": 189,
            "bbox": [
                [
                    223,
                    1436
                ],
                [
                    283,
                    1436
                ],
                [
                    283,
                    1461
                ],
                [
                    223,
                    1461
                ]
            ],
            "text": "Modbus",
            "label": "I_Prop"
        },
        {
            "index": 190,
            "bbox": [
                [
                    278,
                    1436
                ],
                [
                    317,
                    1436
                ],
                [
                    317,
                    1461
                ],
                [
                    278,
                    1461
                ]
            ],
            "text": "RTU",
            "label": "I_Prop"
        },
        {
            "index": 191,
            "bbox": [
                [
                    308,
                    1439
                ],
                [
                    347,
                    1439
                ],
                [
                    347,
                    1464
                ],
                [
                    308,
                    1464
                ]
            ],
            "text": "over",
            "label": "I_Prop"
        },
        {
            "index": 192,
            "bbox": [
                [
                    338,
                    1434
                ],
                [
                    408,
                    1434
                ],
                [
                    408,
                    1466
                ],
                [
                    338,
                    1466
                ]
            ],
            "text": "Ethernet",
            "label": "I_Prop"
        },
        {
            "index": 193,
            "bbox": [
                [
                    118,
                    1461
                ],
                [
                    173,
                    1461
                ],
                [
                    173,
                    1487
                ],
                [
                    118,
                    1487
                ]
            ],
            "text": "SNMP",
            "label": "B_Prop"
        },
        {
            "index": 194,
            "bbox": [
                [
                    118,
                    1487
                ],
                [
                    178,
                    1487
                ],
                [
                    178,
                    1512
                ],
                [
                    118,
                    1512
                ]
            ],
            "text": "BACnet",
            "label": "B_Prop"
        },
        {
            "index": 195,
            "bbox": [
                [
                    169,
                    1484
                ],
                [
                    244,
                    1484
                ],
                [
                    244,
                    1516
                ],
                [
                    169,
                    1516
                ]
            ],
            "text": "(optional)",
            "label": "I_Prop"
        },
        {
            "index": 196,
            "bbox": [
                [
                    121,
                    1512
                ],
                [
                    180,
                    1512
                ],
                [
                    180,
                    1537
                ],
                [
                    121,
                    1537
                ]
            ],
            "text": "Profinet",
            "label": "B_Prop"
        },
        {
            "index": 197,
            "bbox": [
                [
                    48,
                    2256
                ],
                [
                    91,
                    2256
                ],
                [
                    91,
                    2281
                ],
                [
                    48,
                    2281
                ]
            ],
            "text": "B.16",
            "label": "Out"
        },
        {
            "index": 198,
            "bbox": [
                [
                    112,
                    2252
                ],
                [
                    244,
                    2252
                ],
                [
                    244,
                    2281
                ],
                [
                    112,
                    2281
                ]
            ],
            "text": "Weidmuller",
            "label": "Out"
        },
        {
            "index": 199,
            "bbox": [
                [
                    239,
                    2252
                ],
                [
                    271,
                    2252
                ],
                [
                    271,
                    2279
                ],
                [
                    239,
                    2279
                ]
            ],
            "text": "3E",
            "label": "Out"
        },
        {
            "index": 200,
            "bbox": [
                [
                    1432,
                    2254
                ],
                [
                    1541,
                    2254
                ],
                [
                    1541,
                    2284
                ],
                [
                    1432,
                    2284
                ]
            ],
            "text": "3043800000",
            "label": "Out"
        }
    ]
}