{
    "datasheet": [
        {
            "index": 0,
            "bbox": [
                [
                    57,
                    41
                ],
                [
                    577,
                    41
                ],
                [
                    577,
                    127
                ],
                [
                    57,
                    127
                ]
            ],
            "text": "BINSPIRE",
            "label": "Out"
        },
        {
            "index": 1,
            "bbox": [
                [
                    1074,
                    57
                ],
                [
                    1337,
                    57
                ],
                [
                    1337,
                    122
                ],
                [
                    1074,
                    122
                ]
            ],
            "text": "Designer",
            "label": "Out"
        },
        {
            "index": 2,
            "bbox": [
                [
                    1359,
                    57
                ],
                [
                    1513,
                    57
                ],
                [
                    1513,
                    109
                ],
                [
                    1359,
                    109
                ]
            ],
            "text": "Basin",
            "label": "Out"
        },
        {
            "index": 3,
            "bbox": [
                [
                    831,
                    817
                ],
                [
                    945,
                    817
                ],
                [
                    945,
                    857
                ],
                [
                    831,
                    857
                ]
            ],
            "text": "Bondi",
            "label": "B_Descri"
        },
        {
            "index": 4,
            "bbox": [
                [
                    1079,
                    826
                ],
                [
                    1280,
                    826
                ],
                [
                    1280,
                    857
                ],
                [
                    1079,
                    857
                ]
            ],
            "text": "IS4030MW",
            "label": "B_Ref"
        },
        {
            "index": 5,
            "bbox": [
                [
                    1361,
                    830
                ],
                [
                    1361,
                    861
                ],
                [
                    1423,
                    861
                ],
                [
                    1423,
                    830
                ]
            ],
            "text": "RRP:",
            "label": "B_Prop"
        },
        {
            "index": 6,
            "bbox": [
                [
                    526,
                    844
                ],
                [
                    563,
                    844
                ],
                [
                    563,
                    870
                ],
                [
                    526,
                    870
                ]
            ],
            "text": "400",
            "label": "Out"
        },
        {
            "index": 7,
            "bbox": [
                [
                    1432,
                    828
                ],
                [
                    1432,
                    863
                ],
                [
                    1497,
                    863
                ],
                [
                    1497,
                    828
                ]
            ],
            "text": "$375",
            "label": "I_Prop"
        },
        {
            "index": 8,
            "bbox": [
                [
                    535,
                    914
                ],
                [
                    552,
                    914
                ],
                [
                    552,
                    933
                ],
                [
                    535,
                    933
                ]
            ],
            "text": "@",
            "label": "Out"
        },
        {
            "index": 9,
            "bbox": [
                [
                    658,
                    903
                ],
                [
                    695,
                    903
                ],
                [
                    695,
                    927
                ],
                [
                    658,
                    927
                ]
            ],
            "text": "400",
            "label": "Out"
        },
        {
            "index": 10,
            "bbox": [
                [
                    827,
                    903
                ],
                [
                    951,
                    903
                ],
                [
                    951,
                    931
                ],
                [
                    827,
                    931
                ]
            ],
            "text": "FEATURES:",
            "label": "B_Section"
        },
        {
            "index": 11,
            "bbox": [
                [
                    1072,
                    901
                ],
                [
                    1136,
                    901
                ],
                [
                    1136,
                    931
                ],
                [
                    1072,
                    931
                ]
            ],
            "text": "Ultra",
            "label": "B_Descri"
        },
        {
            "index": 12,
            "bbox": [
                [
                    1131,
                    898
                ],
                [
                    1188,
                    898
                ],
                [
                    1188,
                    931
                ],
                [
                    1131,
                    931
                ]
            ],
            "text": "Slim",
            "label": "I_Descri"
        },
        {
            "index": 13,
            "bbox": [
                [
                    1188,
                    903
                ],
                [
                    1258,
                    903
                ],
                [
                    1258,
                    927
                ],
                [
                    1188,
                    927
                ]
            ],
            "text": "Matte",
            "label": "I_Descri"
        },
        {
            "index": 14,
            "bbox": [
                [
                    1261,
                    903
                ],
                [
                    1333,
                    903
                ],
                [
                    1333,
                    927
                ],
                [
                    1261,
                    927
                ]
            ],
            "text": "White",
            "label": "I_Descri"
        },
        {
            "index": 15,
            "bbox": [
                [
                    1333,
                    901
                ],
                [
                    1390,
                    901
                ],
                [
                    1390,
                    931
                ],
                [
                    1333,
                    931
                ]
            ],
            "text": "Fine",
            "label": "I_Descri"
        },
        {
            "index": 16,
            "bbox": [
                [
                    1386,
                    901
                ],
                [
                    1486,
                    901
                ],
                [
                    1486,
                    929
                ],
                [
                    1386,
                    929
                ]
            ],
            "text": "Ceramic",
            "label": "I_Descri"
        },
        {
            "index": 17,
            "bbox": [
                [
                    1074,
                    936
                ],
                [
                    1177,
                    936
                ],
                [
                    1177,
                    966
                ],
                [
                    1074,
                    966
                ]
            ],
            "text": "Requires",
            "label": "B_Descri"
        },
        {
            "index": 18,
            "bbox": [
                [
                    1175,
                    933
                ],
                [
                    1254,
                    933
                ],
                [
                    1254,
                    964
                ],
                [
                    1175,
                    964
                ]
            ],
            "text": "32mm",
            "label": "I_Descri"
        },
        {
            "index": 19,
            "bbox": [
                [
                    1254,
                    936
                ],
                [
                    1335,
                    936
                ],
                [
                    1335,
                    966
                ],
                [
                    1254,
                    966
                ]
            ],
            "text": "Waste,",
            "label": "I_Descri"
        },
        {
            "index": 20,
            "bbox": [
                [
                    1337,
                    936
                ],
                [
                    1375,
                    936
                ],
                [
                    1375,
                    962
                ],
                [
                    1337,
                    962
                ]
            ],
            "text": "No",
            "label": "I_Descri"
        },
        {
            "index": 21,
            "bbox": [
                [
                    1375,
                    933
                ],
                [
                    1482,
                    933
                ],
                [
                    1482,
                    964
                ],
                [
                    1375,
                    964
                ]
            ],
            "text": "Overflow",
            "label": "I_Descri"
        },
        {
            "index": 22,
            "bbox": [
                [
                    1074,
                    969
                ],
                [
                    1199,
                    969
                ],
                [
                    1199,
                    997
                ],
                [
                    1074,
                    997
                ]
            ],
            "text": "Dimension",
            "label": "B_Descri"
        },
        {
            "index": 23,
            "bbox": [
                [
                    1195,
                    966
                ],
                [
                    1250,
                    966
                ],
                [
                    1250,
                    997
                ],
                [
                    1195,
                    997
                ]
            ],
            "text": "400",
            "label": "I_Descri"
        },
        {
            "index": 24,
            "bbox": [
                [
                    1243,
                    969
                ],
                [
                    1267,
                    969
                ],
                [
                    1267,
                    997
                ],
                [
                    1243,
                    997
                ]
            ],
            "text": "X",
            "label": "I_Descri"
        },
        {
            "index": 25,
            "bbox": [
                [
                    1261,
                    966
                ],
                [
                    1315,
                    966
                ],
                [
                    1315,
                    997
                ],
                [
                    1261,
                    997
                ]
            ],
            "text": "400",
            "label": "I_Descri"
        },
        {
            "index": 26,
            "bbox": [
                [
                    1309,
                    969
                ],
                [
                    1333,
                    969
                ],
                [
                    1333,
                    997
                ],
                [
                    1309,
                    997
                ]
            ],
            "text": "X",
            "label": "I_Descri"
        },
        {
            "index": 27,
            "bbox": [
                [
                    1331,
                    966
                ],
                [
                    1423,
                    966
                ],
                [
                    1423,
                    997
                ],
                [
                    1331,
                    997
                ]
            ],
            "text": "135mm",
            "label": "I_Descri"
        },
        {
            "index": 28,
            "bbox": [
                [
                    833,
                    1324
                ],
                [
                    941,
                    1324
                ],
                [
                    941,
                    1357
                ],
                [
                    833,
                    1357
                ]
            ],
            "text": "Bondi",
            "label": "B_Descri"
        },
        {
            "index": 29,
            "bbox": [
                [
                    526,
                    1341
                ],
                [
                    561,
                    1341
                ],
                [
                    561,
                    1368
                ],
                [
                    526,
                    1368
                ]
            ],
            "text": "400",
            "label": "Out"
        },
        {
            "index": 30,
            "bbox": [
                [
                    1076,
                    1326
                ],
                [
                    1269,
                    1326
                ],
                [
                    1269,
                    1363
                ],
                [
                    1076,
                    1363
                ]
            ],
            "text": "IS4030MG",
            "label": "B_Ref"
        },
        {
            "index": 31,
            "bbox": [
                [
                    1361,
                    1335
                ],
                [
                    1425,
                    1335
                ],
                [
                    1425,
                    1365
                ],
                [
                    1361,
                    1365
                ]
            ],
            "text": "RRP:",
            "label": "B_Prop"
        },
        {
            "index": 32,
            "bbox": [
                [
                    1429,
                    1330
                ],
                [
                    1500,
                    1330
                ],
                [
                    1500,
                    1365
                ],
                [
                    1429,
                    1365
                ]
            ],
            "text": "$375",
            "label": "I_Prop"
        },
        {
            "index": 33,
            "bbox": [
                [
                    533,
                    1411
                ],
                [
                    555,
                    1411
                ],
                [
                    555,
                    1433
                ],
                [
                    533,
                    1433
                ]
            ],
            "text": "O",
            "label": "Out"
        },
        {
            "index": 34,
            "bbox": [
                [
                    655,
                    1400
                ],
                [
                    695,
                    1400
                ],
                [
                    695,
                    1427
                ],
                [
                    655,
                    1427
                ]
            ],
            "text": "400",
            "label": "Out"
        },
        {
            "index": 35,
            "bbox": [
                [
                    827,
                    1405
                ],
                [
                    951,
                    1405
                ],
                [
                    951,
                    1433
                ],
                [
                    827,
                    1433
                ]
            ],
            "text": "FEATURES:",
            "label": "B_Section"
        },
        {
            "index": 36,
            "bbox": [
                [
                    1069,
                    1404
                ],
                [
                    1069,
                    1434
                ],
                [
                    1133,
                    1434
                ],
                [
                    1133,
                    1404
                ]
            ],
            "text": "Ultra",
            "label": "B_Descri"
        },
        {
            "index": 37,
            "bbox": [
                [
                    1133,
                    1403
                ],
                [
                    1190,
                    1403
                ],
                [
                    1190,
                    1436
                ],
                [
                    1133,
                    1436
                ]
            ],
            "text": "Slim",
            "label": "I_Descri"
        },
        {
            "index": 38,
            "bbox": [
                [
                    1188,
                    1403
                ],
                [
                    1250,
                    1403
                ],
                [
                    1250,
                    1436
                ],
                [
                    1188,
                    1436
                ]
            ],
            "text": "Dark",
            "label": "I_Descri"
        },
        {
            "index": 39,
            "bbox": [
                [
                    1247,
                    1405
                ],
                [
                    1307,
                    1405
                ],
                [
                    1307,
                    1438
                ],
                [
                    1247,
                    1438
                ]
            ],
            "text": "Gray",
            "label": "I_Descri"
        },
        {
            "index": 40,
            "bbox": [
                [
                    1304,
                    1403
                ],
                [
                    1359,
                    1403
                ],
                [
                    1359,
                    1436
                ],
                [
                    1304,
                    1436
                ]
            ],
            "text": "Fine",
            "label": "I_Descri"
        },
        {
            "index": 41,
            "bbox": [
                [
                    1357,
                    1405
                ],
                [
                    1456,
                    1405
                ],
                [
                    1456,
                    1433
                ],
                [
                    1357,
                    1433
                ]
            ],
            "text": "Ceramic",
            "label": "I_Descri"
        },
        {
            "index": 42,
            "bbox": [
                [
                    1076,
                    1438
                ],
                [
                    1177,
                    1438
                ],
                [
                    1177,
                    1468
                ],
                [
                    1076,
                    1468
                ]
            ],
            "text": "Requires",
            "label": "B_Descri"
        },
        {
            "index": 43,
            "bbox": [
                [
                    1177,
                    1436
                ],
                [
                    1256,
                    1436
                ],
                [
                    1256,
                    1466
                ],
                [
                    1177,
                    1466
                ]
            ],
            "text": "32mm",
            "label": "I_Descri"
        },
        {
            "index": 44,
            "bbox": [
                [
                    1258,
                    1438
                ],
                [
                    1340,
                    1438
                ],
                [
                    1340,
                    1468
                ],
                [
                    1258,
                    1468
                ]
            ],
            "text": "Waste,",
            "label": "I_Descri"
        },
        {
            "index": 45,
            "bbox": [
                [
                    1340,
                    1438
                ],
                [
                    1377,
                    1438
                ],
                [
                    1377,
                    1466
                ],
                [
                    1340,
                    1466
                ]
            ],
            "text": "No",
            "label": "I_Descri"
        },
        {
            "index": 46,
            "bbox": [
                [
                    1377,
                    1438
                ],
                [
                    1486,
                    1438
                ],
                [
                    1486,
                    1466
                ],
                [
                    1377,
                    1466
                ]
            ],
            "text": "Overflow",
            "label": "I_Descri"
        },
        {
            "index": 47,
            "bbox": [
                [
                    1076,
                    1471
                ],
                [
                    1199,
                    1471
                ],
                [
                    1199,
                    1499
                ],
                [
                    1076,
                    1499
                ]
            ],
            "text": "Dimension",
            "label": "B_Descri"
        },
        {
            "index": 48,
            "bbox": [
                [
                    1197,
                    1471
                ],
                [
                    1252,
                    1471
                ],
                [
                    1252,
                    1501
                ],
                [
                    1197,
                    1501
                ]
            ],
            "text": "400",
            "label": "I_Descri"
        },
        {
            "index": 49,
            "bbox": [
                [
                    1243,
                    1473
                ],
                [
                    1269,
                    1473
                ],
                [
                    1269,
                    1501
                ],
                [
                    1243,
                    1501
                ]
            ],
            "text": "X",
            "label": "I_Descri"
        },
        {
            "index": 50,
            "bbox": [
                [
                    1267,
                    1473
                ],
                [
                    1315,
                    1473
                ],
                [
                    1315,
                    1499
                ],
                [
                    1267,
                    1499
                ]
            ],
            "text": "400",
            "label": "I_Descri"
        },
        {
            "index": 51,
            "bbox": [
                [
                    1313,
                    1473
                ],
                [
                    1335,
                    1473
                ],
                [
                    1335,
                    1501
                ],
                [
                    1313,
                    1501
                ]
            ],
            "text": "X",
            "label": "I_Descri"
        },
        {
            "index": 52,
            "bbox": [
                [
                    1333,
                    1471
                ],
                [
                    1425,
                    1471
                ],
                [
                    1425,
                    1499
                ],
                [
                    1333,
                    1499
                ]
            ],
            "text": "135mm",
            "label": "I_Descri"
        },
        {
            "index": 53,
            "bbox": [
                [
                    756,
                    1826
                ],
                [
                    868,
                    1826
                ],
                [
                    868,
                    1859
                ],
                [
                    756,
                    1859
                ]
            ],
            "text": "BASIN",
            "label": "B_Descri"
        },
        {
            "index": 54,
            "bbox": [
                [
                    879,
                    1824
                ],
                [
                    1024,
                    1824
                ],
                [
                    1024,
                    1861
                ],
                [
                    879,
                    1861
                ]
            ],
            "text": "ROUND",
            "label": "I_Descri"
        },
        {
            "index": 55,
            "bbox": [
                [
                    1079,
                    1826
                ],
                [
                    1199,
                    1826
                ],
                [
                    1199,
                    1859
                ],
                [
                    1079,
                    1859
                ]
            ],
            "text": "IS4022",
            "label": "B_Ref"
        },
        {
            "index": 56,
            "bbox": [
                [
                    1361,
                    1830
                ],
                [
                    1423,
                    1830
                ],
                [
                    1423,
                    1863
                ],
                [
                    1361,
                    1863
                ]
            ],
            "text": "RRP:",
            "label": "B_Prop"
        },
        {
            "index": 57,
            "bbox": [
                [
                    1427,
                    1826
                ],
                [
                    1502,
                    1826
                ],
                [
                    1502,
                    1867
                ],
                [
                    1427,
                    1867
                ]
            ],
            "text": "$200",
            "label": "I_Prop"
        },
        {
            "index": 58,
            "bbox": [
                [
                    495,
                    1856
                ],
                [
                    533,
                    1856
                ],
                [
                    533,
                    1881
                ],
                [
                    495,
                    1881
                ]
            ],
            "text": "405",
            "label": "Out"
        },
        {
            "index": 59,
            "bbox": [
                [
                    620,
                    1913
                ],
                [
                    660,
                    1913
                ],
                [
                    660,
                    1938
                ],
                [
                    620,
                    1938
                ]
            ],
            "text": "405",
            "label": "Out"
        },
        {
            "index": 60,
            "bbox": [
                [
                    827,
                    1902
                ],
                [
                    951,
                    1902
                ],
                [
                    951,
                    1931
                ],
                [
                    827,
                    1931
                ]
            ],
            "text": "FEATURES:",
            "label": "B_Section"
        },
        {
            "index": 61,
            "bbox": [
                [
                    1072,
                    1900
                ],
                [
                    1133,
                    1900
                ],
                [
                    1133,
                    1931
                ],
                [
                    1072,
                    1931
                ]
            ],
            "text": "Ultra",
            "label": "B_Descri"
        },
        {
            "index": 62,
            "bbox": [
                [
                    1131,
                    1900
                ],
                [
                    1188,
                    1900
                ],
                [
                    1188,
                    1931
                ],
                [
                    1131,
                    1931
                ]
            ],
            "text": "Slim",
            "label": "I_Descri"
        },
        {
            "index": 63,
            "bbox": [
                [
                    1184,
                    1900
                ],
                [
                    1254,
                    1900
                ],
                [
                    1254,
                    1931
                ],
                [
                    1184,
                    1931
                ]
            ],
            "text": "Gloss",
            "label": "I_Descri"
        },
        {
            "index": 64,
            "bbox": [
                [
                    1252,
                    1900
                ],
                [
                    1326,
                    1900
                ],
                [
                    1326,
                    1931
                ],
                [
                    1252,
                    1931
                ]
            ],
            "text": "White",
            "label": "I_Descri"
        },
        {
            "index": 65,
            "bbox": [
                [
                    1324,
                    1900
                ],
                [
                    1381,
                    1900
                ],
                [
                    1381,
                    1931
                ],
                [
                    1324,
                    1931
                ]
            ],
            "text": "Fine",
            "label": "I_Descri"
        },
        {
            "index": 66,
            "bbox": [
                [
                    1379,
                    1902
                ],
                [
                    1482,
                    1902
                ],
                [
                    1482,
                    1933
                ],
                [
                    1379,
                    1933
                ]
            ],
            "text": "Ceramic;",
            "label": "I_Descri"
        },
        {
            "index": 67,
            "bbox": [
                [
                    1484,
                    1902
                ],
                [
                    1585,
                    1902
                ],
                [
                    1585,
                    1933
                ],
                [
                    1484,
                    1933
                ]
            ],
            "text": "Requires",
            "label": "I_Descri"
        },
        {
            "index": 68,
            "bbox": [
                [
                    498,
                    1929
                ],
                [
                    526,
                    1929
                ],
                [
                    526,
                    1955
                ],
                [
                    498,
                    1955
                ]
            ],
            "text": "@",
            "label": "Out"
        },
        {
            "index": 69,
            "bbox": [
                [
                    1070,
                    1933
                ],
                [
                    1149,
                    1933
                ],
                [
                    1149,
                    1964
                ],
                [
                    1070,
                    1964
                ]
            ],
            "text": "32mm",
            "label": "I_Descri"
        },
        {
            "index": 70,
            "bbox": [
                [
                    1149,
                    1935
                ],
                [
                    1232,
                    1935
                ],
                [
                    1232,
                    1966
                ],
                [
                    1149,
                    1966
                ]
            ],
            "text": "Waste,",
            "label": "I_Descri"
        },
        {
            "index": 71,
            "bbox": [
                [
                    1234,
                    1935
                ],
                [
                    1272,
                    1935
                ],
                [
                    1272,
                    1964
                ],
                [
                    1234,
                    1964
                ]
            ],
            "text": "No",
            "label": "I_Descri"
        },
        {
            "index": 72,
            "bbox": [
                [
                    1272,
                    1935
                ],
                [
                    1386,
                    1935
                ],
                [
                    1386,
                    1966
                ],
                [
                    1272,
                    1966
                ]
            ],
            "text": "Overflow;",
            "label": "I_Descri"
        },
        {
            "index": 73,
            "bbox": [
                [
                    1386,
                    1935
                ],
                [
                    1425,
                    1935
                ],
                [
                    1425,
                    1964
                ],
                [
                    1386,
                    1964
                ]
            ],
            "text": "No",
            "label": "I_Descri"
        },
        {
            "index": 74,
            "bbox": [
                [
                    1423,
                    1933
                ],
                [
                    1471,
                    1933
                ],
                [
                    1471,
                    1968
                ],
                [
                    1423,
                    1968
                ]
            ],
            "text": "Tap",
            "label": "I_Descri"
        },
        {
            "index": 75,
            "bbox": [
                [
                    1469,
                    1933
                ],
                [
                    1530,
                    1933
                ],
                [
                    1530,
                    1964
                ],
                [
                    1469,
                    1964
                ]
            ],
            "text": "Hole",
            "label": "I_Descri"
        },
        {
            "index": 76,
            "bbox": [
                [
                    1072,
                    1968
                ],
                [
                    1197,
                    1968
                ],
                [
                    1197,
                    1997
                ],
                [
                    1072,
                    1997
                ]
            ],
            "text": "Dimension",
            "label": "B_Descri"
        },
        {
            "index": 77,
            "bbox": [
                [
                    1195,
                    1966
                ],
                [
                    1247,
                    1966
                ],
                [
                    1247,
                    1999
                ],
                [
                    1195,
                    1999
                ]
            ],
            "text": "405",
            "label": "I_Descri"
        },
        {
            "index": 78,
            "bbox": [
                [
                    1243,
                    1968
                ],
                [
                    1267,
                    1968
                ],
                [
                    1267,
                    1997
                ],
                [
                    1243,
                    1997
                ]
            ],
            "text": "x",
            "label": "I_Descri"
        },
        {
            "index": 79,
            "bbox": [
                [
                    1265,
                    1968
                ],
                [
                    1313,
                    1968
                ],
                [
                    1313,
                    1995
                ],
                [
                    1265,
                    1995
                ]
            ],
            "text": "405",
            "label": "I_Descri"
        },
        {
            "index": 80,
            "bbox": [
                [
                    1311,
                    1966
                ],
                [
                    1379,
                    1966
                ],
                [
                    1379,
                    1997
                ],
                [
                    1311,
                    1997
                ]
            ],
            "text": "x120",
            "label": "I_Descri"
        },
        {
            "index": 81,
            "bbox": [
                [
                    1377,
                    1973
                ],
                [
                    1427,
                    1973
                ],
                [
                    1427,
                    1995
                ],
                [
                    1377,
                    1995
                ]
            ],
            "text": "mm",
            "label": "I_Descri"
        },
        {
            "index": 82,
            "bbox": [
                [
                    55,
                    2130
                ],
                [
                    182,
                    2130
                ],
                [
                    182,
                    2159
                ],
                [
                    55,
                    2159
                ]
            ],
            "text": "DIMENSIONS",
            "label": "Out"
        },
        {
            "index": 83,
            "bbox": [
                [
                    175,
                    2133
                ],
                [
                    219,
                    2133
                ],
                [
                    219,
                    2157
                ],
                [
                    175,
                    2157
                ]
            ],
            "text": "ARE",
            "label": "Out"
        },
        {
            "index": 84,
            "bbox": [
                [
                    215,
                    2130
                ],
                [
                    360,
                    2130
                ],
                [
                    360,
                    2159
                ],
                [
                    215,
                    2159
                ]
            ],
            "text": "APPROXIMATE.",
            "label": "Out"
        },
        {
            "index": 85,
            "bbox": [
                [
                    355,
                    2130
                ],
                [
                    495,
                    2130
                ],
                [
                    495,
                    2159
                ],
                [
                    355,
                    2159
                ]
            ],
            "text": "INFORMATION",
            "label": "Out"
        },
        {
            "index": 86,
            "bbox": [
                [
                    489,
                    2130
                ],
                [
                    592,
                    2130
                ],
                [
                    592,
                    2159
                ],
                [
                    489,
                    2159
                ]
            ],
            "text": "PROVIDED",
            "label": "Out"
        },
        {
            "index": 87,
            "bbox": [
                [
                    588,
                    2130
                ],
                [
                    616,
                    2130
                ],
                [
                    616,
                    2159
                ],
                [
                    588,
                    2159
                ]
            ],
            "text": "IN",
            "label": "Out"
        },
        {
            "index": 88,
            "bbox": [
                [
                    612,
                    2133
                ],
                [
                    660,
                    2133
                ],
                [
                    660,
                    2157
                ],
                [
                    612,
                    2157
                ]
            ],
            "text": "THIS",
            "label": "Out"
        },
        {
            "index": 89,
            "bbox": [
                [
                    658,
                    2130
                ],
                [
                    767,
                    2130
                ],
                [
                    767,
                    2159
                ],
                [
                    658,
                    2159
                ]
            ],
            "text": "BROCHURE",
            "label": "Out"
        },
        {
            "index": 90,
            "bbox": [
                [
                    763,
                    2130
                ],
                [
                    789,
                    2130
                ],
                [
                    789,
                    2159
                ],
                [
                    763,
                    2159
                ]
            ],
            "text": "IS",
            "label": "Out"
        },
        {
            "index": 91,
            "bbox": [
                [
                    783,
                    2130
                ],
                [
                    945,
                    2130
                ],
                [
                    945,
                    2159
                ],
                [
                    783,
                    2159
                ]
            ],
            "text": "REPRESENTATIVE",
            "label": "Out"
        },
        {
            "index": 92,
            "bbox": [
                [
                    938,
                    2133
                ],
                [
                    971,
                    2133
                ],
                [
                    971,
                    2157
                ],
                [
                    938,
                    2157
                ]
            ],
            "text": "OF",
            "label": "Out"
        },
        {
            "index": 93,
            "bbox": [
                [
                    1057,
                    2135
                ],
                [
                    1127,
                    2135
                ],
                [
                    1127,
                    2159
                ],
                [
                    1057,
                    2159
                ]
            ],
            "text": "tel:02",
            "label": "Out"
        },
        {
            "index": 94,
            "bbox": [
                [
                    1129,
                    2133
                ],
                [
                    1195,
                    2133
                ],
                [
                    1195,
                    2163
                ],
                [
                    1129,
                    2163
                ]
            ],
            "text": "9772",
            "label": "Out"
        },
        {
            "index": 95,
            "bbox": [
                [
                    1195,
                    2133
                ],
                [
                    1263,
                    2133
                ],
                [
                    1263,
                    2163
                ],
                [
                    1195,
                    2163
                ]
            ],
            "text": "1306",
            "label": "Out"
        },
        {
            "index": 96,
            "bbox": [
                [
                    53,
                    2155
                ],
                [
                    96,
                    2155
                ],
                [
                    96,
                    2179
                ],
                [
                    53,
                    2179
                ]
            ],
            "text": "THE",
            "label": "Out"
        },
        {
            "index": 97,
            "bbox": [
                [
                    92,
                    2152
                ],
                [
                    178,
                    2152
                ],
                [
                    178,
                    2181
                ],
                [
                    92,
                    2181
                ]
            ],
            "text": "ACTUAL",
            "label": "Out"
        },
        {
            "index": 98,
            "bbox": [
                [
                    169,
                    2152
                ],
                [
                    283,
                    2152
                ],
                [
                    283,
                    2181
                ],
                [
                    169,
                    2181
                ]
            ],
            "text": "PRODUCTSA",
            "label": "Out"
        },
        {
            "index": 99,
            "bbox": [
                [
                    272,
                    2157
                ],
                [
                    375,
                    2157
                ],
                [
                    375,
                    2179
                ],
                [
                    272,
                    2179
                ]
            ],
            "text": "AVAILABLE",
            "label": "Out"
        },
        {
            "index": 100,
            "bbox": [
                [
                    373,
                    2152
                ],
                [
                    406,
                    2152
                ],
                [
                    406,
                    2181
                ],
                [
                    373,
                    2181
                ]
            ],
            "text": "AT",
            "label": "Out"
        },
        {
            "index": 101,
            "bbox": [
                [
                    399,
                    2155
                ],
                [
                    443,
                    2155
                ],
                [
                    443,
                    2181
                ],
                [
                    399,
                    2181
                ]
            ],
            "text": "THE",
            "label": "Out"
        },
        {
            "index": 102,
            "bbox": [
                [
                    436,
                    2152
                ],
                [
                    493,
                    2152
                ],
                [
                    493,
                    2183
                ],
                [
                    436,
                    2183
                ]
            ],
            "text": "TIME",
            "label": "Out"
        },
        {
            "index": 103,
            "bbox": [
                [
                    489,
                    2152
                ],
                [
                    524,
                    2152
                ],
                [
                    524,
                    2179
                ],
                [
                    489,
                    2179
                ]
            ],
            "text": "OF",
            "label": "Out"
        },
        {
            "index": 104,
            "bbox": [
                [
                    520,
                    2152
                ],
                [
                    620,
                    2152
                ],
                [
                    620,
                    2183
                ],
                [
                    520,
                    2183
                ]
            ],
            "text": "PRINTING.",
            "label": "Out"
        },
        {
            "index": 105,
            "bbox": [
                [
                    618,
                    2155
                ],
                [
                    666,
                    2155
                ],
                [
                    666,
                    2179
                ],
                [
                    618,
                    2179
                ]
            ],
            "text": "DUE",
            "label": "Out"
        },
        {
            "index": 106,
            "bbox": [
                [
                    660,
                    2155
                ],
                [
                    695,
                    2155
                ],
                [
                    695,
                    2179
                ],
                [
                    660,
                    2179
                ]
            ],
            "text": "TO",
            "label": "Out"
        },
        {
            "index": 107,
            "bbox": [
                [
                    691,
                    2155
                ],
                [
                    737,
                    2155
                ],
                [
                    737,
                    2179
                ],
                [
                    691,
                    2179
                ]
            ],
            "text": "PUR",
            "label": "Out"
        },
        {
            "index": 108,
            "bbox": [
                [
                    730,
                    2152
                ],
                [
                    879,
                    2152
                ],
                [
                    879,
                    2183
                ],
                [
                    730,
                    2183
                ]
            ],
            "text": "COMMITMENT",
            "label": "Out"
        },
        {
            "index": 109,
            "bbox": [
                [
                    873,
                    2155
                ],
                [
                    901,
                    2155
                ],
                [
                    901,
                    2181
                ],
                [
                    873,
                    2181
                ]
            ],
            "text": "IN",
            "label": "Out"
        },
        {
            "index": 110,
            "bbox": [
                [
                    894,
                    2152
                ],
                [
                    1008,
                    2152
                ],
                [
                    1008,
                    2181
                ],
                [
                    894,
                    2181
                ]
            ],
            "text": "PROVIDING",
            "label": "Out"
        },
        {
            "index": 111,
            "bbox": [
                [
                    53,
                    2174
                ],
                [
                    199,
                    2174
                ],
                [
                    199,
                    2203
                ],
                [
                    53,
                    2203
                ]
            ],
            "text": "CONTINUOPUS",
            "label": "Out"
        },
        {
            "index": 112,
            "bbox": [
                [
                    193,
                    2174
                ],
                [
                    292,
                    2174
                ],
                [
                    292,
                    2203
                ],
                [
                    193,
                    2203
                ]
            ],
            "text": "PRODUCTI",
            "label": "Out"
        },
        {
            "index": 113,
            "bbox": [
                [
                    285,
                    2177
                ],
                [
                    436,
                    2177
                ],
                [
                    436,
                    2205
                ],
                [
                    285,
                    2205
                ]
            ],
            "text": "DEVELOPMENT,",
            "label": "Out"
        },
        {
            "index": 114,
            "bbox": [
                [
                    432,
                    2177
                ],
                [
                    476,
                    2177
                ],
                [
                    476,
                    2201
                ],
                [
                    432,
                    2201
                ]
            ],
            "text": "THE",
            "label": "Out"
        },
        {
            "index": 115,
            "bbox": [
                [
                    471,
                    2174
                ],
                [
                    559,
                    2174
                ],
                [
                    559,
                    2203
                ],
                [
                    471,
                    2203
                ]
            ],
            "text": "DESIGNS",
            "label": "Out"
        },
        {
            "index": 116,
            "bbox": [
                [
                    555,
                    2177
                ],
                [
                    603,
                    2177
                ],
                [
                    603,
                    2201
                ],
                [
                    555,
                    2201
                ]
            ],
            "text": "AND",
            "label": "Out"
        },
        {
            "index": 117,
            "bbox": [
                [
                    596,
                    2174
                ],
                [
                    752,
                    2174
                ],
                [
                    752,
                    2203
                ],
                [
                    596,
                    2203
                ]
            ],
            "text": "SPECIFICATIONS",
            "label": "Out"
        },
        {
            "index": 118,
            "bbox": [
                [
                    745,
                    2174
                ],
                [
                    844,
                    2174
                ],
                [
                    844,
                    2203
                ],
                [
                    745,
                    2203
                ]
            ],
            "text": "DEPICTED",
            "label": "Out"
        },
        {
            "index": 119,
            "bbox": [
                [
                    840,
                    2177
                ],
                [
                    884,
                    2177
                ],
                [
                    884,
                    2201
                ],
                [
                    840,
                    2201
                ]
            ],
            "text": "ARE",
            "label": "Out"
        },
        {
            "index": 120,
            "bbox": [
                [
                    877,
                    2174
                ],
                [
                    967,
                    2174
                ],
                [
                    967,
                    2203
                ],
                [
                    877,
                    2203
                ]
            ],
            "text": "SUBJECT",
            "label": "Out"
        },
        {
            "index": 121,
            "bbox": [
                [
                    1059,
                    2168
                ],
                [
                    1412,
                    2168
                ],
                [
                    1412,
                    2196
                ],
                [
                    1059,
                    2196
                ]
            ],
            "text": "orders@inspirebathware.com.au",
            "label": "Out"
        },
        {
            "index": 122,
            "bbox": [
                [
                    53,
                    2198
                ],
                [
                    88,
                    2198
                ],
                [
                    88,
                    2225
                ],
                [
                    53,
                    2225
                ]
            ],
            "text": "TO",
            "label": "Out"
        },
        {
            "index": 123,
            "bbox": [
                [
                    83,
                    2196
                ],
                [
                    171,
                    2196
                ],
                [
                    171,
                    2225
                ],
                [
                    83,
                    2225
                ]
            ],
            "text": "CHANGE",
            "label": "Out"
        },
        {
            "index": 124,
            "bbox": [
                [
                    164,
                    2196
                ],
                [
                    265,
                    2196
                ],
                [
                    265,
                    2225
                ],
                [
                    164,
                    2225
                ]
            ],
            "text": "WITHOUT",
            "label": "Out"
        },
        {
            "index": 125,
            "bbox": [
                [
                    256,
                    2196
                ],
                [
                    346,
                    2196
                ],
                [
                    346,
                    2227
                ],
                [
                    256,
                    2227
                ]
            ],
            "text": "NOTICE.",
            "label": "Out"
        },
        {
            "index": 126,
            "bbox": [
                [
                    526,
                    304
                ],
                [
                    561,
                    304
                ],
                [
                    561,
                    328
                ],
                [
                    526,
                    328
                ]
            ],
            "text": "400",
            "label": "Out"
        },
        {
            "index": 127,
            "bbox": [
                [
                    831,
                    298
                ],
                [
                    943,
                    298
                ],
                [
                    943,
                    339
                ],
                [
                    831,
                    339
                ]
            ],
            "text": "Bondi",
            "label": "B_Descri"
        },
        {
            "index": 128,
            "bbox": [
                [
                    1079,
                    302
                ],
                [
                    1201,
                    302
                ],
                [
                    1201,
                    335
                ],
                [
                    1079,
                    335
                ]
            ],
            "text": "IS4030",
            "label": "B_Ref"
        },
        {
            "index": 129,
            "bbox": [
                [
                    1361,
                    309
                ],
                [
                    1423,
                    309
                ],
                [
                    1423,
                    339
                ],
                [
                    1361,
                    339
                ]
            ],
            "text": "RRP:",
            "label": "B_Prop"
        },
        {
            "index": 130,
            "bbox": [
                [
                    1427,
                    302
                ],
                [
                    1502,
                    302
                ],
                [
                    1502,
                    344
                ],
                [
                    1427,
                    344
                ]
            ],
            "text": "$200",
            "label": "I_Prop"
        },
        {
            "index": 131,
            "bbox": [
                [
                    535,
                    374
                ],
                [
                    552,
                    374
                ],
                [
                    552,
                    394
                ],
                [
                    535,
                    394
                ]
            ],
            "text": "@",
            "label": "Out"
        },
        {
            "index": 132,
            "bbox": [
                [
                    658,
                    363
                ],
                [
                    695,
                    363
                ],
                [
                    695,
                    388
                ],
                [
                    658,
                    388
                ]
            ],
            "text": "400",
            "label": "Out"
        },
        {
            "index": 133,
            "bbox": [
                [
                    827,
                    379
                ],
                [
                    951,
                    379
                ],
                [
                    951,
                    407
                ],
                [
                    827,
                    407
                ]
            ],
            "text": "FEATURES:",
            "label": "B_Section"
        },
        {
            "index": 134,
            "bbox": [
                [
                    1076,
                    377
                ],
                [
                    1140,
                    377
                ],
                [
                    1140,
                    409
                ],
                [
                    1076,
                    409
                ]
            ],
            "text": "Ultra",
            "label": "B_Descri"
        },
        {
            "index": 135,
            "bbox": [
                [
                    1138,
                    377
                ],
                [
                    1193,
                    377
                ],
                [
                    1193,
                    409
                ],
                [
                    1138,
                    409
                ]
            ],
            "text": "Slim",
            "label": "I_Descri"
        },
        {
            "index": 136,
            "bbox": [
                [
                    1193,
                    381
                ],
                [
                    1258,
                    381
                ],
                [
                    1258,
                    405
                ],
                [
                    1193,
                    405
                ]
            ],
            "text": "Gloss",
            "label": "I_Descri"
        },
        {
            "index": 137,
            "bbox": [
                [
                    1261,
                    381
                ],
                [
                    1331,
                    381
                ],
                [
                    1331,
                    405
                ],
                [
                    1261,
                    405
                ]
            ],
            "text": "White",
            "label": "I_Descri"
        },
        {
            "index": 138,
            "bbox": [
                [
                    1331,
                    377
                ],
                [
                    1388,
                    377
                ],
                [
                    1388,
                    409
                ],
                [
                    1331,
                    409
                ]
            ],
            "text": "Fine",
            "label": "I_Descri"
        },
        {
            "index": 139,
            "bbox": [
                [
                    1383,
                    379
                ],
                [
                    1482,
                    379
                ],
                [
                    1482,
                    407
                ],
                [
                    1383,
                    407
                ]
            ],
            "text": "Ceramic",
            "label": "I_Descri"
        },
        {
            "index": 140,
            "bbox": [
                [
                    1079,
                    412
                ],
                [
                    1179,
                    412
                ],
                [
                    1179,
                    442
                ],
                [
                    1079,
                    442
                ]
            ],
            "text": "Requires",
            "label": "B_Descri"
        },
        {
            "index": 141,
            "bbox": [
                [
                    1184,
                    414
                ],
                [
                    1256,
                    414
                ],
                [
                    1256,
                    438
                ],
                [
                    1184,
                    438
                ]
            ],
            "text": "32mm",
            "label": "I_Descri"
        },
        {
            "index": 142,
            "bbox": [
                [
                    1258,
                    412
                ],
                [
                    1342,
                    412
                ],
                [
                    1342,
                    442
                ],
                [
                    1258,
                    442
                ]
            ],
            "text": "Waste,",
            "label": "I_Descri"
        },
        {
            "index": 143,
            "bbox": [
                [
                    1342,
                    412
                ],
                [
                    1379,
                    412
                ],
                [
                    1379,
                    440
                ],
                [
                    1342,
                    440
                ]
            ],
            "text": "No",
            "label": "I_Descri"
        },
        {
            "index": 144,
            "bbox": [
                [
                    1381,
                    412
                ],
                [
                    1489,
                    412
                ],
                [
                    1489,
                    440
                ],
                [
                    1381,
                    440
                ]
            ],
            "text": "Overflow",
            "label": "I_Descri"
        },
        {
            "index": 145,
            "bbox": [
                [
                    1079,
                    445
                ],
                [
                    1201,
                    445
                ],
                [
                    1201,
                    473
                ],
                [
                    1079,
                    473
                ]
            ],
            "text": "Dimension",
            "label": "B_Descri"
        },
        {
            "index": 146,
            "bbox": [
                [
                    1199,
                    445
                ],
                [
                    1254,
                    445
                ],
                [
                    1254,
                    475
                ],
                [
                    1199,
                    475
                ]
            ],
            "text": "400",
            "label": "I_Descri"
        },
        {
            "index": 147,
            "bbox": [
                [
                    1250,
                    447
                ],
                [
                    1274,
                    447
                ],
                [
                    1274,
                    475
                ],
                [
                    1250,
                    475
                ]
            ],
            "text": "X",
            "label": "I_Descri"
        },
        {
            "index": 148,
            "bbox": [
                [
                    1269,
                    447
                ],
                [
                    1318,
                    447
                ],
                [
                    1318,
                    473
                ],
                [
                    1269,
                    473
                ]
            ],
            "text": "400",
            "label": "I_Descri"
        },
        {
            "index": 149,
            "bbox": [
                [
                    1313,
                    447
                ],
                [
                    1340,
                    447
                ],
                [
                    1340,
                    475
                ],
                [
                    1313,
                    475
                ]
            ],
            "text": "X",
            "label": "I_Descri"
        },
        {
            "index": 150,
            "bbox": [
                [
                    1335,
                    445
                ],
                [
                    1427,
                    445
                ],
                [
                    1427,
                    473
                ],
                [
                    1335,
                    473
                ]
            ],
            "text": "135mm",
            "label": "I_Descri"
        }
    ]
}