{
    "datasheet": [
        {
            "index": 0,
            "bbox": [
                [
                    100,
                    98
                ],
                [
                    294,
                    98
                ],
                [
                    294,
                    137
                ],
                [
                    100,
                    137
                ]
            ],
            "text": "Cordless",
            "label": "B_Descri"
        },
        {
            "index": 1,
            "bbox": [
                [
                    1496,
                    91
                ],
                [
                    1612,
                    91
                ],
                [
                    1612,
                    123
                ],
                [
                    1496,
                    123
                ]
            ],
            "text": "HEAVY",
            "label": "Out"
        },
        {
            "index": 2,
            "bbox": [
                [
                    1509,
                    125
                ],
                [
                    1601,
                    125
                ],
                [
                    1601,
                    157
                ],
                [
                    1509,
                    157
                ]
            ],
            "text": "DUTY",
            "label": "Out"
        },
        {
            "index": 3,
            "bbox": [
                [
                    100,
                    228
                ],
                [
                    178,
                    228
                ],
                [
                    178,
                    262
                ],
                [
                    100,
                    262
                ]
            ],
            "text": "GSB",
            "label": "B_Descri"
        },
        {
            "index": 4,
            "bbox": [
                [
                    182,
                    228
                ],
                [
                    299,
                    228
                ],
                [
                    299,
                    260
                ],
                [
                    182,
                    260
                ]
            ],
            "text": "18V-50",
            "label": "I_Descri"
        },
        {
            "index": 5,
            "bbox": [
                [
                    840,
                    228
                ],
                [
                    918,
                    228
                ],
                [
                    918,
                    260
                ],
                [
                    840,
                    260
                ]
            ],
            "text": "GSB",
            "label": "B_Descri"
        },
        {
            "index": 6,
            "bbox": [
                [
                    925,
                    228
                ],
                [
                    1041,
                    228
                ],
                [
                    1041,
                    260
                ],
                [
                    925,
                    260
                ]
            ],
            "text": "18V-60",
            "label": "I_Descri"
        },
        {
            "index": 7,
            "bbox": [
                [
                    1046,
                    226
                ],
                [
                    1075,
                    226
                ],
                [
                    1075,
                    260
                ],
                [
                    1046,
                    260
                ]
            ],
            "text": "C",
            "label": "I_Descri"
        },
        {
            "index": 8,
            "bbox": [
                [
                    100,
                    267
                ],
                [
                    249,
                    267
                ],
                [
                    249,
                    299
                ],
                [
                    100,
                    299
                ]
            ],
            "text": "Cordless",
            "label": "I_Descri"
        },
        {
            "index": 9,
            "bbox": [
                [
                    253,
                    264
                ],
                [
                    374,
                    264
                ],
                [
                    374,
                    306
                ],
                [
                    253,
                    306
                ]
            ],
            "text": "Impact",
            "label": "I_Descri"
        },
        {
            "index": 10,
            "bbox": [
                [
                    379,
                    264
                ],
                [
                    452,
                    264
                ],
                [
                    452,
                    299
                ],
                [
                    379,
                    299
                ]
            ],
            "text": "Drill",
            "label": "I_Descri"
        },
        {
            "index": 11,
            "bbox": [
                [
                    842,
                    267
                ],
                [
                    991,
                    267
                ],
                [
                    991,
                    299
                ],
                [
                    842,
                    299
                ]
            ],
            "text": "Cordless",
            "label": "I_Descri"
        },
        {
            "index": 12,
            "bbox": [
                [
                    996,
                    264
                ],
                [
                    1117,
                    264
                ],
                [
                    1117,
                    306
                ],
                [
                    996,
                    306
                ]
            ],
            "text": "Impact",
            "label": "I_Descri"
        },
        {
            "index": 13,
            "bbox": [
                [
                    1121,
                    264
                ],
                [
                    1194,
                    264
                ],
                [
                    1194,
                    299
                ],
                [
                    1121,
                    299
                ]
            ],
            "text": "Drill",
            "label": "I_Descri"
        },
        {
            "index": 14,
            "bbox": [
                [
                    96,
                    310
                ],
                [
                    210,
                    310
                ],
                [
                    210,
                    340
                ],
                [
                    96,
                    340
                ]
            ],
            "text": "06019H51LO",
            "label": "B_Ref"
        },
        {
            "index": 15,
            "bbox": [
                [
                    840,
                    310
                ],
                [
                    954,
                    310
                ],
                [
                    954,
                    340
                ],
                [
                    840,
                    340
                ]
            ],
            "text": "06019G2170",
            "label": "B_Ref"
        },
        {
            "index": 16,
            "bbox": [
                [
                    96,
                    333
                ],
                [
                    169,
                    333
                ],
                [
                    169,
                    356
                ],
                [
                    96,
                    356
                ]
            ],
            "text": "Launch:",
            "label": "Out"
        },
        {
            "index": 17,
            "bbox": [
                [
                    164,
                    331
                ],
                [
                    239,
                    331
                ],
                [
                    239,
                    356
                ],
                [
                    164,
                    356
                ]
            ],
            "text": "04/2020",
            "label": "Out"
        },
        {
            "index": 18,
            "bbox": [
                [
                    100,
                    438
                ],
                [
                    180,
                    438
                ],
                [
                    180,
                    470
                ],
                [
                    100,
                    470
                ]
            ],
            "text": "HEAVY",
            "label": "Out"
        },
        {
            "index": 19,
            "bbox": [
                [
                    847,
                    443
                ],
                [
                    922,
                    443
                ],
                [
                    922,
                    468
                ],
                [
                    847,
                    468
                ]
            ],
            "text": "HEAVY",
            "label": "Out"
        },
        {
            "index": 20,
            "bbox": [
                [
                    109,
                    463
                ],
                [
                    171,
                    463
                ],
                [
                    171,
                    488
                ],
                [
                    109,
                    488
                ]
            ],
            "text": "DUTY",
            "label": "Out"
        },
        {
            "index": 21,
            "bbox": [
                [
                    854,
                    461
                ],
                [
                    918,
                    461
                ],
                [
                    918,
                    493
                ],
                [
                    854,
                    493
                ]
            ],
            "text": "DUTY",
            "label": "Out"
        },
        {
            "index": 22,
            "bbox": [
                [
                    112,
                    495
                ],
                [
                    191,
                    495
                ],
                [
                    191,
                    527
                ],
                [
                    112,
                    527
                ]
            ],
            "text": "Battery",
            "label": "B_Prop"
        },
        {
            "index": 23,
            "bbox": [
                [
                    187,
                    500
                ],
                [
                    262,
                    500
                ],
                [
                    262,
                    525
                ],
                [
                    187,
                    525
                ]
            ],
            "text": "voltage",
            "label": "I_Prop"
        },
        {
            "index": 24,
            "bbox": [
                [
                    470,
                    493
                ],
                [
                    532,
                    493
                ],
                [
                    532,
                    525
                ],
                [
                    470,
                    525
                ]
            ],
            "text": "18V",
            "label": "B_Value"
        },
        {
            "index": 25,
            "bbox": [
                [
                    856,
                    497
                ],
                [
                    934,
                    497
                ],
                [
                    934,
                    529
                ],
                [
                    856,
                    529
                ]
            ],
            "text": "Battery",
            "label": "B_Prop"
        },
        {
            "index": 26,
            "bbox": [
                [
                    929,
                    497
                ],
                [
                    1007,
                    497
                ],
                [
                    1007,
                    529
                ],
                [
                    929,
                    529
                ]
            ],
            "text": "voltage",
            "label": "I_Prop"
        },
        {
            "index": 27,
            "bbox": [
                [
                    1215,
                    495
                ],
                [
                    1274,
                    495
                ],
                [
                    1274,
                    527
                ],
                [
                    1215,
                    527
                ]
            ],
            "text": "18V",
            "label": "B_Value"
        },
        {
            "index": 28,
            "bbox": [
                [
                    114,
                    536
                ],
                [
                    185,
                    536
                ],
                [
                    185,
                    561
                ],
                [
                    114,
                    561
                ]
            ],
            "text": "Torque",
            "label": "B_Prop"
        },
        {
            "index": 29,
            "bbox": [
                [
                    182,
                    534
                ],
                [
                    294,
                    534
                ],
                [
                    294,
                    564
                ],
                [
                    182,
                    564
                ]
            ],
            "text": "(soft/hard)",
            "label": "I_Prop"
        },
        {
            "index": 30,
            "bbox": [
                [
                    472,
                    534
                ],
                [
                    509,
                    534
                ],
                [
                    509,
                    561
                ],
                [
                    472,
                    561
                ]
            ],
            "text": "28",
            "label": "B_Value"
        },
        {
            "index": 31,
            "bbox": [
                [
                    504,
                    536
                ],
                [
                    546,
                    536
                ],
                [
                    546,
                    561
                ],
                [
                    504,
                    561
                ]
            ],
            "text": "/50",
            "label": "I_Value"
        },
        {
            "index": 32,
            "bbox": [
                [
                    543,
                    536
                ],
                [
                    584,
                    536
                ],
                [
                    584,
                    561
                ],
                [
                    543,
                    561
                ]
            ],
            "text": "Nm",
            "label": "B_Unit"
        },
        {
            "index": 33,
            "bbox": [
                [
                    856,
                    534
                ],
                [
                    932,
                    534
                ],
                [
                    932,
                    566
                ],
                [
                    856,
                    566
                ]
            ],
            "text": "Torque",
            "label": "B_Prop"
        },
        {
            "index": 34,
            "bbox": [
                [
                    927,
                    536
                ],
                [
                    1039,
                    536
                ],
                [
                    1039,
                    566
                ],
                [
                    927,
                    566
                ]
            ],
            "text": "(soft/hard)",
            "label": "I_Prop"
        },
        {
            "index": 35,
            "bbox": [
                [
                    1219,
                    536
                ],
                [
                    1263,
                    536
                ],
                [
                    1263,
                    564
                ],
                [
                    1219,
                    564
                ]
            ],
            "text": "31/",
            "label": "B_Value"
        },
        {
            "index": 36,
            "bbox": [
                [
                    1260,
                    536
                ],
                [
                    1295,
                    536
                ],
                [
                    1295,
                    564
                ],
                [
                    1260,
                    564
                ]
            ],
            "text": "60",
            "label": "I_Value"
        },
        {
            "index": 37,
            "bbox": [
                [
                    1292,
                    539
                ],
                [
                    1331,
                    539
                ],
                [
                    1331,
                    564
                ],
                [
                    1292,
                    564
                ]
            ],
            "text": "Nm",
            "label": "B_Unit"
        },
        {
            "index": 38,
            "bbox": [
                [
                    114,
                    575
                ],
                [
                    196,
                    575
                ],
                [
                    196,
                    603
                ],
                [
                    114,
                    603
                ]
            ],
            "text": "No-load:",
            "label": "B_Prop"
        },
        {
            "index": 39,
            "bbox": [
                [
                    189,
                    573
                ],
                [
                    258,
                    573
                ],
                [
                    258,
                    605
                ],
                [
                    189,
                    605
                ]
            ],
            "text": "speed",
            "label": "I_Prop"
        },
        {
            "index": 40,
            "bbox": [
                [
                    253,
                    573
                ],
                [
                    292,
                    573
                ],
                [
                    292,
                    600
                ],
                [
                    253,
                    600
                ]
            ],
            "text": "(1st",
            "label": "I_Prop"
        },
        {
            "index": 41,
            "bbox": [
                [
                    290,
                    577
                ],
                [
                    340,
                    577
                ],
                [
                    340,
                    603
                ],
                [
                    290,
                    603
                ]
            ],
            "text": "gear",
            "label": "I_Prop"
        },
        {
            "index": 42,
            "bbox": [
                [
                    338,
                    573
                ],
                [
                    383,
                    573
                ],
                [
                    383,
                    600
                ],
                [
                    338,
                    600
                ]
            ],
            "text": "/2nd",
            "label": "I_Prop"
        },
        {
            "index": 43,
            "bbox": [
                [
                    379,
                    573
                ],
                [
                    438,
                    573
                ],
                [
                    438,
                    605
                ],
                [
                    379,
                    605
                ]
            ],
            "text": "gear)",
            "label": "I_Prop"
        },
        {
            "index": 44,
            "bbox": [
                [
                    475,
                    575
                ],
                [
                    504,
                    575
                ],
                [
                    504,
                    600
                ],
                [
                    475,
                    600
                ]
            ],
            "text": "0-",
            "label": "B_Value"
        },
        {
            "index": 45,
            "bbox": [
                [
                    504,
                    575
                ],
                [
                    557,
                    575
                ],
                [
                    557,
                    600
                ],
                [
                    504,
                    600
                ]
            ],
            "text": "400/",
            "label": "I_Value"
        },
        {
            "index": 46,
            "bbox": [
                [
                    550,
                    573
                ],
                [
                    594,
                    573
                ],
                [
                    594,
                    600
                ],
                [
                    550,
                    600
                ]
            ],
            "text": "/0-",
            "label": "I_Value"
        },
        {
            "index": 47,
            "bbox": [
                [
                    591,
                    575
                ],
                [
                    644,
                    575
                ],
                [
                    644,
                    600
                ],
                [
                    591,
                    600
                ]
            ],
            "text": "1800",
            "label": "I_Value"
        },
        {
            "index": 48,
            "bbox": [
                [
                    641,
                    577
                ],
                [
                    689,
                    577
                ],
                [
                    689,
                    603
                ],
                [
                    641,
                    603
                ]
            ],
            "text": "rpm",
            "label": "B_Unit"
        },
        {
            "index": 49,
            "bbox": [
                [
                    856,
                    575
                ],
                [
                    938,
                    575
                ],
                [
                    938,
                    603
                ],
                [
                    856,
                    603
                ]
            ],
            "text": "No-load",
            "label": "B_Prop"
        },
        {
            "index": 50,
            "bbox": [
                [
                    932,
                    573
                ],
                [
                    1000,
                    573
                ],
                [
                    1000,
                    605
                ],
                [
                    932,
                    605
                ]
            ],
            "text": "speed",
            "label": "I_Prop"
        },
        {
            "index": 51,
            "bbox": [
                [
                    996,
                    575
                ],
                [
                    1034,
                    575
                ],
                [
                    1034,
                    603
                ],
                [
                    996,
                    603
                ]
            ],
            "text": "(1st",
            "label": "I_Prop"
        },
        {
            "index": 52,
            "bbox": [
                [
                    1032,
                    577
                ],
                [
                    1082,
                    577
                ],
                [
                    1082,
                    605
                ],
                [
                    1032,
                    605
                ]
            ],
            "text": "gear",
            "label": "I_Prop"
        },
        {
            "index": 53,
            "bbox": [
                [
                    1078,
                    575
                ],
                [
                    1101,
                    575
                ],
                [
                    1101,
                    605
                ],
                [
                    1078,
                    605
                ]
            ],
            "text": "/",
            "label": "I_Prop"
        },
        {
            "index": 54,
            "bbox": [
                [
                    1091,
                    575
                ],
                [
                    1128,
                    575
                ],
                [
                    1128,
                    603
                ],
                [
                    1091,
                    603
                ]
            ],
            "text": "2nd",
            "label": "I_Prop"
        },
        {
            "index": 55,
            "bbox": [
                [
                    1123,
                    573
                ],
                [
                    1183,
                    573
                ],
                [
                    1183,
                    607
                ],
                [
                    1123,
                    607
                ]
            ],
            "text": "gear)",
            "label": "I_Prop"
        },
        {
            "index": 56,
            "bbox": [
                [
                    1217,
                    575
                ],
                [
                    1254,
                    575
                ],
                [
                    1254,
                    603
                ],
                [
                    1217,
                    603
                ]
            ],
            "text": "0-",
            "label": "B_Value"
        },
        {
            "index": 57,
            "bbox": [
                [
                    1249,
                    575
                ],
                [
                    1295,
                    575
                ],
                [
                    1295,
                    603
                ],
                [
                    1249,
                    603
                ]
            ],
            "text": "600,",
            "label": "I_Value"
        },
        {
            "index": 58,
            "bbox": [
                [
                    1283,
                    573
                ],
                [
                    1283,
                    607
                ],
                [
                    1334,
                    607
                ],
                [
                    1334,
                    573
                ]
            ],
            "text": "/0-",
            "label": "I_Value"
        },
        {
            "index": 59,
            "bbox": [
                [
                    1334,
                    575
                ],
                [
                    1388,
                    575
                ],
                [
                    1388,
                    600
                ],
                [
                    1334,
                    600
                ]
            ],
            "text": "1900",
            "label": "I_Value"
        },
        {
            "index": 60,
            "bbox": [
                [
                    1386,
                    580
                ],
                [
                    1432,
                    580
                ],
                [
                    1432,
                    605
                ],
                [
                    1386,
                    605
                ]
            ],
            "text": "rpm",
            "label": "B_Unit"
        },
        {
            "index": 61,
            "bbox": [
                [
                    112,
                    612
                ],
                [
                    160,
                    612
                ],
                [
                    160,
                    637
                ],
                [
                    112,
                    637
                ]
            ],
            "text": "Max.",
            "label": "B_Prop"
        },
        {
            "index": 62,
            "bbox": [
                [
                    155,
                    609
                ],
                [
                    228,
                    609
                ],
                [
                    228,
                    641
                ],
                [
                    155,
                    641
                ]
            ],
            "text": "drilling",
            "label": "I_Prop"
        },
        {
            "index": 63,
            "bbox": [
                [
                    217,
                    607
                ],
                [
                    269,
                    607
                ],
                [
                    269,
                    641
                ],
                [
                    217,
                    641
                ]
            ],
            "text": "Bin",
            "label": "I_Prop"
        },
        {
            "index": 64,
            "bbox": [
                [
                    262,
                    609
                ],
                [
                    445,
                    609
                ],
                [
                    445,
                    639
                ],
                [
                    262,
                    639
                ]
            ],
            "text": "wood/masonry/steel",
            "label": "I_Prop"
        },
        {
            "index": 65,
            "bbox": [
                [
                    472,
                    609
                ],
                [
                    573,
                    609
                ],
                [
                    573,
                    641
                ],
                [
                    472,
                    641
                ]
            ],
            "text": "35/13/13",
            "label": "B_Value"
        },
        {
            "index": 66,
            "bbox": [
                [
                    568,
                    616
                ],
                [
                    614,
                    616
                ],
                [
                    614,
                    639
                ],
                [
                    568,
                    639
                ]
            ],
            "text": "mm",
            "label": "B_Unit"
        },
        {
            "index": 67,
            "bbox": [
                [
                    854,
                    614
                ],
                [
                    904,
                    614
                ],
                [
                    904,
                    639
                ],
                [
                    854,
                    639
                ]
            ],
            "text": "Max.",
            "label": "B_Prop"
        },
        {
            "index": 68,
            "bbox": [
                [
                    900,
                    612
                ],
                [
                    970,
                    612
                ],
                [
                    970,
                    644
                ],
                [
                    900,
                    644
                ]
            ],
            "text": "drilling",
            "label": "I_Prop"
        },
        {
            "index": 69,
            "bbox": [
                [
                    964,
                    614
                ],
                [
                    991,
                    614
                ],
                [
                    991,
                    639
                ],
                [
                    964,
                    639
                ]
            ],
            "text": "8",
            "label": "I_Prop"
        },
        {
            "index": 70,
            "bbox": [
                [
                    984,
                    612
                ],
                [
                    1012,
                    612
                ],
                [
                    1012,
                    639
                ],
                [
                    984,
                    639
                ]
            ],
            "text": "in",
            "label": "I_Prop"
        },
        {
            "index": 71,
            "bbox": [
                [
                    1005,
                    612
                ],
                [
                    1187,
                    612
                ],
                [
                    1187,
                    641
                ],
                [
                    1005,
                    641
                ]
            ],
            "text": "wood/masonry/steel",
            "label": "I_Prop"
        },
        {
            "index": 72,
            "bbox": [
                [
                    1217,
                    612
                ],
                [
                    1315,
                    612
                ],
                [
                    1315,
                    644
                ],
                [
                    1217,
                    644
                ]
            ],
            "text": "38/13/13",
            "label": "B_Value"
        },
        {
            "index": 73,
            "bbox": [
                [
                    1311,
                    616
                ],
                [
                    1356,
                    616
                ],
                [
                    1356,
                    639
                ],
                [
                    1311,
                    639
                ]
            ],
            "text": "mm",
            "label": "B_Unit"
        },
        {
            "index": 74,
            "bbox": [
                [
                    114,
                    653
                ],
                [
                    180,
                    653
                ],
                [
                    180,
                    678
                ],
                [
                    114,
                    678
                ]
            ],
            "text": "Scope",
            "label": "B_Prop"
        },
        {
            "index": 75,
            "bbox": [
                [
                    176,
                    650
                ],
                [
                    205,
                    650
                ],
                [
                    205,
                    678
                ],
                [
                    176,
                    678
                ]
            ],
            "text": "of",
            "label": "I_Prop"
        },
        {
            "index": 76,
            "bbox": [
                [
                    201,
                    650
                ],
                [
                    276,
                    650
                ],
                [
                    276,
                    682
                ],
                [
                    201,
                    682
                ]
            ],
            "text": "Supply",
            "label": "I_Prop"
        },
        {
            "index": 77,
            "bbox": [
                [
                    495,
                    655
                ],
                [
                    555,
                    655
                ],
                [
                    555,
                    680
                ],
                [
                    495,
                    680
                ]
            ],
            "text": "2.0AhL",
            "label": "B_Value"
        },
        {
            "index": 78,
            "bbox": [
                [
                    548,
                    655
                ],
                [
                    591,
                    655
                ],
                [
                    591,
                    680
                ],
                [
                    548,
                    680
                ]
            ],
            "text": "Li-ion",
            "label": "I_Value"
        },
        {
            "index": 79,
            "bbox": [
                [
                    587,
                    655
                ],
                [
                    644,
                    655
                ],
                [
                    644,
                    680
                ],
                [
                    587,
                    680
                ]
            ],
            "text": "battery,",
            "label": "I_Value"
        },
        {
            "index": 80,
            "bbox": [
                [
                    644,
                    655
                ],
                [
                    703,
                    655
                ],
                [
                    703,
                    680
                ],
                [
                    644,
                    680
                ]
            ],
            "text": "charger,",
            "label": "I_Value"
        },
        {
            "index": 81,
            "bbox": [
                [
                    703,
                    655
                ],
                [
                    763,
                    655
                ],
                [
                    763,
                    680
                ],
                [
                    703,
                    680
                ]
            ],
            "text": "carrying",
            "label": "I_Value"
        },
        {
            "index": 82,
            "bbox": [
                [
                    758,
                    655
                ],
                [
                    797,
                    655
                ],
                [
                    797,
                    680
                ],
                [
                    758,
                    680
                ]
            ],
            "text": "case",
            "label": "I_Value"
        },
        {
            "index": 83,
            "bbox": [
                [
                    854,
                    650
                ],
                [
                    925,
                    650
                ],
                [
                    925,
                    682
                ],
                [
                    854,
                    682
                ]
            ],
            "text": "Scope",
            "label": "B_Prop"
        },
        {
            "index": 84,
            "bbox": [
                [
                    918,
                    650
                ],
                [
                    950,
                    650
                ],
                [
                    950,
                    680
                ],
                [
                    918,
                    680
                ]
            ],
            "text": "of",
            "label": "I_Prop"
        },
        {
            "index": 85,
            "bbox": [
                [
                    943,
                    650
                ],
                [
                    1021,
                    650
                ],
                [
                    1021,
                    685
                ],
                [
                    943,
                    685
                ]
            ],
            "text": "Supply",
            "label": "I_Prop"
        },
        {
            "index": 86,
            "bbox": [
                [
                    1215,
                    657
                ],
                [
                    1247,
                    657
                ],
                [
                    1247,
                    680
                ],
                [
                    1215,
                    680
                ]
            ],
            "text": "2x",
            "label": "B_Value"
        },
        {
            "index": 87,
            "bbox": [
                [
                    1242,
                    655
                ],
                [
                    1274,
                    655
                ],
                [
                    1274,
                    680
                ],
                [
                    1242,
                    680
                ]
            ],
            "text": "5.0",
            "label": "I_Value"
        },
        {
            "index": 88,
            "bbox": [
                [
                    1265,
                    655
                ],
                [
                    1295,
                    655
                ],
                [
                    1295,
                    680
                ],
                [
                    1265,
                    680
                ]
            ],
            "text": "Ahl",
            "label": "I_Value"
        },
        {
            "index": 89,
            "bbox": [
                [
                    1286,
                    655
                ],
                [
                    1336,
                    655
                ],
                [
                    1336,
                    680
                ],
                [
                    1286,
                    680
                ]
            ],
            "text": "Li-ion",
            "label": "I_Value"
        },
        {
            "index": 90,
            "bbox": [
                [
                    1331,
                    657
                ],
                [
                    1391,
                    657
                ],
                [
                    1391,
                    680
                ],
                [
                    1331,
                    680
                ]
            ],
            "text": "battery,",
            "label": "I_Value"
        },
        {
            "index": 91,
            "bbox": [
                [
                    1386,
                    657
                ],
                [
                    1448,
                    657
                ],
                [
                    1448,
                    682
                ],
                [
                    1386,
                    682
                ]
            ],
            "text": "charger,",
            "label": "I_Value"
        },
        {
            "index": 92,
            "bbox": [
                [
                    1441,
                    655
                ],
                [
                    1544,
                    655
                ],
                [
                    1544,
                    685
                ],
                [
                    1441,
                    685
                ]
            ],
            "text": "carrying.case",
            "label": "I_Value"
        },
        {
            "index": 93,
            "bbox": [
                [
                    100,
                    744
                ],
                [
                    178,
                    744
                ],
                [
                    178,
                    776
                ],
                [
                    100,
                    776
                ]
            ],
            "text": "GSB",
            "label": "B_Descri"
        },
        {
            "index": 94,
            "bbox": [
                [
                    182,
                    744
                ],
                [
                    299,
                    744
                ],
                [
                    299,
                    776
                ],
                [
                    182,
                    776
                ]
            ],
            "text": "18V-85",
            "label": "I_Descri"
        },
        {
            "index": 95,
            "bbox": [
                [
                    303,
                    742
                ],
                [
                    333,
                    742
                ],
                [
                    333,
                    776
                ],
                [
                    303,
                    776
                ]
            ],
            "text": "C",
            "label": "I_Descri"
        },
        {
            "index": 96,
            "bbox": [
                [
                    100,
                    783
                ],
                [
                    249,
                    783
                ],
                [
                    249,
                    815
                ],
                [
                    100,
                    815
                ]
            ],
            "text": "Cordless",
            "label": "I_Descri"
        },
        {
            "index": 97,
            "bbox": [
                [
                    253,
                    781
                ],
                [
                    374,
                    781
                ],
                [
                    374,
                    822
                ],
                [
                    253,
                    822
                ]
            ],
            "text": "Impact",
            "label": "I_Descri"
        },
        {
            "index": 98,
            "bbox": [
                [
                    379,
                    781
                ],
                [
                    452,
                    781
                ],
                [
                    452,
                    815
                ],
                [
                    379,
                    815
                ]
            ],
            "text": "Drill",
            "label": "I_Descri"
        },
        {
            "index": 99,
            "bbox": [
                [
                    96,
                    826
                ],
                [
                    212,
                    826
                ],
                [
                    212,
                    856
                ],
                [
                    96,
                    856
                ]
            ],
            "text": "06019G81LO",
            "label": "B_Ref"
        },
        {
            "index": 100,
            "bbox": [
                [
                    100,
                    943
                ],
                [
                    180,
                    943
                ],
                [
                    180,
                    975
                ],
                [
                    100,
                    975
                ]
            ],
            "text": "HEAVY",
            "label": "Out"
        },
        {
            "index": 101,
            "bbox": [
                [
                    107,
                    968
                ],
                [
                    171,
                    968
                ],
                [
                    171,
                    993
                ],
                [
                    107,
                    993
                ]
            ],
            "text": "DUTY",
            "label": "Out"
        },
        {
            "index": 102,
            "bbox": [
                [
                    114,
                    1009
                ],
                [
                    189,
                    1009
                ],
                [
                    189,
                    1034
                ],
                [
                    114,
                    1034
                ]
            ],
            "text": "Battery",
            "label": "B_Prop"
        },
        {
            "index": 103,
            "bbox": [
                [
                    185,
                    1007
                ],
                [
                    265,
                    1007
                ],
                [
                    265,
                    1039
                ],
                [
                    185,
                    1039
                ]
            ],
            "text": "voltage",
            "label": "I_Prop"
        },
        {
            "index": 104,
            "bbox": [
                [
                    472,
                    1005
                ],
                [
                    530,
                    1005
                ],
                [
                    530,
                    1037
                ],
                [
                    472,
                    1037
                ]
            ],
            "text": "18V",
            "label": "B_Value"
        },
        {
            "index": 105,
            "bbox": [
                [
                    112,
                    1043
                ],
                [
                    187,
                    1043
                ],
                [
                    187,
                    1075
                ],
                [
                    112,
                    1075
                ]
            ],
            "text": "Torque",
            "label": "B_Prop"
        },
        {
            "index": 106,
            "bbox": [
                [
                    182,
                    1043
                ],
                [
                    342,
                    1043
                ],
                [
                    342,
                    1073
                ],
                [
                    182,
                    1073
                ]
            ],
            "text": "(soft/hard/max)",
            "label": "I_Prop"
        },
        {
            "index": 107,
            "bbox": [
                [
                    472,
                    1043
                ],
                [
                    584,
                    1043
                ],
                [
                    584,
                    1073
                ],
                [
                    472,
                    1073
                ]
            ],
            "text": "47/85/128",
            "label": "B_Value"
        },
        {
            "index": 108,
            "bbox": [
                [
                    580,
                    1046
                ],
                [
                    621,
                    1046
                ],
                [
                    621,
                    1071
                ],
                [
                    580,
                    1071
                ]
            ],
            "text": "Nm",
            "label": "B_Unit"
        },
        {
            "index": 109,
            "bbox": [
                [
                    114,
                    1084
                ],
                [
                    191,
                    1084
                ],
                [
                    191,
                    1110
                ],
                [
                    114,
                    1110
                ]
            ],
            "text": "No-load",
            "label": "B_Prop"
        },
        {
            "index": 110,
            "bbox": [
                [
                    191,
                    1084
                ],
                [
                    255,
                    1084
                ],
                [
                    255,
                    1110
                ],
                [
                    191,
                    1110
                ]
            ],
            "text": "speed",
            "label": "I_Prop"
        },
        {
            "index": 111,
            "bbox": [
                [
                    253,
                    1084
                ],
                [
                    294,
                    1084
                ],
                [
                    294,
                    1112
                ],
                [
                    253,
                    1112
                ]
            ],
            "text": "(1st",
            "label": "I_Prop"
        },
        {
            "index": 112,
            "bbox": [
                [
                    290,
                    1087
                ],
                [
                    338,
                    1087
                ],
                [
                    338,
                    1112
                ],
                [
                    290,
                    1112
                ]
            ],
            "text": "gear",
            "label": "I_Prop"
        },
        {
            "index": 113,
            "bbox": [
                [
                    333,
                    1084
                ],
                [
                    383,
                    1084
                ],
                [
                    383,
                    1110
                ],
                [
                    333,
                    1110
                ]
            ],
            "text": "/2nd",
            "label": "I_Prop"
        },
        {
            "index": 114,
            "bbox": [
                [
                    379,
                    1082
                ],
                [
                    438,
                    1082
                ],
                [
                    438,
                    1114
                ],
                [
                    379,
                    1114
                ]
            ],
            "text": "gear)",
            "label": "I_Prop"
        },
        {
            "index": 115,
            "bbox": [
                [
                    472,
                    1082
                ],
                [
                    502,
                    1082
                ],
                [
                    502,
                    1110
                ],
                [
                    472,
                    1110
                ]
            ],
            "text": "0-",
            "label": "B_Value"
        },
        {
            "index": 116,
            "bbox": [
                [
                    507,
                    1084
                ],
                [
                    582,
                    1084
                ],
                [
                    582,
                    1110
                ],
                [
                    507,
                    1110
                ]
            ],
            "text": "480/0",
            "label": "I_Value"
        },
        {
            "index": 117,
            "bbox": [
                [
                    589,
                    1084
                ],
                [
                    644,
                    1084
                ],
                [
                    644,
                    1110
                ],
                [
                    589,
                    1110
                ]
            ],
            "text": "2100",
            "label": "I_Value"
        },
        {
            "index": 118,
            "bbox": [
                [
                    641,
                    1087
                ],
                [
                    689,
                    1087
                ],
                [
                    689,
                    1112
                ],
                [
                    641,
                    1112
                ]
            ],
            "text": "rpm",
            "label": "B_Unit"
        },
        {
            "index": 119,
            "bbox": [
                [
                    112,
                    1123
                ],
                [
                    162,
                    1123
                ],
                [
                    162,
                    1148
                ],
                [
                    112,
                    1148
                ]
            ],
            "text": "Max.",
            "label": "B_Prop"
        },
        {
            "index": 120,
            "bbox": [
                [
                    157,
                    1123
                ],
                [
                    226,
                    1123
                ],
                [
                    226,
                    1148
                ],
                [
                    157,
                    1148
                ]
            ],
            "text": "drilling",
            "label": "I_Prop"
        },
        {
            "index": 121,
            "bbox": [
                [
                    219,
                    1121
                ],
                [
                    269,
                    1121
                ],
                [
                    269,
                    1148
                ],
                [
                    219,
                    1148
                ]
            ],
            "text": "Bin",
            "label": "I_Prop"
        },
        {
            "index": 122,
            "bbox": [
                [
                    260,
                    1121
                ],
                [
                    447,
                    1121
                ],
                [
                    447,
                    1151
                ],
                [
                    260,
                    1151
                ]
            ],
            "text": "wood/masonry/steel",
            "label": "I_Prop"
        },
        {
            "index": 123,
            "bbox": [
                [
                    475,
                    1119
                ],
                [
                    573,
                    1119
                ],
                [
                    573,
                    1151
                ],
                [
                    475,
                    1151
                ]
            ],
            "text": "82/16/13",
            "label": "B_Value"
        },
        {
            "index": 124,
            "bbox": [
                [
                    568,
                    1123
                ],
                [
                    612,
                    1123
                ],
                [
                    612,
                    1148
                ],
                [
                    568,
                    1148
                ]
            ],
            "text": "mm",
            "label": "B_Unit"
        },
        {
            "index": 125,
            "bbox": [
                [
                    112,
                    1160
                ],
                [
                    182,
                    1160
                ],
                [
                    182,
                    1192
                ],
                [
                    112,
                    1192
                ]
            ],
            "text": "Scope",
            "label": "B_Prop"
        },
        {
            "index": 126,
            "bbox": [
                [
                    176,
                    1160
                ],
                [
                    205,
                    1160
                ],
                [
                    205,
                    1190
                ],
                [
                    176,
                    1190
                ]
            ],
            "text": "of",
            "label": "I_Prop"
        },
        {
            "index": 127,
            "bbox": [
                [
                    201,
                    1160
                ],
                [
                    276,
                    1160
                ],
                [
                    276,
                    1192
                ],
                [
                    201,
                    1192
                ]
            ],
            "text": "Supply",
            "label": "I_Prop"
        },
        {
            "index": 128,
            "bbox": [
                [
                    477,
                    1160
                ],
                [
                    591,
                    1160
                ],
                [
                    591,
                    1183
                ],
                [
                    477,
                    1183
                ]
            ],
            "text": "2x5.0AhLi-ion",
            "label": "B_Value"
        },
        {
            "index": 129,
            "bbox": [
                [
                    584,
                    1160
                ],
                [
                    646,
                    1160
                ],
                [
                    646,
                    1185
                ],
                [
                    584,
                    1185
                ]
            ],
            "text": "battery,",
            "label": "I_Value"
        },
        {
            "index": 130,
            "bbox": [
                [
                    641,
                    1160
                ],
                [
                    705,
                    1160
                ],
                [
                    705,
                    1185
                ],
                [
                    641,
                    1185
                ]
            ],
            "text": "charger,",
            "label": "I_Value"
        },
        {
            "index": 131,
            "bbox": [
                [
                    699,
                    1162
                ],
                [
                    797,
                    1162
                ],
                [
                    797,
                    1185
                ],
                [
                    699,
                    1185
                ]
            ],
            "text": "carrying.case",
            "label": "I_Value"
        },
        {
            "index": 132,
            "bbox": [
                [
                    1007,
                    1260
                ],
                [
                    1160,
                    1260
                ],
                [
                    1160,
                    1292
                ],
                [
                    1007,
                    1292
                ]
            ],
            "text": "Batteries",
            "label": "Out"
        },
        {
            "index": 133,
            "bbox": [
                [
                    1165,
                    1258
                ],
                [
                    1231,
                    1258
                ],
                [
                    1231,
                    1292
                ],
                [
                    1165,
                    1292
                ]
            ],
            "text": "and",
            "label": "Out"
        },
        {
            "index": 134,
            "bbox": [
                [
                    1238,
                    1258
                ],
                [
                    1391,
                    1258
                ],
                [
                    1391,
                    1299
                ],
                [
                    1238,
                    1299
                ]
            ],
            "text": "Chargers",
            "label": "Out"
        },
        {
            "index": 135,
            "bbox": [
                [
                    1071,
                    2222
                ],
                [
                    1149,
                    2222
                ],
                [
                    1149,
                    2245
                ],
                [
                    1071,
                    2245
                ]
            ],
            "text": "StarterKit",
            "label": "Out"
        },
        {
            "index": 136,
            "bbox": [
                [
                    1139,
                    2220
                ],
                [
                    1176,
                    2220
                ],
                [
                    1176,
                    2245
                ],
                [
                    1139,
                    2245
                ]
            ],
            "text": "18V",
            "label": "Out"
        },
        {
            "index": 137,
            "bbox": [
                [
                    1167,
                    2217
                ],
                [
                    1324,
                    2217
                ],
                [
                    1324,
                    2247
                ],
                [
                    1167,
                    2247
                ]
            ],
            "text": "5.0Ah116000A088K",
            "label": "Out"
        },
        {
            "index": 138,
            "bbox": [
                [
                    107,
                    2247
                ],
                [
                    132,
                    2247
                ],
                [
                    132,
                    2277
                ],
                [
                    107,
                    2277
                ]
            ],
            "text": "6",
            "label": "Out"
        },
        {
            "index": 139,
            "bbox": [
                [
                    146,
                    2245
                ],
                [
                    221,
                    2245
                ],
                [
                    221,
                    2277
                ],
                [
                    146,
                    2277
                ]
            ],
            "text": "Bosch",
            "label": "Out"
        },
        {
            "index": 140,
            "bbox": [
                [
                    217,
                    2247
                ],
                [
                    351,
                    2247
                ],
                [
                    351,
                    2277
                ],
                [
                    217,
                    2277
                ]
            ],
            "text": "Professional",
            "label": "Out"
        },
        {
            "index": 141,
            "bbox": [
                [
                    351,
                    2252
                ],
                [
                    418,
                    2252
                ],
                [
                    418,
                    2277
                ],
                [
                    351,
                    2277
                ]
            ],
            "text": "Heavy",
            "label": "Out"
        },
        {
            "index": 142,
            "bbox": [
                [
                    413,
                    2247
                ],
                [
                    475,
                    2247
                ],
                [
                    475,
                    2281
                ],
                [
                    413,
                    2281
                ]
            ],
            "text": "Duty",
            "label": "Out"
        }
    ]
}