{
    "datasheet": [
        {
            "index": 0,
            "bbox": [
                [
                    100,
                    100
                ],
                [
                    262,
                    100
                ],
                [
                    262,
                    143
                ],
                [
                    100,
                    143
                ]
            ],
            "text": "Cutting",
            "label": "B_Descri"
        },
        {
            "index": 1,
            "bbox": [
                [
                    274,
                    100
                ],
                [
                    354,
                    100
                ],
                [
                    354,
                    137
                ],
                [
                    274,
                    137
                ]
            ],
            "text": "and",
            "label": "I_Descri"
        },
        {
            "index": 2,
            "bbox": [
                [
                    367,
                    98
                ],
                [
                    562,
                    98
                ],
                [
                    562,
                    148
                ],
                [
                    367,
                    148
                ]
            ],
            "text": "Grinding",
            "label": "I_Descri"
        },
        {
            "index": 3,
            "bbox": [
                [
                    1498,
                    91
                ],
                [
                    1617,
                    91
                ],
                [
                    1617,
                    123
                ],
                [
                    1498,
                    123
                ]
            ],
            "text": "HEAVY",
            "label": "Out"
        },
        {
            "index": 4,
            "bbox": [
                [
                    1512,
                    125
                ],
                [
                    1603,
                    125
                ],
                [
                    1603,
                    159
                ],
                [
                    1512,
                    159
                ]
            ],
            "text": "DUTY",
            "label": "Out"
        },
        {
            "index": 5,
            "bbox": [
                [
                    98,
                    242
                ],
                [
                    185,
                    242
                ],
                [
                    185,
                    274
                ],
                [
                    98,
                    274
                ]
            ],
            "text": "GWS",
            "label": "B_Descri"
        },
        {
            "index": 6,
            "bbox": [
                [
                    189,
                    242
                ],
                [
                    324,
                    242
                ],
                [
                    324,
                    274
                ],
                [
                    189,
                    274
                ]
            ],
            "text": "750-115",
            "label": "I_Descri"
        },
        {
            "index": 7,
            "bbox": [
                [
                    96,
                    276
                ],
                [
                    198,
                    276
                ],
                [
                    198,
                    319
                ],
                [
                    96,
                    319
                ]
            ],
            "text": "Angle",
            "label": "I_Descri"
        },
        {
            "index": 8,
            "bbox": [
                [
                    203,
                    278
                ],
                [
                    333,
                    278
                ],
                [
                    333,
                    310
                ],
                [
                    203,
                    310
                ]
            ],
            "text": "Grinder",
            "label": "I_Descri"
        },
        {
            "index": 9,
            "bbox": [
                [
                    93,
                    328
                ],
                [
                    207,
                    328
                ],
                [
                    207,
                    358
                ],
                [
                    93,
                    358
                ]
            ],
            "text": "0601394070",
            "label": "B_Ref"
        },
        {
            "index": 10,
            "bbox": [
                [
                    221,
                    424
                ],
                [
                    303,
                    424
                ],
                [
                    303,
                    452
                ],
                [
                    221,
                    452
                ]
            ],
            "text": "+Extra!",
            "label": "Out"
        },
        {
            "index": 11,
            "bbox": [
                [
                    100,
                    493
                ],
                [
                    176,
                    493
                ],
                [
                    176,
                    518
                ],
                [
                    100,
                    518
                ]
            ],
            "text": "HEAVY",
            "label": "Out"
        },
        {
            "index": 12,
            "bbox": [
                [
                    107,
                    516
                ],
                [
                    169,
                    516
                ],
                [
                    169,
                    541
                ],
                [
                    107,
                    541
                ]
            ],
            "text": "DUTY",
            "label": "Out"
        },
        {
            "index": 13,
            "bbox": [
                [
                    114,
                    552
                ],
                [
                    176,
                    552
                ],
                [
                    176,
                    575
                ],
                [
                    114,
                    575
                ]
            ],
            "text": "Rated",
            "label": "B_Prop"
        },
        {
            "index": 14,
            "bbox": [
                [
                    173,
                    552
                ],
                [
                    230,
                    552
                ],
                [
                    230,
                    577
                ],
                [
                    173,
                    577
                ]
            ],
            "text": "input",
            "label": "I_Prop"
        },
        {
            "index": 15,
            "bbox": [
                [
                    228,
                    552
                ],
                [
                    294,
                    552
                ],
                [
                    294,
                    577
                ],
                [
                    228,
                    577
                ]
            ],
            "text": "power",
            "label": "I_Prop"
        },
        {
            "index": 16,
            "bbox": [
                [
                    475,
                    550
                ],
                [
                    518,
                    550
                ],
                [
                    518,
                    575
                ],
                [
                    475,
                    575
                ]
            ],
            "text": "750",
            "label": "B_Value"
        },
        {
            "index": 17,
            "bbox": [
                [
                    514,
                    550
                ],
                [
                    543,
                    550
                ],
                [
                    543,
                    577
                ],
                [
                    514,
                    577
                ]
            ],
            "text": "W",
            "label": "B_Unit"
        },
        {
            "index": 18,
            "bbox": [
                [
                    114,
                    589
                ],
                [
                    162,
                    589
                ],
                [
                    162,
                    614
                ],
                [
                    114,
                    614
                ]
            ],
            "text": "Disc",
            "label": "B_Prop"
        },
        {
            "index": 19,
            "bbox": [
                [
                    157,
                    587
                ],
                [
                    251,
                    587
                ],
                [
                    251,
                    616
                ],
                [
                    157,
                    616
                ]
            ],
            "text": "diameter",
            "label": "I_Prop"
        },
        {
            "index": 20,
            "bbox": [
                [
                    475,
                    589
                ],
                [
                    520,
                    589
                ],
                [
                    520,
                    614
                ],
                [
                    475,
                    614
                ]
            ],
            "text": "115",
            "label": "B_Value"
        },
        {
            "index": 21,
            "bbox": [
                [
                    517,
                    589
                ],
                [
                    517,
                    614
                ],
                [
                    563,
                    614
                ],
                [
                    563,
                    589
                ]
            ],
            "text": "mm",
            "label": "B_Unit"
        },
        {
            "index": 22,
            "bbox": [
                [
                    112,
                    628
                ],
                [
                    194,
                    628
                ],
                [
                    194,
                    655
                ],
                [
                    112,
                    655
                ]
            ],
            "text": "No-load",
            "label": "B_Prop"
        },
        {
            "index": 23,
            "bbox": [
                [
                    187,
                    625
                ],
                [
                    258,
                    625
                ],
                [
                    258,
                    657
                ],
                [
                    187,
                    657
                ]
            ],
            "text": "speed",
            "label": "I_Prop"
        },
        {
            "index": 24,
            "bbox": [
                [
                    477,
                    628
                ],
                [
                    541,
                    628
                ],
                [
                    541,
                    653
                ],
                [
                    477,
                    653
                ]
            ],
            "text": "11000",
            "label": "B_Value"
        },
        {
            "index": 25,
            "bbox": [
                [
                    539,
                    630
                ],
                [
                    587,
                    630
                ],
                [
                    587,
                    655
                ],
                [
                    539,
                    655
                ]
            ],
            "text": "rpm",
            "label": "B_Unit"
        },
        {
            "index": 26,
            "bbox": [
                [
                    112,
                    664
                ],
                [
                    205,
                    664
                ],
                [
                    205,
                    696
                ],
                [
                    112,
                    696
                ]
            ],
            "text": "Grinding",
            "label": "B_Prop"
        },
        {
            "index": 27,
            "bbox": [
                [
                    201,
                    666
                ],
                [
                    276,
                    666
                ],
                [
                    276,
                    692
                ],
                [
                    201,
                    692
                ]
            ],
            "text": "spindle",
            "label": "I_Prop"
        },
        {
            "index": 28,
            "bbox": [
                [
                    274,
                    666
                ],
                [
                    342,
                    666
                ],
                [
                    342,
                    692
                ],
                [
                    274,
                    692
                ]
            ],
            "text": "thread",
            "label": "I_Prop"
        },
        {
            "index": 29,
            "bbox": [
                [
                    472,
                    664
                ],
                [
                    502,
                    664
                ],
                [
                    502,
                    694
                ],
                [
                    472,
                    694
                ]
            ],
            "text": "M",
            "label": "B_Value"
        },
        {
            "index": 30,
            "bbox": [
                [
                    498,
                    666
                ],
                [
                    530,
                    666
                ],
                [
                    530,
                    692
                ],
                [
                    498,
                    692
                ]
            ],
            "text": "14",
            "label": "I_Value"
        },
        {
            "index": 31,
            "bbox": [
                [
                    100,
                    756
                ],
                [
                    187,
                    756
                ],
                [
                    187,
                    790
                ],
                [
                    100,
                    790
                ]
            ],
            "text": "GWS",
            "label": "B_Descri"
        },
        {
            "index": 32,
            "bbox": [
                [
                    191,
                    756
                ],
                [
                    287,
                    756
                ],
                [
                    287,
                    790
                ],
                [
                    191,
                    790
                ]
            ],
            "text": "9-115",
            "label": "I_Descri"
        },
        {
            "index": 33,
            "bbox": [
                [
                    840,
                    756
                ],
                [
                    929,
                    756
                ],
                [
                    929,
                    788
                ],
                [
                    840,
                    788
                ]
            ],
            "text": "GWS",
            "label": "B_Descri"
        },
        {
            "index": 34,
            "bbox": [
                [
                    932,
                    756
                ],
                [
                    1030,
                    756
                ],
                [
                    1030,
                    788
                ],
                [
                    932,
                    788
                ]
            ],
            "text": "9-115",
            "label": "I_Descri"
        },
        {
            "index": 35,
            "bbox": [
                [
                    1032,
                    756
                ],
                [
                    1062,
                    756
                ],
                [
                    1062,
                    790
                ],
                [
                    1032,
                    790
                ]
            ],
            "text": "S",
            "label": "I_Descri"
        },
        {
            "index": 36,
            "bbox": [
                [
                    98,
                    794
                ],
                [
                    198,
                    794
                ],
                [
                    198,
                    836
                ],
                [
                    98,
                    836
                ]
            ],
            "text": "Angle",
            "label": "I_Descri"
        },
        {
            "index": 37,
            "bbox": [
                [
                    203,
                    794
                ],
                [
                    335,
                    794
                ],
                [
                    335,
                    829
                ],
                [
                    203,
                    829
                ]
            ],
            "text": "Grinder",
            "label": "I_Descri"
        },
        {
            "index": 38,
            "bbox": [
                [
                    840,
                    792
                ],
                [
                    941,
                    792
                ],
                [
                    941,
                    833
                ],
                [
                    840,
                    833
                ]
            ],
            "text": "Angle",
            "label": "I_Descri"
        },
        {
            "index": 39,
            "bbox": [
                [
                    945,
                    794
                ],
                [
                    1078,
                    794
                ],
                [
                    1078,
                    826
                ],
                [
                    945,
                    826
                ]
            ],
            "text": "Grinder",
            "label": "I_Descri"
        },
        {
            "index": 40,
            "bbox": [
                [
                    98,
                    842
                ],
                [
                    205,
                    842
                ],
                [
                    205,
                    865
                ],
                [
                    98,
                    865
                ]
            ],
            "text": "06013960P1",
            "label": "B_Ref"
        },
        {
            "index": 41,
            "bbox": [
                [
                    840,
                    840
                ],
                [
                    948,
                    840
                ],
                [
                    948,
                    863
                ],
                [
                    840,
                    863
                ]
            ],
            "text": "0601396171",
            "label": "B_Ref"
        },
        {
            "index": 42,
            "bbox": [
                [
                    100,
                    1005
                ],
                [
                    176,
                    1005
                ],
                [
                    176,
                    1030
                ],
                [
                    100,
                    1030
                ]
            ],
            "text": "HEAVY",
            "label": "Out"
        },
        {
            "index": 43,
            "bbox": [
                [
                    842,
                    1002
                ],
                [
                    925,
                    1002
                ],
                [
                    925,
                    1034
                ],
                [
                    842,
                    1034
                ]
            ],
            "text": "HEAVY",
            "label": "Out"
        },
        {
            "index": 44,
            "bbox": [
                [
                    107,
                    1027
                ],
                [
                    169,
                    1027
                ],
                [
                    169,
                    1053
                ],
                [
                    107,
                    1053
                ]
            ],
            "text": "DUTY",
            "label": "Out"
        },
        {
            "index": 45,
            "bbox": [
                [
                    112,
                    1064
                ],
                [
                    173,
                    1064
                ],
                [
                    173,
                    1087
                ],
                [
                    112,
                    1087
                ]
            ],
            "text": "Rated",
            "label": "B_Prop"
        },
        {
            "index": 46,
            "bbox": [
                [
                    169,
                    1062
                ],
                [
                    230,
                    1062
                ],
                [
                    230,
                    1094
                ],
                [
                    169,
                    1094
                ]
            ],
            "text": "input",
            "label": "I_Prop"
        },
        {
            "index": 47,
            "bbox": [
                [
                    223,
                    1062
                ],
                [
                    294,
                    1062
                ],
                [
                    294,
                    1094
                ],
                [
                    223,
                    1094
                ]
            ],
            "text": "power",
            "label": "I_Prop"
        },
        {
            "index": 48,
            "bbox": [
                [
                    475,
                    1062
                ],
                [
                    518,
                    1062
                ],
                [
                    518,
                    1087
                ],
                [
                    475,
                    1087
                ]
            ],
            "text": "900",
            "label": "B_Value"
        },
        {
            "index": 49,
            "bbox": [
                [
                    514,
                    1062
                ],
                [
                    543,
                    1062
                ],
                [
                    543,
                    1089
                ],
                [
                    514,
                    1089
                ]
            ],
            "text": "W",
            "label": "B_Unit"
        },
        {
            "index": 50,
            "bbox": [
                [
                    856,
                    1059
                ],
                [
                    918,
                    1059
                ],
                [
                    918,
                    1084
                ],
                [
                    856,
                    1084
                ]
            ],
            "text": "Rated",
            "label": "B_Prop"
        },
        {
            "index": 51,
            "bbox": [
                [
                    913,
                    1059
                ],
                [
                    975,
                    1059
                ],
                [
                    975,
                    1091
                ],
                [
                    913,
                    1091
                ]
            ],
            "text": "input",
            "label": "I_Prop"
        },
        {
            "index": 52,
            "bbox": [
                [
                    970,
                    1064
                ],
                [
                    1037,
                    1064
                ],
                [
                    1037,
                    1089
                ],
                [
                    970,
                    1089
                ]
            ],
            "text": "power",
            "label": "I_Prop"
        },
        {
            "index": 53,
            "bbox": [
                [
                    1217,
                    1059
                ],
                [
                    1263,
                    1059
                ],
                [
                    1263,
                    1084
                ],
                [
                    1217,
                    1084
                ]
            ],
            "text": "900",
            "label": "B_Value"
        },
        {
            "index": 54,
            "bbox": [
                [
                    1258,
                    1059
                ],
                [
                    1288,
                    1059
                ],
                [
                    1288,
                    1087
                ],
                [
                    1258,
                    1087
                ]
            ],
            "text": "W",
            "label": "B_Unit"
        },
        {
            "index": 55,
            "bbox": [
                [
                    112,
                    1100
                ],
                [
                    162,
                    1100
                ],
                [
                    162,
                    1126
                ],
                [
                    112,
                    1126
                ]
            ],
            "text": "Disc",
            "label": "B_Prop"
        },
        {
            "index": 56,
            "bbox": [
                [
                    155,
                    1098
                ],
                [
                    251,
                    1098
                ],
                [
                    251,
                    1128
                ],
                [
                    155,
                    1128
                ]
            ],
            "text": "diameter",
            "label": "I_Prop"
        },
        {
            "index": 57,
            "bbox": [
                [
                    475,
                    1100
                ],
                [
                    518,
                    1100
                ],
                [
                    518,
                    1126
                ],
                [
                    475,
                    1126
                ]
            ],
            "text": "115",
            "label": "B_Value"
        },
        {
            "index": 58,
            "bbox": [
                [
                    514,
                    1103
                ],
                [
                    559,
                    1103
                ],
                [
                    559,
                    1126
                ],
                [
                    514,
                    1126
                ]
            ],
            "text": "mm",
            "label": "B_Unit"
        },
        {
            "index": 59,
            "bbox": [
                [
                    854,
                    1100
                ],
                [
                    904,
                    1100
                ],
                [
                    904,
                    1123
                ],
                [
                    854,
                    1123
                ]
            ],
            "text": "Disc",
            "label": "B_Prop"
        },
        {
            "index": 60,
            "bbox": [
                [
                    900,
                    1098
                ],
                [
                    996,
                    1098
                ],
                [
                    996,
                    1128
                ],
                [
                    900,
                    1128
                ]
            ],
            "text": "diameter",
            "label": "I_Prop"
        },
        {
            "index": 61,
            "bbox": [
                [
                    1217,
                    1098
                ],
                [
                    1217,
                    1123
                ],
                [
                    1263,
                    1123
                ],
                [
                    1263,
                    1098
                ]
            ],
            "text": "115",
            "label": "B_Value"
        },
        {
            "index": 62,
            "bbox": [
                [
                    1258,
                    1100
                ],
                [
                    1304,
                    1100
                ],
                [
                    1304,
                    1126
                ],
                [
                    1258,
                    1126
                ]
            ],
            "text": "mm",
            "label": "B_Unit"
        },
        {
            "index": 63,
            "bbox": [
                [
                    112,
                    1139
                ],
                [
                    194,
                    1139
                ],
                [
                    194,
                    1167
                ],
                [
                    112,
                    1167
                ]
            ],
            "text": "No-load",
            "label": "B_Prop"
        },
        {
            "index": 64,
            "bbox": [
                [
                    187,
                    1137
                ],
                [
                    255,
                    1137
                ],
                [
                    255,
                    1169
                ],
                [
                    187,
                    1169
                ]
            ],
            "text": "speed",
            "label": "I_Prop"
        },
        {
            "index": 65,
            "bbox": [
                [
                    475,
                    1139
                ],
                [
                    475,
                    1164
                ],
                [
                    541,
                    1164
                ],
                [
                    541,
                    1139
                ]
            ],
            "text": "11000",
            "label": "B_Value"
        },
        {
            "index": 66,
            "bbox": [
                [
                    536,
                    1142
                ],
                [
                    584,
                    1142
                ],
                [
                    584,
                    1167
                ],
                [
                    536,
                    1167
                ]
            ],
            "text": "rpm",
            "label": "B_Unit"
        },
        {
            "index": 67,
            "bbox": [
                [
                    854,
                    1135
                ],
                [
                    936,
                    1135
                ],
                [
                    936,
                    1167
                ],
                [
                    854,
                    1167
                ]
            ],
            "text": "No-load",
            "label": "B_Prop"
        },
        {
            "index": 68,
            "bbox": [
                [
                    934,
                    1139
                ],
                [
                    998,
                    1139
                ],
                [
                    998,
                    1164
                ],
                [
                    934,
                    1164
                ]
            ],
            "text": "speed",
            "label": "I_Prop"
        },
        {
            "index": 69,
            "bbox": [
                [
                    1217,
                    1139
                ],
                [
                    1274,
                    1139
                ],
                [
                    1274,
                    1164
                ],
                [
                    1217,
                    1164
                ]
            ],
            "text": "2800",
            "label": "B_Value"
        },
        {
            "index": 70,
            "bbox": [
                [
                    1286,
                    1139
                ],
                [
                    1286,
                    1162
                ],
                [
                    1350,
                    1162
                ],
                [
                    1350,
                    1139
                ]
            ],
            "text": "11000",
            "label": "I_Value"
        },
        {
            "index": 71,
            "bbox": [
                [
                    1345,
                    1142
                ],
                [
                    1393,
                    1142
                ],
                [
                    1393,
                    1167
                ],
                [
                    1345,
                    1167
                ]
            ],
            "text": "rpm",
            "label": "B_Unit"
        },
        {
            "index": 72,
            "bbox": [
                [
                    109,
                    1176
                ],
                [
                    203,
                    1176
                ],
                [
                    203,
                    1208
                ],
                [
                    109,
                    1208
                ]
            ],
            "text": "Grinding",
            "label": "B_Prop"
        },
        {
            "index": 73,
            "bbox": [
                [
                    196,
                    1176
                ],
                [
                    276,
                    1176
                ],
                [
                    276,
                    1208
                ],
                [
                    196,
                    1208
                ]
            ],
            "text": "spindle",
            "label": "I_Prop"
        },
        {
            "index": 74,
            "bbox": [
                [
                    271,
                    1178
                ],
                [
                    340,
                    1178
                ],
                [
                    340,
                    1203
                ],
                [
                    271,
                    1203
                ]
            ],
            "text": "thread",
            "label": "I_Prop"
        },
        {
            "index": 75,
            "bbox": [
                [
                    472,
                    1176
                ],
                [
                    502,
                    1176
                ],
                [
                    502,
                    1206
                ],
                [
                    472,
                    1206
                ]
            ],
            "text": "M",
            "label": "B_Value"
        },
        {
            "index": 76,
            "bbox": [
                [
                    495,
                    1178
                ],
                [
                    530,
                    1178
                ],
                [
                    530,
                    1203
                ],
                [
                    495,
                    1203
                ]
            ],
            "text": "14",
            "label": "I_Value"
        },
        {
            "index": 77,
            "bbox": [
                [
                    854,
                    1176
                ],
                [
                    948,
                    1176
                ],
                [
                    948,
                    1206
                ],
                [
                    854,
                    1206
                ]
            ],
            "text": "Grinding",
            "label": "B_Prop"
        },
        {
            "index": 78,
            "bbox": [
                [
                    941,
                    1174
                ],
                [
                    1021,
                    1174
                ],
                [
                    1021,
                    1206
                ],
                [
                    941,
                    1206
                ]
            ],
            "text": "spindle",
            "label": "I_Prop"
        },
        {
            "index": 79,
            "bbox": [
                [
                    1016,
                    1176
                ],
                [
                    1085,
                    1176
                ],
                [
                    1085,
                    1201
                ],
                [
                    1016,
                    1201
                ]
            ],
            "text": "thread",
            "label": "I_Prop"
        },
        {
            "index": 80,
            "bbox": [
                [
                    1217,
                    1176
                ],
                [
                    1245,
                    1176
                ],
                [
                    1245,
                    1203
                ],
                [
                    1217,
                    1203
                ]
            ],
            "text": "M",
            "label": "B_Value"
        },
        {
            "index": 81,
            "bbox": [
                [
                    1242,
                    1176
                ],
                [
                    1272,
                    1176
                ],
                [
                    1272,
                    1201
                ],
                [
                    1242,
                    1201
                ]
            ],
            "text": "14",
            "label": "I_Value"
        },
        {
            "index": 82,
            "bbox": [
                [
                    98,
                    1265
                ],
                [
                    182,
                    1265
                ],
                [
                    182,
                    1297
                ],
                [
                    98,
                    1297
                ]
            ],
            "text": "GWS",
            "label": "B_Descri"
        },
        {
            "index": 83,
            "bbox": [
                [
                    189,
                    1265
                ],
                [
                    303,
                    1265
                ],
                [
                    303,
                    1297
                ],
                [
                    189,
                    1297
                ]
            ],
            "text": "19-125",
            "label": "I_Descri"
        },
        {
            "index": 84,
            "bbox": [
                [
                    308,
                    1263
                ],
                [
                    372,
                    1263
                ],
                [
                    372,
                    1297
                ],
                [
                    308,
                    1297
                ]
            ],
            "text": "CIE",
            "label": "I_Descri"
        },
        {
            "index": 85,
            "bbox": [
                [
                    93,
                    1301
                ],
                [
                    196,
                    1301
                ],
                [
                    196,
                    1343
                ],
                [
                    93,
                    1343
                ]
            ],
            "text": "Angle",
            "label": "I_Descri"
        },
        {
            "index": 86,
            "bbox": [
                [
                    201,
                    1304
                ],
                [
                    331,
                    1304
                ],
                [
                    331,
                    1336
                ],
                [
                    201,
                    1336
                ]
            ],
            "text": "Grinder",
            "label": "I_Descri"
        },
        {
            "index": 87,
            "bbox": [
                [
                    91,
                    1347
                ],
                [
                    205,
                    1347
                ],
                [
                    205,
                    1377
                ],
                [
                    91,
                    1377
                ]
            ],
            "text": "060179P002",
            "label": "B_Ref"
        },
        {
            "index": 88,
            "bbox": [
                [
                    96,
                    1509
                ],
                [
                    178,
                    1509
                ],
                [
                    178,
                    1541
                ],
                [
                    96,
                    1541
                ]
            ],
            "text": "HEAVY",
            "label": "Out"
        },
        {
            "index": 89,
            "bbox": [
                [
                    107,
                    1534
                ],
                [
                    169,
                    1534
                ],
                [
                    169,
                    1560
                ],
                [
                    107,
                    1560
                ]
            ],
            "text": "DUTY",
            "label": "Out"
        },
        {
            "index": 90,
            "bbox": [
                [
                    112,
                    1571
                ],
                [
                    173,
                    1571
                ],
                [
                    173,
                    1594
                ],
                [
                    112,
                    1594
                ]
            ],
            "text": "Rated",
            "label": "B_Prop"
        },
        {
            "index": 91,
            "bbox": [
                [
                    171,
                    1571
                ],
                [
                    228,
                    1571
                ],
                [
                    228,
                    1596
                ],
                [
                    171,
                    1596
                ]
            ],
            "text": "input",
            "label": "I_Prop"
        },
        {
            "index": 92,
            "bbox": [
                [
                    226,
                    1571
                ],
                [
                    292,
                    1571
                ],
                [
                    292,
                    1596
                ],
                [
                    226,
                    1596
                ]
            ],
            "text": "power",
            "label": "I_Prop"
        },
        {
            "index": 93,
            "bbox": [
                [
                    475,
                    1569
                ],
                [
                    527,
                    1569
                ],
                [
                    527,
                    1594
                ],
                [
                    475,
                    1594
                ]
            ],
            "text": "1900",
            "label": "B_Value"
        },
        {
            "index": 94,
            "bbox": [
                [
                    525,
                    1569
                ],
                [
                    555,
                    1569
                ],
                [
                    555,
                    1596
                ],
                [
                    525,
                    1596
                ]
            ],
            "text": "W",
            "label": "B_Unit"
        },
        {
            "index": 95,
            "bbox": [
                [
                    112,
                    1608
                ],
                [
                    160,
                    1608
                ],
                [
                    160,
                    1633
                ],
                [
                    112,
                    1633
                ]
            ],
            "text": "Disc",
            "label": "B_Prop"
        },
        {
            "index": 96,
            "bbox": [
                [
                    155,
                    1605
                ],
                [
                    251,
                    1605
                ],
                [
                    251,
                    1635
                ],
                [
                    155,
                    1635
                ]
            ],
            "text": "diameter",
            "label": "I_Prop"
        },
        {
            "index": 97,
            "bbox": [
                [
                    475,
                    1608
                ],
                [
                    518,
                    1608
                ],
                [
                    518,
                    1633
                ],
                [
                    475,
                    1633
                ]
            ],
            "text": "125",
            "label": "B_Value"
        },
        {
            "index": 98,
            "bbox": [
                [
                    514,
                    1610
                ],
                [
                    559,
                    1610
                ],
                [
                    559,
                    1633
                ],
                [
                    514,
                    1633
                ]
            ],
            "text": "mm",
            "label": "B_Unit"
        },
        {
            "index": 99,
            "bbox": [
                [
                    112,
                    1646
                ],
                [
                    194,
                    1646
                ],
                [
                    194,
                    1674
                ],
                [
                    112,
                    1674
                ]
            ],
            "text": "No-load",
            "label": "B_Prop"
        },
        {
            "index": 100,
            "bbox": [
                [
                    185,
                    1644
                ],
                [
                    255,
                    1644
                ],
                [
                    255,
                    1676
                ],
                [
                    185,
                    1676
                ]
            ],
            "text": "speed",
            "label": "I_Prop"
        },
        {
            "index": 101,
            "bbox": [
                [
                    472,
                    1646
                ],
                [
                    527,
                    1646
                ],
                [
                    527,
                    1672
                ],
                [
                    472,
                    1672
                ]
            ],
            "text": "2800",
            "label": "B_Value"
        },
        {
            "index": 102,
            "bbox": [
                [
                    539,
                    1646
                ],
                [
                    605,
                    1646
                ],
                [
                    605,
                    1672
                ],
                [
                    539,
                    1672
                ]
            ],
            "text": "11500",
            "label": "I_Value"
        },
        {
            "index": 103,
            "bbox": [
                [
                    603,
                    1649
                ],
                [
                    648,
                    1649
                ],
                [
                    648,
                    1674
                ],
                [
                    603,
                    1674
                ]
            ],
            "text": "rpm",
            "label": "B_Unit"
        },
        {
            "index": 104,
            "bbox": [
                [
                    109,
                    1685
                ],
                [
                    203,
                    1685
                ],
                [
                    203,
                    1715
                ],
                [
                    109,
                    1715
                ]
            ],
            "text": "Grinding:",
            "label": "B_Prop"
        },
        {
            "index": 105,
            "bbox": [
                [
                    194,
                    1683
                ],
                [
                    276,
                    1683
                ],
                [
                    276,
                    1715
                ],
                [
                    194,
                    1715
                ]
            ],
            "text": "spindle",
            "label": "I_Prop"
        },
        {
            "index": 106,
            "bbox": [
                [
                    271,
                    1685
                ],
                [
                    340,
                    1685
                ],
                [
                    340,
                    1710
                ],
                [
                    271,
                    1710
                ]
            ],
            "text": "thread",
            "label": "I_Prop"
        },
        {
            "index": 107,
            "bbox": [
                [
                    470,
                    1683
                ],
                [
                    500,
                    1683
                ],
                [
                    500,
                    1710
                ],
                [
                    470,
                    1710
                ]
            ],
            "text": "M",
            "label": "B_Value"
        },
        {
            "index": 108,
            "bbox": [
                [
                    495,
                    1685
                ],
                [
                    530,
                    1685
                ],
                [
                    530,
                    1710
                ],
                [
                    495,
                    1710
                ]
            ],
            "text": "14",
            "label": "I_Value"
        },
        {
            "index": 109,
            "bbox": [
                [
                    98,
                    1783
                ],
                [
                    185,
                    1783
                ],
                [
                    185,
                    1815
                ],
                [
                    98,
                    1815
                ]
            ],
            "text": "GWS",
            "label": "B_Descri"
        },
        {
            "index": 110,
            "bbox": [
                [
                    189,
                    1783
                ],
                [
                    306,
                    1783
                ],
                [
                    306,
                    1815
                ],
                [
                    189,
                    1815
                ]
            ],
            "text": "24-230",
            "label": "I_Descri"
        },
        {
            "index": 111,
            "bbox": [
                [
                    310,
                    1781
                ],
                [
                    340,
                    1781
                ],
                [
                    340,
                    1815
                ],
                [
                    310,
                    1815
                ]
            ],
            "text": "H",
            "label": "I_Descri"
        },
        {
            "index": 112,
            "bbox": [
                [
                    842,
                    1777
                ],
                [
                    927,
                    1777
                ],
                [
                    927,
                    1809
                ],
                [
                    842,
                    1809
                ]
            ],
            "text": "GWS",
            "label": "B_Descri"
        },
        {
            "index": 113,
            "bbox": [
                [
                    934,
                    1777
                ],
                [
                    1048,
                    1777
                ],
                [
                    1048,
                    1809
                ],
                [
                    934,
                    1809
                ]
            ],
            "text": "26-230",
            "label": "I_Descri"
        },
        {
            "index": 114,
            "bbox": [
                [
                    1053,
                    1774
                ],
                [
                    1082,
                    1774
                ],
                [
                    1082,
                    1809
                ],
                [
                    1053,
                    1809
                ]
            ],
            "text": "B",
            "label": "I_Descri"
        },
        {
            "index": 115,
            "bbox": [
                [
                    96,
                    1820
                ],
                [
                    198,
                    1820
                ],
                [
                    198,
                    1861
                ],
                [
                    96,
                    1861
                ]
            ],
            "text": "Angle",
            "label": "I_Descri"
        },
        {
            "index": 116,
            "bbox": [
                [
                    203,
                    1820
                ],
                [
                    333,
                    1820
                ],
                [
                    333,
                    1854
                ],
                [
                    203,
                    1854
                ]
            ],
            "text": "Grinder",
            "label": "I_Descri"
        },
        {
            "index": 117,
            "bbox": [
                [
                    840,
                    1813
                ],
                [
                    941,
                    1813
                ],
                [
                    941,
                    1854
                ],
                [
                    840,
                    1854
                ]
            ],
            "text": "Angle",
            "label": "I_Descri"
        },
        {
            "index": 118,
            "bbox": [
                [
                    945,
                    1815
                ],
                [
                    1078,
                    1815
                ],
                [
                    1078,
                    1847
                ],
                [
                    945,
                    1847
                ]
            ],
            "text": "Grinder",
            "label": "I_Descri"
        },
        {
            "index": 119,
            "bbox": [
                [
                    96,
                    1868
                ],
                [
                    205,
                    1868
                ],
                [
                    205,
                    1891
                ],
                [
                    96,
                    1891
                ]
            ],
            "text": "06018841P3",
            "label": "B_Ref"
        },
        {
            "index": 120,
            "bbox": [
                [
                    840,
                    1868
                ],
                [
                    948,
                    1868
                ],
                [
                    948,
                    1891
                ],
                [
                    840,
                    1891
                ]
            ],
            "text": "0601856303",
            "label": "B_Ref"
        },
        {
            "index": 121,
            "bbox": [
                [
                    96,
                    2030
                ],
                [
                    180,
                    2030
                ],
                [
                    180,
                    2062
                ],
                [
                    96,
                    2062
                ]
            ],
            "text": "HEAVY",
            "label": "Out"
        },
        {
            "index": 122,
            "bbox": [
                [
                    845,
                    2030
                ],
                [
                    925,
                    2030
                ],
                [
                    925,
                    2062
                ],
                [
                    845,
                    2062
                ]
            ],
            "text": "HEAVY",
            "label": "Out"
        },
        {
            "index": 123,
            "bbox": [
                [
                    107,
                    2055
                ],
                [
                    169,
                    2055
                ],
                [
                    169,
                    2080
                ],
                [
                    107,
                    2080
                ]
            ],
            "text": "DUTY",
            "label": "Out"
        },
        {
            "index": 124,
            "bbox": [
                [
                    854,
                    2055
                ],
                [
                    916,
                    2055
                ],
                [
                    916,
                    2080
                ],
                [
                    854,
                    2080
                ]
            ],
            "text": "DUTY",
            "label": "Out"
        },
        {
            "index": 125,
            "bbox": [
                [
                    112,
                    2090
                ],
                [
                    173,
                    2090
                ],
                [
                    173,
                    2112
                ],
                [
                    112,
                    2112
                ]
            ],
            "text": "Rated",
            "label": "B_Prop"
        },
        {
            "index": 126,
            "bbox": [
                [
                    171,
                    2090
                ],
                [
                    228,
                    2090
                ],
                [
                    228,
                    2115
                ],
                [
                    171,
                    2115
                ]
            ],
            "text": "input",
            "label": "I_Prop"
        },
        {
            "index": 127,
            "bbox": [
                [
                    226,
                    2092
                ],
                [
                    292,
                    2092
                ],
                [
                    292,
                    2117
                ],
                [
                    226,
                    2117
                ]
            ],
            "text": "power",
            "label": "I_Prop"
        },
        {
            "index": 128,
            "bbox": [
                [
                    472,
                    2087
                ],
                [
                    530,
                    2087
                ],
                [
                    530,
                    2112
                ],
                [
                    472,
                    2112
                ]
            ],
            "text": "2400",
            "label": "B_Value"
        },
        {
            "index": 129,
            "bbox": [
                [
                    525,
                    2085
                ],
                [
                    555,
                    2085
                ],
                [
                    555,
                    2115
                ],
                [
                    525,
                    2115
                ]
            ],
            "text": "W",
            "label": "B_Unit"
        },
        {
            "index": 130,
            "bbox": [
                [
                    854,
                    2090
                ],
                [
                    916,
                    2090
                ],
                [
                    916,
                    2115
                ],
                [
                    854,
                    2115
                ]
            ],
            "text": "Rated",
            "label": "B_Prop"
        },
        {
            "index": 131,
            "bbox": [
                [
                    916,
                    2090
                ],
                [
                    970,
                    2090
                ],
                [
                    970,
                    2115
                ],
                [
                    916,
                    2115
                ]
            ],
            "text": "input",
            "label": "I_Prop"
        },
        {
            "index": 132,
            "bbox": [
                [
                    968,
                    2092
                ],
                [
                    1034,
                    2092
                ],
                [
                    1034,
                    2117
                ],
                [
                    968,
                    2117
                ]
            ],
            "text": "power",
            "label": "I_Prop"
        },
        {
            "index": 133,
            "bbox": [
                [
                    1210,
                    2085
                ],
                [
                    1274,
                    2085
                ],
                [
                    1274,
                    2117
                ],
                [
                    1210,
                    2117
                ]
            ],
            "text": "2600",
            "label": "B_Value"
        },
        {
            "index": 134,
            "bbox": [
                [
                    1267,
                    2085
                ],
                [
                    1297,
                    2085
                ],
                [
                    1297,
                    2115
                ],
                [
                    1267,
                    2115
                ]
            ],
            "text": "W",
            "label": "B_Unit"
        },
        {
            "index": 135,
            "bbox": [
                [
                    112,
                    2126
                ],
                [
                    160,
                    2126
                ],
                [
                    160,
                    2151
                ],
                [
                    112,
                    2151
                ]
            ],
            "text": "Disc",
            "label": "B_Prop"
        },
        {
            "index": 136,
            "bbox": [
                [
                    155,
                    2124
                ],
                [
                    251,
                    2124
                ],
                [
                    251,
                    2153
                ],
                [
                    155,
                    2153
                ]
            ],
            "text": "diameter",
            "label": "I_Prop"
        },
        {
            "index": 137,
            "bbox": [
                [
                    475,
                    2126
                ],
                [
                    516,
                    2126
                ],
                [
                    516,
                    2151
                ],
                [
                    475,
                    2151
                ]
            ],
            "text": "230",
            "label": "B_Value"
        },
        {
            "index": 138,
            "bbox": [
                [
                    514,
                    2128
                ],
                [
                    559,
                    2128
                ],
                [
                    559,
                    2151
                ],
                [
                    514,
                    2151
                ]
            ],
            "text": "mm",
            "label": "B_Unit"
        },
        {
            "index": 139,
            "bbox": [
                [
                    854,
                    2126
                ],
                [
                    902,
                    2126
                ],
                [
                    902,
                    2151
                ],
                [
                    854,
                    2151
                ]
            ],
            "text": "Disc",
            "label": "B_Prop"
        },
        {
            "index": 140,
            "bbox": [
                [
                    897,
                    2124
                ],
                [
                    993,
                    2124
                ],
                [
                    993,
                    2153
                ],
                [
                    897,
                    2153
                ]
            ],
            "text": "diameter",
            "label": "I_Prop"
        },
        {
            "index": 141,
            "bbox": [
                [
                    1215,
                    2126
                ],
                [
                    1260,
                    2126
                ],
                [
                    1260,
                    2151
                ],
                [
                    1215,
                    2151
                ]
            ],
            "text": "230",
            "label": "B_Value"
        },
        {
            "index": 142,
            "bbox": [
                [
                    1256,
                    2128
                ],
                [
                    1302,
                    2128
                ],
                [
                    1302,
                    2151
                ],
                [
                    1256,
                    2151
                ]
            ],
            "text": "mm",
            "label": "B_Unit"
        },
        {
            "index": 143,
            "bbox": [
                [
                    112,
                    2165
                ],
                [
                    194,
                    2165
                ],
                [
                    194,
                    2192
                ],
                [
                    112,
                    2192
                ]
            ],
            "text": "No-load:",
            "label": "B_Prop"
        },
        {
            "index": 144,
            "bbox": [
                [
                    187,
                    2163
                ],
                [
                    255,
                    2163
                ],
                [
                    255,
                    2195
                ],
                [
                    187,
                    2195
                ]
            ],
            "text": "speed",
            "label": "I_Prop"
        },
        {
            "index": 145,
            "bbox": [
                [
                    472,
                    2165
                ],
                [
                    527,
                    2165
                ],
                [
                    527,
                    2190
                ],
                [
                    472,
                    2190
                ]
            ],
            "text": "6500",
            "label": "B_Value"
        },
        {
            "index": 146,
            "bbox": [
                [
                    525,
                    2167
                ],
                [
                    573,
                    2167
                ],
                [
                    573,
                    2195
                ],
                [
                    525,
                    2195
                ]
            ],
            "text": "rpm",
            "label": "B_Unit"
        },
        {
            "index": 147,
            "bbox": [
                [
                    854,
                    2165
                ],
                [
                    936,
                    2165
                ],
                [
                    936,
                    2192
                ],
                [
                    854,
                    2192
                ]
            ],
            "text": "No-load:",
            "label": "B_Prop"
        },
        {
            "index": 148,
            "bbox": [
                [
                    929,
                    2163
                ],
                [
                    998,
                    2163
                ],
                [
                    998,
                    2195
                ],
                [
                    929,
                    2195
                ]
            ],
            "text": "speed",
            "label": "I_Prop"
        },
        {
            "index": 149,
            "bbox": [
                [
                    1217,
                    2165
                ],
                [
                    1272,
                    2165
                ],
                [
                    1272,
                    2190
                ],
                [
                    1217,
                    2190
                ]
            ],
            "text": "6500",
            "label": "B_Value"
        },
        {
            "index": 150,
            "bbox": [
                [
                    1270,
                    2167
                ],
                [
                    1315,
                    2167
                ],
                [
                    1315,
                    2192
                ],
                [
                    1270,
                    2192
                ]
            ],
            "text": "rpm",
            "label": "B_Unit"
        },
        {
            "index": 151,
            "bbox": [
                [
                    109,
                    2204
                ],
                [
                    201,
                    2204
                ],
                [
                    201,
                    2233
                ],
                [
                    109,
                    2233
                ]
            ],
            "text": "Grinding",
            "label": "B_Prop"
        },
        {
            "index": 152,
            "bbox": [
                [
                    196,
                    2201
                ],
                [
                    276,
                    2201
                ],
                [
                    276,
                    2233
                ],
                [
                    196,
                    2233
                ]
            ],
            "text": "spindle",
            "label": "I_Prop"
        },
        {
            "index": 153,
            "bbox": [
                [
                    271,
                    2204
                ],
                [
                    340,
                    2204
                ],
                [
                    340,
                    2229
                ],
                [
                    271,
                    2229
                ]
            ],
            "text": "thread",
            "label": "I_Prop"
        },
        {
            "index": 154,
            "bbox": [
                [
                    468,
                    2201
                ],
                [
                    530,
                    2201
                ],
                [
                    530,
                    2233
                ],
                [
                    468,
                    2233
                ]
            ],
            "text": "M14",
            "label": "B_Value"
        },
        {
            "index": 155,
            "bbox": [
                [
                    852,
                    2204
                ],
                [
                    945,
                    2204
                ],
                [
                    945,
                    2233
                ],
                [
                    852,
                    2233
                ]
            ],
            "text": "Grinding",
            "label": "B_Prop"
        },
        {
            "index": 156,
            "bbox": [
                [
                    938,
                    2201
                ],
                [
                    1018,
                    2201
                ],
                [
                    1018,
                    2233
                ],
                [
                    938,
                    2233
                ]
            ],
            "text": "spindle",
            "label": "I_Prop"
        },
        {
            "index": 157,
            "bbox": [
                [
                    1012,
                    2201
                ],
                [
                    1087,
                    2201
                ],
                [
                    1087,
                    2233
                ],
                [
                    1012,
                    2233
                ]
            ],
            "text": "thread",
            "label": "I_Prop"
        },
        {
            "index": 158,
            "bbox": [
                [
                    1213,
                    2201
                ],
                [
                    1272,
                    2201
                ],
                [
                    1272,
                    2233
                ],
                [
                    1213,
                    2233
                ]
            ],
            "text": "M14",
            "label": "B_Value"
        },
        {
            "index": 159,
            "bbox": [
                [
                    107,
                    2247
                ],
                [
                    132,
                    2247
                ],
                [
                    132,
                    2279
                ],
                [
                    107,
                    2279
                ]
            ],
            "text": "8",
            "label": "Out"
        },
        {
            "index": 160,
            "bbox": [
                [
                    146,
                    2245
                ],
                [
                    221,
                    2245
                ],
                [
                    221,
                    2277
                ],
                [
                    146,
                    2277
                ]
            ],
            "text": "Bosch",
            "label": "Out"
        },
        {
            "index": 161,
            "bbox": [
                [
                    217,
                    2247
                ],
                [
                    351,
                    2247
                ],
                [
                    351,
                    2277
                ],
                [
                    217,
                    2277
                ]
            ],
            "text": "Professional",
            "label": "Out"
        },
        {
            "index": 162,
            "bbox": [
                [
                    351,
                    2252
                ],
                [
                    418,
                    2252
                ],
                [
                    418,
                    2277
                ],
                [
                    351,
                    2277
                ]
            ],
            "text": "Heavy",
            "label": "Out"
        },
        {
            "index": 163,
            "bbox": [
                [
                    413,
                    2247
                ],
                [
                    472,
                    2247
                ],
                [
                    472,
                    2281
                ],
                [
                    413,
                    2281
                ]
            ],
            "text": "Duty",
            "label": "Out"
        }
    ]
}