{
    "datasheet": [
        {
            "index": 0,
            "bbox": [
                [
                    183,
                    129
                ],
                [
                    183,
                    228
                ],
                [
                    597,
                    228
                ],
                [
                    597,
                    129
                ]
            ],
            "text": "pumpa",
            "label": "Out",
            "links": []
        },
        {
            "index": 1,
            "bbox": [
                [
                    1053,
                    153
                ],
                [
                    1053,
                    180
                ],
                [
                    1181,
                    180
                ],
                [
                    1181,
                    153
                ]
            ],
            "text": "PUMPA",
            "label": "B_Descri",
            "links": []
        },
        {
            "index": 2,
            "bbox": [
                [
                    1185,
                    153
                ],
                [
                    1185,
                    180
                ],
                [
                    1266,
                    180
                ],
                [
                    1266,
                    153
                ]
            ],
            "text": "BLUE",
            "label": "I_Descri",
            "links": []
        },
        {
            "index": 3,
            "bbox": [
                [
                    1269,
                    153
                ],
                [
                    1269,
                    180
                ],
                [
                    1347,
                    180
                ],
                [
                    1347,
                    153
                ]
            ],
            "text": "LINE",
            "label": "I_Descri",
            "links": []
        },
        {
            "index": 4,
            "bbox": [
                [
                    1350,
                    153
                ],
                [
                    1350,
                    180
                ],
                [
                    1518,
                    180
                ],
                [
                    1518,
                    153
                ]
            ],
            "text": "PSDR400P",
            "label": "I_Descri",
            "links": []
        },
        {
            "index": 5,
            "bbox": [
                [
                    1056,
                    190
                ],
                [
                    1056,
                    221
                ],
                [
                    1180,
                    221
                ],
                [
                    1180,
                    190
                ]
            ],
            "text": "PUMPA",
            "label": "B_Descri",
            "links": []
        },
        {
            "index": 6,
            "bbox": [
                [
                    1184,
                    190
                ],
                [
                    1184,
                    221
                ],
                [
                    1269,
                    221
                ],
                [
                    1269,
                    190
                ]
            ],
            "text": "BLUE",
            "label": "I_Descri",
            "links": []
        },
        {
            "index": 7,
            "bbox": [
                [
                    1273,
                    190
                ],
                [
                    1273,
                    221
                ],
                [
                    1347,
                    221
                ],
                [
                    1347,
                    190
                ]
            ],
            "text": "LINE",
            "label": "I_Descri",
            "links": []
        },
        {
            "index": 8,
            "bbox": [
                [
                    1351,
                    190
                ],
                [
                    1351,
                    221
                ],
                [
                    1519,
                    221
                ],
                [
                    1519,
                    190
                ]
            ],
            "text": "PSDR750P",
            "label": "I_Descri",
            "links": []
        },
        {
            "index": 9,
            "bbox": [
                [
                    183,
                    299
                ],
                [
                    183,
                    371
                ],
                [
                    378,
                    371
                ],
                [
                    378,
                    299
                ]
            ],
            "text": "blue",
            "label": "Out",
            "links": []
        },
        {
            "index": 10,
            "bbox": [
                [
                    387,
                    299
                ],
                [
                    387,
                    371
                ],
                [
                    553,
                    371
                ],
                [
                    553,
                    299
                ]
            ],
            "text": "line",
            "label": "Out",
            "links": []
        },
        {
            "index": 11,
            "bbox": [
                [
                    132,
                    486
                ],
                [
                    132,
                    558
                ],
                [
                    456,
                    558
                ],
                [
                    456,
                    486
                ]
            ],
            "text": "submersible",
            "label": "B_Descri",
            "links": []
        },
        {
            "index": 12,
            "bbox": [
                [
                    465,
                    486
                ],
                [
                    465,
                    558
                ],
                [
                    622,
                    558
                ],
                [
                    622,
                    486
                ]
            ],
            "text": "pump",
            "label": "I_Descri",
            "links": []
        },
        {
            "index": 13,
            "bbox": [
                [
                    132,
                    578
                ],
                [
                    132,
                    643
                ],
                [
                    335,
                    643
                ],
                [
                    335,
                    578
                ]
            ],
            "text": "BLUE",
            "label": "B_Descri",
            "links": []
        },
        {
            "index": 14,
            "bbox": [
                [
                    343,
                    578
                ],
                [
                    343,
                    643
                ],
                [
                    546,
                    643
                ],
                [
                    546,
                    578
                ]
            ],
            "text": "LINE",
            "label": "I_Descri",
            "links": []
        },
        {
            "index": 15,
            "bbox": [
                [
                    554,
                    578
                ],
                [
                    554,
                    643
                ],
                [
                    978,
                    643
                ],
                [
                    978,
                    578
                ]
            ],
            "text": "PSDR400P",
            "label": "I_Descri",
            "links": []
        },
        {
            "index": 16,
            "bbox": [
                [
                    132,
                    673
                ],
                [
                    132,
                    741
                ],
                [
                    336,
                    741
                ],
                [
                    336,
                    673
                ]
            ],
            "text": "BLUE",
            "label": "B_Descri",
            "links": []
        },
        {
            "index": 17,
            "bbox": [
                [
                    345,
                    673
                ],
                [
                    345,
                    741
                ],
                [
                    540,
                    741
                ],
                [
                    540,
                    673
                ]
            ],
            "text": "LINE",
            "label": "I_Descri",
            "links": []
        },
        {
            "index": 18,
            "bbox": [
                [
                    548,
                    673
                ],
                [
                    548,
                    741
                ],
                [
                    974,
                    741
                ],
                [
                    974,
                    673
                ]
            ],
            "text": "PSDR750P",
            "label": "I_Descri",
            "links": []
        },
        {
            "index": 19,
            "bbox": [
                [
                    132,
                    772
                ],
                [
                    132,
                    809
                ],
                [
                    238,
                    809
                ],
                [
                    238,
                    772
                ]
            ],
            "text": "Plastic",
            "label": "B_Descri",
            "links": []
        },
        {
            "index": 20,
            "bbox": [
                [
                    243,
                    772
                ],
                [
                    243,
                    809
                ],
                [
                    428,
                    809
                ],
                [
                    428,
                    772
                ]
            ],
            "text": "submersible",
            "label": "I_Descri",
            "links": []
        },
        {
            "index": 21,
            "bbox": [
                [
                    433,
                    772
                ],
                [
                    433,
                    809
                ],
                [
                    521,
                    809
                ],
                [
                    521,
                    772
                ]
            ],
            "text": "pump",
            "label": "I_Descri",
            "links": []
        },
        {
            "index": 22,
            "bbox": [
                [
                    525,
                    772
                ],
                [
                    525,
                    809
                ],
                [
                    590,
                    809
                ],
                [
                    590,
                    772
                ]
            ],
            "text": "with",
            "label": "I_Descri",
            "links": []
        },
        {
            "index": 23,
            "bbox": [
                [
                    595,
                    772
                ],
                [
                    595,
                    809
                ],
                [
                    632,
                    809
                ],
                [
                    632,
                    772
                ]
            ],
            "text": "an",
            "label": "I_Descri",
            "links": []
        },
        {
            "index": 24,
            "bbox": [
                [
                    636,
                    772
                ],
                [
                    636,
                    809
                ],
                [
                    789,
                    809
                ],
                [
                    789,
                    772
                ]
            ],
            "text": "integrated",
            "label": "I_Descri",
            "links": []
        },
        {
            "index": 25,
            "bbox": [
                [
                    793,
                    772
                ],
                [
                    793,
                    809
                ],
                [
                    867,
                    809
                ],
                [
                    867,
                    772
                ]
            ],
            "text": "float",
            "label": "I_Descri",
            "links": []
        },
        {
            "index": 26,
            "bbox": [
                [
                    872,
                    772
                ],
                [
                    872,
                    809
                ],
                [
                    982,
                    809
                ],
                [
                    982,
                    772
                ]
            ],
            "text": "switch.",
            "label": "I_Descri",
            "links": []
        },
        {
            "index": 27,
            "bbox": [
                [
                    132,
                    809
                ],
                [
                    132,
                    850
                ],
                [
                    198,
                    850
                ],
                [
                    198,
                    809
                ]
            ],
            "text": "This",
            "label": "I_Descri",
            "links": []
        },
        {
            "index": 28,
            "bbox": [
                [
                    204,
                    809
                ],
                [
                    204,
                    850
                ],
                [
                    291,
                    850
                ],
                [
                    291,
                    809
                ]
            ],
            "text": "pump",
            "label": "I_Descri",
            "links": []
        },
        {
            "index": 29,
            "bbox": [
                [
                    296,
                    809
                ],
                [
                    296,
                    850
                ],
                [
                    327,
                    850
                ],
                [
                    327,
                    809
                ]
            ],
            "text": "is",
            "label": "I_Descri",
            "links": []
        },
        {
            "index": 30,
            "bbox": [
                [
                    332,
                    809
                ],
                [
                    332,
                    850
                ],
                [
                    470,
                    850
                ],
                [
                    470,
                    809
                ]
            ],
            "text": "equipped",
            "label": "I_Descri",
            "links": []
        },
        {
            "index": 31,
            "bbox": [
                [
                    475,
                    809
                ],
                [
                    475,
                    850
                ],
                [
                    542,
                    850
                ],
                [
                    542,
                    809
                ]
            ],
            "text": "with",
            "label": "I_Descri",
            "links": []
        },
        {
            "index": 32,
            "bbox": [
                [
                    547,
                    809
                ],
                [
                    547,
                    850
                ],
                [
                    614,
                    850
                ],
                [
                    614,
                    809
                ]
            ],
            "text": "both",
            "label": "I_Descri",
            "links": []
        },
        {
            "index": 33,
            "bbox": [
                [
                    619,
                    809
                ],
                [
                    619,
                    850
                ],
                [
                    768,
                    850
                ],
                [
                    768,
                    809
                ]
            ],
            "text": "automatic",
            "label": "I_Descri",
            "links": []
        },
        {
            "index": 34,
            "bbox": [
                [
                    773,
                    809
                ],
                [
                    773,
                    850
                ],
                [
                    829,
                    850
                ],
                [
                    829,
                    809
                ]
            ],
            "text": "and",
            "label": "I_Descri",
            "links": []
        },
        {
            "index": 35,
            "bbox": [
                [
                    834,
                    809
                ],
                [
                    834,
                    850
                ],
                [
                    951,
                    850
                ],
                [
                    951,
                    809
                ]
            ],
            "text": "manual",
            "label": "I_Descri",
            "links": []
        },
        {
            "index": 36,
            "bbox": [
                [
                    132,
                    850
                ],
                [
                    132,
                    884
                ],
                [
                    234,
                    884
                ],
                [
                    234,
                    850
                ]
            ],
            "text": "mode.",
            "label": "I_Descri",
            "links": []
        },
        {
            "index": 37,
            "bbox": [
                [
                    132,
                    1213
                ],
                [
                    132,
                    1251
                ],
                [
                    312,
                    1251
                ],
                [
                    312,
                    1213
                ]
            ],
            "text": "Application",
            "label": "B_Section",
            "links": [
                [
                    39,
                    false
                ]
            ]
        },
        {
            "index": 38,
            "bbox": [
                [
                    129,
                    1257
                ],
                [
                    129,
                    1281
                ],
                [
                    153,
                    1281
                ],
                [
                    153,
                    1257
                ]
            ],
            "text": "•",
            "label": "Out",
            "links": []
        },
        {
            "index": 39,
            "bbox": [
                [
                    156,
                    1257
                ],
                [
                    156,
                    1281
                ],
                [
                    237,
                    1281
                ],
                [
                    237,
                    1257
                ]
            ],
            "text": "Suitable",
            "label": "B_Descri",
            "links": [
                [
                    37,
                    true
                ]
            ]
        },
        {
            "index": 40,
            "bbox": [
                [
                    240,
                    1257
                ],
                [
                    240,
                    1281
                ],
                [
                    270,
                    1281
                ],
                [
                    270,
                    1257
                ]
            ],
            "text": "for",
            "label": "I_Descri",
            "links": []
        },
        {
            "index": 41,
            "bbox": [
                [
                    273,
                    1257
                ],
                [
                    273,
                    1281
                ],
                [
                    360,
                    1281
                ],
                [
                    360,
                    1257
                ]
            ],
            "text": "pumping",
            "label": "I_Descri",
            "links": []
        },
        {
            "index": 42,
            "bbox": [
                [
                    363,
                    1257
                ],
                [
                    363,
                    1281
                ],
                [
                    408,
                    1281
                ],
                [
                    408,
                    1257
                ]
            ],
            "text": "pool",
            "label": "I_Descri",
            "links": []
        },
        {
            "index": 43,
            "bbox": [
                [
                    411,
                    1257
                ],
                [
                    411,
                    1281
                ],
                [
                    471,
                    1281
                ],
                [
                    471,
                    1257
                ]
            ],
            "text": "water,",
            "label": "I_Descri",
            "links": []
        },
        {
            "index": 44,
            "bbox": [
                [
                    474,
                    1257
                ],
                [
                    474,
                    1281
                ],
                [
                    564,
                    1281
                ],
                [
                    564,
                    1257
                ]
            ],
            "text": "pumping",
            "label": "I_Descri",
            "links": []
        },
        {
            "index": 45,
            "bbox": [
                [
                    567,
                    1257
                ],
                [
                    567,
                    1281
                ],
                [
                    624,
                    1281
                ],
                [
                    624,
                    1257
                ]
            ],
            "text": "water",
            "label": "I_Descri",
            "links": []
        },
        {
            "index": 46,
            "bbox": [
                [
                    627,
                    1257
                ],
                [
                    627,
                    1281
                ],
                [
                    669,
                    1281
                ],
                [
                    669,
                    1257
                ]
            ],
            "text": "over",
            "label": "I_Descri",
            "links": []
        },
        {
            "index": 47,
            "bbox": [
                [
                    672,
                    1257
                ],
                [
                    672,
                    1281
                ],
                [
                    696,
                    1281
                ],
                [
                    696,
                    1257
                ]
            ],
            "text": "or",
            "label": "I_Descri",
            "links": []
        },
        {
            "index": 48,
            "bbox": [
                [
                    129,
                    1298
                ],
                [
                    129,
                    1322
                ],
                [
                    219,
                    1322
                ],
                [
                    219,
                    1298
                ]
            ],
            "text": "irrigating",
            "label": "I_Descri",
            "links": []
        },
        {
            "index": 49,
            "bbox": [
                [
                    222,
                    1298
                ],
                [
                    222,
                    1322
                ],
                [
                    258,
                    1322
                ],
                [
                    258,
                    1298
                ]
            ],
            "text": "the",
            "label": "I_Descri",
            "links": []
        },
        {
            "index": 50,
            "bbox": [
                [
                    261,
                    1298
                ],
                [
                    261,
                    1322
                ],
                [
                    333,
                    1322
                ],
                [
                    333,
                    1298
                ]
            ],
            "text": "garden.",
            "label": "I_Descri",
            "links": []
        },
        {
            "index": 51,
            "bbox": [
                [
                    143,
                    1506
                ],
                [
                    143,
                    1526
                ],
                [
                    211,
                    1526
                ],
                [
                    211,
                    1506
                ]
            ],
            "text": "Model",
            "label": "B_Section",
            "links": [
                [
                    52,
                    false
                ],
                [
                    53,
                    false
                ],
                [
                    56,
                    false
                ],
                [
                    60,
                    false
                ],
                [
                    64,
                    false
                ],
                [
                    66,
                    false
                ],
                [
                    67,
                    false
                ],
                [
                    71,
                    false
                ],
                [
                    75,
                    false
                ],
                [
                    81,
                    false
                ],
                [
                    84,
                    false
                ]
            ]
        },
        {
            "index": 52,
            "bbox": [
                [
                    143,
                    1554
                ],
                [
                    143,
                    1574
                ],
                [
                    191,
                    1574
                ],
                [
                    191,
                    1554
                ]
            ],
            "text": "Code",
            "label": "B_Prop",
            "links": [
                [
                    51,
                    true
                ]
            ]
        },
        {
            "index": 53,
            "bbox": [
                [
                    143,
                    1584
                ],
                [
                    143,
                    1604
                ],
                [
                    226,
                    1604
                ],
                [
                    226,
                    1584
                ]
            ],
            "text": "Maximum",
            "label": "B_Prop",
            "links": [
                [
                    51,
                    true
                ],
                [
                    95,
                    false
                ],
                [
                    115,
                    false
                ]
            ]
        },
        {
            "index": 54,
            "bbox": [
                [
                    228,
                    1584
                ],
                [
                    228,
                    1604
                ],
                [
                    265,
                    1604
                ],
                [
                    265,
                    1584
                ]
            ],
            "text": "flow",
            "label": "I_Prop",
            "links": []
        },
        {
            "index": 55,
            "bbox": [
                [
                    268,
                    1584
                ],
                [
                    268,
                    1604
                ],
                [
                    346,
                    1604
                ],
                [
                    346,
                    1584
                ]
            ],
            "text": "[m3/hod]",
            "label": "B_Unit",
            "links": [
                [
                    95,
                    false
                ],
                [
                    115,
                    false
                ]
            ]
        },
        {
            "index": 56,
            "bbox": [
                [
                    143,
                    1621
                ],
                [
                    143,
                    1642
                ],
                [
                    227,
                    1642
                ],
                [
                    227,
                    1621
                ]
            ],
            "text": "Maximum",
            "label": "B_Prop",
            "links": [
                [
                    51,
                    true
                ],
                [
                    118,
                    false
                ],
                [
                    148,
                    false
                ]
            ]
        },
        {
            "index": 57,
            "bbox": [
                [
                    230,
                    1621
                ],
                [
                    230,
                    1642
                ],
                [
                    311,
                    1642
                ],
                [
                    311,
                    1621
                ]
            ],
            "text": "discharge",
            "label": "I_Prop",
            "links": []
        },
        {
            "index": 58,
            "bbox": [
                [
                    314,
                    1621
                ],
                [
                    314,
                    1642
                ],
                [
                    356,
                    1642
                ],
                [
                    356,
                    1621
                ]
            ],
            "text": "head",
            "label": "I_Prop",
            "links": []
        },
        {
            "index": 59,
            "bbox": [
                [
                    358,
                    1621
                ],
                [
                    358,
                    1642
                ],
                [
                    387,
                    1642
                ],
                [
                    387,
                    1621
                ]
            ],
            "text": "[m]",
            "label": "B_Unit",
            "links": [
                [
                    118,
                    false
                ],
                [
                    148,
                    false
                ]
            ]
        },
        {
            "index": 60,
            "bbox": [
                [
                    139,
                    1655
                ],
                [
                    139,
                    1676
                ],
                [
                    210,
                    1676
                ],
                [
                    210,
                    1655
                ]
            ],
            "text": "Voltage",
            "label": "B_Prop",
            "links": [
                [
                    51,
                    true
                ],
                [
                    97,
                    false
                ],
                [
                    119,
                    false
                ]
            ]
        },
        {
            "index": 61,
            "bbox": [
                [
                    213,
                    1655
                ],
                [
                    213,
                    1676
                ],
                [
                    218,
                    1676
                ],
                [
                    218,
                    1655
                ]
            ],
            "text": "/",
            "label": "I_Prop",
            "links": []
        },
        {
            "index": 62,
            "bbox": [
                [
                    220,
                    1655
                ],
                [
                    220,
                    1676
                ],
                [
                    304,
                    1676
                ],
                [
                    304,
                    1655
                ]
            ],
            "text": "frequency",
            "label": "I_Prop",
            "links": []
        },
        {
            "index": 63,
            "bbox": [
                [
                    307,
                    1655
                ],
                [
                    307,
                    1676
                ],
                [
                    360,
                    1676
                ],
                [
                    360,
                    1655
                ]
            ],
            "text": "[V/Hz]",
            "label": "B_Unit",
            "links": [
                [
                    97,
                    false
                ],
                [
                    119,
                    false
                ]
            ]
        },
        {
            "index": 64,
            "bbox": [
                [
                    143,
                    1693
                ],
                [
                    143,
                    1713
                ],
                [
                    198,
                    1713
                ],
                [
                    198,
                    1693
                ]
            ],
            "text": "Power",
            "label": "B_Prop",
            "links": [
                [
                    51,
                    true
                ],
                [
                    100,
                    false
                ],
                [
                    122,
                    false
                ]
            ]
        },
        {
            "index": 65,
            "bbox": [
                [
                    201,
                    1693
                ],
                [
                    201,
                    1713
                ],
                [
                    231,
                    1713
                ],
                [
                    231,
                    1693
                ]
            ],
            "text": "[W]",
            "label": "B_Unit",
            "links": [
                [
                    100,
                    false
                ],
                [
                    122,
                    false
                ]
            ]
        },
        {
            "index": 66,
            "bbox": [
                [
                    143,
                    1730
                ],
                [
                    143,
                    1747
                ],
                [
                    241,
                    1747
                ],
                [
                    241,
                    1730
                ]
            ],
            "text": "Connection",
            "label": "B_Prop",
            "links": [
                [
                    51,
                    true
                ],
                [
                    101,
                    false
                ],
                [
                    123,
                    false
                ],
                [
                    124,
                    false
                ]
            ]
        },
        {
            "index": 67,
            "bbox": [
                [
                    139,
                    1764
                ],
                [
                    139,
                    1785
                ],
                [
                    225,
                    1785
                ],
                [
                    225,
                    1764
                ]
            ],
            "text": "Maximum",
            "label": "B_Prop",
            "links": [
                [
                    51,
                    true
                ],
                [
                    149,
                    false
                ],
                [
                    150,
                    false
                ]
            ]
        },
        {
            "index": 68,
            "bbox": [
                [
                    228,
                    1764
                ],
                [
                    228,
                    1785
                ],
                [
                    317,
                    1785
                ],
                [
                    317,
                    1764
                ]
            ],
            "text": "immersion",
            "label": "I_Prop",
            "links": []
        },
        {
            "index": 69,
            "bbox": [
                [
                    320,
                    1764
                ],
                [
                    320,
                    1785
                ],
                [
                    367,
                    1785
                ],
                [
                    367,
                    1764
                ]
            ],
            "text": "depth",
            "label": "I_Prop",
            "links": []
        },
        {
            "index": 70,
            "bbox": [
                [
                    370,
                    1764
                ],
                [
                    370,
                    1785
                ],
                [
                    401,
                    1785
                ],
                [
                    401,
                    1764
                ]
            ],
            "text": "[m]",
            "label": "B_Unit",
            "links": [
                [
                    149,
                    false
                ],
                [
                    150,
                    false
                ]
            ]
        },
        {
            "index": 71,
            "bbox": [
                [
                    139,
                    1798
                ],
                [
                    139,
                    1819
                ],
                [
                    225,
                    1819
                ],
                [
                    225,
                    1798
                ]
            ],
            "text": "Maximum",
            "label": "B_Prop",
            "links": [
                [
                    51,
                    true
                ],
                [
                    104,
                    false
                ],
                [
                    127,
                    false
                ]
            ]
        },
        {
            "index": 72,
            "bbox": [
                [
                    228,
                    1798
                ],
                [
                    228,
                    1819
                ],
                [
                    267,
                    1819
                ],
                [
                    267,
                    1798
                ]
            ],
            "text": "fluid",
            "label": "I_Prop",
            "links": []
        },
        {
            "index": 73,
            "bbox": [
                [
                    270,
                    1798
                ],
                [
                    270,
                    1819
                ],
                [
                    372,
                    1819
                ],
                [
                    372,
                    1798
                ]
            ],
            "text": "temperature",
            "label": "I_Prop",
            "links": []
        },
        {
            "index": 74,
            "bbox": [
                [
                    375,
                    1798
                ],
                [
                    375,
                    1819
                ],
                [
                    404,
                    1819
                ],
                [
                    404,
                    1798
                ]
            ],
            "text": "[°C]",
            "label": "B_Unit",
            "links": [
                [
                    104,
                    false
                ],
                [
                    127,
                    false
                ]
            ]
        },
        {
            "index": 75,
            "bbox": [
                [
                    143,
                    1836
                ],
                [
                    143,
                    1856
                ],
                [
                    186,
                    1856
                ],
                [
                    186,
                    1836
                ]
            ],
            "text": "Max.",
            "label": "B_Prop",
            "links": [
                [
                    51,
                    true
                ],
                [
                    151,
                    false
                ],
                [
                    152,
                    false
                ]
            ]
        },
        {
            "index": 76,
            "bbox": [
                [
                    188,
                    1836
                ],
                [
                    188,
                    1856
                ],
                [
                    263,
                    1856
                ],
                [
                    263,
                    1836
                ]
            ],
            "text": "diameter",
            "label": "I_Prop",
            "links": []
        },
        {
            "index": 77,
            "bbox": [
                [
                    266,
                    1836
                ],
                [
                    266,
                    1856
                ],
                [
                    283,
                    1856
                ],
                [
                    283,
                    1836
                ]
            ],
            "text": "of",
            "label": "I_Prop",
            "links": []
        },
        {
            "index": 78,
            "bbox": [
                [
                    286,
                    1836
                ],
                [
                    286,
                    1856
                ],
                [
                    344,
                    1856
                ],
                [
                    344,
                    1836
                ]
            ],
            "text": "coarse",
            "label": "I_Prop",
            "links": []
        },
        {
            "index": 79,
            "bbox": [
                [
                    346,
                    1836
                ],
                [
                    346,
                    1856
                ],
                [
                    376,
                    1856
                ],
                [
                    376,
                    1836
                ]
            ],
            "text": "dirt",
            "label": "I_Prop",
            "links": []
        },
        {
            "index": 80,
            "bbox": [
                [
                    378,
                    1836
                ],
                [
                    378,
                    1856
                ],
                [
                    425,
                    1856
                ],
                [
                    425,
                    1836
                ]
            ],
            "text": "[mm]",
            "label": "B_Unit",
            "links": [
                [
                    151,
                    false
                ],
                [
                    152,
                    false
                ]
            ]
        },
        {
            "index": 81,
            "bbox": [
                [
                    143,
                    1873
                ],
                [
                    143,
                    1893
                ],
                [
                    191,
                    1893
                ],
                [
                    191,
                    1873
                ]
            ],
            "text": "Cable",
            "label": "B_Prop",
            "links": [
                [
                    51,
                    true
                ],
                [
                    105,
                    false
                ],
                [
                    128,
                    false
                ]
            ]
        },
        {
            "index": 82,
            "bbox": [
                [
                    193,
                    1873
                ],
                [
                    193,
                    1893
                ],
                [
                    248,
                    1893
                ],
                [
                    248,
                    1873
                ]
            ],
            "text": "length",
            "label": "I_Prop",
            "links": []
        },
        {
            "index": 83,
            "bbox": [
                [
                    251,
                    1873
                ],
                [
                    251,
                    1893
                ],
                [
                    279,
                    1893
                ],
                [
                    279,
                    1873
                ]
            ],
            "text": "[m]",
            "label": "B_Unit",
            "links": [
                [
                    105,
                    false
                ],
                [
                    128,
                    false
                ]
            ]
        },
        {
            "index": 84,
            "bbox": [
                [
                    143,
                    1907
                ],
                [
                    143,
                    1927
                ],
                [
                    243,
                    1927
                ],
                [
                    243,
                    1907
                ]
            ],
            "text": "Dimensions",
            "label": "B_Prop",
            "links": [
                [
                    51,
                    true
                ],
                [
                    106,
                    false
                ],
                [
                    129,
                    false
                ]
            ]
        },
        {
            "index": 85,
            "bbox": [
                [
                    246,
                    1907
                ],
                [
                    246,
                    1927
                ],
                [
                    258,
                    1927
                ],
                [
                    258,
                    1907
                ]
            ],
            "text": "H",
            "label": "I_Prop",
            "links": []
        },
        {
            "index": 86,
            "bbox": [
                [
                    261,
                    1907
                ],
                [
                    261,
                    1927
                ],
                [
                    274,
                    1927
                ],
                [
                    274,
                    1907
                ]
            ],
            "text": "x",
            "label": "I_Prop",
            "links": []
        },
        {
            "index": 87,
            "bbox": [
                [
                    276,
                    1907
                ],
                [
                    276,
                    1927
                ],
                [
                    293,
                    1927
                ],
                [
                    293,
                    1907
                ]
            ],
            "text": "W",
            "label": "I_Prop",
            "links": []
        },
        {
            "index": 88,
            "bbox": [
                [
                    296,
                    1907
                ],
                [
                    296,
                    1927
                ],
                [
                    306,
                    1927
                ],
                [
                    306,
                    1907
                ]
            ],
            "text": "x",
            "label": "I_Prop",
            "links": []
        },
        {
            "index": 89,
            "bbox": [
                [
                    308,
                    1907
                ],
                [
                    308,
                    1927
                ],
                [
                    323,
                    1927
                ],
                [
                    323,
                    1907
                ]
            ],
            "text": "D",
            "label": "I_Prop",
            "links": []
        },
        {
            "index": 90,
            "bbox": [
                [
                    326,
                    1907
                ],
                [
                    326,
                    1927
                ],
                [
                    371,
                    1927
                ],
                [
                    371,
                    1907
                ]
            ],
            "text": "[mm]",
            "label": "B_Unit",
            "links": [
                [
                    106,
                    false
                ],
                [
                    129,
                    false
                ]
            ]
        },
        {
            "index": 91,
            "bbox": [
                [
                    462,
                    1492
                ],
                [
                    462,
                    1513
                ],
                [
                    501,
                    1513
                ],
                [
                    501,
                    1492
                ]
            ],
            "text": "blue",
            "label": "B_Descri",
            "links": [
                [
                    94,
                    false
                ]
            ]
        },
        {
            "index": 92,
            "bbox": [
                [
                    504,
                    1492
                ],
                [
                    504,
                    1513
                ],
                [
                    543,
                    1513
                ],
                [
                    543,
                    1492
                ]
            ],
            "text": "line",
            "label": "I_Descri",
            "links": []
        },
        {
            "index": 93,
            "bbox": [
                [
                    458,
                    1516
                ],
                [
                    458,
                    1537
                ],
                [
                    567,
                    1537
                ],
                [
                    567,
                    1516
                ]
            ],
            "text": "PSDR400P",
            "label": "I_Descri",
            "links": []
        },
        {
            "index": 94,
            "bbox": [
                [
                    459,
                    1554
                ],
                [
                    459,
                    1574
                ],
                [
                    557,
                    1574
                ],
                [
                    557,
                    1554
                ]
            ],
            "text": "ZB00055044",
            "label": "B_Ref",
            "links": [
                [
                    95,
                    false
                ],
                [
                    97,
                    false
                ],
                [
                    100,
                    false
                ],
                [
                    101,
                    false
                ],
                [
                    104,
                    false
                ],
                [
                    105,
                    false
                ],
                [
                    106,
                    false
                ],
                [
                    148,
                    false
                ],
                [
                    149,
                    false
                ],
                [
                    151,
                    false
                ],
                [
                    91,
                    true
                ]
            ]
        },
        {
            "index": 95,
            "bbox": [
                [
                    459,
                    1587
                ],
                [
                    459,
                    1604
                ],
                [
                    472,
                    1604
                ],
                [
                    472,
                    1587
                ]
            ],
            "text": "9",
            "label": "B_Value",
            "links": [
                [
                    55,
                    true
                ],
                [
                    53,
                    true
                ],
                [
                    94,
                    true
                ]
            ]
        },
        {
            "index": 96,
            "bbox": [
                [
                    474,
                    1587
                ],
                [
                    474,
                    1604
                ],
                [
                    493,
                    1604
                ],
                [
                    493,
                    1587
                ]
            ],
            "text": "m",
            "label": "I_Value",
            "links": []
        },
        {
            "index": 97,
            "bbox": [
                [
                    459,
                    1655
                ],
                [
                    459,
                    1676
                ],
                [
                    491,
                    1676
                ],
                [
                    491,
                    1655
                ]
            ],
            "text": "230",
            "label": "B_Value",
            "links": [
                [
                    63,
                    true
                ],
                [
                    60,
                    true
                ],
                [
                    94,
                    true
                ]
            ]
        },
        {
            "index": 98,
            "bbox": [
                [
                    493,
                    1655
                ],
                [
                    493,
                    1676
                ],
                [
                    498,
                    1676
                ],
                [
                    498,
                    1655
                ]
            ],
            "text": "/",
            "label": "I_Value",
            "links": []
        },
        {
            "index": 99,
            "bbox": [
                [
                    501,
                    1655
                ],
                [
                    501,
                    1676
                ],
                [
                    523,
                    1676
                ],
                [
                    523,
                    1655
                ]
            ],
            "text": "50",
            "label": "I_Value",
            "links": []
        },
        {
            "index": 100,
            "bbox": [
                [
                    462,
                    1696
                ],
                [
                    462,
                    1713
                ],
                [
                    489,
                    1713
                ],
                [
                    489,
                    1696
                ]
            ],
            "text": "400",
            "label": "B_Value",
            "links": [
                [
                    65,
                    true
                ],
                [
                    64,
                    true
                ],
                [
                    94,
                    true
                ]
            ]
        },
        {
            "index": 101,
            "bbox": [
                [
                    462,
                    1727
                ],
                [
                    462,
                    1747
                ],
                [
                    480,
                    1747
                ],
                [
                    480,
                    1727
                ]
            ],
            "text": "1“,",
            "label": "B_Value",
            "links": [
                [
                    66,
                    true
                ],
                [
                    94,
                    true
                ]
            ]
        },
        {
            "index": 102,
            "bbox": [
                [
                    482,
                    1727
                ],
                [
                    482,
                    1747
                ],
                [
                    517,
                    1747
                ],
                [
                    517,
                    1727
                ]
            ],
            "text": "5/4“,",
            "label": "I_Value",
            "links": []
        },
        {
            "index": 103,
            "bbox": [
                [
                    519,
                    1727
                ],
                [
                    519,
                    1748
                ],
                [
                    550,
                    1748
                ],
                [
                    550,
                    1727
                ]
            ],
            "text": "6/4“",
            "label": "I_Value",
            "links": []
        },
        {
            "index": 104,
            "bbox": [
                [
                    459,
                    1802
                ],
                [
                    459,
                    1819
                ],
                [
                    483,
                    1819
                ],
                [
                    483,
                    1802
                ]
            ],
            "text": "35",
            "label": "B_Value",
            "links": [
                [
                    74,
                    true
                ],
                [
                    71,
                    true
                ],
                [
                    94,
                    true
                ]
            ]
        },
        {
            "index": 105,
            "bbox": [
                [
                    462,
                    1873
                ],
                [
                    462,
                    1890
                ],
                [
                    482,
                    1890
                ],
                [
                    482,
                    1873
                ]
            ],
            "text": "10",
            "label": "B_Value",
            "links": [
                [
                    83,
                    true
                ],
                [
                    81,
                    true
                ],
                [
                    94,
                    true
                ]
            ]
        },
        {
            "index": 106,
            "bbox": [
                [
                    459,
                    1907
                ],
                [
                    459,
                    1924
                ],
                [
                    491,
                    1924
                ],
                [
                    491,
                    1907
                ]
            ],
            "text": "295",
            "label": "B_Value",
            "links": [
                [
                    90,
                    true
                ],
                [
                    84,
                    true
                ],
                [
                    94,
                    true
                ]
            ]
        },
        {
            "index": 107,
            "bbox": [
                [
                    493,
                    1907
                ],
                [
                    493,
                    1924
                ],
                [
                    501,
                    1924
                ],
                [
                    501,
                    1907
                ]
            ],
            "text": "×",
            "label": "I_Value",
            "links": []
        },
        {
            "index": 108,
            "bbox": [
                [
                    504,
                    1907
                ],
                [
                    504,
                    1924
                ],
                [
                    532,
                    1924
                ],
                [
                    532,
                    1907
                ]
            ],
            "text": "235",
            "label": "I_Value",
            "links": []
        },
        {
            "index": 109,
            "bbox": [
                [
                    533,
                    1907
                ],
                [
                    533,
                    1924
                ],
                [
                    544,
                    1924
                ],
                [
                    544,
                    1907
                ]
            ],
            "text": "x",
            "label": "I_Value",
            "links": []
        },
        {
            "index": 110,
            "bbox": [
                [
                    546,
                    1907
                ],
                [
                    546,
                    1924
                ],
                [
                    577,
                    1924
                ],
                [
                    577,
                    1907
                ]
            ],
            "text": "155",
            "label": "I_Value",
            "links": []
        },
        {
            "index": 111,
            "bbox": [
                [
                    649,
                    1489
                ],
                [
                    649,
                    1513
                ],
                [
                    689,
                    1513
                ],
                [
                    689,
                    1489
                ]
            ],
            "text": "blue",
            "label": "B_Descri",
            "links": [
                [
                    114,
                    false
                ]
            ]
        },
        {
            "index": 112,
            "bbox": [
                [
                    692,
                    1489
                ],
                [
                    692,
                    1513
                ],
                [
                    731,
                    1513
                ],
                [
                    731,
                    1489
                ]
            ],
            "text": "line",
            "label": "I_Descri",
            "links": []
        },
        {
            "index": 113,
            "bbox": [
                [
                    642,
                    1516
                ],
                [
                    642,
                    1536
                ],
                [
                    757,
                    1536
                ],
                [
                    757,
                    1516
                ]
            ],
            "text": "PSDR750P",
            "label": "I_Descri",
            "links": []
        },
        {
            "index": 114,
            "bbox": [
                [
                    645,
                    1554
                ],
                [
                    645,
                    1575
                ],
                [
                    744,
                    1575
                ],
                [
                    744,
                    1554
                ]
            ],
            "text": "ZB00055045",
            "label": "B_Ref",
            "links": [
                [
                    115,
                    false
                ],
                [
                    118,
                    false
                ],
                [
                    119,
                    false
                ],
                [
                    122,
                    false
                ],
                [
                    123,
                    false
                ],
                [
                    124,
                    false
                ],
                [
                    127,
                    false
                ],
                [
                    128,
                    false
                ],
                [
                    129,
                    false
                ],
                [
                    150,
                    false
                ],
                [
                    152,
                    false
                ],
                [
                    111,
                    true
                ]
            ]
        },
        {
            "index": 115,
            "bbox": [
                [
                    645,
                    1587
                ],
                [
                    645,
                    1604
                ],
                [
                    668,
                    1604
                ],
                [
                    668,
                    1587
                ]
            ],
            "text": "13",
            "label": "B_Value",
            "links": [
                [
                    55,
                    true
                ],
                [
                    53,
                    true
                ],
                [
                    114,
                    true
                ]
            ]
        },
        {
            "index": 116,
            "bbox": [
                [
                    0,
                    0
                ],
                [
                    0,
                    0
                ],
                [
                    0,
                    0
                ],
                [
                    0,
                    0
                ]
            ],
            "text": " ",
            "label": "Out",
            "links": []
        },
        {
            "index": 117,
            "bbox": [
                [
                    671,
                    1587
                ],
                [
                    671,
                    1604
                ],
                [
                    693,
                    1604
                ],
                [
                    693,
                    1587
                ]
            ],
            "text": "m^3",
            "label": "I_Value",
            "links": []
        },
        {
            "index": 118,
            "bbox": [
                [
                    645,
                    1622
                ],
                [
                    645,
                    1639
                ],
                [
                    672,
                    1639
                ],
                [
                    672,
                    1622
                ]
            ],
            "text": "8,5",
            "label": "B_Value",
            "links": [
                [
                    59,
                    true
                ],
                [
                    56,
                    true
                ],
                [
                    114,
                    true
                ]
            ]
        },
        {
            "index": 119,
            "bbox": [
                [
                    645,
                    1659
                ],
                [
                    645,
                    1676
                ],
                [
                    677,
                    1676
                ],
                [
                    677,
                    1659
                ]
            ],
            "text": "230",
            "label": "B_Value",
            "links": [
                [
                    63,
                    true
                ],
                [
                    60,
                    true
                ],
                [
                    114,
                    true
                ]
            ]
        },
        {
            "index": 120,
            "bbox": [
                [
                    679,
                    1659
                ],
                [
                    679,
                    1676
                ],
                [
                    688,
                    1676
                ],
                [
                    688,
                    1659
                ]
            ],
            "text": "/",
            "label": "I_Value",
            "links": []
        },
        {
            "index": 121,
            "bbox": [
                [
                    690,
                    1659
                ],
                [
                    690,
                    1676
                ],
                [
                    710,
                    1676
                ],
                [
                    710,
                    1659
                ]
            ],
            "text": "50",
            "label": "I_Value",
            "links": []
        },
        {
            "index": 122,
            "bbox": [
                [
                    645,
                    1693
                ],
                [
                    645,
                    1713
                ],
                [
                    676,
                    1713
                ],
                [
                    676,
                    1693
                ]
            ],
            "text": "750",
            "label": "B_Value",
            "links": [
                [
                    65,
                    true
                ],
                [
                    64,
                    true
                ],
                [
                    114,
                    true
                ]
            ]
        },
        {
            "index": 123,
            "bbox": [
                [
                    649,
                    1727
                ],
                [
                    649,
                    1747
                ],
                [
                    667,
                    1747
                ],
                [
                    667,
                    1727
                ]
            ],
            "text": "1",
            "label": "B_Value",
            "links": [
                [
                    66,
                    true
                ],
                [
                    114,
                    true
                ]
            ]
        },
        {
            "index": 124,
            "bbox": [
                [
                    649,
                    1727
                ],
                [
                    649,
                    1748
                ],
                [
                    667,
                    1748
                ],
                [
                    667,
                    1727
                ]
            ],
            "text": "1“,",
            "label": "B_Value",
            "links": [
                [
                    66,
                    true
                ],
                [
                    114,
                    true
                ]
            ]
        },
        {
            "index": 125,
            "bbox": [
                [
                    669,
                    1727
                ],
                [
                    669,
                    1747
                ],
                [
                    704,
                    1747
                ],
                [
                    704,
                    1727
                ]
            ],
            "text": "5/4“,",
            "label": "I_Value",
            "links": []
        },
        {
            "index": 126,
            "bbox": [
                [
                    706,
                    1727
                ],
                [
                    706,
                    1748
                ],
                [
                    737,
                    1748
                ],
                [
                    737,
                    1727
                ]
            ],
            "text": "6/4“",
            "label": "I_Value",
            "links": []
        },
        {
            "index": 127,
            "bbox": [
                [
                    645,
                    1802
                ],
                [
                    645,
                    1819
                ],
                [
                    669,
                    1819
                ],
                [
                    669,
                    1802
                ]
            ],
            "text": "35",
            "label": "B_Value",
            "links": [
                [
                    74,
                    true
                ],
                [
                    71,
                    true
                ],
                [
                    114,
                    true
                ]
            ]
        },
        {
            "index": 128,
            "bbox": [
                [
                    649,
                    1873
                ],
                [
                    649,
                    1890
                ],
                [
                    669,
                    1890
                ],
                [
                    669,
                    1873
                ]
            ],
            "text": "10",
            "label": "B_Value",
            "links": [
                [
                    83,
                    true
                ],
                [
                    81,
                    true
                ],
                [
                    114,
                    true
                ]
            ]
        },
        {
            "index": 129,
            "bbox": [
                [
                    645,
                    1907
                ],
                [
                    645,
                    1924
                ],
                [
                    679,
                    1924
                ],
                [
                    679,
                    1907
                ]
            ],
            "text": "295",
            "label": "B_Value",
            "links": [
                [
                    90,
                    true
                ],
                [
                    84,
                    true
                ],
                [
                    114,
                    true
                ]
            ]
        },
        {
            "index": 130,
            "bbox": [
                [
                    681,
                    1907
                ],
                [
                    681,
                    1924
                ],
                [
                    694,
                    1924
                ],
                [
                    694,
                    1907
                ]
            ],
            "text": "×",
            "label": "I_Value",
            "links": []
        },
        {
            "index": 131,
            "bbox": [
                [
                    696,
                    1907
                ],
                [
                    696,
                    1924
                ],
                [
                    724,
                    1924
                ],
                [
                    724,
                    1907
                ]
            ],
            "text": "235",
            "label": "I_Value",
            "links": []
        },
        {
            "index": 132,
            "bbox": [
                [
                    726,
                    1907
                ],
                [
                    726,
                    1924
                ],
                [
                    737,
                    1924
                ],
                [
                    737,
                    1907
                ]
            ],
            "text": "x",
            "label": "I_Value",
            "links": []
        },
        {
            "index": 133,
            "bbox": [
                [
                    738,
                    1907
                ],
                [
                    738,
                    1924
                ],
                [
                    767,
                    1924
                ],
                [
                    767,
                    1907
                ]
            ],
            "text": "165",
            "label": "I_Value",
            "links": []
        },
        {
            "index": 134,
            "bbox": [
                [
                    893,
                    1519
                ],
                [
                    893,
                    1557
                ],
                [
                    1050,
                    1557
                ],
                [
                    1050,
                    1519
                ]
            ],
            "text": "Hydraulic",
            "label": "B_Section",
            "links": []
        },
        {
            "index": 135,
            "bbox": [
                [
                    1055,
                    1519
                ],
                [
                    1055,
                    1557
                ],
                [
                    1160,
                    1557
                ],
                [
                    1160,
                    1519
                ]
            ],
            "text": "power",
            "label": "I_Section",
            "links": []
        },
        {
            "index": 136,
            "bbox": [
                [
                    1164,
                    1519
                ],
                [
                    1164,
                    1557
                ],
                [
                    1250,
                    1557
                ],
                [
                    1250,
                    1519
                ]
            ],
            "text": "curve",
            "label": "I_Section",
            "links": []
        },
        {
            "index": 137,
            "bbox": [
                [
                    897,
                    1587
                ],
                [
                    897,
                    1598
                ],
                [
                    930,
                    1598
                ],
                [
                    930,
                    1587
                ]
            ],
            "text": "m",
            "label": "Out",
            "links": []
        },
        {
            "index": 138,
            "bbox": [
                [
                    931,
                    1587
                ],
                [
                    931,
                    1598
                ],
                [
                    947,
                    1598
                ],
                [
                    947,
                    1587
                ]
            ],
            "text": "10",
            "label": "Out",
            "links": []
        },
        {
            "index": 139,
            "bbox": [
                [
                    1182,
                    1768
                ],
                [
                    1182,
                    1785
                ],
                [
                    1195,
                    1785
                ],
                [
                    1195,
                    1768
                ]
            ],
            "text": "•",
            "label": "Out",
            "links": []
        },
        {
            "index": 140,
            "bbox": [
                [
                    1197,
                    1768
                ],
                [
                    1197,
                    1785
                ],
                [
                    1270,
                    1785
                ],
                [
                    1270,
                    1768
                ]
            ],
            "text": "PSDR400P",
            "label": "Out",
            "links": []
        },
        {
            "index": 141,
            "bbox": [
                [
                    1348,
                    1768
                ],
                [
                    1348,
                    1785
                ],
                [
                    1423,
                    1785
                ],
                [
                    1423,
                    1768
                ]
            ],
            "text": "PSDR750P",
            "label": "Out",
            "links": []
        },
        {
            "index": 142,
            "bbox": [
                [
                    1392,
                    1880
                ],
                [
                    1392,
                    1897
                ],
                [
                    1419,
                    1897
                ],
                [
                    1419,
                    1880
                ]
            ],
            "text": "12",
            "label": "Out",
            "links": []
        },
        {
            "index": 143,
            "bbox": [
                [
                    1162,
                    1910
                ],
                [
                    1162,
                    1931
                ],
                [
                    1207,
                    1931
                ],
                [
                    1207,
                    1910
                ]
            ],
            "text": "Flow",
            "label": "Out",
            "links": []
        },
        {
            "index": 144,
            "bbox": [
                [
                    1209,
                    1910
                ],
                [
                    1209,
                    1931
                ],
                [
                    1219,
                    1931
                ],
                [
                    1219,
                    1910
                ]
            ],
            "text": "Q",
            "label": "Out",
            "links": []
        },
        {
            "index": 145,
            "bbox": [
                [
                    1494,
                    1883
                ],
                [
                    1494,
                    1897
                ],
                [
                    1521,
                    1897
                ],
                [
                    1521,
                    1883
                ]
            ],
            "text": "15",
            "label": "Out",
            "links": []
        },
        {
            "index": 146,
            "bbox": [
                [
                    1457,
                    1911
                ],
                [
                    1457,
                    1928
                ],
                [
                    1522,
                    1928
                ],
                [
                    1522,
                    1911
                ]
            ],
            "text": "m^3/hod",
            "label": "Out",
            "links": []
        },
        {
            "index": 147,
            "bbox": [
                [
                    136,
                    2084
                ],
                [
                    136,
                    2115
                ],
                [
                    431,
                    2115
                ],
                [
                    431,
                    2084
                ]
            ],
            "text": "www.pumpa.eu",
            "label": "Out",
            "links": []
        },
        {
            "index": 148,
            "bbox": [
                [
                    458,
                    1616
                ],
                [
                    458,
                    1640
                ],
                [
                    475,
                    1640
                ],
                [
                    475,
                    1616
                ]
            ],
            "text": "8",
            "label": "B_Value",
            "links": [
                [
                    59,
                    true
                ],
                [
                    56,
                    true
                ],
                [
                    94,
                    true
                ]
            ]
        },
        {
            "index": 149,
            "bbox": [
                [
                    459,
                    1761
                ],
                [
                    459,
                    1786
                ],
                [
                    475,
                    1786
                ],
                [
                    475,
                    1761
                ]
            ],
            "text": "7",
            "label": "B_Value",
            "links": [
                [
                    70,
                    true
                ],
                [
                    67,
                    true
                ],
                [
                    94,
                    true
                ]
            ]
        },
        {
            "index": 150,
            "bbox": [
                [
                    646,
                    1760
                ],
                [
                    646,
                    1787
                ],
                [
                    662,
                    1787
                ],
                [
                    662,
                    1760
                ]
            ],
            "text": "7",
            "label": "B_Value",
            "links": [
                [
                    70,
                    true
                ],
                [
                    67,
                    true
                ],
                [
                    114,
                    true
                ]
            ]
        },
        {
            "index": 151,
            "bbox": [
                [
                    459,
                    1834
                ],
                [
                    459,
                    1856
                ],
                [
                    475,
                    1856
                ],
                [
                    475,
                    1834
                ]
            ],
            "text": "5",
            "label": "B_Value",
            "links": [
                [
                    80,
                    true
                ],
                [
                    75,
                    true
                ],
                [
                    94,
                    true
                ]
            ]
        },
        {
            "index": 152,
            "bbox": [
                [
                    645,
                    1834
                ],
                [
                    645,
                    1856
                ],
                [
                    663,
                    1856
                ],
                [
                    663,
                    1834
                ]
            ],
            "text": "5",
            "label": "B_Value",
            "links": [
                [
                    80,
                    true
                ],
                [
                    75,
                    true
                ],
                [
                    114,
                    true
                ]
            ]
        }
    ]
}