{
    "datasheet": [
        {
            "index": 0,
            "bbox": [
                [
                    183,
                    129
                ],
                [
                    183,
                    228
                ],
                [
                    597,
                    228
                ],
                [
                    597,
                    129
                ]
            ],
            "text": "pumpa",
            "label": "Out",
            "links": []
        },
        {
            "index": 1,
            "bbox": [
                [
                    1029,
                    177
                ],
                [
                    1029,
                    211
                ],
                [
                    1161,
                    211
                ],
                [
                    1161,
                    177
                ]
            ],
            "text": "PUMPA",
            "label": "B_Descri",
            "links": []
        },
        {
            "index": 2,
            "bbox": [
                [
                    1165,
                    177
                ],
                [
                    1165,
                    211
                ],
                [
                    1246,
                    211
                ],
                [
                    1246,
                    177
                ]
            ],
            "text": "BLUE",
            "label": "I_Descri",
            "links": []
        },
        {
            "index": 3,
            "bbox": [
                [
                    1250,
                    177
                ],
                [
                    1250,
                    211
                ],
                [
                    1327,
                    211
                ],
                [
                    1327,
                    177
                ]
            ],
            "text": "LINE",
            "label": "I_Descri",
            "links": []
        },
        {
            "index": 4,
            "bbox": [
                [
                    1331,
                    177
                ],
                [
                    1331,
                    211
                ],
                [
                    1515,
                    211
                ],
                [
                    1515,
                    177
                ]
            ],
            "text": "PJM800X-G",
            "label": "I_Descri",
            "links": []
        },
        {
            "index": 5,
            "bbox": [
                [
                    183,
                    299
                ],
                [
                    183,
                    371
                ],
                [
                    381,
                    371
                ],
                [
                    381,
                    299
                ]
            ],
            "text": "blue",
            "label": "Out",
            "links": []
        },
        {
            "index": 6,
            "bbox": [
                [
                    390,
                    299
                ],
                [
                    390,
                    371
                ],
                [
                    554,
                    371
                ],
                [
                    554,
                    299
                ]
            ],
            "text": "line",
            "label": "Out",
            "links": []
        },
        {
            "index": 7,
            "bbox": [
                [
                    132,
                    473
                ],
                [
                    132,
                    548
                ],
                [
                    338,
                    548
                ],
                [
                    338,
                    473
                ]
            ],
            "text": "garden",
            "label": "B_Descri",
            "links": []
        },
        {
            "index": 8,
            "bbox": [
                [
                    348,
                    473
                ],
                [
                    348,
                    548
                ],
                [
                    656,
                    548
                ],
                [
                    656,
                    473
                ]
            ],
            "text": "self-priming",
            "label": "I_Descri",
            "links": []
        },
        {
            "index": 9,
            "bbox": [
                [
                    122,
                    547
                ],
                [
                    122,
                    625
                ],
                [
                    219,
                    625
                ],
                [
                    219,
                    547
                ]
            ],
            "text": "JET",
            "label": "I_Descri",
            "links": []
        },
        {
            "index": 10,
            "bbox": [
                [
                    229,
                    547
                ],
                [
                    229,
                    625
                ],
                [
                    390,
                    625
                ],
                [
                    390,
                    547
                ]
            ],
            "text": "pump",
            "label": "I_Descri",
            "links": []
        },
        {
            "index": 11,
            "bbox": [
                [
                    132,
                    649
                ],
                [
                    132,
                    714
                ],
                [
                    340,
                    714
                ],
                [
                    340,
                    649
                ]
            ],
            "text": "BLUE",
            "label": "B_Descri",
            "links": []
        },
        {
            "index": 12,
            "bbox": [
                [
                    348,
                    649
                ],
                [
                    348,
                    714
                ],
                [
                    533,
                    714
                ],
                [
                    533,
                    649
                ]
            ],
            "text": "LINE",
            "label": "I_Descri",
            "links": []
        },
        {
            "index": 13,
            "bbox": [
                [
                    129,
                    745
                ],
                [
                    129,
                    810
                ],
                [
                    217,
                    810
                ],
                [
                    217,
                    745
                ]
            ],
            "text": "PJ",
            "label": "I_Descri",
            "links": []
        },
        {
            "index": 14,
            "bbox": [
                [
                    225,
                    745
                ],
                [
                    225,
                    810
                ],
                [
                    608,
                    810
                ],
                [
                    608,
                    745
                ]
            ],
            "text": "M800X-G",
            "label": "I_Descri",
            "links": []
        },
        {
            "index": 15,
            "bbox": [
                [
                    132,
                    843
                ],
                [
                    132,
                    881
                ],
                [
                    193,
                    881
                ],
                [
                    193,
                    843
                ]
            ],
            "text": "JET",
            "label": "B_Descri",
            "links": []
        },
        {
            "index": 16,
            "bbox": [
                [
                    199,
                    843
                ],
                [
                    199,
                    881
                ],
                [
                    280,
                    881
                ],
                [
                    280,
                    843
                ]
            ],
            "text": "INOX",
            "label": "I_Descri",
            "links": []
        },
        {
            "index": 17,
            "bbox": [
                [
                    284,
                    843
                ],
                [
                    284,
                    881
                ],
                [
                    389,
                    881
                ],
                [
                    389,
                    843
                ]
            ],
            "text": "garden",
            "label": "I_Descri",
            "links": []
        },
        {
            "index": 18,
            "bbox": [
                [
                    393,
                    843
                ],
                [
                    393,
                    881
                ],
                [
                    578,
                    881
                ],
                [
                    578,
                    843
                ]
            ],
            "text": "self-priming",
            "label": "I_Descri",
            "links": []
        },
        {
            "index": 19,
            "bbox": [
                [
                    583,
                    843
                ],
                [
                    583,
                    881
                ],
                [
                    668,
                    881
                ],
                [
                    668,
                    843
                ]
            ],
            "text": "pump",
            "label": "I_Descri",
            "links": []
        },
        {
            "index": 20,
            "bbox": [
                [
                    674,
                    843
                ],
                [
                    674,
                    881
                ],
                [
                    741,
                    881
                ],
                [
                    741,
                    843
                ]
            ],
            "text": "with",
            "label": "I_Descri",
            "links": []
        },
        {
            "index": 21,
            "bbox": [
                [
                    132,
                    881
                ],
                [
                    132,
                    918
                ],
                [
                    201,
                    918
                ],
                [
                    201,
                    881
                ]
            ],
            "text": "very",
            "label": "I_Descri",
            "links": []
        },
        {
            "index": 22,
            "bbox": [
                [
                    206,
                    881
                ],
                [
                    206,
                    918
                ],
                [
                    271,
                    918
                ],
                [
                    271,
                    881
                ]
            ],
            "text": "high",
            "label": "I_Descri",
            "links": []
        },
        {
            "index": 23,
            "bbox": [
                [
                    275,
                    881
                ],
                [
                    275,
                    918
                ],
                [
                    414,
                    918
                ],
                [
                    414,
                    881
                ]
            ],
            "text": "hydraulic",
            "label": "I_Descri",
            "links": []
        },
        {
            "index": 24,
            "bbox": [
                [
                    419,
                    881
                ],
                [
                    419,
                    918
                ],
                [
                    521,
                    918
                ],
                [
                    521,
                    881
                ]
            ],
            "text": "output",
            "label": "I_Descri",
            "links": []
        },
        {
            "index": 25,
            "bbox": [
                [
                    525,
                    881
                ],
                [
                    525,
                    918
                ],
                [
                    580,
                    918
                ],
                [
                    580,
                    881
                ]
            ],
            "text": "and",
            "label": "I_Descri",
            "links": []
        },
        {
            "index": 26,
            "bbox": [
                [
                    585,
                    881
                ],
                [
                    585,
                    918
                ],
                [
                    778,
                    918
                ],
                [
                    778,
                    881
                ]
            ],
            "text": "considerable",
            "label": "I_Descri",
            "links": []
        },
        {
            "index": 27,
            "bbox": [
                [
                    132,
                    921
                ],
                [
                    132,
                    955
                ],
                [
                    268,
                    955
                ],
                [
                    268,
                    921
                ]
            ],
            "text": "pressure",
            "label": "I_Descri",
            "links": []
        },
        {
            "index": 28,
            "bbox": [
                [
                    272,
                    922
                ],
                [
                    272,
                    956
                ],
                [
                    425,
                    956
                ],
                [
                    425,
                    922
                ]
            ],
            "text": "efficiency.",
            "label": "I_Descri",
            "links": []
        },
        {
            "index": 29,
            "bbox": [
                [
                    429,
                    922
                ],
                [
                    429,
                    956
                ],
                [
                    518,
                    956
                ],
                [
                    518,
                    922
                ]
            ],
            "text": "Pump",
            "label": "I_Descri",
            "links": []
        },
        {
            "index": 30,
            "bbox": [
                [
                    523,
                    922
                ],
                [
                    523,
                    956
                ],
                [
                    553,
                    956
                ],
                [
                    553,
                    922
                ]
            ],
            "text": "is",
            "label": "I_Descri",
            "links": []
        },
        {
            "index": 31,
            "bbox": [
                [
                    557,
                    922
                ],
                [
                    557,
                    956
                ],
                [
                    625,
                    956
                ],
                [
                    625,
                    922
                ]
            ],
            "text": "able",
            "label": "I_Descri",
            "links": []
        },
        {
            "index": 32,
            "bbox": [
                [
                    629,
                    922
                ],
                [
                    629,
                    956
                ],
                [
                    663,
                    956
                ],
                [
                    663,
                    922
                ]
            ],
            "text": "to",
            "label": "I_Descri",
            "links": []
        },
        {
            "index": 33,
            "bbox": [
                [
                    668,
                    921
                ],
                [
                    668,
                    955
                ],
                [
                    741,
                    955
                ],
                [
                    741,
                    921
                ]
            ],
            "text": "draw",
            "label": "I_Descri",
            "links": []
        },
        {
            "index": 34,
            "bbox": [
                [
                    132,
                    959
                ],
                [
                    132,
                    997
                ],
                [
                    217,
                    997
                ],
                [
                    217,
                    959
                ]
            ],
            "text": "water",
            "label": "I_Descri",
            "links": []
        },
        {
            "index": 35,
            "bbox": [
                [
                    222,
                    959
                ],
                [
                    222,
                    997
                ],
                [
                    298,
                    997
                ],
                [
                    298,
                    959
                ]
            ],
            "text": "from",
            "label": "I_Descri",
            "links": []
        },
        {
            "index": 36,
            "bbox": [
                [
                    303,
                    959
                ],
                [
                    303,
                    997
                ],
                [
                    322,
                    997
                ],
                [
                    322,
                    959
                ]
            ],
            "text": "a",
            "label": "I_Descri",
            "links": []
        },
        {
            "index": 37,
            "bbox": [
                [
                    327,
                    959
                ],
                [
                    327,
                    997
                ],
                [
                    417,
                    997
                ],
                [
                    417,
                    959
                ]
            ],
            "text": "depth",
            "label": "I_Descri",
            "links": []
        },
        {
            "index": 38,
            "bbox": [
                [
                    422,
                    959
                ],
                [
                    422,
                    997
                ],
                [
                    450,
                    997
                ],
                [
                    450,
                    959
                ]
            ],
            "text": "of",
            "label": "I_Descri",
            "links": []
        },
        {
            "index": 39,
            "bbox": [
                [
                    455,
                    959
                ],
                [
                    455,
                    997
                ],
                [
                    498,
                    997
                ],
                [
                    498,
                    959
                ]
            ],
            "text": "up",
            "label": "I_Descri",
            "links": []
        },
        {
            "index": 40,
            "bbox": [
                [
                    503,
                    959
                ],
                [
                    503,
                    997
                ],
                [
                    536,
                    997
                ],
                [
                    536,
                    959
                ]
            ],
            "text": "to",
            "label": "I_Descri",
            "links": []
        },
        {
            "index": 41,
            "bbox": [
                [
                    541,
                    959
                ],
                [
                    541,
                    997
                ],
                [
                    560,
                    997
                ],
                [
                    560,
                    959
                ]
            ],
            "text": "8",
            "label": "I_Descri",
            "links": []
        },
        {
            "index": 42,
            "bbox": [
                [
                    564,
                    959
                ],
                [
                    564,
                    997
                ],
                [
                    672,
                    997
                ],
                [
                    672,
                    959
                ]
            ],
            "text": "meters",
            "label": "I_Descri",
            "links": []
        },
        {
            "index": 43,
            "bbox": [
                [
                    132,
                    1145
                ],
                [
                    132,
                    1183
                ],
                [
                    312,
                    1183
                ],
                [
                    312,
                    1145
                ]
            ],
            "text": "Application",
            "label": "B_Section",
            "links": [
                [
                    45,
                    false
                ],
                [
                    49,
                    false
                ]
            ]
        },
        {
            "index": 44,
            "bbox": [
                [
                    132,
                    1189
                ],
                [
                    132,
                    1213
                ],
                [
                    153,
                    1213
                ],
                [
                    153,
                    1189
                ]
            ],
            "text": "•",
            "label": "Out",
            "links": []
        },
        {
            "index": 45,
            "bbox": [
                [
                    156,
                    1189
                ],
                [
                    156,
                    1213
                ],
                [
                    216,
                    1213
                ],
                [
                    216,
                    1189
                ]
            ],
            "text": "Home",
            "label": "B_Descri",
            "links": [
                [
                    43,
                    true
                ]
            ]
        },
        {
            "index": 46,
            "bbox": [
                [
                    219,
                    1189
                ],
                [
                    219,
                    1213
                ],
                [
                    279,
                    1213
                ],
                [
                    279,
                    1189
                ]
            ],
            "text": "water",
            "label": "I_Descri",
            "links": []
        },
        {
            "index": 47,
            "bbox": [
                [
                    282,
                    1189
                ],
                [
                    282,
                    1213
                ],
                [
                    350,
                    1213
                ],
                [
                    350,
                    1189
                ]
            ],
            "text": "supply",
            "label": "I_Descri",
            "links": []
        },
        {
            "index": 48,
            "bbox": [
                [
                    132,
                    1230
                ],
                [
                    132,
                    1254
                ],
                [
                    150,
                    1254
                ],
                [
                    150,
                    1230
                ]
            ],
            "text": "•",
            "label": "Out",
            "links": []
        },
        {
            "index": 49,
            "bbox": [
                [
                    153,
                    1230
                ],
                [
                    153,
                    1254
                ],
                [
                    213,
                    1254
                ],
                [
                    213,
                    1230
                ]
            ],
            "text": "Small",
            "label": "B_Descri",
            "links": [
                [
                    43,
                    true
                ]
            ]
        },
        {
            "index": 50,
            "bbox": [
                [
                    216,
                    1230
                ],
                [
                    216,
                    1254
                ],
                [
                    306,
                    1254
                ],
                [
                    306,
                    1230
                ]
            ],
            "text": "irrigation",
            "label": "I_Descri",
            "links": []
        },
        {
            "index": 51,
            "bbox": [
                [
                    143,
                    1350
                ],
                [
                    143,
                    1370
                ],
                [
                    211,
                    1370
                ],
                [
                    211,
                    1350
                ]
            ],
            "text": "Model",
            "label": "B_Section",
            "links": [
                [
                    52,
                    false
                ],
                [
                    53,
                    false
                ],
                [
                    56,
                    false
                ],
                [
                    60,
                    false
                ],
                [
                    64,
                    false
                ],
                [
                    68,
                    false
                ],
                [
                    70,
                    false
                ],
                [
                    74,
                    false
                ],
                [
                    78,
                    false
                ],
                [
                    82,
                    false
                ],
                [
                    85,
                    false
                ],
                [
                    88,
                    false
                ],
                [
                    90,
                    false
                ],
                [
                    92,
                    false
                ]
            ]
        },
        {
            "index": 52,
            "bbox": [
                [
                    143,
                    1401
                ],
                [
                    143,
                    1421
                ],
                [
                    191,
                    1421
                ],
                [
                    191,
                    1401
                ]
            ],
            "text": "Code",
            "label": "B_Prop",
            "links": [
                [
                    51,
                    true
                ]
            ]
        },
        {
            "index": 53,
            "bbox": [
                [
                    143,
                    1434
                ],
                [
                    143,
                    1451
                ],
                [
                    228,
                    1451
                ],
                [
                    228,
                    1434
                ]
            ],
            "text": "Maximum",
            "label": "B_Prop",
            "links": [
                [
                    51,
                    true
                ],
                [
                    103,
                    false
                ]
            ]
        },
        {
            "index": 54,
            "bbox": [
                [
                    230,
                    1434
                ],
                [
                    230,
                    1451
                ],
                [
                    266,
                    1451
                ],
                [
                    266,
                    1434
                ]
            ],
            "text": "flow",
            "label": "I_Prop",
            "links": []
        },
        {
            "index": 55,
            "bbox": [
                [
                    268,
                    1434
                ],
                [
                    268,
                    1451
                ],
                [
                    343,
                    1451
                ],
                [
                    343,
                    1434
                ]
            ],
            "text": "[m^3/hod]",
            "label": "B_Unit",
            "links": [
                [
                    103,
                    false
                ]
            ]
        },
        {
            "index": 56,
            "bbox": [
                [
                    143,
                    1468
                ],
                [
                    143,
                    1489
                ],
                [
                    227,
                    1489
                ],
                [
                    227,
                    1468
                ]
            ],
            "text": "Maximum",
            "label": "B_Prop",
            "links": [
                [
                    51,
                    true
                ],
                [
                    104,
                    false
                ]
            ]
        },
        {
            "index": 57,
            "bbox": [
                [
                    230,
                    1468
                ],
                [
                    230,
                    1489
                ],
                [
                    311,
                    1489
                ],
                [
                    311,
                    1468
                ]
            ],
            "text": "discharge",
            "label": "I_Prop",
            "links": []
        },
        {
            "index": 58,
            "bbox": [
                [
                    314,
                    1468
                ],
                [
                    314,
                    1489
                ],
                [
                    356,
                    1489
                ],
                [
                    356,
                    1468
                ]
            ],
            "text": "head",
            "label": "I_Prop",
            "links": []
        },
        {
            "index": 59,
            "bbox": [
                [
                    358,
                    1468
                ],
                [
                    358,
                    1489
                ],
                [
                    387,
                    1489
                ],
                [
                    387,
                    1468
                ]
            ],
            "text": "[m]",
            "label": "B_Unit",
            "links": [
                [
                    104,
                    false
                ]
            ]
        },
        {
            "index": 60,
            "bbox": [
                [
                    143,
                    1506
                ],
                [
                    143,
                    1526
                ],
                [
                    228,
                    1526
                ],
                [
                    228,
                    1506
                ]
            ],
            "text": "Maximum",
            "label": "B_Prop",
            "links": [
                [
                    51,
                    true
                ],
                [
                    138,
                    false
                ]
            ]
        },
        {
            "index": 61,
            "bbox": [
                [
                    231,
                    1506
                ],
                [
                    231,
                    1526
                ],
                [
                    291,
                    1526
                ],
                [
                    291,
                    1506
                ]
            ],
            "text": "suction",
            "label": "I_Prop",
            "links": []
        },
        {
            "index": 62,
            "bbox": [
                [
                    293,
                    1506
                ],
                [
                    293,
                    1526
                ],
                [
                    348,
                    1526
                ],
                [
                    348,
                    1506
                ]
            ],
            "text": "height",
            "label": "I_Prop",
            "links": []
        },
        {
            "index": 63,
            "bbox": [
                [
                    351,
                    1506
                ],
                [
                    351,
                    1526
                ],
                [
                    381,
                    1526
                ],
                [
                    381,
                    1506
                ]
            ],
            "text": "[m",
            "label": "B_Unit",
            "links": [
                [
                    138,
                    false
                ]
            ]
        },
        {
            "index": 64,
            "bbox": [
                [
                    139,
                    1540
                ],
                [
                    139,
                    1564
                ],
                [
                    208,
                    1564
                ],
                [
                    208,
                    1540
                ]
            ],
            "text": "Voltage",
            "label": "B_Prop",
            "links": [
                [
                    51,
                    true
                ],
                [
                    105,
                    false
                ]
            ]
        },
        {
            "index": 65,
            "bbox": [
                [
                    211,
                    1540
                ],
                [
                    211,
                    1564
                ],
                [
                    217,
                    1564
                ],
                [
                    217,
                    1540
                ]
            ],
            "text": "/",
            "label": "I_Prop",
            "links": []
        },
        {
            "index": 66,
            "bbox": [
                [
                    220,
                    1540
                ],
                [
                    220,
                    1564
                ],
                [
                    304,
                    1564
                ],
                [
                    304,
                    1540
                ]
            ],
            "text": "frequency",
            "label": "I_Prop",
            "links": []
        },
        {
            "index": 67,
            "bbox": [
                [
                    307,
                    1540
                ],
                [
                    307,
                    1564
                ],
                [
                    360,
                    1564
                ],
                [
                    360,
                    1540
                ]
            ],
            "text": "[V/Hz]",
            "label": "B_Unit",
            "links": [
                [
                    105,
                    false
                ]
            ]
        },
        {
            "index": 68,
            "bbox": [
                [
                    142,
                    1577
                ],
                [
                    142,
                    1599
                ],
                [
                    197,
                    1599
                ],
                [
                    197,
                    1577
                ]
            ],
            "text": "Power",
            "label": "B_Prop",
            "links": [
                [
                    51,
                    true
                ],
                [
                    108,
                    false
                ]
            ]
        },
        {
            "index": 69,
            "bbox": [
                [
                    200,
                    1577
                ],
                [
                    200,
                    1598
                ],
                [
                    228,
                    1598
                ],
                [
                    228,
                    1577
                ]
            ],
            "text": "[W]",
            "label": "B_Unit",
            "links": [
                [
                    108,
                    false
                ]
            ]
        },
        {
            "index": 70,
            "bbox": [
                [
                    143,
                    1615
                ],
                [
                    143,
                    1635
                ],
                [
                    208,
                    1635
                ],
                [
                    208,
                    1615
                ]
            ],
            "text": "Suction",
            "label": "B_Prop",
            "links": [
                [
                    51,
                    true
                ],
                [
                    109,
                    false
                ]
            ]
        },
        {
            "index": 71,
            "bbox": [
                [
                    210,
                    1615
                ],
                [
                    210,
                    1635
                ],
                [
                    220,
                    1635
                ],
                [
                    220,
                    1615
                ]
            ],
            "text": "x",
            "label": "I_Prop",
            "links": []
        },
        {
            "index": 72,
            "bbox": [
                [
                    223,
                    1615
                ],
                [
                    223,
                    1635
                ],
                [
                    306,
                    1635
                ],
                [
                    306,
                    1615
                ]
            ],
            "text": "discharge",
            "label": "I_Prop",
            "links": []
        },
        {
            "index": 73,
            "bbox": [
                [
                    308,
                    1615
                ],
                [
                    308,
                    1635
                ],
                [
                    350,
                    1635
                ],
                [
                    350,
                    1615
                ]
            ],
            "text": "neck",
            "label": "I_Prop",
            "links": []
        },
        {
            "index": 74,
            "bbox": [
                [
                    143,
                    1649
                ],
                [
                    143,
                    1669
                ],
                [
                    228,
                    1669
                ],
                [
                    228,
                    1649
                ]
            ],
            "text": "Maximum",
            "label": "B_Prop",
            "links": [
                [
                    51,
                    true
                ],
                [
                    139,
                    false
                ]
            ]
        },
        {
            "index": 75,
            "bbox": [
                [
                    231,
                    1649
                ],
                [
                    231,
                    1669
                ],
                [
                    268,
                    1669
                ],
                [
                    268,
                    1649
                ]
            ],
            "text": "fluid",
            "label": "I_Prop",
            "links": []
        },
        {
            "index": 76,
            "bbox": [
                [
                    271,
                    1649
                ],
                [
                    271,
                    1669
                ],
                [
                    371,
                    1669
                ],
                [
                    371,
                    1649
                ]
            ],
            "text": "temperature",
            "label": "I_Prop",
            "links": []
        },
        {
            "index": 77,
            "bbox": [
                [
                    373,
                    1649
                ],
                [
                    373,
                    1669
                ],
                [
                    404,
                    1669
                ],
                [
                    404,
                    1649
                ]
            ],
            "text": "[°C]",
            "label": "B_Unit",
            "links": [
                [
                    139,
                    false
                ]
            ]
        },
        {
            "index": 78,
            "bbox": [
                [
                    139,
                    1686
                ],
                [
                    139,
                    1703
                ],
                [
                    226,
                    1703
                ],
                [
                    226,
                    1686
                ]
            ],
            "text": "Maximum",
            "label": "B_Prop",
            "links": [
                [
                    51,
                    true
                ],
                [
                    111,
                    false
                ]
            ]
        },
        {
            "index": 79,
            "bbox": [
                [
                    228,
                    1686
                ],
                [
                    228,
                    1703
                ],
                [
                    298,
                    1703
                ],
                [
                    298,
                    1686
                ]
            ],
            "text": "ambient",
            "label": "I_Prop",
            "links": []
        },
        {
            "index": 80,
            "bbox": [
                [
                    301,
                    1686
                ],
                [
                    301,
                    1703
                ],
                [
                    405,
                    1703
                ],
                [
                    405,
                    1686
                ]
            ],
            "text": "temperature",
            "label": "I_Prop",
            "links": []
        },
        {
            "index": 81,
            "bbox": [
                [
                    407,
                    1686
                ],
                [
                    407,
                    1703
                ],
                [
                    435,
                    1703
                ],
                [
                    435,
                    1686
                ]
            ],
            "text": "[°C]",
            "label": "B_Unit",
            "links": [
                [
                    111,
                    false
                ]
            ]
        },
        {
            "index": 82,
            "bbox": [
                [
                    139,
                    1720
                ],
                [
                    139,
                    1740
                ],
                [
                    191,
                    1740
                ],
                [
                    191,
                    1720
                ]
            ],
            "text": "Cable",
            "label": "B_Prop",
            "links": [
                [
                    51,
                    true
                ],
                [
                    140,
                    false
                ]
            ]
        },
        {
            "index": 83,
            "bbox": [
                [
                    194,
                    1720
                ],
                [
                    194,
                    1740
                ],
                [
                    247,
                    1740
                ],
                [
                    247,
                    1720
                ]
            ],
            "text": "length",
            "label": "I_Prop",
            "links": []
        },
        {
            "index": 84,
            "bbox": [
                [
                    249,
                    1720
                ],
                [
                    249,
                    1740
                ],
                [
                    278,
                    1740
                ],
                [
                    278,
                    1720
                ]
            ],
            "text": "[m]",
            "label": "B_Unit",
            "links": [
                [
                    140,
                    false
                ]
            ]
        },
        {
            "index": 85,
            "bbox": [
                [
                    143,
                    1757
                ],
                [
                    143,
                    1778
                ],
                [
                    204,
                    1778
                ],
                [
                    204,
                    1757
                ]
            ],
            "text": "Degree",
            "label": "B_Prop",
            "links": [
                [
                    51,
                    true
                ],
                [
                    112,
                    false
                ]
            ]
        },
        {
            "index": 86,
            "bbox": [
                [
                    206,
                    1757
                ],
                [
                    206,
                    1778
                ],
                [
                    224,
                    1778
                ],
                [
                    224,
                    1757
                ]
            ],
            "text": "of",
            "label": "I_Prop",
            "links": []
        },
        {
            "index": 87,
            "bbox": [
                [
                    227,
                    1757
                ],
                [
                    227,
                    1778
                ],
                [
                    316,
                    1778
                ],
                [
                    316,
                    1757
                ]
            ],
            "text": "protection",
            "label": "I_Prop",
            "links": []
        },
        {
            "index": 88,
            "bbox": [
                [
                    139,
                    1791
                ],
                [
                    139,
                    1808
                ],
                [
                    228,
                    1808
                ],
                [
                    228,
                    1791
                ]
            ],
            "text": "Insulation",
            "label": "B_Prop",
            "links": [
                [
                    51,
                    true
                ],
                [
                    114,
                    false
                ]
            ]
        },
        {
            "index": 89,
            "bbox": [
                [
                    230,
                    1791
                ],
                [
                    230,
                    1808
                ],
                [
                    275,
                    1808
                ],
                [
                    275,
                    1791
                ]
            ],
            "text": "class",
            "label": "I_Prop",
            "links": []
        },
        {
            "index": 90,
            "bbox": [
                [
                    143,
                    1825
                ],
                [
                    143,
                    1846
                ],
                [
                    204,
                    1846
                ],
                [
                    204,
                    1825
                ]
            ],
            "text": "Weight",
            "label": "B_Prop",
            "links": [
                [
                    51,
                    true
                ],
                [
                    115,
                    false
                ]
            ]
        },
        {
            "index": 91,
            "bbox": [
                [
                    206,
                    1825
                ],
                [
                    206,
                    1846
                ],
                [
                    238,
                    1846
                ],
                [
                    238,
                    1825
                ]
            ],
            "text": "[kg]",
            "label": "B_Unit",
            "links": [
                [
                    115,
                    false
                ]
            ]
        },
        {
            "index": 92,
            "bbox": [
                [
                    143,
                    1863
                ],
                [
                    143,
                    1880
                ],
                [
                    233,
                    1880
                ],
                [
                    233,
                    1863
                ]
            ],
            "text": "Dimension",
            "label": "B_Prop",
            "links": [
                [
                    51,
                    true
                ],
                [
                    116,
                    false
                ]
            ]
        },
        {
            "index": 93,
            "bbox": [
                [
                    234,
                    1863
                ],
                [
                    234,
                    1880
                ],
                [
                    247,
                    1880
                ],
                [
                    247,
                    1863
                ]
            ],
            "text": "L",
            "label": "I_Prop",
            "links": []
        },
        {
            "index": 94,
            "bbox": [
                [
                    249,
                    1863
                ],
                [
                    249,
                    1880
                ],
                [
                    260,
                    1880
                ],
                [
                    260,
                    1863
                ]
            ],
            "text": "x",
            "label": "I_Prop",
            "links": []
        },
        {
            "index": 95,
            "bbox": [
                [
                    262,
                    1863
                ],
                [
                    262,
                    1880
                ],
                [
                    277,
                    1880
                ],
                [
                    277,
                    1863
                ]
            ],
            "text": "H",
            "label": "I_Prop",
            "links": []
        },
        {
            "index": 96,
            "bbox": [
                [
                    279,
                    1863
                ],
                [
                    279,
                    1880
                ],
                [
                    292,
                    1880
                ],
                [
                    292,
                    1863
                ]
            ],
            "text": "x",
            "label": "I_Prop",
            "links": []
        },
        {
            "index": 97,
            "bbox": [
                [
                    294,
                    1863
                ],
                [
                    294,
                    1880
                ],
                [
                    313,
                    1880
                ],
                [
                    313,
                    1863
                ]
            ],
            "text": "W",
            "label": "I_Prop",
            "links": []
        },
        {
            "index": 98,
            "bbox": [
                [
                    315,
                    1863
                ],
                [
                    315,
                    1880
                ],
                [
                    356,
                    1880
                ],
                [
                    356,
                    1863
                ]
            ],
            "text": "[mm]",
            "label": "B_Unit",
            "links": [
                [
                    116,
                    false
                ]
            ]
        },
        {
            "index": 99,
            "bbox": [
                [
                    465,
                    1349
                ],
                [
                    465,
                    1370
                ],
                [
                    512,
                    1370
                ],
                [
                    512,
                    1349
                ]
            ],
            "text": "blue",
            "label": "B_Descri",
            "links": [
                [
                    102,
                    false
                ]
            ]
        },
        {
            "index": 100,
            "bbox": [
                [
                    515,
                    1349
                ],
                [
                    515,
                    1370
                ],
                [
                    554,
                    1370
                ],
                [
                    554,
                    1349
                ]
            ],
            "text": "line",
            "label": "I_Descri",
            "links": []
        },
        {
            "index": 101,
            "bbox": [
                [
                    557,
                    1349
                ],
                [
                    557,
                    1370
                ],
                [
                    679,
                    1370
                ],
                [
                    679,
                    1349
                ]
            ],
            "text": "PJM800X-G",
            "label": "I_Descri",
            "links": []
        },
        {
            "index": 102,
            "bbox": [
                [
                    465,
                    1401
                ],
                [
                    465,
                    1418
                ],
                [
                    560,
                    1418
                ],
                [
                    560,
                    1401
                ]
            ],
            "text": "ZB00001236",
            "label": "B_Ref",
            "links": [
                [
                    103,
                    false
                ],
                [
                    104,
                    false
                ],
                [
                    105,
                    false
                ],
                [
                    108,
                    false
                ],
                [
                    109,
                    false
                ],
                [
                    111,
                    false
                ],
                [
                    112,
                    false
                ],
                [
                    114,
                    false
                ],
                [
                    115,
                    false
                ],
                [
                    116,
                    false
                ],
                [
                    138,
                    false
                ],
                [
                    139,
                    false
                ],
                [
                    140,
                    false
                ],
                [
                    99,
                    true
                ]
            ]
        },
        {
            "index": 103,
            "bbox": [
                [
                    465,
                    1435
                ],
                [
                    465,
                    1452
                ],
                [
                    489,
                    1452
                ],
                [
                    489,
                    1435
                ]
            ],
            "text": "3,1",
            "label": "B_Value",
            "links": [
                [
                    55,
                    true
                ],
                [
                    53,
                    true
                ],
                [
                    102,
                    true
                ]
            ]
        },
        {
            "index": 104,
            "bbox": [
                [
                    462,
                    1469
                ],
                [
                    462,
                    1486
                ],
                [
                    489,
                    1486
                ],
                [
                    489,
                    1469
                ]
            ],
            "text": "38",
            "label": "B_Value",
            "links": [
                [
                    59,
                    true
                ],
                [
                    56,
                    true
                ],
                [
                    102,
                    true
                ]
            ]
        },
        {
            "index": 105,
            "bbox": [
                [
                    462,
                    1543
                ],
                [
                    462,
                    1560
                ],
                [
                    496,
                    1560
                ],
                [
                    496,
                    1543
                ]
            ],
            "text": "230",
            "label": "B_Value",
            "links": [
                [
                    67,
                    true
                ],
                [
                    64,
                    true
                ],
                [
                    102,
                    true
                ]
            ]
        },
        {
            "index": 106,
            "bbox": [
                [
                    498,
                    1543
                ],
                [
                    498,
                    1560
                ],
                [
                    504,
                    1560
                ],
                [
                    504,
                    1543
                ]
            ],
            "text": "/",
            "label": "I_Value",
            "links": []
        },
        {
            "index": 107,
            "bbox": [
                [
                    507,
                    1543
                ],
                [
                    507,
                    1560
                ],
                [
                    530,
                    1560
                ],
                [
                    530,
                    1543
                ]
            ],
            "text": "50",
            "label": "I_Value",
            "links": []
        },
        {
            "index": 108,
            "bbox": [
                [
                    462,
                    1577
                ],
                [
                    462,
                    1597
                ],
                [
                    496,
                    1597
                ],
                [
                    496,
                    1577
                ]
            ],
            "text": "800",
            "label": "B_Value",
            "links": [
                [
                    69,
                    true
                ],
                [
                    68,
                    true
                ],
                [
                    102,
                    true
                ]
            ]
        },
        {
            "index": 109,
            "bbox": [
                [
                    465,
                    1611
                ],
                [
                    465,
                    1632
                ],
                [
                    494,
                    1632
                ],
                [
                    494,
                    1611
                ]
            ],
            "text": "1“ x",
            "label": "B_Value",
            "links": [
                [
                    70,
                    true
                ],
                [
                    102,
                    true
                ]
            ]
        },
        {
            "index": 110,
            "bbox": [
                [
                    497,
                    1611
                ],
                [
                    497,
                    1632
                ],
                [
                    513,
                    1632
                ],
                [
                    513,
                    1611
                ]
            ],
            "text": "1“",
            "label": "I_Value",
            "links": []
        },
        {
            "index": 111,
            "bbox": [
                [
                    465,
                    1686
                ],
                [
                    465,
                    1703
                ],
                [
                    485,
                    1703
                ],
                [
                    485,
                    1686
                ]
            ],
            "text": "40",
            "label": "B_Value",
            "links": [
                [
                    81,
                    true
                ],
                [
                    78,
                    true
                ],
                [
                    102,
                    true
                ]
            ]
        },
        {
            "index": 112,
            "bbox": [
                [
                    465,
                    1757
                ],
                [
                    465,
                    1774
                ],
                [
                    482,
                    1774
                ],
                [
                    482,
                    1757
                ]
            ],
            "text": "IP",
            "label": "B_Value",
            "links": [
                [
                    85,
                    true
                ],
                [
                    102,
                    true
                ]
            ]
        },
        {
            "index": 113,
            "bbox": [
                [
                    484,
                    1757
                ],
                [
                    484,
                    1774
                ],
                [
                    506,
                    1774
                ],
                [
                    506,
                    1757
                ]
            ],
            "text": "X4",
            "label": "I_Value",
            "links": []
        },
        {
            "index": 114,
            "bbox": [
                [
                    465,
                    1792
                ],
                [
                    465,
                    1809
                ],
                [
                    496,
                    1809
                ],
                [
                    496,
                    1792
                ]
            ],
            "text": "130",
            "label": "B_Value",
            "links": [
                [
                    88,
                    true
                ],
                [
                    102,
                    true
                ]
            ]
        },
        {
            "index": 115,
            "bbox": [
                [
                    465,
                    1829
                ],
                [
                    465,
                    1846
                ],
                [
                    492,
                    1846
                ],
                [
                    492,
                    1829
                ]
            ],
            "text": "6,9",
            "label": "B_Value",
            "links": [
                [
                    91,
                    true
                ],
                [
                    90,
                    true
                ],
                [
                    102,
                    true
                ]
            ]
        },
        {
            "index": 116,
            "bbox": [
                [
                    465,
                    1863
                ],
                [
                    465,
                    1880
                ],
                [
                    494,
                    1880
                ],
                [
                    494,
                    1863
                ]
            ],
            "text": "330",
            "label": "B_Value",
            "links": [
                [
                    98,
                    true
                ],
                [
                    92,
                    true
                ],
                [
                    102,
                    true
                ]
            ]
        },
        {
            "index": 117,
            "bbox": [
                [
                    497,
                    1863
                ],
                [
                    497,
                    1880
                ],
                [
                    508,
                    1880
                ],
                [
                    508,
                    1863
                ]
            ],
            "text": "×",
            "label": "I_Value",
            "links": []
        },
        {
            "index": 118,
            "bbox": [
                [
                    510,
                    1863
                ],
                [
                    510,
                    1880
                ],
                [
                    538,
                    1880
                ],
                [
                    538,
                    1863
                ]
            ],
            "text": "240",
            "label": "I_Value",
            "links": []
        },
        {
            "index": 119,
            "bbox": [
                [
                    539,
                    1863
                ],
                [
                    539,
                    1880
                ],
                [
                    548,
                    1880
                ],
                [
                    548,
                    1863
                ]
            ],
            "text": "x",
            "label": "I_Value",
            "links": []
        },
        {
            "index": 120,
            "bbox": [
                [
                    550,
                    1863
                ],
                [
                    550,
                    1880
                ],
                [
                    581,
                    1880
                ],
                [
                    581,
                    1863
                ]
            ],
            "text": "205",
            "label": "I_Value",
            "links": []
        },
        {
            "index": 121,
            "bbox": [
                [
                    849,
                    1393
                ],
                [
                    849,
                    1427
                ],
                [
                    1002,
                    1427
                ],
                [
                    1002,
                    1393
                ]
            ],
            "text": "Hydraulic",
            "label": "B_Section",
            "links": []
        },
        {
            "index": 122,
            "bbox": [
                [
                    1006,
                    1393
                ],
                [
                    1006,
                    1427
                ],
                [
                    1112,
                    1427
                ],
                [
                    1112,
                    1393
                ]
            ],
            "text": "power",
            "label": "I_Section",
            "links": []
        },
        {
            "index": 123,
            "bbox": [
                [
                    1117,
                    1393
                ],
                [
                    1117,
                    1427
                ],
                [
                    1203,
                    1427
                ],
                [
                    1203,
                    1393
                ]
            ],
            "text": "curve",
            "label": "I_Section",
            "links": []
        },
        {
            "index": 124,
            "bbox": [
                [
                    880,
                    1455
                ],
                [
                    880,
                    1475
                ],
                [
                    900,
                    1475
                ],
                [
                    900,
                    1455
                ]
            ],
            "text": "50",
            "label": "Out",
            "links": []
        },
        {
            "index": 125,
            "bbox": [
                [
                    849,
                    1509
                ],
                [
                    849,
                    1526
                ],
                [
                    873,
                    1526
                ],
                [
                    873,
                    1509
                ]
            ],
            "text": "m",
            "label": "Out",
            "links": []
        },
        {
            "index": 126,
            "bbox": [
                [
                    876,
                    1513
                ],
                [
                    876,
                    1530
                ],
                [
                    900,
                    1530
                ],
                [
                    900,
                    1513
                ]
            ],
            "text": "40",
            "label": "Out",
            "links": []
        },
        {
            "index": 127,
            "bbox": [
                [
                    876,
                    1567
                ],
                [
                    876,
                    1584
                ],
                [
                    903,
                    1584
                ],
                [
                    903,
                    1567
                ]
            ],
            "text": "30",
            "label": "Out",
            "links": []
        },
        {
            "index": 128,
            "bbox": [
                [
                    846,
                    1620
                ],
                [
                    846,
                    1662
                ],
                [
                    863,
                    1662
                ],
                [
                    863,
                    1620
                ]
            ],
            "text": "Head",
            "label": "Out",
            "links": []
        },
        {
            "index": 129,
            "bbox": [
                [
                    846,
                    1605
                ],
                [
                    846,
                    1619
                ],
                [
                    863,
                    1619
                ],
                [
                    863,
                    1605
                ]
            ],
            "text": "H",
            "label": "Out",
            "links": []
        },
        {
            "index": 130,
            "bbox": [
                [
                    876,
                    1625
                ],
                [
                    876,
                    1642
                ],
                [
                    903,
                    1642
                ],
                [
                    903,
                    1625
                ]
            ],
            "text": "20",
            "label": "Out",
            "links": []
        },
        {
            "index": 131,
            "bbox": [
                [
                    880,
                    1679
                ],
                [
                    880,
                    1696
                ],
                [
                    904,
                    1696
                ],
                [
                    904,
                    1679
                ]
            ],
            "text": "10",
            "label": "Out",
            "links": []
        },
        {
            "index": 132,
            "bbox": [
                [
                    1158,
                    1581
                ],
                [
                    1158,
                    1602
                ],
                [
                    1260,
                    1602
                ],
                [
                    1260,
                    1581
                ]
            ],
            "text": "PJM800X-G",
            "label": "Out",
            "links": []
        },
        {
            "index": 133,
            "bbox": [
                [
                    1260,
                    1751
                ],
                [
                    1260,
                    1771
                ],
                [
                    1277,
                    1771
                ],
                [
                    1277,
                    1751
                ]
            ],
            "text": "3",
            "label": "Out",
            "links": []
        },
        {
            "index": 134,
            "bbox": [
                [
                    1182,
                    1791
                ],
                [
                    1182,
                    1808
                ],
                [
                    1227,
                    1808
                ],
                [
                    1227,
                    1791
                ]
            ],
            "text": "Flow",
            "label": "Out",
            "links": []
        },
        {
            "index": 135,
            "bbox": [
                [
                    1229,
                    1791
                ],
                [
                    1229,
                    1808
                ],
                [
                    1240,
                    1808
                ],
                [
                    1240,
                    1791
                ]
            ],
            "text": "Q",
            "label": "Out",
            "links": []
        },
        {
            "index": 136,
            "bbox": [
                [
                    1474,
                    1792
                ],
                [
                    1474,
                    1809
                ],
                [
                    1518,
                    1809
                ],
                [
                    1518,
                    1792
                ]
            ],
            "text": "m^3/h",
            "label": "Out",
            "links": []
        },
        {
            "index": 137,
            "bbox": [
                [
                    136,
                    2084
                ],
                [
                    136,
                    2115
                ],
                [
                    431,
                    2115
                ],
                [
                    431,
                    2084
                ]
            ],
            "text": "www.pumpa.eu",
            "label": "Out",
            "links": []
        },
        {
            "index": 138,
            "bbox": [
                [
                    464,
                    1500
                ],
                [
                    464,
                    1523
                ],
                [
                    480,
                    1523
                ],
                [
                    480,
                    1500
                ]
            ],
            "text": "8",
            "label": "B_Value",
            "links": [
                [
                    63,
                    true
                ],
                [
                    60,
                    true
                ],
                [
                    102,
                    true
                ]
            ]
        },
        {
            "index": 139,
            "bbox": [
                [
                    465,
                    1648
                ],
                [
                    465,
                    1666
                ],
                [
                    488,
                    1666
                ],
                [
                    488,
                    1648
                ]
            ],
            "text": "35",
            "label": "B_Value",
            "links": [
                [
                    77,
                    true
                ],
                [
                    74,
                    true
                ],
                [
                    102,
                    true
                ]
            ]
        },
        {
            "index": 140,
            "bbox": [
                [
                    465,
                    1715
                ],
                [
                    465,
                    1739
                ],
                [
                    480,
                    1739
                ],
                [
                    480,
                    1715
                ]
            ],
            "text": "1",
            "label": "B_Value",
            "links": [
                [
                    84,
                    true
                ],
                [
                    82,
                    true
                ],
                [
                    102,
                    true
                ]
            ]
        }
    ]
}