{
    "datasheet": [
        {
            "index": 0,
            "bbox": [
                [
                    183,
                    129
                ],
                [
                    183,
                    228
                ],
                [
                    597,
                    228
                ],
                [
                    597,
                    129
                ]
            ],
            "text": "pumpa",
            "label": "Out",
            "links": []
        },
        {
            "index": 1,
            "bbox": [
                [
                    1056,
                    180
                ],
                [
                    1056,
                    211
                ],
                [
                    1180,
                    211
                ],
                [
                    1180,
                    180
                ]
            ],
            "text": "PUMPA",
            "label": "B_Descri",
            "links": []
        },
        {
            "index": 2,
            "bbox": [
                [
                    1184,
                    180
                ],
                [
                    1184,
                    211
                ],
                [
                    1269,
                    211
                ],
                [
                    1269,
                    180
                ]
            ],
            "text": "BLUE",
            "label": "I_Descri",
            "links": []
        },
        {
            "index": 3,
            "bbox": [
                [
                    1273,
                    180
                ],
                [
                    1273,
                    211
                ],
                [
                    1347,
                    211
                ],
                [
                    1347,
                    180
                ]
            ],
            "text": "LINE",
            "label": "I_Descri",
            "links": []
        },
        {
            "index": 4,
            "bbox": [
                [
                    1351,
                    180
                ],
                [
                    1351,
                    211
                ],
                [
                    1519,
                    211
                ],
                [
                    1519,
                    180
                ]
            ],
            "text": "PSDR550P",
            "label": "I_Descri",
            "links": []
        },
        {
            "index": 5,
            "bbox": [
                [
                    183,
                    299
                ],
                [
                    183,
                    371
                ],
                [
                    378,
                    371
                ],
                [
                    378,
                    299
                ]
            ],
            "text": "blue",
            "label": "Out",
            "links": []
        },
        {
            "index": 6,
            "bbox": [
                [
                    387,
                    299
                ],
                [
                    387,
                    371
                ],
                [
                    553,
                    371
                ],
                [
                    553,
                    299
                ]
            ],
            "text": "line",
            "label": "Out",
            "links": []
        },
        {
            "index": 7,
            "bbox": [
                [
                    132,
                    520
                ],
                [
                    132,
                    595
                ],
                [
                    450,
                    595
                ],
                [
                    450,
                    520
                ]
            ],
            "text": "submersible",
            "label": "B_Descri",
            "links": []
        },
        {
            "index": 8,
            "bbox": [
                [
                    460,
                    520
                ],
                [
                    460,
                    595
                ],
                [
                    713,
                    595
                ],
                [
                    713,
                    520
                ]
            ],
            "text": "drainage",
            "label": "I_Descri",
            "links": []
        },
        {
            "index": 9,
            "bbox": [
                [
                    723,
                    520
                ],
                [
                    723,
                    595
                ],
                [
                    883,
                    595
                ],
                [
                    883,
                    520
                ]
            ],
            "text": "pump",
            "label": "I_Descri",
            "links": []
        },
        {
            "index": 10,
            "bbox": [
                [
                    132,
                    639
                ],
                [
                    132,
                    701
                ],
                [
                    341,
                    701
                ],
                [
                    341,
                    639
                ]
            ],
            "text": "BLUE",
            "label": "B_Descri",
            "links": []
        },
        {
            "index": 11,
            "bbox": [
                [
                    349,
                    639
                ],
                [
                    349,
                    701
                ],
                [
                    543,
                    701
                ],
                [
                    543,
                    639
                ]
            ],
            "text": "LINE",
            "label": "I_Descri",
            "links": []
        },
        {
            "index": 12,
            "bbox": [
                [
                    550,
                    639
                ],
                [
                    550,
                    701
                ],
                [
                    978,
                    701
                ],
                [
                    978,
                    639
                ]
            ],
            "text": "PSDR550P",
            "label": "I_Descri",
            "links": []
        },
        {
            "index": 13,
            "bbox": [
                [
                    129,
                    751
                ],
                [
                    129,
                    792
                ],
                [
                    324,
                    792
                ],
                [
                    324,
                    751
                ]
            ],
            "text": "Submersible",
            "label": "B_Descri",
            "links": []
        },
        {
            "index": 14,
            "bbox": [
                [
                    329,
                    752
                ],
                [
                    329,
                    792
                ],
                [
                    459,
                    792
                ],
                [
                    459,
                    752
                ]
            ],
            "text": "drainage",
            "label": "I_Descri",
            "links": []
        },
        {
            "index": 15,
            "bbox": [
                [
                    464,
                    752
                ],
                [
                    464,
                    792
                ],
                [
                    549,
                    792
                ],
                [
                    549,
                    752
                ]
            ],
            "text": "pump",
            "label": "I_Descri",
            "links": []
        },
        {
            "index": 16,
            "bbox": [
                [
                    554,
                    752
                ],
                [
                    554,
                    792
                ],
                [
                    619,
                    792
                ],
                [
                    619,
                    752
                ]
            ],
            "text": "with",
            "label": "I_Descri",
            "links": []
        },
        {
            "index": 17,
            "bbox": [
                [
                    624,
                    752
                ],
                [
                    624,
                    792
                ],
                [
                    774,
                    792
                ],
                [
                    774,
                    752
                ]
            ],
            "text": "automatic",
            "label": "I_Descri",
            "links": []
        },
        {
            "index": 18,
            "bbox": [
                [
                    779,
                    752
                ],
                [
                    779,
                    792
                ],
                [
                    864,
                    792
                ],
                [
                    864,
                    752
                ]
            ],
            "text": "water",
            "label": "I_Descri",
            "links": []
        },
        {
            "index": 19,
            "bbox": [
                [
                    869,
                    751
                ],
                [
                    869,
                    792
                ],
                [
                    944,
                    792
                ],
                [
                    944,
                    751
                ]
            ],
            "text": "level",
            "label": "I_Descri",
            "links": []
        },
        {
            "index": 20,
            "bbox": [
                [
                    132,
                    792
                ],
                [
                    132,
                    830
                ],
                [
                    298,
                    830
                ],
                [
                    298,
                    792
                ]
            ],
            "text": "monitoring",
            "label": "I_Descri",
            "links": []
        },
        {
            "index": 21,
            "bbox": [
                [
                    303,
                    792
                ],
                [
                    303,
                    830
                ],
                [
                    332,
                    830
                ],
                [
                    332,
                    792
                ]
            ],
            "text": "is",
            "label": "I_Descri",
            "links": []
        },
        {
            "index": 22,
            "bbox": [
                [
                    336,
                    792
                ],
                [
                    336,
                    830
                ],
                [
                    455,
                    830
                ],
                [
                    455,
                    792
                ]
            ],
            "text": "suitable",
            "label": "I_Descri",
            "links": []
        },
        {
            "index": 23,
            "bbox": [
                [
                    460,
                    792
                ],
                [
                    460,
                    830
                ],
                [
                    503,
                    830
                ],
                [
                    503,
                    792
                ]
            ],
            "text": "for",
            "label": "I_Descri",
            "links": []
        },
        {
            "index": 24,
            "bbox": [
                [
                    507,
                    792
                ],
                [
                    507,
                    830
                ],
                [
                    645,
                    830
                ],
                [
                    645,
                    792
                ]
            ],
            "text": "pumping",
            "label": "I_Descri",
            "links": []
        },
        {
            "index": 25,
            "bbox": [
                [
                    650,
                    792
                ],
                [
                    650,
                    830
                ],
                [
                    731,
                    830
                ],
                [
                    731,
                    792
                ]
            ],
            "text": "clean",
            "label": "I_Descri",
            "links": []
        },
        {
            "index": 26,
            "bbox": [
                [
                    735,
                    792
                ],
                [
                    735,
                    830
                ],
                [
                    768,
                    830
                ],
                [
                    768,
                    792
                ]
            ],
            "text": "or",
            "label": "I_Descri",
            "links": []
        },
        {
            "index": 27,
            "bbox": [
                [
                    773,
                    792
                ],
                [
                    773,
                    830
                ],
                [
                    886,
                    830
                ],
                [
                    886,
                    792
                ]
            ],
            "text": "slightly",
            "label": "I_Descri",
            "links": []
        },
        {
            "index": 28,
            "bbox": [
                [
                    132,
                    830
                ],
                [
                    132,
                    864
                ],
                [
                    340,
                    864
                ],
                [
                    340,
                    830
                ]
            ],
            "text": "contaminated",
            "label": "I_Descri",
            "links": []
        },
        {
            "index": 29,
            "bbox": [
                [
                    344,
                    830
                ],
                [
                    344,
                    864
                ],
                [
                    438,
                    864
                ],
                [
                    438,
                    830
                ]
            ],
            "text": "water",
            "label": "I_Descri",
            "links": []
        },
        {
            "index": 30,
            "bbox": [
                [
                    345,
                    830
                ],
                [
                    345,
                    864
                ],
                [
                    439,
                    864
                ],
                [
                    439,
                    830
                ]
            ],
            "text": ".",
            "label": "I_Descri",
            "links": []
        },
        {
            "index": 31,
            "bbox": [
                [
                    127,
                    1153
                ],
                [
                    127,
                    1190
                ],
                [
                    270,
                    1190
                ],
                [
                    270,
                    1153
                ]
            ],
            "text": "Technical",
            "label": "B_Section",
            "links": []
        },
        {
            "index": 32,
            "bbox": [
                [
                    277,
                    1153
                ],
                [
                    277,
                    1190
                ],
                [
                    472,
                    1190
                ],
                [
                    472,
                    1153
                ]
            ],
            "text": "specification",
            "label": "I_Section",
            "links": []
        },
        {
            "index": 33,
            "bbox": [
                [
                    143,
                    1227
                ],
                [
                    143,
                    1247
                ],
                [
                    211,
                    1247
                ],
                [
                    211,
                    1227
                ]
            ],
            "text": "Model",
            "label": "B_Section",
            "links": [
                [
                    34,
                    false
                ],
                [
                    35,
                    false
                ],
                [
                    38,
                    false
                ],
                [
                    42,
                    false
                ],
                [
                    48,
                    false
                ],
                [
                    50,
                    false
                ],
                [
                    51,
                    false
                ],
                [
                    55,
                    false
                ],
                [
                    57,
                    false
                ],
                [
                    65,
                    false
                ],
                [
                    69,
                    false
                ],
                [
                    73,
                    false
                ],
                [
                    79,
                    false
                ],
                [
                    83,
                    false
                ],
                [
                    86,
                    false
                ],
                [
                    89,
                    false
                ],
                [
                    91,
                    false
                ],
                [
                    93,
                    false
                ]
            ]
        },
        {
            "index": 34,
            "bbox": [
                [
                    143,
                    1278
                ],
                [
                    143,
                    1295
                ],
                [
                    191,
                    1295
                ],
                [
                    191,
                    1278
                ]
            ],
            "text": "Code",
            "label": "B_Prop",
            "links": [
                [
                    33,
                    true
                ]
            ]
        },
        {
            "index": 35,
            "bbox": [
                [
                    143,
                    1308
                ],
                [
                    143,
                    1329
                ],
                [
                    227,
                    1329
                ],
                [
                    227,
                    1308
                ]
            ],
            "text": "Maximum",
            "label": "B_Prop",
            "links": [
                [
                    33,
                    true
                ],
                [
                    144,
                    false
                ]
            ]
        },
        {
            "index": 36,
            "bbox": [
                [
                    230,
                    1308
                ],
                [
                    230,
                    1329
                ],
                [
                    269,
                    1329
                ],
                [
                    269,
                    1308
                ]
            ],
            "text": "flow",
            "label": "I_Prop",
            "links": []
        },
        {
            "index": 37,
            "bbox": [
                [
                    272,
                    1308
                ],
                [
                    272,
                    1329
                ],
                [
                    354,
                    1329
                ],
                [
                    354,
                    1308
                ]
            ],
            "text": "[m^3/hour]",
            "label": "B_Unit",
            "links": [
                [
                    144,
                    false
                ]
            ]
        },
        {
            "index": 38,
            "bbox": [
                [
                    143,
                    1346
                ],
                [
                    143,
                    1366
                ],
                [
                    226,
                    1366
                ],
                [
                    226,
                    1346
                ]
            ],
            "text": "Maximum",
            "label": "B_Prop",
            "links": [
                [
                    33,
                    true
                ],
                [
                    100,
                    false
                ]
            ]
        },
        {
            "index": 39,
            "bbox": [
                [
                    228,
                    1346
                ],
                [
                    228,
                    1366
                ],
                [
                    310,
                    1366
                ],
                [
                    310,
                    1346
                ]
            ],
            "text": "discharge",
            "label": "I_Prop",
            "links": []
        },
        {
            "index": 40,
            "bbox": [
                [
                    313,
                    1346
                ],
                [
                    313,
                    1366
                ],
                [
                    358,
                    1366
                ],
                [
                    358,
                    1346
                ]
            ],
            "text": "head",
            "label": "I_Prop",
            "links": []
        },
        {
            "index": 41,
            "bbox": [
                [
                    361,
                    1346
                ],
                [
                    361,
                    1366
                ],
                [
                    394,
                    1366
                ],
                [
                    394,
                    1346
                ]
            ],
            "text": "[m]",
            "label": "B_Unit",
            "links": [
                [
                    100,
                    false
                ]
            ]
        },
        {
            "index": 42,
            "bbox": [
                [
                    139,
                    1380
                ],
                [
                    139,
                    1400
                ],
                [
                    209,
                    1400
                ],
                [
                    209,
                    1380
                ]
            ],
            "text": "Voltage",
            "label": "B_Prop",
            "links": [
                [
                    33,
                    true
                ],
                [
                    101,
                    false
                ]
            ]
        },
        {
            "index": 43,
            "bbox": [
                [
                    211,
                    1380
                ],
                [
                    211,
                    1400
                ],
                [
                    219,
                    1400
                ],
                [
                    219,
                    1380
                ]
            ],
            "text": "/",
            "label": "I_Prop",
            "links": []
        },
        {
            "index": 44,
            "bbox": [
                [
                    222,
                    1380
                ],
                [
                    222,
                    1400
                ],
                [
                    309,
                    1400
                ],
                [
                    309,
                    1380
                ]
            ],
            "text": "frequency",
            "label": "I_Prop",
            "links": []
        },
        {
            "index": 45,
            "bbox": [
                [
                    312,
                    1380
                ],
                [
                    312,
                    1400
                ],
                [
                    364,
                    1400
                ],
                [
                    364,
                    1380
                ]
            ],
            "text": "[V/",
            "label": "I_Prop",
            "links": []
        },
        {
            "index": 46,
            "bbox": [
                [
                    311,
                    1380
                ],
                [
                    311,
                    1400
                ],
                [
                    363,
                    1400
                ],
                [
                    363,
                    1380
                ]
            ],
            "text": "Hz",
            "label": "I_Prop",
            "links": []
        },
        {
            "index": 47,
            "bbox": [
                [
                    312,
                    1380
                ],
                [
                    312,
                    1400
                ],
                [
                    364,
                    1400
                ],
                [
                    364,
                    1380
                ]
            ],
            "text": "]",
            "label": "B_Unit",
            "links": [
                [
                    101,
                    false
                ]
            ]
        },
        {
            "index": 48,
            "bbox": [
                [
                    143,
                    1417
                ],
                [
                    143,
                    1434
                ],
                [
                    199,
                    1434
                ],
                [
                    199,
                    1417
                ]
            ],
            "text": "Power",
            "label": "B_Prop",
            "links": [
                [
                    33,
                    true
                ],
                [
                    104,
                    false
                ]
            ]
        },
        {
            "index": 49,
            "bbox": [
                [
                    200,
                    1417
                ],
                [
                    200,
                    1434
                ],
                [
                    231,
                    1434
                ],
                [
                    231,
                    1417
                ]
            ],
            "text": "[W]",
            "label": "B_Unit",
            "links": [
                [
                    104,
                    false
                ]
            ]
        },
        {
            "index": 50,
            "bbox": [
                [
                    143,
                    1455
                ],
                [
                    143,
                    1472
                ],
                [
                    241,
                    1472
                ],
                [
                    241,
                    1455
                ]
            ],
            "text": "Connection",
            "label": "B_Prop",
            "links": [
                [
                    33,
                    true
                ],
                [
                    105,
                    false
                ]
            ]
        },
        {
            "index": 51,
            "bbox": [
                [
                    143,
                    1489
                ],
                [
                    143,
                    1509
                ],
                [
                    226,
                    1509
                ],
                [
                    226,
                    1489
                ]
            ],
            "text": "Maximum",
            "label": "B_Prop",
            "links": [
                [
                    33,
                    true
                ],
                [
                    108,
                    false
                ]
            ]
        },
        {
            "index": 52,
            "bbox": [
                [
                    228,
                    1489
                ],
                [
                    228,
                    1509
                ],
                [
                    318,
                    1509
                ],
                [
                    318,
                    1489
                ]
            ],
            "text": "immersion",
            "label": "I_Prop",
            "links": []
        },
        {
            "index": 53,
            "bbox": [
                [
                    321,
                    1489
                ],
                [
                    321,
                    1509
                ],
                [
                    368,
                    1509
                ],
                [
                    368,
                    1489
                ]
            ],
            "text": "depth",
            "label": "I_Prop",
            "links": []
        },
        {
            "index": 54,
            "bbox": [
                [
                    371,
                    1489
                ],
                [
                    371,
                    1509
                ],
                [
                    401,
                    1509
                ],
                [
                    401,
                    1489
                ]
            ],
            "text": "[m]",
            "label": "B_Unit",
            "links": [
                [
                    108,
                    false
                ]
            ]
        },
        {
            "index": 55,
            "bbox": [
                [
                    143,
                    1530
                ],
                [
                    143,
                    1547
                ],
                [
                    188,
                    1547
                ],
                [
                    188,
                    1530
                ]
            ],
            "text": "Float",
            "label": "B_Prop",
            "links": [
                [
                    33,
                    true
                ],
                [
                    109,
                    false
                ]
            ]
        },
        {
            "index": 56,
            "bbox": [
                [
                    190,
                    1530
                ],
                [
                    190,
                    1547
                ],
                [
                    248,
                    1547
                ],
                [
                    248,
                    1530
                ]
            ],
            "text": "switch",
            "label": "I_Prop",
            "links": []
        },
        {
            "index": 57,
            "bbox": [
                [
                    139,
                    1564
                ],
                [
                    139,
                    1584
                ],
                [
                    221,
                    1584
                ],
                [
                    221,
                    1564
                ]
            ],
            "text": "Minimum",
            "label": "B_Prop",
            "links": [
                [
                    33,
                    true
                ],
                [
                    145,
                    false
                ]
            ]
        },
        {
            "index": 58,
            "bbox": [
                [
                    224,
                    1564
                ],
                [
                    224,
                    1584
                ],
                [
                    272,
                    1584
                ],
                [
                    272,
                    1564
                ]
            ],
            "text": "water",
            "label": "I_Prop",
            "links": []
        },
        {
            "index": 59,
            "bbox": [
                [
                    274,
                    1564
                ],
                [
                    274,
                    1584
                ],
                [
                    314,
                    1584
                ],
                [
                    314,
                    1564
                ]
            ],
            "text": "level",
            "label": "I_Prop",
            "links": []
        },
        {
            "index": 60,
            "bbox": [
                [
                    317,
                    1564
                ],
                [
                    317,
                    1584
                ],
                [
                    344,
                    1584
                ],
                [
                    344,
                    1564
                ]
            ],
            "text": "for",
            "label": "I_Prop",
            "links": []
        },
        {
            "index": 61,
            "bbox": [
                [
                    347,
                    1564
                ],
                [
                    347,
                    1584
                ],
                [
                    425,
                    1584
                ],
                [
                    425,
                    1564
                ]
            ],
            "text": "operation",
            "label": "I_Prop",
            "links": []
        },
        {
            "index": 62,
            "bbox": [
                [
                    427,
                    1564
                ],
                [
                    427,
                    1584
                ],
                [
                    466,
                    1584
                ],
                [
                    466,
                    1564
                ]
            ],
            "text": "[",
            "label": "I_Prop",
            "links": []
        },
        {
            "index": 63,
            "bbox": [
                [
                    426,
                    1564
                ],
                [
                    426,
                    1584
                ],
                [
                    465,
                    1584
                ],
                [
                    465,
                    1564
                ]
            ],
            "text": "cm",
            "label": "I_Prop",
            "links": []
        },
        {
            "index": 64,
            "bbox": [
                [
                    427,
                    1564
                ],
                [
                    427,
                    1584
                ],
                [
                    466,
                    1584
                ],
                [
                    466,
                    1564
                ]
            ],
            "text": "]",
            "label": "B_Unit",
            "links": [
                [
                    145,
                    false
                ]
            ]
        },
        {
            "index": 65,
            "bbox": [
                [
                    143,
                    1598
                ],
                [
                    143,
                    1618
                ],
                [
                    253,
                    1618
                ],
                [
                    253,
                    1598
                ]
            ],
            "text": "Switching-on",
            "label": "B_Prop",
            "links": [
                [
                    33,
                    true
                ],
                [
                    110,
                    false
                ]
            ]
        },
        {
            "index": 66,
            "bbox": [
                [
                    256,
                    1598
                ],
                [
                    256,
                    1618
                ],
                [
                    303,
                    1618
                ],
                [
                    303,
                    1598
                ]
            ],
            "text": "water",
            "label": "I_Prop",
            "links": []
        },
        {
            "index": 67,
            "bbox": [
                [
                    306,
                    1598
                ],
                [
                    306,
                    1618
                ],
                [
                    349,
                    1618
                ],
                [
                    349,
                    1598
                ]
            ],
            "text": "level",
            "label": "I_Prop",
            "links": []
        },
        {
            "index": 68,
            "bbox": [
                [
                    351,
                    1598
                ],
                [
                    351,
                    1618
                ],
                [
                    391,
                    1618
                ],
                [
                    391,
                    1598
                ]
            ],
            "text": "[cm]",
            "label": "B_Unit",
            "links": [
                [
                    110,
                    false
                ]
            ]
        },
        {
            "index": 69,
            "bbox": [
                [
                    143,
                    1635
                ],
                [
                    143,
                    1655
                ],
                [
                    256,
                    1655
                ],
                [
                    256,
                    1635
                ]
            ],
            "text": "Switching-off",
            "label": "B_Prop",
            "links": [
                [
                    33,
                    true
                ],
                [
                    146,
                    false
                ]
            ]
        },
        {
            "index": 70,
            "bbox": [
                [
                    258,
                    1635
                ],
                [
                    258,
                    1655
                ],
                [
                    306,
                    1655
                ],
                [
                    306,
                    1635
                ]
            ],
            "text": "water",
            "label": "I_Prop",
            "links": []
        },
        {
            "index": 71,
            "bbox": [
                [
                    308,
                    1635
                ],
                [
                    308,
                    1655
                ],
                [
                    348,
                    1655
                ],
                [
                    348,
                    1635
                ]
            ],
            "text": "level",
            "label": "I_Prop",
            "links": []
        },
        {
            "index": 72,
            "bbox": [
                [
                    351,
                    1635
                ],
                [
                    351,
                    1655
                ],
                [
                    388,
                    1655
                ],
                [
                    388,
                    1635
                ]
            ],
            "text": "[cm]",
            "label": "B_Unit",
            "links": [
                [
                    146,
                    false
                ]
            ]
        },
        {
            "index": 73,
            "bbox": [
                [
                    143,
                    1669
                ],
                [
                    143,
                    1689
                ],
                [
                    226,
                    1689
                ],
                [
                    226,
                    1669
                ]
            ],
            "text": "Maximum",
            "label": "B_Prop",
            "links": [
                [
                    33,
                    true
                ],
                [
                    147,
                    false
                ]
            ]
        },
        {
            "index": 74,
            "bbox": [
                [
                    228,
                    1669
                ],
                [
                    228,
                    1689
                ],
                [
                    303,
                    1689
                ],
                [
                    303,
                    1669
                ]
            ],
            "text": "diameter",
            "label": "I_Prop",
            "links": []
        },
        {
            "index": 75,
            "bbox": [
                [
                    306,
                    1669
                ],
                [
                    306,
                    1689
                ],
                [
                    323,
                    1689
                ],
                [
                    323,
                    1669
                ]
            ],
            "text": "of",
            "label": "I_Prop",
            "links": []
        },
        {
            "index": 76,
            "bbox": [
                [
                    326,
                    1669
                ],
                [
                    326,
                    1689
                ],
                [
                    384,
                    1689
                ],
                [
                    384,
                    1669
                ]
            ],
            "text": "coarse",
            "label": "I_Prop",
            "links": []
        },
        {
            "index": 77,
            "bbox": [
                [
                    386,
                    1669
                ],
                [
                    386,
                    1689
                ],
                [
                    419,
                    1689
                ],
                [
                    419,
                    1669
                ]
            ],
            "text": "dirt",
            "label": "I_Prop",
            "links": []
        },
        {
            "index": 78,
            "bbox": [
                [
                    421,
                    1669
                ],
                [
                    421,
                    1689
                ],
                [
                    466,
                    1689
                ],
                [
                    466,
                    1669
                ]
            ],
            "text": "[mm]",
            "label": "B_Unit",
            "links": [
                [
                    147,
                    false
                ]
            ]
        },
        {
            "index": 79,
            "bbox": [
                [
                    139,
                    1706
                ],
                [
                    139,
                    1727
                ],
                [
                    225,
                    1727
                ],
                [
                    225,
                    1706
                ]
            ],
            "text": "Maximum",
            "label": "B_Prop",
            "links": [
                [
                    33,
                    true
                ],
                [
                    111,
                    false
                ]
            ]
        },
        {
            "index": 80,
            "bbox": [
                [
                    228,
                    1706
                ],
                [
                    228,
                    1727
                ],
                [
                    267,
                    1727
                ],
                [
                    267,
                    1706
                ]
            ],
            "text": "fluid",
            "label": "I_Prop",
            "links": []
        },
        {
            "index": 81,
            "bbox": [
                [
                    270,
                    1706
                ],
                [
                    270,
                    1727
                ],
                [
                    372,
                    1727
                ],
                [
                    372,
                    1706
                ]
            ],
            "text": "temperature",
            "label": "I_Prop",
            "links": []
        },
        {
            "index": 82,
            "bbox": [
                [
                    375,
                    1706
                ],
                [
                    375,
                    1727
                ],
                [
                    404,
                    1727
                ],
                [
                    404,
                    1706
                ]
            ],
            "text": "[°C]",
            "label": "B_Unit",
            "links": [
                [
                    111,
                    false
                ]
            ]
        },
        {
            "index": 83,
            "bbox": [
                [
                    143,
                    1740
                ],
                [
                    143,
                    1761
                ],
                [
                    191,
                    1761
                ],
                [
                    191,
                    1740
                ]
            ],
            "text": "Cable",
            "label": "B_Prop",
            "links": [
                [
                    33,
                    true
                ],
                [
                    112,
                    false
                ]
            ]
        },
        {
            "index": 84,
            "bbox": [
                [
                    193,
                    1740
                ],
                [
                    193,
                    1761
                ],
                [
                    248,
                    1761
                ],
                [
                    248,
                    1740
                ]
            ],
            "text": "length",
            "label": "I_Prop",
            "links": []
        },
        {
            "index": 85,
            "bbox": [
                [
                    251,
                    1741
                ],
                [
                    251,
                    1761
                ],
                [
                    279,
                    1761
                ],
                [
                    279,
                    1741
                ]
            ],
            "text": "[m]",
            "label": "B_Unit",
            "links": [
                [
                    112,
                    false
                ]
            ]
        },
        {
            "index": 86,
            "bbox": [
                [
                    143,
                    1778
                ],
                [
                    143,
                    1798
                ],
                [
                    203,
                    1798
                ],
                [
                    203,
                    1778
                ]
            ],
            "text": "Degree",
            "label": "B_Prop",
            "links": [
                [
                    33,
                    true
                ],
                [
                    113,
                    false
                ]
            ]
        },
        {
            "index": 87,
            "bbox": [
                [
                    206,
                    1778
                ],
                [
                    206,
                    1798
                ],
                [
                    226,
                    1798
                ],
                [
                    226,
                    1778
                ]
            ],
            "text": "of",
            "label": "I_Prop",
            "links": []
        },
        {
            "index": 88,
            "bbox": [
                [
                    228,
                    1778
                ],
                [
                    228,
                    1798
                ],
                [
                    316,
                    1798
                ],
                [
                    316,
                    1778
                ]
            ],
            "text": "protection",
            "label": "I_Prop",
            "links": []
        },
        {
            "index": 89,
            "bbox": [
                [
                    139,
                    1815
                ],
                [
                    139,
                    1832
                ],
                [
                    226,
                    1832
                ],
                [
                    226,
                    1815
                ]
            ],
            "text": "Insulation",
            "label": "B_Prop",
            "links": [
                [
                    33,
                    true
                ],
                [
                    148,
                    false
                ]
            ]
        },
        {
            "index": 90,
            "bbox": [
                [
                    228,
                    1815
                ],
                [
                    228,
                    1832
                ],
                [
                    275,
                    1832
                ],
                [
                    275,
                    1815
                ]
            ],
            "text": "class",
            "label": "I_Prop",
            "links": []
        },
        {
            "index": 91,
            "bbox": [
                [
                    139,
                    1846
                ],
                [
                    139,
                    1867
                ],
                [
                    202,
                    1867
                ],
                [
                    202,
                    1846
                ]
            ],
            "text": "Weight",
            "label": "B_Prop",
            "links": [
                [
                    33,
                    true
                ],
                [
                    115,
                    false
                ]
            ]
        },
        {
            "index": 92,
            "bbox": [
                [
                    204,
                    1846
                ],
                [
                    204,
                    1867
                ],
                [
                    238,
                    1867
                ],
                [
                    238,
                    1846
                ]
            ],
            "text": "[kg]",
            "label": "B_Unit",
            "links": [
                [
                    115,
                    false
                ]
            ]
        },
        {
            "index": 93,
            "bbox": [
                [
                    143,
                    1883
                ],
                [
                    143,
                    1907
                ],
                [
                    224,
                    1907
                ],
                [
                    224,
                    1883
                ]
            ],
            "text": "Diameter,",
            "label": "B_Prop",
            "links": [
                [
                    33,
                    true
                ],
                [
                    116,
                    false
                ]
            ]
        },
        {
            "index": 94,
            "bbox": [
                [
                    227,
                    1883
                ],
                [
                    227,
                    1907
                ],
                [
                    278,
                    1907
                ],
                [
                    278,
                    1883
                ]
            ],
            "text": "height",
            "label": "I_Prop",
            "links": []
        },
        {
            "index": 95,
            "bbox": [
                [
                    281,
                    1883
                ],
                [
                    281,
                    1907
                ],
                [
                    326,
                    1907
                ],
                [
                    326,
                    1883
                ]
            ],
            "text": "[mm]",
            "label": "B_Unit",
            "links": [
                [
                    116,
                    false
                ]
            ]
        },
        {
            "index": 96,
            "bbox": [
                [
                    554,
                    1227
                ],
                [
                    554,
                    1247
                ],
                [
                    599,
                    1247
                ],
                [
                    599,
                    1227
                ]
            ],
            "text": "blue",
            "label": "B_Descri",
            "links": [
                [
                    99,
                    false
                ]
            ]
        },
        {
            "index": 97,
            "bbox": [
                [
                    602,
                    1227
                ],
                [
                    602,
                    1247
                ],
                [
                    642,
                    1247
                ],
                [
                    642,
                    1227
                ]
            ],
            "text": "line",
            "label": "I_Descri",
            "links": []
        },
        {
            "index": 98,
            "bbox": [
                [
                    644,
                    1227
                ],
                [
                    644,
                    1247
                ],
                [
                    757,
                    1247
                ],
                [
                    757,
                    1227
                ]
            ],
            "text": "PSDR550P",
            "label": "I_Descri",
            "links": []
        },
        {
            "index": 99,
            "bbox": [
                [
                    550,
                    1278
                ],
                [
                    550,
                    1295
                ],
                [
                    645,
                    1295
                ],
                [
                    645,
                    1278
                ]
            ],
            "text": "ZB00001233",
            "label": "B_Ref",
            "links": [
                [
                    100,
                    false
                ],
                [
                    101,
                    false
                ],
                [
                    104,
                    false
                ],
                [
                    105,
                    false
                ],
                [
                    108,
                    false
                ],
                [
                    109,
                    false
                ],
                [
                    110,
                    false
                ],
                [
                    111,
                    false
                ],
                [
                    112,
                    false
                ],
                [
                    113,
                    false
                ],
                [
                    115,
                    false
                ],
                [
                    116,
                    false
                ],
                [
                    144,
                    false
                ],
                [
                    145,
                    false
                ],
                [
                    146,
                    false
                ],
                [
                    147,
                    false
                ],
                [
                    148,
                    false
                ],
                [
                    96,
                    true
                ]
            ]
        },
        {
            "index": 100,
            "bbox": [
                [
                    550,
                    1346
                ],
                [
                    550,
                    1363
                ],
                [
                    577,
                    1363
                ],
                [
                    577,
                    1346
                ]
            ],
            "text": "8,5",
            "label": "B_Value",
            "links": [
                [
                    41,
                    true
                ],
                [
                    38,
                    true
                ],
                [
                    99,
                    true
                ]
            ]
        },
        {
            "index": 101,
            "bbox": [
                [
                    550,
                    1380
                ],
                [
                    550,
                    1400
                ],
                [
                    582,
                    1400
                ],
                [
                    582,
                    1380
                ]
            ],
            "text": "230",
            "label": "B_Value",
            "links": [
                [
                    47,
                    true
                ],
                [
                    42,
                    true
                ],
                [
                    99,
                    true
                ]
            ]
        },
        {
            "index": 102,
            "bbox": [
                [
                    585,
                    1380
                ],
                [
                    585,
                    1400
                ],
                [
                    592,
                    1400
                ],
                [
                    592,
                    1380
                ]
            ],
            "text": "/",
            "label": "I_Value",
            "links": []
        },
        {
            "index": 103,
            "bbox": [
                [
                    595,
                    1380
                ],
                [
                    595,
                    1400
                ],
                [
                    615,
                    1400
                ],
                [
                    615,
                    1380
                ]
            ],
            "text": "50",
            "label": "I_Value",
            "links": []
        },
        {
            "index": 104,
            "bbox": [
                [
                    550,
                    1418
                ],
                [
                    550,
                    1435
                ],
                [
                    584,
                    1435
                ],
                [
                    584,
                    1418
                ]
            ],
            "text": "550",
            "label": "B_Value",
            "links": [
                [
                    49,
                    true
                ],
                [
                    48,
                    true
                ],
                [
                    99,
                    true
                ]
            ]
        },
        {
            "index": 105,
            "bbox": [
                [
                    550,
                    1451
                ],
                [
                    550,
                    1472
                ],
                [
                    571,
                    1472
                ],
                [
                    571,
                    1451
                ]
            ],
            "text": "1\"",
            "label": "B_Value",
            "links": [
                [
                    50,
                    true
                ],
                [
                    99,
                    true
                ]
            ]
        },
        {
            "index": 106,
            "bbox": [
                [
                    574,
                    1451
                ],
                [
                    574,
                    1472
                ],
                [
                    582,
                    1472
                ],
                [
                    582,
                    1451
                ]
            ],
            "text": "-",
            "label": "I_Value",
            "links": []
        },
        {
            "index": 107,
            "bbox": [
                [
                    584,
                    1451
                ],
                [
                    584,
                    1472
                ],
                [
                    615,
                    1472
                ],
                [
                    615,
                    1451
                ]
            ],
            "text": "5/4\"",
            "label": "I_Value",
            "links": []
        },
        {
            "index": 108,
            "bbox": [
                [
                    550,
                    1486
                ],
                [
                    550,
                    1510
                ],
                [
                    567,
                    1510
                ],
                [
                    567,
                    1486
                ]
            ],
            "text": "7",
            "label": "B_Value",
            "links": [
                [
                    54,
                    true
                ],
                [
                    51,
                    true
                ],
                [
                    99,
                    true
                ]
            ]
        },
        {
            "index": 109,
            "bbox": [
                [
                    550,
                    1530
                ],
                [
                    550,
                    1550
                ],
                [
                    581,
                    1550
                ],
                [
                    581,
                    1530
                ]
            ],
            "text": "yes",
            "label": "B_Value",
            "links": [
                [
                    55,
                    true
                ],
                [
                    99,
                    true
                ]
            ]
        },
        {
            "index": 110,
            "bbox": [
                [
                    554,
                    1601
                ],
                [
                    554,
                    1618
                ],
                [
                    574,
                    1618
                ],
                [
                    574,
                    1601
                ]
            ],
            "text": "53",
            "label": "B_Value",
            "links": [
                [
                    68,
                    true
                ],
                [
                    65,
                    true
                ],
                [
                    99,
                    true
                ]
            ]
        },
        {
            "index": 111,
            "bbox": [
                [
                    550,
                    1707
                ],
                [
                    550,
                    1724
                ],
                [
                    574,
                    1724
                ],
                [
                    574,
                    1707
                ]
            ],
            "text": "35",
            "label": "B_Value",
            "links": [
                [
                    82,
                    true
                ],
                [
                    79,
                    true
                ],
                [
                    99,
                    true
                ]
            ]
        },
        {
            "index": 112,
            "bbox": [
                [
                    554,
                    1741
                ],
                [
                    554,
                    1758
                ],
                [
                    574,
                    1758
                ],
                [
                    574,
                    1741
                ]
            ],
            "text": "10",
            "label": "B_Value",
            "links": [
                [
                    85,
                    true
                ],
                [
                    83,
                    true
                ],
                [
                    99,
                    true
                ]
            ]
        },
        {
            "index": 113,
            "bbox": [
                [
                    554,
                    1778
                ],
                [
                    554,
                    1795
                ],
                [
                    569,
                    1795
                ],
                [
                    569,
                    1778
                ]
            ],
            "text": "IP",
            "label": "B_Value",
            "links": [
                [
                    86,
                    true
                ],
                [
                    99,
                    true
                ]
            ]
        },
        {
            "index": 114,
            "bbox": [
                [
                    571,
                    1778
                ],
                [
                    571,
                    1795
                ],
                [
                    591,
                    1795
                ],
                [
                    591,
                    1778
                ]
            ],
            "text": "X8",
            "label": "I_Value",
            "links": []
        },
        {
            "index": 115,
            "bbox": [
                [
                    550,
                    1849
                ],
                [
                    550,
                    1866
                ],
                [
                    577,
                    1866
                ],
                [
                    577,
                    1849
                ]
            ],
            "text": "5,2",
            "label": "B_Value",
            "links": [
                [
                    92,
                    true
                ],
                [
                    91,
                    true
                ],
                [
                    99,
                    true
                ]
            ]
        },
        {
            "index": 116,
            "bbox": [
                [
                    550,
                    1883
                ],
                [
                    550,
                    1904
                ],
                [
                    587,
                    1904
                ],
                [
                    587,
                    1883
                ]
            ],
            "text": "220,",
            "label": "B_Value",
            "links": [
                [
                    95,
                    true
                ],
                [
                    93,
                    true
                ],
                [
                    99,
                    true
                ]
            ]
        },
        {
            "index": 117,
            "bbox": [
                [
                    589,
                    1883
                ],
                [
                    589,
                    1904
                ],
                [
                    618,
                    1904
                ],
                [
                    618,
                    1883
                ]
            ],
            "text": "300",
            "label": "I_Value",
            "links": []
        },
        {
            "index": 118,
            "bbox": [
                [
                    883,
                    1315
                ],
                [
                    883,
                    1353
                ],
                [
                    1060,
                    1353
                ],
                [
                    1060,
                    1315
                ]
            ],
            "text": "Application",
            "label": "B_Section",
            "links": [
                [
                    120,
                    false
                ],
                [
                    123,
                    false
                ],
                [
                    128,
                    false
                ]
            ]
        },
        {
            "index": 119,
            "bbox": [
                [
                    880,
                    1359
                ],
                [
                    880,
                    1383
                ],
                [
                    904,
                    1383
                ],
                [
                    904,
                    1359
                ]
            ],
            "text": "•",
            "label": "Out",
            "links": []
        },
        {
            "index": 120,
            "bbox": [
                [
                    907,
                    1359
                ],
                [
                    907,
                    1383
                ],
                [
                    1009,
                    1383
                ],
                [
                    1009,
                    1359
                ]
            ],
            "text": "Basement",
            "label": "B_Descri",
            "links": [
                [
                    118,
                    true
                ]
            ]
        },
        {
            "index": 121,
            "bbox": [
                [
                    1012,
                    1359
                ],
                [
                    1012,
                    1383
                ],
                [
                    1100,
                    1383
                ],
                [
                    1100,
                    1359
                ]
            ],
            "text": "drainage",
            "label": "I_Descri",
            "links": []
        },
        {
            "index": 122,
            "bbox": [
                [
                    876,
                    1397
                ],
                [
                    876,
                    1421
                ],
                [
                    894,
                    1421
                ],
                [
                    894,
                    1397
                ]
            ],
            "text": "•",
            "label": "Out",
            "links": []
        },
        {
            "index": 123,
            "bbox": [
                [
                    897,
                    1397
                ],
                [
                    897,
                    1421
                ],
                [
                    996,
                    1421
                ],
                [
                    996,
                    1397
                ]
            ],
            "text": "Pumping",
            "label": "B_Descri",
            "links": [
                [
                    118,
                    true
                ]
            ]
        },
        {
            "index": 124,
            "bbox": [
                [
                    999,
                    1397
                ],
                [
                    999,
                    1421
                ],
                [
                    1050,
                    1421
                ],
                [
                    1050,
                    1397
                ]
            ],
            "text": "from",
            "label": "I_Descri",
            "links": []
        },
        {
            "index": 125,
            "bbox": [
                [
                    1053,
                    1397
                ],
                [
                    1053,
                    1421
                ],
                [
                    1128,
                    1421
                ],
                [
                    1128,
                    1397
                ]
            ],
            "text": "storage",
            "label": "I_Descri",
            "links": []
        },
        {
            "index": 126,
            "bbox": [
                [
                    1131,
                    1397
                ],
                [
                    1131,
                    1421
                ],
                [
                    1185,
                    1421
                ],
                [
                    1185,
                    1397
                ]
            ],
            "text": "tanks",
            "label": "I_Descri",
            "links": []
        },
        {
            "index": 127,
            "bbox": [
                [
                    873,
                    1439
                ],
                [
                    873,
                    1463
                ],
                [
                    905,
                    1463
                ],
                [
                    905,
                    1439
                ]
            ],
            "text": "•",
            "label": "Out",
            "links": []
        },
        {
            "index": 128,
            "bbox": [
                [
                    907,
                    1437
                ],
                [
                    907,
                    1462
                ],
                [
                    995,
                    1462
                ],
                [
                    995,
                    1437
                ]
            ],
            "text": "Irrigation",
            "label": "B_Descri",
            "links": [
                [
                    118,
                    true
                ]
            ]
        },
        {
            "index": 129,
            "bbox": [
                [
                    880,
                    1560
                ],
                [
                    880,
                    1598
                ],
                [
                    1037,
                    1598
                ],
                [
                    1037,
                    1560
                ]
            ],
            "text": "Hydraulic",
            "label": "B_Section",
            "links": []
        },
        {
            "index": 130,
            "bbox": [
                [
                    1042,
                    1560
                ],
                [
                    1042,
                    1598
                ],
                [
                    1151,
                    1598
                ],
                [
                    1151,
                    1560
                ]
            ],
            "text": "power",
            "label": "I_Section",
            "links": []
        },
        {
            "index": 131,
            "bbox": [
                [
                    1155,
                    1560
                ],
                [
                    1155,
                    1598
                ],
                [
                    1239,
                    1598
                ],
                [
                    1239,
                    1560
                ]
            ],
            "text": "curve",
            "label": "I_Section",
            "links": []
        },
        {
            "index": 132,
            "bbox": [
                [
                    914,
                    1615
                ],
                [
                    914,
                    1632
                ],
                [
                    938,
                    1632
                ],
                [
                    938,
                    1615
                ]
            ],
            "text": "10",
            "label": "Out",
            "links": []
        },
        {
            "index": 133,
            "bbox": [
                [
                    1314,
                    1761
                ],
                [
                    1314,
                    1778
                ],
                [
                    1409,
                    1778
                ],
                [
                    1409,
                    1761
                ]
            ],
            "text": "PSDR550P",
            "label": "Out",
            "links": []
        },
        {
            "index": 134,
            "bbox": [
                [
                    1012,
                    1894
                ],
                [
                    1012,
                    1911
                ],
                [
                    1056,
                    1911
                ],
                [
                    1056,
                    1894
                ]
            ],
            "text": "2000",
            "label": "Out",
            "links": []
        },
        {
            "index": 135,
            "bbox": [
                [
                    1107,
                    1894
                ],
                [
                    1107,
                    1911
                ],
                [
                    1151,
                    1911
                ],
                [
                    1151,
                    1894
                ]
            ],
            "text": "4000",
            "label": "Out",
            "links": []
        },
        {
            "index": 136,
            "bbox": [
                [
                    1195,
                    1894
                ],
                [
                    1195,
                    1911
                ],
                [
                    1243,
                    1911
                ],
                [
                    1243,
                    1894
                ]
            ],
            "text": "6000",
            "label": "Out",
            "links": []
        },
        {
            "index": 137,
            "bbox": [
                [
                    1172,
                    1927
                ],
                [
                    1172,
                    1948
                ],
                [
                    1214,
                    1948
                ],
                [
                    1214,
                    1927
                ]
            ],
            "text": "Flow",
            "label": "Out",
            "links": []
        },
        {
            "index": 138,
            "bbox": [
                [
                    1217,
                    1927
                ],
                [
                    1217,
                    1948
                ],
                [
                    1230,
                    1948
                ],
                [
                    1230,
                    1927
                ]
            ],
            "text": "Q",
            "label": "Out",
            "links": []
        },
        {
            "index": 139,
            "bbox": [
                [
                    1294,
                    1894
                ],
                [
                    1294,
                    1914
                ],
                [
                    1342,
                    1914
                ],
                [
                    1342,
                    1894
                ]
            ],
            "text": "8000",
            "label": "Out",
            "links": []
        },
        {
            "index": 140,
            "bbox": [
                [
                    1382,
                    1894
                ],
                [
                    1382,
                    1911
                ],
                [
                    1436,
                    1911
                ],
                [
                    1436,
                    1894
                ]
            ],
            "text": "10000",
            "label": "Out",
            "links": []
        },
        {
            "index": 141,
            "bbox": [
                [
                    1464,
                    1894
                ],
                [
                    1464,
                    1911
                ],
                [
                    1518,
                    1911
                ],
                [
                    1518,
                    1894
                ]
            ],
            "text": "12000",
            "label": "Out",
            "links": []
        },
        {
            "index": 142,
            "bbox": [
                [
                    1467,
                    1928
                ],
                [
                    1467,
                    1945
                ],
                [
                    1521,
                    1945
                ],
                [
                    1521,
                    1928
                ]
            ],
            "text": "l/hour",
            "label": "Out",
            "links": []
        },
        {
            "index": 143,
            "bbox": [
                [
                    136,
                    2091
                ],
                [
                    136,
                    2125
                ],
                [
                    435,
                    2125
                ],
                [
                    435,
                    2091
                ]
            ],
            "text": "www.pumpa.eu",
            "label": "Out",
            "links": []
        },
        {
            "index": 144,
            "bbox": [
                [
                    550,
                    1311
                ],
                [
                    550,
                    1328
                ],
                [
                    577,
                    1328
                ],
                [
                    577,
                    1311
                ]
            ],
            "text": "11",
            "label": "B_Value",
            "links": [
                [
                    37,
                    true
                ],
                [
                    35,
                    true
                ],
                [
                    99,
                    true
                ]
            ]
        },
        {
            "index": 145,
            "bbox": [
                [
                    551,
                    1561
                ],
                [
                    551,
                    1585
                ],
                [
                    568,
                    1585
                ],
                [
                    568,
                    1561
                ]
            ],
            "text": "7",
            "label": "B_Value",
            "links": [
                [
                    64,
                    true
                ],
                [
                    57,
                    true
                ],
                [
                    99,
                    true
                ]
            ]
        },
        {
            "index": 146,
            "bbox": [
                [
                    555,
                    1633
                ],
                [
                    555,
                    1657
                ],
                [
                    572,
                    1657
                ],
                [
                    572,
                    1633
                ]
            ],
            "text": "10",
            "label": "B_Value",
            "links": [
                [
                    72,
                    true
                ],
                [
                    69,
                    true
                ],
                [
                    99,
                    true
                ]
            ]
        },
        {
            "index": 147,
            "bbox": [
                [
                    552,
                    1667
                ],
                [
                    552,
                    1691
                ],
                [
                    569,
                    1691
                ],
                [
                    569,
                    1667
                ]
            ],
            "text": "3",
            "label": "B_Value",
            "links": [
                [
                    78,
                    true
                ],
                [
                    73,
                    true
                ],
                [
                    99,
                    true
                ]
            ]
        },
        {
            "index": 148,
            "bbox": [
                [
                    550,
                    1810
                ],
                [
                    550,
                    1834
                ],
                [
                    567,
                    1834
                ],
                [
                    567,
                    1810
                ]
            ],
            "text": "B",
            "label": "B_Value",
            "links": [
                [
                    89,
                    true
                ],
                [
                    99,
                    true
                ]
            ]
        }
    ]
}