{
    "datasheet": [
        {
            "index": 0,
            "bbox": [
                [
                    180,
                    127
                ],
                [
                    180,
                    241
                ],
                [
                    602,
                    241
                ],
                [
                    602,
                    127
                ]
            ],
            "text": "pumpa",
            "label": "Out",
            "links": []
        },
        {
            "index": 1,
            "bbox": [
                [
                    183,
                    299
                ],
                [
                    183,
                    371
                ],
                [
                    381,
                    371
                ],
                [
                    381,
                    299
                ]
            ],
            "text": "blue",
            "label": "Out",
            "links": []
        },
        {
            "index": 2,
            "bbox": [
                [
                    390,
                    299
                ],
                [
                    390,
                    371
                ],
                [
                    554,
                    371
                ],
                [
                    554,
                    299
                ]
            ],
            "text": "line",
            "label": "Out",
            "links": []
        },
        {
            "index": 3,
            "bbox": [
                [
                    136,
                    534
                ],
                [
                    136,
                    609
                ],
                [
                    492,
                    609
                ],
                [
                    492,
                    534
                ]
            ],
            "text": "displacement",
            "label": "B_Descri",
            "links": []
        },
        {
            "index": 4,
            "bbox": [
                [
                    502,
                    534
                ],
                [
                    502,
                    609
                ],
                [
                    663,
                    609
                ],
                [
                    663,
                    534
                ]
            ],
            "text": "pump",
            "label": "I_Descri",
            "links": []
        },
        {
            "index": 5,
            "bbox": [
                [
                    132,
                    649
                ],
                [
                    132,
                    714
                ],
                [
                    340,
                    714
                ],
                [
                    340,
                    649
                ]
            ],
            "text": "BLUE",
            "label": "B_Descri",
            "links": []
        },
        {
            "index": 6,
            "bbox": [
                [
                    348,
                    649
                ],
                [
                    348,
                    714
                ],
                [
                    533,
                    714
                ],
                [
                    533,
                    649
                ]
            ],
            "text": "LINE",
            "label": "I_Descri",
            "links": []
        },
        {
            "index": 7,
            "bbox": [
                [
                    129,
                    742
                ],
                [
                    129,
                    812
                ],
                [
                    497,
                    812
                ],
                [
                    497,
                    742
                ]
            ],
            "text": "PTM80-1",
            "label": "I_Descri",
            "links": []
        },
        {
            "index": 8,
            "bbox": [
                [
                    132,
                    843
                ],
                [
                    132,
                    881
                ],
                [
                    217,
                    881
                ],
                [
                    217,
                    843
                ]
            ],
            "text": "BLUE",
            "label": "B_Descri",
            "links": []
        },
        {
            "index": 9,
            "bbox": [
                [
                    222,
                    843
                ],
                [
                    222,
                    881
                ],
                [
                    293,
                    881
                ],
                [
                    293,
                    843
                ]
            ],
            "text": "LINE",
            "label": "I_Descri",
            "links": []
        },
        {
            "index": 10,
            "bbox": [
                [
                    298,
                    843
                ],
                [
                    298,
                    881
                ],
                [
                    412,
                    881
                ],
                [
                    412,
                    843
                ]
            ],
            "text": "PTM80",
            "label": "I_Descri",
            "links": []
        },
        {
            "index": 11,
            "bbox": [
                [
                    417,
                    843
                ],
                [
                    417,
                    881
                ],
                [
                    594,
                    881
                ],
                [
                    594,
                    843
                ]
            ],
            "text": "self-priming",
            "label": "I_Descri",
            "links": []
        },
        {
            "index": 12,
            "bbox": [
                [
                    132,
                    881
                ],
                [
                    132,
                    918
                ],
                [
                    335,
                    918
                ],
                [
                    335,
                    881
                ]
            ],
            "text": "displacement",
            "label": "I_Descri",
            "links": []
        },
        {
            "index": 13,
            "bbox": [
                [
                    340,
                    881
                ],
                [
                    340,
                    918
                ],
                [
                    428,
                    918
                ],
                [
                    428,
                    881
                ]
            ],
            "text": "pump",
            "label": "I_Descri",
            "links": []
        },
        {
            "index": 14,
            "bbox": [
                [
                    433,
                    881
                ],
                [
                    433,
                    918
                ],
                [
                    572,
                    918
                ],
                [
                    572,
                    881
                ]
            ],
            "text": "designed",
            "label": "I_Descri",
            "links": []
        },
        {
            "index": 15,
            "bbox": [
                [
                    576,
                    881
                ],
                [
                    576,
                    918
                ],
                [
                    618,
                    918
                ],
                [
                    618,
                    881
                ]
            ],
            "text": "for",
            "label": "I_Descri",
            "links": []
        },
        {
            "index": 16,
            "bbox": [
                [
                    622,
                    881
                ],
                [
                    622,
                    918
                ],
                [
                    757,
                    918
                ],
                [
                    757,
                    881
                ]
            ],
            "text": "pumping",
            "label": "I_Descri",
            "links": []
        },
        {
            "index": 17,
            "bbox": [
                [
                    132,
                    918
                ],
                [
                    132,
                    959
                ],
                [
                    214,
                    959
                ],
                [
                    214,
                    918
                ]
            ],
            "text": "clean",
            "label": "I_Descri",
            "links": []
        },
        {
            "index": 18,
            "bbox": [
                [
                    219,
                    918
                ],
                [
                    219,
                    959
                ],
                [
                    306,
                    959
                ],
                [
                    306,
                    918
                ]
            ],
            "text": "water",
            "label": "I_Descri",
            "links": []
        },
        {
            "index": 19,
            "bbox": [
                [
                    311,
                    918
                ],
                [
                    311,
                    959
                ],
                [
                    342,
                    959
                ],
                [
                    342,
                    918
                ]
            ],
            "text": "in",
            "label": "I_Descri",
            "links": []
        },
        {
            "index": 20,
            "bbox": [
                [
                    347,
                    918
                ],
                [
                    347,
                    959
                ],
                [
                    480,
                    959
                ],
                [
                    480,
                    918
                ]
            ],
            "text": "irrigation",
            "label": "I_Descri",
            "links": []
        },
        {
            "index": 21,
            "bbox": [
                [
                    486,
                    918
                ],
                [
                    486,
                    959
                ],
                [
                    614,
                    959
                ],
                [
                    614,
                    918
                ]
            ],
            "text": "systems",
            "label": "I_Descri",
            "links": []
        },
        {
            "index": 22,
            "bbox": [
                [
                    619,
                    918
                ],
                [
                    619,
                    959
                ],
                [
                    683,
                    959
                ],
                [
                    683,
                    918
                ]
            ],
            "text": "with",
            "label": "I_Descri",
            "links": []
        },
        {
            "index": 23,
            "bbox": [
                [
                    132,
                    959
                ],
                [
                    132,
                    997
                ],
                [
                    217,
                    997
                ],
                [
                    217,
                    959
                ]
            ],
            "text": "liquid",
            "label": "I_Descri",
            "links": []
        },
        {
            "index": 24,
            "bbox": [
                [
                    222,
                    959
                ],
                [
                    222,
                    997
                ],
                [
                    422,
                    997
                ],
                [
                    422,
                    959
                ]
            ],
            "text": "temperatures",
            "label": "I_Descri",
            "links": []
        },
        {
            "index": 25,
            "bbox": [
                [
                    427,
                    959
                ],
                [
                    427,
                    997
                ],
                [
                    470,
                    997
                ],
                [
                    470,
                    959
                ]
            ],
            "text": "up",
            "label": "I_Descri",
            "links": []
        },
        {
            "index": 26,
            "bbox": [
                [
                    474,
                    959
                ],
                [
                    474,
                    997
                ],
                [
                    507,
                    997
                ],
                [
                    507,
                    959
                ]
            ],
            "text": "to",
            "label": "I_Descri",
            "links": []
        },
        {
            "index": 27,
            "bbox": [
                [
                    512,
                    959
                ],
                [
                    512,
                    997
                ],
                [
                    555,
                    997
                ],
                [
                    555,
                    959
                ]
            ],
            "text": "35",
            "label": "I_Descri",
            "links": []
        },
        {
            "index": 28,
            "bbox": [
                [
                    560,
                    959
                ],
                [
                    560,
                    997
                ],
                [
                    605,
                    997
                ],
                [
                    605,
                    959
                ]
            ],
            "text": "°C.",
            "label": "I_Descri",
            "links": []
        },
        {
            "index": 29,
            "bbox": [
                [
                    132,
                    1145
                ],
                [
                    132,
                    1184
                ],
                [
                    312,
                    1184
                ],
                [
                    312,
                    1145
                ]
            ],
            "text": "Application",
            "label": "B_Section",
            "links": [
                [
                    31,
                    false
                ],
                [
                    35,
                    false
                ]
            ]
        },
        {
            "index": 30,
            "bbox": [
                [
                    132,
                    1189
                ],
                [
                    132,
                    1213
                ],
                [
                    153,
                    1213
                ],
                [
                    153,
                    1189
                ]
            ],
            "text": "•",
            "label": "Out",
            "links": []
        },
        {
            "index": 31,
            "bbox": [
                [
                    156,
                    1189
                ],
                [
                    156,
                    1213
                ],
                [
                    246,
                    1213
                ],
                [
                    246,
                    1189
                ]
            ],
            "text": "Pumping",
            "label": "B_Descri",
            "links": [
                [
                    29,
                    true
                ]
            ]
        },
        {
            "index": 32,
            "bbox": [
                [
                    249,
                    1189
                ],
                [
                    249,
                    1213
                ],
                [
                    303,
                    1213
                ],
                [
                    303,
                    1189
                ]
            ],
            "text": "clean",
            "label": "I_Descri",
            "links": []
        },
        {
            "index": 33,
            "bbox": [
                [
                    306,
                    1189
                ],
                [
                    306,
                    1213
                ],
                [
                    363,
                    1213
                ],
                [
                    363,
                    1189
                ]
            ],
            "text": "water",
            "label": "I_Descri",
            "links": []
        },
        {
            "index": 34,
            "bbox": [
                [
                    132,
                    1230
                ],
                [
                    132,
                    1254
                ],
                [
                    150,
                    1254
                ],
                [
                    150,
                    1230
                ]
            ],
            "text": "•",
            "label": "Out",
            "links": []
        },
        {
            "index": 35,
            "bbox": [
                [
                    152,
                    1230
                ],
                [
                    152,
                    1255
                ],
                [
                    248,
                    1255
                ],
                [
                    248,
                    1230
                ]
            ],
            "text": "Irrigation",
            "label": "B_Descri",
            "links": [
                [
                    29,
                    true
                ]
            ]
        },
        {
            "index": 36,
            "bbox": [
                [
                    143,
                    1350
                ],
                [
                    143,
                    1370
                ],
                [
                    211,
                    1370
                ],
                [
                    211,
                    1350
                ]
            ],
            "text": "Model",
            "label": "B_Section",
            "links": [
                [
                    37,
                    false
                ],
                [
                    38,
                    false
                ],
                [
                    41,
                    false
                ],
                [
                    45,
                    false
                ],
                [
                    49,
                    false
                ],
                [
                    53,
                    false
                ],
                [
                    55,
                    false
                ],
                [
                    59,
                    false
                ],
                [
                    63,
                    false
                ],
                [
                    67,
                    false
                ],
                [
                    70,
                    false
                ],
                [
                    73,
                    false
                ],
                [
                    75,
                    false
                ],
                [
                    77,
                    false
                ]
            ]
        },
        {
            "index": 37,
            "bbox": [
                [
                    143,
                    1401
                ],
                [
                    143,
                    1421
                ],
                [
                    191,
                    1421
                ],
                [
                    191,
                    1401
                ]
            ],
            "text": "Code",
            "label": "B_Prop",
            "links": [
                [
                    36,
                    true
                ]
            ]
        },
        {
            "index": 38,
            "bbox": [
                [
                    143,
                    1434
                ],
                [
                    143,
                    1451
                ],
                [
                    228,
                    1451
                ],
                [
                    228,
                    1434
                ]
            ],
            "text": "Maximum",
            "label": "B_Prop",
            "links": [
                [
                    36,
                    true
                ],
                [
                    88,
                    false
                ]
            ]
        },
        {
            "index": 39,
            "bbox": [
                [
                    230,
                    1434
                ],
                [
                    230,
                    1451
                ],
                [
                    266,
                    1451
                ],
                [
                    266,
                    1434
                ]
            ],
            "text": "flow",
            "label": "I_Prop",
            "links": []
        },
        {
            "index": 40,
            "bbox": [
                [
                    268,
                    1434
                ],
                [
                    268,
                    1451
                ],
                [
                    343,
                    1451
                ],
                [
                    343,
                    1434
                ]
            ],
            "text": "[m^3/hod]",
            "label": "B_Unit",
            "links": [
                [
                    88,
                    false
                ]
            ]
        },
        {
            "index": 41,
            "bbox": [
                [
                    143,
                    1468
                ],
                [
                    143,
                    1489
                ],
                [
                    227,
                    1489
                ],
                [
                    227,
                    1468
                ]
            ],
            "text": "Maximum",
            "label": "B_Prop",
            "links": [
                [
                    36,
                    true
                ],
                [
                    89,
                    false
                ]
            ]
        },
        {
            "index": 42,
            "bbox": [
                [
                    230,
                    1468
                ],
                [
                    230,
                    1489
                ],
                [
                    311,
                    1489
                ],
                [
                    311,
                    1468
                ]
            ],
            "text": "discharge",
            "label": "I_Prop",
            "links": []
        },
        {
            "index": 43,
            "bbox": [
                [
                    314,
                    1468
                ],
                [
                    314,
                    1489
                ],
                [
                    356,
                    1489
                ],
                [
                    356,
                    1468
                ]
            ],
            "text": "head",
            "label": "I_Prop",
            "links": []
        },
        {
            "index": 44,
            "bbox": [
                [
                    358,
                    1468
                ],
                [
                    358,
                    1489
                ],
                [
                    387,
                    1489
                ],
                [
                    387,
                    1468
                ]
            ],
            "text": "[m]",
            "label": "B_Unit",
            "links": [
                [
                    89,
                    false
                ]
            ]
        },
        {
            "index": 45,
            "bbox": [
                [
                    143,
                    1506
                ],
                [
                    143,
                    1526
                ],
                [
                    228,
                    1526
                ],
                [
                    228,
                    1506
                ]
            ],
            "text": "Maximum",
            "label": "B_Prop",
            "links": [
                [
                    36,
                    true
                ],
                [
                    142,
                    false
                ]
            ]
        },
        {
            "index": 46,
            "bbox": [
                [
                    231,
                    1506
                ],
                [
                    231,
                    1526
                ],
                [
                    291,
                    1526
                ],
                [
                    291,
                    1506
                ]
            ],
            "text": "suction",
            "label": "I_Prop",
            "links": []
        },
        {
            "index": 47,
            "bbox": [
                [
                    293,
                    1506
                ],
                [
                    293,
                    1526
                ],
                [
                    348,
                    1526
                ],
                [
                    348,
                    1506
                ]
            ],
            "text": "height",
            "label": "I_Prop",
            "links": []
        },
        {
            "index": 48,
            "bbox": [
                [
                    351,
                    1506
                ],
                [
                    351,
                    1526
                ],
                [
                    381,
                    1526
                ],
                [
                    381,
                    1506
                ]
            ],
            "text": "[m",
            "label": "B_Unit",
            "links": [
                [
                    142,
                    false
                ]
            ]
        },
        {
            "index": 49,
            "bbox": [
                [
                    139,
                    1540
                ],
                [
                    139,
                    1564
                ],
                [
                    208,
                    1564
                ],
                [
                    208,
                    1540
                ]
            ],
            "text": "Voltage",
            "label": "B_Prop",
            "links": [
                [
                    36,
                    true
                ],
                [
                    90,
                    false
                ]
            ]
        },
        {
            "index": 50,
            "bbox": [
                [
                    211,
                    1540
                ],
                [
                    211,
                    1564
                ],
                [
                    217,
                    1564
                ],
                [
                    217,
                    1540
                ]
            ],
            "text": "/",
            "label": "I_Prop",
            "links": []
        },
        {
            "index": 51,
            "bbox": [
                [
                    220,
                    1540
                ],
                [
                    220,
                    1564
                ],
                [
                    304,
                    1564
                ],
                [
                    304,
                    1540
                ]
            ],
            "text": "frequency",
            "label": "I_Prop",
            "links": []
        },
        {
            "index": 52,
            "bbox": [
                [
                    307,
                    1540
                ],
                [
                    307,
                    1564
                ],
                [
                    360,
                    1564
                ],
                [
                    360,
                    1540
                ]
            ],
            "text": "[V/Hz]",
            "label": "B_Unit",
            "links": [
                [
                    90,
                    false
                ]
            ]
        },
        {
            "index": 53,
            "bbox": [
                [
                    142,
                    1577
                ],
                [
                    142,
                    1599
                ],
                [
                    197,
                    1599
                ],
                [
                    197,
                    1577
                ]
            ],
            "text": "Power",
            "label": "B_Prop",
            "links": [
                [
                    36,
                    true
                ],
                [
                    93,
                    false
                ]
            ]
        },
        {
            "index": 54,
            "bbox": [
                [
                    200,
                    1577
                ],
                [
                    200,
                    1598
                ],
                [
                    228,
                    1598
                ],
                [
                    228,
                    1577
                ]
            ],
            "text": "[W]",
            "label": "B_Unit",
            "links": [
                [
                    93,
                    false
                ]
            ]
        },
        {
            "index": 55,
            "bbox": [
                [
                    143,
                    1615
                ],
                [
                    143,
                    1635
                ],
                [
                    208,
                    1635
                ],
                [
                    208,
                    1615
                ]
            ],
            "text": "Suction",
            "label": "B_Prop",
            "links": [
                [
                    36,
                    true
                ],
                [
                    94,
                    false
                ]
            ]
        },
        {
            "index": 56,
            "bbox": [
                [
                    210,
                    1615
                ],
                [
                    210,
                    1635
                ],
                [
                    220,
                    1635
                ],
                [
                    220,
                    1615
                ]
            ],
            "text": "x",
            "label": "I_Prop",
            "links": []
        },
        {
            "index": 57,
            "bbox": [
                [
                    223,
                    1615
                ],
                [
                    223,
                    1635
                ],
                [
                    306,
                    1635
                ],
                [
                    306,
                    1615
                ]
            ],
            "text": "discharge",
            "label": "I_Prop",
            "links": []
        },
        {
            "index": 58,
            "bbox": [
                [
                    308,
                    1615
                ],
                [
                    308,
                    1635
                ],
                [
                    350,
                    1635
                ],
                [
                    350,
                    1615
                ]
            ],
            "text": "neck",
            "label": "I_Prop",
            "links": []
        },
        {
            "index": 59,
            "bbox": [
                [
                    143,
                    1649
                ],
                [
                    143,
                    1669
                ],
                [
                    228,
                    1669
                ],
                [
                    228,
                    1649
                ]
            ],
            "text": "Maximum",
            "label": "B_Prop",
            "links": [
                [
                    36,
                    true
                ],
                [
                    143,
                    false
                ]
            ]
        },
        {
            "index": 60,
            "bbox": [
                [
                    231,
                    1649
                ],
                [
                    231,
                    1669
                ],
                [
                    268,
                    1669
                ],
                [
                    268,
                    1649
                ]
            ],
            "text": "fluid",
            "label": "I_Prop",
            "links": []
        },
        {
            "index": 61,
            "bbox": [
                [
                    271,
                    1649
                ],
                [
                    271,
                    1669
                ],
                [
                    371,
                    1669
                ],
                [
                    371,
                    1649
                ]
            ],
            "text": "temperature",
            "label": "I_Prop",
            "links": []
        },
        {
            "index": 62,
            "bbox": [
                [
                    373,
                    1649
                ],
                [
                    373,
                    1669
                ],
                [
                    404,
                    1669
                ],
                [
                    404,
                    1649
                ]
            ],
            "text": "[°C]",
            "label": "B_Unit",
            "links": [
                [
                    143,
                    false
                ]
            ]
        },
        {
            "index": 63,
            "bbox": [
                [
                    139,
                    1686
                ],
                [
                    139,
                    1703
                ],
                [
                    226,
                    1703
                ],
                [
                    226,
                    1686
                ]
            ],
            "text": "Maximum",
            "label": "B_Prop",
            "links": [
                [
                    36,
                    true
                ],
                [
                    96,
                    false
                ]
            ]
        },
        {
            "index": 64,
            "bbox": [
                [
                    228,
                    1686
                ],
                [
                    228,
                    1703
                ],
                [
                    298,
                    1703
                ],
                [
                    298,
                    1686
                ]
            ],
            "text": "ambient",
            "label": "I_Prop",
            "links": []
        },
        {
            "index": 65,
            "bbox": [
                [
                    301,
                    1686
                ],
                [
                    301,
                    1703
                ],
                [
                    405,
                    1703
                ],
                [
                    405,
                    1686
                ]
            ],
            "text": "temperature",
            "label": "I_Prop",
            "links": []
        },
        {
            "index": 66,
            "bbox": [
                [
                    407,
                    1686
                ],
                [
                    407,
                    1703
                ],
                [
                    435,
                    1703
                ],
                [
                    435,
                    1686
                ]
            ],
            "text": "[°C]",
            "label": "B_Unit",
            "links": [
                [
                    96,
                    false
                ]
            ]
        },
        {
            "index": 67,
            "bbox": [
                [
                    139,
                    1720
                ],
                [
                    139,
                    1740
                ],
                [
                    191,
                    1740
                ],
                [
                    191,
                    1720
                ]
            ],
            "text": "Cable",
            "label": "B_Prop",
            "links": [
                [
                    36,
                    true
                ],
                [
                    97,
                    false
                ]
            ]
        },
        {
            "index": 68,
            "bbox": [
                [
                    194,
                    1720
                ],
                [
                    194,
                    1740
                ],
                [
                    247,
                    1740
                ],
                [
                    247,
                    1720
                ]
            ],
            "text": "length",
            "label": "I_Prop",
            "links": []
        },
        {
            "index": 69,
            "bbox": [
                [
                    249,
                    1720
                ],
                [
                    249,
                    1740
                ],
                [
                    278,
                    1740
                ],
                [
                    278,
                    1720
                ]
            ],
            "text": "[m]",
            "label": "B_Unit",
            "links": [
                [
                    97,
                    false
                ]
            ]
        },
        {
            "index": 70,
            "bbox": [
                [
                    143,
                    1757
                ],
                [
                    143,
                    1778
                ],
                [
                    204,
                    1778
                ],
                [
                    204,
                    1757
                ]
            ],
            "text": "Degree",
            "label": "B_Prop",
            "links": [
                [
                    36,
                    true
                ],
                [
                    98,
                    false
                ]
            ]
        },
        {
            "index": 71,
            "bbox": [
                [
                    206,
                    1757
                ],
                [
                    206,
                    1778
                ],
                [
                    224,
                    1778
                ],
                [
                    224,
                    1757
                ]
            ],
            "text": "of",
            "label": "I_Prop",
            "links": []
        },
        {
            "index": 72,
            "bbox": [
                [
                    227,
                    1757
                ],
                [
                    227,
                    1778
                ],
                [
                    316,
                    1778
                ],
                [
                    316,
                    1757
                ]
            ],
            "text": "protection",
            "label": "I_Prop",
            "links": []
        },
        {
            "index": 73,
            "bbox": [
                [
                    139,
                    1791
                ],
                [
                    139,
                    1808
                ],
                [
                    228,
                    1808
                ],
                [
                    228,
                    1791
                ]
            ],
            "text": "Insulation",
            "label": "B_Prop",
            "links": [
                [
                    36,
                    true
                ],
                [
                    144,
                    false
                ]
            ]
        },
        {
            "index": 74,
            "bbox": [
                [
                    230,
                    1791
                ],
                [
                    230,
                    1808
                ],
                [
                    275,
                    1808
                ],
                [
                    275,
                    1791
                ]
            ],
            "text": "class",
            "label": "I_Prop",
            "links": []
        },
        {
            "index": 75,
            "bbox": [
                [
                    143,
                    1825
                ],
                [
                    143,
                    1846
                ],
                [
                    204,
                    1846
                ],
                [
                    204,
                    1825
                ]
            ],
            "text": "Weight",
            "label": "B_Prop",
            "links": [
                [
                    36,
                    true
                ],
                [
                    100,
                    false
                ]
            ]
        },
        {
            "index": 76,
            "bbox": [
                [
                    206,
                    1825
                ],
                [
                    206,
                    1846
                ],
                [
                    238,
                    1846
                ],
                [
                    238,
                    1825
                ]
            ],
            "text": "[kg]",
            "label": "B_Unit",
            "links": [
                [
                    100,
                    false
                ]
            ]
        },
        {
            "index": 77,
            "bbox": [
                [
                    143,
                    1863
                ],
                [
                    143,
                    1880
                ],
                [
                    233,
                    1880
                ],
                [
                    233,
                    1863
                ]
            ],
            "text": "Dimension",
            "label": "B_Prop",
            "links": [
                [
                    36,
                    true
                ],
                [
                    101,
                    false
                ]
            ]
        },
        {
            "index": 78,
            "bbox": [
                [
                    234,
                    1863
                ],
                [
                    234,
                    1880
                ],
                [
                    247,
                    1880
                ],
                [
                    247,
                    1863
                ]
            ],
            "text": "L",
            "label": "I_Prop",
            "links": []
        },
        {
            "index": 79,
            "bbox": [
                [
                    249,
                    1863
                ],
                [
                    249,
                    1880
                ],
                [
                    260,
                    1880
                ],
                [
                    260,
                    1863
                ]
            ],
            "text": "x",
            "label": "I_Prop",
            "links": []
        },
        {
            "index": 80,
            "bbox": [
                [
                    262,
                    1863
                ],
                [
                    262,
                    1880
                ],
                [
                    277,
                    1880
                ],
                [
                    277,
                    1863
                ]
            ],
            "text": "H",
            "label": "I_Prop",
            "links": []
        },
        {
            "index": 81,
            "bbox": [
                [
                    279,
                    1863
                ],
                [
                    279,
                    1880
                ],
                [
                    292,
                    1880
                ],
                [
                    292,
                    1863
                ]
            ],
            "text": "x",
            "label": "I_Prop",
            "links": []
        },
        {
            "index": 82,
            "bbox": [
                [
                    294,
                    1863
                ],
                [
                    294,
                    1880
                ],
                [
                    313,
                    1880
                ],
                [
                    313,
                    1863
                ]
            ],
            "text": "W",
            "label": "I_Prop",
            "links": []
        },
        {
            "index": 83,
            "bbox": [
                [
                    315,
                    1863
                ],
                [
                    315,
                    1880
                ],
                [
                    356,
                    1880
                ],
                [
                    356,
                    1863
                ]
            ],
            "text": "mm]",
            "label": "B_Unit",
            "links": [
                [
                    101,
                    false
                ]
            ]
        },
        {
            "index": 84,
            "bbox": [
                [
                    465,
                    1349
                ],
                [
                    465,
                    1370
                ],
                [
                    512,
                    1370
                ],
                [
                    512,
                    1349
                ]
            ],
            "text": "blue",
            "label": "B_Descri",
            "links": [
                [
                    87,
                    false
                ]
            ]
        },
        {
            "index": 85,
            "bbox": [
                [
                    515,
                    1349
                ],
                [
                    515,
                    1370
                ],
                [
                    554,
                    1370
                ],
                [
                    554,
                    1349
                ]
            ],
            "text": "line",
            "label": "I_Descri",
            "links": []
        },
        {
            "index": 86,
            "bbox": [
                [
                    557,
                    1349
                ],
                [
                    557,
                    1370
                ],
                [
                    656,
                    1370
                ],
                [
                    656,
                    1349
                ]
            ],
            "text": "PTM80-1",
            "label": "I_Descri",
            "links": []
        },
        {
            "index": 87,
            "bbox": [
                [
                    465,
                    1401
                ],
                [
                    465,
                    1418
                ],
                [
                    560,
                    1418
                ],
                [
                    560,
                    1401
                ]
            ],
            "text": "ZB00001152",
            "label": "B_Ref",
            "links": [
                [
                    88,
                    false
                ],
                [
                    89,
                    false
                ],
                [
                    90,
                    false
                ],
                [
                    93,
                    false
                ],
                [
                    94,
                    false
                ],
                [
                    96,
                    false
                ],
                [
                    97,
                    false
                ],
                [
                    98,
                    false
                ],
                [
                    100,
                    false
                ],
                [
                    101,
                    false
                ],
                [
                    142,
                    false
                ],
                [
                    143,
                    false
                ],
                [
                    144,
                    false
                ],
                [
                    84,
                    true
                ]
            ]
        },
        {
            "index": 88,
            "bbox": [
                [
                    462,
                    1435
                ],
                [
                    462,
                    1452
                ],
                [
                    493,
                    1452
                ],
                [
                    493,
                    1435
                ]
            ],
            "text": "3,6",
            "label": "B_Value",
            "links": [
                [
                    40,
                    true
                ],
                [
                    38,
                    true
                ],
                [
                    87,
                    true
                ]
            ]
        },
        {
            "index": 89,
            "bbox": [
                [
                    465,
                    1469
                ],
                [
                    465,
                    1486
                ],
                [
                    489,
                    1486
                ],
                [
                    489,
                    1469
                ]
            ],
            "text": "70",
            "label": "B_Value",
            "links": [
                [
                    44,
                    true
                ],
                [
                    41,
                    true
                ],
                [
                    87,
                    true
                ]
            ]
        },
        {
            "index": 90,
            "bbox": [
                [
                    462,
                    1543
                ],
                [
                    462,
                    1560
                ],
                [
                    496,
                    1560
                ],
                [
                    496,
                    1543
                ]
            ],
            "text": "230",
            "label": "B_Value",
            "links": [
                [
                    52,
                    true
                ],
                [
                    49,
                    true
                ],
                [
                    87,
                    true
                ]
            ]
        },
        {
            "index": 91,
            "bbox": [
                [
                    498,
                    1543
                ],
                [
                    498,
                    1560
                ],
                [
                    504,
                    1560
                ],
                [
                    504,
                    1543
                ]
            ],
            "text": "/",
            "label": "I_Value",
            "links": []
        },
        {
            "index": 92,
            "bbox": [
                [
                    507,
                    1543
                ],
                [
                    507,
                    1560
                ],
                [
                    530,
                    1560
                ],
                [
                    530,
                    1543
                ]
            ],
            "text": "50",
            "label": "I_Value",
            "links": []
        },
        {
            "index": 93,
            "bbox": [
                [
                    465,
                    1577
                ],
                [
                    465,
                    1594
                ],
                [
                    496,
                    1594
                ],
                [
                    496,
                    1577
                ]
            ],
            "text": "750",
            "label": "B_Value",
            "links": [
                [
                    54,
                    true
                ],
                [
                    53,
                    true
                ],
                [
                    87,
                    true
                ]
            ]
        },
        {
            "index": 94,
            "bbox": [
                [
                    465,
                    1611
                ],
                [
                    465,
                    1632
                ],
                [
                    494,
                    1632
                ],
                [
                    494,
                    1611
                ]
            ],
            "text": "1“ x",
            "label": "B_Value",
            "links": [
                [
                    55,
                    true
                ],
                [
                    87,
                    true
                ]
            ]
        },
        {
            "index": 95,
            "bbox": [
                [
                    497,
                    1611
                ],
                [
                    497,
                    1632
                ],
                [
                    513,
                    1632
                ],
                [
                    513,
                    1611
                ]
            ],
            "text": "1“",
            "label": "I_Value",
            "links": []
        },
        {
            "index": 96,
            "bbox": [
                [
                    465,
                    1686
                ],
                [
                    465,
                    1703
                ],
                [
                    485,
                    1703
                ],
                [
                    485,
                    1686
                ]
            ],
            "text": "40",
            "label": "B_Value",
            "links": [
                [
                    66,
                    true
                ],
                [
                    63,
                    true
                ],
                [
                    87,
                    true
                ]
            ]
        },
        {
            "index": 97,
            "bbox": [
                [
                    465,
                    1720
                ],
                [
                    465,
                    1737
                ],
                [
                    492,
                    1737
                ],
                [
                    492,
                    1720
                ]
            ],
            "text": "0,3",
            "label": "B_Value",
            "links": [
                [
                    69,
                    true
                ],
                [
                    67,
                    true
                ],
                [
                    87,
                    true
                ]
            ]
        },
        {
            "index": 98,
            "bbox": [
                [
                    465,
                    1757
                ],
                [
                    465,
                    1774
                ],
                [
                    482,
                    1774
                ],
                [
                    482,
                    1757
                ]
            ],
            "text": "IP",
            "label": "B_Value",
            "links": [
                [
                    70,
                    true
                ],
                [
                    87,
                    true
                ]
            ]
        },
        {
            "index": 99,
            "bbox": [
                [
                    484,
                    1757
                ],
                [
                    484,
                    1774
                ],
                [
                    506,
                    1774
                ],
                [
                    506,
                    1757
                ]
            ],
            "text": "X4",
            "label": "I_Value",
            "links": []
        },
        {
            "index": 100,
            "bbox": [
                [
                    465,
                    1829
                ],
                [
                    465,
                    1846
                ],
                [
                    499,
                    1846
                ],
                [
                    499,
                    1829
                ]
            ],
            "text": "10,2",
            "label": "B_Value",
            "links": [
                [
                    76,
                    true
                ],
                [
                    75,
                    true
                ],
                [
                    87,
                    true
                ]
            ]
        },
        {
            "index": 101,
            "bbox": [
                [
                    462,
                    1863
                ],
                [
                    462,
                    1880
                ],
                [
                    496,
                    1880
                ],
                [
                    496,
                    1863
                ]
            ],
            "text": "300",
            "label": "B_Value",
            "links": [
                [
                    83,
                    true
                ],
                [
                    77,
                    true
                ],
                [
                    87,
                    true
                ]
            ]
        },
        {
            "index": 102,
            "bbox": [
                [
                    498,
                    1863
                ],
                [
                    498,
                    1880
                ],
                [
                    507,
                    1880
                ],
                [
                    507,
                    1863
                ]
            ],
            "text": "×",
            "label": "I_Value",
            "links": []
        },
        {
            "index": 103,
            "bbox": [
                [
                    509,
                    1863
                ],
                [
                    509,
                    1880
                ],
                [
                    539,
                    1880
                ],
                [
                    539,
                    1863
                ]
            ],
            "text": "185",
            "label": "I_Value",
            "links": []
        },
        {
            "index": 104,
            "bbox": [
                [
                    541,
                    1863
                ],
                [
                    541,
                    1880
                ],
                [
                    550,
                    1880
                ],
                [
                    550,
                    1863
                ]
            ],
            "text": "×",
            "label": "I_Value",
            "links": []
        },
        {
            "index": 105,
            "bbox": [
                [
                    551,
                    1863
                ],
                [
                    551,
                    1880
                ],
                [
                    581,
                    1880
                ],
                [
                    581,
                    1863
                ]
            ],
            "text": "140",
            "label": "I_Value",
            "links": []
        },
        {
            "index": 106,
            "bbox": [
                [
                    139,
                    2084
                ],
                [
                    139,
                    2111
                ],
                [
                    431,
                    2111
                ],
                [
                    431,
                    2084
                ]
            ],
            "text": "www.pumpa.eu",
            "label": "Out",
            "links": []
        },
        {
            "index": 107,
            "bbox": [
                [
                    1080,
                    180
                ],
                [
                    1080,
                    211
                ],
                [
                    1208,
                    211
                ],
                [
                    1208,
                    180
                ]
            ],
            "text": "PUMPA",
            "label": "B_Descri",
            "links": []
        },
        {
            "index": 108,
            "bbox": [
                [
                    1212,
                    180
                ],
                [
                    1212,
                    211
                ],
                [
                    1293,
                    211
                ],
                [
                    1293,
                    180
                ]
            ],
            "text": "BLUE",
            "label": "I_Descri",
            "links": []
        },
        {
            "index": 109,
            "bbox": [
                [
                    1297,
                    180
                ],
                [
                    1297,
                    211
                ],
                [
                    1375,
                    211
                ],
                [
                    1375,
                    180
                ]
            ],
            "text": "LINE",
            "label": "I_Descri",
            "links": []
        },
        {
            "index": 110,
            "bbox": [
                [
                    1378,
                    180
                ],
                [
                    1378,
                    211
                ],
                [
                    1514,
                    211
                ],
                [
                    1514,
                    180
                ]
            ],
            "text": "PTM80-1",
            "label": "I_Descri",
            "links": []
        },
        {
            "index": 111,
            "bbox": [
                [
                    849,
                    1383
                ],
                [
                    849,
                    1417
                ],
                [
                    1002,
                    1417
                ],
                [
                    1002,
                    1383
                ]
            ],
            "text": "Hydraulic",
            "label": "B_Section",
            "links": []
        },
        {
            "index": 112,
            "bbox": [
                [
                    1006,
                    1383
                ],
                [
                    1006,
                    1417
                ],
                [
                    1112,
                    1417
                ],
                [
                    1112,
                    1383
                ]
            ],
            "text": "power",
            "label": "I_Section",
            "links": []
        },
        {
            "index": 113,
            "bbox": [
                [
                    1117,
                    1383
                ],
                [
                    1117,
                    1417
                ],
                [
                    1203,
                    1417
                ],
                [
                    1203,
                    1383
                ]
            ],
            "text": "curve",
            "label": "I_Section",
            "links": []
        },
        {
            "index": 114,
            "bbox": [
                [
                    876,
                    1455
                ],
                [
                    876,
                    1475
                ],
                [
                    900,
                    1475
                ],
                [
                    900,
                    1455
                ]
            ],
            "text": "70",
            "label": "Out",
            "links": []
        },
        {
            "index": 115,
            "bbox": [
                [
                    876,
                    1496
                ],
                [
                    876,
                    1513
                ],
                [
                    903,
                    1513
                ],
                [
                    903,
                    1496
                ]
            ],
            "text": "60",
            "label": "Out",
            "links": []
        },
        {
            "index": 116,
            "bbox": [
                [
                    876,
                    1533
                ],
                [
                    876,
                    1553
                ],
                [
                    903,
                    1553
                ],
                [
                    903,
                    1533
                ]
            ],
            "text": "50",
            "label": "Out",
            "links": []
        },
        {
            "index": 117,
            "bbox": [
                [
                    876,
                    1574
                ],
                [
                    876,
                    1591
                ],
                [
                    900,
                    1591
                ],
                [
                    900,
                    1574
                ]
            ],
            "text": "40",
            "label": "Out",
            "links": []
        },
        {
            "index": 118,
            "bbox": [
                [
                    876,
                    1611
                ],
                [
                    876,
                    1631
                ],
                [
                    903,
                    1631
                ],
                [
                    903,
                    1611
                ]
            ],
            "text": "30",
            "label": "Out",
            "links": []
        },
        {
            "index": 119,
            "bbox": [
                [
                    876,
                    1652
                ],
                [
                    876,
                    1672
                ],
                [
                    903,
                    1672
                ],
                [
                    903,
                    1652
                ]
            ],
            "text": "20",
            "label": "Out",
            "links": []
        },
        {
            "index": 120,
            "bbox": [
                [
                    880,
                    1693
                ],
                [
                    880,
                    1710
                ],
                [
                    904,
                    1710
                ],
                [
                    904,
                    1693
                ]
            ],
            "text": "10",
            "label": "Out",
            "links": []
        },
        {
            "index": 121,
            "bbox": [
                [
                    1280,
                    1560
                ],
                [
                    1280,
                    1580
                ],
                [
                    1362,
                    1580
                ],
                [
                    1362,
                    1560
                ]
            ],
            "text": "PTm80-1",
            "label": "Out",
            "links": []
        },
        {
            "index": 122,
            "bbox": [
                [
                    961,
                    1741
                ],
                [
                    961,
                    1765
                ],
                [
                    978,
                    1765
                ],
                [
                    978,
                    1741
                ]
            ],
            "text": "5",
            "label": "Out",
            "links": []
        },
        {
            "index": 123,
            "bbox": [
                [
                    1012,
                    1744
                ],
                [
                    1012,
                    1761
                ],
                [
                    1039,
                    1761
                ],
                [
                    1039,
                    1744
                ]
            ],
            "text": "10",
            "label": "Out",
            "links": []
        },
        {
            "index": 124,
            "bbox": [
                [
                    992,
                    1778
                ],
                [
                    992,
                    1798
                ],
                [
                    1023,
                    1798
                ],
                [
                    1023,
                    1778
                ]
            ],
            "text": "0,5",
            "label": "Out",
            "links": []
        },
        {
            "index": 125,
            "bbox": [
                [
                    1066,
                    1744
                ],
                [
                    1066,
                    1761
                ],
                [
                    1093,
                    1761
                ],
                [
                    1093,
                    1744
                ]
            ],
            "text": "15",
            "label": "Out",
            "links": []
        },
        {
            "index": 126,
            "bbox": [
                [
                    1083,
                    1775
                ],
                [
                    1083,
                    1802
                ],
                [
                    1117,
                    1802
                ],
                [
                    1117,
                    1775
                ]
            ],
            "text": "1,0",
            "label": "Out",
            "links": []
        },
        {
            "index": 127,
            "bbox": [
                [
                    1124,
                    1744
                ],
                [
                    1124,
                    1764
                ],
                [
                    1151,
                    1764
                ],
                [
                    1151,
                    1744
                ]
            ],
            "text": "20",
            "label": "Out",
            "links": []
        },
        {
            "index": 128,
            "bbox": [
                [
                    1179,
                    1744
                ],
                [
                    1179,
                    1764
                ],
                [
                    1206,
                    1764
                ],
                [
                    1206,
                    1744
                ]
            ],
            "text": "25",
            "label": "Out",
            "links": []
        },
        {
            "index": 129,
            "bbox": [
                [
                    1175,
                    1775
                ],
                [
                    1175,
                    1802
                ],
                [
                    1209,
                    1802
                ],
                [
                    1209,
                    1775
                ]
            ],
            "text": "1,5",
            "label": "Out",
            "links": []
        },
        {
            "index": 130,
            "bbox": [
                [
                    1158,
                    1815
                ],
                [
                    1158,
                    1836
                ],
                [
                    1202,
                    1836
                ],
                [
                    1202,
                    1815
                ]
            ],
            "text": "Flow",
            "label": "Out",
            "links": []
        },
        {
            "index": 131,
            "bbox": [
                [
                    1205,
                    1815
                ],
                [
                    1205,
                    1836
                ],
                [
                    1216,
                    1836
                ],
                [
                    1216,
                    1815
                ]
            ],
            "text": "Q",
            "label": "Out",
            "links": []
        },
        {
            "index": 132,
            "bbox": [
                [
                    1236,
                    1744
                ],
                [
                    1236,
                    1764
                ],
                [
                    1260,
                    1764
                ],
                [
                    1260,
                    1744
                ]
            ],
            "text": "30",
            "label": "Out",
            "links": []
        },
        {
            "index": 133,
            "bbox": [
                [
                    1291,
                    1744
                ],
                [
                    1291,
                    1764
                ],
                [
                    1322,
                    1764
                ],
                [
                    1322,
                    1744
                ]
            ],
            "text": "35",
            "label": "Out",
            "links": []
        },
        {
            "index": 134,
            "bbox": [
                [
                    1270,
                    1775
                ],
                [
                    1270,
                    1802
                ],
                [
                    1301,
                    1802
                ],
                [
                    1301,
                    1775
                ]
            ],
            "text": "2,0",
            "label": "Out",
            "links": []
        },
        {
            "index": 135,
            "bbox": [
                [
                    1348,
                    1744
                ],
                [
                    1348,
                    1761
                ],
                [
                    1372,
                    1761
                ],
                [
                    1372,
                    1744
                ]
            ],
            "text": "40",
            "label": "Out",
            "links": []
        },
        {
            "index": 136,
            "bbox": [
                [
                    1365,
                    1778
                ],
                [
                    1365,
                    1798
                ],
                [
                    1396,
                    1798
                ],
                [
                    1396,
                    1778
                ]
            ],
            "text": "2,5",
            "label": "Out",
            "links": []
        },
        {
            "index": 137,
            "bbox": [
                [
                    1403,
                    1744
                ],
                [
                    1403,
                    1761
                ],
                [
                    1430,
                    1761
                ],
                [
                    1430,
                    1744
                ]
            ],
            "text": "45",
            "label": "Out",
            "links": []
        },
        {
            "index": 138,
            "bbox": [
                [
                    1460,
                    1744
                ],
                [
                    1460,
                    1764
                ],
                [
                    1497,
                    1764
                ],
                [
                    1497,
                    1744
                ]
            ],
            "text": "50",
            "label": "Out",
            "links": []
        },
        {
            "index": 139,
            "bbox": [
                [
                    1500,
                    1744
                ],
                [
                    1500,
                    1764
                ],
                [
                    1545,
                    1764
                ],
                [
                    1545,
                    1744
                ]
            ],
            "text": "l/min",
            "label": "Out",
            "links": []
        },
        {
            "index": 140,
            "bbox": [
                [
                    1460,
                    1771
                ],
                [
                    1460,
                    1798
                ],
                [
                    1497,
                    1798
                ],
                [
                    1497,
                    1771
                ]
            ],
            "text": "3,0",
            "label": "Out",
            "links": []
        },
        {
            "index": 141,
            "bbox": [
                [
                    1501,
                    1771
                ],
                [
                    1501,
                    1798
                ],
                [
                    1546,
                    1798
                ],
                [
                    1546,
                    1771
                ]
            ],
            "text": "m^3/h",
            "label": "Out",
            "links": []
        },
        {
            "index": 142,
            "bbox": [
                [
                    464,
                    1501
                ],
                [
                    464,
                    1523
                ],
                [
                    483,
                    1523
                ],
                [
                    483,
                    1501
                ]
            ],
            "text": "6",
            "label": "B_Value",
            "links": [
                [
                    48,
                    true
                ],
                [
                    45,
                    true
                ],
                [
                    87,
                    true
                ]
            ]
        },
        {
            "index": 143,
            "bbox": [
                [
                    464,
                    1645
                ],
                [
                    464,
                    1669
                ],
                [
                    489,
                    1669
                ],
                [
                    489,
                    1645
                ]
            ],
            "text": "35",
            "label": "B_Value",
            "links": [
                [
                    62,
                    true
                ],
                [
                    59,
                    true
                ],
                [
                    87,
                    true
                ]
            ]
        },
        {
            "index": 144,
            "bbox": [
                [
                    462,
                    1788
                ],
                [
                    462,
                    1811
                ],
                [
                    482,
                    1811
                ],
                [
                    482,
                    1788
                ]
            ],
            "text": "F",
            "label": "B_Value",
            "links": [
                [
                    73,
                    true
                ],
                [
                    87,
                    true
                ]
            ]
        }
    ]
}