{
    "datasheet": [
        {
            "index": 0,
            "bbox": [
                [
                    1420,
                    175
                ],
                [
                    1521,
                    175
                ],
                [
                    1521,
                    207
                ],
                [
                    1420,
                    207
                ]
            ],
            "text": "3SKM",
            "label": "B_Ref"
        },
        {
            "index": 1,
            "bbox": [
                [
                    555,
                    619
                ],
                [
                    790,
                    619
                ],
                [
                    790,
                    678
                ],
                [
                    555,
                    678
                ]
            ],
            "text": "3SKM",
            "label": "B_Ref"
        },
        {
            "index": 2,
            "bbox": [
                [
                    452,
                    1404
                ],
                [
                    555,
                    1404
                ],
                [
                    555,
                    1434
                ],
                [
                    452,
                    1434
                ]
            ],
            "text": "ZB00001039",
            "label": "B_Ref"
        },
        {
            "index": 3,
            "bbox": [
                [
                    641,
                    1404
                ],
                [
                    744,
                    1404
                ],
                [
                    744,
                    1434
                ],
                [
                    641,
                    1434
                ]
            ],
            "text": "ZB00048409",
            "label": "B_Ref"
        },
        {
            "index": 4,
            "bbox": [
                [
                    139,
                    175
                ],
                [
                    139,
                    678
                ],
                [
                    1420,
                    678
                ],
                [
                    1420,
                    175
                ]
            ],
            "text": "PUMPA BLUE LINE BLUE LINE",
            "label": "B_Section"
        },
        {
            "index": 5,
            "bbox": [
                [
                    130,
                    1071
                ],
                [
                    315,
                    1071
                ],
                [
                    315,
                    1110
                ],
                [
                    130,
                    1110
                ]
            ],
            "text": "Application",
            "label": "B_Section"
        },
        {
            "index": 6,
            "bbox": [
                [
                    884,
                    1247
                ],
                [
                    884,
                    1288
                ],
                [
                    1348,
                    1288
                ],
                [
                    1348,
                    1247
                ]
            ],
            "text": "Characteristic design features",
            "label": "B_Section"
        },
        {
            "index": 7,
            "bbox": [
                [
                    139,
                    1349
                ],
                [
                    212,
                    1349
                ],
                [
                    212,
                    1381
                ],
                [
                    139,
                    1381
                ]
            ],
            "text": "Model",
            "label": "B_Section"
        },
        {
            "index": 8,
            "bbox": [
                [
                    139,
                    1407
                ],
                [
                    191,
                    1407
                ],
                [
                    191,
                    1432
                ],
                [
                    139,
                    1432
                ]
            ],
            "text": "Code",
            "label": "B_Prop"
        },
        {
            "index": 9,
            "bbox": [
                [
                    137,
                    1436
                ],
                [
                    137,
                    1468
                ],
                [
                    345,
                    1468
                ],
                [
                    345,
                    1436
                ]
            ],
            "text": "Maximum flow [m?/hod]",
            "label": "B_Prop"
        },
        {
            "index": 10,
            "bbox": [
                [
                    139,
                    1471
                ],
                [
                    139,
                    1502
                ],
                [
                    393,
                    1502
                ],
                [
                    393,
                    1471
                ]
            ],
            "text": "Maximum discharge head [m]",
            "label": "B_Prop"
        },
        {
            "index": 11,
            "bbox": [
                [
                    139,
                    1507
                ],
                [
                    139,
                    1537
                ],
                [
                    276,
                    1537
                ],
                [
                    276,
                    1507
                ]
            ],
            "text": "Pump diameter",
            "label": "B_Prop"
        },
        {
            "index": 12,
            "bbox": [
                [
                    139,
                    1546
                ],
                [
                    139,
                    1578
                ],
                [
                    365,
                    1578
                ],
                [
                    365,
                    1546
                ]
            ],
            "text": "Voltage/ frequency [V/Hz]",
            "label": "B_Prop"
        },
        {
            "index": 13,
            "bbox": [
                [
                    139,
                    1582
                ],
                [
                    139,
                    1612
                ],
                [
                    230,
                    1612
                ],
                [
                    230,
                    1582
                ]
            ],
            "text": "Power [W]",
            "label": "B_Prop"
        },
        {
            "index": 14,
            "bbox": [
                [
                    141,
                    1621
                ],
                [
                    242,
                    1621
                ],
                [
                    242,
                    1644
                ],
                [
                    141,
                    1644
                ]
            ],
            "text": "Connection",
            "label": "B_Prop"
        },
        {
            "index": 15,
            "bbox": [
                [
                    139,
                    1653
                ],
                [
                    139,
                    1685
                ],
                [
                    402,
                    1685
                ],
                [
                    402,
                    1653
                ]
            ],
            "text": "Maximumi immersion depth [m]",
            "label": "B_Prop"
        },
        {
            "index": 16,
            "bbox": [
                [
                    139,
                    1690
                ],
                [
                    139,
                    1719
                ],
                [
                    406,
                    1719
                ],
                [
                    406,
                    1690
                ]
            ],
            "text": "Maximum fluid temperature[ [°C]",
            "label": "B_Prop"
        },
        {
            "index": 17,
            "bbox": [
                [
                    141,
                    1724
                ],
                [
                    141,
                    1756
                ],
                [
                    281,
                    1756
                ],
                [
                    281,
                    1724
                ]
            ],
            "text": "Cable length [m]",
            "label": "B_Prop"
        },
        {
            "index": 18,
            "bbox": [
                [
                    141,
                    1761
                ],
                [
                    141,
                    1790
                ],
                [
                    317,
                    1790
                ],
                [
                    317,
                    1761
                ]
            ],
            "text": "Degree of protection",
            "label": "B_Prop"
        },
        {
            "index": 19,
            "bbox": [
                [
                    137,
                    1795
                ],
                [
                    137,
                    1825
                ],
                [
                    276,
                    1825
                ],
                [
                    276,
                    1795
                ]
            ],
            "text": "Insulation class",
            "label": "B_Prop"
        },
        {
            "index": 20,
            "bbox": [
                [
                    139,
                    1831
                ],
                [
                    139,
                    1863
                ],
                [
                    239,
                    1863
                ],
                [
                    239,
                    1831
                ]
            ],
            "text": "Weight [kg]",
            "label": "B_Prop"
        },
        {
            "index": 21,
            "bbox": [
                [
                    139,
                    1866
                ],
                [
                    139,
                    1900
                ],
                [
                    351,
                    1900
                ],
                [
                    351,
                    1866
                ]
            ],
            "text": "Dimension- length [mm]",
            "label": "B_Prop"
        },
        {
            "index": 22,
            "bbox": [
                [
                    454,
                    1439
                ],
                [
                    486,
                    1439
                ],
                [
                    486,
                    1464
                ],
                [
                    454,
                    1464
                ]
            ],
            "text": "2,5",
            "label": "B_Value"
        },
        {
            "index": 23,
            "bbox": [
                [
                    644,
                    1439
                ],
                [
                    676,
                    1439
                ],
                [
                    676,
                    1466
                ],
                [
                    644,
                    1466
                ]
            ],
            "text": "2,5",
            "label": "B_Value"
        },
        {
            "index": 24,
            "bbox": [
                [
                    454,
                    1473
                ],
                [
                    482,
                    1473
                ],
                [
                    482,
                    1500
                ],
                [
                    454,
                    1500
                ]
            ],
            "text": "57",
            "label": "B_Value"
        },
        {
            "index": 25,
            "bbox": [
                [
                    641,
                    1473
                ],
                [
                    671,
                    1473
                ],
                [
                    671,
                    1500
                ],
                [
                    641,
                    1500
                ]
            ],
            "text": "73",
            "label": "B_Value"
        },
        {
            "index": 26,
            "bbox": [
                [
                    454,
                    1509
                ],
                [
                    479,
                    1509
                ],
                [
                    479,
                    1537
                ],
                [
                    454,
                    1537
                ]
            ],
            "text": "3\"",
            "label": "B_Value"
        },
        {
            "index": 27,
            "bbox": [
                [
                    641,
                    1509
                ],
                [
                    669,
                    1509
                ],
                [
                    669,
                    1534
                ],
                [
                    641,
                    1534
                ]
            ],
            "text": "3\"",
            "label": "B_Value"
        },
        {
            "index": 28,
            "bbox": [
                [
                    454,
                    1548
                ],
                [
                    523,
                    1548
                ],
                [
                    523,
                    1573
                ],
                [
                    454,
                    1573
                ]
            ],
            "text": "230/50",
            "label": "B_Value"
        },
        {
            "index": 29,
            "bbox": [
                [
                    644,
                    1548
                ],
                [
                    712,
                    1548
                ],
                [
                    712,
                    1573
                ],
                [
                    644,
                    1573
                ]
            ],
            "text": "230/50",
            "label": "B_Value"
        },
        {
            "index": 30,
            "bbox": [
                [
                    454,
                    1585
                ],
                [
                    491,
                    1585
                ],
                [
                    491,
                    1610
                ],
                [
                    454,
                    1610
                ]
            ],
            "text": "750",
            "label": "B_Value"
        },
        {
            "index": 31,
            "bbox": [
                [
                    644,
                    1585
                ],
                [
                    689,
                    1585
                ],
                [
                    689,
                    1610
                ],
                [
                    644,
                    1610
                ]
            ],
            "text": "1100",
            "label": "B_Value"
        },
        {
            "index": 32,
            "bbox": [
                [
                    454,
                    1619
                ],
                [
                    479,
                    1619
                ],
                [
                    479,
                    1646
                ],
                [
                    454,
                    1646
                ]
            ],
            "text": "1\"",
            "label": "B_Value"
        },
        {
            "index": 33,
            "bbox": [
                [
                    646,
                    1621
                ],
                [
                    669,
                    1621
                ],
                [
                    669,
                    1644
                ],
                [
                    646,
                    1644
                ]
            ],
            "text": "1\"",
            "label": "B_Value"
        },
        {
            "index": 34,
            "bbox": [
                [
                    454,
                    1656
                ],
                [
                    482,
                    1656
                ],
                [
                    482,
                    1681
                ],
                [
                    454,
                    1681
                ]
            ],
            "text": "40",
            "label": "B_Value"
        },
        {
            "index": 35,
            "bbox": [
                [
                    644,
                    1656
                ],
                [
                    671,
                    1656
                ],
                [
                    671,
                    1683
                ],
                [
                    644,
                    1683
                ]
            ],
            "text": "40",
            "label": "B_Value"
        },
        {
            "index": 36,
            "bbox": [
                [
                    452,
                    1690
                ],
                [
                    484,
                    1690
                ],
                [
                    484,
                    1717
                ],
                [
                    452,
                    1717
                ]
            ],
            "text": "35",
            "label": "B_Value"
        },
        {
            "index": 37,
            "bbox": [
                [
                    641,
                    1690
                ],
                [
                    671,
                    1690
                ],
                [
                    671,
                    1717
                ],
                [
                    641,
                    1717
                ]
            ],
            "text": "35",
            "label": "B_Value"
        },
        {
            "index": 38,
            "bbox": [
                [
                    452,
                    1726
                ],
                [
                    484,
                    1726
                ],
                [
                    484,
                    1754
                ],
                [
                    452,
                    1754
                ]
            ],
            "text": "25",
            "label": "B_Value"
        },
        {
            "index": 39,
            "bbox": [
                [
                    641,
                    1726
                ],
                [
                    671,
                    1726
                ],
                [
                    671,
                    1754
                ],
                [
                    641,
                    1754
                ]
            ],
            "text": "30",
            "label": "B_Value"
        },
        {
            "index": 40,
            "bbox": [
                [
                    454,
                    1761
                ],
                [
                    500,
                    1761
                ],
                [
                    500,
                    1788
                ],
                [
                    454,
                    1788
                ]
            ],
            "text": "IP68",
            "label": "B_Value"
        },
        {
            "index": 41,
            "bbox": [
                [
                    644,
                    1761
                ],
                [
                    689,
                    1761
                ],
                [
                    689,
                    1788
                ],
                [
                    644,
                    1788
                ]
            ],
            "text": "IP68",
            "label": "B_Value"
        },
        {
            "index": 42,
            "bbox": [
                [
                    454,
                    1799
                ],
                [
                    472,
                    1799
                ],
                [
                    472,
                    1822
                ],
                [
                    454,
                    1822
                ]
            ],
            "text": "B",
            "label": "B_Value"
        },
        {
            "index": 43,
            "bbox": [
                [
                    644,
                    1799
                ],
                [
                    667,
                    1799
                ],
                [
                    667,
                    1822
                ],
                [
                    644,
                    1822
                ]
            ],
            "text": "B",
            "label": "B_Value"
        },
        {
            "index": 44,
            "bbox": [
                [
                    456,
                    1834
                ],
                [
                    491,
                    1834
                ],
                [
                    491,
                    1859
                ],
                [
                    456,
                    1859
                ]
            ],
            "text": "12,1",
            "label": "B_Value"
        },
        {
            "index": 45,
            "bbox": [
                [
                    644,
                    1834
                ],
                [
                    683,
                    1834
                ],
                [
                    683,
                    1859
                ],
                [
                    644,
                    1859
                ]
            ],
            "text": "12,6",
            "label": "B_Value"
        },
        {
            "index": 46,
            "bbox": [
                [
                    454,
                    1868
                ],
                [
                    491,
                    1868
                ],
                [
                    491,
                    1893
                ],
                [
                    454,
                    1893
                ]
            ],
            "text": "535",
            "label": "B_Value"
        },
        {
            "index": 47,
            "bbox": [
                [
                    644,
                    1868
                ],
                [
                    680,
                    1868
                ],
                [
                    680,
                    1895
                ],
                [
                    644,
                    1895
                ]
            ],
            "text": "602",
            "label": "B_Value"
        },
        {
            "index": 48,
            "bbox": [
                [
                    132,
                    495
                ],
                [
                    132,
                    577
                ],
                [
                    1069,
                    577
                ],
                [
                    1069,
                    495
                ]
            ],
            "text": "3'submersible pump for boreholes",
            "label": "B_Descri"
        },
        {
            "index": 49,
            "bbox": [
                [
                    126,
                    744
                ],
                [
                    126,
                    826
                ],
                [
                    806,
                    826
                ],
                [
                    806,
                    744
                ]
            ],
            "text": "Submersible 3\" pump forwells and boreholes for clean-water, pumping irrigation.",
            "label": "B_Descri"
        },
        {
            "index": 50,
            "bbox": [
                [
                    150,
                    1112
                ],
                [
                    150,
                    1148
                ],
                [
                    434,
                    1148
                ],
                [
                    434,
                    1112
                ]
            ],
            "text": "Fort boreholes from 125 mm",
            "label": "B_Descri"
        },
        {
            "index": 51,
            "bbox": [
                [
                    559,
                    1116
                ],
                [
                    559,
                    1148
                ],
                [
                    902,
                    1148
                ],
                [
                    902,
                    1116
                ]
            ],
            "text": "Power supply of pressure: systems",
            "label": "B_Descri"
        },
        {
            "index": 52,
            "bbox": [
                [
                    153,
                    1155
                ],
                [
                    153,
                    1187
                ],
                [
                    527,
                    1187
                ],
                [
                    527,
                    1155
                ]
            ],
            "text": "Pumping clean water into households",
            "label": "B_Descri"
        },
        {
            "index": 53,
            "bbox": [
                [
                    559,
                    1155
                ],
                [
                    559,
                    1190
                ],
                [
                    820,
                    1190
                ],
                [
                    820,
                    1155
                ]
            ],
            "text": "Filling and emptying tanks",
            "label": "B_Descri"
        },
        {
            "index": 54,
            "bbox": [
                [
                    153,
                    1194
                ],
                [
                    153,
                    1224
                ],
                [
                    447,
                    1224
                ],
                [
                    447,
                    1194
                ]
            ],
            "text": "Water circulation in fountains",
            "label": "B_Descri"
        },
        {
            "index": 55,
            "bbox": [
                [
                    904,
                    1308
                ],
                [
                    904,
                    1343
                ],
                [
                    1327,
                    1343
                ],
                [
                    1327,
                    1308
                ]
            ],
            "text": "Stainless steel shaft, casing and hydraulics",
            "label": "B_Descri"
        },
        {
            "index": 56,
            "bbox": [
                [
                    456,
                    1333
                ],
                [
                    456,
                    1384
                ],
                [
                    566,
                    1384
                ],
                [
                    566,
                    1333
                ]
            ],
            "text": "blue line 3SKM 100",
            "label": "B_Descri"
        },
        {
            "index": 57,
            "bbox": [
                [
                    644,
                    1333
                ],
                [
                    644,
                    1386
                ],
                [
                    756,
                    1386
                ],
                [
                    756,
                    1333
                ]
            ],
            "text": "blue line 3SKM 150",
            "label": "B_Descri"
        },
        {
            "index": 58,
            "bbox": [
                [
                    904,
                    1347
                ],
                [
                    904,
                    1379
                ],
                [
                    1053,
                    1379
                ],
                [
                    1053,
                    1347
                ]
            ],
            "text": "Brass impeller",
            "label": "B_Descri"
        },
        {
            "index": 59,
            "bbox": [
                [
                    904,
                    1386
                ],
                [
                    904,
                    1420
                ],
                [
                    1384,
                    1420
                ],
                [
                    1384,
                    1386
                ]
            ],
            "text": "Oil-cooled engine with compensating membrane",
            "label": "B_Descri"
        },
        {
            "index": 60,
            "bbox": [
                [
                    904,
                    1425
                ],
                [
                    904,
                    1461
                ],
                [
                    1359,
                    1461
                ],
                [
                    1359,
                    1425
                ]
            ],
            "text": "Graphite seal protected by a ring against sand",
            "label": "B_Descri"
        }
    ]
}