{
    "datasheet": [
        {
            "index": 0,
            "bbox": [
                [
                    187,
                    148
                ],
                [
                    573,
                    148
                ],
                [
                    573,
                    219
                ],
                [
                    187,
                    219
                ]
            ],
            "text": "pumpa",
            "label": "Out"
        },
        {
            "index": 1,
            "bbox": [
                [
                    998,
                    175
                ],
                [
                    1121,
                    175
                ],
                [
                    1121,
                    207
                ],
                [
                    998,
                    207
                ]
            ],
            "text": "PUMPA",
            "label": "B_Descri"
        },
        {
            "index": 2,
            "bbox": [
                [
                    1123,
                    175
                ],
                [
                    1210,
                    175
                ],
                [
                    1210,
                    207
                ],
                [
                    1123,
                    207
                ]
            ],
            "text": "BLUE",
            "label": "I_Descri"
        },
        {
            "index": 3,
            "bbox": [
                [
                    1210,
                    175
                ],
                [
                    1288,
                    175
                ],
                [
                    1288,
                    207
                ],
                [
                    1210,
                    207
                ]
            ],
            "text": "LINE",
            "label": "I_Descri"
        },
        {
            "index": 4,
            "bbox": [
                [
                    1290,
                    178
                ],
                [
                    1521,
                    178
                ],
                [
                    1521,
                    207
                ],
                [
                    1290,
                    207
                ]
            ],
            "text": "3PVM550-100",
            "label": "B_Ref"
        },
        {
            "index": 5,
            "bbox": [
                [
                    187,
                    296
                ],
                [
                    363,
                    296
                ],
                [
                    363,
                    363
                ],
                [
                    187,
                    363
                ]
            ],
            "text": "blue",
            "label": "Out"
        },
        {
            "index": 6,
            "bbox": [
                [
                    404,
                    296
                ],
                [
                    548,
                    296
                ],
                [
                    548,
                    365
                ],
                [
                    404,
                    365
                ]
            ],
            "text": "line",
            "label": "Out"
        },
        {
            "index": 7,
            "bbox": [
                [
                    138,
                    521
                ],
                [
                    138,
                    580
                ],
                [
                    462,
                    580
                ],
                [
                    462,
                    521
                ]
            ],
            "text": "Submersible",
            "label": "B_Descri"
        },
        {
            "index": 8,
            "bbox": [
                [
                    479,
                    539
                ],
                [
                    644,
                    539
                ],
                [
                    644,
                    580
                ],
                [
                    479,
                    580
                ]
            ],
            "text": "screw",
            "label": "I_Descri"
        },
        {
            "index": 9,
            "bbox": [
                [
                    651,
                    534
                ],
                [
                    813,
                    534
                ],
                [
                    813,
                    596
                ],
                [
                    651,
                    596
                ]
            ],
            "text": "pump",
            "label": "I_Descri"
        },
        {
            "index": 10,
            "bbox": [
                [
                    139,
                    637
                ],
                [
                    331,
                    637
                ],
                [
                    331,
                    698
                ],
                [
                    139,
                    698
                ]
            ],
            "text": "BLUE",
            "label": "B_Descri"
        },
        {
            "index": 11,
            "bbox": [
                [
                    356,
                    637
                ],
                [
                    534,
                    637
                ],
                [
                    534,
                    698
                ],
                [
                    356,
                    698
                ]
            ],
            "text": "LINE",
            "label": "I_Descri"
        },
        {
            "index": 12,
            "bbox": [
                [
                    560,
                    639
                ],
                [
                    560,
                    696
                ],
                [
                    1124,
                    696
                ],
                [
                    1124,
                    639
                ]
            ],
            "text": "3PVM550-100",
            "label": "B_Ref"
        },
        {
            "index": 13,
            "bbox": [
                [
                    130,
                    744
                ],
                [
                    329,
                    744
                ],
                [
                    329,
                    785
                ],
                [
                    130,
                    785
                ]
            ],
            "text": "Submersible",
            "label": "B_Descri"
        },
        {
            "index": 14,
            "bbox": [
                [
                    322,
                    744
                ],
                [
                    363,
                    744
                ],
                [
                    363,
                    785
                ],
                [
                    322,
                    785
                ]
            ],
            "text": "3\"",
            "label": "I_Descri"
        },
        {
            "index": 15,
            "bbox": [
                [
                    365,
                    751
                ],
                [
                    452,
                    751
                ],
                [
                    452,
                    788
                ],
                [
                    365,
                    788
                ]
            ],
            "text": "pump",
            "label": "I_Descri"
        },
        {
            "index": 16,
            "bbox": [
                [
                    456,
                    746
                ],
                [
                    587,
                    746
                ],
                [
                    587,
                    781
                ],
                [
                    456,
                    781
                ]
            ],
            "text": "forwells",
            "label": "I_Descri"
        },
        {
            "index": 17,
            "bbox": [
                [
                    587,
                    746
                ],
                [
                    648,
                    746
                ],
                [
                    648,
                    781
                ],
                [
                    587,
                    781
                ]
            ],
            "text": "and",
            "label": "I_Descri"
        },
        {
            "index": 18,
            "bbox": [
                [
                    651,
                    749
                ],
                [
                    804,
                    749
                ],
                [
                    804,
                    781
                ],
                [
                    651,
                    781
                ]
            ],
            "text": "boreholes",
            "label": "I_Descri"
        },
        {
            "index": 19,
            "bbox": [
                [
                    130,
                    785
                ],
                [
                    185,
                    785
                ],
                [
                    185,
                    822
                ],
                [
                    130,
                    822
                ]
            ],
            "text": "for",
            "label": "I_Descri"
        },
        {
            "index": 20,
            "bbox": [
                [
                    185,
                    790
                ],
                [
                    315,
                    790
                ],
                [
                    315,
                    824
                ],
                [
                    185,
                    824
                ]
            ],
            "text": "pumping",
            "label": "I_Descri"
        },
        {
            "index": 21,
            "bbox": [
                [
                    317,
                    783
                ],
                [
                    502,
                    783
                ],
                [
                    502,
                    826
                ],
                [
                    317,
                    826
                ]
            ],
            "text": "clean-water,",
            "label": "I_Descri"
        },
        {
            "index": 22,
            "bbox": [
                [
                    502,
                    790
                ],
                [
                    641,
                    790
                ],
                [
                    641,
                    824
                ],
                [
                    502,
                    824
                ]
            ],
            "text": "watering.",
            "label": "I_Descri"
        },
        {
            "index": 23,
            "bbox": [
                [
                    130,
                    1066
                ],
                [
                    313,
                    1066
                ],
                [
                    313,
                    1105
                ],
                [
                    130,
                    1105
                ]
            ],
            "text": "Application",
            "label": "B_Section"
        },
        {
            "index": 24,
            "bbox": [
                [
                    155,
                    1110
                ],
                [
                    196,
                    1110
                ],
                [
                    196,
                    1139
                ],
                [
                    155,
                    1139
                ]
            ],
            "text": "For",
            "label": "B_Descri"
        },
        {
            "index": 25,
            "bbox": [
                [
                    189,
                    1110
                ],
                [
                    297,
                    1110
                ],
                [
                    297,
                    1139
                ],
                [
                    189,
                    1139
                ]
            ],
            "text": "boreholes",
            "label": "I_Descri"
        },
        {
            "index": 26,
            "bbox": [
                [
                    294,
                    1112
                ],
                [
                    347,
                    1112
                ],
                [
                    347,
                    1137
                ],
                [
                    294,
                    1137
                ]
            ],
            "text": "from",
            "label": "I_Descri"
        },
        {
            "index": 27,
            "bbox": [
                [
                    345,
                    1110
                ],
                [
                    431,
                    1110
                ],
                [
                    431,
                    1139
                ],
                [
                    345,
                    1139
                ]
            ],
            "text": "100mm",
            "label": "I_Descri"
        },
        {
            "index": 28,
            "bbox": [
                [
                    616,
                    1103
                ],
                [
                    724,
                    1103
                ],
                [
                    724,
                    1135
                ],
                [
                    616,
                    1135
                ]
            ],
            "text": "Rainwater",
            "label": "B_Descri"
        },
        {
            "index": 29,
            "bbox": [
                [
                    719,
                    1105
                ],
                [
                    813,
                    1105
                ],
                [
                    813,
                    1137
                ],
                [
                    719,
                    1137
                ]
            ],
            "text": "irrigation",
            "label": "I_Descri"
        },
        {
            "index": 30,
            "bbox": [
                [
                    154,
                    1148
                ],
                [
                    154,
                    1183
                ],
                [
                    250,
                    1183
                ],
                [
                    250,
                    1148
                ]
            ],
            "text": "Pumping",
            "label": "B_Descri"
        },
        {
            "index": 31,
            "bbox": [
                [
                    244,
                    1148
                ],
                [
                    308,
                    1148
                ],
                [
                    308,
                    1180
                ],
                [
                    244,
                    1180
                ]
            ],
            "text": "clean",
            "label": "I_Descri"
        },
        {
            "index": 32,
            "bbox": [
                [
                    303,
                    1153
                ],
                [
                    367,
                    1153
                ],
                [
                    367,
                    1178
                ],
                [
                    303,
                    1178
                ]
            ],
            "text": "water",
            "label": "I_Descri"
        },
        {
            "index": 33,
            "bbox": [
                [
                    363,
                    1151
                ],
                [
                    408,
                    1151
                ],
                [
                    408,
                    1178
                ],
                [
                    363,
                    1178
                ]
            ],
            "text": "into",
            "label": "I_Descri"
        },
        {
            "index": 34,
            "bbox": [
                [
                    406,
                    1151
                ],
                [
                    445,
                    1151
                ],
                [
                    445,
                    1178
                ],
                [
                    406,
                    1178
                ]
            ],
            "text": "the",
            "label": "I_Descri"
        },
        {
            "index": 35,
            "bbox": [
                [
                    440,
                    1148
                ],
                [
                    552,
                    1148
                ],
                [
                    552,
                    1178
                ],
                [
                    440,
                    1178
                ]
            ],
            "text": "household",
            "label": "I_Descri"
        },
        {
            "index": 36,
            "bbox": [
                [
                    614,
                    1142
                ],
                [
                    689,
                    1142
                ],
                [
                    689,
                    1176
                ],
                [
                    614,
                    1176
                ]
            ],
            "text": "Power",
            "label": "B_Descri"
        },
        {
            "index": 37,
            "bbox": [
                [
                    683,
                    1144
                ],
                [
                    756,
                    1144
                ],
                [
                    756,
                    1178
                ],
                [
                    683,
                    1178
                ]
            ],
            "text": "supply",
            "label": "I_Descri"
        },
        {
            "index": 38,
            "bbox": [
                [
                    751,
                    1146
                ],
                [
                    788,
                    1146
                ],
                [
                    788,
                    1174
                ],
                [
                    751,
                    1174
                ]
            ],
            "text": "for",
            "label": "I_Descri"
        },
        {
            "index": 39,
            "bbox": [
                [
                    783,
                    1146
                ],
                [
                    879,
                    1146
                ],
                [
                    879,
                    1178
                ],
                [
                    783,
                    1178
                ]
            ],
            "text": "pressure",
            "label": "I_Descri"
        },
        {
            "index": 40,
            "bbox": [
                [
                    874,
                    1146
                ],
                [
                    966,
                    1146
                ],
                [
                    966,
                    1178
                ],
                [
                    874,
                    1178
                ]
            ],
            "text": "systems",
            "label": "I_Descri"
        },
        {
            "index": 41,
            "bbox": [
                [
                    150,
                    1187
                ],
                [
                    223,
                    1187
                ],
                [
                    223,
                    1219
                ],
                [
                    150,
                    1219
                ]
            ],
            "text": "Water",
            "label": "B_Descri"
        },
        {
            "index": 42,
            "bbox": [
                [
                    214,
                    1187
                ],
                [
                    326,
                    1187
                ],
                [
                    326,
                    1217
                ],
                [
                    214,
                    1217
                ]
            ],
            "text": "circulation",
            "label": "I_Descri"
        },
        {
            "index": 43,
            "bbox": [
                [
                    322,
                    1190
                ],
                [
                    349,
                    1190
                ],
                [
                    349,
                    1217
                ],
                [
                    322,
                    1217
                ]
            ],
            "text": "in",
            "label": "I_Descri"
        },
        {
            "index": 44,
            "bbox": [
                [
                    345,
                    1187
                ],
                [
                    447,
                    1187
                ],
                [
                    447,
                    1217
                ],
                [
                    345,
                    1217
                ]
            ],
            "text": "fountains",
            "label": "I_Descri"
        },
        {
            "index": 45,
            "bbox": [
                [
                    616,
                    1183
                ],
                [
                    683,
                    1183
                ],
                [
                    683,
                    1217
                ],
                [
                    616,
                    1217
                ]
            ],
            "text": "Filling",
            "label": "B_Descri"
        },
        {
            "index": 46,
            "bbox": [
                [
                    676,
                    1180
                ],
                [
                    724,
                    1180
                ],
                [
                    724,
                    1215
                ],
                [
                    676,
                    1215
                ]
            ],
            "text": "and",
            "label": "I_Descri"
        },
        {
            "index": 47,
            "bbox": [
                [
                    719,
                    1185
                ],
                [
                    817,
                    1185
                ],
                [
                    817,
                    1215
                ],
                [
                    719,
                    1215
                ]
            ],
            "text": "emptying",
            "label": "I_Descri"
        },
        {
            "index": 48,
            "bbox": [
                [
                    815,
                    1183
                ],
                [
                    879,
                    1183
                ],
                [
                    879,
                    1215
                ],
                [
                    815,
                    1215
                ]
            ],
            "text": "tanks",
            "label": "I_Descri"
        },
        {
            "index": 49,
            "bbox": [
                [
                    141,
                    1308
                ],
                [
                    210,
                    1308
                ],
                [
                    210,
                    1333
                ],
                [
                    141,
                    1333
                ]
            ],
            "text": "Model",
            "label": "B_Section"
        },
        {
            "index": 50,
            "bbox": [
                [
                    509,
                    1306
                ],
                [
                    559,
                    1306
                ],
                [
                    559,
                    1333
                ],
                [
                    509,
                    1333
                ]
            ],
            "text": "blue",
            "label": "I_Section"
        },
        {
            "index": 51,
            "bbox": [
                [
                    559,
                    1306
                ],
                [
                    603,
                    1306
                ],
                [
                    603,
                    1333
                ],
                [
                    559,
                    1333
                ]
            ],
            "text": "line",
            "label": "I_Section"
        },
        {
            "index": 52,
            "bbox": [
                [
                    598,
                    1306
                ],
                [
                    756,
                    1306
                ],
                [
                    756,
                    1336
                ],
                [
                    598,
                    1336
                ]
            ],
            "text": "3PVM550-100",
            "label": "I_Section"
        },
        {
            "index": 53,
            "bbox": [
                [
                    913,
                    1295
                ],
                [
                    1126,
                    1295
                ],
                [
                    1126,
                    1327
                ],
                [
                    913,
                    1327
                ]
            ],
            "text": "Characteristic",
            "label": "B_Section"
        },
        {
            "index": 54,
            "bbox": [
                [
                    1128,
                    1297
                ],
                [
                    1235,
                    1297
                ],
                [
                    1235,
                    1331
                ],
                [
                    1128,
                    1331
                ]
            ],
            "text": "design",
            "label": "I_Section"
        },
        {
            "index": 55,
            "bbox": [
                [
                    1238,
                    1295
                ],
                [
                    1375,
                    1295
                ],
                [
                    1375,
                    1327
                ],
                [
                    1238,
                    1327
                ]
            ],
            "text": "features",
            "label": "I_Section"
        },
        {
            "index": 56,
            "bbox": [
                [
                    934,
                    1336
                ],
                [
                    1032,
                    1336
                ],
                [
                    1032,
                    1368
                ],
                [
                    934,
                    1368
                ]
            ],
            "text": "Stainless",
            "label": "B_Descri"
        },
        {
            "index": 57,
            "bbox": [
                [
                    1028,
                    1340
                ],
                [
                    1082,
                    1340
                ],
                [
                    1082,
                    1365
                ],
                [
                    1028,
                    1365
                ]
            ],
            "text": "steel",
            "label": "I_Descri"
        },
        {
            "index": 58,
            "bbox": [
                [
                    1078,
                    1338
                ],
                [
                    1144,
                    1338
                ],
                [
                    1144,
                    1370
                ],
                [
                    1078,
                    1370
                ]
            ],
            "text": "shaft,",
            "label": "I_Descri"
        },
        {
            "index": 59,
            "bbox": [
                [
                    1137,
                    1338
                ],
                [
                    1213,
                    1338
                ],
                [
                    1213,
                    1372
                ],
                [
                    1137,
                    1372
                ]
            ],
            "text": "casing",
            "label": "I_Descri"
        },
        {
            "index": 60,
            "bbox": [
                [
                    1208,
                    1340
                ],
                [
                    1254,
                    1340
                ],
                [
                    1254,
                    1365
                ],
                [
                    1208,
                    1365
                ]
            ],
            "text": "and",
            "label": "I_Descri"
        },
        {
            "index": 61,
            "bbox": [
                [
                    1249,
                    1338
                ],
                [
                    1359,
                    1338
                ],
                [
                    1359,
                    1372
                ],
                [
                    1249,
                    1372
                ]
            ],
            "text": "hydraulics",
            "label": "I_Descri"
        },
        {
            "index": 62,
            "bbox": [
                [
                    139,
                    1359
                ],
                [
                    191,
                    1359
                ],
                [
                    191,
                    1384
                ],
                [
                    139,
                    1384
                ]
            ],
            "text": "Code",
            "label": "B_Prop"
        },
        {
            "index": 63,
            "bbox": [
                [
                    440,
                    1356
                ],
                [
                    541,
                    1356
                ],
                [
                    541,
                    1386
                ],
                [
                    440,
                    1386
                ]
            ],
            "text": "ZB00048521",
            "label": "B_Ref"
        },
        {
            "index": 64,
            "bbox": [
                [
                    571,
                    1356
                ],
                [
                    676,
                    1356
                ],
                [
                    676,
                    1386
                ],
                [
                    571,
                    1386
                ]
            ],
            "text": "ZB00048522",
            "label": "B_Ref"
        },
        {
            "index": 65,
            "bbox": [
                [
                    701,
                    1356
                ],
                [
                    804,
                    1356
                ],
                [
                    804,
                    1386
                ],
                [
                    701,
                    1386
                ]
            ],
            "text": "ZB00048523",
            "label": "B_Ref"
        },
        {
            "index": 66,
            "bbox": [
                [
                    137,
                    1388
                ],
                [
                    233,
                    1388
                ],
                [
                    233,
                    1418
                ],
                [
                    137,
                    1418
                ]
            ],
            "text": "Maximum",
            "label": "B_Prop"
        },
        {
            "index": 67,
            "bbox": [
                [
                    226,
                    1391
                ],
                [
                    269,
                    1391
                ],
                [
                    269,
                    1416
                ],
                [
                    226,
                    1416
                ]
            ],
            "text": "flow",
            "label": "I_Prop"
        },
        {
            "index": 68,
            "bbox": [
                [
                    265,
                    1388
                ],
                [
                    345,
                    1388
                ],
                [
                    345,
                    1420
                ],
                [
                    265,
                    1420
                ]
            ],
            "text": "[m?/hod]",
            "label": "I_Prop"
        },
        {
            "index": 69,
            "bbox": [
                [
                    443,
                    1391
                ],
                [
                    475,
                    1391
                ],
                [
                    475,
                    1418
                ],
                [
                    443,
                    1418
                ]
            ],
            "text": "1,8",
            "label": "B_Value"
        },
        {
            "index": 70,
            "bbox": [
                [
                    573,
                    1391
                ],
                [
                    605,
                    1391
                ],
                [
                    605,
                    1418
                ],
                [
                    573,
                    1418
                ]
            ],
            "text": "1,8",
            "label": "B_Value"
        },
        {
            "index": 71,
            "bbox": [
                [
                    703,
                    1391
                ],
                [
                    733,
                    1391
                ],
                [
                    733,
                    1418
                ],
                [
                    703,
                    1418
                ]
            ],
            "text": "1,8",
            "label": "B_Value"
        },
        {
            "index": 72,
            "bbox": [
                [
                    932,
                    1375
                ],
                [
                    1005,
                    1375
                ],
                [
                    1005,
                    1409
                ],
                [
                    932,
                    1409
                ]
            ],
            "text": "Screw",
            "label": "B_Descri"
        },
        {
            "index": 73,
            "bbox": [
                [
                    998,
                    1377
                ],
                [
                    1028,
                    1377
                ],
                [
                    1028,
                    1407
                ],
                [
                    998,
                    1407
                ]
            ],
            "text": "in",
            "label": "I_Descri"
        },
        {
            "index": 74,
            "bbox": [
                [
                    1023,
                    1381
                ],
                [
                    1041,
                    1381
                ],
                [
                    1041,
                    1404
                ],
                [
                    1023,
                    1404
                ]
            ],
            "text": "a",
            "label": "I_Descri"
        },
        {
            "index": 75,
            "bbox": [
                [
                    1041,
                    1379
                ],
                [
                    1112,
                    1379
                ],
                [
                    1112,
                    1404
                ],
                [
                    1041,
                    1404
                ]
            ],
            "text": "rubber",
            "label": "I_Descri"
        },
        {
            "index": 76,
            "bbox": [
                [
                    1107,
                    1381
                ],
                [
                    1174,
                    1381
                ],
                [
                    1174,
                    1404
                ],
                [
                    1107,
                    1404
                ]
            ],
            "text": "stator",
            "label": "I_Descri"
        },
        {
            "index": 77,
            "bbox": [
                [
                    137,
                    1423
                ],
                [
                    233,
                    1423
                ],
                [
                    233,
                    1452
                ],
                [
                    137,
                    1452
                ]
            ],
            "text": "Maximum",
            "label": "B_Prop"
        },
        {
            "index": 78,
            "bbox": [
                [
                    223,
                    1423
                ],
                [
                    317,
                    1423
                ],
                [
                    317,
                    1455
                ],
                [
                    223,
                    1455
                ]
            ],
            "text": "discharget",
            "label": "I_Prop"
        },
        {
            "index": 79,
            "bbox": [
                [
                    310,
                    1425
                ],
                [
                    361,
                    1425
                ],
                [
                    361,
                    1450
                ],
                [
                    310,
                    1450
                ]
            ],
            "text": "head",
            "label": "I_Prop"
        },
        {
            "index": 80,
            "bbox": [
                [
                    358,
                    1425
                ],
                [
                    393,
                    1425
                ],
                [
                    393,
                    1452
                ],
                [
                    358,
                    1452
                ]
            ],
            "text": "[m]",
            "label": "I_Prop"
        },
        {
            "index": 81,
            "bbox": [
                [
                    443,
                    1425
                ],
                [
                    479,
                    1425
                ],
                [
                    479,
                    1450
                ],
                [
                    443,
                    1450
                ]
            ],
            "text": "100",
            "label": "B_Value"
        },
        {
            "index": 82,
            "bbox": [
                [
                    573,
                    1425
                ],
                [
                    610,
                    1425
                ],
                [
                    610,
                    1450
                ],
                [
                    573,
                    1450
                ]
            ],
            "text": "100",
            "label": "B_Value"
        },
        {
            "index": 83,
            "bbox": [
                [
                    703,
                    1425
                ],
                [
                    740,
                    1425
                ],
                [
                    740,
                    1450
                ],
                [
                    703,
                    1450
                ]
            ],
            "text": "100",
            "label": "B_Value"
        },
        {
            "index": 84,
            "bbox": [
                [
                    934,
                    1416
                ],
                [
                    1041,
                    1416
                ],
                [
                    1041,
                    1445
                ],
                [
                    934,
                    1445
                ]
            ],
            "text": "Oil-cooled",
            "label": "B_Descri"
        },
        {
            "index": 85,
            "bbox": [
                [
                    1034,
                    1418
                ],
                [
                    1110,
                    1418
                ],
                [
                    1110,
                    1450
                ],
                [
                    1034,
                    1450
                ]
            ],
            "text": "engine",
            "label": "I_Descri"
        },
        {
            "index": 86,
            "bbox": [
                [
                    1107,
                    1418
                ],
                [
                    1155,
                    1418
                ],
                [
                    1155,
                    1443
                ],
                [
                    1107,
                    1443
                ]
            ],
            "text": "with",
            "label": "I_Descri"
        },
        {
            "index": 87,
            "bbox": [
                [
                    1153,
                    1418
                ],
                [
                    1299,
                    1418
                ],
                [
                    1299,
                    1448
                ],
                [
                    1153,
                    1448
                ]
            ],
            "text": "compensating",
            "label": "I_Descri"
        },
        {
            "index": 88,
            "bbox": [
                [
                    1297,
                    1416
                ],
                [
                    1414,
                    1416
                ],
                [
                    1414,
                    1445
                ],
                [
                    1297,
                    1445
                ]
            ],
            "text": "membrane",
            "label": "I_Descri"
        },
        {
            "index": 89,
            "bbox": [
                [
                    139,
                    1459
                ],
                [
                    198,
                    1459
                ],
                [
                    198,
                    1491
                ],
                [
                    139,
                    1491
                ]
            ],
            "text": "Pump",
            "label": "B_Prop"
        },
        {
            "index": 90,
            "bbox": [
                [
                    194,
                    1461
                ],
                [
                    276,
                    1461
                ],
                [
                    276,
                    1489
                ],
                [
                    194,
                    1489
                ]
            ],
            "text": "diameter",
            "label": "I_Prop"
        },
        {
            "index": 91,
            "bbox": [
                [
                    440,
                    1459
                ],
                [
                    466,
                    1459
                ],
                [
                    466,
                    1487
                ],
                [
                    440,
                    1487
                ]
            ],
            "text": "3\"",
            "label": "B_Value"
        },
        {
            "index": 92,
            "bbox": [
                [
                    571,
                    1459
                ],
                [
                    596,
                    1459
                ],
                [
                    596,
                    1487
                ],
                [
                    571,
                    1487
                ]
            ],
            "text": "3\"",
            "label": "B_Value"
        },
        {
            "index": 93,
            "bbox": [
                [
                    701,
                    1459
                ],
                [
                    726,
                    1459
                ],
                [
                    726,
                    1487
                ],
                [
                    701,
                    1487
                ]
            ],
            "text": "3\"",
            "label": "B_Value"
        },
        {
            "index": 94,
            "bbox": [
                [
                    936,
                    1455
                ],
                [
                    1028,
                    1455
                ],
                [
                    1028,
                    1487
                ],
                [
                    936,
                    1487
                ]
            ],
            "text": "Graphite",
            "label": "B_Descri"
        },
        {
            "index": 95,
            "bbox": [
                [
                    1023,
                    1457
                ],
                [
                    1069,
                    1457
                ],
                [
                    1069,
                    1484
                ],
                [
                    1023,
                    1484
                ]
            ],
            "text": "seal",
            "label": "I_Descri"
        },
        {
            "index": 96,
            "bbox": [
                [
                    1066,
                    1457
                ],
                [
                    1169,
                    1457
                ],
                [
                    1169,
                    1487
                ],
                [
                    1066,
                    1487
                ]
            ],
            "text": "protected",
            "label": "I_Descri"
        },
        {
            "index": 97,
            "bbox": [
                [
                    1165,
                    1457
                ],
                [
                    1197,
                    1457
                ],
                [
                    1197,
                    1487
                ],
                [
                    1165,
                    1487
                ]
            ],
            "text": "by",
            "label": "I_Descri"
        },
        {
            "index": 98,
            "bbox": [
                [
                    1194,
                    1457
                ],
                [
                    1219,
                    1457
                ],
                [
                    1219,
                    1484
                ],
                [
                    1194,
                    1484
                ]
            ],
            "text": "ar",
            "label": "I_Descri"
        },
        {
            "index": 99,
            "bbox": [
                [
                    1208,
                    1455
                ],
                [
                    1260,
                    1455
                ],
                [
                    1260,
                    1489
                ],
                [
                    1208,
                    1489
                ]
            ],
            "text": "ring",
            "label": "I_Descri"
        },
        {
            "index": 100,
            "bbox": [
                [
                    1254,
                    1457
                ],
                [
                    1334,
                    1457
                ],
                [
                    1334,
                    1489
                ],
                [
                    1254,
                    1489
                ]
            ],
            "text": "against",
            "label": "I_Descri"
        },
        {
            "index": 101,
            "bbox": [
                [
                    1329,
                    1455
                ],
                [
                    1388,
                    1455
                ],
                [
                    1388,
                    1487
                ],
                [
                    1329,
                    1487
                ]
            ],
            "text": "sand",
            "label": "I_Descri"
        },
        {
            "index": 102,
            "bbox": [
                [
                    141,
                    1500
                ],
                [
                    214,
                    1500
                ],
                [
                    214,
                    1525
                ],
                [
                    141,
                    1525
                ]
            ],
            "text": "Voltage",
            "label": "B_Prop"
        },
        {
            "index": 103,
            "bbox": [
                [
                    217,
                    1496
                ],
                [
                    310,
                    1496
                ],
                [
                    310,
                    1528
                ],
                [
                    217,
                    1528
                ]
            ],
            "text": "frequency",
            "label": "I_Prop"
        },
        {
            "index": 104,
            "bbox": [
                [
                    303,
                    1496
                ],
                [
                    365,
                    1496
                ],
                [
                    365,
                    1528
                ],
                [
                    303,
                    1528
                ]
            ],
            "text": "[V/Hz]",
            "label": "I_Prop"
        },
        {
            "index": 105,
            "bbox": [
                [
                    440,
                    1496
                ],
                [
                    514,
                    1496
                ],
                [
                    514,
                    1528
                ],
                [
                    440,
                    1528
                ]
            ],
            "text": "230/50",
            "label": "B_Value"
        },
        {
            "index": 106,
            "bbox": [
                [
                    571,
                    1496
                ],
                [
                    644,
                    1496
                ],
                [
                    644,
                    1528
                ],
                [
                    571,
                    1528
                ]
            ],
            "text": "230/50",
            "label": "B_Value"
        },
        {
            "index": 107,
            "bbox": [
                [
                    701,
                    1496
                ],
                [
                    774,
                    1496
                ],
                [
                    774,
                    1528
                ],
                [
                    701,
                    1528
                ]
            ],
            "text": "230/50",
            "label": "B_Value"
        },
        {
            "index": 108,
            "bbox": [
                [
                    934,
                    1496
                ],
                [
                    982,
                    1496
                ],
                [
                    982,
                    1523
                ],
                [
                    934,
                    1523
                ]
            ],
            "text": "The",
            "label": "B_Descri"
        },
        {
            "index": 109,
            "bbox": [
                [
                    977,
                    1500
                ],
                [
                    1041,
                    1500
                ],
                [
                    1041,
                    1525
                ],
                [
                    977,
                    1525
                ]
            ],
            "text": "pump",
            "label": "I_Descri"
        },
        {
            "index": 110,
            "bbox": [
                [
                    1037,
                    1496
                ],
                [
                    1098,
                    1496
                ],
                [
                    1098,
                    1528
                ],
                [
                    1037,
                    1528
                ]
            ],
            "text": "parts",
            "label": "I_Descri"
        },
        {
            "index": 111,
            "bbox": [
                [
                    1094,
                    1498
                ],
                [
                    1135,
                    1498
                ],
                [
                    1135,
                    1523
                ],
                [
                    1094,
                    1523
                ]
            ],
            "text": "are",
            "label": "I_Descri"
        },
        {
            "index": 112,
            "bbox": [
                [
                    1128,
                    1493
                ],
                [
                    1231,
                    1493
                ],
                [
                    1231,
                    1525
                ],
                [
                    1128,
                    1525
                ]
            ],
            "text": "non-toxic",
            "label": "I_Descri"
        },
        {
            "index": 113,
            "bbox": [
                [
                    1226,
                    1496
                ],
                [
                    1270,
                    1496
                ],
                [
                    1270,
                    1523
                ],
                [
                    1226,
                    1523
                ]
            ],
            "text": "and",
            "label": "I_Descri"
        },
        {
            "index": 114,
            "bbox": [
                [
                    1267,
                    1496
                ],
                [
                    1302,
                    1496
                ],
                [
                    1302,
                    1523
                ],
                [
                    1267,
                    1523
                ]
            ],
            "text": "do",
            "label": "I_Descri"
        },
        {
            "index": 115,
            "bbox": [
                [
                    1297,
                    1496
                ],
                [
                    1336,
                    1496
                ],
                [
                    1336,
                    1523
                ],
                [
                    1297,
                    1523
                ]
            ],
            "text": "not",
            "label": "I_Descri"
        },
        {
            "index": 116,
            "bbox": [
                [
                    1336,
                    1498
                ],
                [
                    1407,
                    1498
                ],
                [
                    1407,
                    1523
                ],
                [
                    1336,
                    1523
                ]
            ],
            "text": "pollute",
            "label": "I_Descri"
        },
        {
            "index": 117,
            "bbox": [
                [
                    139,
                    1537
                ],
                [
                    201,
                    1537
                ],
                [
                    201,
                    1560
                ],
                [
                    139,
                    1560
                ]
            ],
            "text": "Power",
            "label": "B_Prop"
        },
        {
            "index": 118,
            "bbox": [
                [
                    196,
                    1534
                ],
                [
                    230,
                    1534
                ],
                [
                    230,
                    1564
                ],
                [
                    196,
                    1564
                ]
            ],
            "text": "[W]",
            "label": "I_Prop"
        },
        {
            "index": 119,
            "bbox": [
                [
                    443,
                    1534
                ],
                [
                    479,
                    1534
                ],
                [
                    479,
                    1562
                ],
                [
                    443,
                    1562
                ]
            ],
            "text": "550",
            "label": "B_Value"
        },
        {
            "index": 120,
            "bbox": [
                [
                    573,
                    1537
                ],
                [
                    610,
                    1537
                ],
                [
                    610,
                    1562
                ],
                [
                    573,
                    1562
                ]
            ],
            "text": "550",
            "label": "B_Value"
        },
        {
            "index": 121,
            "bbox": [
                [
                    703,
                    1537
                ],
                [
                    737,
                    1537
                ],
                [
                    737,
                    1562
                ],
                [
                    703,
                    1562
                ]
            ],
            "text": "550",
            "label": "B_Value"
        },
        {
            "index": 122,
            "bbox": [
                [
                    141,
                    1573
                ],
                [
                    242,
                    1573
                ],
                [
                    242,
                    1596
                ],
                [
                    141,
                    1596
                ]
            ],
            "text": "Connection",
            "label": "B_Prop"
        },
        {
            "index": 123,
            "bbox": [
                [
                    445,
                    1573
                ],
                [
                    468,
                    1573
                ],
                [
                    468,
                    1596
                ],
                [
                    445,
                    1596
                ]
            ],
            "text": "1\"",
            "label": "B_Value"
        },
        {
            "index": 124,
            "bbox": [
                [
                    575,
                    1573
                ],
                [
                    598,
                    1573
                ],
                [
                    598,
                    1596
                ],
                [
                    575,
                    1596
                ]
            ],
            "text": "1\"",
            "label": "B_Value"
        },
        {
            "index": 125,
            "bbox": [
                [
                    705,
                    1573
                ],
                [
                    728,
                    1573
                ],
                [
                    728,
                    1596
                ],
                [
                    705,
                    1596
                ]
            ],
            "text": "1\"",
            "label": "B_Value"
        },
        {
            "index": 126,
            "bbox": [
                [
                    911,
                    1573
                ],
                [
                    950,
                    1573
                ],
                [
                    950,
                    1601
                ],
                [
                    911,
                    1601
                ]
            ],
            "text": "the",
            "label": "Out"
        },
        {
            "index": 127,
            "bbox": [
                [
                    945,
                    1573
                ],
                [
                    1078,
                    1573
                ],
                [
                    1078,
                    1603
                ],
                [
                    945,
                    1603
                ]
            ],
            "text": "environment",
            "label": "Out"
        },
        {
            "index": 128,
            "bbox": [
                [
                    139,
                    1608
                ],
                [
                    230,
                    1608
                ],
                [
                    230,
                    1630
                ],
                [
                    139,
                    1630
                ]
            ],
            "text": "Maximum",
            "label": "B_Prop"
        },
        {
            "index": 129,
            "bbox": [
                [
                    226,
                    1608
                ],
                [
                    322,
                    1608
                ],
                [
                    322,
                    1630
                ],
                [
                    226,
                    1630
                ]
            ],
            "text": "immersion",
            "label": "I_Prop"
        },
        {
            "index": 130,
            "bbox": [
                [
                    317,
                    1608
                ],
                [
                    372,
                    1608
                ],
                [
                    372,
                    1633
                ],
                [
                    317,
                    1633
                ]
            ],
            "text": "depth",
            "label": "I_Prop"
        },
        {
            "index": 131,
            "bbox": [
                [
                    367,
                    1605
                ],
                [
                    402,
                    1605
                ],
                [
                    402,
                    1635
                ],
                [
                    367,
                    1635
                ]
            ],
            "text": "[m]",
            "label": "I_Prop"
        },
        {
            "index": 132,
            "bbox": [
                [
                    443,
                    1605
                ],
                [
                    472,
                    1605
                ],
                [
                    472,
                    1633
                ],
                [
                    443,
                    1633
                ]
            ],
            "text": "40",
            "label": "B_Value"
        },
        {
            "index": 133,
            "bbox": [
                [
                    571,
                    1605
                ],
                [
                    600,
                    1605
                ],
                [
                    600,
                    1633
                ],
                [
                    571,
                    1633
                ]
            ],
            "text": "40",
            "label": "B_Value"
        },
        {
            "index": 134,
            "bbox": [
                [
                    701,
                    1605
                ],
                [
                    731,
                    1605
                ],
                [
                    731,
                    1633
                ],
                [
                    701,
                    1633
                ]
            ],
            "text": "40",
            "label": "B_Value"
        },
        {
            "index": 135,
            "bbox": [
                [
                    913,
                    1612
                ],
                [
                    1071,
                    1612
                ],
                [
                    1071,
                    1653
                ],
                [
                    913,
                    1653
                ]
            ],
            "text": "Hydraulic",
            "label": "B_Section"
        },
        {
            "index": 136,
            "bbox": [
                [
                    1071,
                    1621
                ],
                [
                    1181,
                    1621
                ],
                [
                    1181,
                    1653
                ],
                [
                    1071,
                    1653
                ]
            ],
            "text": "power",
            "label": "I_Section"
        },
        {
            "index": 137,
            "bbox": [
                [
                    1181,
                    1624
                ],
                [
                    1272,
                    1624
                ],
                [
                    1272,
                    1646
                ],
                [
                    1181,
                    1646
                ]
            ],
            "text": "curve",
            "label": "I_Section"
        },
        {
            "index": 138,
            "bbox": [
                [
                    137,
                    1640
                ],
                [
                    233,
                    1640
                ],
                [
                    233,
                    1669
                ],
                [
                    137,
                    1669
                ]
            ],
            "text": "Maximum",
            "label": "B_Prop"
        },
        {
            "index": 139,
            "bbox": [
                [
                    228,
                    1642
                ],
                [
                    269,
                    1642
                ],
                [
                    269,
                    1667
                ],
                [
                    228,
                    1667
                ]
            ],
            "text": "fluid",
            "label": "I_Prop"
        },
        {
            "index": 140,
            "bbox": [
                [
                    265,
                    1642
                ],
                [
                    377,
                    1642
                ],
                [
                    377,
                    1672
                ],
                [
                    265,
                    1672
                ]
            ],
            "text": "temperature",
            "label": "I_Prop"
        },
        {
            "index": 141,
            "bbox": [
                [
                    372,
                    1642
                ],
                [
                    408,
                    1642
                ],
                [
                    408,
                    1669
                ],
                [
                    372,
                    1669
                ]
            ],
            "text": "[°C]",
            "label": "I_Prop"
        },
        {
            "index": 142,
            "bbox": [
                [
                    443,
                    1642
                ],
                [
                    472,
                    1642
                ],
                [
                    472,
                    1669
                ],
                [
                    443,
                    1669
                ]
            ],
            "text": "35",
            "label": "B_Value"
        },
        {
            "index": 143,
            "bbox": [
                [
                    571,
                    1642
                ],
                [
                    603,
                    1642
                ],
                [
                    603,
                    1669
                ],
                [
                    571,
                    1669
                ]
            ],
            "text": "35",
            "label": "B_Value"
        },
        {
            "index": 144,
            "bbox": [
                [
                    701,
                    1642
                ],
                [
                    731,
                    1642
                ],
                [
                    731,
                    1669
                ],
                [
                    701,
                    1669
                ]
            ],
            "text": "35",
            "label": "B_Value"
        },
        {
            "index": 145,
            "bbox": [
                [
                    957,
                    1662
                ],
                [
                    996,
                    1662
                ],
                [
                    996,
                    1688
                ],
                [
                    957,
                    1688
                ]
            ],
            "text": "140",
            "label": "Out"
        },
        {
            "index": 146,
            "bbox": [
                [
                    141,
                    1678
                ],
                [
                    196,
                    1678
                ],
                [
                    196,
                    1703
                ],
                [
                    141,
                    1703
                ]
            ],
            "text": "Cable",
            "label": "B_Prop"
        },
        {
            "index": 147,
            "bbox": [
                [
                    189,
                    1676
                ],
                [
                    253,
                    1676
                ],
                [
                    253,
                    1708
                ],
                [
                    189,
                    1708
                ]
            ],
            "text": "length",
            "label": "I_Prop"
        },
        {
            "index": 148,
            "bbox": [
                [
                    246,
                    1676
                ],
                [
                    281,
                    1676
                ],
                [
                    281,
                    1703
                ],
                [
                    246,
                    1703
                ]
            ],
            "text": "[m]",
            "label": "I_Prop"
        },
        {
            "index": 149,
            "bbox": [
                [
                    440,
                    1676
                ],
                [
                    472,
                    1676
                ],
                [
                    472,
                    1703
                ],
                [
                    440,
                    1703
                ]
            ],
            "text": "20",
            "label": "B_Value"
        },
        {
            "index": 150,
            "bbox": [
                [
                    571,
                    1676
                ],
                [
                    603,
                    1676
                ],
                [
                    603,
                    1703
                ],
                [
                    571,
                    1703
                ]
            ],
            "text": "30",
            "label": "B_Value"
        },
        {
            "index": 151,
            "bbox": [
                [
                    701,
                    1676
                ],
                [
                    731,
                    1676
                ],
                [
                    731,
                    1703
                ],
                [
                    701,
                    1703
                ]
            ],
            "text": "40",
            "label": "B_Value"
        },
        {
            "index": 152,
            "bbox": [
                [
                    139,
                    1715
                ],
                [
                    207,
                    1715
                ],
                [
                    207,
                    1740
                ],
                [
                    139,
                    1740
                ]
            ],
            "text": "Degree",
            "label": "B_Prop"
        },
        {
            "index": 153,
            "bbox": [
                [
                    201,
                    1713
                ],
                [
                    233,
                    1713
                ],
                [
                    233,
                    1740
                ],
                [
                    201,
                    1740
                ]
            ],
            "text": "ofp",
            "label": "I_Prop"
        },
        {
            "index": 154,
            "bbox": [
                [
                    223,
                    1713
                ],
                [
                    317,
                    1713
                ],
                [
                    317,
                    1742
                ],
                [
                    223,
                    1742
                ]
            ],
            "text": "protection",
            "label": "I_Prop"
        },
        {
            "index": 155,
            "bbox": [
                [
                    443,
                    1713
                ],
                [
                    491,
                    1713
                ],
                [
                    491,
                    1740
                ],
                [
                    443,
                    1740
                ]
            ],
            "text": "IP68",
            "label": "B_Value"
        },
        {
            "index": 156,
            "bbox": [
                [
                    573,
                    1713
                ],
                [
                    619,
                    1713
                ],
                [
                    619,
                    1740
                ],
                [
                    573,
                    1740
                ]
            ],
            "text": "IP68",
            "label": "B_Value"
        },
        {
            "index": 157,
            "bbox": [
                [
                    703,
                    1715
                ],
                [
                    749,
                    1715
                ],
                [
                    749,
                    1740
                ],
                [
                    703,
                    1740
                ]
            ],
            "text": "IP68",
            "label": "B_Value"
        },
        {
            "index": 158,
            "bbox": [
                [
                    909,
                    1717
                ],
                [
                    943,
                    1717
                ],
                [
                    943,
                    1747
                ],
                [
                    909,
                    1747
                ]
            ],
            "text": "[m]",
            "label": "Out"
        },
        {
            "index": 159,
            "bbox": [
                [
                    957,
                    1701
                ],
                [
                    996,
                    1701
                ],
                [
                    996,
                    1729
                ],
                [
                    957,
                    1729
                ]
            ],
            "text": "120",
            "label": "Out"
        },
        {
            "index": 160,
            "bbox": [
                [
                    139,
                    1747
                ],
                [
                    233,
                    1747
                ],
                [
                    233,
                    1777
                ],
                [
                    139,
                    1777
                ]
            ],
            "text": "Insulation",
            "label": "B_Prop"
        },
        {
            "index": 161,
            "bbox": [
                [
                    226,
                    1749
                ],
                [
                    276,
                    1749
                ],
                [
                    276,
                    1774
                ],
                [
                    226,
                    1774
                ]
            ],
            "text": "class",
            "label": "I_Prop"
        },
        {
            "index": 162,
            "bbox": [
                [
                    443,
                    1751
                ],
                [
                    466,
                    1751
                ],
                [
                    466,
                    1774
                ],
                [
                    443,
                    1774
                ]
            ],
            "text": "B",
            "label": "B_Value"
        },
        {
            "index": 163,
            "bbox": [
                [
                    573,
                    1749
                ],
                [
                    591,
                    1749
                ],
                [
                    591,
                    1772
                ],
                [
                    573,
                    1772
                ]
            ],
            "text": "B",
            "label": "B_Value"
        },
        {
            "index": 164,
            "bbox": [
                [
                    703,
                    1751
                ],
                [
                    721,
                    1751
                ],
                [
                    721,
                    1774
                ],
                [
                    703,
                    1774
                ]
            ],
            "text": "B",
            "label": "B_Value"
        },
        {
            "index": 165,
            "bbox": [
                [
                    957,
                    1742
                ],
                [
                    996,
                    1742
                ],
                [
                    996,
                    1767
                ],
                [
                    957,
                    1767
                ]
            ],
            "text": "100",
            "label": "Out"
        },
        {
            "index": 166,
            "bbox": [
                [
                    141,
                    1786
                ],
                [
                    205,
                    1786
                ],
                [
                    205,
                    1811
                ],
                [
                    141,
                    1811
                ]
            ],
            "text": "Weight",
            "label": "B_Prop"
        },
        {
            "index": 167,
            "bbox": [
                [
                    203,
                    1783
                ],
                [
                    239,
                    1783
                ],
                [
                    239,
                    1813
                ],
                [
                    203,
                    1813
                ]
            ],
            "text": "[kg]",
            "label": "I_Prop"
        },
        {
            "index": 168,
            "bbox": [
                [
                    443,
                    1786
                ],
                [
                    484,
                    1786
                ],
                [
                    484,
                    1811
                ],
                [
                    443,
                    1811
                ]
            ],
            "text": "10,6",
            "label": "B_Value"
        },
        {
            "index": 169,
            "bbox": [
                [
                    575,
                    1786
                ],
                [
                    612,
                    1786
                ],
                [
                    612,
                    1811
                ],
                [
                    575,
                    1811
                ]
            ],
            "text": "11,7",
            "label": "B_Value"
        },
        {
            "index": 170,
            "bbox": [
                [
                    703,
                    1786
                ],
                [
                    742,
                    1786
                ],
                [
                    742,
                    1811
                ],
                [
                    703,
                    1811
                ]
            ],
            "text": "12,9",
            "label": "B_Value"
        },
        {
            "index": 171,
            "bbox": [
                [
                    964,
                    1783
                ],
                [
                    996,
                    1783
                ],
                [
                    996,
                    1809
                ],
                [
                    964,
                    1809
                ]
            ],
            "text": "80",
            "label": "Out"
        },
        {
            "index": 172,
            "bbox": [
                [
                    139,
                    1818
                ],
                [
                    237,
                    1818
                ],
                [
                    237,
                    1847
                ],
                [
                    139,
                    1847
                ]
            ],
            "text": "Dimension",
            "label": "B_Prop"
        },
        {
            "index": 173,
            "bbox": [
                [
                    242,
                    1818
                ],
                [
                    306,
                    1818
                ],
                [
                    306,
                    1850
                ],
                [
                    242,
                    1850
                ]
            ],
            "text": "length",
            "label": "I_Prop"
        },
        {
            "index": 174,
            "bbox": [
                [
                    297,
                    1815
                ],
                [
                    349,
                    1815
                ],
                [
                    349,
                    1850
                ],
                [
                    297,
                    1850
                ]
            ],
            "text": "[mm]",
            "label": "I_Prop"
        },
        {
            "index": 175,
            "bbox": [
                [
                    443,
                    1820
                ],
                [
                    479,
                    1820
                ],
                [
                    479,
                    1845
                ],
                [
                    443,
                    1845
                ]
            ],
            "text": "628",
            "label": "B_Value"
        },
        {
            "index": 176,
            "bbox": [
                [
                    573,
                    1820
                ],
                [
                    610,
                    1820
                ],
                [
                    610,
                    1845
                ],
                [
                    573,
                    1845
                ]
            ],
            "text": "628",
            "label": "B_Value"
        },
        {
            "index": 177,
            "bbox": [
                [
                    703,
                    1820
                ],
                [
                    740,
                    1820
                ],
                [
                    740,
                    1845
                ],
                [
                    703,
                    1845
                ]
            ],
            "text": "628",
            "label": "B_Value"
        },
        {
            "index": 178,
            "bbox": [
                [
                    911,
                    1806
                ],
                [
                    934,
                    1806
                ],
                [
                    934,
                    1854
                ],
                [
                    911,
                    1854
                ]
            ],
            "text": "I",
            "label": "Out"
        },
        {
            "index": 179,
            "bbox": [
                [
                    964,
                    1822
                ],
                [
                    996,
                    1822
                ],
                [
                    996,
                    1850
                ],
                [
                    964,
                    1850
                ]
            ],
            "text": "60",
            "label": "Out"
        },
        {
            "index": 180,
            "bbox": [
                [
                    964,
                    1863
                ],
                [
                    996,
                    1863
                ],
                [
                    996,
                    1889
                ],
                [
                    964,
                    1889
                ]
            ],
            "text": "40",
            "label": "Out"
        },
        {
            "index": 181,
            "bbox": [
                [
                    964,
                    1902
                ],
                [
                    996,
                    1902
                ],
                [
                    996,
                    1930
                ],
                [
                    964,
                    1930
                ]
            ],
            "text": "20",
            "label": "Out"
        },
        {
            "index": 182,
            "bbox": [
                [
                    991,
                    1966
                ],
                [
                    1005,
                    1966
                ],
                [
                    1005,
                    1984
                ],
                [
                    991,
                    1984
                ]
            ],
            "text": "0",
            "label": "Out"
        },
        {
            "index": 183,
            "bbox": [
                [
                    1112,
                    1964
                ],
                [
                    1146,
                    1964
                ],
                [
                    1146,
                    1989
                ],
                [
                    1112,
                    1989
                ]
            ],
            "text": "0,5",
            "label": "Out"
        },
        {
            "index": 184,
            "bbox": [
                [
                    1249,
                    1964
                ],
                [
                    1267,
                    1964
                ],
                [
                    1267,
                    1987
                ],
                [
                    1249,
                    1987
                ]
            ],
            "text": "1",
            "label": "Out"
        },
        {
            "index": 185,
            "bbox": [
                [
                    1370,
                    1962
                ],
                [
                    1402,
                    1962
                ],
                [
                    1402,
                    1991
                ],
                [
                    1370,
                    1991
                ]
            ],
            "text": "1,5",
            "label": "Out"
        },
        {
            "index": 186,
            "bbox": [
                [
                    1491,
                    1964
                ],
                [
                    1525,
                    1964
                ],
                [
                    1525,
                    1991
                ],
                [
                    1491,
                    1991
                ]
            ],
            "text": "1,8",
            "label": "Out"
        },
        {
            "index": 187,
            "bbox": [
                [
                    1217,
                    1996
                ],
                [
                    1265,
                    1996
                ],
                [
                    1265,
                    2021
                ],
                [
                    1217,
                    2021
                ]
            ],
            "text": "Flow",
            "label": "Out"
        },
        {
            "index": 188,
            "bbox": [
                [
                    1256,
                    1994
                ],
                [
                    1281,
                    1994
                ],
                [
                    1281,
                    2023
                ],
                [
                    1256,
                    2023
                ]
            ],
            "text": "Q",
            "label": "Out"
        },
        {
            "index": 189,
            "bbox": [
                [
                    1452,
                    1991
                ],
                [
                    1532,
                    1991
                ],
                [
                    1532,
                    2023
                ],
                [
                    1452,
                    2023
                ]
            ],
            "text": "m?/hour",
            "label": "Out"
        },
        {
            "index": 190,
            "bbox": [
                [
                    134,
                    2092
                ],
                [
                    436,
                    2092
                ],
                [
                    436,
                    2122
                ],
                [
                    134,
                    2122
                ]
            ],
            "text": "www.pumpa.eu",
            "label": "Out"
        }
    ]
}