{
    "datasheet": [
        {
            "index": 0,
            "bbox": [
                [
                    1000,
                    178
                ],
                [
                    1260,
                    178
                ],
                [
                    1260,
                    210
                ],
                [
                    1000,
                    210
                ]
            ],
            "text": "4PCSM1100P-G,",
            "label": "B_Ref"
        },
        {
            "index": 1,
            "bbox": [
                [
                    1265,
                    178
                ],
                [
                    1521,
                    178
                ],
                [
                    1521,
                    207
                ],
                [
                    1265,
                    207
                ]
            ],
            "text": "5PCSM1300P-G",
            "label": "B_Ref"
        },
        {
            "index": 2,
            "bbox": [
                [
                    454,
                    1384
                ],
                [
                    630,
                    1384
                ],
                [
                    630,
                    1413
                ],
                [
                    454,
                    1413
                ]
            ],
            "text": "4PCSM1100P-G",
            "label": "B_Ref"
        },
        {
            "index": 3,
            "bbox": [
                [
                    644,
                    1384
                ],
                [
                    820,
                    1384
                ],
                [
                    820,
                    1413
                ],
                [
                    644,
                    1413
                ]
            ],
            "text": "5PCSM1300P-G",
            "label": "B_Ref"
        },
        {
            "index": 4,
            "bbox": [
                [
                    705,
                    175
                ],
                [
                    705,
                    207
                ],
                [
                    998,
                    207
                ],
                [
                    998,
                    175
                ]
            ],
            "text": "PUMPA BLUE LINE",
            "label": "B_Section"
        },
        {
            "index": 5,
            "bbox": [
                [
                    139,
                    589
                ],
                [
                    139,
                    742
                ],
                [
                    1194,
                    742
                ],
                [
                    1194,
                    589
                ]
            ],
            "text": "BLUE LINE 4PCSM1100P-G, 5PCSM1300P-G",
            "label": "B_Section"
        },
        {
            "index": 6,
            "bbox": [
                [
                    130,
                    1142
                ],
                [
                    130,
                    1386
                ],
                [
                    737,
                    1386
                ],
                [
                    737,
                    1142
                ]
            ],
            "text": "Application blue line blue line",
            "label": "B_Section"
        },
        {
            "index": 7,
            "bbox": [
                [
                    139,
                    1370
                ],
                [
                    212,
                    1370
                ],
                [
                    212,
                    1402
                ],
                [
                    139,
                    1402
                ]
            ],
            "text": "Model",
            "label": "B_Section"
        },
        {
            "index": 8,
            "bbox": [
                [
                    141,
                    1436
                ],
                [
                    191,
                    1436
                ],
                [
                    191,
                    1461
                ],
                [
                    141,
                    1461
                ]
            ],
            "text": "Code",
            "label": "B_Prop"
        },
        {
            "index": 9,
            "bbox": [
                [
                    139,
                    1471
                ],
                [
                    139,
                    1498
                ],
                [
                    349,
                    1498
                ],
                [
                    349,
                    1471
                ]
            ],
            "text": "Maximum flow [m3/hod]",
            "label": "B_Prop"
        },
        {
            "index": 10,
            "bbox": [
                [
                    137,
                    1502
                ],
                [
                    137,
                    1532
                ],
                [
                    388,
                    1532
                ],
                [
                    388,
                    1502
                ]
            ],
            "text": "Maximum discharge head [m]",
            "label": "B_Prop"
        },
        {
            "index": 11,
            "bbox": [
                [
                    139,
                    1539
                ],
                [
                    139,
                    1566
                ],
                [
                    381,
                    1566
                ],
                [
                    381,
                    1539
                ]
            ],
            "text": "Maximum suction height [m]",
            "label": "B_Prop"
        },
        {
            "index": 12,
            "bbox": [
                [
                    139,
                    1576
                ],
                [
                    139,
                    1608
                ],
                [
                    365,
                    1608
                ],
                [
                    365,
                    1576
                ]
            ],
            "text": "Voltage/ frequency [V/Hz]",
            "label": "B_Prop"
        },
        {
            "index": 13,
            "bbox": [
                [
                    141,
                    1614
                ],
                [
                    141,
                    1642
                ],
                [
                    230,
                    1642
                ],
                [
                    230,
                    1614
                ]
            ],
            "text": "Power [w]",
            "label": "B_Prop"
        },
        {
            "index": 14,
            "bbox": [
                [
                    139,
                    1649
                ],
                [
                    139,
                    1678
                ],
                [
                    354,
                    1678
                ],
                [
                    354,
                    1649
                ]
            ],
            "text": "Suction xdischarge neck",
            "label": "B_Prop"
        },
        {
            "index": 15,
            "bbox": [
                [
                    139,
                    1685
                ],
                [
                    139,
                    1715
                ],
                [
                    408,
                    1715
                ],
                [
                    408,
                    1685
                ]
            ],
            "text": "Maximum fluid temperaturel [°c]",
            "label": "B_Prop"
        },
        {
            "index": 16,
            "bbox": [
                [
                    139,
                    1722
                ],
                [
                    139,
                    1745
                ],
                [
                    301,
                    1745
                ],
                [
                    301,
                    1722
                ]
            ],
            "text": "Maximum ambient",
            "label": "B_Prop"
        },
        {
            "index": 17,
            "bbox": [
                [
                    294,
                    1719
                ],
                [
                    294,
                    1749
                ],
                [
                    438,
                    1749
                ],
                [
                    438,
                    1719
                ]
            ],
            "text": "[°C] temperature",
            "label": "B_Prop"
        },
        {
            "index": 18,
            "bbox": [
                [
                    139,
                    1754
                ],
                [
                    139,
                    1786
                ],
                [
                    281,
                    1786
                ],
                [
                    281,
                    1754
                ]
            ],
            "text": "Cable length [m]",
            "label": "B_Prop"
        },
        {
            "index": 19,
            "bbox": [
                [
                    139,
                    1790
                ],
                [
                    139,
                    1822
                ],
                [
                    317,
                    1822
                ],
                [
                    317,
                    1790
                ]
            ],
            "text": "Degree of protection",
            "label": "B_Prop"
        },
        {
            "index": 20,
            "bbox": [
                [
                    139,
                    1827
                ],
                [
                    139,
                    1852
                ],
                [
                    276,
                    1852
                ],
                [
                    276,
                    1827
                ]
            ],
            "text": "Insulation class",
            "label": "B_Prop"
        },
        {
            "index": 21,
            "bbox": [
                [
                    139,
                    1861
                ],
                [
                    139,
                    1893
                ],
                [
                    239,
                    1893
                ],
                [
                    239,
                    1861
                ]
            ],
            "text": "Weight [kg]",
            "label": "B_Prop"
        },
        {
            "index": 22,
            "bbox": [
                [
                    139,
                    1895
                ],
                [
                    139,
                    1925
                ],
                [
                    361,
                    1925
                ],
                [
                    361,
                    1895
                ]
            ],
            "text": "Dimension LxHx WI [mm]",
            "label": "B_Prop"
        },
        {
            "index": 23,
            "bbox": [
                [
                    455,
                    1434
                ],
                [
                    455,
                    1463
                ],
                [
                    558,
                    1463
                ],
                [
                    558,
                    1434
                ]
            ],
            "text": "ZB00001237",
            "label": "B_Value"
        },
        {
            "index": 24,
            "bbox": [
                [
                    641,
                    1434
                ],
                [
                    744,
                    1434
                ],
                [
                    744,
                    1464
                ],
                [
                    641,
                    1464
                ]
            ],
            "text": "ZB00001238",
            "label": "B_Value"
        },
        {
            "index": 25,
            "bbox": [
                [
                    454,
                    1471
                ],
                [
                    486,
                    1471
                ],
                [
                    486,
                    1496
                ],
                [
                    454,
                    1496
                ]
            ],
            "text": "5,4",
            "label": "B_Value"
        },
        {
            "index": 26,
            "bbox": [
                [
                    644,
                    1471
                ],
                [
                    676,
                    1471
                ],
                [
                    676,
                    1496
                ],
                [
                    644,
                    1496
                ]
            ],
            "text": "5,4",
            "label": "B_Value"
        },
        {
            "index": 27,
            "bbox": [
                [
                    452,
                    1502
                ],
                [
                    484,
                    1502
                ],
                [
                    484,
                    1530
                ],
                [
                    452,
                    1530
                ]
            ],
            "text": "48",
            "label": "B_Value"
        },
        {
            "index": 28,
            "bbox": [
                [
                    644,
                    1502
                ],
                [
                    673,
                    1502
                ],
                [
                    673,
                    1530
                ],
                [
                    644,
                    1530
                ]
            ],
            "text": "55",
            "label": "B_Value"
        },
        {
            "index": 29,
            "bbox": [
                [
                    454,
                    1541
                ],
                [
                    472,
                    1541
                ],
                [
                    472,
                    1564
                ],
                [
                    454,
                    1564
                ]
            ],
            "text": "8",
            "label": "B_Value"
        },
        {
            "index": 30,
            "bbox": [
                [
                    644,
                    1541
                ],
                [
                    662,
                    1541
                ],
                [
                    662,
                    1564
                ],
                [
                    644,
                    1564
                ]
            ],
            "text": "8",
            "label": "B_Value"
        },
        {
            "index": 31,
            "bbox": [
                [
                    454,
                    1578
                ],
                [
                    523,
                    1578
                ],
                [
                    523,
                    1603
                ],
                [
                    454,
                    1603
                ]
            ],
            "text": "230/50",
            "label": "B_Value"
        },
        {
            "index": 32,
            "bbox": [
                [
                    644,
                    1578
                ],
                [
                    712,
                    1578
                ],
                [
                    712,
                    1603
                ],
                [
                    644,
                    1603
                ]
            ],
            "text": "230/50",
            "label": "B_Value"
        },
        {
            "index": 33,
            "bbox": [
                [
                    456,
                    1614
                ],
                [
                    500,
                    1614
                ],
                [
                    500,
                    1640
                ],
                [
                    456,
                    1640
                ]
            ],
            "text": "1100",
            "label": "B_Value"
        },
        {
            "index": 34,
            "bbox": [
                [
                    644,
                    1614
                ],
                [
                    687,
                    1614
                ],
                [
                    687,
                    1640
                ],
                [
                    644,
                    1640
                ]
            ],
            "text": "1300",
            "label": "B_Value"
        },
        {
            "index": 35,
            "bbox": [
                [
                    454,
                    1646
                ],
                [
                    511,
                    1646
                ],
                [
                    511,
                    1678
                ],
                [
                    454,
                    1678
                ]
            ],
            "text": "1'x1\"",
            "label": "B_Value"
        },
        {
            "index": 36,
            "bbox": [
                [
                    644,
                    1646
                ],
                [
                    701,
                    1646
                ],
                [
                    701,
                    1678
                ],
                [
                    644,
                    1678
                ]
            ],
            "text": "1'x1\"",
            "label": "B_Value"
        },
        {
            "index": 37,
            "bbox": [
                [
                    452,
                    1685
                ],
                [
                    484,
                    1685
                ],
                [
                    484,
                    1713
                ],
                [
                    452,
                    1713
                ]
            ],
            "text": "35",
            "label": "B_Value"
        },
        {
            "index": 38,
            "bbox": [
                [
                    641,
                    1685
                ],
                [
                    671,
                    1685
                ],
                [
                    671,
                    1713
                ],
                [
                    641,
                    1713
                ]
            ],
            "text": "35",
            "label": "B_Value"
        },
        {
            "index": 39,
            "bbox": [
                [
                    454,
                    1719
                ],
                [
                    484,
                    1719
                ],
                [
                    484,
                    1747
                ],
                [
                    454,
                    1747
                ]
            ],
            "text": "35",
            "label": "B_Value"
        },
        {
            "index": 40,
            "bbox": [
                [
                    641,
                    1719
                ],
                [
                    673,
                    1719
                ],
                [
                    673,
                    1747
                ],
                [
                    641,
                    1747
                ]
            ],
            "text": "35",
            "label": "B_Value"
        },
        {
            "index": 41,
            "bbox": [
                [
                    456,
                    1761
                ],
                [
                    472,
                    1761
                ],
                [
                    472,
                    1779
                ],
                [
                    456,
                    1779
                ]
            ],
            "text": "1",
            "label": "B_Value"
        },
        {
            "index": 42,
            "bbox": [
                [
                    644,
                    1761
                ],
                [
                    660,
                    1761
                ],
                [
                    660,
                    1779
                ],
                [
                    644,
                    1779
                ]
            ],
            "text": "1",
            "label": "B_Value"
        },
        {
            "index": 43,
            "bbox": [
                [
                    454,
                    1793
                ],
                [
                    502,
                    1793
                ],
                [
                    502,
                    1818
                ],
                [
                    454,
                    1818
                ]
            ],
            "text": "IPX4",
            "label": "B_Value"
        },
        {
            "index": 44,
            "bbox": [
                [
                    644,
                    1793
                ],
                [
                    692,
                    1793
                ],
                [
                    692,
                    1818
                ],
                [
                    644,
                    1818
                ]
            ],
            "text": "IPX4",
            "label": "B_Value"
        },
        {
            "index": 45,
            "bbox": [
                [
                    454,
                    1827
                ],
                [
                    491,
                    1827
                ],
                [
                    491,
                    1854
                ],
                [
                    454,
                    1854
                ]
            ],
            "text": "130",
            "label": "B_Value"
        },
        {
            "index": 46,
            "bbox": [
                [
                    644,
                    1827
                ],
                [
                    680,
                    1827
                ],
                [
                    680,
                    1854
                ],
                [
                    644,
                    1854
                ]
            ],
            "text": "130",
            "label": "B_Value"
        },
        {
            "index": 47,
            "bbox": [
                [
                    454,
                    1863
                ],
                [
                    493,
                    1863
                ],
                [
                    493,
                    1891
                ],
                [
                    454,
                    1891
                ]
            ],
            "text": "10,5",
            "label": "B_Value"
        },
        {
            "index": 48,
            "bbox": [
                [
                    644,
                    1863
                ],
                [
                    683,
                    1863
                ],
                [
                    683,
                    1889
                ],
                [
                    644,
                    1889
                ]
            ],
            "text": "12,8",
            "label": "B_Value"
        },
        {
            "index": 49,
            "bbox": [
                [
                    454,
                    1900
                ],
                [
                    575,
                    1900
                ],
                [
                    575,
                    1923
                ],
                [
                    454,
                    1923
                ]
            ],
            "text": "440x250x220",
            "label": "B_Value"
        },
        {
            "index": 50,
            "bbox": [
                [
                    644,
                    1900
                ],
                [
                    765,
                    1900
                ],
                [
                    765,
                    1923
                ],
                [
                    644,
                    1923
                ]
            ],
            "text": "470x250x195",
            "label": "B_Value"
        },
        {
            "index": 51,
            "bbox": [
                [
                    130,
                    797
                ],
                [
                    130,
                    1032
                ],
                [
                    1436,
                    1032
                ],
                [
                    1436,
                    797
                ]
            ],
            "text": "Self-priming pump with a very high hydraulic Able output. to draw water from depth of a up to 8 meters. Suitable for water pumping and distribution in domestic installations with small and medium pressure vessels. PX4CE3",
            "label": "B_Descri"
        },
        {
            "index": 52,
            "bbox": [
                [
                    153,
                    1183
                ],
                [
                    153,
                    1219
                ],
                [
                    349,
                    1219
                ],
                [
                    349,
                    1183
                ]
            ],
            "text": "Home water supply",
            "label": "B_Descri"
        },
        {
            "index": 53,
            "bbox": [
                [
                    153,
                    1224
                ],
                [
                    249,
                    1224
                ],
                [
                    249,
                    1258
                ],
                [
                    153,
                    1258
                ]
            ],
            "text": "Irrigation",
            "label": "B_Descri"
        },
        {
            "index": 54,
            "bbox": [
                [
                    150,
                    1260
                ],
                [
                    150,
                    1299
                ],
                [
                    872,
                    1299
                ],
                [
                    872,
                    1260
                ]
            ],
            "text": "Also suitable for pressure vessels tol be used as a pressurel booster pump",
            "label": "B_Descri"
        }
    ]
}