{
    "datasheet": [
        {
            "index": 0,
            "bbox": [
                [
                    114,
                    59
                ],
                [
                    187,
                    59
                ],
                [
                    187,
                    91
                ],
                [
                    114,
                    91
                ]
            ],
            "text": "Energy",
            "label": "Out"
        },
        {
            "index": 1,
            "bbox": [
                [
                    182,
                    57
                ],
                [
                    251,
                    57
                ],
                [
                    251,
                    89
                ],
                [
                    182,
                    89
                ]
            ],
            "text": "Meter",
            "label": "Out"
        },
        {
            "index": 2,
            "bbox": [
                [
                    260,
                    57
                ],
                [
                    358,
                    57
                ],
                [
                    358,
                    89
                ],
                [
                    260,
                    89
                ]
            ],
            "text": "Basicline",
            "label": "Out"
        },
        {
            "index": 3,
            "bbox": [
                [
                    114,
                    216
                ],
                [
                    187,
                    216
                ],
                [
                    187,
                    251
                ],
                [
                    114,
                    251
                ]
            ],
            "text": "Energy",
            "label": "B_Descri"
        },
        {
            "index": 4,
            "bbox": [
                [
                    182,
                    216
                ],
                [
                    258,
                    216
                ],
                [
                    258,
                    248
                ],
                [
                    182,
                    248
                ]
            ],
            "text": "meters",
            "label": "I_Descri"
        },
        {
            "index": 5,
            "bbox": [
                [
                    253,
                    219
                ],
                [
                    287,
                    219
                ],
                [
                    287,
                    246
                ],
                [
                    253,
                    246
                ]
            ],
            "text": "for",
            "label": "I_Descri"
        },
        {
            "index": 6,
            "bbox": [
                [
                    285,
                    219
                ],
                [
                    326,
                    219
                ],
                [
                    326,
                    246
                ],
                [
                    285,
                    246
                ]
            ],
            "text": "DIN",
            "label": "I_Descri"
        },
        {
            "index": 7,
            "bbox": [
                [
                    324,
                    219
                ],
                [
                    363,
                    219
                ],
                [
                    363,
                    246
                ],
                [
                    324,
                    246
                ]
            ],
            "text": "rail",
            "label": "I_Descri"
        },
        {
            "index": 8,
            "bbox": [
                [
                    361,
                    219
                ],
                [
                    456,
                    219
                ],
                [
                    456,
                    251
                ],
                [
                    361,
                    251
                ]
            ],
            "text": "mounting",
            "label": "I_Descri"
        },
        {
            "index": 9,
            "bbox": [
                [
                    596,
                    219
                ],
                [
                    749,
                    219
                ],
                [
                    749,
                    248
                ],
                [
                    596,
                    248
                ]
            ],
            "text": "EM110-RTU-2P",
            "label": "B_Ref"
        },
        {
            "index": 10,
            "bbox": [
                [
                    1080,
                    219
                ],
                [
                    1080,
                    247
                ],
                [
                    1233,
                    247
                ],
                [
                    1233,
                    219
                ]
            ],
            "text": "EM111-RTU-2P",
            "label": "B_Ref"
        },
        {
            "index": 11,
            "bbox": [
                [
                    112,
                    573
                ],
                [
                    210,
                    573
                ],
                [
                    210,
                    605
                ],
                [
                    112,
                    605
                ]
            ],
            "text": "Technical",
            "label": "B_Section"
        },
        {
            "index": 12,
            "bbox": [
                [
                    205,
                    575
                ],
                [
                    255,
                    575
                ],
                [
                    255,
                    603
                ],
                [
                    205,
                    603
                ]
            ],
            "text": "data",
            "label": "I_Section"
        },
        {
            "index": 13,
            "bbox": [
                [
                    25,
                    593
                ],
                [
                    54,
                    593
                ],
                [
                    54,
                    635
                ],
                [
                    25,
                    635
                ]
            ],
            "text": "B",
            "label": "Out"
        },
        {
            "index": 14,
            "bbox": [
                [
                    118,
                    630
                ],
                [
                    219,
                    630
                ],
                [
                    219,
                    660
                ],
                [
                    118,
                    660
                ]
            ],
            "text": "Measurement",
            "label": "B_Prop"
        },
        {
            "index": 15,
            "bbox": [
                [
                    210,
                    635
                ],
                [
                    258,
                    635
                ],
                [
                    258,
                    660
                ],
                [
                    210,
                    660
                ]
            ],
            "text": "range,",
            "label": "I_Prop"
        },
        {
            "index": 16,
            "bbox": [
                [
                    253,
                    635
                ],
                [
                    308,
                    635
                ],
                [
                    308,
                    660
                ],
                [
                    253,
                    660
                ]
            ],
            "text": "voltage",
            "label": "I_Prop"
        },
        {
            "index": 17,
            "bbox": [
                [
                    301,
                    630
                ],
                [
                    363,
                    630
                ],
                [
                    363,
                    662
                ],
                [
                    301,
                    662
                ]
            ],
            "text": "L-N,AC",
            "label": "I_Prop"
        },
        {
            "index": 18,
            "bbox": [
                [
                    600,
                    630
                ],
                [
                    694,
                    630
                ],
                [
                    694,
                    660
                ],
                [
                    600,
                    660
                ]
            ],
            "text": "176...276V",
            "label": "Out"
        },
        {
            "index": 19,
            "bbox": [
                [
                    1087,
                    630
                ],
                [
                    1174,
                    630
                ],
                [
                    1174,
                    653
                ],
                [
                    1087,
                    653
                ]
            ],
            "text": "176...276V",
            "label": "Out"
        },
        {
            "index": 20,
            "bbox": [
                [
                    121,
                    660
                ],
                [
                    217,
                    660
                ],
                [
                    217,
                    682
                ],
                [
                    121,
                    682
                ]
            ],
            "text": "Measurement",
            "label": "B_Prop"
        },
        {
            "index": 21,
            "bbox": [
                [
                    210,
                    662
                ],
                [
                    260,
                    662
                ],
                [
                    260,
                    687
                ],
                [
                    210,
                    687
                ]
            ],
            "text": "range,",
            "label": "I_Prop"
        },
        {
            "index": 22,
            "bbox": [
                [
                    253,
                    660
                ],
                [
                    308,
                    660
                ],
                [
                    308,
                    685
                ],
                [
                    253,
                    685
                ]
            ],
            "text": "voltage",
            "label": "I_Prop"
        },
        {
            "index": 23,
            "bbox": [
                [
                    303,
                    657
                ],
                [
                    356,
                    657
                ],
                [
                    356,
                    682
                ],
                [
                    303,
                    682
                ]
            ],
            "text": "L-L,AC",
            "label": "I_Prop"
        },
        {
            "index": 24,
            "bbox": [
                [
                    121,
                    685
                ],
                [
                    166,
                    685
                ],
                [
                    166,
                    710
                ],
                [
                    121,
                    710
                ]
            ],
            "text": "Surge",
            "label": "B_Prop"
        },
        {
            "index": 25,
            "bbox": [
                [
                    162,
                    680
                ],
                [
                    219,
                    680
                ],
                [
                    219,
                    712
                ],
                [
                    162,
                    712
                ]
            ],
            "text": "voltage",
            "label": "I_Prop"
        },
        {
            "index": 26,
            "bbox": [
                [
                    212,
                    685
                ],
                [
                    274,
                    685
                ],
                [
                    274,
                    710
                ],
                [
                    212,
                    710
                ]
            ],
            "text": "category",
            "label": "I_Prop"
        },
        {
            "index": 27,
            "bbox": [
                [
                    603,
                    685
                ],
                [
                    621,
                    685
                ],
                [
                    621,
                    708
                ],
                [
                    603,
                    708
                ]
            ],
            "text": "II",
            "label": "Out"
        },
        {
            "index": 28,
            "bbox": [
                [
                    1085,
                    682
                ],
                [
                    1105,
                    682
                ],
                [
                    1105,
                    701
                ],
                [
                    1085,
                    701
                ]
            ],
            "text": "II",
            "label": "Out"
        },
        {
            "index": 29,
            "bbox": [
                [
                    121,
                    705
                ],
                [
                    178,
                    705
                ],
                [
                    178,
                    737
                ],
                [
                    121,
                    737
                ]
            ],
            "text": "Voltage",
            "label": "B_Prop"
        },
        {
            "index": 30,
            "bbox": [
                [
                    171,
                    710
                ],
                [
                    221,
                    710
                ],
                [
                    221,
                    735
                ],
                [
                    171,
                    735
                ]
            ],
            "text": "supply",
            "label": "I_Prop"
        },
        {
            "index": 31,
            "bbox": [
                [
                    123,
                    733
                ],
                [
                    196,
                    733
                ],
                [
                    196,
                    758
                ],
                [
                    123,
                    758
                ]
            ],
            "text": "Three-wire",
            "label": "B_Prop"
        },
        {
            "index": 32,
            "bbox": [
                [
                    191,
                    735
                ],
                [
                    246,
                    735
                ],
                [
                    246,
                    760
                ],
                [
                    191,
                    760
                ]
            ],
            "text": "system",
            "label": "I_Prop"
        },
        {
            "index": 33,
            "bbox": [
                [
                    600,
                    733
                ],
                [
                    635,
                    733
                ],
                [
                    635,
                    758
                ],
                [
                    600,
                    758
                ]
            ],
            "text": "No",
            "label": "Out"
        },
        {
            "index": 34,
            "bbox": [
                [
                    1085,
                    728
                ],
                [
                    1117,
                    728
                ],
                [
                    1117,
                    756
                ],
                [
                    1085,
                    756
                ]
            ],
            "text": "No",
            "label": "Out"
        },
        {
            "index": 35,
            "bbox": [
                [
                    121,
                    758
                ],
                [
                    189,
                    758
                ],
                [
                    189,
                    783
                ],
                [
                    121,
                    783
                ]
            ],
            "text": "Four-wire",
            "label": "B_Prop"
        },
        {
            "index": 36,
            "bbox": [
                [
                    182,
                    760
                ],
                [
                    237,
                    760
                ],
                [
                    237,
                    785
                ],
                [
                    182,
                    785
                ]
            ],
            "text": "system",
            "label": "I_Prop"
        },
        {
            "index": 37,
            "bbox": [
                [
                    600,
                    758
                ],
                [
                    635,
                    758
                ],
                [
                    635,
                    783
                ],
                [
                    600,
                    783
                ]
            ],
            "text": "No",
            "label": "Out"
        },
        {
            "index": 38,
            "bbox": [
                [
                    1082,
                    753
                ],
                [
                    1117,
                    753
                ],
                [
                    1117,
                    781
                ],
                [
                    1082,
                    781
                ]
            ],
            "text": "No",
            "label": "Out"
        },
        {
            "index": 39,
            "bbox": [
                [
                    121,
                    781
                ],
                [
                    198,
                    781
                ],
                [
                    198,
                    813
                ],
                [
                    121,
                    813
                ]
            ],
            "text": "Measuring",
            "label": "B_Prop"
        },
        {
            "index": 40,
            "bbox": [
                [
                    191,
                    785
                ],
                [
                    258,
                    785
                ],
                [
                    258,
                    810
                ],
                [
                    191,
                    810
                ]
            ],
            "text": "accuracy",
            "label": "I_Prop"
        },
        {
            "index": 41,
            "bbox": [
                [
                    251,
                    783
                ],
                [
                    278,
                    783
                ],
                [
                    278,
                    810
                ],
                [
                    251,
                    810
                ]
            ],
            "text": "for",
            "label": "I_Prop"
        },
        {
            "index": 42,
            "bbox": [
                [
                    271,
                    781
                ],
                [
                    329,
                    781
                ],
                [
                    329,
                    813
                ],
                [
                    271,
                    813
                ]
            ],
            "text": "voltage",
            "label": "I_Prop"
        },
        {
            "index": 43,
            "bbox": [
                [
                    600,
                    781
                ],
                [
                    651,
                    781
                ],
                [
                    651,
                    808
                ],
                [
                    600,
                    808
                ]
            ],
            "text": "0.5%",
            "label": "Out"
        },
        {
            "index": 44,
            "bbox": [
                [
                    1082,
                    778
                ],
                [
                    1135,
                    778
                ],
                [
                    1135,
                    804
                ],
                [
                    1082,
                    804
                ]
            ],
            "text": "0.5%",
            "label": "Out"
        },
        {
            "index": 45,
            "bbox": [
                [
                    123,
                    808
                ],
                [
                    198,
                    808
                ],
                [
                    198,
                    833
                ],
                [
                    123,
                    833
                ]
            ],
            "text": "Measuring",
            "label": "B_Prop"
        },
        {
            "index": 46,
            "bbox": [
                [
                    191,
                    810
                ],
                [
                    255,
                    810
                ],
                [
                    255,
                    836
                ],
                [
                    191,
                    836
                ]
            ],
            "text": "accuracy",
            "label": "I_Prop"
        },
        {
            "index": 47,
            "bbox": [
                [
                    251,
                    808
                ],
                [
                    281,
                    808
                ],
                [
                    281,
                    833
                ],
                [
                    251,
                    833
                ]
            ],
            "text": "for",
            "label": "I_Prop"
        },
        {
            "index": 48,
            "bbox": [
                [
                    271,
                    810
                ],
                [
                    326,
                    810
                ],
                [
                    326,
                    833
                ],
                [
                    271,
                    833
                ]
            ],
            "text": "current",
            "label": "I_Prop"
        },
        {
            "index": 49,
            "bbox": [
                [
                    600,
                    808
                ],
                [
                    653,
                    808
                ],
                [
                    653,
                    833
                ],
                [
                    600,
                    833
                ]
            ],
            "text": "0.5%",
            "label": "Out"
        },
        {
            "index": 50,
            "bbox": [
                [
                    1082,
                    804
                ],
                [
                    1135,
                    804
                ],
                [
                    1135,
                    829
                ],
                [
                    1082,
                    829
                ]
            ],
            "text": "0.5%",
            "label": "Out"
        },
        {
            "index": 51,
            "bbox": [
                [
                    121,
                    833
                ],
                [
                    217,
                    833
                ],
                [
                    217,
                    856
                ],
                [
                    121,
                    856
                ]
            ],
            "text": "Measurement",
            "label": "B_Prop"
        },
        {
            "index": 52,
            "bbox": [
                [
                    212,
                    836
                ],
                [
                    276,
                    836
                ],
                [
                    276,
                    858
                ],
                [
                    212,
                    858
                ]
            ],
            "text": "accuracy",
            "label": "I_Prop"
        },
        {
            "index": 53,
            "bbox": [
                [
                    269,
                    831
                ],
                [
                    299,
                    831
                ],
                [
                    299,
                    858
                ],
                [
                    269,
                    858
                ]
            ],
            "text": "for",
            "label": "I_Prop"
        },
        {
            "index": 54,
            "bbox": [
                [
                    292,
                    833
                ],
                [
                    340,
                    833
                ],
                [
                    340,
                    858
                ],
                [
                    292,
                    858
                ]
            ],
            "text": "active",
            "label": "I_Prop"
        },
        {
            "index": 55,
            "bbox": [
                [
                    333,
                    836
                ],
                [
                    386,
                    836
                ],
                [
                    386,
                    861
                ],
                [
                    333,
                    861
                ]
            ],
            "text": "energy",
            "label": "I_Prop"
        },
        {
            "index": 56,
            "bbox": [
                [
                    377,
                    831
                ],
                [
                    466,
                    831
                ],
                [
                    466,
                    861
                ],
                [
                    377,
                    861
                ]
            ],
            "text": "(kWh,/5A)",
            "label": "I_Prop"
        },
        {
            "index": 57,
            "bbox": [
                [
                    603,
                    833
                ],
                [
                    648,
                    833
                ],
                [
                    648,
                    858
                ],
                [
                    603,
                    858
                ]
            ],
            "text": "Class",
            "label": "Out"
        },
        {
            "index": 58,
            "bbox": [
                [
                    644,
                    831
                ],
                [
                    765,
                    831
                ],
                [
                    765,
                    861
                ],
                [
                    644,
                    861
                ]
            ],
            "text": "1(1EC62053-21),",
            "label": "Out"
        },
        {
            "index": 59,
            "bbox": [
                [
                    758,
                    833
                ],
                [
                    801,
                    833
                ],
                [
                    801,
                    858
                ],
                [
                    758,
                    858
                ]
            ],
            "text": "Class",
            "label": "Out"
        },
        {
            "index": 60,
            "bbox": [
                [
                    792,
                    831
                ],
                [
                    842,
                    831
                ],
                [
                    842,
                    858
                ],
                [
                    792,
                    858
                ]
            ],
            "text": "B(EN",
            "label": "Out"
        },
        {
            "index": 61,
            "bbox": [
                [
                    836,
                    833
                ],
                [
                    906,
                    833
                ],
                [
                    906,
                    858
                ],
                [
                    836,
                    858
                ]
            ],
            "text": "50470-3)",
            "label": "Out"
        },
        {
            "index": 62,
            "bbox": [
                [
                    1087,
                    829
                ],
                [
                    1130,
                    829
                ],
                [
                    1130,
                    854
                ],
                [
                    1087,
                    854
                ]
            ],
            "text": "Class",
            "label": "Out"
        },
        {
            "index": 63,
            "bbox": [
                [
                    1126,
                    829
                ],
                [
                    1171,
                    829
                ],
                [
                    1171,
                    856
                ],
                [
                    1126,
                    856
                ]
            ],
            "text": "1(IEC",
            "label": "Out"
        },
        {
            "index": 64,
            "bbox": [
                [
                    1169,
                    829
                ],
                [
                    1247,
                    829
                ],
                [
                    1247,
                    854
                ],
                [
                    1169,
                    854
                ]
            ],
            "text": "62053-21),",
            "label": "Out"
        },
        {
            "index": 65,
            "bbox": [
                [
                    1242,
                    829
                ],
                [
                    1286,
                    829
                ],
                [
                    1286,
                    854
                ],
                [
                    1242,
                    854
                ]
            ],
            "text": "Class",
            "label": "Out"
        },
        {
            "index": 66,
            "bbox": [
                [
                    1281,
                    831
                ],
                [
                    1297,
                    831
                ],
                [
                    1297,
                    851
                ],
                [
                    1281,
                    851
                ]
            ],
            "text": "B",
            "label": "Out"
        },
        {
            "index": 67,
            "bbox": [
                [
                    1292,
                    829
                ],
                [
                    1329,
                    829
                ],
                [
                    1329,
                    856
                ],
                [
                    1292,
                    856
                ]
            ],
            "text": "(EN5",
            "label": "Out"
        },
        {
            "index": 68,
            "bbox": [
                [
                    1318,
                    826
                ],
                [
                    1391,
                    826
                ],
                [
                    1391,
                    858
                ],
                [
                    1318,
                    858
                ]
            ],
            "text": "50470-3)",
            "label": "Out"
        },
        {
            "index": 69,
            "bbox": [
                [
                    121,
                    858
                ],
                [
                    180,
                    858
                ],
                [
                    180,
                    883
                ],
                [
                    121,
                    883
                ]
            ],
            "text": "Number",
            "label": "B_Prop"
        },
        {
            "index": 70,
            "bbox": [
                [
                    169,
                    854
                ],
                [
                    242,
                    854
                ],
                [
                    242,
                    888
                ],
                [
                    169,
                    888
                ]
            ],
            "text": "rofdigitali",
            "label": "I_Prop"
        },
        {
            "index": 71,
            "bbox": [
                [
                    233,
                    858
                ],
                [
                    281,
                    858
                ],
                [
                    281,
                    883
                ],
                [
                    233,
                    883
                ]
            ],
            "text": "inputs",
            "label": "I_Prop"
        },
        {
            "index": 72,
            "bbox": [
                [
                    598,
                    856
                ],
                [
                    623,
                    856
                ],
                [
                    623,
                    883
                ],
                [
                    598,
                    883
                ]
            ],
            "text": "0",
            "label": "Out"
        },
        {
            "index": 73,
            "bbox": [
                [
                    1082,
                    854
                ],
                [
                    1107,
                    854
                ],
                [
                    1107,
                    881
                ],
                [
                    1082,
                    881
                ]
            ],
            "text": "0",
            "label": "Out"
        },
        {
            "index": 74,
            "bbox": [
                [
                    121,
                    883
                ],
                [
                    178,
                    883
                ],
                [
                    178,
                    909
                ],
                [
                    121,
                    909
                ]
            ],
            "text": "Number",
            "label": "B_Prop"
        },
        {
            "index": 75,
            "bbox": [
                [
                    171,
                    881
                ],
                [
                    196,
                    881
                ],
                [
                    196,
                    909
                ],
                [
                    171,
                    909
                ]
            ],
            "text": "rof",
            "label": "I_Prop"
        },
        {
            "index": 76,
            "bbox": [
                [
                    187,
                    883
                ],
                [
                    239,
                    883
                ],
                [
                    239,
                    909
                ],
                [
                    187,
                    909
                ]
            ],
            "text": "fdigital",
            "label": "I_Prop"
        },
        {
            "index": 77,
            "bbox": [
                [
                    230,
                    881
                ],
                [
                    292,
                    881
                ],
                [
                    292,
                    913
                ],
                [
                    230,
                    913
                ]
            ],
            "text": "outputs",
            "label": "I_Prop"
        },
        {
            "index": 78,
            "bbox": [
                [
                    603,
                    886
                ],
                [
                    621,
                    886
                ],
                [
                    621,
                    906
                ],
                [
                    603,
                    906
                ]
            ],
            "text": "0",
            "label": "Out"
        },
        {
            "index": 79,
            "bbox": [
                [
                    1085,
                    881
                ],
                [
                    1107,
                    881
                ],
                [
                    1107,
                    904
                ],
                [
                    1085,
                    904
                ]
            ],
            "text": "0",
            "label": "Out"
        },
        {
            "index": 80,
            "bbox": [
                [
                    121,
                    909
                ],
                [
                    180,
                    909
                ],
                [
                    180,
                    931
                ],
                [
                    121,
                    931
                ]
            ],
            "text": "Number",
            "label": "B_Prop"
        },
        {
            "index": 81,
            "bbox": [
                [
                    171,
                    906
                ],
                [
                    237,
                    906
                ],
                [
                    237,
                    938
                ],
                [
                    171,
                    938
                ]
            ],
            "text": "rofpulse",
            "label": "I_Prop"
        },
        {
            "index": 82,
            "bbox": [
                [
                    228,
                    911
                ],
                [
                    283,
                    911
                ],
                [
                    283,
                    936
                ],
                [
                    228,
                    936
                ]
            ],
            "text": "outputs",
            "label": "I_Prop"
        },
        {
            "index": 83,
            "bbox": [
                [
                    603,
                    909
                ],
                [
                    621,
                    909
                ],
                [
                    621,
                    931
                ],
                [
                    603,
                    931
                ]
            ],
            "text": "2",
            "label": "Out"
        },
        {
            "index": 84,
            "bbox": [
                [
                    1087,
                    906
                ],
                [
                    1105,
                    906
                ],
                [
                    1105,
                    927
                ],
                [
                    1087,
                    927
                ]
            ],
            "text": "2",
            "label": "Out"
        },
        {
            "index": 85,
            "bbox": [
                [
                    121,
                    931
                ],
                [
                    246,
                    931
                ],
                [
                    246,
                    961
                ],
                [
                    121,
                    961
                ]
            ],
            "text": "Current-measuring",
            "label": "B_Prop"
        },
        {
            "index": 86,
            "bbox": [
                [
                    239,
                    934
                ],
                [
                    303,
                    934
                ],
                [
                    303,
                    959
                ],
                [
                    239,
                    959
                ]
            ],
            "text": "channels",
            "label": "I_Prop"
        },
        {
            "index": 87,
            "bbox": [
                [
                    605,
                    936
                ],
                [
                    619,
                    936
                ],
                [
                    619,
                    954
                ],
                [
                    605,
                    954
                ]
            ],
            "text": "1",
            "label": "Out"
        },
        {
            "index": 88,
            "bbox": [
                [
                    121,
                    957
                ],
                [
                    162,
                    957
                ],
                [
                    162,
                    984
                ],
                [
                    121,
                    984
                ]
            ],
            "text": "Max.",
            "label": "B_Prop"
        },
        {
            "index": 89,
            "bbox": [
                [
                    155,
                    959
                ],
                [
                    210,
                    959
                ],
                [
                    210,
                    984
                ],
                [
                    155,
                    984
                ]
            ],
            "text": "current",
            "label": "I_Prop"
        },
        {
            "index": 90,
            "bbox": [
                [
                    603,
                    959
                ],
                [
                    667,
                    959
                ],
                [
                    667,
                    982
                ],
                [
                    603,
                    982
                ]
            ],
            "text": "5000A",
            "label": "Out"
        },
        {
            "index": 91,
            "bbox": [
                [
                    1082,
                    954
                ],
                [
                    1133,
                    954
                ],
                [
                    1133,
                    979
                ],
                [
                    1082,
                    979
                ]
            ],
            "text": "45A",
            "label": "Out"
        },
        {
            "index": 92,
            "bbox": [
                [
                    121,
                    984
                ],
                [
                    185,
                    984
                ],
                [
                    185,
                    1009
                ],
                [
                    121,
                    1009
                ]
            ],
            "text": "Interface",
            "label": "B_Prop"
        },
        {
            "index": 93,
            "bbox": [
                [
                    603,
                    984
                ],
                [
                    657,
                    984
                ],
                [
                    657,
                    1009
                ],
                [
                    603,
                    1009
                ]
            ],
            "text": "RS485",
            "label": "Out"
        },
        {
            "index": 94,
            "bbox": [
                [
                    1085,
                    979
                ],
                [
                    1142,
                    979
                ],
                [
                    1142,
                    1005
                ],
                [
                    1085,
                    1005
                ]
            ],
            "text": "RS485",
            "label": "Out"
        },
        {
            "index": 95,
            "bbox": [
                [
                    121,
                    1007
                ],
                [
                    182,
                    1007
                ],
                [
                    182,
                    1032
                ],
                [
                    121,
                    1032
                ]
            ],
            "text": "Protocol",
            "label": "B_Prop"
        },
        {
            "index": 96,
            "bbox": [
                [
                    603,
                    1009
                ],
                [
                    664,
                    1009
                ],
                [
                    664,
                    1032
                ],
                [
                    603,
                    1032
                ]
            ],
            "text": "Modbus",
            "label": "Out"
        },
        {
            "index": 97,
            "bbox": [
                [
                    657,
                    1007
                ],
                [
                    694,
                    1007
                ],
                [
                    694,
                    1034
                ],
                [
                    657,
                    1034
                ]
            ],
            "text": "RTU",
            "label": "Out"
        },
        {
            "index": 98,
            "bbox": [
                [
                    1085,
                    1005
                ],
                [
                    1149,
                    1005
                ],
                [
                    1149,
                    1030
                ],
                [
                    1085,
                    1030
                ]
            ],
            "text": "Modbus",
            "label": "Out"
        },
        {
            "index": 99,
            "bbox": [
                [
                    1142,
                    1005
                ],
                [
                    1178,
                    1005
                ],
                [
                    1178,
                    1030
                ],
                [
                    1142,
                    1030
                ]
            ],
            "text": "RTU",
            "label": "Out"
        },
        {
            "index": 100,
            "bbox": [
                [
                    116,
                    1034
                ],
                [
                    164,
                    1034
                ],
                [
                    164,
                    1062
                ],
                [
                    116,
                    1062
                ]
            ],
            "text": "Note",
            "label": "Out"
        },
        {
            "index": 101,
            "bbox": [
                [
                    114,
                    1103
                ],
                [
                    203,
                    1103
                ],
                [
                    203,
                    1137
                ],
                [
                    114,
                    1137
                ]
            ],
            "text": "Ordering",
            "label": "Out"
        },
        {
            "index": 102,
            "bbox": [
                [
                    198,
                    1100
                ],
                [
                    251,
                    1100
                ],
                [
                    251,
                    1135
                ],
                [
                    198,
                    1135
                ]
            ],
            "text": "data",
            "label": "Out"
        },
        {
            "index": 103,
            "bbox": [
                [
                    598,
                    1132
                ],
                [
                    651,
                    1132
                ],
                [
                    651,
                    1167
                ],
                [
                    598,
                    1167
                ]
            ],
            "text": "Type",
            "label": "Out"
        },
        {
            "index": 104,
            "bbox": [
                [
                    877,
                    1135
                ],
                [
                    916,
                    1135
                ],
                [
                    916,
                    1164
                ],
                [
                    877,
                    1164
                ]
            ],
            "text": "Qty.",
            "label": "Out"
        },
        {
            "index": 105,
            "bbox": [
                [
                    938,
                    1137
                ],
                [
                    986,
                    1137
                ],
                [
                    986,
                    1162
                ],
                [
                    938,
                    1162
                ]
            ],
            "text": "Order",
            "label": "Out"
        },
        {
            "index": 106,
            "bbox": [
                [
                    980,
                    1135
                ],
                [
                    1014,
                    1135
                ],
                [
                    1014,
                    1162
                ],
                [
                    980,
                    1162
                ]
            ],
            "text": "No.",
            "label": "Out"
        },
        {
            "index": 107,
            "bbox": [
                [
                    1085,
                    1130
                ],
                [
                    1130,
                    1130
                ],
                [
                    1130,
                    1158
                ],
                [
                    1085,
                    1158
                ]
            ],
            "text": "Type",
            "label": "Out"
        },
        {
            "index": 108,
            "bbox": [
                [
                    1361,
                    1132
                ],
                [
                    1400,
                    1132
                ],
                [
                    1400,
                    1160
                ],
                [
                    1361,
                    1160
                ]
            ],
            "text": "Qty.",
            "label": "Out"
        },
        {
            "index": 109,
            "bbox": [
                [
                    1423,
                    1132
                ],
                [
                    1471,
                    1132
                ],
                [
                    1471,
                    1158
                ],
                [
                    1423,
                    1158
                ]
            ],
            "text": "Order",
            "label": "Out"
        },
        {
            "index": 110,
            "bbox": [
                [
                    1462,
                    1132
                ],
                [
                    1496,
                    1132
                ],
                [
                    1496,
                    1158
                ],
                [
                    1462,
                    1158
                ]
            ],
            "text": "No.",
            "label": "Out"
        },
        {
            "index": 111,
            "bbox": [
                [
                    600,
                    1158
                ],
                [
                    715,
                    1158
                ],
                [
                    715,
                    1187
                ],
                [
                    600,
                    1187
                ]
            ],
            "text": "EM110-RTU-2P",
            "label": "Out"
        },
        {
            "index": 112,
            "bbox": [
                [
                    936,
                    1158
                ],
                [
                    1041,
                    1158
                ],
                [
                    1041,
                    1187
                ],
                [
                    936,
                    1187
                ]
            ],
            "text": "7760051002",
            "label": "Out"
        },
        {
            "index": 113,
            "bbox": [
                [
                    1082,
                    1153
                ],
                [
                    1197,
                    1153
                ],
                [
                    1197,
                    1183
                ],
                [
                    1082,
                    1183
                ]
            ],
            "text": "EM111-RTU-2P",
            "label": "Out"
        },
        {
            "index": 114,
            "bbox": [
                [
                    1382,
                    1160
                ],
                [
                    1398,
                    1160
                ],
                [
                    1398,
                    1176
                ],
                [
                    1382,
                    1176
                ]
            ],
            "text": "1",
            "label": "Out"
        },
        {
            "index": 115,
            "bbox": [
                [
                    1423,
                    1158
                ],
                [
                    1521,
                    1158
                ],
                [
                    1521,
                    1180
                ],
                [
                    1423,
                    1180
                ]
            ],
            "text": "7760051001",
            "label": "Out"
        },
        {
            "index": 116,
            "bbox": [
                [
                    121,
                    1185
                ],
                [
                    164,
                    1185
                ],
                [
                    164,
                    1210
                ],
                [
                    121,
                    1210
                ]
            ],
            "text": "Note",
            "label": "Out"
        },
        {
            "index": 117,
            "bbox": [
                [
                    57,
                    2256
                ],
                [
                    91,
                    2256
                ],
                [
                    91,
                    2281
                ],
                [
                    57,
                    2281
                ]
            ],
            "text": "B.8",
            "label": "Out"
        },
        {
            "index": 118,
            "bbox": [
                [
                    112,
                    2252
                ],
                [
                    244,
                    2252
                ],
                [
                    244,
                    2281
                ],
                [
                    112,
                    2281
                ]
            ],
            "text": "Weidmuller",
            "label": "Out"
        },
        {
            "index": 119,
            "bbox": [
                [
                    239,
                    2252
                ],
                [
                    271,
                    2252
                ],
                [
                    271,
                    2279
                ],
                [
                    239,
                    2279
                ]
            ],
            "text": "3E",
            "label": "Out"
        },
        {
            "index": 120,
            "bbox": [
                [
                    1432,
                    2254
                ],
                [
                    1541,
                    2254
                ],
                [
                    1541,
                    2284
                ],
                [
                    1432,
                    2284
                ]
            ],
            "text": "3043800000",
            "label": "Out"
        }
    ]
}