{
    "datasheet": [
        {
            "index": 0,
            "bbox": [
                [
                    1295,
                    57
                ],
                [
                    1366,
                    57
                ],
                [
                    1366,
                    91
                ],
                [
                    1295,
                    91
                ]
            ],
            "text": "Energy",
            "label": "Out"
        },
        {
            "index": 1,
            "bbox": [
                [
                    1361,
                    57
                ],
                [
                    1432,
                    57
                ],
                [
                    1432,
                    89
                ],
                [
                    1361,
                    89
                ]
            ],
            "text": "Meter",
            "label": "Out"
        },
        {
            "index": 2,
            "bbox": [
                [
                    1441,
                    57
                ],
                [
                    1539,
                    57
                ],
                [
                    1539,
                    89
                ],
                [
                    1441,
                    89
                ]
            ],
            "text": "Basicline",
            "label": "Out"
        },
        {
            "index": 3,
            "bbox": [
                [
                    114,
                    216
                ],
                [
                    187,
                    216
                ],
                [
                    187,
                    251
                ],
                [
                    114,
                    251
                ]
            ],
            "text": "Energy",
            "label": "Out"
        },
        {
            "index": 4,
            "bbox": [
                [
                    182,
                    216
                ],
                [
                    258,
                    216
                ],
                [
                    258,
                    248
                ],
                [
                    182,
                    248
                ]
            ],
            "text": "meters",
            "label": "Out"
        },
        {
            "index": 5,
            "bbox": [
                [
                    253,
                    219
                ],
                [
                    287,
                    219
                ],
                [
                    287,
                    246
                ],
                [
                    253,
                    246
                ]
            ],
            "text": "for",
            "label": "Out"
        },
        {
            "index": 6,
            "bbox": [
                [
                    285,
                    219
                ],
                [
                    326,
                    219
                ],
                [
                    326,
                    246
                ],
                [
                    285,
                    246
                ]
            ],
            "text": "DIN",
            "label": "Out"
        },
        {
            "index": 7,
            "bbox": [
                [
                    324,
                    219
                ],
                [
                    363,
                    219
                ],
                [
                    363,
                    246
                ],
                [
                    324,
                    246
                ]
            ],
            "text": "rail",
            "label": "Out"
        },
        {
            "index": 8,
            "bbox": [
                [
                    361,
                    219
                ],
                [
                    456,
                    219
                ],
                [
                    456,
                    251
                ],
                [
                    361,
                    251
                ]
            ],
            "text": "mounting",
            "label": "Out"
        },
        {
            "index": 9,
            "bbox": [
                [
                    596,
                    219
                ],
                [
                    749,
                    219
                ],
                [
                    749,
                    248
                ],
                [
                    596,
                    248
                ]
            ],
            "text": "EM120-RTU-2P",
            "label": "Out"
        },
        {
            "index": 10,
            "bbox": [
                [
                    1080,
                    219
                ],
                [
                    1233,
                    219
                ],
                [
                    1233,
                    248
                ],
                [
                    1080,
                    248
                ]
            ],
            "text": "EM122-RTU-2P",
            "label": "Out"
        },
        {
            "index": 11,
            "bbox": [
                [
                    776,
                    415
                ],
                [
                    817,
                    415
                ],
                [
                    817,
                    438
                ],
                [
                    776,
                    438
                ]
            ],
            "text": "0000",
            "label": "Out"
        },
        {
            "index": 12,
            "bbox": [
                [
                    776,
                    429
                ],
                [
                    820,
                    429
                ],
                [
                    820,
                    454
                ],
                [
                    776,
                    454
                ]
            ],
            "text": "1192",
            "label": "Out"
        },
        {
            "index": 13,
            "bbox": [
                [
                    1245,
                    413
                ],
                [
                    1302,
                    413
                ],
                [
                    1302,
                    454
                ],
                [
                    1245,
                    454
                ]
            ],
            "text": "2999",
            "label": "Out"
        },
        {
            "index": 14,
            "bbox": [
                [
                    112,
                    573
                ],
                [
                    210,
                    573
                ],
                [
                    210,
                    605
                ],
                [
                    112,
                    605
                ]
            ],
            "text": "Technical",
            "label": "Out"
        },
        {
            "index": 15,
            "bbox": [
                [
                    205,
                    575
                ],
                [
                    255,
                    575
                ],
                [
                    255,
                    603
                ],
                [
                    205,
                    603
                ]
            ],
            "text": "data",
            "label": "Out"
        },
        {
            "index": 16,
            "bbox": [
                [
                    118,
                    630
                ],
                [
                    219,
                    630
                ],
                [
                    219,
                    660
                ],
                [
                    118,
                    660
                ]
            ],
            "text": "Measurement",
            "label": "Out"
        },
        {
            "index": 17,
            "bbox": [
                [
                    210,
                    635
                ],
                [
                    258,
                    635
                ],
                [
                    258,
                    660
                ],
                [
                    210,
                    660
                ]
            ],
            "text": "range,",
            "label": "Out"
        },
        {
            "index": 18,
            "bbox": [
                [
                    253,
                    635
                ],
                [
                    308,
                    635
                ],
                [
                    308,
                    660
                ],
                [
                    253,
                    660
                ]
            ],
            "text": "voltage",
            "label": "Out"
        },
        {
            "index": 19,
            "bbox": [
                [
                    301,
                    630
                ],
                [
                    363,
                    630
                ],
                [
                    363,
                    662
                ],
                [
                    301,
                    662
                ]
            ],
            "text": "L-N,AC",
            "label": "Out"
        },
        {
            "index": 20,
            "bbox": [
                [
                    600,
                    630
                ],
                [
                    694,
                    630
                ],
                [
                    694,
                    660
                ],
                [
                    600,
                    660
                ]
            ],
            "text": "138..276V",
            "label": "Out"
        },
        {
            "index": 21,
            "bbox": [
                [
                    1087,
                    630
                ],
                [
                    1171,
                    630
                ],
                [
                    1171,
                    653
                ],
                [
                    1087,
                    653
                ]
            ],
            "text": "176...276V",
            "label": "Out"
        },
        {
            "index": 22,
            "bbox": [
                [
                    121,
                    660
                ],
                [
                    217,
                    660
                ],
                [
                    217,
                    682
                ],
                [
                    121,
                    682
                ]
            ],
            "text": "Measurement",
            "label": "Out"
        },
        {
            "index": 23,
            "bbox": [
                [
                    210,
                    662
                ],
                [
                    260,
                    662
                ],
                [
                    260,
                    687
                ],
                [
                    210,
                    687
                ]
            ],
            "text": "range,",
            "label": "Out"
        },
        {
            "index": 24,
            "bbox": [
                [
                    253,
                    660
                ],
                [
                    308,
                    660
                ],
                [
                    308,
                    685
                ],
                [
                    253,
                    685
                ]
            ],
            "text": "voltage",
            "label": "Out"
        },
        {
            "index": 25,
            "bbox": [
                [
                    303,
                    657
                ],
                [
                    356,
                    657
                ],
                [
                    356,
                    682
                ],
                [
                    303,
                    682
                ]
            ],
            "text": "L-L,AC",
            "label": "Out"
        },
        {
            "index": 26,
            "bbox": [
                [
                    598,
                    655
                ],
                [
                    692,
                    655
                ],
                [
                    692,
                    685
                ],
                [
                    598,
                    685
                ]
            ],
            "text": "240..480V",
            "label": "Out"
        },
        {
            "index": 27,
            "bbox": [
                [
                    1085,
                    655
                ],
                [
                    1171,
                    655
                ],
                [
                    1171,
                    678
                ],
                [
                    1085,
                    678
                ]
            ],
            "text": "240..480V",
            "label": "Out"
        },
        {
            "index": 28,
            "bbox": [
                [
                    121,
                    685
                ],
                [
                    166,
                    685
                ],
                [
                    166,
                    710
                ],
                [
                    121,
                    710
                ]
            ],
            "text": "Surge",
            "label": "Out"
        },
        {
            "index": 29,
            "bbox": [
                [
                    162,
                    680
                ],
                [
                    219,
                    680
                ],
                [
                    219,
                    712
                ],
                [
                    162,
                    712
                ]
            ],
            "text": "voltage",
            "label": "Out"
        },
        {
            "index": 30,
            "bbox": [
                [
                    212,
                    685
                ],
                [
                    274,
                    685
                ],
                [
                    274,
                    710
                ],
                [
                    212,
                    710
                ]
            ],
            "text": "category",
            "label": "Out"
        },
        {
            "index": 31,
            "bbox": [
                [
                    598,
                    682
                ],
                [
                    625,
                    682
                ],
                [
                    625,
                    710
                ],
                [
                    598,
                    710
                ]
            ],
            "text": "III",
            "label": "Out"
        },
        {
            "index": 32,
            "bbox": [
                [
                    1082,
                    678
                ],
                [
                    1110,
                    678
                ],
                [
                    1110,
                    705
                ],
                [
                    1082,
                    705
                ]
            ],
            "text": "III",
            "label": "Out"
        },
        {
            "index": 33,
            "bbox": [
                [
                    118,
                    705
                ],
                [
                    178,
                    705
                ],
                [
                    178,
                    737
                ],
                [
                    118,
                    737
                ]
            ],
            "text": "Voltage",
            "label": "Out"
        },
        {
            "index": 34,
            "bbox": [
                [
                    171,
                    710
                ],
                [
                    221,
                    710
                ],
                [
                    221,
                    735
                ],
                [
                    171,
                    735
                ]
            ],
            "text": "supply",
            "label": "Out"
        },
        {
            "index": 35,
            "bbox": [
                [
                    598,
                    705
                ],
                [
                    705,
                    705
                ],
                [
                    705,
                    735
                ],
                [
                    598,
                    735
                ]
            ],
            "text": "85...275VAC",
            "label": "Out"
        },
        {
            "index": 36,
            "bbox": [
                [
                    121,
                    733
                ],
                [
                    196,
                    733
                ],
                [
                    196,
                    758
                ],
                [
                    121,
                    758
                ]
            ],
            "text": "Three-wire",
            "label": "Out"
        },
        {
            "index": 37,
            "bbox": [
                [
                    191,
                    735
                ],
                [
                    246,
                    735
                ],
                [
                    246,
                    760
                ],
                [
                    191,
                    760
                ]
            ],
            "text": "system",
            "label": "Out"
        },
        {
            "index": 38,
            "bbox": [
                [
                    600,
                    733
                ],
                [
                    637,
                    733
                ],
                [
                    637,
                    760
                ],
                [
                    600,
                    760
                ]
            ],
            "text": "Yes",
            "label": "Out"
        },
        {
            "index": 39,
            "bbox": [
                [
                    1085,
                    728
                ],
                [
                    1121,
                    728
                ],
                [
                    1121,
                    756
                ],
                [
                    1085,
                    756
                ]
            ],
            "text": "Yes",
            "label": "Out"
        },
        {
            "index": 40,
            "bbox": [
                [
                    121,
                    758
                ],
                [
                    189,
                    758
                ],
                [
                    189,
                    783
                ],
                [
                    121,
                    783
                ]
            ],
            "text": "Four-wire",
            "label": "Out"
        },
        {
            "index": 41,
            "bbox": [
                [
                    182,
                    760
                ],
                [
                    237,
                    760
                ],
                [
                    237,
                    785
                ],
                [
                    182,
                    785
                ]
            ],
            "text": "system",
            "label": "Out"
        },
        {
            "index": 42,
            "bbox": [
                [
                    598,
                    758
                ],
                [
                    639,
                    758
                ],
                [
                    639,
                    783
                ],
                [
                    598,
                    783
                ]
            ],
            "text": "Yes",
            "label": "Out"
        },
        {
            "index": 43,
            "bbox": [
                [
                    1085,
                    753
                ],
                [
                    1121,
                    753
                ],
                [
                    1121,
                    778
                ],
                [
                    1085,
                    778
                ]
            ],
            "text": "Yes",
            "label": "Out"
        },
        {
            "index": 44,
            "bbox": [
                [
                    118,
                    781
                ],
                [
                    198,
                    781
                ],
                [
                    198,
                    813
                ],
                [
                    118,
                    813
                ]
            ],
            "text": "Measuring",
            "label": "Out"
        },
        {
            "index": 45,
            "bbox": [
                [
                    191,
                    785
                ],
                [
                    258,
                    785
                ],
                [
                    258,
                    810
                ],
                [
                    191,
                    810
                ]
            ],
            "text": "accuracy",
            "label": "Out"
        },
        {
            "index": 46,
            "bbox": [
                [
                    251,
                    783
                ],
                [
                    278,
                    783
                ],
                [
                    278,
                    810
                ],
                [
                    251,
                    810
                ]
            ],
            "text": "for",
            "label": "Out"
        },
        {
            "index": 47,
            "bbox": [
                [
                    271,
                    781
                ],
                [
                    329,
                    781
                ],
                [
                    329,
                    813
                ],
                [
                    271,
                    813
                ]
            ],
            "text": "voltage",
            "label": "Out"
        },
        {
            "index": 48,
            "bbox": [
                [
                    600,
                    783
                ],
                [
                    651,
                    783
                ],
                [
                    651,
                    808
                ],
                [
                    600,
                    808
                ]
            ],
            "text": "0.5%",
            "label": "Out"
        },
        {
            "index": 49,
            "bbox": [
                [
                    1082,
                    778
                ],
                [
                    1135,
                    778
                ],
                [
                    1135,
                    804
                ],
                [
                    1082,
                    804
                ]
            ],
            "text": "0.5%",
            "label": "Out"
        },
        {
            "index": 50,
            "bbox": [
                [
                    123,
                    808
                ],
                [
                    198,
                    808
                ],
                [
                    198,
                    833
                ],
                [
                    123,
                    833
                ]
            ],
            "text": "Measuring",
            "label": "Out"
        },
        {
            "index": 51,
            "bbox": [
                [
                    191,
                    810
                ],
                [
                    255,
                    810
                ],
                [
                    255,
                    836
                ],
                [
                    191,
                    836
                ]
            ],
            "text": "accuracy",
            "label": "Out"
        },
        {
            "index": 52,
            "bbox": [
                [
                    251,
                    808
                ],
                [
                    281,
                    808
                ],
                [
                    281,
                    833
                ],
                [
                    251,
                    833
                ]
            ],
            "text": "for",
            "label": "Out"
        },
        {
            "index": 53,
            "bbox": [
                [
                    271,
                    810
                ],
                [
                    326,
                    810
                ],
                [
                    326,
                    833
                ],
                [
                    271,
                    833
                ]
            ],
            "text": "current",
            "label": "Out"
        },
        {
            "index": 54,
            "bbox": [
                [
                    600,
                    808
                ],
                [
                    653,
                    808
                ],
                [
                    653,
                    833
                ],
                [
                    600,
                    833
                ]
            ],
            "text": "0.5%",
            "label": "Out"
        },
        {
            "index": 55,
            "bbox": [
                [
                    1082,
                    804
                ],
                [
                    1135,
                    804
                ],
                [
                    1135,
                    829
                ],
                [
                    1082,
                    829
                ]
            ],
            "text": "0.5%",
            "label": "Out"
        },
        {
            "index": 56,
            "bbox": [
                [
                    121,
                    833
                ],
                [
                    217,
                    833
                ],
                [
                    217,
                    856
                ],
                [
                    121,
                    856
                ]
            ],
            "text": "Measurement",
            "label": "Out"
        },
        {
            "index": 57,
            "bbox": [
                [
                    212,
                    836
                ],
                [
                    276,
                    836
                ],
                [
                    276,
                    858
                ],
                [
                    212,
                    858
                ]
            ],
            "text": "accuracy",
            "label": "Out"
        },
        {
            "index": 58,
            "bbox": [
                [
                    269,
                    831
                ],
                [
                    299,
                    831
                ],
                [
                    299,
                    858
                ],
                [
                    269,
                    858
                ]
            ],
            "text": "for",
            "label": "Out"
        },
        {
            "index": 59,
            "bbox": [
                [
                    292,
                    833
                ],
                [
                    340,
                    833
                ],
                [
                    340,
                    858
                ],
                [
                    292,
                    858
                ]
            ],
            "text": "active",
            "label": "Out"
        },
        {
            "index": 60,
            "bbox": [
                [
                    333,
                    836
                ],
                [
                    386,
                    836
                ],
                [
                    386,
                    861
                ],
                [
                    333,
                    861
                ]
            ],
            "text": "energy",
            "label": "Out"
        },
        {
            "index": 61,
            "bbox": [
                [
                    377,
                    831
                ],
                [
                    466,
                    831
                ],
                [
                    466,
                    861
                ],
                [
                    377,
                    861
                ]
            ],
            "text": "(kWh,/5A)",
            "label": "Out"
        },
        {
            "index": 62,
            "bbox": [
                [
                    600,
                    833
                ],
                [
                    671,
                    833
                ],
                [
                    671,
                    858
                ],
                [
                    600,
                    858
                ]
            ],
            "text": "Class0.5",
            "label": "Out"
        },
        {
            "index": 63,
            "bbox": [
                [
                    1085,
                    829
                ],
                [
                    1155,
                    829
                ],
                [
                    1155,
                    854
                ],
                [
                    1085,
                    854
                ]
            ],
            "text": "Class0.5",
            "label": "Out"
        },
        {
            "index": 64,
            "bbox": [
                [
                    121,
                    858
                ],
                [
                    180,
                    858
                ],
                [
                    180,
                    883
                ],
                [
                    121,
                    883
                ]
            ],
            "text": "Number",
            "label": "Out"
        },
        {
            "index": 65,
            "bbox": [
                [
                    169,
                    854
                ],
                [
                    242,
                    854
                ],
                [
                    242,
                    888
                ],
                [
                    169,
                    888
                ]
            ],
            "text": "rofdigitali",
            "label": "Out"
        },
        {
            "index": 66,
            "bbox": [
                [
                    233,
                    858
                ],
                [
                    281,
                    858
                ],
                [
                    281,
                    883
                ],
                [
                    233,
                    883
                ]
            ],
            "text": "inputs",
            "label": "Out"
        },
        {
            "index": 67,
            "bbox": [
                [
                    600,
                    861
                ],
                [
                    623,
                    861
                ],
                [
                    623,
                    883
                ],
                [
                    600,
                    883
                ]
            ],
            "text": "0",
            "label": "Out"
        },
        {
            "index": 68,
            "bbox": [
                [
                    1082,
                    854
                ],
                [
                    1107,
                    854
                ],
                [
                    1107,
                    881
                ],
                [
                    1082,
                    881
                ]
            ],
            "text": "0",
            "label": "Out"
        },
        {
            "index": 69,
            "bbox": [
                [
                    121,
                    883
                ],
                [
                    178,
                    883
                ],
                [
                    178,
                    909
                ],
                [
                    121,
                    909
                ]
            ],
            "text": "Number",
            "label": "Out"
        },
        {
            "index": 70,
            "bbox": [
                [
                    171,
                    881
                ],
                [
                    196,
                    881
                ],
                [
                    196,
                    909
                ],
                [
                    171,
                    909
                ]
            ],
            "text": "rof",
            "label": "Out"
        },
        {
            "index": 71,
            "bbox": [
                [
                    187,
                    883
                ],
                [
                    239,
                    883
                ],
                [
                    239,
                    909
                ],
                [
                    187,
                    909
                ]
            ],
            "text": "fdigital",
            "label": "Out"
        },
        {
            "index": 72,
            "bbox": [
                [
                    230,
                    881
                ],
                [
                    292,
                    881
                ],
                [
                    292,
                    913
                ],
                [
                    230,
                    913
                ]
            ],
            "text": "outputs",
            "label": "Out"
        },
        {
            "index": 73,
            "bbox": [
                [
                    603,
                    886
                ],
                [
                    621,
                    886
                ],
                [
                    621,
                    906
                ],
                [
                    603,
                    906
                ]
            ],
            "text": "0",
            "label": "Out"
        },
        {
            "index": 74,
            "bbox": [
                [
                    1085,
                    881
                ],
                [
                    1107,
                    881
                ],
                [
                    1107,
                    904
                ],
                [
                    1085,
                    904
                ]
            ],
            "text": "0",
            "label": "Out"
        },
        {
            "index": 75,
            "bbox": [
                [
                    121,
                    909
                ],
                [
                    180,
                    909
                ],
                [
                    180,
                    931
                ],
                [
                    121,
                    931
                ]
            ],
            "text": "Number",
            "label": "Out"
        },
        {
            "index": 76,
            "bbox": [
                [
                    171,
                    906
                ],
                [
                    237,
                    906
                ],
                [
                    237,
                    938
                ],
                [
                    171,
                    938
                ]
            ],
            "text": "rofpulse",
            "label": "Out"
        },
        {
            "index": 77,
            "bbox": [
                [
                    228,
                    911
                ],
                [
                    283,
                    911
                ],
                [
                    283,
                    936
                ],
                [
                    228,
                    936
                ]
            ],
            "text": "outputs",
            "label": "Out"
        },
        {
            "index": 78,
            "bbox": [
                [
                    603,
                    911
                ],
                [
                    621,
                    911
                ],
                [
                    621,
                    931
                ],
                [
                    603,
                    931
                ]
            ],
            "text": "2",
            "label": "Out"
        },
        {
            "index": 79,
            "bbox": [
                [
                    1087,
                    906
                ],
                [
                    1105,
                    906
                ],
                [
                    1105,
                    927
                ],
                [
                    1087,
                    927
                ]
            ],
            "text": "2",
            "label": "Out"
        },
        {
            "index": 80,
            "bbox": [
                [
                    121,
                    931
                ],
                [
                    246,
                    931
                ],
                [
                    246,
                    961
                ],
                [
                    121,
                    961
                ]
            ],
            "text": "Current-measuring",
            "label": "Out"
        },
        {
            "index": 81,
            "bbox": [
                [
                    239,
                    934
                ],
                [
                    303,
                    934
                ],
                [
                    303,
                    959
                ],
                [
                    239,
                    959
                ]
            ],
            "text": "channels",
            "label": "Out"
        },
        {
            "index": 82,
            "bbox": [
                [
                    603,
                    934
                ],
                [
                    621,
                    934
                ],
                [
                    621,
                    957
                ],
                [
                    603,
                    957
                ]
            ],
            "text": "3",
            "label": "Out"
        },
        {
            "index": 83,
            "bbox": [
                [
                    1087,
                    931
                ],
                [
                    1105,
                    931
                ],
                [
                    1105,
                    952
                ],
                [
                    1087,
                    952
                ]
            ],
            "text": "3",
            "label": "Out"
        },
        {
            "index": 84,
            "bbox": [
                [
                    121,
                    957
                ],
                [
                    162,
                    957
                ],
                [
                    162,
                    984
                ],
                [
                    121,
                    984
                ]
            ],
            "text": "Max.",
            "label": "Out"
        },
        {
            "index": 85,
            "bbox": [
                [
                    155,
                    959
                ],
                [
                    210,
                    959
                ],
                [
                    210,
                    984
                ],
                [
                    155,
                    984
                ]
            ],
            "text": "current",
            "label": "Out"
        },
        {
            "index": 86,
            "bbox": [
                [
                    603,
                    959
                ],
                [
                    667,
                    959
                ],
                [
                    667,
                    982
                ],
                [
                    603,
                    982
                ]
            ],
            "text": "5000A",
            "label": "Out"
        },
        {
            "index": 87,
            "bbox": [
                [
                    1087,
                    954
                ],
                [
                    1139,
                    954
                ],
                [
                    1139,
                    979
                ],
                [
                    1087,
                    979
                ]
            ],
            "text": "100A",
            "label": "Out"
        },
        {
            "index": 88,
            "bbox": [
                [
                    121,
                    984
                ],
                [
                    185,
                    984
                ],
                [
                    185,
                    1009
                ],
                [
                    121,
                    1009
                ]
            ],
            "text": "Interface",
            "label": "Out"
        },
        {
            "index": 89,
            "bbox": [
                [
                    603,
                    984
                ],
                [
                    657,
                    984
                ],
                [
                    657,
                    1009
                ],
                [
                    603,
                    1009
                ]
            ],
            "text": "RS485",
            "label": "Out"
        },
        {
            "index": 90,
            "bbox": [
                [
                    1085,
                    979
                ],
                [
                    1142,
                    979
                ],
                [
                    1142,
                    1005
                ],
                [
                    1085,
                    1005
                ]
            ],
            "text": "RS485",
            "label": "Out"
        },
        {
            "index": 91,
            "bbox": [
                [
                    121,
                    1007
                ],
                [
                    182,
                    1007
                ],
                [
                    182,
                    1032
                ],
                [
                    121,
                    1032
                ]
            ],
            "text": "Protocol",
            "label": "Out"
        },
        {
            "index": 92,
            "bbox": [
                [
                    605,
                    1009
                ],
                [
                    664,
                    1009
                ],
                [
                    664,
                    1032
                ],
                [
                    605,
                    1032
                ]
            ],
            "text": "Modbus",
            "label": "Out"
        },
        {
            "index": 93,
            "bbox": [
                [
                    657,
                    1007
                ],
                [
                    694,
                    1007
                ],
                [
                    694,
                    1034
                ],
                [
                    657,
                    1034
                ]
            ],
            "text": "RTU",
            "label": "Out"
        },
        {
            "index": 94,
            "bbox": [
                [
                    1085,
                    1005
                ],
                [
                    1149,
                    1005
                ],
                [
                    1149,
                    1030
                ],
                [
                    1085,
                    1030
                ]
            ],
            "text": "Modbus",
            "label": "Out"
        },
        {
            "index": 95,
            "bbox": [
                [
                    1142,
                    1005
                ],
                [
                    1178,
                    1005
                ],
                [
                    1178,
                    1030
                ],
                [
                    1142,
                    1030
                ]
            ],
            "text": "RTU",
            "label": "Out"
        },
        {
            "index": 96,
            "bbox": [
                [
                    116,
                    1034
                ],
                [
                    164,
                    1034
                ],
                [
                    164,
                    1062
                ],
                [
                    116,
                    1062
                ]
            ],
            "text": "Note",
            "label": "Out"
        },
        {
            "index": 97,
            "bbox": [
                [
                    114,
                    1103
                ],
                [
                    203,
                    1103
                ],
                [
                    203,
                    1137
                ],
                [
                    114,
                    1137
                ]
            ],
            "text": "Ordering",
            "label": "Out"
        },
        {
            "index": 98,
            "bbox": [
                [
                    198,
                    1100
                ],
                [
                    251,
                    1100
                ],
                [
                    251,
                    1135
                ],
                [
                    198,
                    1135
                ]
            ],
            "text": "data",
            "label": "Out"
        },
        {
            "index": 99,
            "bbox": [
                [
                    598,
                    1132
                ],
                [
                    651,
                    1132
                ],
                [
                    651,
                    1167
                ],
                [
                    598,
                    1167
                ]
            ],
            "text": "Type",
            "label": "Out"
        },
        {
            "index": 100,
            "bbox": [
                [
                    877,
                    1135
                ],
                [
                    916,
                    1135
                ],
                [
                    916,
                    1164
                ],
                [
                    877,
                    1164
                ]
            ],
            "text": "Qty.",
            "label": "Out"
        },
        {
            "index": 101,
            "bbox": [
                [
                    938,
                    1137
                ],
                [
                    986,
                    1137
                ],
                [
                    986,
                    1162
                ],
                [
                    938,
                    1162
                ]
            ],
            "text": "Order",
            "label": "Out"
        },
        {
            "index": 102,
            "bbox": [
                [
                    980,
                    1135
                ],
                [
                    1014,
                    1135
                ],
                [
                    1014,
                    1162
                ],
                [
                    980,
                    1162
                ]
            ],
            "text": "No.",
            "label": "Out"
        },
        {
            "index": 103,
            "bbox": [
                [
                    1085,
                    1130
                ],
                [
                    1130,
                    1130
                ],
                [
                    1130,
                    1158
                ],
                [
                    1085,
                    1158
                ]
            ],
            "text": "Type",
            "label": "Out"
        },
        {
            "index": 104,
            "bbox": [
                [
                    1361,
                    1132
                ],
                [
                    1400,
                    1132
                ],
                [
                    1400,
                    1160
                ],
                [
                    1361,
                    1160
                ]
            ],
            "text": "Qty.",
            "label": "Out"
        },
        {
            "index": 105,
            "bbox": [
                [
                    1423,
                    1132
                ],
                [
                    1471,
                    1132
                ],
                [
                    1471,
                    1158
                ],
                [
                    1423,
                    1158
                ]
            ],
            "text": "Order",
            "label": "Out"
        },
        {
            "index": 106,
            "bbox": [
                [
                    1462,
                    1132
                ],
                [
                    1496,
                    1132
                ],
                [
                    1496,
                    1158
                ],
                [
                    1462,
                    1158
                ]
            ],
            "text": "No.",
            "label": "Out"
        },
        {
            "index": 107,
            "bbox": [
                [
                    600,
                    1158
                ],
                [
                    715,
                    1158
                ],
                [
                    715,
                    1187
                ],
                [
                    600,
                    1187
                ]
            ],
            "text": "EM120-RTU-2P",
            "label": "Out"
        },
        {
            "index": 108,
            "bbox": [
                [
                    936,
                    1158
                ],
                [
                    1041,
                    1158
                ],
                [
                    1041,
                    1187
                ],
                [
                    936,
                    1187
                ]
            ],
            "text": "7760051004",
            "label": "Out"
        },
        {
            "index": 109,
            "bbox": [
                [
                    1082,
                    1153
                ],
                [
                    1197,
                    1153
                ],
                [
                    1197,
                    1183
                ],
                [
                    1082,
                    1183
                ]
            ],
            "text": "EM122-RTU-2P",
            "label": "Out"
        },
        {
            "index": 110,
            "bbox": [
                [
                    1382,
                    1160
                ],
                [
                    1398,
                    1160
                ],
                [
                    1398,
                    1176
                ],
                [
                    1382,
                    1176
                ]
            ],
            "text": "1",
            "label": "Out"
        },
        {
            "index": 111,
            "bbox": [
                [
                    1423,
                    1158
                ],
                [
                    1523,
                    1158
                ],
                [
                    1523,
                    1180
                ],
                [
                    1423,
                    1180
                ]
            ],
            "text": "7760051003",
            "label": "Out"
        },
        {
            "index": 112,
            "bbox": [
                [
                    121,
                    1185
                ],
                [
                    164,
                    1185
                ],
                [
                    164,
                    1210
                ],
                [
                    121,
                    1210
                ]
            ],
            "text": "Note",
            "label": "Out"
        },
        {
            "index": 113,
            "bbox": [
                [
                    112,
                    2254
                ],
                [
                    221,
                    2254
                ],
                [
                    221,
                    2284
                ],
                [
                    112,
                    2284
                ]
            ],
            "text": "3043800000",
            "label": "Out"
        },
        {
            "index": 114,
            "bbox": [
                [
                    1382,
                    2252
                ],
                [
                    1514,
                    2252
                ],
                [
                    1514,
                    2281
                ],
                [
                    1382,
                    2281
                ]
            ],
            "text": "Weidmiiller",
            "label": "Out"
        },
        {
            "index": 115,
            "bbox": [
                [
                    1507,
                    2252
                ],
                [
                    1541,
                    2252
                ],
                [
                    1541,
                    2281
                ],
                [
                    1507,
                    2281
                ]
            ],
            "text": "3E",
            "label": "Out"
        },
        {
            "index": 116,
            "bbox": [
                [
                    1564,
                    2256
                ],
                [
                    1596,
                    2256
                ],
                [
                    1596,
                    2281
                ],
                [
                    1564,
                    2281
                ]
            ],
            "text": "B.9",
            "label": "Out"
        }
    ]
}