{
    "datasheet": [
        {
            "index": 0,
            "bbox": [
                [
                    114,
                    59
                ],
                [
                    187,
                    59
                ],
                [
                    187,
                    91
                ],
                [
                    114,
                    91
                ]
            ],
            "text": "Energy",
            "label": "Out"
        },
        {
            "index": 1,
            "bbox": [
                [
                    182,
                    57
                ],
                [
                    251,
                    57
                ],
                [
                    251,
                    89
                ],
                [
                    182,
                    89
                ]
            ],
            "text": "Meter",
            "label": "Out"
        },
        {
            "index": 2,
            "bbox": [
                [
                    260,
                    57
                ],
                [
                    358,
                    57
                ],
                [
                    358,
                    89
                ],
                [
                    260,
                    89
                ]
            ],
            "text": "Basicline",
            "label": "Out"
        },
        {
            "index": 3,
            "bbox": [
                [
                    114,
                    216
                ],
                [
                    187,
                    216
                ],
                [
                    187,
                    251
                ],
                [
                    114,
                    251
                ]
            ],
            "text": "Energy",
            "label": "Out"
        },
        {
            "index": 4,
            "bbox": [
                [
                    180,
                    216
                ],
                [
                    258,
                    216
                ],
                [
                    258,
                    248
                ],
                [
                    180,
                    248
                ]
            ],
            "text": "meters",
            "label": "Out"
        },
        {
            "index": 5,
            "bbox": [
                [
                    251,
                    214
                ],
                [
                    303,
                    214
                ],
                [
                    303,
                    248
                ],
                [
                    251,
                    248
                ]
            ],
            "text": "MID",
            "label": "Out"
        },
        {
            "index": 6,
            "bbox": [
                [
                    596,
                    219
                ],
                [
                    795,
                    219
                ],
                [
                    795,
                    248
                ],
                [
                    596,
                    248
                ]
            ],
            "text": "EM122-RTU-2P-MID",
            "label": "Out"
        },
        {
            "index": 7,
            "bbox": [
                [
                    781,
                    420
                ],
                [
                    799,
                    420
                ],
                [
                    799,
                    433
                ],
                [
                    781,
                    433
                ]
            ],
            "text": "JOU",
            "label": "Out"
        },
        {
            "index": 8,
            "bbox": [
                [
                    781,
                    433
                ],
                [
                    811,
                    433
                ],
                [
                    811,
                    449
                ],
                [
                    781,
                    449
                ]
            ],
            "text": "192",
            "label": "Out"
        },
        {
            "index": 9,
            "bbox": [
                [
                    112,
                    573
                ],
                [
                    210,
                    573
                ],
                [
                    210,
                    605
                ],
                [
                    112,
                    605
                ]
            ],
            "text": "Technical",
            "label": "Out"
        },
        {
            "index": 10,
            "bbox": [
                [
                    205,
                    575
                ],
                [
                    255,
                    575
                ],
                [
                    255,
                    603
                ],
                [
                    205,
                    603
                ]
            ],
            "text": "data",
            "label": "Out"
        },
        {
            "index": 11,
            "bbox": [
                [
                    25,
                    593
                ],
                [
                    54,
                    593
                ],
                [
                    54,
                    635
                ],
                [
                    25,
                    635
                ]
            ],
            "text": "B",
            "label": "Out"
        },
        {
            "index": 12,
            "bbox": [
                [
                    118,
                    630
                ],
                [
                    219,
                    630
                ],
                [
                    219,
                    660
                ],
                [
                    118,
                    660
                ]
            ],
            "text": "Measurement",
            "label": "Out"
        },
        {
            "index": 13,
            "bbox": [
                [
                    210,
                    635
                ],
                [
                    258,
                    635
                ],
                [
                    258,
                    660
                ],
                [
                    210,
                    660
                ]
            ],
            "text": "range,",
            "label": "Out"
        },
        {
            "index": 14,
            "bbox": [
                [
                    253,
                    635
                ],
                [
                    308,
                    635
                ],
                [
                    308,
                    660
                ],
                [
                    253,
                    660
                ]
            ],
            "text": "voltage",
            "label": "Out"
        },
        {
            "index": 15,
            "bbox": [
                [
                    301,
                    630
                ],
                [
                    363,
                    630
                ],
                [
                    363,
                    662
                ],
                [
                    301,
                    662
                ]
            ],
            "text": "L-N,AC",
            "label": "Out"
        },
        {
            "index": 16,
            "bbox": [
                [
                    600,
                    632
                ],
                [
                    678,
                    632
                ],
                [
                    678,
                    657
                ],
                [
                    600,
                    657
                ]
            ],
            "text": "3x230V",
            "label": "Out"
        },
        {
            "index": 17,
            "bbox": [
                [
                    121,
                    660
                ],
                [
                    217,
                    660
                ],
                [
                    217,
                    682
                ],
                [
                    121,
                    682
                ]
            ],
            "text": "Measurement",
            "label": "Out"
        },
        {
            "index": 18,
            "bbox": [
                [
                    210,
                    662
                ],
                [
                    260,
                    662
                ],
                [
                    260,
                    687
                ],
                [
                    210,
                    687
                ]
            ],
            "text": "range,",
            "label": "Out"
        },
        {
            "index": 19,
            "bbox": [
                [
                    253,
                    660
                ],
                [
                    308,
                    660
                ],
                [
                    308,
                    685
                ],
                [
                    253,
                    685
                ]
            ],
            "text": "voltage",
            "label": "Out"
        },
        {
            "index": 20,
            "bbox": [
                [
                    303,
                    657
                ],
                [
                    356,
                    657
                ],
                [
                    356,
                    682
                ],
                [
                    303,
                    682
                ]
            ],
            "text": "L-L,AC",
            "label": "Out"
        },
        {
            "index": 21,
            "bbox": [
                [
                    598,
                    657
                ],
                [
                    653,
                    657
                ],
                [
                    653,
                    682
                ],
                [
                    598,
                    682
                ]
            ],
            "text": "400V",
            "label": "Out"
        },
        {
            "index": 22,
            "bbox": [
                [
                    121,
                    685
                ],
                [
                    166,
                    685
                ],
                [
                    166,
                    710
                ],
                [
                    121,
                    710
                ]
            ],
            "text": "Surge",
            "label": "Out"
        },
        {
            "index": 23,
            "bbox": [
                [
                    162,
                    680
                ],
                [
                    219,
                    680
                ],
                [
                    219,
                    712
                ],
                [
                    162,
                    712
                ]
            ],
            "text": "voltage",
            "label": "Out"
        },
        {
            "index": 24,
            "bbox": [
                [
                    212,
                    685
                ],
                [
                    274,
                    685
                ],
                [
                    274,
                    710
                ],
                [
                    212,
                    710
                ]
            ],
            "text": "category",
            "label": "Out"
        },
        {
            "index": 25,
            "bbox": [
                [
                    603,
                    685
                ],
                [
                    625,
                    685
                ],
                [
                    625,
                    708
                ],
                [
                    603,
                    708
                ]
            ],
            "text": "III",
            "label": "Out"
        },
        {
            "index": 26,
            "bbox": [
                [
                    121,
                    705
                ],
                [
                    178,
                    705
                ],
                [
                    178,
                    737
                ],
                [
                    121,
                    737
                ]
            ],
            "text": "Voltage",
            "label": "Out"
        },
        {
            "index": 27,
            "bbox": [
                [
                    171,
                    710
                ],
                [
                    221,
                    710
                ],
                [
                    221,
                    735
                ],
                [
                    171,
                    735
                ]
            ],
            "text": "supply",
            "label": "Out"
        },
        {
            "index": 28,
            "bbox": [
                [
                    123,
                    733
                ],
                [
                    196,
                    733
                ],
                [
                    196,
                    758
                ],
                [
                    123,
                    758
                ]
            ],
            "text": "Three-wire",
            "label": "Out"
        },
        {
            "index": 29,
            "bbox": [
                [
                    191,
                    735
                ],
                [
                    246,
                    735
                ],
                [
                    246,
                    760
                ],
                [
                    191,
                    760
                ]
            ],
            "text": "system",
            "label": "Out"
        },
        {
            "index": 30,
            "bbox": [
                [
                    600,
                    733
                ],
                [
                    637,
                    733
                ],
                [
                    637,
                    758
                ],
                [
                    600,
                    758
                ]
            ],
            "text": "Yes",
            "label": "Out"
        },
        {
            "index": 31,
            "bbox": [
                [
                    121,
                    758
                ],
                [
                    189,
                    758
                ],
                [
                    189,
                    783
                ],
                [
                    121,
                    783
                ]
            ],
            "text": "Four-wire",
            "label": "Out"
        },
        {
            "index": 32,
            "bbox": [
                [
                    182,
                    760
                ],
                [
                    237,
                    760
                ],
                [
                    237,
                    785
                ],
                [
                    182,
                    785
                ]
            ],
            "text": "system",
            "label": "Out"
        },
        {
            "index": 33,
            "bbox": [
                [
                    600,
                    758
                ],
                [
                    639,
                    758
                ],
                [
                    639,
                    783
                ],
                [
                    600,
                    783
                ]
            ],
            "text": "Yes",
            "label": "Out"
        },
        {
            "index": 34,
            "bbox": [
                [
                    121,
                    781
                ],
                [
                    198,
                    781
                ],
                [
                    198,
                    813
                ],
                [
                    121,
                    813
                ]
            ],
            "text": "Measuring",
            "label": "Out"
        },
        {
            "index": 35,
            "bbox": [
                [
                    191,
                    785
                ],
                [
                    258,
                    785
                ],
                [
                    258,
                    810
                ],
                [
                    191,
                    810
                ]
            ],
            "text": "accuracy",
            "label": "Out"
        },
        {
            "index": 36,
            "bbox": [
                [
                    251,
                    783
                ],
                [
                    278,
                    783
                ],
                [
                    278,
                    810
                ],
                [
                    251,
                    810
                ]
            ],
            "text": "for",
            "label": "Out"
        },
        {
            "index": 37,
            "bbox": [
                [
                    271,
                    781
                ],
                [
                    329,
                    781
                ],
                [
                    329,
                    813
                ],
                [
                    271,
                    813
                ]
            ],
            "text": "voltage",
            "label": "Out"
        },
        {
            "index": 38,
            "bbox": [
                [
                    600,
                    783
                ],
                [
                    651,
                    783
                ],
                [
                    651,
                    808
                ],
                [
                    600,
                    808
                ]
            ],
            "text": "0.5%",
            "label": "Out"
        },
        {
            "index": 39,
            "bbox": [
                [
                    123,
                    808
                ],
                [
                    198,
                    808
                ],
                [
                    198,
                    833
                ],
                [
                    123,
                    833
                ]
            ],
            "text": "Measuring",
            "label": "Out"
        },
        {
            "index": 40,
            "bbox": [
                [
                    191,
                    810
                ],
                [
                    255,
                    810
                ],
                [
                    255,
                    836
                ],
                [
                    191,
                    836
                ]
            ],
            "text": "accuracy",
            "label": "Out"
        },
        {
            "index": 41,
            "bbox": [
                [
                    251,
                    808
                ],
                [
                    281,
                    808
                ],
                [
                    281,
                    833
                ],
                [
                    251,
                    833
                ]
            ],
            "text": "for",
            "label": "Out"
        },
        {
            "index": 42,
            "bbox": [
                [
                    271,
                    810
                ],
                [
                    326,
                    810
                ],
                [
                    326,
                    833
                ],
                [
                    271,
                    833
                ]
            ],
            "text": "current",
            "label": "Out"
        },
        {
            "index": 43,
            "bbox": [
                [
                    600,
                    808
                ],
                [
                    653,
                    808
                ],
                [
                    653,
                    833
                ],
                [
                    600,
                    833
                ]
            ],
            "text": "0.5%",
            "label": "Out"
        },
        {
            "index": 44,
            "bbox": [
                [
                    121,
                    833
                ],
                [
                    217,
                    833
                ],
                [
                    217,
                    856
                ],
                [
                    121,
                    856
                ]
            ],
            "text": "Measurement",
            "label": "Out"
        },
        {
            "index": 45,
            "bbox": [
                [
                    212,
                    836
                ],
                [
                    276,
                    836
                ],
                [
                    276,
                    858
                ],
                [
                    212,
                    858
                ]
            ],
            "text": "accuracy",
            "label": "Out"
        },
        {
            "index": 46,
            "bbox": [
                [
                    269,
                    831
                ],
                [
                    299,
                    831
                ],
                [
                    299,
                    858
                ],
                [
                    269,
                    858
                ]
            ],
            "text": "for",
            "label": "Out"
        },
        {
            "index": 47,
            "bbox": [
                [
                    292,
                    833
                ],
                [
                    340,
                    833
                ],
                [
                    340,
                    858
                ],
                [
                    292,
                    858
                ]
            ],
            "text": "active",
            "label": "Out"
        },
        {
            "index": 48,
            "bbox": [
                [
                    333,
                    836
                ],
                [
                    386,
                    836
                ],
                [
                    386,
                    861
                ],
                [
                    333,
                    861
                ]
            ],
            "text": "energy",
            "label": "Out"
        },
        {
            "index": 49,
            "bbox": [
                [
                    377,
                    831
                ],
                [
                    466,
                    831
                ],
                [
                    466,
                    861
                ],
                [
                    377,
                    861
                ]
            ],
            "text": "(kWh,/5A)",
            "label": "Out"
        },
        {
            "index": 50,
            "bbox": [
                [
                    121,
                    858
                ],
                [
                    180,
                    858
                ],
                [
                    180,
                    883
                ],
                [
                    121,
                    883
                ]
            ],
            "text": "Number",
            "label": "Out"
        },
        {
            "index": 51,
            "bbox": [
                [
                    169,
                    854
                ],
                [
                    242,
                    854
                ],
                [
                    242,
                    888
                ],
                [
                    169,
                    888
                ]
            ],
            "text": "rofdigitali",
            "label": "Out"
        },
        {
            "index": 52,
            "bbox": [
                [
                    233,
                    858
                ],
                [
                    281,
                    858
                ],
                [
                    281,
                    883
                ],
                [
                    233,
                    883
                ]
            ],
            "text": "inputs",
            "label": "Out"
        },
        {
            "index": 53,
            "bbox": [
                [
                    603,
                    861
                ],
                [
                    621,
                    861
                ],
                [
                    621,
                    881
                ],
                [
                    603,
                    881
                ]
            ],
            "text": "0",
            "label": "Out"
        },
        {
            "index": 54,
            "bbox": [
                [
                    121,
                    883
                ],
                [
                    178,
                    883
                ],
                [
                    178,
                    909
                ],
                [
                    121,
                    909
                ]
            ],
            "text": "Number",
            "label": "Out"
        },
        {
            "index": 55,
            "bbox": [
                [
                    171,
                    881
                ],
                [
                    196,
                    881
                ],
                [
                    196,
                    909
                ],
                [
                    171,
                    909
                ]
            ],
            "text": "rof",
            "label": "Out"
        },
        {
            "index": 56,
            "bbox": [
                [
                    187,
                    883
                ],
                [
                    239,
                    883
                ],
                [
                    239,
                    909
                ],
                [
                    187,
                    909
                ]
            ],
            "text": "fdigital",
            "label": "Out"
        },
        {
            "index": 57,
            "bbox": [
                [
                    230,
                    881
                ],
                [
                    292,
                    881
                ],
                [
                    292,
                    913
                ],
                [
                    230,
                    913
                ]
            ],
            "text": "outputs",
            "label": "Out"
        },
        {
            "index": 58,
            "bbox": [
                [
                    603,
                    886
                ],
                [
                    621,
                    886
                ],
                [
                    621,
                    906
                ],
                [
                    603,
                    906
                ]
            ],
            "text": "0",
            "label": "Out"
        },
        {
            "index": 59,
            "bbox": [
                [
                    121,
                    909
                ],
                [
                    180,
                    909
                ],
                [
                    180,
                    931
                ],
                [
                    121,
                    931
                ]
            ],
            "text": "Number",
            "label": "Out"
        },
        {
            "index": 60,
            "bbox": [
                [
                    171,
                    906
                ],
                [
                    237,
                    906
                ],
                [
                    237,
                    938
                ],
                [
                    171,
                    938
                ]
            ],
            "text": "rofpulse",
            "label": "Out"
        },
        {
            "index": 61,
            "bbox": [
                [
                    228,
                    911
                ],
                [
                    283,
                    911
                ],
                [
                    283,
                    936
                ],
                [
                    228,
                    936
                ]
            ],
            "text": "outputs",
            "label": "Out"
        },
        {
            "index": 62,
            "bbox": [
                [
                    603,
                    911
                ],
                [
                    621,
                    911
                ],
                [
                    621,
                    929
                ],
                [
                    603,
                    929
                ]
            ],
            "text": "2",
            "label": "Out"
        },
        {
            "index": 63,
            "bbox": [
                [
                    121,
                    931
                ],
                [
                    246,
                    931
                ],
                [
                    246,
                    961
                ],
                [
                    121,
                    961
                ]
            ],
            "text": "Current-measuring",
            "label": "Out"
        },
        {
            "index": 64,
            "bbox": [
                [
                    239,
                    934
                ],
                [
                    303,
                    934
                ],
                [
                    303,
                    959
                ],
                [
                    239,
                    959
                ]
            ],
            "text": "channels",
            "label": "Out"
        },
        {
            "index": 65,
            "bbox": [
                [
                    603,
                    934
                ],
                [
                    621,
                    934
                ],
                [
                    621,
                    954
                ],
                [
                    603,
                    954
                ]
            ],
            "text": "3",
            "label": "Out"
        },
        {
            "index": 66,
            "bbox": [
                [
                    121,
                    957
                ],
                [
                    162,
                    957
                ],
                [
                    162,
                    984
                ],
                [
                    121,
                    984
                ]
            ],
            "text": "Max.",
            "label": "Out"
        },
        {
            "index": 67,
            "bbox": [
                [
                    155,
                    959
                ],
                [
                    210,
                    959
                ],
                [
                    210,
                    984
                ],
                [
                    155,
                    984
                ]
            ],
            "text": "current",
            "label": "Out"
        },
        {
            "index": 68,
            "bbox": [
                [
                    603,
                    959
                ],
                [
                    657,
                    959
                ],
                [
                    657,
                    982
                ],
                [
                    603,
                    982
                ]
            ],
            "text": "100A",
            "label": "Out"
        },
        {
            "index": 69,
            "bbox": [
                [
                    121,
                    984
                ],
                [
                    185,
                    984
                ],
                [
                    185,
                    1009
                ],
                [
                    121,
                    1009
                ]
            ],
            "text": "Interface",
            "label": "Out"
        },
        {
            "index": 70,
            "bbox": [
                [
                    603,
                    984
                ],
                [
                    657,
                    984
                ],
                [
                    657,
                    1009
                ],
                [
                    603,
                    1009
                ]
            ],
            "text": "RS485",
            "label": "Out"
        },
        {
            "index": 71,
            "bbox": [
                [
                    121,
                    1007
                ],
                [
                    182,
                    1007
                ],
                [
                    182,
                    1032
                ],
                [
                    121,
                    1032
                ]
            ],
            "text": "Protocol",
            "label": "Out"
        },
        {
            "index": 72,
            "bbox": [
                [
                    605,
                    1009
                ],
                [
                    664,
                    1009
                ],
                [
                    664,
                    1032
                ],
                [
                    605,
                    1032
                ]
            ],
            "text": "Modbus",
            "label": "Out"
        },
        {
            "index": 73,
            "bbox": [
                [
                    657,
                    1007
                ],
                [
                    694,
                    1007
                ],
                [
                    694,
                    1034
                ],
                [
                    657,
                    1034
                ]
            ],
            "text": "RTU",
            "label": "Out"
        },
        {
            "index": 74,
            "bbox": [
                [
                    116,
                    1034
                ],
                [
                    164,
                    1034
                ],
                [
                    164,
                    1062
                ],
                [
                    116,
                    1062
                ]
            ],
            "text": "Note",
            "label": "Out"
        },
        {
            "index": 75,
            "bbox": [
                [
                    114,
                    1103
                ],
                [
                    203,
                    1103
                ],
                [
                    203,
                    1137
                ],
                [
                    114,
                    1137
                ]
            ],
            "text": "Ordering",
            "label": "Out"
        },
        {
            "index": 76,
            "bbox": [
                [
                    198,
                    1100
                ],
                [
                    251,
                    1100
                ],
                [
                    251,
                    1135
                ],
                [
                    198,
                    1135
                ]
            ],
            "text": "data",
            "label": "Out"
        },
        {
            "index": 77,
            "bbox": [
                [
                    598,
                    1132
                ],
                [
                    651,
                    1132
                ],
                [
                    651,
                    1167
                ],
                [
                    598,
                    1167
                ]
            ],
            "text": "Type",
            "label": "Out"
        },
        {
            "index": 78,
            "bbox": [
                [
                    877,
                    1135
                ],
                [
                    916,
                    1135
                ],
                [
                    916,
                    1164
                ],
                [
                    877,
                    1164
                ]
            ],
            "text": "Qty.",
            "label": "Out"
        },
        {
            "index": 79,
            "bbox": [
                [
                    938,
                    1137
                ],
                [
                    986,
                    1137
                ],
                [
                    986,
                    1162
                ],
                [
                    938,
                    1162
                ]
            ],
            "text": "Order",
            "label": "Out"
        },
        {
            "index": 80,
            "bbox": [
                [
                    980,
                    1135
                ],
                [
                    1014,
                    1135
                ],
                [
                    1014,
                    1162
                ],
                [
                    980,
                    1162
                ]
            ],
            "text": "No.",
            "label": "Out"
        },
        {
            "index": 81,
            "bbox": [
                [
                    600,
                    1158
                ],
                [
                    742,
                    1158
                ],
                [
                    742,
                    1187
                ],
                [
                    600,
                    1187
                ]
            ],
            "text": "EM122-RTU-2P-MID",
            "label": "Out"
        },
        {
            "index": 82,
            "bbox": [
                [
                    936,
                    1158
                ],
                [
                    1041,
                    1158
                ],
                [
                    1041,
                    1187
                ],
                [
                    936,
                    1187
                ]
            ],
            "text": "3099210000",
            "label": "Out"
        },
        {
            "index": 83,
            "bbox": [
                [
                    121,
                    1185
                ],
                [
                    164,
                    1185
                ],
                [
                    164,
                    1210
                ],
                [
                    121,
                    1210
                ]
            ],
            "text": "Note",
            "label": "Out"
        },
        {
            "index": 84,
            "bbox": [
                [
                    48,
                    2256
                ],
                [
                    91,
                    2256
                ],
                [
                    91,
                    2281
                ],
                [
                    48,
                    2281
                ]
            ],
            "text": "B.12",
            "label": "Out"
        },
        {
            "index": 85,
            "bbox": [
                [
                    112,
                    2252
                ],
                [
                    244,
                    2252
                ],
                [
                    244,
                    2281
                ],
                [
                    112,
                    2281
                ]
            ],
            "text": "Weidmuller",
            "label": "Out"
        },
        {
            "index": 86,
            "bbox": [
                [
                    239,
                    2252
                ],
                [
                    271,
                    2252
                ],
                [
                    271,
                    2279
                ],
                [
                    239,
                    2279
                ]
            ],
            "text": "3E",
            "label": "Out"
        },
        {
            "index": 87,
            "bbox": [
                [
                    1432,
                    2254
                ],
                [
                    1541,
                    2254
                ],
                [
                    1541,
                    2284
                ],
                [
                    1432,
                    2284
                ]
            ],
            "text": "3043800000",
            "label": "Out"
        }
    ]
}