{
    "datasheet": [
        {
            "index": 0,
            "bbox": [
                [
                    114,
                    621
                ],
                [
                    114,
                    646
                ],
                [
                    262,
                    646
                ],
                [
                    262,
                    621
                ]
            ],
            "text": "SV/S 30.320.2.1",
            "label": "B_Ref"
        },
        {
            "index": 1,
            "bbox": [
                [
                    112,
                    1002
                ],
                [
                    112,
                    1034
                ],
                [
                    269,
                    1034
                ],
                [
                    269,
                    1002
                ]
            ],
            "text": "SV/S 30.640.5.1",
            "label": "B_Ref"
        },
        {
            "index": 2,
            "bbox": [
                [
                    112,
                    1436
                ],
                [
                    112,
                    1468
                ],
                [
                    262,
                    1468
                ],
                [
                    262,
                    1436
                ]
            ],
            "text": "SU/S 30.640.2",
            "label": "B_Ref"
        },
        {
            "index": 3,
            "bbox": [
                [
                    112,
                    1900
                ],
                [
                    112,
                    1932
                ],
                [
                    214,
                    1932
                ],
                [
                    214,
                    1900
                ]
            ],
            "text": "AM/S 12.1",
            "label": "B_Ref"
        },
        {
            "index": 4,
            "bbox": [
                [
                    477,
                    395
                ],
                [
                    477,
                    429
                ],
                [
                    1028,
                    429
                ],
                [
                    1028,
                    395
                ]
            ],
            "text": "Power Supply with Diagnostics, 320 mA, MDRC",
            "label": "B_Section"
        },
        {
            "index": 5,
            "bbox": [
                [
                    479,
                    776
                ],
                [
                    479,
                    810
                ],
                [
                    1032,
                    810
                ],
                [
                    1032,
                    776
                ]
            ],
            "text": "Power Supply with Diagnostics, 640 mA, MDRC",
            "label": "B_Section"
        },
        {
            "index": 6,
            "bbox": [
                [
                    479,
                    1194
                ],
                [
                    479,
                    1228
                ],
                [
                    1071,
                    1228
                ],
                [
                    1071,
                    1194
                ]
            ],
            "text": "Uninterruptible KNX Power Supply, 640 mA, MDRC",
            "label": "B_Section"
        },
        {
            "index": 7,
            "bbox": [
                [
                    479,
                    1678
                ],
                [
                    479,
                    1713
                ],
                [
                    847,
                    1713
                ],
                [
                    847,
                    1678
                ]
            ],
            "text": "Battery Module, 12 VI DC, MDRC",
            "label": "B_Section"
        },
        {
            "index": 8,
            "bbox": [
                [
                    477,
                    427
                ],
                [
                    477,
                    525
                ],
                [
                    1516,
                    525
                ],
                [
                    1516,
                    427
                ]
            ],
            "text": "Compact Power Supply with integrated choke. Quick diagnostics by LED display and ETS communication objects. Analysis of the operating state and the bus line possible by means of ABB i-buse Tool.",
            "label": "B_Descri"
        },
        {
            "index": 9,
            "bbox": [
                [
                    479,
                    810
                ],
                [
                    479,
                    845
                ],
                [
                    669,
                    845
                ],
                [
                    669,
                    810
                ]
            ],
            "text": "Power Compact",
            "label": "B_Descri"
        },
        {
            "index": 10,
            "bbox": [
                [
                    664,
                    813
                ],
                [
                    751,
                    813
                ],
                [
                    751,
                    845
                ],
                [
                    664,
                    845
                ]
            ],
            "text": "Supply",
            "label": "I_Descri"
        },
        {
            "index": 11,
            "bbox": [
                [
                    744,
                    810
                ],
                [
                    808,
                    810
                ],
                [
                    808,
                    842
                ],
                [
                    744,
                    842
                ]
            ],
            "text": "with",
            "label": "I_Descri"
        },
        {
            "index": 12,
            "bbox": [
                [
                    804,
                    813
                ],
                [
                    932,
                    813
                ],
                [
                    932,
                    845
                ],
                [
                    804,
                    845
                ]
            ],
            "text": "integrated",
            "label": "I_Descri"
        },
        {
            "index": 13,
            "bbox": [
                [
                    929,
                    810
                ],
                [
                    1014,
                    810
                ],
                [
                    1014,
                    842
                ],
                [
                    929,
                    842
                ]
            ],
            "text": "choke.",
            "label": "I_Descri"
        },
        {
            "index": 14,
            "bbox": [
                [
                    1012,
                    815
                ],
                [
                    1082,
                    815
                ],
                [
                    1082,
                    840
                ],
                [
                    1012,
                    840
                ]
            ],
            "text": "Quick",
            "label": "I_Descri"
        },
        {
            "index": 15,
            "bbox": [
                [
                    1082,
                    813
                ],
                [
                    1222,
                    813
                ],
                [
                    1222,
                    845
                ],
                [
                    1082,
                    845
                ]
            ],
            "text": "diagnostics",
            "label": "I_Descri"
        },
        {
            "index": 16,
            "bbox": [
                [
                    1222,
                    813
                ],
                [
                    1256,
                    813
                ],
                [
                    1256,
                    845
                ],
                [
                    1222,
                    845
                ]
            ],
            "text": "by",
            "label": "I_Descri"
        },
        {
            "index": 17,
            "bbox": [
                [
                    1254,
                    815
                ],
                [
                    1304,
                    815
                ],
                [
                    1304,
                    840
                ],
                [
                    1254,
                    840
                ]
            ],
            "text": "LED",
            "label": "I_Descri"
        },
        {
            "index": 18,
            "bbox": [
                [
                    1304,
                    813
                ],
                [
                    1391,
                    813
                ],
                [
                    1391,
                    845
                ],
                [
                    1304,
                    845
                ]
            ],
            "text": "display",
            "label": "I_Descri"
        },
        {
            "index": 19,
            "bbox": [
                [
                    1391,
                    813
                ],
                [
                    1439,
                    813
                ],
                [
                    1439,
                    840
                ],
                [
                    1391,
                    840
                ]
            ],
            "text": "and",
            "label": "I_Descri"
        },
        {
            "index": 20,
            "bbox": [
                [
                    1439,
                    815
                ],
                [
                    1489,
                    815
                ],
                [
                    1489,
                    840
                ],
                [
                    1439,
                    840
                ]
            ],
            "text": "ETS",
            "label": "I_Descri"
        },
        {
            "index": 21,
            "bbox": [
                [
                    477,
                    845
                ],
                [
                    664,
                    845
                ],
                [
                    664,
                    874
                ],
                [
                    477,
                    874
                ]
            ],
            "text": "communication",
            "label": "I_Descri"
        },
        {
            "index": 22,
            "bbox": [
                [
                    662,
                    847
                ],
                [
                    763,
                    847
                ],
                [
                    763,
                    877
                ],
                [
                    662,
                    877
                ]
            ],
            "text": "objects.",
            "label": "I_Descri"
        },
        {
            "index": 23,
            "bbox": [
                [
                    758,
                    847
                ],
                [
                    861,
                    847
                ],
                [
                    861,
                    877
                ],
                [
                    758,
                    877
                ]
            ],
            "text": "Analysis",
            "label": "I_Descri"
        },
        {
            "index": 24,
            "bbox": [
                [
                    858,
                    845
                ],
                [
                    893,
                    845
                ],
                [
                    893,
                    874
                ],
                [
                    858,
                    874
                ]
            ],
            "text": "of",
            "label": "I_Descri"
        },
        {
            "index": 25,
            "bbox": [
                [
                    888,
                    847
                ],
                [
                    934,
                    847
                ],
                [
                    934,
                    874
                ],
                [
                    888,
                    874
                ]
            ],
            "text": "the",
            "label": "I_Descri"
        },
        {
            "index": 26,
            "bbox": [
                [
                    932,
                    847
                ],
                [
                    1050,
                    847
                ],
                [
                    1050,
                    879
                ],
                [
                    932,
                    879
                ]
            ],
            "text": "operating",
            "label": "I_Descri"
        },
        {
            "index": 27,
            "bbox": [
                [
                    1050,
                    849
                ],
                [
                    1117,
                    849
                ],
                [
                    1117,
                    874
                ],
                [
                    1050,
                    874
                ]
            ],
            "text": "state",
            "label": "I_Descri"
        },
        {
            "index": 28,
            "bbox": [
                [
                    1114,
                    847
                ],
                [
                    1165,
                    847
                ],
                [
                    1165,
                    872
                ],
                [
                    1114,
                    872
                ]
            ],
            "text": "and",
            "label": "I_Descri"
        },
        {
            "index": 29,
            "bbox": [
                [
                    1162,
                    847
                ],
                [
                    1208,
                    847
                ],
                [
                    1208,
                    872
                ],
                [
                    1162,
                    872
                ]
            ],
            "text": "the",
            "label": "I_Descri"
        },
        {
            "index": 30,
            "bbox": [
                [
                    1206,
                    847
                ],
                [
                    1254,
                    847
                ],
                [
                    1254,
                    874
                ],
                [
                    1206,
                    874
                ]
            ],
            "text": "bus",
            "label": "I_Descri"
        },
        {
            "index": 31,
            "bbox": [
                [
                    1254,
                    847
                ],
                [
                    1302,
                    847
                ],
                [
                    1302,
                    874
                ],
                [
                    1254,
                    874
                ]
            ],
            "text": "line",
            "label": "I_Descri"
        },
        {
            "index": 32,
            "bbox": [
                [
                    1299,
                    847
                ],
                [
                    1402,
                    847
                ],
                [
                    1402,
                    877
                ],
                [
                    1299,
                    877
                ]
            ],
            "text": "possible",
            "label": "I_Descri"
        },
        {
            "index": 33,
            "bbox": [
                [
                    1400,
                    847
                ],
                [
                    1436,
                    847
                ],
                [
                    1436,
                    877
                ],
                [
                    1400,
                    877
                ]
            ],
            "text": "by",
            "label": "I_Descri"
        },
        {
            "index": 34,
            "bbox": [
                [
                    1432,
                    847
                ],
                [
                    1519,
                    847
                ],
                [
                    1519,
                    877
                ],
                [
                    1432,
                    877
                ]
            ],
            "text": "means",
            "label": "I_Descri"
        },
        {
            "index": 35,
            "bbox": [
                [
                    477,
                    877
                ],
                [
                    511,
                    877
                ],
                [
                    511,
                    906
                ],
                [
                    477,
                    906
                ]
            ],
            "text": "of",
            "label": "I_Descri"
        },
        {
            "index": 36,
            "bbox": [
                [
                    504,
                    877
                ],
                [
                    564,
                    877
                ],
                [
                    564,
                    909
                ],
                [
                    504,
                    909
                ]
            ],
            "text": "ABB",
            "label": "I_Descri"
        },
        {
            "index": 37,
            "bbox": [
                [
                    557,
                    877
                ],
                [
                    641,
                    877
                ],
                [
                    641,
                    909
                ],
                [
                    557,
                    909
                ]
            ],
            "text": "i-buso",
            "label": "I_Descri"
        },
        {
            "index": 38,
            "bbox": [
                [
                    635,
                    877
                ],
                [
                    703,
                    877
                ],
                [
                    703,
                    909
                ],
                [
                    635,
                    909
                ]
            ],
            "text": "Tool.",
            "label": "I_Descri"
        },
        {
            "index": 39,
            "bbox": [
                [
                    696,
                    877
                ],
                [
                    824,
                    877
                ],
                [
                    824,
                    906
                ],
                [
                    696,
                    906
                ]
            ],
            "text": "Additional",
            "label": "I_Descri"
        },
        {
            "index": 40,
            "bbox": [
                [
                    820,
                    879
                ],
                [
                    913,
                    879
                ],
                [
                    913,
                    911
                ],
                [
                    820,
                    911
                ]
            ],
            "text": "voltage",
            "label": "I_Descri"
        },
        {
            "index": 41,
            "bbox": [
                [
                    911,
                    881
                ],
                [
                    998,
                    881
                ],
                [
                    998,
                    911
                ],
                [
                    911,
                    911
                ]
            ],
            "text": "output",
            "label": "I_Descri"
        },
        {
            "index": 42,
            "bbox": [
                [
                    993,
                    881
                ],
                [
                    1030,
                    881
                ],
                [
                    1030,
                    909
                ],
                [
                    993,
                    909
                ]
            ],
            "text": "to",
            "label": "I_Descri"
        },
        {
            "index": 43,
            "bbox": [
                [
                    1025,
                    879
                ],
                [
                    1110,
                    879
                ],
                [
                    1110,
                    911
                ],
                [
                    1025,
                    911
                ]
            ],
            "text": "supply",
            "label": "I_Descri"
        },
        {
            "index": 44,
            "bbox": [
                [
                    1105,
                    881
                ],
                [
                    1142,
                    881
                ],
                [
                    1142,
                    909
                ],
                [
                    1105,
                    909
                ]
            ],
            "text": "an",
            "label": "I_Descri"
        },
        {
            "index": 45,
            "bbox": [
                [
                    1137,
                    879
                ],
                [
                    1263,
                    879
                ],
                [
                    1263,
                    909
                ],
                [
                    1137,
                    909
                ]
            ],
            "text": "additional",
            "label": "I_Descri"
        },
        {
            "index": 46,
            "bbox": [
                [
                    1263,
                    879
                ],
                [
                    1308,
                    879
                ],
                [
                    1308,
                    906
                ],
                [
                    1263,
                    906
                ]
            ],
            "text": "line",
            "label": "I_Descri"
        },
        {
            "index": 47,
            "bbox": [
                [
                    1306,
                    877
                ],
                [
                    1336,
                    877
                ],
                [
                    1336,
                    909
                ],
                [
                    1306,
                    909
                ]
            ],
            "text": "in",
            "label": "I_Descri"
        },
        {
            "index": 48,
            "bbox": [
                [
                    1334,
                    879
                ],
                [
                    1475,
                    879
                ],
                [
                    1475,
                    909
                ],
                [
                    1334,
                    909
                ]
            ],
            "text": "conjunction",
            "label": "I_Descri"
        },
        {
            "index": 49,
            "bbox": [
                [
                    1473,
                    877
                ],
                [
                    1535,
                    877
                ],
                [
                    1535,
                    909
                ],
                [
                    1473,
                    909
                ]
            ],
            "text": "with",
            "label": "I_Descri"
        },
        {
            "index": 50,
            "bbox": [
                [
                    477,
                    915
                ],
                [
                    514,
                    915
                ],
                [
                    514,
                    941
                ],
                [
                    477,
                    941
                ]
            ],
            "text": "an",
            "label": "I_Descri"
        },
        {
            "index": 51,
            "bbox": [
                [
                    511,
                    911
                ],
                [
                    637,
                    911
                ],
                [
                    637,
                    941
                ],
                [
                    511,
                    941
                ]
            ],
            "text": "additional",
            "label": "I_Descri"
        },
        {
            "index": 52,
            "bbox": [
                [
                    632,
                    911
                ],
                [
                    715,
                    911
                ],
                [
                    715,
                    943
                ],
                [
                    632,
                    943
                ]
            ],
            "text": "choke.",
            "label": "I_Descri"
        },
        {
            "index": 53,
            "bbox": [
                [
                    477,
                    1226
                ],
                [
                    477,
                    1425
                ],
                [
                    1535,
                    1425
                ],
                [
                    1535,
                    1226
                ]
            ],
            "text": "Uninterruptible power supply 640 mA with integrated choke for supplying an ABB i-buso KNX bus line, short-circuit- and overload-proof. LEDs to indicate the status of the bus current, mains voltage, and battery voltage. Wide input from 85...265 V. range AC, 50/60 Hz. The accumulator module AM/S 12.1 or up to 21 rechargeable batteries can be charged in normal operation by the voltage supply. The bus voltage is provided utilising the batteries in the event of a mains failure.",
            "label": "B_Descri"
        },
        {
            "index": 54,
            "bbox": [
                [
                    475,
                    1710
                ],
                [
                    475,
                    1809
                ],
                [
                    1500,
                    1809
                ],
                [
                    1500,
                    1710
                ]
            ],
            "text": "With lead-gel battery for use in uninterruptible power supply SU/S 30.640.2 and for main- taining the bus voltage during a mains failure for 10 minutes (at full load). Connection is made via 4-core standard cable.",
            "label": "B_Descri"
        }
    ]
}