{
    "datasheet": [
        {
            "index": 0,
            "bbox": [
                [
                    114,
                    591
                ],
                [
                    114,
                    616
                ],
                [
                    203,
                    616
                ],
                [
                    203,
                    591
                ]
            ],
            "text": "KS/K 4.1",
            "label": "B_Ref"
        },
        {
            "index": 1,
            "bbox": [
                [
                    329,
                    589
                ],
                [
                    329,
                    616
                ],
                [
                    418,
                    616
                ],
                [
                    418,
                    589
                ]
            ],
            "text": "KS/K 2.1",
            "label": "B_Ref"
        },
        {
            "index": 2,
            "bbox": [
                [
                    112,
                    1171
                ],
                [
                    112,
                    1203
                ],
                [
                    207,
                    1203
                ],
                [
                    207,
                    1171
                ]
            ],
            "text": "DR/S 4.1",
            "label": "B_Ref"
        },
        {
            "index": 3,
            "bbox": [
                [
                    114,
                    1555
                ],
                [
                    114,
                    1580
                ],
                [
                    246,
                    1580
                ],
                [
                    246,
                    1555
                ]
            ],
            "text": "NTI/Z 28.30.1",
            "label": "B_Ref"
        },
        {
            "index": 4,
            "bbox": [
                [
                    479,
                    397
                ],
                [
                    479,
                    422
                ],
                [
                    610,
                    422
                ],
                [
                    610,
                    397
                ]
            ],
            "text": "Cable Sets",
            "label": "B_Section"
        },
        {
            "index": 5,
            "bbox": [
                [
                    477,
                    911
                ],
                [
                    477,
                    943
                ],
                [
                    644,
                    943
                ],
                [
                    644,
                    911
                ]
            ],
            "text": "Choke, MDRC",
            "label": "B_Section"
        },
        {
            "index": 6,
            "bbox": [
                [
                    479,
                    1295
                ],
                [
                    479,
                    1329
                ],
                [
                    1016,
                    1329
                ],
                [
                    1016,
                    1295
                ]
            ],
            "text": "Commissioning Power Supply, 28 VI DC, 30 mA",
            "label": "B_Section"
        },
        {
            "index": 7,
            "bbox": [
                [
                    477,
                    427
                ],
                [
                    477,
                    628
                ],
                [
                    1530,
                    628
                ],
                [
                    1530,
                    427
                ]
            ],
            "text": "For connection of sealed lead gel batteries SAK7, SAK12 and SAK17 to the uninterruptible KNX SU/S 30.640.2 power supply or the uninterruptible power supply NTU/S If only one battery is connected, the basic cable with set KS/K 4.1 integrated temperature sensori is to be used. In case two batteries are connected in parallel, the basic cable set KS/K 4.1 is to be used for the first battery and the extension cable set KS/K 2.1 is to used for the second battery. Iti is not permitted to connect than batteries more two in parallel. 12.2000.1.",
            "label": "B_Descri"
        },
        {
            "index": 8,
            "bbox": [
                [
                    475,
                    945
                ],
                [
                    475,
                    1043
                ],
                [
                    1509,
                    1043
                ],
                [
                    1509,
                    945
                ]
            ],
            "text": "The device can be used together with a SV/S 30.640.5.1 or SV/S 30.640.3.1 to supply a second line. The devicel has a reset switch for isolating the bus voltage and resetting the bus devices connected to this line. Connection to ABB i-buso via Bus Connection Terminal.",
            "label": "B_Descri"
        },
        {
            "index": 9,
            "bbox": [
                [
                    477,
                    1327
                ],
                [
                    477,
                    1429
                ],
                [
                    1523,
                    1429
                ],
                [
                    1523,
                    1327
                ]
            ],
            "text": "For temporary power supply of KNX devices during commissioning. The Euroconnector and plug-in terminal provide faster connection and supply of devices with manual operation (e.g. FCC/S or SA/S).",
            "label": "B_Descri"
        }
    ]
}