{
    "datasheet": [
        {
            "index": 0,
            "bbox": [
                [
                    57,
                    43
                ],
                [
                    577,
                    43
                ],
                [
                    577,
                    129
                ],
                [
                    57,
                    129
                ]
            ],
            "text": "DINSPIRE",
            "label": "Out"
        },
        {
            "index": 1,
            "bbox": [
                [
                    1074,
                    59
                ],
                [
                    1337,
                    59
                ],
                [
                    1337,
                    124
                ],
                [
                    1074,
                    124
                ]
            ],
            "text": "Designer",
            "label": "Out"
        },
        {
            "index": 2,
            "bbox": [
                [
                    1359,
                    59
                ],
                [
                    1513,
                    59
                ],
                [
                    1513,
                    111
                ],
                [
                    1359,
                    111
                ]
            ],
            "text": "Basin",
            "label": "Out"
        },
        {
            "index": 3,
            "bbox": [
                [
                    502,
                    320
                ],
                [
                    541,
                    320
                ],
                [
                    541,
                    344
                ],
                [
                    502,
                    344
                ]
            ],
            "text": "355",
            "label": "Out"
        },
        {
            "index": 4,
            "bbox": [
                [
                    680,
                    298
                ],
                [
                    767,
                    298
                ],
                [
                    767,
                    339
                ],
                [
                    680,
                    339
                ]
            ],
            "text": "Golf",
            "label": "Out"
        },
        {
            "index": 5,
            "bbox": [
                [
                    769,
                    298
                ],
                [
                    844,
                    298
                ],
                [
                    844,
                    339
                ],
                [
                    769,
                    339
                ]
            ],
            "text": "Ball",
            "label": "Out"
        },
        {
            "index": 6,
            "bbox": [
                [
                    848,
                    300
                ],
                [
                    965,
                    300
                ],
                [
                    965,
                    339
                ],
                [
                    848,
                    339
                ]
            ],
            "text": "White",
            "label": "Out"
        },
        {
            "index": 7,
            "bbox": [
                [
                    1017,
                    302
                ],
                [
                    1144,
                    302
                ],
                [
                    1144,
                    342
                ],
                [
                    1017,
                    342
                ]
            ],
            "text": "IS4087",
            "label": "Out"
        },
        {
            "index": 8,
            "bbox": [
                [
                    1324,
                    309
                ],
                [
                    1386,
                    309
                ],
                [
                    1386,
                    342
                ],
                [
                    1324,
                    342
                ]
            ],
            "text": "RRP:",
            "label": "Out"
        },
        {
            "index": 9,
            "bbox": [
                [
                    1392,
                    309
                ],
                [
                    1462,
                    309
                ],
                [
                    1462,
                    344
                ],
                [
                    1392,
                    344
                ]
            ],
            "text": "$250",
            "label": "Out"
        },
        {
            "index": 10,
            "bbox": [
                [
                    506,
                    385
                ],
                [
                    533,
                    385
                ],
                [
                    533,
                    412
                ],
                [
                    506,
                    412
                ]
            ],
            "text": "@",
            "label": "Out"
        },
        {
            "index": 11,
            "bbox": [
                [
                    625,
                    383
                ],
                [
                    664,
                    383
                ],
                [
                    664,
                    407
                ],
                [
                    625,
                    407
                ]
            ],
            "text": "355",
            "label": "Out"
        },
        {
            "index": 12,
            "bbox": [
                [
                    848,
                    383
                ],
                [
                    973,
                    383
                ],
                [
                    973,
                    412
                ],
                [
                    848,
                    412
                ]
            ],
            "text": "FEATURES:",
            "label": "Out"
        },
        {
            "index": 13,
            "bbox": [
                [
                    1017,
                    381
                ],
                [
                    1079,
                    381
                ],
                [
                    1079,
                    412
                ],
                [
                    1017,
                    412
                ]
            ],
            "text": "Ultra",
            "label": "Out"
        },
        {
            "index": 14,
            "bbox": [
                [
                    1076,
                    381
                ],
                [
                    1133,
                    381
                ],
                [
                    1133,
                    412
                ],
                [
                    1076,
                    412
                ]
            ],
            "text": "Slim",
            "label": "Out"
        },
        {
            "index": 15,
            "bbox": [
                [
                    1129,
                    379
                ],
                [
                    1186,
                    379
                ],
                [
                    1186,
                    412
                ],
                [
                    1129,
                    412
                ]
            ],
            "text": "Golf",
            "label": "Out"
        },
        {
            "index": 16,
            "bbox": [
                [
                    1182,
                    379
                ],
                [
                    1232,
                    379
                ],
                [
                    1232,
                    412
                ],
                [
                    1182,
                    412
                ]
            ],
            "text": "Ball",
            "label": "Out"
        },
        {
            "index": 17,
            "bbox": [
                [
                    1228,
                    381
                ],
                [
                    1296,
                    381
                ],
                [
                    1296,
                    412
                ],
                [
                    1228,
                    412
                ]
            ],
            "text": "Gloss",
            "label": "Out"
        },
        {
            "index": 18,
            "bbox": [
                [
                    1298,
                    383
                ],
                [
                    1368,
                    383
                ],
                [
                    1368,
                    407
                ],
                [
                    1298,
                    407
                ]
            ],
            "text": "White",
            "label": "Out"
        },
        {
            "index": 19,
            "bbox": [
                [
                    1368,
                    381
                ],
                [
                    1425,
                    381
                ],
                [
                    1425,
                    412
                ],
                [
                    1368,
                    412
                ]
            ],
            "text": "Fine",
            "label": "Out"
        },
        {
            "index": 20,
            "bbox": [
                [
                    1423,
                    381
                ],
                [
                    1521,
                    381
                ],
                [
                    1521,
                    409
                ],
                [
                    1423,
                    409
                ]
            ],
            "text": "Ceramic",
            "label": "Out"
        },
        {
            "index": 21,
            "bbox": [
                [
                    693,
                    418
                ],
                [
                    726,
                    418
                ],
                [
                    726,
                    445
                ],
                [
                    693,
                    445
                ]
            ],
            "text": "120",
            "label": "Out"
        },
        {
            "index": 22,
            "bbox": [
                [
                    1017,
                    416
                ],
                [
                    1118,
                    416
                ],
                [
                    1118,
                    447
                ],
                [
                    1017,
                    447
                ]
            ],
            "text": "Requires",
            "label": "Out"
        },
        {
            "index": 23,
            "bbox": [
                [
                    1120,
                    414
                ],
                [
                    1199,
                    414
                ],
                [
                    1199,
                    445
                ],
                [
                    1120,
                    445
                ]
            ],
            "text": "32mm",
            "label": "Out"
        },
        {
            "index": 24,
            "bbox": [
                [
                    1199,
                    416
                ],
                [
                    1280,
                    416
                ],
                [
                    1280,
                    447
                ],
                [
                    1199,
                    447
                ]
            ],
            "text": "Waste,",
            "label": "Out"
        },
        {
            "index": 25,
            "bbox": [
                [
                    1283,
                    416
                ],
                [
                    1320,
                    416
                ],
                [
                    1320,
                    442
                ],
                [
                    1283,
                    442
                ]
            ],
            "text": "No",
            "label": "Out"
        },
        {
            "index": 26,
            "bbox": [
                [
                    1320,
                    416
                ],
                [
                    1427,
                    416
                ],
                [
                    1427,
                    445
                ],
                [
                    1320,
                    445
                ]
            ],
            "text": "Overflow",
            "label": "Out"
        },
        {
            "index": 27,
            "bbox": [
                [
                    1017,
                    449
                ],
                [
                    1142,
                    449
                ],
                [
                    1142,
                    477
                ],
                [
                    1017,
                    477
                ]
            ],
            "text": "Dimension",
            "label": "Out"
        },
        {
            "index": 28,
            "bbox": [
                [
                    1140,
                    447
                ],
                [
                    1193,
                    447
                ],
                [
                    1193,
                    480
                ],
                [
                    1140,
                    480
                ]
            ],
            "text": "355",
            "label": "Out"
        },
        {
            "index": 29,
            "bbox": [
                [
                    1188,
                    449
                ],
                [
                    1210,
                    449
                ],
                [
                    1210,
                    480
                ],
                [
                    1188,
                    480
                ]
            ],
            "text": "X",
            "label": "Out"
        },
        {
            "index": 30,
            "bbox": [
                [
                    1206,
                    447
                ],
                [
                    1258,
                    447
                ],
                [
                    1258,
                    480
                ],
                [
                    1206,
                    480
                ]
            ],
            "text": "355",
            "label": "Out"
        },
        {
            "index": 31,
            "bbox": [
                [
                    1252,
                    451
                ],
                [
                    1278,
                    451
                ],
                [
                    1278,
                    480
                ],
                [
                    1252,
                    480
                ]
            ],
            "text": "X",
            "label": "Out"
        },
        {
            "index": 32,
            "bbox": [
                [
                    1276,
                    449
                ],
                [
                    1368,
                    449
                ],
                [
                    1368,
                    477
                ],
                [
                    1276,
                    477
                ]
            ],
            "text": "120mm",
            "label": "Out"
        },
        {
            "index": 33,
            "bbox": [
                [
                    500,
                    863
                ],
                [
                    541,
                    863
                ],
                [
                    541,
                    887
                ],
                [
                    500,
                    887
                ]
            ],
            "text": "355",
            "label": "Out"
        },
        {
            "index": 34,
            "bbox": [
                [
                    712,
                    844
                ],
                [
                    800,
                    844
                ],
                [
                    800,
                    885
                ],
                [
                    712,
                    885
                ]
            ],
            "text": "Golf",
            "label": "Out"
        },
        {
            "index": 35,
            "bbox": [
                [
                    802,
                    844
                ],
                [
                    875,
                    844
                ],
                [
                    875,
                    885
                ],
                [
                    802,
                    885
                ]
            ],
            "text": "Ball",
            "label": "Out"
        },
        {
            "index": 36,
            "bbox": [
                [
                    881,
                    844
                ],
                [
                    967,
                    844
                ],
                [
                    967,
                    885
                ],
                [
                    881,
                    885
                ]
            ],
            "text": "Pink",
            "label": "Out"
        },
        {
            "index": 37,
            "bbox": [
                [
                    1017,
                    848
                ],
                [
                    1208,
                    848
                ],
                [
                    1208,
                    885
                ],
                [
                    1017,
                    885
                ]
            ],
            "text": "IS4087WP",
            "label": "Out"
        },
        {
            "index": 38,
            "bbox": [
                [
                    1324,
                    855
                ],
                [
                    1386,
                    855
                ],
                [
                    1386,
                    885
                ],
                [
                    1324,
                    885
                ]
            ],
            "text": "RRP:",
            "label": "Out"
        },
        {
            "index": 39,
            "bbox": [
                [
                    1394,
                    852
                ],
                [
                    1462,
                    852
                ],
                [
                    1462,
                    887
                ],
                [
                    1394,
                    887
                ]
            ],
            "text": "$250",
            "label": "Out"
        },
        {
            "index": 40,
            "bbox": [
                [
                    506,
                    929
                ],
                [
                    533,
                    929
                ],
                [
                    533,
                    955
                ],
                [
                    506,
                    955
                ]
            ],
            "text": "@",
            "label": "Out"
        },
        {
            "index": 41,
            "bbox": [
                [
                    625,
                    927
                ],
                [
                    662,
                    927
                ],
                [
                    662,
                    953
                ],
                [
                    625,
                    953
                ]
            ],
            "text": "355",
            "label": "Out"
        },
        {
            "index": 42,
            "bbox": [
                [
                    848,
                    927
                ],
                [
                    973,
                    927
                ],
                [
                    973,
                    955
                ],
                [
                    848,
                    955
                ]
            ],
            "text": "FEATURES:",
            "label": "Out"
        },
        {
            "index": 43,
            "bbox": [
                [
                    1015,
                    925
                ],
                [
                    1079,
                    925
                ],
                [
                    1079,
                    955
                ],
                [
                    1015,
                    955
                ]
            ],
            "text": "Ultra",
            "label": "Out"
        },
        {
            "index": 44,
            "bbox": [
                [
                    1074,
                    925
                ],
                [
                    1131,
                    925
                ],
                [
                    1131,
                    955
                ],
                [
                    1074,
                    955
                ]
            ],
            "text": "Slim",
            "label": "Out"
        },
        {
            "index": 45,
            "bbox": [
                [
                    1129,
                    922
                ],
                [
                    1186,
                    922
                ],
                [
                    1186,
                    955
                ],
                [
                    1129,
                    955
                ]
            ],
            "text": "Golf",
            "label": "Out"
        },
        {
            "index": 46,
            "bbox": [
                [
                    1182,
                    922
                ],
                [
                    1232,
                    922
                ],
                [
                    1232,
                    955
                ],
                [
                    1182,
                    955
                ]
            ],
            "text": "Ball",
            "label": "Out"
        },
        {
            "index": 47,
            "bbox": [
                [
                    1228,
                    925
                ],
                [
                    1296,
                    925
                ],
                [
                    1296,
                    955
                ],
                [
                    1228,
                    955
                ]
            ],
            "text": "Gloss",
            "label": "Out"
        },
        {
            "index": 48,
            "bbox": [
                [
                    1293,
                    925
                ],
                [
                    1350,
                    925
                ],
                [
                    1350,
                    955
                ],
                [
                    1293,
                    955
                ]
            ],
            "text": "Pink",
            "label": "Out"
        },
        {
            "index": 49,
            "bbox": [
                [
                    1346,
                    925
                ],
                [
                    1375,
                    925
                ],
                [
                    1375,
                    955
                ],
                [
                    1346,
                    955
                ]
            ],
            "text": "&",
            "label": "Out"
        },
        {
            "index": 50,
            "bbox": [
                [
                    1372,
                    925
                ],
                [
                    1447,
                    925
                ],
                [
                    1447,
                    955
                ],
                [
                    1372,
                    955
                ]
            ],
            "text": "White",
            "label": "Out"
        },
        {
            "index": 51,
            "bbox": [
                [
                    1445,
                    925
                ],
                [
                    1502,
                    925
                ],
                [
                    1502,
                    955
                ],
                [
                    1445,
                    955
                ]
            ],
            "text": "Fine",
            "label": "Out"
        },
        {
            "index": 52,
            "bbox": [
                [
                    693,
                    962
                ],
                [
                    726,
                    962
                ],
                [
                    726,
                    988
                ],
                [
                    693,
                    988
                ]
            ],
            "text": "120",
            "label": "Out"
        },
        {
            "index": 53,
            "bbox": [
                [
                    1015,
                    960
                ],
                [
                    1114,
                    960
                ],
                [
                    1114,
                    988
                ],
                [
                    1015,
                    988
                ]
            ],
            "text": "Ceramic",
            "label": "Out"
        },
        {
            "index": 54,
            "bbox": [
                [
                    1114,
                    960
                ],
                [
                    1217,
                    960
                ],
                [
                    1217,
                    990
                ],
                [
                    1114,
                    990
                ]
            ],
            "text": "Requires",
            "label": "Out"
        },
        {
            "index": 55,
            "bbox": [
                [
                    1217,
                    962
                ],
                [
                    1291,
                    962
                ],
                [
                    1291,
                    986
                ],
                [
                    1217,
                    986
                ]
            ],
            "text": "32mm",
            "label": "Out"
        },
        {
            "index": 56,
            "bbox": [
                [
                    1293,
                    960
                ],
                [
                    1377,
                    960
                ],
                [
                    1377,
                    990
                ],
                [
                    1293,
                    990
                ]
            ],
            "text": "Waste,",
            "label": "Out"
        },
        {
            "index": 57,
            "bbox": [
                [
                    1377,
                    960
                ],
                [
                    1416,
                    960
                ],
                [
                    1416,
                    988
                ],
                [
                    1377,
                    988
                ]
            ],
            "text": "No",
            "label": "Out"
        },
        {
            "index": 58,
            "bbox": [
                [
                    1416,
                    960
                ],
                [
                    1524,
                    960
                ],
                [
                    1524,
                    988
                ],
                [
                    1416,
                    988
                ]
            ],
            "text": "Overflow",
            "label": "Out"
        },
        {
            "index": 59,
            "bbox": [
                [
                    1017,
                    993
                ],
                [
                    1140,
                    993
                ],
                [
                    1140,
                    1021
                ],
                [
                    1017,
                    1021
                ]
            ],
            "text": "Dimension",
            "label": "Out"
        },
        {
            "index": 60,
            "bbox": [
                [
                    1140,
                    990
                ],
                [
                    1190,
                    990
                ],
                [
                    1190,
                    1023
                ],
                [
                    1140,
                    1023
                ]
            ],
            "text": "355",
            "label": "Out"
        },
        {
            "index": 61,
            "bbox": [
                [
                    1186,
                    995
                ],
                [
                    1210,
                    995
                ],
                [
                    1210,
                    1023
                ],
                [
                    1186,
                    1023
                ]
            ],
            "text": "X",
            "label": "Out"
        },
        {
            "index": 62,
            "bbox": [
                [
                    1208,
                    995
                ],
                [
                    1256,
                    995
                ],
                [
                    1256,
                    1021
                ],
                [
                    1208,
                    1021
                ]
            ],
            "text": "355",
            "label": "Out"
        },
        {
            "index": 63,
            "bbox": [
                [
                    1252,
                    995
                ],
                [
                    1276,
                    995
                ],
                [
                    1276,
                    1023
                ],
                [
                    1252,
                    1023
                ]
            ],
            "text": "X",
            "label": "Out"
        },
        {
            "index": 64,
            "bbox": [
                [
                    1274,
                    993
                ],
                [
                    1366,
                    993
                ],
                [
                    1366,
                    1021
                ],
                [
                    1274,
                    1021
                ]
            ],
            "text": "120mm",
            "label": "Out"
        },
        {
            "index": 65,
            "bbox": [
                [
                    1017,
                    1306
                ],
                [
                    1142,
                    1306
                ],
                [
                    1142,
                    1339
                ],
                [
                    1017,
                    1339
                ]
            ],
            "text": "IS4380",
            "label": "Out"
        },
        {
            "index": 66,
            "bbox": [
                [
                    1324,
                    1311
                ],
                [
                    1388,
                    1311
                ],
                [
                    1388,
                    1341
                ],
                [
                    1324,
                    1341
                ]
            ],
            "text": "RRP:",
            "label": "Out"
        },
        {
            "index": 67,
            "bbox": [
                [
                    1394,
                    1308
                ],
                [
                    1462,
                    1308
                ],
                [
                    1462,
                    1343
                ],
                [
                    1394,
                    1343
                ]
            ],
            "text": "$135",
            "label": "Out"
        },
        {
            "index": 68,
            "bbox": [
                [
                    548,
                    1374
                ],
                [
                    588,
                    1374
                ],
                [
                    588,
                    1398
                ],
                [
                    548,
                    1398
                ]
            ],
            "text": "375",
            "label": "Out"
        },
        {
            "index": 69,
            "bbox": [
                [
                    846,
                    1383
                ],
                [
                    973,
                    1383
                ],
                [
                    973,
                    1411
                ],
                [
                    846,
                    1411
                ]
            ],
            "text": "FEATURES:",
            "label": "Out"
        },
        {
            "index": 70,
            "bbox": [
                [
                    1015,
                    1381
                ],
                [
                    1081,
                    1381
                ],
                [
                    1081,
                    1411
                ],
                [
                    1015,
                    1411
                ]
            ],
            "text": "Gloss",
            "label": "Out"
        },
        {
            "index": 71,
            "bbox": [
                [
                    1081,
                    1385
                ],
                [
                    1153,
                    1385
                ],
                [
                    1153,
                    1409
                ],
                [
                    1081,
                    1409
                ]
            ],
            "text": "White",
            "label": "Out"
        },
        {
            "index": 72,
            "bbox": [
                [
                    1153,
                    1383
                ],
                [
                    1252,
                    1383
                ],
                [
                    1252,
                    1411
                ],
                [
                    1153,
                    1411
                ]
            ],
            "text": "Ceramic",
            "label": "Out"
        },
        {
            "index": 73,
            "bbox": [
                [
                    1252,
                    1383
                ],
                [
                    1355,
                    1383
                ],
                [
                    1355,
                    1416
                ],
                [
                    1252,
                    1416
                ]
            ],
            "text": "Finishing",
            "label": "Out"
        },
        {
            "index": 74,
            "bbox": [
                [
                    666,
                    1405
                ],
                [
                    706,
                    1405
                ],
                [
                    706,
                    1429
                ],
                [
                    666,
                    1429
                ]
            ],
            "text": "375",
            "label": "Out"
        },
        {
            "index": 75,
            "bbox": [
                [
                    1015,
                    1416
                ],
                [
                    1052,
                    1416
                ],
                [
                    1052,
                    1444
                ],
                [
                    1015,
                    1444
                ]
            ],
            "text": "No",
            "label": "Out"
        },
        {
            "index": 76,
            "bbox": [
                [
                    1052,
                    1414
                ],
                [
                    1098,
                    1414
                ],
                [
                    1098,
                    1449
                ],
                [
                    1052,
                    1449
                ]
            ],
            "text": "Tap",
            "label": "Out"
        },
        {
            "index": 77,
            "bbox": [
                [
                    1098,
                    1414
                ],
                [
                    1158,
                    1414
                ],
                [
                    1158,
                    1444
                ],
                [
                    1098,
                    1444
                ]
            ],
            "text": "Hole",
            "label": "Out"
        },
        {
            "index": 78,
            "bbox": [
                [
                    1015,
                    1451
                ],
                [
                    1118,
                    1451
                ],
                [
                    1118,
                    1482
                ],
                [
                    1015,
                    1482
                ]
            ],
            "text": "Requires",
            "label": "Out"
        },
        {
            "index": 79,
            "bbox": [
                [
                    1116,
                    1449
                ],
                [
                    1195,
                    1449
                ],
                [
                    1195,
                    1479
                ],
                [
                    1116,
                    1479
                ]
            ],
            "text": "32mm",
            "label": "Out"
        },
        {
            "index": 80,
            "bbox": [
                [
                    1195,
                    1451
                ],
                [
                    1278,
                    1451
                ],
                [
                    1278,
                    1482
                ],
                [
                    1195,
                    1482
                ]
            ],
            "text": "Waste,",
            "label": "Out"
        },
        {
            "index": 81,
            "bbox": [
                [
                    1278,
                    1449
                ],
                [
                    1340,
                    1449
                ],
                [
                    1340,
                    1479
                ],
                [
                    1278,
                    1479
                ]
            ],
            "text": "With",
            "label": "Out"
        },
        {
            "index": 82,
            "bbox": [
                [
                    1340,
                    1449
                ],
                [
                    1447,
                    1449
                ],
                [
                    1447,
                    1479
                ],
                [
                    1340,
                    1479
                ]
            ],
            "text": "Overflow",
            "label": "Out"
        },
        {
            "index": 83,
            "bbox": [
                [
                    1015,
                    1484
                ],
                [
                    1140,
                    1484
                ],
                [
                    1140,
                    1512
                ],
                [
                    1015,
                    1512
                ]
            ],
            "text": "Dimension",
            "label": "Out"
        },
        {
            "index": 84,
            "bbox": [
                [
                    1140,
                    1484
                ],
                [
                    1188,
                    1484
                ],
                [
                    1188,
                    1510
                ],
                [
                    1140,
                    1510
                ]
            ],
            "text": "375",
            "label": "Out"
        },
        {
            "index": 85,
            "bbox": [
                [
                    1184,
                    1484
                ],
                [
                    1210,
                    1484
                ],
                [
                    1210,
                    1512
                ],
                [
                    1184,
                    1512
                ]
            ],
            "text": "X",
            "label": "Out"
        },
        {
            "index": 86,
            "bbox": [
                [
                    1204,
                    1482
                ],
                [
                    1256,
                    1482
                ],
                [
                    1256,
                    1514
                ],
                [
                    1204,
                    1514
                ]
            ],
            "text": "375",
            "label": "Out"
        },
        {
            "index": 87,
            "bbox": [
                [
                    1252,
                    1484
                ],
                [
                    1276,
                    1484
                ],
                [
                    1276,
                    1512
                ],
                [
                    1252,
                    1512
                ]
            ],
            "text": "X",
            "label": "Out"
        },
        {
            "index": 88,
            "bbox": [
                [
                    1272,
                    1484
                ],
                [
                    1366,
                    1484
                ],
                [
                    1366,
                    1512
                ],
                [
                    1272,
                    1512
                ]
            ],
            "text": "150mm",
            "label": "Out"
        },
        {
            "index": 89,
            "bbox": [
                [
                    702,
                    1819
                ],
                [
                    813,
                    1819
                ],
                [
                    813,
                    1852
                ],
                [
                    702,
                    1852
                ]
            ],
            "text": "BASIN",
            "label": "Out"
        },
        {
            "index": 90,
            "bbox": [
                [
                    822,
                    1819
                ],
                [
                    1006,
                    1819
                ],
                [
                    1006,
                    1850
                ],
                [
                    822,
                    1850
                ]
            ],
            "text": "TRIANGLE",
            "label": "Out"
        },
        {
            "index": 91,
            "bbox": [
                [
                    1050,
                    1819
                ],
                [
                    1173,
                    1819
                ],
                [
                    1173,
                    1852
                ],
                [
                    1050,
                    1852
                ]
            ],
            "text": "IS4466",
            "label": "Out"
        },
        {
            "index": 92,
            "bbox": [
                [
                    1331,
                    1824
                ],
                [
                    1392,
                    1824
                ],
                [
                    1392,
                    1854
                ],
                [
                    1331,
                    1854
                ]
            ],
            "text": "RRP:",
            "label": "Out"
        },
        {
            "index": 93,
            "bbox": [
                [
                    1401,
                    1821
                ],
                [
                    1469,
                    1821
                ],
                [
                    1469,
                    1856
                ],
                [
                    1401,
                    1856
                ]
            ],
            "text": "$180",
            "label": "Out"
        },
        {
            "index": 94,
            "bbox": [
                [
                    493,
                    1874
                ],
                [
                    531,
                    1874
                ],
                [
                    531,
                    1898
                ],
                [
                    493,
                    1898
                ]
            ],
            "text": "580",
            "label": "Out"
        },
        {
            "index": 95,
            "bbox": [
                [
                    653,
                    1892
                ],
                [
                    688,
                    1892
                ],
                [
                    688,
                    1916
                ],
                [
                    653,
                    1916
                ]
            ],
            "text": "390",
            "label": "Out"
        },
        {
            "index": 96,
            "bbox": [
                [
                    897,
                    1922
                ],
                [
                    1017,
                    1922
                ],
                [
                    1017,
                    1944
                ],
                [
                    897,
                    1944
                ]
            ],
            "text": "FEATURES:",
            "label": "Out"
        },
        {
            "index": 97,
            "bbox": [
                [
                    1046,
                    1918
                ],
                [
                    1109,
                    1918
                ],
                [
                    1109,
                    1949
                ],
                [
                    1046,
                    1949
                ]
            ],
            "text": "Ultra",
            "label": "Out"
        },
        {
            "index": 98,
            "bbox": [
                [
                    1107,
                    1918
                ],
                [
                    1162,
                    1918
                ],
                [
                    1162,
                    1949
                ],
                [
                    1107,
                    1949
                ]
            ],
            "text": "Slim",
            "label": "Out"
        },
        {
            "index": 99,
            "bbox": [
                [
                    1160,
                    1918
                ],
                [
                    1228,
                    1918
                ],
                [
                    1228,
                    1949
                ],
                [
                    1160,
                    1949
                ]
            ],
            "text": "Gloss",
            "label": "Out"
        },
        {
            "index": 100,
            "bbox": [
                [
                    1226,
                    1918
                ],
                [
                    1302,
                    1918
                ],
                [
                    1302,
                    1949
                ],
                [
                    1226,
                    1949
                ]
            ],
            "text": "White",
            "label": "Out"
        },
        {
            "index": 101,
            "bbox": [
                [
                    1300,
                    1918
                ],
                [
                    1357,
                    1918
                ],
                [
                    1357,
                    1949
                ],
                [
                    1300,
                    1949
                ]
            ],
            "text": "Fine",
            "label": "Out"
        },
        {
            "index": 102,
            "bbox": [
                [
                    1355,
                    1920
                ],
                [
                    1458,
                    1920
                ],
                [
                    1458,
                    1951
                ],
                [
                    1355,
                    1951
                ]
            ],
            "text": "Ceramic;",
            "label": "Out"
        },
        {
            "index": 103,
            "bbox": [
                [
                    1460,
                    1920
                ],
                [
                    1502,
                    1920
                ],
                [
                    1502,
                    1946
                ],
                [
                    1460,
                    1946
                ]
            ],
            "text": "Re-",
            "label": "Out"
        },
        {
            "index": 104,
            "bbox": [
                [
                    506,
                    1946
                ],
                [
                    522,
                    1946
                ],
                [
                    522,
                    1959
                ],
                [
                    506,
                    1959
                ]
            ],
            "text": "O",
            "label": "Out"
        },
        {
            "index": 105,
            "bbox": [
                [
                    590,
                    1933
                ],
                [
                    618,
                    1933
                ],
                [
                    618,
                    1959
                ],
                [
                    590,
                    1959
                ]
            ],
            "text": "130",
            "label": "Out"
        },
        {
            "index": 106,
            "bbox": [
                [
                    1048,
                    1953
                ],
                [
                    1122,
                    1953
                ],
                [
                    1122,
                    1984
                ],
                [
                    1048,
                    1984
                ]
            ],
            "text": "quires",
            "label": "Out"
        },
        {
            "index": 107,
            "bbox": [
                [
                    1125,
                    1953
                ],
                [
                    1199,
                    1953
                ],
                [
                    1199,
                    1977
                ],
                [
                    1125,
                    1977
                ]
            ],
            "text": "32mm",
            "label": "Out"
        },
        {
            "index": 108,
            "bbox": [
                [
                    1199,
                    1953
                ],
                [
                    1283,
                    1953
                ],
                [
                    1283,
                    1984
                ],
                [
                    1199,
                    1984
                ]
            ],
            "text": "Waste,",
            "label": "Out"
        },
        {
            "index": 109,
            "bbox": [
                [
                    1285,
                    1953
                ],
                [
                    1322,
                    1953
                ],
                [
                    1322,
                    1979
                ],
                [
                    1285,
                    1979
                ]
            ],
            "text": "No",
            "label": "Out"
        },
        {
            "index": 110,
            "bbox": [
                [
                    1322,
                    1951
                ],
                [
                    1429,
                    1951
                ],
                [
                    1429,
                    1979
                ],
                [
                    1322,
                    1979
                ]
            ],
            "text": "Overflow",
            "label": "Out"
        },
        {
            "index": 111,
            "bbox": [
                [
                    1048,
                    1986
                ],
                [
                    1171,
                    1986
                ],
                [
                    1171,
                    2014
                ],
                [
                    1048,
                    2014
                ]
            ],
            "text": "Dimension",
            "label": "Out"
        },
        {
            "index": 112,
            "bbox": [
                [
                    1171,
                    1984
                ],
                [
                    1223,
                    1984
                ],
                [
                    1223,
                    2016
                ],
                [
                    1171,
                    2016
                ]
            ],
            "text": "580",
            "label": "Out"
        },
        {
            "index": 113,
            "bbox": [
                [
                    1217,
                    1988
                ],
                [
                    1241,
                    1988
                ],
                [
                    1241,
                    2016
                ],
                [
                    1217,
                    2016
                ]
            ],
            "text": "X",
            "label": "Out"
        },
        {
            "index": 114,
            "bbox": [
                [
                    1236,
                    1984
                ],
                [
                    1289,
                    1984
                ],
                [
                    1289,
                    2016
                ],
                [
                    1236,
                    2016
                ]
            ],
            "text": "390",
            "label": "Out"
        },
        {
            "index": 115,
            "bbox": [
                [
                    1285,
                    1988
                ],
                [
                    1307,
                    1988
                ],
                [
                    1307,
                    2016
                ],
                [
                    1285,
                    2016
                ]
            ],
            "text": "X",
            "label": "Out"
        },
        {
            "index": 116,
            "bbox": [
                [
                    1304,
                    1986
                ],
                [
                    1397,
                    1986
                ],
                [
                    1397,
                    2014
                ],
                [
                    1304,
                    2014
                ]
            ],
            "text": "130mm",
            "label": "Out"
        },
        {
            "index": 117,
            "bbox": [
                [
                    230,
                    2130
                ],
                [
                    357,
                    2130
                ],
                [
                    357,
                    2159
                ],
                [
                    230,
                    2159
                ]
            ],
            "text": "DIMENSIONS",
            "label": "Out"
        },
        {
            "index": 118,
            "bbox": [
                [
                    353,
                    2133
                ],
                [
                    395,
                    2133
                ],
                [
                    395,
                    2157
                ],
                [
                    353,
                    2157
                ]
            ],
            "text": "ARE",
            "label": "Out"
        },
        {
            "index": 119,
            "bbox": [
                [
                    392,
                    2130
                ],
                [
                    535,
                    2130
                ],
                [
                    535,
                    2159
                ],
                [
                    392,
                    2159
                ]
            ],
            "text": "APPROXIMATE.",
            "label": "Out"
        },
        {
            "index": 120,
            "bbox": [
                [
                    531,
                    2130
                ],
                [
                    671,
                    2130
                ],
                [
                    671,
                    2159
                ],
                [
                    531,
                    2159
                ]
            ],
            "text": "INFORMATION",
            "label": "Out"
        },
        {
            "index": 121,
            "bbox": [
                [
                    666,
                    2130
                ],
                [
                    769,
                    2130
                ],
                [
                    769,
                    2159
                ],
                [
                    666,
                    2159
                ]
            ],
            "text": "PROVIDED",
            "label": "Out"
        },
        {
            "index": 122,
            "bbox": [
                [
                    765,
                    2130
                ],
                [
                    794,
                    2130
                ],
                [
                    794,
                    2159
                ],
                [
                    765,
                    2159
                ]
            ],
            "text": "IN",
            "label": "Out"
        },
        {
            "index": 123,
            "bbox": [
                [
                    789,
                    2133
                ],
                [
                    837,
                    2133
                ],
                [
                    837,
                    2157
                ],
                [
                    789,
                    2157
                ]
            ],
            "text": "THIS",
            "label": "Out"
        },
        {
            "index": 124,
            "bbox": [
                [
                    833,
                    2130
                ],
                [
                    945,
                    2130
                ],
                [
                    945,
                    2159
                ],
                [
                    833,
                    2159
                ]
            ],
            "text": "BROCHURE",
            "label": "Out"
        },
        {
            "index": 125,
            "bbox": [
                [
                    941,
                    2130
                ],
                [
                    965,
                    2130
                ],
                [
                    965,
                    2159
                ],
                [
                    941,
                    2159
                ]
            ],
            "text": "IS",
            "label": "Out"
        },
        {
            "index": 126,
            "bbox": [
                [
                    960,
                    2130
                ],
                [
                    1120,
                    2130
                ],
                [
                    1120,
                    2159
                ],
                [
                    960,
                    2159
                ]
            ],
            "text": "REPRESENTATIVE",
            "label": "Out"
        },
        {
            "index": 127,
            "bbox": [
                [
                    1116,
                    2133
                ],
                [
                    1149,
                    2133
                ],
                [
                    1149,
                    2157
                ],
                [
                    1116,
                    2157
                ]
            ],
            "text": "OF",
            "label": "Out"
        },
        {
            "index": 128,
            "bbox": [
                [
                    1234,
                    2135
                ],
                [
                    1304,
                    2135
                ],
                [
                    1304,
                    2159
                ],
                [
                    1234,
                    2159
                ]
            ],
            "text": "tel:02",
            "label": "Out"
        },
        {
            "index": 129,
            "bbox": [
                [
                    1304,
                    2133
                ],
                [
                    1372,
                    2133
                ],
                [
                    1372,
                    2163
                ],
                [
                    1304,
                    2163
                ]
            ],
            "text": "9772",
            "label": "Out"
        },
        {
            "index": 130,
            "bbox": [
                [
                    1372,
                    2133
                ],
                [
                    1438,
                    2133
                ],
                [
                    1438,
                    2163
                ],
                [
                    1372,
                    2163
                ]
            ],
            "text": "1306",
            "label": "Out"
        },
        {
            "index": 131,
            "bbox": [
                [
                    230,
                    2155
                ],
                [
                    276,
                    2155
                ],
                [
                    276,
                    2179
                ],
                [
                    230,
                    2179
                ]
            ],
            "text": "THE",
            "label": "Out"
        },
        {
            "index": 132,
            "bbox": [
                [
                    267,
                    2152
                ],
                [
                    355,
                    2152
                ],
                [
                    355,
                    2181
                ],
                [
                    267,
                    2181
                ]
            ],
            "text": "ACTUAL",
            "label": "Out"
        },
        {
            "index": 133,
            "bbox": [
                [
                    346,
                    2152
                ],
                [
                    456,
                    2152
                ],
                [
                    456,
                    2181
                ],
                [
                    346,
                    2181
                ]
            ],
            "text": "PRODUCTS",
            "label": "Out"
        },
        {
            "index": 134,
            "bbox": [
                [
                    447,
                    2152
                ],
                [
                    555,
                    2152
                ],
                [
                    555,
                    2181
                ],
                [
                    447,
                    2181
                ]
            ],
            "text": "AVAILABLE",
            "label": "Out"
        },
        {
            "index": 135,
            "bbox": [
                [
                    550,
                    2155
                ],
                [
                    581,
                    2155
                ],
                [
                    581,
                    2179
                ],
                [
                    550,
                    2179
                ]
            ],
            "text": "AT",
            "label": "Out"
        },
        {
            "index": 136,
            "bbox": [
                [
                    574,
                    2155
                ],
                [
                    620,
                    2155
                ],
                [
                    620,
                    2181
                ],
                [
                    574,
                    2181
                ]
            ],
            "text": "THE",
            "label": "Out"
        },
        {
            "index": 137,
            "bbox": [
                [
                    614,
                    2152
                ],
                [
                    671,
                    2152
                ],
                [
                    671,
                    2183
                ],
                [
                    614,
                    2183
                ]
            ],
            "text": "TIME",
            "label": "Out"
        },
        {
            "index": 138,
            "bbox": [
                [
                    666,
                    2155
                ],
                [
                    702,
                    2155
                ],
                [
                    702,
                    2179
                ],
                [
                    666,
                    2179
                ]
            ],
            "text": "OF",
            "label": "Out"
        },
        {
            "index": 139,
            "bbox": [
                [
                    697,
                    2152
                ],
                [
                    798,
                    2152
                ],
                [
                    798,
                    2181
                ],
                [
                    697,
                    2181
                ]
            ],
            "text": "PRINTING.",
            "label": "Out"
        },
        {
            "index": 140,
            "bbox": [
                [
                    796,
                    2155
                ],
                [
                    842,
                    2155
                ],
                [
                    842,
                    2179
                ],
                [
                    796,
                    2179
                ]
            ],
            "text": "DUE",
            "label": "Out"
        },
        {
            "index": 141,
            "bbox": [
                [
                    835,
                    2155
                ],
                [
                    873,
                    2155
                ],
                [
                    873,
                    2181
                ],
                [
                    835,
                    2181
                ]
            ],
            "text": "TO",
            "label": "Out"
        },
        {
            "index": 142,
            "bbox": [
                [
                    866,
                    2155
                ],
                [
                    914,
                    2155
                ],
                [
                    914,
                    2179
                ],
                [
                    866,
                    2179
                ]
            ],
            "text": "PUR",
            "label": "Out"
        },
        {
            "index": 143,
            "bbox": [
                [
                    910,
                    2157
                ],
                [
                    1055,
                    2157
                ],
                [
                    1055,
                    2179
                ],
                [
                    910,
                    2179
                ]
            ],
            "text": "COMMITMENT",
            "label": "Out"
        },
        {
            "index": 144,
            "bbox": [
                [
                    1046,
                    2155
                ],
                [
                    1079,
                    2155
                ],
                [
                    1079,
                    2181
                ],
                [
                    1046,
                    2181
                ]
            ],
            "text": "IN",
            "label": "Out"
        },
        {
            "index": 145,
            "bbox": [
                [
                    1072,
                    2152
                ],
                [
                    1184,
                    2152
                ],
                [
                    1184,
                    2181
                ],
                [
                    1072,
                    2181
                ]
            ],
            "text": "PROVIDING",
            "label": "Out"
        },
        {
            "index": 146,
            "bbox": [
                [
                    44,
                    2168
                ],
                [
                    125,
                    2168
                ],
                [
                    125,
                    2209
                ],
                [
                    44,
                    2209
                ]
            ],
            "text": "BA3",
            "label": "Out"
        },
        {
            "index": 147,
            "bbox": [
                [
                    228,
                    2174
                ],
                [
                    377,
                    2174
                ],
                [
                    377,
                    2203
                ],
                [
                    228,
                    2203
                ]
            ],
            "text": "CONTINUOPUS",
            "label": "Out"
        },
        {
            "index": 148,
            "bbox": [
                [
                    370,
                    2174
                ],
                [
                    469,
                    2174
                ],
                [
                    469,
                    2203
                ],
                [
                    370,
                    2203
                ]
            ],
            "text": "PRODUCTI",
            "label": "Out"
        },
        {
            "index": 149,
            "bbox": [
                [
                    463,
                    2177
                ],
                [
                    612,
                    2177
                ],
                [
                    612,
                    2205
                ],
                [
                    463,
                    2205
                ]
            ],
            "text": "DEVELOPMENT,",
            "label": "Out"
        },
        {
            "index": 150,
            "bbox": [
                [
                    607,
                    2177
                ],
                [
                    653,
                    2177
                ],
                [
                    653,
                    2201
                ],
                [
                    607,
                    2201
                ]
            ],
            "text": "THE",
            "label": "Out"
        },
        {
            "index": 151,
            "bbox": [
                [
                    647,
                    2174
                ],
                [
                    737,
                    2174
                ],
                [
                    737,
                    2203
                ],
                [
                    647,
                    2203
                ]
            ],
            "text": "DESIGNS",
            "label": "Out"
        },
        {
            "index": 152,
            "bbox": [
                [
                    730,
                    2177
                ],
                [
                    778,
                    2177
                ],
                [
                    778,
                    2201
                ],
                [
                    730,
                    2201
                ]
            ],
            "text": "AND",
            "label": "Out"
        },
        {
            "index": 153,
            "bbox": [
                [
                    776,
                    2174
                ],
                [
                    930,
                    2174
                ],
                [
                    930,
                    2203
                ],
                [
                    776,
                    2203
                ]
            ],
            "text": "SPECIFICATIONS",
            "label": "Out"
        },
        {
            "index": 154,
            "bbox": [
                [
                    923,
                    2174
                ],
                [
                    1022,
                    2174
                ],
                [
                    1022,
                    2203
                ],
                [
                    923,
                    2203
                ]
            ],
            "text": "DEPICTED",
            "label": "Out"
        },
        {
            "index": 155,
            "bbox": [
                [
                    1017,
                    2177
                ],
                [
                    1059,
                    2177
                ],
                [
                    1059,
                    2201
                ],
                [
                    1017,
                    2201
                ]
            ],
            "text": "ARE",
            "label": "Out"
        },
        {
            "index": 156,
            "bbox": [
                [
                    1057,
                    2174
                ],
                [
                    1144,
                    2174
                ],
                [
                    1144,
                    2203
                ],
                [
                    1057,
                    2203
                ]
            ],
            "text": "SUBJECT",
            "label": "Out"
        },
        {
            "index": 157,
            "bbox": [
                [
                    1234,
                    2168
                ],
                [
                    1589,
                    2168
                ],
                [
                    1589,
                    2196
                ],
                [
                    1234,
                    2196
                ]
            ],
            "text": "orders@inspirebathware.com.au",
            "label": "Out"
        },
        {
            "index": 158,
            "bbox": [
                [
                    228,
                    2198
                ],
                [
                    263,
                    2198
                ],
                [
                    263,
                    2223
                ],
                [
                    228,
                    2223
                ]
            ],
            "text": "TO",
            "label": "Out"
        },
        {
            "index": 159,
            "bbox": [
                [
                    259,
                    2196
                ],
                [
                    349,
                    2196
                ],
                [
                    349,
                    2225
                ],
                [
                    259,
                    2225
                ]
            ],
            "text": "CHANGE",
            "label": "Out"
        },
        {
            "index": 160,
            "bbox": [
                [
                    342,
                    2196
                ],
                [
                    441,
                    2196
                ],
                [
                    441,
                    2225
                ],
                [
                    342,
                    2225
                ]
            ],
            "text": "WITHOUT",
            "label": "Out"
        },
        {
            "index": 161,
            "bbox": [
                [
                    436,
                    2196
                ],
                [
                    522,
                    2196
                ],
                [
                    522,
                    2227
                ],
                [
                    436,
                    2227
                ]
            ],
            "text": "NOTICE.",
            "label": "Out"
        }
    ]
}