{
    "parts": [
        {
            "reference": "NO_REF",
            "brand": "BLUE LINE",
            "description": [
                {
                    "section": "Title",
                    "text": "3\" submersible pump for boreholes BLUE LINE 3SKM"
                },
                {
                    "section": "Application",
                    "text": "Submersible 3\" pump for wells and boreholes for pumping clean water, irrigation."
                },
                {
                    "section": "Application",
                    "text": "For boreholes from 125 mm"
                },
                {
                    "section": "Application",
                    "text": "Power supply of pressure systems"
                },
                {
                    "section": "Application",
                    "text": "Pumping clean water into households"
                },
                {
                    "section": "Application",
                    "text": "Filling and emptying tanks"
                },
                {
                    "section": "Application",
                    "text": "Water circulation in fountains"
                },
                {
                    "section": "Characteristics design features",
                    "text": "Stainless steel shaft, casing and hydraulics"
                },
                {
                    "section": "Characteristics design features",
                    "text": "Brass impeller"
                },
                {
                    "section": "Characteristics design features",
                    "text": "Oil-cooled engine with compensating membrane"
                },
                {
                    "section": "Characteristics design features",
                    "text": "Graphite seal protected by a ring against sand"
                }
            ],
            "key_value_pairs": [
                {
                    "section": "Characteristics design features",
                    "property": "Shaft material",
                    "value": "Stainless steel",
                    "unit": ""
                },
                {
                    "section": "Characteristics design features",
                    "property": "Casing material",
                    "value": "Stainless steel",
                    "unit": ""
                },
                {
                    "section": "Characteristics design features",
                    "property": "Hydraulics material",
                    "value": "Stainless steel",
                    "unit": ""
                },
                {
                    "section": "Characteristics design features",
                    "property": "Impeller material",
                    "value": "Brass",
                    "unit": ""
                },
                {
                    "section": "Characteristics design features",
                    "property": "Engine type",
                    "value": "Oil-cooled",
                    "unit": ""
                },
                {
                    "section": "Characteristics design features",
                    "property": "Seal type",
                    "value": "Graphite",
                    "unit": ""
                }
            ]
        }
    ]
}