{
    "parts": [
        {
            "reference": "ZB00001299",
            "brand": "PUMPA",
            "description": [
                {
                    "section": "Product Overview",
                    "text": "Pressure booster pump with Pumpa vessel. For water supply from wells, for use in recreational facilities, in gardens and for irrigation. Maximum suction capacity 8 m."
                },
                {
                    "section": "Application",
                    "text": "Suitable for water supply from wells. For use in recreational facilities, in gardens and for irrigation. Suction capacity up to 8 meters."
                }
            ],
            "key_value_pairs": [
                {
                    "section": "Technical Specifications",
                    "property": "Model",
                    "value": "blue line 5PCSm1300P-G with PUMPA vessel",
                    "unit": ""
                },
                {
                    "section": "Technical Specifications",
                    "property": "Vessel Capacity",
                    "value": "24",
                    "unit": "l"
                },
                {
                    "section": "Technical Specifications",
                    "property": "Maximum flow",
                    "value": "5.4",
                    "unit": "m\u00b3/h"
                },
                {
                    "section": "Technical Specifications",
                    "property": "Maximum discharge head",
                    "value": "55",
                    "unit": "m"
                },
                {
                    "section": "Technical Specifications",
                    "property": "Maximum suction height",
                    "value": "8",
                    "unit": "m"
                },
                {
                    "section": "Technical Specifications",
                    "property": "Voltage",
                    "value": "230",
                    "unit": "V"
                },
                {
                    "section": "Technical Specifications",
                    "property": "Frequency",
                    "value": "50",
                    "unit": "Hz"
                },
                {
                    "section": "Technical Specifications",
                    "property": "Power",
                    "value": "1300",
                    "unit": "W"
                },
                {
                    "section": "Technical Specifications",
                    "property": "Connection",
                    "value": "1\" x 1\"",
                    "unit": ""
                },
                {
                    "section": "Technical Specifications",
                    "property": "Maximum fluid temperature",
                    "value": "35",
                    "unit": "\u00b0C"
                },
                {
                    "section": "Technical Specifications",
                    "property": "Maximum operating pressure",
                    "value": "10",
                    "unit": "bar"
                },
                {
                    "section": "Technical Specifications",
                    "property": "Switch-on pressure",
                    "value": "2.8",
                    "unit": "bar"
                },
                {
                    "section": "Technical Specifications",
                    "property": "Switch-off pressure",
                    "value": "4.2",
                    "unit": "bar"
                },
                {
                    "section": "Technical Specifications",
                    "property": "Rated current",
                    "value": "5.5",
                    "unit": "A"
                },
                {
                    "section": "Technical Specifications",
                    "property": "Weight",
                    "value": "25",
                    "unit": "kg"
                },
                {
                    "section": "Technical Specifications",
                    "property": "Dimension L x H x W",
                    "value": "250 x 500 x 600",
                    "unit": "mm"
                }
            ]
        },
        {
            "reference": "ZB00001300",
            "brand": "PUMPA",
            "description": [
                {
                    "section": "Product Overview",
                    "text": "Pressure booster pump with Pumpa vessel. For water supply from wells, for use in recreational facilities, in gardens and for irrigation. Maximum suction capacity 8 m."
                },
                {
                    "section": "Application",
                    "text": "Suitable for water supply from wells. For use in recreational facilities, in gardens and for irrigation. Suction capacity up to 8 meters."
                }
            ],
            "key_value_pairs": [
                {
                    "section": "Technical Specifications",
                    "property": "Model",
                    "value": "blue line 5PCSm1300P-G with PUMPA vessel",
                    "unit": ""
                },
                {
                    "section": "Technical Specifications",
                    "property": "Vessel Capacity",
                    "value": "50",
                    "unit": "l"
                },
                {
                    "section": "Technical Specifications",
                    "property": "Maximum flow",
                    "value": "5.4",
                    "unit": "m\u00b3/h"
                },
                {
                    "section": "Technical Specifications",
                    "property": "Maximum discharge head",
                    "value": "55",
                    "unit": "m"
                },
                {
                    "section": "Technical Specifications",
                    "property": "Maximum suction height",
                    "value": "8",
                    "unit": "m"
                },
                {
                    "section": "Technical Specifications",
                    "property": "Voltage",
                    "value": "230",
                    "unit": "V"
                },
                {
                    "section": "Technical Specifications",
                    "property": "Frequency",
                    "value": "50",
                    "unit": "Hz"
                },
                {
                    "section": "Technical Specifications",
                    "property": "Power",
                    "value": "1300",
                    "unit": "W"
                },
                {
                    "section": "Technical Specifications",
                    "property": "Connection",
                    "value": "1\" x 1\"",
                    "unit": ""
                },
                {
                    "section": "Technical Specifications",
                    "property": "Maximum fluid temperature",
                    "value": "35",
                    "unit": "\u00b0C"
                },
                {
                    "section": "Technical Specifications",
                    "property": "Maximum operating pressure",
                    "value": "10",
                    "unit": "bar"
                },
                {
                    "section": "Technical Specifications",
                    "property": "Switch-on pressure",
                    "value": "2.8",
                    "unit": "bar"
                },
                {
                    "section": "Technical Specifications",
                    "property": "Switch-off pressure",
                    "value": "4.2",
                    "unit": "bar"
                },
                {
                    "section": "Technical Specifications",
                    "property": "Rated current",
                    "value": "5.5",
                    "unit": "A"
                },
                {
                    "section": "Technical Specifications",
                    "property": "Weight",
                    "value": "28",
                    "unit": "kg"
                },
                {
                    "section": "Technical Specifications",
                    "property": "Dimension L x H x W",
                    "value": "400 x 650 x 750",
                    "unit": "mm"
                }
            ]
        },
        {
            "reference": "ZB00001301",
            "brand": "PUMPA",
            "description": [
                {
                    "section": "Product Overview",
                    "text": "Pressure booster pump with Pumpa vessel. For water supply from wells, for use in recreational facilities, in gardens and for irrigation. Maximum suction capacity 8 m."
                },
                {
                    "section": "Application",
                    "text": "Suitable for water supply from wells. For use in recreational facilities, in gardens and for irrigation. Suction capacity up to 8 meters."
                }
            ],
            "key_value_pairs": [
                {
                    "section": "Technical Specifications",
                    "property": "Model",
                    "value": "blue line 5PCSm1300P-G with PUMPA vessel",
                    "unit": ""
                },
                {
                    "section": "Technical Specifications",
                    "property": "Vessel Capacity",
                    "value": "80",
                    "unit": "l"
                },
                {
                    "section": "Technical Specifications",
                    "property": "Maximum flow",
                    "value": "5.4",
                    "unit": "m\u00b3/h"
                },
                {
                    "section": "Technical Specifications",
                    "property": "Maximum discharge head",
                    "value": "55",
                    "unit": "m"
                },
                {
                    "section": "Technical Specifications",
                    "property": "Maximum suction height",
                    "value": "8",
                    "unit": "m"
                },
                {
                    "section": "Technical Specifications",
                    "property": "Voltage",
                    "value": "230",
                    "unit": "V"
                },
                {
                    "section": "Technical Specifications",
                    "property": "Frequency",
                    "value": "50",
                    "unit": "Hz"
                },
                {
                    "section": "Technical Specifications",
                    "property": "Power",
                    "value": "1300",
                    "unit": "W"
                },
                {
                    "section": "Technical Specifications",
                    "property": "Connection",
                    "value": "1\" x 1\"",
                    "unit": ""
                },
                {
                    "section": "Technical Specifications",
                    "property": "Maximum fluid temperature",
                    "value": "35",
                    "unit": "\u00b0C"
                },
                {
                    "section": "Technical Specifications",
                    "property": "Maximum operating pressure",
                    "value": "10",
                    "unit": "bar"
                },
                {
                    "section": "Technical Specifications",
                    "property": "Switch-on pressure",
                    "value": "2.8",
                    "unit": "bar"
                },
                {
                    "section": "Technical Specifications",
                    "property": "Switch-off pressure",
                    "value": "4.2",
                    "unit": "bar"
                },
                {
                    "section": "Technical Specifications",
                    "property": "Rated current",
                    "value": "5.5",
                    "unit": "A"
                },
                {
                    "section": "Technical Specifications",
                    "property": "Weight",
                    "value": "32",
                    "unit": "kg"
                },
                {
                    "section": "Technical Specifications",
                    "property": "Dimension L x H x W",
                    "value": "450 x 700 x 800",
                    "unit": "mm"
                }
            ]
        }
    ]
}