{
    "parts": [
        {
            "reference": "4PCSM1100P-G",
            "brand": "pumpa blue line",
            "description": [
                {
                    "section": "self-priming pump",
                    "text": "Self-priming pump with a very high hydraulic output. Able to draw water from a depth of up to 8 meters. Suitable for water pumping and distribution in domestic installations with small and medium pressure vessels."
                },
                {
                    "section": "Application",
                    "text": "Home water supply. Irrigation. Also suitable for pressure vessels to be used as a pressure booster pump."
                }
            ],
            "key_value_pairs": [
                {
                    "section": "",
                    "property": "Model",
                    "value": "blue line 4PCSM1100P-G",
                    "unit": ""
                },
                {
                    "section": "",
                    "property": "Code",
                    "value": "2B00001237",
                    "unit": ""
                },
                {
                    "section": "",
                    "property": "Maximum flow",
                    "value": "5.4",
                    "unit": "m\u00b3/hod"
                },
                {
                    "section": "",
                    "property": "Maximum discharge head",
                    "value": "48",
                    "unit": "m"
                },
                {
                    "section": "",
                    "property": "Maximum suction height",
                    "value": "8",
                    "unit": "m"
                },
                {
                    "section": "",
                    "property": "Voltage",
                    "value": "230",
                    "unit": "V"
                },
                {
                    "section": "",
                    "property": "Frequency",
                    "value": "50",
                    "unit": "Hz"
                },
                {
                    "section": "",
                    "property": "Power",
                    "value": "1100",
                    "unit": "W"
                },
                {
                    "section": "",
                    "property": "Suction x discharge neck",
                    "value": "1\" x 1\"",
                    "unit": ""
                },
                {
                    "section": "",
                    "property": "Maximum fluid temperature",
                    "value": "35",
                    "unit": "\u00b0C"
                },
                {
                    "section": "",
                    "property": "Maximum ambient temperature",
                    "value": "35",
                    "unit": "\u00b0C"
                },
                {
                    "section": "",
                    "property": "Cable length",
                    "value": "1",
                    "unit": "m"
                },
                {
                    "section": "",
                    "property": "Degree of protection",
                    "value": "IP X4",
                    "unit": ""
                },
                {
                    "section": "",
                    "property": "Insulation class",
                    "value": "130",
                    "unit": ""
                },
                {
                    "section": "",
                    "property": "Weight",
                    "value": "10.5",
                    "unit": "kg"
                },
                {
                    "section": "",
                    "property": "Dimension",
                    "value": "440 x 250 x 220",
                    "unit": "mm"
                }
            ]
        },
        {
            "reference": "5PCSM1300P-G",
            "brand": "pumpa blue line",
            "description": [
                {
                    "section": "self-priming pump",
                    "text": "Self-priming pump with a very high hydraulic output. Able to draw water from a depth of up to 8 meters. Suitable for water pumping and distribution in domestic installations with small and medium pressure vessels."
                },
                {
                    "section": "Application",
                    "text": "Home water supply. Irrigation. Also suitable for pressure vessels to be used as a pressure booster pump."
                }
            ],
            "key_value_pairs": [
                {
                    "section": "",
                    "property": "Model",
                    "value": "blue line 5PCSM1300P-G",
                    "unit": ""
                },
                {
                    "section": "",
                    "property": "Code",
                    "value": "2B00001238",
                    "unit": ""
                },
                {
                    "section": "",
                    "property": "Maximum flow",
                    "value": "5.4",
                    "unit": "m\u00b3/hod"
                },
                {
                    "section": "",
                    "property": "Maximum discharge head",
                    "value": "55",
                    "unit": "m"
                },
                {
                    "section": "",
                    "property": "Maximum suction height",
                    "value": "8",
                    "unit": "m"
                },
                {
                    "section": "",
                    "property": "Voltage",
                    "value": "230",
                    "unit": "V"
                },
                {
                    "section": "",
                    "property": "Frequency",
                    "value": "50",
                    "unit": "Hz"
                },
                {
                    "section": "",
                    "property": "Power",
                    "value": "1300",
                    "unit": "W"
                },
                {
                    "section": "",
                    "property": "Suction x discharge neck",
                    "value": "1\" x 1\"",
                    "unit": ""
                },
                {
                    "section": "",
                    "property": "Maximum fluid temperature",
                    "value": "35",
                    "unit": "\u00b0C"
                },
                {
                    "section": "",
                    "property": "Maximum ambient temperature",
                    "value": "35",
                    "unit": "\u00b0C"
                },
                {
                    "section": "",
                    "property": "Cable length",
                    "value": "1",
                    "unit": "m"
                },
                {
                    "section": "",
                    "property": "Degree of protection",
                    "value": "IP X4",
                    "unit": ""
                },
                {
                    "section": "",
                    "property": "Insulation class",
                    "value": "130",
                    "unit": ""
                },
                {
                    "section": "",
                    "property": "Weight",
                    "value": "12.8",
                    "unit": "kg"
                },
                {
                    "section": "",
                    "property": "Dimension",
                    "value": "470 x 250 x 195",
                    "unit": "mm"
                }
            ]
        }
    ]
}