{
    "parts": [
        {
            "reference": "EM110-RTU-2P",
            "brand": "Energy Meter - BasicLine",
            "description": [
                {
                    "section": "Energy meters for DIN rail mounting",
                    "text": "Energy meters for DIN rail mounting."
                }
            ],
            "key_value_pairs": [
                {
                    "section": "Technical data",
                    "property": "Measurement range, voltage I, N, AC",
                    "value": "176...276",
                    "unit": "V"
                },
                {
                    "section": "Technical data",
                    "property": "Measuring accuracy for voltage",
                    "value": "0.5",
                    "unit": "%"
                },
                {
                    "section": "Technical data",
                    "property": "Measuring accuracy for current",
                    "value": "0.5",
                    "unit": "%"
                },
                {
                    "section": "Technical data",
                    "property": "Measurement accuracy for active energy",
                    "value": "Class 1 (IEC 62053-21), Class B (EN 50470-3)",
                    "unit": ""
                },
                {
                    "section": "Technical data",
                    "property": "Number of pulse outputs",
                    "value": "2",
                    "unit": ""
                },
                {
                    "section": "Technical data",
                    "property": "Current-measuring channels",
                    "value": "1",
                    "unit": ""
                },
                {
                    "section": "Technical data",
                    "property": "Max. current",
                    "value": "5000",
                    "unit": "A"
                },
                {
                    "section": "Technical data",
                    "property": "Interface",
                    "value": "RS485",
                    "unit": ""
                },
                {
                    "section": "Technical data",
                    "property": "Protocol",
                    "value": "Modbus RTU",
                    "unit": ""
                }
            ]
        },
        {
            "reference": "EM111-RTU-2P",
            "brand": "Energy Meter - BasicLine",
            "description": [
                {
                    "section": "Energy meters for DIN rail mounting",
                    "text": "Energy meters for DIN rail mounting."
                }
            ],
            "key_value_pairs": [
                {
                    "section": "Technical data",
                    "property": "Measurement range, voltage I, N, AC",
                    "value": "138...276",
                    "unit": "V"
                },
                {
                    "section": "Technical data",
                    "property": "Measurement range, voltage I, L, AC",
                    "value": "240...480",
                    "unit": "V"
                },
                {
                    "section": "Technical data",
                    "property": "Surge voltage category",
                    "value": "III",
                    "unit": ""
                },
                {
                    "section": "Technical data",
                    "property": "Voltage supply",
                    "value": "85...275",
                    "unit": "V AC"
                },
                {
                    "section": "Technical data",
                    "property": "Three-wire system",
                    "value": "Yes",
                    "unit": ""
                },
                {
                    "section": "Technical data",
                    "property": "Four-wire system",
                    "value": "Yes",
                    "unit": ""
                },
                {
                    "section": "Technical data",
                    "property": "Measuring accuracy for voltage",
                    "value": "0.5",
                    "unit": "%"
                },
                {
                    "section": "Technical data",
                    "property": "Measuring accuracy for current",
                    "value": "0.5",
                    "unit": "%"
                },
                {
                    "section": "Technical data",
                    "property": "Measurement accuracy for active energy",
                    "value": "Class 0.5",
                    "unit": ""
                },
                {
                    "section": "Technical data",
                    "property": "Number of pulse outputs",
                    "value": "2",
                    "unit": ""
                },
                {
                    "section": "Technical data",
                    "property": "Current-measuring channels",
                    "value": "3",
                    "unit": ""
                },
                {
                    "section": "Technical data",
                    "property": "Max. current",
                    "value": "5000",
                    "unit": "A"
                },
                {
                    "section": "Technical data",
                    "property": "Interface",
                    "value": "RS485",
                    "unit": ""
                },
                {
                    "section": "Technical data",
                    "property": "Protocol",
                    "value": "Modbus RTU",
                    "unit": ""
                }
            ]
        },
        {
            "reference": "EM120-RTU-ZP",
            "brand": "Energy Meter - BasicLine",
            "description": [
                {
                    "section": "Energy meters for DIN rail mounting",
                    "text": "Energy meters for DIN rail mounting."
                }
            ],
            "key_value_pairs": [
                {
                    "section": "Technical data",
                    "property": "Measurement range, voltage I, N, AC",
                    "value": "178...276",
                    "unit": "V"
                },
                {
                    "section": "Technical data",
                    "property": "Measurement range, voltage I, L, AC",
                    "value": "240...480",
                    "unit": "V"
                },
                {
                    "section": "Technical data",
                    "property": "Surge voltage category",
                    "value": "III",
                    "unit": ""
                },
                {
                    "section": "Technical data",
                    "property": "Three-wire system",
                    "value": "Yes",
                    "unit": ""
                },
                {
                    "section": "Technical data",
                    "property": "Four-wire system",
                    "value": "Yes",
                    "unit": ""
                },
                {
                    "section": "Technical data",
                    "property": "Measuring accuracy for voltage",
                    "value": "0.5",
                    "unit": "%"
                },
                {
                    "section": "Technical data",
                    "property": "Measuring accuracy for current",
                    "value": "0.5",
                    "unit": "%"
                },
                {
                    "section": "Technical data",
                    "property": "Measurement accuracy for active energy",
                    "value": "Class 0.5",
                    "unit": ""
                },
                {
                    "section": "Technical data",
                    "property": "Number of pulse outputs",
                    "value": "2",
                    "unit": ""
                },
                {
                    "section": "Technical data",
                    "property": "Current-measuring channels",
                    "value": "3",
                    "unit": ""
                },
                {
                    "section": "Technical data",
                    "property": "Max. current",
                    "value": "100",
                    "unit": "A"
                },
                {
                    "section": "Technical data",
                    "property": "Interface",
                    "value": "RS485",
                    "unit": ""
                },
                {
                    "section": "Technical data",
                    "property": "Protocol",
                    "value": "Modbus RTU",
                    "unit": ""
                }
            ]
        },
        {
            "reference": "EM220-RTU-4DI2DO",
            "brand": "Energy Meter - BasicLine",
            "description": [
                {
                    "section": "Energy meters for front panel mounting",
                    "text": "Energy meters for front panel mounting."
                }
            ],
            "key_value_pairs": [
                {
                    "section": "Technical data",
                    "property": "Measurement range, voltage I, N, AC",
                    "value": "50...345",
                    "unit": "V"
                },
                {
                    "section": "Technical data",
                    "property": "Measurement range, voltage I, L, AC",
                    "value": "50...600",
                    "unit": "V"
                },
                {
                    "section": "Technical data",
                    "property": "Surge voltage category",
                    "value": "W",
                    "unit": ""
                },
                {
                    "section": "Technical data",
                    "property": "Voltage supply",
                    "value": "75...270 V AC, 100...380 V DC",
                    "unit": ""
                },
                {
                    "section": "Technical data",
                    "property": "Three-wire system",
                    "value": "Yes",
                    "unit": ""
                },
                {
                    "section": "Technical data",
                    "property": "Four-wire system",
                    "value": "Yes",
                    "unit": ""
                },
                {
                    "section": "Technical data",
                    "property": "Measuring accuracy for voltage",
                    "value": "0.5",
                    "unit": "%"
                },
                {
                    "section": "Technical data",
                    "property": "Measuring accuracy for current",
                    "value": "0.5",
                    "unit": "%"
                },
                {
                    "section": "Technical data",
                    "property": "Measurement accuracy for active energy",
                    "value": "Class 0.5S (6C 62053-22), Class 0.5 (6C 61557-12)",
                    "unit": ""
                },
                {
                    "section": "Technical data",
                    "property": "Number of digital inputs",
                    "value": "4",
                    "unit": ""
                },
                {
                    "section": "Technical data",
                    "property": "Number of digital outputs",
                    "value": "2",
                    "unit": ""
                },
                {
                    "section": "Technical data",
                    "property": "Number of pulse outputs",
                    "value": "3",
                    "unit": ""
                },
                {
                    "section": "Technical data",
                    "property": "Interface",
                    "value": "Medbox RTU",
                    "unit": ""
                }
            ]
        },
        {
            "reference": "EM111-RTU-2P-MID",
            "brand": "Energy Meter - BasicLine",
            "description": [
                {
                    "section": "Energy meters MID",
                    "text": "Energy meters MID."
                }
            ],
            "key_value_pairs": [
                {
                    "section": "Technical data",
                    "property": "Measurement range, voltage I, N, AC",
                    "value": "176...276",
                    "unit": "V"
                },
                {
                    "section": "Technical data",
                    "property": "Three-wire system",
                    "value": "Yes",
                    "unit": ""
                },
                {
                    "section": "Technical data",
                    "property": "Four-wire system",
                    "value": "Yes",
                    "unit": ""
                },
                {
                    "section": "Technical data",
                    "property": "Measuring accuracy for voltage",
                    "value": "0.5",
                    "unit": "%"
                },
                {
                    "section": "Technical data",
                    "property": "Measuring accuracy for current",
                    "value": "0.5",
                    "unit": "%"
                },
                {
                    "section": "Technical data",
                    "property": "Number of pulse outputs",
                    "value": "2",
                    "unit": ""
                },
                {
                    "section": "Technical data",
                    "property": "Current-measuring channels",
                    "value": "1",
                    "unit": ""
                },
                {
                    "section": "Technical data",
                    "property": "Max. current",
                    "value": "5000",
                    "unit": "A"
                },
                {
                    "section": "Technical data",
                    "property": "Interface",
                    "value": "RS485",
                    "unit": ""
                },
                {
                    "section": "Technical data",
                    "property": "Protocol",
                    "value": "Modbus RTU",
                    "unit": ""
                }
            ]
        },
        {
            "reference": "EM120-RTU-2P-MID",
            "brand": "Energy Meter - BasicLine",
            "description": [
                {
                    "section": "Energy meters MID",
                    "text": "Energy meters MID."
                }
            ],
            "key_value_pairs": [
                {
                    "section": "Technical data",
                    "property": "Measurement range, voltage L-N, AC",
                    "value": "3 x 230",
                    "unit": "V"
                },
                {
                    "section": "Technical data",
                    "property": "Measurement range, voltage LL, AC",
                    "value": "400",
                    "unit": "V"
                },
                {
                    "section": "Technical data",
                    "property": "Surge voltage category",
                    "value": "III",
                    "unit": ""
                },
                {
                    "section": "Technical data",
                    "property": "Three-wire system",
                    "value": "Yes",
                    "unit": ""
                },
                {
                    "section": "Technical data",
                    "property": "Four-wire system",
                    "value": "Yes",
                    "unit": ""
                },
                {
                    "section": "Technical data",
                    "property": "Measuring accuracy for voltage",
                    "value": "0.5",
                    "unit": "%"
                },
                {
                    "section": "Technical data",
                    "property": "Measuring accuracy for current",
                    "value": "0.5",
                    "unit": "%"
                },
                {
                    "section": "Technical data",
                    "property": "Number of pulse outputs",
                    "value": "2",
                    "unit": ""
                },
                {
                    "section": "Technical data",
                    "property": "Current-measuring channels",
                    "value": "3",
                    "unit": ""
                },
                {
                    "section": "Technical data",
                    "property": "Max. current",
                    "value": "100",
                    "unit": "A"
                },
                {
                    "section": "Technical data",
                    "property": "Interface",
                    "value": "RS485",
                    "unit": ""
                },
                {
                    "section": "Technical data",
                    "property": "Protocol",
                    "value": "Modbus RTU",
                    "unit": ""
                }
            ]
        },
        {
            "reference": "EM122-RTU-2P-MID",
            "brand": "Energy Meter - BasicLine",
            "description": [
                {
                    "section": "Energy meters MID",
                    "text": "Energy meters MID."
                }
            ],
            "key_value_pairs": [
                {
                    "section": "Technical data",
                    "property": "Measurement range, voltage L-N, AC",
                    "value": "3 x 230",
                    "unit": "V"
                },
                {
                    "section": "Technical data",
                    "property": "Measurement range, voltage LL, AC",
                    "value": "400",
                    "unit": "V"
                },
                {
                    "section": "Technical data",
                    "property": "Surge voltage category",
                    "value": "W",
                    "unit": ""
                },
                {
                    "section": "Technical data",
                    "property": "Three-wire system",
                    "value": "Yes",
                    "unit": ""
                },
                {
                    "section": "Technical data",
                    "property": "Four-wire system",
                    "value": "Yes",
                    "unit": ""
                },
                {
                    "section": "Technical data",
                    "property": "Measuring accuracy for voltage",
                    "value": "0.5",
                    "unit": "%"
                },
                {
                    "section": "Technical data",
                    "property": "Measuring accuracy for current",
                    "value": "0.5",
                    "unit": "%"
                },
                {
                    "section": "Technical data",
                    "property": "Number of pulse outputs",
                    "value": "2",
                    "unit": ""
                },
                {
                    "section": "Technical data",
                    "property": "Current-measuring channels",
                    "value": "3",
                    "unit": ""
                },
                {
                    "section": "Technical data",
                    "property": "Max. current",
                    "value": "100",
                    "unit": "A"
                },
                {
                    "section": "Technical data",
                    "property": "Interface",
                    "value": "RS485",
                    "unit": ""
                },
                {
                    "section": "Technical data",
                    "property": "Protocol",
                    "value": "Modbus RTU",
                    "unit": ""
                }
            ]
        },
        {
            "reference": "EM D270-CBM",
            "brand": "Energy Meter - BasicLine",
            "description": [
                {
                    "section": "Selection table",
                    "text": "Selection table."
                }
            ],
            "key_value_pairs": [
                {
                    "section": "Technical Characteristics",
                    "property": "Measuring range, Voltage L-N, AC (without transducer)",
                    "value": "277",
                    "unit": "V"
                },
                {
                    "section": "Technical Characteristics",
                    "property": "Measuring range, Voltage L-L, AC (without transducer)",
                    "value": "480",
                    "unit": "V"
                },
                {
                    "section": "Technical Characteristics",
                    "property": "Overvoltage category",
                    "value": "300 V CAT III",
                    "unit": ""
                },
                {
                    "section": "Technical Characteristics",
                    "property": "Four wire",
                    "value": "Yes",
                    "unit": ""
                },
                {
                    "section": "Technical Characteristics",
                    "property": "Sampling frequency 50/60 Hz",
                    "value": "5.4",
                    "unit": "kHz"
                },
                {
                    "section": "Technical Characteristics",
                    "property": "Measurement points per second",
                    "value": "5.400",
                    "unit": ""
                },
                {
                    "section": "Technical Characteristics",
                    "property": "Measuring accuracy for voltage",
                    "value": "0.20",
                    "unit": "%"
                },
                {
                    "section": "Technical Characteristics",
                    "property": "Measuring accuracy for current",
                    "value": "0.20",
                    "unit": "%"
                },
                {
                    "section": "Technical Characteristics",
                    "property": "Current measurement channel",
                    "value": "3",
                    "unit": ""
                },
                {
                    "section": "Technical Characteristics",
                    "property": "Interfaces",
                    "value": "RS485",
                    "unit": ""
                },
                {
                    "section": "Technical Characteristics",
                    "property": "Protocols",
                    "value": "Modbus RTU",
                    "unit": ""
                }
            ]
        },
        {
            "reference": "EM D650",
            "brand": "Energy Meter - BasicLine",
            "description": [
                {
                    "section": "Selection table",
                    "text": "Selection table."
                }
            ],
            "key_value_pairs": [
                {
                    "section": "Technical Characteristics",
                    "property": "Measuring range, Voltage L-N, AC (without transducer)",
                    "value": "277",
                    "unit": "V"
                },
                {
                    "section": "Technical Characteristics",
                    "property": "Measuring range, Voltage L-L, AC (without transducer)",
                    "value": "480",
                    "unit": "V"
                },
                {
                    "section": "Technical Characteristics",
                    "property": "Overvoltage category",
                    "value": "300 V CAT III",
                    "unit": ""
                },
                {
                    "section": "Technical Characteristics",
                    "property": "Power supply voltage",
                    "value": "95 – 240 V AC; 135 – 340 V DC",
                    "unit": ""
                },
                {
                    "section": "Technical Characteristics",
                    "property": "Three wire",
                    "value": "Yes",
                    "unit": ""
                },
                {
                    "section": "Technical Characteristics",
                    "property": "Four wire",
                    "value": "Yes",
                    "unit": ""
                },
                {
                    "section": "Technical Characteristics",
                    "property": "Sampling frequency 50/60 Hz",
                    "value": "20",
                    "unit": "kHz"
                },
                {
                    "section": "Technical Characteristics",
                    "property": "Measurement points per second",
                    "value": "20.000",
                    "unit": ""
                },
                {
                    "section": "Technical Characteristics",
                    "property": "Measuring accuracy for voltage",
                    "value": "0.20",
                    "unit": "%"
                },
                {
                    "section": "Technical Characteristics",
                    "property": "Measuring accuracy for current",
                    "value": "0.25",
                    "unit": "%"
                },
                {
                    "section": "Technical Characteristics",
                    "property": "Number of digital inputs",
                    "value": "2",
                    "unit": ""
                },
                {
                    "section": "Technical Characteristics",
                    "property": "Number of digital outputs",
                    "value": "2",
                    "unit": ""
                },
                {
                    "section": "Technical Characteristics",
                    "property": "Number of pulse outputs",
                    "value": "2",
                    "unit": ""
                },
                {
                    "section": "Technical Characteristics",
                    "property": "Current measurement channel",
                    "value": "4",
                    "unit": ""
                },
                {
                    "section": "Technical Characteristics",
                    "property": "Temperature input",
                    "value": "1",
                    "unit": ""
                },
                {
                    "section": "Technical Characteristics",
                    "property": "Memory size",
                    "value": "4 MB Flash",
                    "unit": ""
                },
                {
                    "section": "Technical Characteristics",
                    "property": "Interfaces",
                    "value": "RS232, RS485",
                    "unit": ""
                },
                {
                    "section": "Technical Characteristics",
                    "property": "Protocols",
                    "value": "Modbus RTU",
                    "unit": ""
                }
            ]
        },
        {
            "reference": "EM 520",
            "brand": "Energy Meter - BasicLine",
            "description": [
                {
                    "section": "Selection table",
                    "text": "Selection table."
                }
            ],
            "key_value_pairs": [
                {
                    "section": "Technical Characteristics",
                    "property": "Measuring range, Voltage L-N, AC (without transducer)",
                    "value": "277",
                    "unit": "V"
                },
                {
                    "section": "Technical Characteristics",
                    "property": "Measuring range, Voltage L-L, AC (without transducer)",
                    "value": "480",
                    "unit": "V"
                },
                {
                    "section": "Technical Characteristics",
                    "property": "Overvoltage category",
                    "value": "300 V CAT III",
                    "unit": ""
                },
                {
                    "section": "Technical Characteristics",
                    "property": "Power supply voltage",
                    "value": "24 – 90 V AC; 24 – 90 V DC",
                    "unit": ""
                },
                {
                    "section": "Technical Characteristics",
                    "property": "Three wire",
                    "value": "Yes",
                    "unit": ""
                },
                {
                    "section": "Technical Characteristics",
                    "property": "Four wire",
                    "value": "Yes",
                    "unit": ""
                },
                {
                    "section": "Technical Characteristics",
                    "property": "Sampling frequency 50/60 Hz",
                    "value": "21.33 / 25.6",
                    "unit": "kHz"
                },
                {
                    "section": "Technical Characteristics",
                    "property": "Measurement points per second",
                    "value": "21.330 / 25.600",
                    "unit": ""
                },
                {
                    "section": "Technical Characteristics",
                    "property": "Measuring accuracy for voltage",
                    "value": "0.20",
                    "unit": "%"
                },
                {
                    "section": "Technical Characteristics",
                    "property": "Measuring accuracy for current",
                    "value": "0.20",
                    "unit": "%"
                },
                {
                    "section": "Technical Characteristics",
                    "property": "Number of digital outputs",
                    "value": "2",
                    "unit": ""
                },
                {
                    "section": "Technical Characteristics",
                    "property": "Number of pulse outputs",
                    "value": "2",
                    "unit": ""
                },
                {
                    "section": "Technical Characteristics",
                    "property": "Current measurement channel",
                    "value": "3",
                    "unit": ""
                },
                {
                    "section": "Technical Characteristics",
                    "property": "Interfaces",
                    "value": "RS485",
                    "unit": ""
                },
                {
                    "section": "Technical Characteristics",
                    "property": "Protocols",
                    "value": "Modbus RTU",
                    "unit": ""
                }
            ]
        },
        {
            "reference": "EM 535",
            "brand": "Energy Meter - BasicLine",
            "description": [
                {
                    "section": "Selection table",
                    "text": "Selection table."
                }
            ],
            "key_value_pairs": [
                {
                    "section": "Technical Characteristics",
                    "property": "Measuring range, Voltage L-N, AC (without transducer)",
                    "value": "277",
                    "unit": "V"
                },
                {
                    "section": "Technical Characteristics",
                    "property": "Measuring range, Voltage L-L, AC (without transducer)",
                    "value": "480",
                    "unit": "V"
                },
                {
                    "section": "Technical Characteristics",
                    "property": "Overvoltage category",
                    "value": "300 V CAT III",
                    "unit": ""
                },
                {
                    "section": "Technical Characteristics",
                    "property": "Power supply voltage",
                    "value": "90 – 277 V AC; 90 – 250 V DC",
                    "unit": ""
                },
                {
                    "section": "Technical Characteristics",
                    "property": "Three wire",
                    "value": "Yes",
                    "unit": ""
                },
                {
                    "section": "Technical Characteristics",
                    "property": "Four wire",
                    "value": "Yes",
                    "unit": ""
                },
                {
                    "section": "Technical Characteristics",
                    "property": "Sampling frequency 50/60 Hz",
                    "value": "21.33 / 25.6",
                    "unit": "kHz"
                },
                {
                    "section": "Technical Characteristics",
                    "property": "Measurement points per second",
                    "value": "21.330 / 25.600",
                    "unit": ""
                },
                {
                    "section": "Technical Characteristics",
                    "property": "Measuring accuracy for voltage",
                    "value": "0.20",
                    "unit": "%"
                },
                {
                    "section": "Technical Characteristics",
                    "property": "Measuring accuracy for current",
                    "value": "0.20",
                    "unit": "%"
                },
                {
                    "section": "Technical Characteristics",
                    "property": "Current measurement channel",
                    "value": "3",
                    "unit": ""
                },
                {
                    "section": "Technical Characteristics",
                    "property": "Interfaces",
                    "value": "Ethernet",
                    "unit": ""
                },
                {
                    "section": "Technical Characteristics",
                    "property": "Protocols",
                    "value": "Modbus TCP/IP, Modbus RTU over Ethernet, SNMP",
                    "unit": ""
                }
            ]
        }
    ]
}