{
    "parts": [
        {
            "reference": "NO_REF",
            "brand": "NO_BRAND",
            "description": [
                {
                    "section": "Dimensions",
                    "text": "The product has specific dimensions and angles as shown in the diagram."
                },
                {
                    "section": "Technical Specifications",
                    "text": "The product includes technical specifications such as terminal resistance, terminal inductance, torque constant, speed constant, and more."
                }
            ],
            "key_value_pairs": [
                {
                    "section": "Dimensions",
                    "property": "Diameter",
                    "value": "16",
                    "unit": "mm"
                },
                {
                    "section": "Dimensions",
                    "property": "Angle",
                    "value": "30",
                    "unit": "\u00b0"
                },
                {
                    "section": "Dimensions",
                    "property": "Tolerance",
                    "value": "15",
                    "unit": "\u00b0"
                },
                {
                    "section": "Dimensions",
                    "property": "Length",
                    "value": "0.9",
                    "unit": "ca."
                },
                {
                    "section": "Dimensions",
                    "property": "Angle",
                    "value": "67",
                    "unit": "\u00b0"
                },
                {
                    "section": "Dimensions",
                    "property": "Tolerance",
                    "value": "5",
                    "unit": "\u00b0"
                },
                {
                    "section": "Dimensions",
                    "property": "Length",
                    "value": "18.4",
                    "unit": "ca."
                },
                {
                    "section": "Dimensions",
                    "property": "Diameter",
                    "value": "17",
                    "unit": "mm"
                },
                {
                    "section": "Dimensions",
                    "property": "Thread",
                    "value": "M2x3",
                    "unit": "tief/deep"
                },
                {
                    "section": "Dimensions",
                    "property": "Terminal",
                    "value": "2.8x0.5",
                    "unit": ""
                },
                {
                    "section": "Technical Specifications",
                    "property": "Nominal voltage",
                    "value": "72",
                    "unit": "V"
                },
                {
                    "section": "Technical Specifications",
                    "property": "No load speed",
                    "value": "10500",
                    "unit": "rpm"
                },
                {
                    "section": "Technical Specifications",
                    "property": "No load current",
                    "value": "133",
                    "unit": "mA"
                },
                {
                    "section": "Technical Specifications",
                    "property": "Nominal speed",
                    "value": "8970",
                    "unit": "rpm"
                },
                {
                    "section": "Technical Specifications",
                    "property": "Nominal torque",
                    "value": "21.9",
                    "unit": "mNm"
                },
                {
                    "section": "Technical Specifications",
                    "property": "Nominal current",
                    "value": "3.68",
                    "unit": "A"
                },
                {
                    "section": "Technical Specifications",
                    "property": "Stall torque",
                    "value": "259",
                    "unit": "mNm"
                },
                {
                    "section": "Technical Specifications",
                    "property": "Stall current",
                    "value": "42.1",
                    "unit": "A"
                },
                {
                    "section": "Technical Specifications",
                    "property": "Max. efficiency",
                    "value": "79",
                    "unit": "%"
                },
                {
                    "section": "Technical Specifications",
                    "property": "Terminal resistance",
                    "value": "0.171",
                    "unit": "\u03a9"
                },
                {
                    "section": "Technical Specifications",
                    "property": "Terminal inductance",
                    "value": "0.016",
                    "unit": "mH"
                },
                {
                    "section": "Technical Specifications",
                    "property": "Torque constant",
                    "value": "6.15",
                    "unit": "mNm/A"
                },
                {
                    "section": "Technical Specifications",
                    "property": "Speed constant",
                    "value": "1550",
                    "unit": "rpm/V"
                },
                {
                    "section": "Technical Specifications",
                    "property": "Speed/torque gradient",
                    "value": "43.2",
                    "unit": "rpm/mNm"
                },
                {
                    "section": "Technical Specifications",
                    "property": "Mechanical time constant",
                    "value": "6.52",
                    "unit": "ms"
                },
                {
                    "section": "Technical Specifications",
                    "property": "Rotor inertia",
                    "value": "14.4",
                    "unit": "gcm\u00b2"
                },
                {
                    "section": "Thermal Data",
                    "property": "Thermal resistance housing-ambient",
                    "value": "14.4",
                    "unit": "K/W"
                },
                {
                    "section": "Thermal Data",
                    "property": "Thermal resistance winding-housing",
                    "value": "5.1",
                    "unit": "K/W"
                },
                {
                    "section": "Thermal Data",
                    "property": "Thermal time constant winding",
                    "value": "27.7",
                    "unit": "s"
                },
                {
                    "section": "Thermal Data",
                    "property": "Thermal time constant motor",
                    "value": "543",
                    "unit": "s"
                },
                {
                    "section": "Thermal Data",
                    "property": "Ambient temperature",
                    "value": "-30 to +100",
                    "unit": "\u00b0C"
                },
                {
                    "section": "Thermal Data",
                    "property": "Max. winding temperature",
                    "value": "+155",
                    "unit": "\u00b0C"
                },
                {
                    "section": "Mechanical Data",
                    "property": "Max. speed",
                    "value": "14000",
                    "unit": "rpm"
                },
                {
                    "section": "Mechanical Data",
                    "property": "Axial play",
                    "value": "0.05-0.15",
                    "unit": "mm"
                },
                {
                    "section": "Mechanical Data",
                    "property": "Radial play",
                    "value": "0.025",
                    "unit": "mm"
                },
                {
                    "section": "Mechanical Data",
                    "property": "Max. axial load (dynamic)",
                    "value": "20",
                    "unit": "N"
                },
                {
                    "section": "Mechanical Data",
                    "property": "Max. force for press fits (static)",
                    "value": "60",
                    "unit": "N"
                },
                {
                    "section": "Mechanical Data",
                    "property": "Max. force for press fits (static, shaft supported)",
                    "value": "1000",
                    "unit": "N"
                },
                {
                    "section": "Mechanical Data",
                    "property": "Max. radial load, 5 mm from flange",
                    "value": "35",
                    "unit": "N"
                },
                {
                    "section": "Other Specifications",
                    "property": "Weight of motor",
                    "value": "115",
                    "unit": "g"
                }
            ]
        },
        {
            "reference": "414_GP 22 HD",
            "brand": "NO_BRAND",
            "description": [],
            "key_value_pairs": []
        },
        {
            "reference": "532_ESCON Module 24/2",
            "brand": "NO_BRAND",
            "description": [],
            "key_value_pairs": []
        },
        {
            "reference": "532_ESCON 36/2 DC",
            "brand": "NO_BRAND",
            "description": [],
            "key_value_pairs": []
        },
        {
            "reference": "416_GP 22 HD",
            "brand": "NO_BRAND",
            "description": [],
            "key_value_pairs": []
        },
        {
            "reference": "533_ESCON Module 50/5",
            "brand": "NO_BRAND",
            "description": [],
            "key_value_pairs": []
        },
        {
            "reference": "418_GP 32 BZ",
            "brand": "NO_BRAND",
            "description": [],
            "key_value_pairs": []
        },
        {
            "reference": "535_ESCON 50/5",
            "brand": "NO_BRAND",
            "description": [],
            "key_value_pairs": []
        },
        {
            "reference": "419_GP 32 A",
            "brand": "NO_BRAND",
            "description": [],
            "key_value_pairs": []
        },
        {
            "reference": "541_EPOS4 Micro 24/5",
            "brand": "NO_BRAND",
            "description": [],
            "key_value_pairs": []
        },
        {
            "reference": "422_GP 32 C",
            "brand": "NO_BRAND",
            "description": [],
            "key_value_pairs": []
        },
        {
            "reference": "542_EPOS4 Module 24/1.5",
            "brand": "NO_BRAND",
            "description": [],
            "key_value_pairs": []
        },
        {
            "reference": "429_KD 32",
            "brand": "NO_BRAND",
            "description": [],
            "key_value_pairs": []
        },
        {
            "reference": "542_EPOS4 Module 50/5",
            "brand": "NO_BRAND",
            "description": [],
            "key_value_pairs": []
        },
        {
            "reference": "452-460_GP 32 S",
            "brand": "NO_BRAND",
            "description": [],
            "key_value_pairs": []
        },
        {
            "reference": "543_EPOS4 Compact 24/5 3-axes",
            "brand": "NO_BRAND",
            "description": [],
            "key_value_pairs": []
        },
        {
            "reference": "544_EPOS4 Compact 24/1.5",
            "brand": "NO_BRAND",
            "description": [],
            "key_value_pairs": []
        },
        {
            "reference": "545_EPOS4 Compact 50/5",
            "brand": "NO_BRAND",
            "description": [],
            "key_value_pairs": []
        },
        {
            "reference": "547_EPOS4 50/5",
            "brand": "NO_BRAND",
            "description": [],
            "key_value_pairs": []
        }
    ]
}