{
    "parts": [
        {
            "reference": "SV/S 30.160.1.1",
            "brand": "ABB",
            "description": [
                {
                    "section": "Power Supply, 160 mA, MDRC",
                    "text": "KNX power supplies generate and monitor the KNX system voltage (SELV). The bus line is decoupled from the power supply by an integrated choke. The voltage output is short-circuit and overload protected. The two-color LED indicates device output status. With two-coloured status indicator and wide range input from 85\u2026265 V AC, 50/60 Hz."
                }
            ],
            "key_value_pairs": [
                {
                    "section": "Order details",
                    "property": "Type code",
                    "value": "SV/S 30.160.1.1",
                    "unit": ""
                },
                {
                    "section": "Order details",
                    "property": "Order code",
                    "value": "2CDG110144R0011",
                    "unit": ""
                },
                {
                    "section": "Mod. width",
                    "property": "Width",
                    "value": "4",
                    "unit": ""
                },
                {
                    "section": "Weight",
                    "property": "Weight",
                    "value": "0.30",
                    "unit": "kg"
                },
                {
                    "section": "Pack unit",
                    "property": "Pack unit",
                    "value": "1",
                    "unit": "pc."
                }
            ]
        },
        {
            "reference": "SV/S 30.320.1.1",
            "brand": "ABB",
            "description": [
                {
                    "section": "Power Supply, 320 mA, MDRC",
                    "text": "KNX power supplies generate and monitor the KNX system voltage (SELV). The bus line is decoupled from the power supply by an integrated choke. The voltage output is short-circuit and overload protected. The two-color LED indicates device output status. With two-coloured status indicator and wide range input from 85\u2026265 V AC, 50/60 Hz."
                }
            ],
            "key_value_pairs": [
                {
                    "section": "Order details",
                    "property": "Type code",
                    "value": "SV/S 30.320.1.1",
                    "unit": ""
                },
                {
                    "section": "Order details",
                    "property": "Order code",
                    "value": "2CDG110166R0011",
                    "unit": ""
                },
                {
                    "section": "Mod. width",
                    "property": "Width",
                    "value": "4",
                    "unit": ""
                },
                {
                    "section": "Weight",
                    "property": "Weight",
                    "value": "0.30",
                    "unit": "kg"
                },
                {
                    "section": "Pack unit",
                    "property": "Pack unit",
                    "value": "1",
                    "unit": "pc."
                }
            ]
        },
        {
            "reference": "SV/S 30.640.3.1",
            "brand": "ABB",
            "description": [
                {
                    "section": "Power Supply, 640 mA, MDRC",
                    "text": "KNX power supplies generate and monitor the KNX system voltage (SELV). The bus line is decoupled from the power supply by an integrated choke. The voltage output is short-circuit and overload protected. The two-color LED indicates device output status. Device type SV/S 30.640.3.1 has an additional 30 V DC short-circuit and overload protected voltage output that can be used to power an additional bus line (in combination with a separate choke). With two-coloured status indicator and wide range input from 85\u2026265 V AC, 50/60 Hz."
                }
            ],
            "key_value_pairs": [
                {
                    "section": "Order details",
                    "property": "Type code",
                    "value": "SV/S 30.640.3.1",
                    "unit": ""
                },
                {
                    "section": "Order details",
                    "property": "Order code",
                    "value": "2CDG110167R0011",
                    "unit": ""
                },
                {
                    "section": "Mod. width",
                    "property": "Width",
                    "value": "4",
                    "unit": ""
                },
                {
                    "section": "Weight",
                    "property": "Weight",
                    "value": "0.30",
                    "unit": "kg"
                },
                {
                    "section": "Pack unit",
                    "property": "Pack unit",
                    "value": "1",
                    "unit": "pc."
                }
            ]
        },
        {
            "reference": "SV/S 30.320.2.1",
            "brand": "ABB",
            "description": [
                {
                    "section": "Power Supply with Diagnostics, 320 mA, MDRC",
                    "text": "Compact Power Supply with Integrated choke. Quick diagnostics by LED display and ETS communication objects. Analysis of the operating state and the bus line possible by means of ABB i-bus Tool."
                }
            ],
            "key_value_pairs": [
                {
                    "section": "Order details",
                    "property": "Type code",
                    "value": "SV/S 30.320.2.1",
                    "unit": ""
                },
                {
                    "section": "Order details",
                    "property": "Order code",
                    "value": "2CDG110145R0011",
                    "unit": ""
                },
                {
                    "section": "Mod. width",
                    "property": "Width",
                    "value": "4",
                    "unit": ""
                },
                {
                    "section": "Weight",
                    "property": "Weight",
                    "value": "0.26",
                    "unit": "kg"
                },
                {
                    "section": "Pack unit",
                    "property": "Pack unit",
                    "value": "1",
                    "unit": "pc."
                }
            ]
        },
        {
            "reference": "SV/S 30.640.5.1",
            "brand": "ABB",
            "description": [
                {
                    "section": "Power Supply with Diagnostics, 640 mA, MDRC",
                    "text": "Compact Power Supply with integrated choke. Quick diagnostics by LED display and ETS communication objects. Analysis of the operating state and the bus line possible by means of ABB i-bus Tool. Additional voltage output to supply an additional line in conjunction with an additional choke."
                }
            ],
            "key_value_pairs": [
                {
                    "section": "Order details",
                    "property": "Type code",
                    "value": "SV/S 30.640.5.1",
                    "unit": ""
                },
                {
                    "section": "Order details",
                    "property": "Order code",
                    "value": "2CDG110146R0011",
                    "unit": ""
                },
                {
                    "section": "Mod. width",
                    "property": "Width",
                    "value": "4",
                    "unit": ""
                },
                {
                    "section": "Weight",
                    "property": "Weight",
                    "value": "0.26",
                    "unit": "kg"
                },
                {
                    "section": "Pack unit",
                    "property": "Pack unit",
                    "value": "1",
                    "unit": "pc."
                }
            ]
        },
        {
            "reference": "SU/S 30.640.2",
            "brand": "ABB",
            "description": [
                {
                    "section": "Uninterruptible KNX Power Supply, 640 mA, MDRC",
                    "text": "Uninterruptible power supply 640 mA with integrated choke for supplying an ABB i-bus KNX bus line, short-circuit- and overload-proof. LEDs to indicate the status of the bus current, mains voltage, and battery voltage. Wide range input from 85\u2026265 V AC, 50/60 Hz. The accumulator module AM/S 12.1 or up to 2 rechargeable batteries can be charged in normal operation by the voltage supply. The bus voltage is provided utilising the batteries in the event of a mains failure."
                }
            ],
            "key_value_pairs": [
                {
                    "section": "Order details",
                    "property": "Type code",
                    "value": "SU/S 30.640.2",
                    "unit": ""
                },
                {
                    "section": "Order details",
                    "property": "Order code",
                    "value": "2CDG110275R0011",
                    "unit": ""
                },
                {
                    "section": "Mod. width",
                    "property": "Width",
                    "value": "8",
                    "unit": ""
                },
                {
                    "section": "Weight",
                    "property": "Weight",
                    "value": "0.40",
                    "unit": "kg"
                },
                {
                    "section": "Pack unit",
                    "property": "Pack unit",
                    "value": "1",
                    "unit": "pc."
                }
            ]
        },
        {
            "reference": "AM/S 12.1",
            "brand": "ABB",
            "description": [
                {
                    "section": "Battery Module, 12 V DC, MDRC",
                    "text": "With lead-gel battery for use in uninterruptible power supply SU/S 30.640.2 and for maintaining the bus voltage during a mains failure for 10 minutes (at full load). Connection is made via 4-core standard cable."
                }
            ],
            "key_value_pairs": [
                {
                    "section": "Order details",
                    "property": "Type code",
                    "value": "AM/S 12.1",
                    "unit": ""
                },
                {
                    "section": "Order details",
                    "property": "Order code",
                    "value": "GHQ6310062R0111",
                    "unit": ""
                },
                {
                    "section": "Mod. width",
                    "property": "Width",
                    "value": "8",
                    "unit": ""
                },
                {
                    "section": "Weight",
                    "property": "Weight",
                    "value": "0.81",
                    "unit": "kg"
                },
                {
                    "section": "Pack unit",
                    "property": "Pack unit",
                    "value": "1",
                    "unit": "pc."
                }
            ]
        },
        {
            "reference": "KS/K 4.1",
            "brand": "ABB",
            "description": [
                {
                    "section": "Cable Sets",
                    "text": "For connection of sealed lead gel batteries SAK7, SAK12 and SAK17 to the uninterruptible KNX power supply SU/S 30.640.2 or the uninterruptible power supply NTU/S 12.2000.1. If only one battery is connected, the basic cable set KS/K 4.1 with integrated temperature sensor is to be used."
                }
            ],
            "key_value_pairs": [
                {
                    "section": "Order details",
                    "property": "Type code",
                    "value": "KS/K 4.1",
                    "unit": ""
                },
                {
                    "section": "Order details",
                    "property": "Order code",
                    "value": "GHQ6301910R0001",
                    "unit": ""
                },
                {
                    "section": "Weight",
                    "property": "Weight",
                    "value": "0.18",
                    "unit": "kg"
                },
                {
                    "section": "Pack unit",
                    "property": "Pack unit",
                    "value": "1",
                    "unit": "pc."
                }
            ]
        },
        {
            "reference": "KS/K 2.1",
            "brand": "ABB",
            "description": [
                {
                    "section": "Cable Sets",
                    "text": "In case two batteries are connected in parallel, the basic cable set KS/K 4.1 is to be used for the first battery and the extension cable set KS/K 2.1 is to used for the second battery. It is not permitted to connect more than two batteries in parallel."
                }
            ],
            "key_value_pairs": [
                {
                    "section": "Order details",
                    "property": "Type code",
                    "value": "KS/K 2.1",
                    "unit": ""
                },
                {
                    "section": "Order details",
                    "property": "Order code",
                    "value": "GHQ6301910R0011",
                    "unit": ""
                },
                {
                    "section": "Weight",
                    "property": "Weight",
                    "value": "0.12",
                    "unit": "kg"
                },
                {
                    "section": "Pack unit",
                    "property": "Pack unit",
                    "value": "1",
                    "unit": "pc."
                }
            ]
        },
        {
            "reference": "DR/S 4.1",
            "brand": "ABB",
            "description": [
                {
                    "section": "Choke, MDRC",
                    "text": "The device can be used together with a SV/S 30.640.5.1 or SV/S 30.640.3.1 to supply a second line. The device has a reset switch for isolating the bus voltage and resetting the bus devices connected to this line. Connection to ABB I-bus via Bus Connection Terminal."
                }
            ],
            "key_value_pairs": [
                {
                    "section": "Order details",
                    "property": "Type code",
                    "value": "DR/S 4.1",
                    "unit": ""
                },
                {
                    "section": "Order details",
                    "property": "Order code",
                    "value": "2CDG110029R0011",
                    "unit": ""
                },
                {
                    "section": "Mod. width",
                    "property": "Width",
                    "value": "2",
                    "unit": ""
                },
                {
                    "section": "Weight",
                    "property": "Weight",
                    "value": "0.16",
                    "unit": "kg"
                },
                {
                    "section": "Pack unit",
                    "property": "Pack unit",
                    "value": "1",
                    "unit": "pc."
                }
            ]
        },
        {
            "reference": "NTI/Z 28.30.1",
            "brand": "ABB",
            "description": [
                {
                    "section": "Commissioning Power Supply, 28 V DC, 30 mA",
                    "text": "For temporary power supply of KNX devices during commissioning. The Euroconnector and plug-in terminal provide faster connection and supply of devices with manual operation (e.g. FCC/S or SA/S)."
                }
            ],
            "key_value_pairs": [
                {
                    "section": "Order details",
                    "property": "Type code",
                    "value": "NTI/Z 28.30.1",
                    "unit": ""
                },
                {
                    "section": "Order details",
                    "property": "Order code",
                    "value": "2CDG110096R0011",
                    "unit": ""
                },
                {
                    "section": "Weight",
                    "property": "Weight",
                    "value": "0.14",
                    "unit": "kg"
                },
                {
                    "section": "Pack unit",
                    "property": "Pack unit",
                    "value": "1",
                    "unit": "pc."
                }
            ]
        },
        {
            "reference": "CP-D 24/2.5",
            "brand": "ABB",
            "description": [
                {
                    "section": "Power Supply Units, MDRC",
                    "text": "The supply units that can be used universally as auxiliary power supply in KNX installations or other SELV applications. The devices supply a regulated output voltage of 12 V DC or 24 V DC with a maximum output current of 0.42 A up to 4.2 A. The units are protected against overload, the output being able to sustain a continuous short circuit. LED indication of the status of the supply and output voltage. With a width between one to five modules only, the CP-D range power supplies are ideally suited for the installation in distribution panels. Optimised for world-wide applications: The CP-D power supplies can be supplied with a rated voltage of 100-240 V AC."
                }
            ],
            "key_value_pairs": [
                {
                    "section": "Order details",
                    "property": "Type code",
                    "value": "CP-D 24/2.5",
                    "unit": ""
                },
                {
                    "section": "Order details",
                    "property": "Order code",
                    "value": "2CDG120037R0011",
                    "unit": ""
                },
                {
                    "section": "Mod. width",
                    "property": "Width",
                    "value": "4",
                    "unit": ""
                },
                {
                    "section": "Weight",
                    "property": "Weight",
                    "value": "0.25",
                    "unit": "kg"
                },
                {
                    "section": "Pack unit",
                    "property": "Pack unit",
                    "value": "1",
                    "unit": "pc."
                }
            ]
        },
        {
            "reference": "NTU/S 12.2000.1",
            "brand": "ABB",
            "description": [
                {
                    "section": "Uninterruptible Power Supply, 12 V DC, 2 A, MDRC",
                    "text": "Delivers sufficient power for all types of demanding applications with a buffered output voltage of 12 V DC (SELV) and a maximum output current of 2 A. Operating malfunctions of the power supply are signalled via a changeover contact and can be sent for evaluation purposes. Up to two 12 V DC sealed lead-acid batteries (gel cell) can be connected in parallel with the power supply, in conjunction with the KS/K 4.1 and KS/K 2.1 cable sets, or the AM/S 12.1 battery module."
                }
            ],
            "key_value_pairs": [
                {
                    "section": "Order details",
                    "property": "Type code",
                    "value": "NTU/S 12.2000.1",
                    "unit": ""
                },
                {
                    "section": "Order details",
                    "property": "Order code",
                    "value": "2CDG110070R0011",
                    "unit": ""
                },
                {
                    "section": "Mod. width",
                    "property": "Width",
                    "value": "8",
                    "unit": ""
                },
                {
                    "section": "Weight",
                    "property": "Weight",
                    "value": "0.43",
                    "unit": "kg"
                },
                {
                    "section": "Pack unit",
                    "property": "Pack unit",
                    "value": "1",
                    "unit": "pc."
                }
            ]
        }
    ]
}