[
    {
        "parts": [
            {
                "reference": "TGS011AA",
                "brand": "TTi",
                "description": [
                    {
                        "section": "General",
                        "text": "1-channel function generator."
                    }
                ],
                "key_value_pairs": [
                    {
                        "section": "Sine Frequency",
                        "property": "Frequency Range",
                        "value": "1",
                        "unit": "uHz"
                    },
                    {
                        "section": "Sine Frequency",
                        "property": "Frequency Range",
                        "value": "50",
                        "unit": "MHz"
                    },
                    {
                        "section": "Sine Flatness",
                        "property": "Flatness",
                        "value": "\u00b10.1",
                        "unit": "dB"
                    },
                    {
                        "section": "Sine Flatness",
                        "property": "Frequency",
                        "value": "100",
                        "unit": "kHz"
                    },
                    {
                        "section": "Square Rise/Fall Times",
                        "property": "Rise/Fall Time",
                        "value": "8",
                        "unit": "ns"
                    }
                ]
            },
            {
                "reference": "TG2511A",
                "brand": "TTi",
                "description": [
                    {
                        "section": "General",
                        "text": "1-channel function generator."
                    }
                ],
                "key_value_pairs": [
                    {
                        "section": "Sine Frequency",
                        "property": "Frequency Range",
                        "value": "1",
                        "unit": "uHz"
                    },
                    {
                        "section": "Sine Frequency",
                        "property": "Frequency Range",
                        "value": "25",
                        "unit": "MHz"
                    },
                    {
                        "section": "Square Rise/Fall Times",
                        "property": "Rise/Fall Time",
                        "value": "13",
                        "unit": "ns"
                    }
                ]
            },
            {
                "reference": "TGP3151",
                "brand": "TTi",
                "description": [
                    {
                        "section": "General",
                        "text": "1-channel function generator."
                    }
                ],
                "key_value_pairs": [
                    {
                        "section": "Sine Frequency",
                        "property": "Frequency Range",
                        "value": "1",
                        "unit": "mHz"
                    },
                    {
                        "section": "Sine Frequency",
                        "property": "Frequency Range",
                        "value": "50",
                        "unit": "MHz"
                    },
                    {
                        "section": "Square Rise/Fall Times",
                        "property": "Rise/Fall Time",
                        "value": "5",
                        "unit": "ns"
                    }
                ]
            },
            {
                "reference": "TGP3121",
                "brand": "TTi",
                "description": [
                    {
                        "section": "General",
                        "text": "1-channel function generator."
                    }
                ],
                "key_value_pairs": [
                    {
                        "section": "Sine Frequency",
                        "property": "Frequency Range",
                        "value": "1",
                        "unit": "mHz"
                    },
                    {
                        "section": "Sine Frequency",
                        "property": "Frequency Range",
                        "value": "25",
                        "unit": "MHz"
                    },
                    {
                        "section": "Square Rise/Fall Times",
                        "property": "Rise/Fall Time",
                        "value": "10",
                        "unit": "ns"
                    }
                ]
            },
            {
                "reference": "TGF4242",
                "brand": "TTi",
                "description": [
                    {
                        "section": "General",
                        "text": "2-channel function generator."
                    }
                ],
                "key_value_pairs": [
                    {
                        "section": "Sine Frequency",
                        "property": "Frequency Range",
                        "value": "1",
                        "unit": "uHz"
                    },
                    {
                        "section": "Sine Frequency",
                        "property": "Frequency Range",
                        "value": "240",
                        "unit": "MHz"
                    },
                    {
                        "section": "Square Rise/Fall Times",
                        "property": "Rise/Fall Time",
                        "value": "3",
                        "unit": "ns"
                    },
                    {
                        "section": "ARB Sampling Rate",
                        "property": "Sampling Rate",
                        "value": "800",
                        "unit": "Msps"
                    }
                ]
            },
            {
                "reference": "TGF4162",
                "brand": "TTi",
                "description": [
                    {
                        "section": "General",
                        "text": "2-channel function generator."
                    }
                ],
                "key_value_pairs": [
                    {
                        "section": "Sine Frequency",
                        "property": "Frequency Range",
                        "value": "1",
                        "unit": "uHz"
                    },
                    {
                        "section": "Sine Frequency",
                        "property": "Frequency Range",
                        "value": "160",
                        "unit": "MHz"
                    },
                    {
                        "section": "Square Rise/Fall Times",
                        "property": "Rise/Fall Time",
                        "value": "3",
                        "unit": "ns"
                    },
                    {
                        "section": "ARB Sampling Rate",
                        "property": "Sampling Rate",
                        "value": "800",
                        "unit": "Msps"
                    }
                ]
            },
            {
                "reference": "TGF4082",
                "brand": "TTi",
                "description": [
                    {
                        "section": "General",
                        "text": "2-channel function generator."
                    }
                ],
                "key_value_pairs": [
                    {
                        "section": "Sine Frequency",
                        "property": "Frequency Range",
                        "value": "1",
                        "unit": "uHz"
                    },
                    {
                        "section": "Sine Frequency",
                        "property": "Frequency Range",
                        "value": "80",
                        "unit": "MHz"
                    },
                    {
                        "section": "Square Rise/Fall Times",
                        "property": "Rise/Fall Time",
                        "value": "10",
                        "unit": "ns"
                    },
                    {
                        "section": "ARB Sampling Rate",
                        "property": "Sampling Rate",
                        "value": "400",
                        "unit": "Msps"
                    }
                ]
            },
            {
                "reference": "TGF4042",
                "brand": "TTi",
                "description": [
                    {
                        "section": "General",
                        "text": "2-channel function generator."
                    }
                ],
                "key_value_pairs": [
                    {
                        "section": "Sine Frequency",
                        "property": "Frequency Range",
                        "value": "1",
                        "unit": "uHz"
                    },
                    {
                        "section": "Sine Frequency",
                        "property": "Frequency Range",
                        "value": "40",
                        "unit": "MHz"
                    },
                    {
                        "section": "Square Rise/Fall Times",
                        "property": "Rise/Fall Time",
                        "value": "10",
                        "unit": "ns"
                    },
                    {
                        "section": "ARB Sampling Rate",
                        "property": "Sampling Rate",
                        "value": "400",
                        "unit": "Msps"
                    }
                ]
            }
        ]
    }
]