{
    "parts": [
        {
            "reference": "TTi TG501xA/251xA Series",
            "brand": "TTi",
            "description": [],
            "key_value_pairs": [
                {
                    "section": "PRBS",
                    "property": "PRBS",
                    "value": "1ubps - 50Mbps",
                    "unit": ""
                },
                {
                    "section": "PRBS",
                    "property": "PRBS",
                    "value": "1ubps - 25Mbps",
                    "unit": ""
                },
                {
                    "section": "PRBS EDGE",
                    "property": "PRBS EDGE",
                    "value": "8",
                    "unit": "ns"
                },
                {
                    "section": "PRBS EDGE",
                    "property": "PRBS EDGE",
                    "value": "40",
                    "unit": "us"
                },
                {
                    "section": "PRBS EDGE",
                    "property": "PRBS EDGE",
                    "value": "13",
                    "unit": "ns"
                },
                {
                    "section": "PRBS SEQUENCE LENGTH",
                    "property": "PRBS SEQUENCE LENGTH",
                    "value": "7,9,11,15,20,23",
                    "unit": ""
                },
                {
                    "section": "USER DEFINED PATTERN",
                    "property": "USER DEFINED PATTERN",
                    "value": "Not offered",
                    "unit": ""
                },
                {
                    "section": "EXTERNAL PATTERN",
                    "property": "EXTERNAL PATTERN",
                    "value": "Not offered",
                    "unit": ""
                },
                {
                    "section": "NOISE BANDWIDTH (-3dB)",
                    "property": "NOISE BANDWIDTH",
                    "value": "20",
                    "unit": "MHz"
                },
                {
                    "section": "NOISE AMPLITUDE DISTRIBUTION",
                    "property": "NOISE AMPLITUDE DISTRIBUTION",
                    "value": "Gaussian",
                    "unit": "Crest Factor 5.27"
                },
                {
                    "section": "HARMONIC OUTPUT",
                    "property": "HARMONIC OUTPUT",
                    "value": "Not offered",
                    "unit": ""
                },
                {
                    "section": "AMPLITUDE",
                    "property": "AMPLITUDE",
                    "value": "10mVp-p to 10Vp-p",
                    "unit": "into 50Ω"
                },
                {
                    "section": "AMPLITUDE RESOLUTION & ACCURACY",
                    "property": "AMPLITUDE RESOLUTION",
                    "value": "1",
                    "unit": "mVpp"
                },
                {
                    "section": "AMPLITUDE RESOLUTION & ACCURACY",
                    "property": "AMPLITUDE ACCURACY",
                    "value": "2",
                    "unit": "% ± 1 mV"
                },
                {
                    "section": "OFFSET",
                    "property": "OFFSET",
                    "value": "≤ 5",
                    "unit": "V into 50Ω"
                },
                {
                    "section": "OFFSET RESOLUTION & ACCURACY",
                    "property": "OFFSET RESOLUTION",
                    "value": "1",
                    "unit": "mV"
                },
                {
                    "section": "OFFSET RESOLUTION & ACCURACY",
                    "property": "OFFSET ACCURACY",
                    "value": "3",
                    "unit": "% ± 10 mV"
                },
                {
                    "section": "CHANNEL CROSSTALK (DUAL CHANNELS)",
                    "property": "CHANNEL CROSSTALK",
                    "value": "<-80",
                    "unit": "dB"
                },
                {
                    "section": "CARRIER PHASE",
                    "property": "CARRIER PHASE",
                    "value": "-360.0 to +360.0",
                    "unit": ""
                },
                {
                    "section": "MODULATION",
                    "property": "MODULATION",
                    "value": "AM, FM, PM, FSK, BPSK, SUM, PWM",
                    "unit": ""
                },
                {
                    "section": "MODULATION FREQUENCY",
                    "property": "MODULATION FREQUENCY",
                    "value": "1 uHz - 1 MHz",
                    "unit": "Internal"
                },
                {
                    "section": "MODULATION FREQUENCY",
                    "property": "MODULATION FREQUENCY",
                    "value": "DC - 20 kHz",
                    "unit": "External"
                },
                {
                    "section": "MODULATION FREQUENCY",
                    "property": "MODULATION FREQUENCY",
                    "value": "2 mHz - 100 kHz",
                    "unit": "Internal"
                },
                {
                    "section": "MODULATION FREQUENCY",
                    "property": "MODULATION FREQUENCY",
                    "value": "DC - 1 MHz",
                    "unit": "External"
                },
                {
                    "section": "MODULATION SOURCE",
                    "property": "MODULATION SOURCE",
                    "value": "Internal / External",
                    "unit": ""
                },
                {
                    "section": "CARRIER WAVEFORM",
                    "property": "CARRIER WAVEFORM",
                    "value": "Sine, Square, Ramp, Arb, PRBS",
                    "unit": ""
                },
                {
                    "section": "MODULATING WAVEFORM",
                    "property": "MODULATING WAVEFORM",
                    "value": "Sine, Square, Positive Ramp, Negative Ramp, Triangle, Gaussian Noise, DC, Sinc, Exponential Rise, Logarithmic Rise, PRBS (PN7 to PN23) and User Defined Arbs",
                    "unit": ""
                },
                {
                    "section": "AM DEPTH",
                    "property": "AM DEPTH",
                    "value": "0.0 % to 120.0 %",
                    "unit": ""
                },
                {
                    "section": "SWEEP",
                    "property": "SWEEP",
                    "value": "Linear or Logarithmic, Up, Down, Up/Down or Down/Up, Triggered or Continuous",
                    "unit": ""
                },
                {
                    "section": "SWEEP CARRIER WAVEFORM",
                    "property": "SWEEP CARRIER WAVEFORM",
                    "value": "Sine, Square, Ramp, Arb",
                    "unit": ""
                },
                {
                    "section": "SWEEP TIME",
                    "property": "SWEEP TIME",
                    "value": "1 ms - 500 s",
                    "unit": ""
                },
                {
                    "section": "SWEEP TRIGGER",
                    "property": "SWEEP TRIGGER",
                    "value": "Internal, External, Manual",
                    "unit": ""
                },
                {
                    "section": "SWEEP MARKER",
                    "property": "SWEEP MARKER",
                    "value": "Variable Marker",
                    "unit": ""
                },
                {
                    "section": "BURST",
                    "property": "BURST",
                    "value": "Cycle, Infinite, Gated",
                    "unit": ""
                },
                {
                    "section": "BURST CARRIER WAVEFORM",
                    "property": "BURST CARRIER WAVEFORM",
                    "value": "Sine, Square, Ramp, Pulse, Noise (only Gated), Arb, PRBS",
                    "unit": ""
                },
                {
                    "section": "CYCLE BURST COUNT",
                    "property": "CYCLE BURST COUNT",
                    "value": "1 - 16777215",
                    "unit": ""
                },
                {
                    "section": "INTERNAL PERIOD",
                    "property": "INTERNAL PERIOD",
                    "value": "1 us - 500 s",
                    "unit": ""
                },
                {
                    "section": "MAXIMUM CARRIER FREQUENCY FOR FINITE BURST",
                    "property": "MAXIMUM CARRIER FREQUENCY FOR FINITE BURST",
                    "value": "10",
                    "unit": "MHz"
                },
                {
                    "section": "GATED BURST SOURCE",
                    "property": "GATED BURST SOURCE",
                    "value": "Internal, External, Manual",
                    "unit": ""
                },
                {
                    "section": "TRIGGER SOURCE",
                    "property": "TRIGGER SOURCE",
                    "value": "Internal, External, Manual",
                    "unit": ""
                },
                {
                    "section": "TRIGGER TO OUTPUT JITTER",
                    "property": "TRIGGER TO OUTPUT JITTER",
                    "value": "8",
                    "unit": "ns"
                },
                {
                    "section": "DUAL CHANNEL FUNCTIONS",
                    "property": "DUAL CHANNEL FUNCTIONS",
                    "value": "Tracking, Frequency coupling (fixed ratio or fixed offset), Amplitude / Offset coupling, Output coupling",
                    "unit": ""
                },
                {
                    "section": "SYNC OUTPUT",
                    "property": "SYNC OUTPUT",
                    "value": "Separate Sync for each channel",
                    "unit": ""
                },
                {
                    "section": "PHASE LOCKING",
                    "property": "PHASE LOCKING",
                    "value": "Channels can be aligned and can have a phase offset (0° to 360°, 0.1° resolution). Two generators can be coupled.",
                    "unit": ""
                },
                {
                    "section": "LAN INTERFACE",
                    "property": "LAN INTERFACE",
                    "value": "Standard, LXI",
                    "unit": ""
                },
                {
                    "section": "USB HOST / DEVICE",
                    "property": "USB HOST / DEVICE",
                    "value": "Standard",
                    "unit": ""
                },
                {
                    "section": "GPIB INTERFACE",
                    "property": "GPIB INTERFACE",
                    "value": "Optional",
                    "unit": ""
                },
                {
                    "section": "DISPLAY",
                    "property": "DISPLAY",
                    "value": "3.7 inches, 256 by 112 monochrome graphics display",
                    "unit": ""
                }
            ]
        },
        {
            "reference": "TTi TGP31XX Series",
            "brand": "TTi",
            "description": [],
            "key_value_pairs": [
                {
                    "section": "PRBS",
                    "property": "PRBS",
                    "value": "1mbps - 50Mbps",
                    "unit": ""
                },
                {
                    "section": "PRBS",
                    "property": "PRBS",
                    "value": "1mbps - 25Mbps",
                    "unit": ""
                },
                {
                    "section": "PRBS EDGE",
                    "property": "PRBS EDGE",
                    "value": "5",
                    "unit": "ns"
                },
                {
                    "section": "PRBS EDGE",
                    "property": "PRBS EDGE",
                    "value": "800",
                    "unit": "s"
                },
                {
                    "section": "PRBS EDGE",
                    "property": "PRBS EDGE",
                    "value": "8",
                    "unit": "ns"
                },
                {
                    "section": "PRBS SEQUENCE LENGTH",
                    "property": "PRBS SEQUENCE LENGTH",
                    "value": "7,9,11,15,20,23,29,31",
                    "unit": ""
                },
                {
                    "section": "USER DEFINED PATTERN",
                    "property": "USER DEFINED PATTERN",
                    "value": "Offered. Maximum pattern length 65536. 4 patterns can be stored in the instrument. Built-in pattern editing provided. Patterns can also be downloaded via remote interfaces.",
                    "unit": ""
                },
                {
                    "section": "EXTERNAL PATTERN",
                    "property": "EXTERNAL PATTERN",
                    "value": "External 1: Pattern is applied at external modulation input. Indefinite pattern length. Up to 5Mbps. Pattern is sampled at 50Mbps with user defined pattern threshold level. Input to output jitter 20ns.",
                    "unit": ""
                },
                {
                    "section": "EXTERNAL PATTERN",
                    "property": "EXTERNAL PATTERN",
                    "value": "External 2 (external width): Pattern is applied at external trigger input. Indefinite pattern length. Up to 50Mbps (TGP315x) or 25Mbps (TGP312x). Fixed latency. User defined threshold level. Input to output jitter 60ps RMS.",
                    "unit": ""
                },
                {
                    "section": "NOISE BANDWIDTH (-3dB)",
                    "property": "NOISE BANDWIDTH",
                    "value": "1 mHz - 25 MHz",
                    "unit": ""
                },
                {
                    "section": "NOISE BANDWIDTH (-3dB)",
                    "property": "NOISE BANDWIDTH",
                    "value": "1 mHz - 12.5 MHz",
                    "unit": ""
                },
                {
                    "section": "NOISE AMPLITUDE DISTRIBUTION",
                    "property": "NOISE AMPLITUDE DISTRIBUTION",
                    "value": "Gaussian (Crest Factor 3.3, 4.8, 6.0 or 7.0) or user defined. Built-in user defined distribution editing provided. User defined distribution can also be downloaded via remote interfaces.",
                    "unit": ""
                },
                {
                    "section": "HARMONIC OUTPUT",
                    "property": "HARMONIC OUTPUT",
                    "value": "Not offered",
                    "unit": ""
                },
                {
                    "section": "AMPLITUDE",
                    "property": "AMPLITUDE",
                    "value": "100mVp-p to 10Vp-p",
                    "unit": "into 50Ω (50Ω source)"
                },
                {
                    "section": "AMPLITUDE",
                    "property": "AMPLITUDE",
                    "value": "200mVp-p to 20Vp-p",
                    "unit": "into 50Ω (5Ω source)"
                },
                {
                    "section": "AMPLITUDE RESOLUTION & ACCURACY",
                    "property": "AMPLITUDE RESOLUTION",
                    "value": "1",
                    "unit": "mVpp"
                },
                {
                    "section": "AMPLITUDE RESOLUTION & ACCURACY",
                    "property": "AMPLITUDE ACCURACY",
                    "value": "1.5",
                    "unit": "% ± 5 mV"
                },
                {
                    "section": "OFFSET",
                    "property": "OFFSET",
                    "value": "≤ 5",
                    "unit": "V into 50Ω (50Ω source)"
                },
                {
                    "section": "OFFSET",
                    "property": "OFFSET",
                    "value": "± 10",
                    "unit": "V into 50Ω (5Ω source)"
                },
                {
                    "section": "OFFSET RESOLUTION & ACCURACY",
                    "property": "OFFSET RESOLUTION",
                    "value": "1",
                    "unit": "mV"
                },
                {
                    "section": "OFFSET RESOLUTION & ACCURACY",
                    "property": "OFFSET ACCURACY",
                    "value": "1",
                    "unit": "% ± 50 mV"
                },
                {
                    "section": "CHANNEL CROSSTALK (DUAL CHANNELS)",
                    "property": "CHANNEL CROSSTALK",
                    "value": "<-80",
                    "unit": "dB"
                },
                {
                    "section": "CARRIER PHASE",
                    "property": "CARRIER PHASE",
                    "value": "-360.000 to +360.000",
                    "unit": ""
                },
                {
                    "section": "MODULATION",
                    "property": "MODULATION",
                    "value": "AM, AM-SC (suppressed carrier), FM, PM, FSK, BPSK, SUM, PWM, PDM, SPDM",
                    "unit": ""
                },
                {
                    "section": "MODULATION FREQUENCY",
                    "property": "MODULATION FREQUENCY",
                    "value": "1 uHz - 10 MHz",
                    "unit": "Internal"
                },
                {
                    "section": "MODULATION FREQUENCY",
                    "property": "MODULATION FREQUENCY",
                    "value": "DC - 5 MHz",
                    "unit": "External"
                },
                {
                    "section": "MODULATION FREQUENCY",
                    "property": "MODULATION FREQUENCY",
                    "value": "2 mHz - 10 MHz",
                    "unit": "Internal"
                },
                {
                    "section": "MODULATION FREQUENCY",
                    "property": "MODULATION FREQUENCY",
                    "value": "DC - 50 MHz (25 MHz for TGP312x)",
                    "unit": "External"
                },
                {
                    "section": "MODULATION SOURCE",
                    "property": "MODULATION SOURCE",
                    "value": "Internal / External / Other channel",
                    "unit": ""
                },
                {
                    "section": "CARRIER WAVEFORM",
                    "property": "CARRIER WAVEFORM",
                    "value": "Pulse, Double Pulse, Square, Pattern / PRBS, Function (Sine, Ramp, etcetera), Arb, Noise",
                    "unit": ""
                },
                {
                    "section": "MODULATING WAVEFORM",
                    "property": "MODULATING WAVEFORM",
                    "value": "Sine, Square, Positive Ramp, Negative Ramp, Triangle, Gaussian Noise, DC, Sinc, Exponential Rise, Exponential Fall, Logarithmic Rise, Logarithmic Fall, Haversine, Gaussian, Lorentz, D-Lorentz, Cardiac, PRBS (PN7 to PN31) and User Defined Arbs",
                    "unit": ""
                },
                {
                    "section": "AM DEPTH",
                    "property": "AM DEPTH",
                    "value": "0.0 % to 100.0 %",
                    "unit": ""
                },
                {
                    "section": "SWEEP",
                    "property": "SWEEP",
                    "value": "Linear or Logarithmic, Up or Down, Triggered or Continuous",
                    "unit": ""
                },
                {
                    "section": "SWEEP CARRIER WAVEFORM",
                    "property": "SWEEP CARRIER WAVEFORM",
                    "value": "Pulse, Double Pulse, Square, Pattern / PRBS, Function (Sine, Ramp, etcetera), Arb",
                    "unit": ""
                },
                {
                    "section": "SWEEP TIME",
                    "property": "SWEEP TIME",
                    "value": "100 us - 500 s",
                    "unit": ""
                },
                {
                    "section": "HOLD / RETURN TIME",
                    "property": "HOLD / RETURN TIME",
                    "value": "100 us - 500 s",
                    "unit": ""
                },
                {
                    "section": "SWEEP TRIGGER",
                    "property": "SWEEP TRIGGER",
                    "value": "Internal, External, Manual",
                    "unit": ""
                },
                {
                    "section": "SWEEP MARKER",
                    "property": "SWEEP MARKER",
                    "value": "Variable Marker",
                    "unit": ""
                },
                {
                    "section": "BURST",
                    "property": "BURST",
                    "value": "Cycle, Infinite, Gated",
                    "unit": ""
                },
                {
                    "section": "BURST CARRIER WAVEFORM",
                    "property": "BURST CARRIER WAVEFORM",
                    "value": "Pulse, Double Pulse, Square, Pattern / PRBS, Noise, Function (Sine, Ramp, etcetera), Arb",
                    "unit": ""
                },
                {
                    "section": "CYCLE BURST COUNT",
                    "property": "CYCLE BURST COUNT",
                    "value": "1 - 4294967295",
                    "unit": ""
                },
                {
                    "section": "INTERNAL PERIOD",
                    "property": "INTERNAL PERIOD",
                    "value": "20 ns - 500 s",
                    "unit": ""
                },
                {
                    "section": "MAXIMUM CARRIER FREQUENCY FOR FINITE BURST",
                    "property": "MAXIMUM CARRIER FREQUENCY FOR FINITE BURST",
                    "value": "50",
                    "unit": "MHz"
                },
                {
                    "section": "GATED BURST SOURCE",
                    "property": "GATED BURST SOURCE",
                    "value": "Internal, External, Manual",
                    "unit": ""
                },
                {
                    "section": "TRIGGER SOURCE",
                    "property": "TRIGGER SOURCE",
                    "value": "Internal, External, Manual",
                    "unit": ""
                },
                {
                    "section": "TRIGGER TO OUTPUT JITTER",
                    "property": "TRIGGER TO OUTPUT JITTER",
                    "value": "60",
                    "unit": "ps RMS"
                },
                {
                    "section": "DUAL CHANNEL FUNCTIONS",
                    "property": "DUAL CHANNEL FUNCTIONS",
                    "value": "Tracking, Frequency coupling (fixed ratio or fixed offset), Amplitude / Offset coupling, Output coupling, Channel Addition",
                    "unit": ""
                },
                {
                    "section": "SYNC OUTPUT",
                    "property": "SYNC OUTPUT",
                    "value": "Separate Sync for each channel",
                    "unit": ""
                },
                {
                    "section": "PHASE LOCKING",
                    "property": "PHASE LOCKING",
                    "value": "Channels can be aligned and can have a phase offset (0° to 360°, 0.001° resolution). Two generators can be coupled.",
                    "unit": ""
                },
                {
                    "section": "LAN INTERFACE",
                    "property": "LAN INTERFACE",
                    "value": "Standard, LXI",
                    "unit": ""
                },
                {
                    "section": "USB HOST / DEVICE",
                    "property": "USB HOST / DEVICE",
                    "value": "Standard",
                    "unit": ""
                },
                {
                    "section": "GPIB INTERFACE",
                    "property": "GPIB INTERFACE",
                    "value": "Optional",
                    "unit": ""
                },
                {
                    "section": "DISPLAY",
                    "property": "DISPLAY",
                    "value": "3.7 inches, 256 by 112 monochrome graphics display",
                    "unit": ""
                }
            ]
        },
        {
            "reference": "TTi TGF4XX2 Series",
            "brand": "TTi",
            "description": [],
            "key_value_pairs": [
                {
                    "section": "PRBS",
                    "property": "PRBS",
                    "value": "1ubps - 100Mbps",
                    "unit": ""
                },
                {
                    "section": "PRBS",
                    "property": "PRBS",
                    "value": "Only available in TGF4242 and TGF4162",
                    "unit": ""
                },
                {
                    "section": "PRBS EDGE",
                    "property": "PRBS EDGE",
                    "value": "3",
                    "unit": "ns"
                },
                {
                    "section": "PRBS EDGE",
                    "property": "PRBS EDGE",
                    "value": "5",
                    "unit": "ns"
                },
                {
                    "section": "PRBS SEQUENCE LENGTH",
                    "property": "PRBS SEQUENCE LENGTH",
                    "value": "7,9,11,15,20,23,29,31",
                    "unit": ""
                },
                {
                    "section": "USER DEFINED PATTERN",
                    "property": "USER DEFINED PATTERN",
                    "value": "Not offered",
                    "unit": ""
                },
                {
                    "section": "EXTERNAL PATTERN",
                    "property": "EXTERNAL PATTERN",
                    "value": "Not offered",
                    "unit": ""
                },
                {
                    "section": "NOISE BANDWIDTH (-3dB)",
                    "property": "NOISE BANDWIDTH",
                    "value": "100",
                    "unit": "MHz"
                },
                {
                    "section": "NOISE BANDWIDTH (-3dB)",
                    "property": "NOISE BANDWIDTH",
                    "value": "62.5",
                    "unit": "MHz"
                },
                {
                    "section": "NOISE AMPLITUDE DISTRIBUTION",
                    "property": "NOISE AMPLITUDE DISTRIBUTION",
                    "value": "Gaussian (Crest Factor 5.16)",
                    "unit": ""
                },
                {
                    "section": "NOISE AMPLITUDE DISTRIBUTION",
                    "property": "NOISE AMPLITUDE DISTRIBUTION",
                    "value": "Gaussian (Crest Factor 6.4)",
                    "unit": ""
                },
                {
                    "section": "HARMONIC OUTPUT",
                    "property": "HARMONIC OUTPUT",
                    "value": "1 mHz - 80 MHz",
                    "unit": ""
                },
                {
                    "section": "HARMONIC OUTPUT",
                    "property": "HARMONIC OUTPUT",
                    "value": "Order ≤ 50, Up to 16 different harmonics order can be defined. Amplitude and phase offset of each harmonics can be user defined. Harmonic waveform can also be created using Waveform Manager Plus software and downloaded via remote interfaces.",
                    "unit": ""
                },
                {
                    "section": "AMPLITUDE",
                    "property": "AMPLITUDE",
                    "value": "10mVp-p to 10Vp-p",
                    "unit": "into 50Ω"
                },
                {
                    "section": "AMPLITUDE",
                    "property": "AMPLITUDE",
                    "value": "10mVp-p to 5Vp-p",
                    "unit": "into 50Ω"
                },
                {
                    "section": "AMPLITUDE",
                    "property": "AMPLITUDE",
                    "value": "10mVp-p to 2.5Vp-p",
                    "unit": "into 50Ω"
                },
                {
                    "section": "AMPLITUDE RESOLUTION & ACCURACY",
                    "property": "AMPLITUDE RESOLUTION",
                    "value": "1",
                    "unit": "mVpp"
                },
                {
                    "section": "AMPLITUDE RESOLUTION & ACCURACY",
                    "property": "AMPLITUDE ACCURACY",
                    "value": "1.5",
                    "unit": "% ± 5 mV"
                },
                {
                    "section": "OFFSET",
                    "property": "OFFSET",
                    "value": "≤ 5",
                    "unit": "V into 50Ω"
                },
                {
                    "section": "OFFSET RESOLUTION & ACCURACY",
                    "property": "OFFSET RESOLUTION",
                    "value": "1",
                    "unit": "mV"
                },
                {
                    "section": "OFFSET RESOLUTION & ACCURACY",
                    "property": "OFFSET ACCURACY",
                    "value": "1",
                    "unit": "% ± 50 mV"
                },
                {
                    "section": "CHANNEL CROSSTALK (DUAL CHANNELS)",
                    "property": "CHANNEL CROSSTALK",
                    "value": "<-80",
                    "unit": "dB"
                },
                {
                    "section": "CARRIER PHASE",
                    "property": "CARRIER PHASE",
                    "value": "-360.000 to +360.000",
                    "unit": ""
                },
                {
                    "section": "MODULATION",
                    "property": "MODULATION",
                    "value": "AM, AM-SC, FM, PM, ASK, FSK, BPSK, SUM, PWM",
                    "unit": ""
                },
                {
                    "section": "MODULATION FREQUENCY",
                    "property": "MODULATION FREQUENCY",
                    "value": "1 uHz - 10 MHz",
                    "unit": "Internal"
                },
                {
                    "section": "MODULATION FREQUENCY",
                    "property": "MODULATION FREQUENCY",
                    "value": "DC - 5 MHz",
                    "unit": "External"
                },
                {
                    "section": "MODULATION FREQUENCY",
                    "property": "MODULATION FREQUENCY",
                    "value": "2 mHz - 10 MHz",
                    "unit": "Internal"
                },
                {
                    "section": "MODULATION FREQUENCY",
                    "property": "MODULATION FREQUENCY",
                    "value": "DC - 1 MHz",
                    "unit": "External"
                },
                {
                    "section": "MODULATION SOURCE",
                    "property": "MODULATION SOURCE",
                    "value": "Internal / External",
                    "unit": ""
                },
                {
                    "section": "CARRIER WAVEFORM",
                    "property": "CARRIER WAVEFORM",
                    "value": "Sine, Square, Ramp, Pulse, Noise, Arb, PRBS",
                    "unit": ""
                },
                {
                    "section": "CARRIER WAVEFORM",
                    "property": "CARRIER WAVEFORM",
                    "value": "Sine, Square, Ramp, Arb",
                    "unit": ""
                },
                {
                    "section": "CARRIER WAVEFORM",
                    "property": "CARRIER WAVEFORM",
                    "value": "Pulse",
                    "unit": ""
                },
                {
                    "section": "MODULATING WAVEFORM",
                    "property": "MODULATING WAVEFORM",
                    "value": "Sine, Square, Positive Ramp, Negative Ramp, Triangle, Gaussian Noise, DC, Sinc, Exponential Rise, Exponential Fall, Logarithmic Rise, Logarithmic Fall, Haversine, Gaussian, Lorentz, D-Lorentz, Cardiac, PRBS (PN7 to PN31, PRBS only available in TGF4242 and TGF4162) and User Defined Arbs",
                    "unit": ""
                },
                {
                    "section": "MODULATING WAVEFORM",
                    "property": "MODULATING WAVEFORM",
                    "value": "Square",
                    "unit": ""
                },
                {
                    "section": "AM DEPTH",
                    "property": "AM DEPTH",
                    "value": "0.00 % to 100.00 %",
                    "unit": ""
                },
                {
                    "section": "SWEEP",
                    "property": "SWEEP",
                    "value": "Linear or Logarithmic, Up or Down, Triggered or Continuous",
                    "unit": ""
                },
                {
                    "section": "SWEEP CARRIER WAVEFORM",
                    "property": "SWEEP CARRIER WAVEFORM",
                    "value": "Sine, Square, Ramp, Arb",
                    "unit": ""
                },
                {
                    "section": "SWEEP TIME",
                    "property": "SWEEP TIME",
                    "value": "1 us - 500 s",
                    "unit": ""
                },
                {
                    "section": "SWEEP TRIGGER",
                    "property": "SWEEP TRIGGER",
                    "value": "Internal, External, Manual",
                    "unit": ""
                },
                {
                    "section": "BURST",
                    "property": "BURST",
                    "value": "Cycle, Infinite, Gated",
                    "unit": ""
                },
                {
                    "section": "BURST CARRIER WAVEFORM",
                    "property": "BURST CARRIER WAVEFORM",
                    "value": "Sine, Square, Ramp, Pulse, Noise, Arb, PRBS",
                    "unit": ""
                },
                {
                    "section": "CYCLE BURST COUNT",
                    "property": "CYCLE BURST COUNT",
                    "value": "1 - 2147483647",
                    "unit": ""
                },
                {
                    "section": "INTERNAL PERIOD",
                    "property": "INTERNAL PERIOD",
                    "value": "20 ns - 500 s",
                    "unit": ""
                },
                {
                    "section": "INTERNAL PERIOD",
                    "property": "INTERNAL PERIOD",
                    "value": "40 ns - 500 s",
                    "unit": ""
                },
                {
                    "section": "MAXIMUM CARRIER FREQUENCY FOR FINITE BURST",
                    "property": "MAXIMUM CARRIER FREQUENCY FOR FINITE BURST",
                    "value": "50",
                    "unit": "MHz"
                },
                {
                    "section": "MAXIMUM CARRIER FREQUENCY FOR FINITE BURST",
                    "property": "MAXIMUM CARRIER FREQUENCY FOR FINITE BURST",
                    "value": "25",
                    "unit": "MHz"
                },
                {
                    "section": "GATED BURST SOURCE",
                    "property": "GATED BURST SOURCE",
                    "value": "Internal, External, Manual",
                    "unit": ""
                },
                {
                    "section": "TRIGGER SOURCE",
                    "property": "TRIGGER SOURCE",
                    "value": "Internal, External, Manual",
                    "unit": ""
                },
                {
                    "section": "TRIGGER TO OUTPUT JITTER",
                    "property": "TRIGGER TO OUTPUT JITTER",
                    "value": "5",
                    "unit": "ns"
                },
                {
                    "section": "FREQUENCY COUNTER",
                    "property": "FREQUENCY COUNTER",
                    "value": "Function: Freq, Period, Duty Cycle, Positive Width, Negative Width",
                    "unit": ""
                },
                {
                    "section": "FREQUENCY COUNTER",
                    "property": "FREQUENCY COUNTER",
                    "value": "Range: 100 MHz – 125 MHz (DC), 3 Hz – 125 MHz (AC)",
                    "unit": ""
                },
                {
                    "section": "FREQUENCY COUNTER",
                    "property": "FREQUENCY COUNTER",
                    "value": "Coupling: AC, DC",
                    "unit": ""
                },
                {
                    "section": "DUAL CHANNEL FUNCTIONS",
                    "property": "DUAL CHANNEL FUNCTIONS",
                    "value": "Tracking, Frequency coupling (equal frequency), Amplitude / Offset coupling, Output coupling",
                    "unit": ""
                },
                {
                    "section": "SYNC OUTPUT",
                    "property": "SYNC OUTPUT",
                    "value": "Channel 2 can output channel 1 Sync",
                    "unit": ""
                },
                {
                    "section": "PHASE LOCKING",
                    "property": "PHASE LOCKING",
                    "value": "Channels can be aligned and can have a phase offset (0° to 360°, 0.001° resolution). Two generators can be coupled.",
                    "unit": ""
                },
                {
                    "section": "LAN INTERFACE",
                    "property": "LAN INTERFACE",
                    "value": "Standard, LXI",
                    "unit": ""
                },
                {
                    "section": "USB HOST / DEVICE",
                    "property": "USB HOST / DEVICE",
                    "value": "Standard",
                    "unit": ""
                },
                {
                    "section": "GPIB INTERFACE",
                    "property": "GPIB INTERFACE",
                    "value": "Optional",
                    "unit": ""
                },
                {
                    "section": "DISPLAY",
                    "property": "DISPLAY",
                    "value": "4.3 inches (10.9 cm), transfective backlit TFT LCD, 480 x 272 pixels, 262144 colours",
                    "unit": ""
                }
            ]
        }
    ]
}