{
    "parts": [
        {
            "reference": "Series 519",
            "brand": "AVENTICSTM",
            "description": [
                {
                    "section": "General",
                    "text": "3 way / 5 way, Air Operated M5 or 1/8\" or 1/4\" Tapped, adaptable on multiple or joinable subbases 3/2-5/2-5/3 Series 519/520/521"
                }
            ],
            "key_value_pairs": [
                {
                    "section": "General",
                    "property": "Operating pressure",
                    "value": "0 to 8",
                    "unit": "bar"
                },
                {
                    "section": "General",
                    "property": "Pilot pressure",
                    "value": "1.5 to 8",
                    "unit": "bar"
                },
                {
                    "section": "General",
                    "property": "Ambient temperature range",
                    "value": "+5 to +50",
                    "unit": "°C"
                },
                {
                    "section": "General",
                    "property": "Orifice size",
                    "value": "2.5",
                    "unit": "mm"
                },
                {
                    "section": "Materials in contact with fluid",
                    "property": "Body",
                    "value": "Anodised white aluminium",
                    "unit": ""
                },
                {
                    "section": "Materials in contact with fluid",
                    "property": "Cover",
                    "value": "POM (polyacetal)",
                    "unit": ""
                },
                {
                    "section": "Materials in contact with fluid",
                    "property": "Internal parts",
                    "value": "Stainless steel, light alloy and POM (polyacetal)",
                    "unit": ""
                },
                {
                    "section": "Materials in contact with fluid",
                    "property": "Seals",
                    "value": "NBR",
                    "unit": ""
                },
                {
                    "section": "Specifications",
                    "property": "Function",
                    "value": "3/2",
                    "unit": ""
                },
                {
                    "section": "Specifications",
                    "property": "Operators",
                    "value": "air",
                    "unit": ""
                },
                {
                    "section": "Specifications",
                    "property": "Pipe size",
                    "value": "M5",
                    "unit": ""
                },
                {
                    "section": "Specifications",
                    "property": "Orifice",
                    "value": "2.5",
                    "unit": "mm"
                },
                {
                    "section": "Specifications",
                    "property": "Flow at 6 bar",
                    "value": "175",
                    "unit": "l/min"
                },
                {
                    "section": "Dimensions",
                    "property": "A",
                    "value": "55.5",
                    "unit": "mm"
                },
                {
                    "section": "Dimensions",
                    "property": "B",
                    "value": "11",
                    "unit": "mm"
                },
                {
                    "section": "Dimensions",
                    "property": "C",
                    "value": "26",
                    "unit": "mm"
                },
                {
                    "section": "Dimensions",
                    "property": "D",
                    "value": "4",
                    "unit": "mm"
                },
                {
                    "section": "Dimensions",
                    "property": "E",
                    "value": "3.3",
                    "unit": "mm"
                },
                {
                    "section": "Dimensions",
                    "property": "L",
                    "value": "21.6",
                    "unit": "mm"
                },
                {
                    "section": "Dimensions",
                    "property": "M",
                    "value": "11",
                    "unit": "mm"
                },
                {
                    "section": "Dimensions",
                    "property": "N",
                    "value": "19",
                    "unit": "mm"
                },
                {
                    "section": "Dimensions",
                    "property": "P",
                    "value": "15",
                    "unit": "mm"
                },
                {
                    "section": "Dimensions",
                    "property": "S",
                    "value": "2.7",
                    "unit": "mm"
                },
                {
                    "section": "Dimensions",
                    "property": "T",
                    "value": "6",
                    "unit": "mm"
                },
                {
                    "section": "Dimensions",
                    "property": "U",
                    "value": "11",
                    "unit": "mm"
                },
                {
                    "section": "Dimensions",
                    "property": "V",
                    "value": "30.5",
                    "unit": "mm"
                },
                {
                    "section": "Dimensions",
                    "property": "Weight",
                    "value": "0.045",
                    "unit": "kg"
                }
            ]
        },
        {
            "reference": "Series 520",
            "brand": "AVENTICSTM",
            "description": [
                {
                    "section": "General",
                    "text": "3 way / 5 way, Air Operated M5 or 1/8\" or 1/4\" Tapped, adaptable on multiple or joinable subbases 3/2-5/2-5/3 Series 519/520/521"
                }
            ],
            "key_value_pairs": [
                {
                    "section": "General",
                    "property": "Operating pressure",
                    "value": "0 to 8",
                    "unit": "bar"
                },
                {
                    "section": "General",
                    "property": "Pilot pressure",
                    "value": "1.5 to 8",
                    "unit": "bar"
                },
                {
                    "section": "General",
                    "property": "Ambient temperature range",
                    "value": "+5 to +50",
                    "unit": "°C"
                },
                {
                    "section": "General",
                    "property": "Orifice size",
                    "value": "4",
                    "unit": "mm"
                },
                {
                    "section": "Materials in contact with fluid",
                    "property": "Body",
                    "value": "Anodised white aluminium",
                    "unit": ""
                },
                {
                    "section": "Materials in contact with fluid",
                    "property": "Cover",
                    "value": "POM (polyacetal)",
                    "unit": ""
                },
                {
                    "section": "Materials in contact with fluid",
                    "property": "Internal parts",
                    "value": "Stainless steel, light alloy and POM (polyacetal)",
                    "unit": ""
                },
                {
                    "section": "Materials in contact with fluid",
                    "property": "Seals",
                    "value": "NBR",
                    "unit": ""
                },
                {
                    "section": "Specifications",
                    "property": "Function",
                    "value": "5/2",
                    "unit": ""
                },
                {
                    "section": "Specifications",
                    "property": "Operators",
                    "value": "air",
                    "unit": ""
                },
                {
                    "section": "Specifications",
                    "property": "Pipe size",
                    "value": "G 1/8",
                    "unit": ""
                },
                {
                    "section": "Specifications",
                    "property": "Orifice",
                    "value": "4",
                    "unit": "mm"
                },
                {
                    "section": "Specifications",
                    "property": "Flow at 6 bar",
                    "value": "600",
                    "unit": "l/min"
                },
                {
                    "section": "Dimensions",
                    "property": "A",
                    "value": "76",
                    "unit": "mm"
                },
                {
                    "section": "Dimensions",
                    "property": "B",
                    "value": "15",
                    "unit": "mm"
                },
                {
                    "section": "Dimensions",
                    "property": "C",
                    "value": "27",
                    "unit": "mm"
                },
                {
                    "section": "Dimensions",
                    "property": "D",
                    "value": "6",
                    "unit": "mm"
                },
                {
                    "section": "Dimensions",
                    "property": "E",
                    "value": "3.3",
                    "unit": "mm"
                },
                {
                    "section": "Dimensions",
                    "property": "L",
                    "value": "32.4",
                    "unit": "mm"
                },
                {
                    "section": "Dimensions",
                    "property": "M",
                    "value": "16.2",
                    "unit": "mm"
                },
                {
                    "section": "Dimensions",
                    "property": "N",
                    "value": "35",
                    "unit": "mm"
                },
                {
                    "section": "Dimensions",
                    "property": "P",
                    "value": "18",
                    "unit": "mm"
                },
                {
                    "section": "Dimensions",
                    "property": "S",
                    "value": "3.2",
                    "unit": "mm"
                },
                {
                    "section": "Dimensions",
                    "property": "U",
                    "value": "13",
                    "unit": "mm"
                },
                {
                    "section": "Dimensions",
                    "property": "V",
                    "value": "42.5",
                    "unit": "mm"
                },
                {
                    "section": "Dimensions",
                    "property": "Weight",
                    "value": "0.045",
                    "unit": "kg"
                }
            ]
        },
        {
            "reference": "Series 521",
            "brand": "AVENTICSTM",
            "description": [
                {
                    "section": "General",
                    "text": "3 way / 5 way, Air Operated M5 or 1/8\" or 1/4\" Tapped, adaptable on multiple or joinable subbases 3/2-5/2-5/3 Series 519/520/521"
                }
            ],
            "key_value_pairs": [
                {
                    "section": "General",
                    "property": "Operating pressure",
                    "value": "0 to 8",
                    "unit": "bar"
                },
                {
                    "section": "General",
                    "property": "Pilot pressure",
                    "value": "1.5 to 8",
                    "unit": "bar"
                },
                {
                    "section": "General",
                    "property": "Ambient temperature range",
                    "value": "+5 to +50",
                    "unit": "°C"
                },
                {
                    "section": "General",
                    "property": "Orifice size",
                    "value": "6",
                    "unit": "mm"
                },
                {
                    "section": "Materials in contact with fluid",
                    "property": "Body",
                    "value": "Anodised white aluminium",
                    "unit": ""
                },
                {
                    "section": "Materials in contact with fluid",
                    "property": "Cover",
                    "value": "POM (polyacetal)",
                    "unit": ""
                },
                {
                    "section": "Materials in contact with fluid",
                    "property": "Internal parts",
                    "value": "Stainless steel, light alloy and POM (polyacetal)",
                    "unit": ""
                },
                {
                    "section": "Materials in contact with fluid",
                    "property": "Seals",
                    "value": "NBR",
                    "unit": ""
                },
                {
                    "section": "Specifications",
                    "property": "Function",
                    "value": "5/2",
                    "unit": ""
                },
                {
                    "section": "Specifications",
                    "property": "Operators",
                    "value": "air",
                    "unit": ""
                },
                {
                    "section": "Specifications",
                    "property": "Pipe size",
                    "value": "G 1/4",
                    "unit": ""
                },
                {
                    "section": "Specifications",
                    "property": "Orifice",
                    "value": "6",
                    "unit": "mm"
                },
                {
                    "section": "Specifications",
                    "property": "Flow at 6 bar",
                    "value": "1050",
                    "unit": "l/min"
                },
                {
                    "section": "Dimensions",
                    "property": "A",
                    "value": "91.5",
                    "unit": "mm"
                },
                {
                    "section": "Dimensions",
                    "property": "B",
                    "value": "22",
                    "unit": "mm"
                },
                {
                    "section": "Dimensions",
                    "property": "C",
                    "value": "31",
                    "unit": "mm"
                },
                {
                    "section": "Dimensions",
                    "property": "D",
                    "value": "6.5",
                    "unit": "mm"
                },
                {
                    "section": "Dimensions",
                    "property": "E",
                    "value": "4.3",
                    "unit": "mm"
                },
                {
                    "section": "Dimensions",
                    "property": "L",
                    "value": "44",
                    "unit": "mm"
                },
                {
                    "section": "Dimensions",
                    "property": "M",
                    "value": "22",
                    "unit": "mm"
                },
                {
                    "section": "Dimensions",
                    "property": "N",
                    "value": "50",
                    "unit": "mm"
                },
                {
                    "section": "Dimensions",
                    "property": "P",
                    "value": "22",
                    "unit": "mm"
                },
                {
                    "section": "Dimensions",
                    "property": "S",
                    "value": "4.2",
                    "unit": "mm"
                },
                {
                    "section": "Dimensions",
                    "property": "U",
                    "value": "16",
                    "unit": "mm"
                },
                {
                    "section": "Dimensions",
                    "property": "V",
                    "value": "50",
                    "unit": "mm"
                },
                {
                    "section": "Dimensions",
                    "property": "Weight",
                    "value": "0.045",
                    "unit": "kg"
                }
            ]
        },
        {
            "reference": "88135532",
            "brand": "AVENTICSTM",
            "description": [
                {
                    "section": "Accessories",
                    "text": "Flange for ports 2 - 4 with instant fittings for flexible tube 6 mm O.D. (series 520)"
                }
            ],
            "key_value_pairs": []
        }
    ]
}