{
    "parts": [
        {
            "reference": "KHM42",
            "brand": "Kennametal",
            "description": [
                {
                    "section": "Cemented Tungsten Carbide Grades for Abrasive Wear & Impact Applications",
                    "text": "Suitable for medium impact applications when abrasive wear is primary mode of failure. For drilling tools such as downhole hammer bits & hammers used in process industries."
                }
            ],
            "key_value_pairs": [
                {
                    "section": "Cemented Tungsten Carbide Grades for Abrasive Wear & Impact Applications",
                    "property": "Legacy Name",
                    "value": "3076",
                    "unit": ""
                },
                {
                    "section": "Cemented Tungsten Carbide Grades for Abrasive Wear & Impact Applications",
                    "property": "Grain Family",
                    "value": "Medium",
                    "unit": ""
                },
                {
                    "section": "Cemented Tungsten Carbide Grades for Abrasive Wear & Impact Applications",
                    "property": "Cobalt Binder",
                    "value": "6.0",
                    "unit": "wt. %"
                },
                {
                    "section": "Cemented Tungsten Carbide Grades for Abrasive Wear & Impact Applications",
                    "property": "Hardness",
                    "value": "91.1",
                    "unit": "HRA"
                },
                {
                    "section": "Cemented Tungsten Carbide Grades for Abrasive Wear & Impact Applications",
                    "property": "Hardness",
                    "value": "1485",
                    "unit": "HV30"
                },
                {
                    "section": "Cemented Tungsten Carbide Grades for Abrasive Wear & Impact Applications",
                    "property": "Density",
                    "value": "14.95",
                    "unit": "g/cm3"
                },
                {
                    "section": "Cemented Tungsten Carbide Grades for Abrasive Wear & Impact Applications",
                    "property": "TRS",
                    "value": "515",
                    "unit": "1000 psi"
                },
                {
                    "section": "Cemented Tungsten Carbide Applications",
                    "property": "Relative Toughness",
                    "value": "LOWEST",
                    "unit": ""
                },
                {
                    "section": "Cemented Tungsten Carbide Applications",
                    "property": "Wear Resistance",
                    "value": "HIGHEST",
                    "unit": ""
                }
            ]
        },
        {
            "reference": "HAR",
            "brand": "Kennametal",
            "description": [
                {
                    "section": "Cemented Tungsten Carbide Grades for Abrasive Wear & Impact Applications",
                    "text": "Mix of fine & coarse grains provide enhanced abrasion resistance, while coarser grains provide improved impact & sliding abrasion for ore handling, coal crushing, pump liners, pug mill paddles, plow blades, & fans."
                }
            ],
            "key_value_pairs": [
                {
                    "section": "Cemented Tungsten Carbide Grades for Abrasive Wear & Impact Applications",
                    "property": "Grain Family",
                    "value": "Mixed Fine/Coarse",
                    "unit": ""
                },
                {
                    "section": "Cemented Tungsten Carbide Grades for Abrasive Wear & Impact Applications",
                    "property": "Cobalt Binder",
                    "value": "7.5",
                    "unit": "wt. %"
                },
                {
                    "section": "Cemented Tungsten Carbide Grades for Abrasive Wear & Impact Applications",
                    "property": "Hardness",
                    "value": "91.5",
                    "unit": "HRA"
                },
                {
                    "section": "Cemented Tungsten Carbide Grades for Abrasive Wear & Impact Applications",
                    "property": "Hardness",
                    "value": "1540",
                    "unit": "HV30"
                },
                {
                    "section": "Cemented Tungsten Carbide Grades for Abrasive Wear & Impact Applications",
                    "property": "Density",
                    "value": "14.10",
                    "unit": "g/cm3"
                },
                {
                    "section": "Cemented Tungsten Carbide Grades for Abrasive Wear & Impact Applications",
                    "property": "TRS",
                    "value": "280",
                    "unit": "1000 psi"
                }
            ]
        },
        {
            "reference": "KHM44",
            "brand": "Kennametal",
            "description": [
                {
                    "section": "Cemented Tungsten Carbide Grades for Abrasive Wear & Impact Applications",
                    "text": "Balance of abrasion resistance & impact resistance, suitable for small drilling tools in concrete. Commonly used for masonry & stone drilling tips."
                }
            ],
            "key_value_pairs": [
                {
                    "section": "Cemented Tungsten Carbide Grades for Abrasive Wear & Impact Applications",
                    "property": "Legacy Name",
                    "value": "H8",
                    "unit": ""
                },
                {
                    "section": "Cemented Tungsten Carbide Grades for Abrasive Wear & Impact Applications",
                    "property": "Grain Family",
                    "value": "Medium",
                    "unit": ""
                },
                {
                    "section": "Cemented Tungsten Carbide Grades for Abrasive Wear & Impact Applications",
                    "property": "Cobalt Binder",
                    "value": "8.0",
                    "unit": "wt. %"
                },
                {
                    "section": "Cemented Tungsten Carbide Grades for Abrasive Wear & Impact Applications",
                    "property": "Hardness",
                    "value": "90.3",
                    "unit": "HRA"
                },
                {
                    "section": "Cemented Tungsten Carbide Grades for Abrasive Wear & Impact Applications",
                    "property": "Hardness",
                    "value": "1380",
                    "unit": "HV30"
                },
                {
                    "section": "Cemented Tungsten Carbide Grades for Abrasive Wear & Impact Applications",
                    "property": "Density",
                    "value": "14.70",
                    "unit": "g/cm3"
                },
                {
                    "section": "Cemented Tungsten Carbide Grades for Abrasive Wear & Impact Applications",
                    "property": "TRS",
                    "value": "480",
                    "unit": "1000 psi"
                }
            ]
        },
        {
            "reference": "KWH",
            "brand": "Kennametal",
            "description": [
                {
                    "section": "Cemented Tungsten Carbide Grades for Abrasive Wear & Impact Applications",
                    "text": "General purpose grade for saw mill applications, with improved impact resistance compared to grade HAR."
                }
            ],
            "key_value_pairs": [
                {
                    "section": "Cemented Tungsten Carbide Grades for Abrasive Wear & Impact Applications",
                    "property": "Grain Family",
                    "value": "Medium",
                    "unit": ""
                },
                {
                    "section": "Cemented Tungsten Carbide Grades for Abrasive Wear & Impact Applications",
                    "property": "Cobalt Binder",
                    "value": "8.6",
                    "unit": "wt. %"
                },
                {
                    "section": "Cemented Tungsten Carbide Grades for Abrasive Wear & Impact Applications",
                    "property": "Hardness",
                    "value": "90.3",
                    "unit": "HRA"
                },
                {
                    "section": "Cemented Tungsten Carbide Grades for Abrasive Wear & Impact Applications",
                    "property": "Hardness",
                    "value": "1380",
                    "unit": "HV30"
                },
                {
                    "section": "Cemented Tungsten Carbide Grades for Abrasive Wear & Impact Applications",
                    "property": "Density",
                    "value": "14.00",
                    "unit": "g/cm3"
                },
                {
                    "section": "Cemented Tungsten Carbide Grades for Abrasive Wear & Impact Applications",
                    "property": "TRS",
                    "value": "276",
                    "unit": "1000 psi"
                }
            ]
        },
        {
            "reference": "KHC46",
            "brand": "Kennametal",
            "description": [
                {
                    "section": "Cemented Tungsten Carbide Grades for Abrasive Wear & Impact Applications",
                    "text": "Percussive bits under 4\", geophysical tips for drag bits."
                }
            ],
            "key_value_pairs": [
                {
                    "section": "Cemented Tungsten Carbide Grades for Abrasive Wear & Impact Applications",
                    "property": "Legacy Name",
                    "value": "MPD10/K3135",
                    "unit": ""
                },
                {
                    "section": "Cemented Tungsten Carbide Grades for Abrasive Wear & Impact Applications",
                    "property": "Grain Family",
                    "value": "Coarse",
                    "unit": ""
                },
                {
                    "section": "Cemented Tungsten Carbide Grades for Abrasive Wear & Impact Applications",
                    "property": "Cobalt Binder",
                    "value": "10.0",
                    "unit": "wt. %"
                },
                {
                    "section": "Cemented Tungsten Carbide Grades for Abrasive Wear & Impact Applications",
                    "property": "Hardness",
                    "value": "89.2",
                    "unit": "HRA"
                },
                {
                    "section": "Cemented Tungsten Carbide Grades for Abrasive Wear & Impact Applications",
                    "property": "Hardness",
                    "value": "1230",
                    "unit": "HV30"
                },
                {
                    "section": "Cemented Tungsten Carbide Grades for Abrasive Wear & Impact Applications",
                    "property": "Density",
                    "value": "14.50",
                    "unit": "g/cm3"
                },
                {
                    "section": "Cemented Tungsten Carbide Grades for Abrasive Wear & Impact Applications",
                    "property": "TRS",
                    "value": "375",
                    "unit": "1000 psi"
                }
            ]
        },
        {
            "reference": "KHC55",
            "brand": "Kennametal",
            "description": [
                {
                    "section": "Cemented Tungsten Carbide Grades for Abrasive Wear & Impact Applications",
                    "text": "Buttons for rotary tricone bits, inserts for percussive bits, geophysical tips for drag bits."
                }
            ],
            "key_value_pairs": [
                {
                    "section": "Cemented Tungsten Carbide Grades for Abrasive Wear & Impact Applications",
                    "property": "Legacy Name",
                    "value": "K3070",
                    "unit": ""
                },
                {
                    "section": "Cemented Tungsten Carbide Grades for Abrasive Wear & Impact Applications",
                    "property": "Grain Family",
                    "value": "Coarse",
                    "unit": ""
                },
                {
                    "section": "Cemented Tungsten Carbide Grades for Abrasive Wear & Impact Applications",
                    "property": "Cobalt Binder",
                    "value": "10.0",
                    "unit": "wt. %"
                },
                {
                    "section": "Cemented Tungsten Carbide Grades for Abrasive Wear & Impact Applications",
                    "property": "Hardness",
                    "value": "88.6",
                    "unit": "HRA"
                },
                {
                    "section": "Cemented Tungsten Carbide Grades for Abrasive Wear & Impact Applications",
                    "property": "Hardness",
                    "value": "1210",
                    "unit": "HV30"
                },
                {
                    "section": "Cemented Tungsten Carbide Grades for Abrasive Wear & Impact Applications",
                    "property": "Density",
                    "value": "14.52",
                    "unit": "g/cm3"
                },
                {
                    "section": "Cemented Tungsten Carbide Grades for Abrasive Wear & Impact Applications",
                    "property": "TRS",
                    "value": "485",
                    "unit": "1000 psi"
                }
            ]
        },
        {
            "reference": "K3030C",
            "brand": "Kennametal",
            "description": [
                {
                    "section": "Cemented Tungsten Carbide Grades for Abrasive Wear & Impact Applications",
                    "text": "K3030C & KHC56 are recommended for forestry, agriculture & material processing that requires impact-wear protection. Popular grade for heavy-duty sawmill edgers, hard & softwood including frozen woods, debarkers & chipper anvils, snowplow wear protection, stabilizer buttons, & tiles for drill string wear protection."
                }
            ],
            "key_value_pairs": [
                {
                    "section": "Cemented Tungsten Carbide Grades for Abrasive Wear & Impact Applications",
                    "property": "Grain Family",
                    "value": "Coarse",
                    "unit": ""
                },
                {
                    "section": "Cemented Tungsten Carbide Grades for Abrasive Wear & Impact Applications",
                    "property": "Cobalt Binder",
                    "value": "11.4",
                    "unit": "wt. %"
                },
                {
                    "section": "Cemented Tungsten Carbide Grades for Abrasive Wear & Impact Applications",
                    "property": "Hardness",
                    "value": "88.4",
                    "unit": "HRA"
                },
                {
                    "section": "Cemented Tungsten Carbide Grades for Abrasive Wear & Impact Applications",
                    "property": "Hardness",
                    "value": "1170",
                    "unit": "HV30"
                },
                {
                    "section": "Cemented Tungsten Carbide Grades for Abrasive Wear & Impact Applications",
                    "property": "Density",
                    "value": "14.25",
                    "unit": "g/cm3"
                },
                {
                    "section": "Cemented Tungsten Carbide Grades for Abrasive Wear & Impact Applications",
                    "property": "TRS",
                    "value": "400",
                    "unit": "1000 psi"
                }
            ]
        },
        {
            "reference": "KHC56",
            "brand": "Kennametal",
            "description": [
                {
                    "section": "Cemented Tungsten Carbide Grades for Abrasive Wear & Impact Applications",
                    "text": "High-toughness brazed percussion bits & geophysical tips. SDS hammer drill tips for stone & cement applications."
                }
            ],
            "key_value_pairs": [
                {
                    "section": "Cemented Tungsten Carbide Grades for Abrasive Wear & Impact Applications",
                    "property": "Legacy Name",
                    "value": "MPD2C",
                    "unit": ""
                },
                {
                    "section": "Cemented Tungsten Carbide Grades for Abrasive Wear & Impact Applications",
                    "property": "Grain Family",
                    "value": "Coarse",
                    "unit": ""
                },
                {
                    "section": "Cemented Tungsten Carbide Grades for Abrasive Wear & Impact Applications",
                    "property": "Cobalt Binder",
                    "value": "11.4",
                    "unit": "wt. %"
                },
                {
                    "section": "Cemented Tungsten Carbide Grades for Abrasive Wear & Impact Applications",
                    "property": "Hardness",
                    "value": "88.0",
                    "unit": "HRA"
                },
                {
                    "section": "Cemented Tungsten Carbide Grades for Abrasive Wear & Impact Applications",
                    "property": "Hardness",
                    "value": "1145",
                    "unit": "HV30"
                },
                {
                    "section": "Cemented Tungsten Carbide Grades for Abrasive Wear & Impact Applications",
                    "property": "Density",
                    "value": "14.35",
                    "unit": "g/cm3"
                },
                {
                    "section": "Cemented Tungsten Carbide Grades for Abrasive Wear & Impact Applications",
                    "property": "TRS",
                    "value": "400",
                    "unit": "1000 psi"
                }
            ]
        },
        {
            "reference": "KHC66",
            "brand": "Kennametal",
            "description": [
                {
                    "section": "Cemented Tungsten Carbide Grades for Abrasive Wear & Impact Applications",
                    "text": "Debarker knives used in hardwoods, miscellaneous forestry wear parts, saw tips used in extreme conditions in green softwoods like nail cutting."
                }
            ],
            "key_value_pairs": [
                {
                    "section": "Cemented Tungsten Carbide Grades for Abrasive Wear & Impact Applications",
                    "property": "Legacy Name",
                    "value": "MPD2",
                    "unit": ""
                },
                {
                    "section": "Cemented Tungsten Carbide Grades for Abrasive Wear & Impact Applications",
                    "property": "Grain Family",
                    "value": "Coarse",
                    "unit": ""
                },
                {
                    "section": "Cemented Tungsten Carbide Grades for Abrasive Wear & Impact Applications",
                    "property": "Cobalt Binder",
                    "value": "12.0",
                    "unit": "wt. %"
                },
                {
                    "section": "Cemented Tungsten Carbide Grades for Abrasive Wear & Impact Applications",
                    "property": "Hardness",
                    "value": "87.8",
                    "unit": "HRA"
                },
                {
                    "section": "Cemented Tungsten Carbide Grades for Abrasive Wear & Impact Applications",
                    "property": "Hardness",
                    "value": "1130",
                    "unit": "HV30"
                },
                {
                    "section": "Cemented Tungsten Carbide Grades for Abrasive Wear & Impact Applications",
                    "property": "Density",
                    "value": "14.25",
                    "unit": "g/cm3"
                },
                {
                    "section": "Cemented Tungsten Carbide Grades for Abrasive Wear & Impact Applications",
                    "property": "TRS",
                    "value": "375",
                    "unit": "1000 psi"
                }
            ]
        },
        {
            "reference": "KW115",
            "brand": "Kennametal",
            "description": [
                {
                    "section": "Cemented Tungsten Carbide Grades for Abrasive Wear & Impact Applications",
                    "text": "Tough grade for chopping & grinding of mixed materials in recycling applications."
                }
            ],
            "key_value_pairs": [
                {
                    "section": "Cemented Tungsten Carbide Grades for Abrasive Wear & Impact Applications",
                    "property": "Grain Family",
                    "value": "Medium",
                    "unit": ""
                },
                {
                    "section": "Cemented Tungsten Carbide Grades for Abrasive Wear & Impact Applications",
                    "property": "Cobalt Binder",
                    "value": "15.0",
                    "unit": "wt. %"
                },
                {
                    "section": "Cemented Tungsten Carbide Grades for Abrasive Wear & Impact Applications",
                    "property": "Hardness",
                    "value": "87.6",
                    "unit": "HRA"
                },
                {
                    "section": "Cemented Tungsten Carbide Grades for Abrasive Wear & Impact Applications",
                    "property": "Hardness",
                    "value": "1110",
                    "unit": "HV30"
                },
                {
                    "section": "Cemented Tungsten Carbide Grades for Abrasive Wear & Impact Applications",
                    "property": "Density",
                    "value": "13.95",
                    "unit": "g/cm3"
                },
                {
                    "section": "Cemented Tungsten Carbide Grades for Abrasive Wear & Impact Applications",
                    "property": "TRS",
                    "value": "426",
                    "unit": "1000 psi"
                }
            ]
        },
        {
            "reference": "KHC68",
            "brand": "Kennametal",
            "description": [
                {
                    "section": "Cemented Tungsten Carbide Grades for Abrasive Wear & Impact Applications",
                    "text": "Mineral process, tunnel boring stone splitting, stone working chisels, HPGR studs, high impact agricultural tools, grader blade inserts."
                }
            ],
            "key_value_pairs": [
                {
                    "section": "Cemented Tungsten Carbide Grades for Abrasive Wear & Impact Applications",
                    "property": "Legacy Name",
                    "value": "387",
                    "unit": ""
                },
                {
                    "section": "Cemented Tungsten Carbide Grades for Abrasive Wear & Impact Applications",
                    "property": "Grain Family",
                    "value": "Coarse",
                    "unit": ""
                },
                {
                    "section": "Cemented Tungsten Carbide Grades for Abrasive Wear & Impact Applications",
                    "property": "Cobalt Binder",
                    "value": "14.0",
                    "unit": "wt. %"
                },
                {
                    "section": "Cemented Tungsten Carbide Grades for Abrasive Wear & Impact Applications",
                    "property": "Hardness",
                    "value": "88.0",
                    "unit": "HRA"
                },
                {
                    "section": "Cemented Tungsten Carbide Grades for Abrasive Wear & Impact Applications",
                    "property": "Hardness",
                    "value": "1155",
                    "unit": "HV30"
                },
                {
                    "section": "Cemented Tungsten Carbide Grades for Abrasive Wear & Impact Applications",
                    "property": "Density",
                    "value": "14.13",
                    "unit": "g/cm3"
                },
                {
                    "section": "Cemented Tungsten Carbide Grades for Abrasive Wear & Impact Applications",
                    "property": "TRS",
                    "value": "517",
                    "unit": "1000 psi"
                }
            ]
        },
        {
            "reference": "KHC69",
            "brand": "Kennametal",
            "description": [],
            "key_value_pairs": [
                {
                    "section": "Cemented Tungsten Carbide Grades for Abrasive Wear & Impact Applications",
                    "property": "Legacy Name",
                    "value": "R61/K3150",
                    "unit": ""
                },
                {
                    "section": "Cemented Tungsten Carbide Grades for Abrasive Wear & Impact Applications",
                    "property": "Grain Family",
                    "value": "Coarse",
                    "unit": ""
                },
                {
                    "section": "Cemented Tungsten Carbide Grades for Abrasive Wear & Impact Applications",
                    "property": "Cobalt Binder",
                    "value": "15.0",
                    "unit": "wt. %"
                },
                {
                    "section": "Cemented Tungsten Carbide Grades for Abrasive Wear & Impact Applications",
                    "property": "Hardness",
                    "value": "86.0",
                    "unit": "HRA"
                },
                {
                    "section": "Cemented Tungsten Carbide Grades for Abrasive Wear & Impact Applications",
                    "property": "Hardness",
                    "value": "990",
                    "unit": "HV30"
                },
                {
                    "section": "Cemented Tungsten Carbide Grades for Abrasive Wear & Impact Applications",
                    "property": "Density",
                    "value": "13.95",
                    "unit": "g/cm3"
                },
                {
                    "section": "Cemented Tungsten Carbide Grades for Abrasive Wear & Impact Applications",
                    "property": "TRS",
                    "value": "425",
                    "unit": "1000 psi"
                }
            ]
        },
        {
            "reference": "KHC97",
            "brand": "Kennametal",
            "description": [
                {
                    "section": "Cemented Tungsten Carbide Grades for Abrasive Wear & Impact Applications",
                    "text": "High-impact grade for brazed tools used in earth impact applications with gouging wear such as railroad ballast tools, rock crushing, grinding & mineral processing."
                }
            ],
            "key_value_pairs": [
                {
                    "section": "Cemented Tungsten Carbide Grades for Abrasive Wear & Impact Applications",
                    "property": "Legacy Name",
                    "value": "55B",
                    "unit": ""
                },
                {
                    "section": "Cemented Tungsten Carbide Grades for Abrasive Wear & Impact Applications",
                    "property": "Grain Family",
                    "value": "Coarse",
                    "unit": ""
                },
                {
                    "section": "Cemented Tungsten Carbide Grades for Abrasive Wear & Impact Applications",
                    "property": "Cobalt Binder",
                    "value": "16.0",
                    "unit": "wt. %"
                },
                {
                    "section": "Cemented Tungsten Carbide Grades for Abrasive Wear & Impact Applications",
                    "property": "Hardness",
                    "value": "86.7",
                    "unit": "HRA"
                },
                {
                    "section": "Cemented Tungsten Carbide Grades for Abrasive Wear & Impact Applications",
                    "property": "Hardness",
                    "value": "1055",
                    "unit": "HV30"
                },
                {
                    "section": "Cemented Tungsten Carbide Grades for Abrasive Wear & Impact Applications",
                    "property": "Density",
                    "value": "13.94",
                    "unit": "g/cm3"
                },
                {
                    "section": "Cemented Tungsten Carbide Grades for Abrasive Wear & Impact Applications",
                    "property": "TRS",
                    "value": "495",
                    "unit": "1000 psi"
                }
            ]
        },
        {
            "reference": "KHC88",
            "brand": "Kennametal",
            "description": [
                {
                    "section": "Cemented Tungsten Carbide Grades for Abrasive Wear & Impact Applications",
                    "text": "Severe shock resistance, forestry applications, debarker knives, stump cutters. Used in hardwoods & woods with knots. Mineral process application HPGR edge segments."
                }
            ],
            "key_value_pairs": [
                {
                    "section": "Cemented Tungsten Carbide Grades for Abrasive Wear & Impact Applications",
                    "property": "Legacy Name",
                    "value": "R58",
                    "unit": ""
                },
                {
                    "section": "Cemented Tungsten Carbide Grades for Abrasive Wear & Impact Applications",
                    "property": "Grain Family",
                    "value": "Coarse",
                    "unit": ""
                },
                {
                    "section": "Cemented Tungsten Carbide Grades for Abrasive Wear & Impact Applications",
                    "property": "Cobalt Binder",
                    "value": "16.0",
                    "unit": "wt. %"
                },
                {
                    "section": "Cemented Tungsten Carbide Grades for Abrasive Wear & Impact Applications",
                    "property": "Hardness",
                    "value": "85.8",
                    "unit": "HRA"
                },
                {
                    "section": "Cemented Tungsten Carbide Grades for Abrasive Wear & Impact Applications",
                    "property": "Hardness",
                    "value": "990",
                    "unit": "HV30"
                },
                {
                    "section": "Cemented Tungsten Carbide Grades for Abrasive Wear & Impact Applications",
                    "property": "Density",
                    "value": "13.94",
                    "unit": "g/cm3"
                },
                {
                    "section": "Cemented Tungsten Carbide Grades for Abrasive Wear & Impact Applications",
                    "property": "TRS",
                    "value": "460",
                    "unit": "1000 psi"
                }
            ]
        },
        {
            "reference": "KHC99",
            "brand": "Kennametal",
            "description": [
                {
                    "section": "Cemented Tungsten Carbide Grades for Abrasive Wear & Impact Applications",
                    "text": "Highest-impact resistance of listed grades, may be used in chisel tips for pneumatic stone working tools, jackhammers, etc."
                }
            ],
            "key_value_pairs": [
                {
                    "section": "Cemented Tungsten Carbide Grades for Abrasive Wear & Impact Applications",
                    "property": "Legacy Name",
                    "value": "R52",
                    "unit": ""
                },
                {
                    "section": "Cemented Tungsten Carbide Grades for Abrasive Wear & Impact Applications",
                    "property": "Grain Family",
                    "value": "Coarse",
                    "unit": ""
                },
                {
                    "section": "Cemented Tungsten Carbide Grades for Abrasive Wear & Impact Applications",
                    "property": "Cobalt Binder",
                    "value": "18.0",
                    "unit": "wt. %"
                },
                {
                    "section": "Cemented Tungsten Carbide Grades for Abrasive Wear & Impact Applications",
                    "property": "Hardness",
                    "value": "84.0",
                    "unit": "HRA"
                },
                {
                    "section": "Cemented Tungsten Carbide Grades for Abrasive Wear & Impact Applications",
                    "property": "Hardness",
                    "value": "865",
                    "unit": "HV30"
                },
                {
                    "section": "Cemented Tungsten Carbide Grades for Abrasive Wear & Impact Applications",
                    "property": "Density",
                    "value": "13.70",
                    "unit": "g/cm3"
                },
                {
                    "section": "Cemented Tungsten Carbide Grades for Abrasive Wear & Impact Applications",
                    "property": "TRS",
                    "value": "360",
                    "unit": "1000 psi"
                },
                {
                    "section": "Cemented Tungsten Carbide Applications",
                    "property": "Relative Toughness",
                    "value": "HIGHEST",
                    "unit": ""
                },
                {
                    "section": "Cemented Tungsten Carbide Applications",
                    "property": "Wear Resistance",
                    "value": "LOWEST",
                    "unit": ""
                }
            ]
        },
        {
            "reference": "K3520",
            "brand": "Kennametal",
            "description": [],
            "key_value_pairs": [
                {
                    "section": "Cemented Tungsten Carbide Grades for Abrasive Wear & Impact Applications",
                    "property": "Legacy Name",
                    "value": "CD60",
                    "unit": ""
                },
                {
                    "section": "Cemented Tungsten Carbide Grades for Abrasive Wear & Impact Applications",
                    "property": "Grain Family",
                    "value": "Coarse",
                    "unit": ""
                },
                {
                    "section": "Cemented Tungsten Carbide Grades for Abrasive Wear & Impact Applications",
                    "property": "Cobalt Binder",
                    "value": "20.0",
                    "unit": "wt. %"
                },
                {
                    "section": "Cemented Tungsten Carbide Grades for Abrasive Wear & Impact Applications",
                    "property": "Hardness",
                    "value": "84.1",
                    "unit": "HRA"
                },
                {
                    "section": "Cemented Tungsten Carbide Grades for Abrasive Wear & Impact Applications",
                    "property": "Hardness",
                    "value": "870",
                    "unit": "HV30"
                },
                {
                    "section": "Cemented Tungsten Carbide Grades for Abrasive Wear & Impact Applications",
                    "property": "Density",
                    "value": "13.55",
                    "unit": "g/cm3"
                },
                {
                    "section": "Cemented Tungsten Carbide Grades for Abrasive Wear & Impact Applications",
                    "property": "TRS",
                    "value": "360",
                    "unit": "1000 psi"
                }
            ]
        }
    ]
}