{
    "parts": [
        {
            "reference": "KHM42",
            "brand": "Kennametal",
            "description": [
                {
                    "section": "Grade Specifications and Comparison Chart",
                    "text": "Cemented Tungsten Carbide Grades Used in Oil & Gas, Mining, and Construction Applications"
                }
            ],
            "key_value_pairs": [
                {
                    "section": "Grade Specifications and Comparison Chart",
                    "property": "Alternate or Legacy Name",
                    "value": "K3076/P40",
                    "unit": ""
                },
                {
                    "section": "Grade Specifications and Comparison Chart",
                    "property": "Grain Family",
                    "value": "Medium",
                    "unit": ""
                },
                {
                    "section": "Grade Specifications and Comparison Chart",
                    "property": "Cobalt %",
                    "value": "6",
                    "unit": "%"
                },
                {
                    "section": "Grade Specifications and Comparison Chart",
                    "property": "Hardness HRA",
                    "value": "91.1",
                    "unit": ""
                },
                {
                    "section": "Grade Specifications and Comparison Chart",
                    "property": "Hardness HV30",
                    "value": "1485",
                    "unit": ""
                },
                {
                    "section": "Grade Specifications and Comparison Chart",
                    "property": "Density",
                    "value": "14.95",
                    "unit": "g/cm³"
                },
                {
                    "section": "Grade Specifications and Comparison Chart",
                    "property": "TRS",
                    "value": "515",
                    "unit": "ksi"
                },
                {
                    "section": "Grade Specifications and Comparison Chart",
                    "property": "B611 Wear Resistance",
                    "value": "45",
                    "unit": "mm³"
                },
                {
                    "section": "Grade Specifications and Comparison Chart",
                    "property": "Palmqvist Toughness",
                    "value": "10.1",
                    "unit": "ksi in¹/²"
                },
                {
                    "section": "Grade Specifications and Comparison Chart",
                    "property": "B771 Fracture Toughness",
                    "value": "9.9",
                    "unit": "ksi in¹/²"
                }
            ]
        },
        {
            "reference": "KHM33",
            "brand": "Kennametal",
            "description": [
                {
                    "section": "Grade Specifications and Comparison Chart",
                    "text": "Cemented Tungsten Carbide Grades Used in Oil & Gas, Mining, and Construction Applications"
                }
            ],
            "key_value_pairs": [
                {
                    "section": "Grade Specifications and Comparison Chart",
                    "property": "Alternate or Legacy Name",
                    "value": "374/290/295",
                    "unit": ""
                },
                {
                    "section": "Grade Specifications and Comparison Chart",
                    "property": "Grain Family",
                    "value": "Medium",
                    "unit": ""
                },
                {
                    "section": "Grade Specifications and Comparison Chart",
                    "property": "Cobalt %",
                    "value": "6",
                    "unit": "%"
                },
                {
                    "section": "Grade Specifications and Comparison Chart",
                    "property": "Hardness HRA",
                    "value": "90.6",
                    "unit": ""
                },
                {
                    "section": "Grade Specifications and Comparison Chart",
                    "property": "Hardness HV30",
                    "value": "1420",
                    "unit": ""
                },
                {
                    "section": "Grade Specifications and Comparison Chart",
                    "property": "Density",
                    "value": "14.95",
                    "unit": "g/cm³"
                },
                {
                    "section": "Grade Specifications and Comparison Chart",
                    "property": "TRS",
                    "value": "510",
                    "unit": "ksi"
                },
                {
                    "section": "Grade Specifications and Comparison Chart",
                    "property": "B611 Wear Resistance",
                    "value": "60",
                    "unit": "mm³"
                },
                {
                    "section": "Grade Specifications and Comparison Chart",
                    "property": "Palmqvist Toughness",
                    "value": "10.3",
                    "unit": "ksi in¹/²"
                },
                {
                    "section": "Grade Specifications and Comparison Chart",
                    "property": "B771 Fracture Toughness",
                    "value": "11.0",
                    "unit": "ksi in¹/²"
                }
            ]
        },
        {
            "reference": "KHM24",
            "brand": "Kennametal",
            "description": [
                {
                    "section": "Grade Specifications and Comparison Chart",
                    "text": "Cemented Tungsten Carbide Grades Used in Oil & Gas, Mining, and Construction Applications"
                }
            ],
            "key_value_pairs": [
                {
                    "section": "Grade Specifications and Comparison Chart",
                    "property": "Alternate or Legacy Name",
                    "value": "K3075/378",
                    "unit": ""
                },
                {
                    "section": "Grade Specifications and Comparison Chart",
                    "property": "Grain Family",
                    "value": "Medium",
                    "unit": ""
                },
                {
                    "section": "Grade Specifications and Comparison Chart",
                    "property": "Cobalt %",
                    "value": "6",
                    "unit": "%"
                },
                {
                    "section": "Grade Specifications and Comparison Chart",
                    "property": "Hardness HRA",
                    "value": "90.2",
                    "unit": ""
                },
                {
                    "section": "Grade Specifications and Comparison Chart",
                    "property": "Hardness HV30",
                    "value": "1370",
                    "unit": ""
                },
                {
                    "section": "Grade Specifications and Comparison Chart",
                    "property": "Density",
                    "value": "14.95",
                    "unit": "g/cm³"
                },
                {
                    "section": "Grade Specifications and Comparison Chart",
                    "property": "TRS",
                    "value": "480",
                    "unit": "ksi"
                },
                {
                    "section": "Grade Specifications and Comparison Chart",
                    "property": "B611 Wear Resistance",
                    "value": "85",
                    "unit": "mm³"
                },
                {
                    "section": "Grade Specifications and Comparison Chart",
                    "property": "Palmqvist Toughness",
                    "value": "10.5",
                    "unit": "ksi in¹/²"
                },
                {
                    "section": "Grade Specifications and Comparison Chart",
                    "property": "B771 Fracture Toughness",
                    "value": "11.9",
                    "unit": "ksi in¹/²"
                }
            ]
        },
        {
            "reference": "KHC33",
            "brand": "Kennametal",
            "description": [
                {
                    "section": "Grade Specifications and Comparison Chart",
                    "text": "Cemented Tungsten Carbide Grades Used in Oil & Gas, Mining, and Construction Applications"
                }
            ],
            "key_value_pairs": [
                {
                    "section": "Grade Specifications and Comparison Chart",
                    "property": "Alternate or Legacy Name",
                    "value": "397/AF63",
                    "unit": ""
                },
                {
                    "section": "Grade Specifications and Comparison Chart",
                    "property": "Grain Family",
                    "value": "Coarse",
                    "unit": ""
                },
                {
                    "section": "Grade Specifications and Comparison Chart",
                    "property": "Cobalt %",
                    "value": "6",
                    "unit": "%"
                },
                {
                    "section": "Grade Specifications and Comparison Chart",
                    "property": "Hardness HRA",
                    "value": "89.0",
                    "unit": ""
                },
                {
                    "section": "Grade Specifications and Comparison Chart",
                    "property": "Hardness HV30",
                    "value": "1245",
                    "unit": ""
                },
                {
                    "section": "Grade Specifications and Comparison Chart",
                    "property": "Density",
                    "value": "14.93",
                    "unit": "g/cm³"
                },
                {
                    "section": "Grade Specifications and Comparison Chart",
                    "property": "TRS",
                    "value": "420",
                    "unit": "ksi"
                },
                {
                    "section": "Grade Specifications and Comparison Chart",
                    "property": "B611 Wear Resistance",
                    "value": "130",
                    "unit": "mm³"
                },
                {
                    "section": "Grade Specifications and Comparison Chart",
                    "property": "Palmqvist Toughness",
                    "value": "11.7",
                    "unit": "ksi in¹/²"
                },
                {
                    "section": "Grade Specifications and Comparison Chart",
                    "property": "B771 Fracture Toughness",
                    "value": "14.3",
                    "unit": "ksi in¹/²"
                }
            ]
        },
        {
            "reference": "KHC35",
            "brand": "Kennametal",
            "description": [
                {
                    "section": "Grade Specifications and Comparison Chart",
                    "text": "Cemented Tungsten Carbide Grades Used in Oil & Gas, Mining, and Construction Applications"
                }
            ],
            "key_value_pairs": [
                {
                    "section": "Grade Specifications and Comparison Chart",
                    "property": "Alternate or Legacy Name",
                    "value": "308",
                    "unit": ""
                },
                {
                    "section": "Grade Specifications and Comparison Chart",
                    "property": "Grain Family",
                    "value": "Coarse",
                    "unit": ""
                },
                {
                    "section": "Grade Specifications and Comparison Chart",
                    "property": "Cobalt %",
                    "value": "8",
                    "unit": "%"
                },
                {
                    "section": "Grade Specifications and Comparison Chart",
                    "property": "Hardness HRA",
                    "value": "88.9",
                    "unit": ""
                },
                {
                    "section": "Grade Specifications and Comparison Chart",
                    "property": "Hardness HV30",
                    "value": "1235",
                    "unit": ""
                },
                {
                    "section": "Grade Specifications and Comparison Chart",
                    "property": "Density",
                    "value": "14.74",
                    "unit": "g/cm³"
                },
                {
                    "section": "Grade Specifications and Comparison Chart",
                    "property": "TRS",
                    "value": "480",
                    "unit": "ksi"
                },
                {
                    "section": "Grade Specifications and Comparison Chart",
                    "property": "B611 Wear Resistance",
                    "value": "135",
                    "unit": "mm³"
                },
                {
                    "section": "Grade Specifications and Comparison Chart",
                    "property": "Palmqvist Toughness",
                    "value": "12.7",
                    "unit": "ksi in¹/²"
                },
                {
                    "section": "Grade Specifications and Comparison Chart",
                    "property": "B771 Fracture Toughness",
                    "value": "13.7",
                    "unit": "ksi in¹/²"
                }
            ]
        },
        {
            "reference": "KHC44",
            "brand": "Kennametal",
            "description": [
                {
                    "section": "Grade Specifications and Comparison Chart",
                    "text": "Cemented Tungsten Carbide Grades Used in Oil & Gas, Mining, and Construction Applications"
                }
            ],
            "key_value_pairs": [
                {
                    "section": "Grade Specifications and Comparison Chart",
                    "property": "Alternate or Legacy Name",
                    "value": "91",
                    "unit": ""
                },
                {
                    "section": "Grade Specifications and Comparison Chart",
                    "property": "Grain Family",
                    "value": "Coarse",
                    "unit": ""
                },
                {
                    "section": "Grade Specifications and Comparison Chart",
                    "property": "Cobalt %",
                    "value": "8.5",
                    "unit": "%"
                },
                {
                    "section": "Grade Specifications and Comparison Chart",
                    "property": "Hardness HRA",
                    "value": "89.2",
                    "unit": ""
                },
                {
                    "section": "Grade Specifications and Comparison Chart",
                    "property": "Hardness HV30",
                    "value": "1265",
                    "unit": ""
                },
                {
                    "section": "Grade Specifications and Comparison Chart",
                    "property": "Density",
                    "value": "14.68",
                    "unit": "g/cm³"
                },
                {
                    "section": "Grade Specifications and Comparison Chart",
                    "property": "TRS",
                    "value": "470",
                    "unit": "ksi"
                },
                {
                    "section": "Grade Specifications and Comparison Chart",
                    "property": "B611 Wear Resistance",
                    "value": "155",
                    "unit": "mm³"
                },
                {
                    "section": "Grade Specifications and Comparison Chart",
                    "property": "Palmqvist Toughness",
                    "value": "12.5",
                    "unit": "ksi in¹/²"
                },
                {
                    "section": "Grade Specifications and Comparison Chart",
                    "property": "B771 Fracture Toughness",
                    "value": "13.9",
                    "unit": "ksi in¹/²"
                }
            ]
        },
        {
            "reference": "KHM27",
            "brand": "Kennametal",
            "description": [
                {
                    "section": "Grade Specifications and Comparison Chart",
                    "text": "Cemented Tungsten Carbide Grades Used in Oil & Gas, Mining, and Construction Applications"
                }
            ],
            "key_value_pairs": [
                {
                    "section": "Grade Specifications and Comparison Chart",
                    "property": "Alternate or Legacy Name",
                    "value": "400/NM3/MO9",
                    "unit": ""
                },
                {
                    "section": "Grade Specifications and Comparison Chart",
                    "property": "Grain Family",
                    "value": "Medium",
                    "unit": ""
                },
                {
                    "section": "Grade Specifications and Comparison Chart",
                    "property": "Cobalt %",
                    "value": "9",
                    "unit": "%"
                },
                {
                    "section": "Grade Specifications and Comparison Chart",
                    "property": "Hardness HRA",
                    "value": "89.9",
                    "unit": ""
                },
                {
                    "section": "Grade Specifications and Comparison Chart",
                    "property": "Hardness HV30",
                    "value": "1335",
                    "unit": ""
                },
                {
                    "section": "Grade Specifications and Comparison Chart",
                    "property": "Density",
                    "value": "14.60",
                    "unit": "g/cm³"
                },
                {
                    "section": "Grade Specifications and Comparison Chart",
                    "property": "TRS",
                    "value": "515",
                    "unit": "ksi"
                },
                {
                    "section": "Grade Specifications and Comparison Chart",
                    "property": "B611 Wear Resistance",
                    "value": "90",
                    "unit": "mm³"
                },
                {
                    "section": "Grade Specifications and Comparison Chart",
                    "property": "Palmqvist Toughness",
                    "value": "11.2",
                    "unit": "ksi in¹/²"
                },
                {
                    "section": "Grade Specifications and Comparison Chart",
                    "property": "B771 Fracture Toughness",
                    "value": "10.9",
                    "unit": "ksi in¹/²"
                }
            ]
        },
        {
            "reference": "KHM36",
            "brand": "Kennametal",
            "description": [
                {
                    "section": "Grade Specifications and Comparison Chart",
                    "text": "Cemented Tungsten Carbide Grades Used in Oil & Gas, Mining, and Construction Applications"
                }
            ],
            "key_value_pairs": [
                {
                    "section": "Grade Specifications and Comparison Chart",
                    "property": "Alternate or Legacy Name",
                    "value": "393/386",
                    "unit": ""
                },
                {
                    "section": "Grade Specifications and Comparison Chart",
                    "property": "Grain Family",
                    "value": "Medium",
                    "unit": ""
                },
                {
                    "section": "Grade Specifications and Comparison Chart",
                    "property": "Cobalt %",
                    "value": "9",
                    "unit": "%"
                },
                {
                    "section": "Grade Specifications and Comparison Chart",
                    "property": "Hardness HRA",
                    "value": "89.6",
                    "unit": ""
                },
                {
                    "section": "Grade Specifications and Comparison Chart",
                    "property": "Hardness HV30",
                    "value": "1305",
                    "unit": ""
                },
                {
                    "section": "Grade Specifications and Comparison Chart",
                    "property": "Density",
                    "value": "14.64",
                    "unit": "g/cm³"
                },
                {
                    "section": "Grade Specifications and Comparison Chart",
                    "property": "TRS",
                    "value": "560",
                    "unit": "ksi"
                },
                {
                    "section": "Grade Specifications and Comparison Chart",
                    "property": "B611 Wear Resistance",
                    "value": "120",
                    "unit": "mm³"
                },
                {
                    "section": "Grade Specifications and Comparison Chart",
                    "property": "Palmqvist Toughness",
                    "value": "11.5",
                    "unit": "ksi in¹/²"
                },
                {
                    "section": "Grade Specifications and Comparison Chart",
                    "property": "B771 Fracture Toughness",
                    "value": "12.9",
                    "unit": "ksi in¹/²"
                }
            ]
        },
        {
            "reference": "KHC45",
            "brand": "Kennametal",
            "description": [
                {
                    "section": "Grade Specifications and Comparison Chart",
                    "text": "Cemented Tungsten Carbide Grades Used in Oil & Gas, Mining, and Construction Applications"
                }
            ],
            "key_value_pairs": [
                {
                    "section": "Grade Specifications and Comparison Chart",
                    "property": "Alternate or Legacy Name",
                    "value": "376",
                    "unit": ""
                },
                {
                    "section": "Grade Specifications and Comparison Chart",
                    "property": "Grain Family",
                    "value": "Coarse",
                    "unit": ""
                },
                {
                    "section": "Grade Specifications and Comparison Chart",
                    "property": "Cobalt %",
                    "value": "9",
                    "unit": "%"
                },
                {
                    "section": "Grade Specifications and Comparison Chart",
                    "property": "Hardness HRA",
                    "value": "88.9",
                    "unit": ""
                },
                {
                    "section": "Grade Specifications and Comparison Chart",
                    "property": "Hardness HV30",
                    "value": "1235",
                    "unit": ""
                },
                {
                    "section": "Grade Specifications and Comparison Chart",
                    "property": "Density",
                    "value": "14.64",
                    "unit": "g/cm³"
                },
                {
                    "section": "Grade Specifications and Comparison Chart",
                    "property": "TRS",
                    "value": "490",
                    "unit": "ksi"
                },
                {
                    "section": "Grade Specifications and Comparison Chart",
                    "property": "B611 Wear Resistance",
                    "value": "140",
                    "unit": "mm³"
                },
                {
                    "section": "Grade Specifications and Comparison Chart",
                    "property": "Palmqvist Toughness",
                    "value": "12.7",
                    "unit": "ksi in¹/²"
                },
                {
                    "section": "Grade Specifications and Comparison Chart",
                    "property": "B771 Fracture Toughness",
                    "value": "13.2",
                    "unit": "ksi in¹/²"
                }
            ]
        },
        {
            "reference": "KHC46",
            "brand": "Kennametal",
            "description": [
                {
                    "section": "Grade Specifications and Comparison Chart",
                    "text": "Cemented Tungsten Carbide Grades Used in Oil & Gas, Mining, and Construction Applications"
                }
            ],
            "key_value_pairs": [
                {
                    "section": "Grade Specifications and Comparison Chart",
                    "property": "Alternate or Legacy Name",
                    "value": "383",
                    "unit": ""
                },
                {
                    "section": "Grade Specifications and Comparison Chart",
                    "property": "Grain Family",
                    "value": "Coarse",
                    "unit": ""
                },
                {
                    "section": "Grade Specifications and Comparison Chart",
                    "property": "Cobalt %",
                    "value": "10",
                    "unit": "%"
                },
                {
                    "section": "Grade Specifications and Comparison Chart",
                    "property": "Hardness HRA",
                    "value": "89.2",
                    "unit": ""
                },
                {
                    "section": "Grade Specifications and Comparison Chart",
                    "property": "Hardness HV30",
                    "value": "1265",
                    "unit": ""
                },
                {
                    "section": "Grade Specifications and Comparison Chart",
                    "property": "Density",
                    "value": "14.53",
                    "unit": "g/cm³"
                },
                {
                    "section": "Grade Specifications and Comparison Chart",
                    "property": "TRS",
                    "value": "540",
                    "unit": "ksi"
                },
                {
                    "section": "Grade Specifications and Comparison Chart",
                    "property": "B611 Wear Resistance",
                    "value": "150",
                    "unit": "mm³"
                },
                {
                    "section": "Grade Specifications and Comparison Chart",
                    "property": "Palmqvist Toughness",
                    "value": "13.1",
                    "unit": "ksi in¹/²"
                },
                {
                    "section": "Grade Specifications and Comparison Chart",
                    "property": "B771 Fracture Toughness",
                    "value": "13.6",
                    "unit": "ksi in¹/²"
                }
            ]
        },
        {
            "reference": "KHC55",
            "brand": "Kennametal",
            "description": [
                {
                    "section": "Grade Specifications and Comparison Chart",
                    "text": "Cemented Tungsten Carbide Grades Used in Oil & Gas, Mining, and Construction Applications"
                }
            ],
            "key_value_pairs": [
                {
                    "section": "Grade Specifications and Comparison Chart",
                    "property": "Alternate or Legacy Name",
                    "value": "651/241",
                    "unit": ""
                },
                {
                    "section": "Grade Specifications and Comparison Chart",
                    "property": "Grain Family",
                    "value": "Coarse",
                    "unit": ""
                },
                {
                    "section": "Grade Specifications and Comparison Chart",
                    "property": "Cobalt %",
                    "value": "10",
                    "unit": "%"
                },
                {
                    "section": "Grade Specifications and Comparison Chart",
                    "property": "Hardness HRA",
                    "value": "88.6",
                    "unit": ""
                },
                {
                    "section": "Grade Specifications and Comparison Chart",
                    "property": "Hardness HV30",
                    "value": "1210",
                    "unit": ""
                },
                {
                    "section": "Grade Specifications and Comparison Chart",
                    "property": "Density",
                    "value": "14.52",
                    "unit": "g/cm³"
                },
                {
                    "section": "Grade Specifications and Comparison Chart",
                    "property": "TRS",
                    "value": "485",
                    "unit": "ksi"
                },
                {
                    "section": "Grade Specifications and Comparison Chart",
                    "property": "B611 Wear Resistance",
                    "value": "190",
                    "unit": "mm³"
                },
                {
                    "section": "Grade Specifications and Comparison Chart",
                    "property": "Palmqvist Toughness",
                    "value": "14.3",
                    "unit": "ksi in¹/²"
                },
                {
                    "section": "Grade Specifications and Comparison Chart",
                    "property": "B771 Fracture Toughness",
                    "value": "15.5",
                    "unit": "ksi in¹/²"
                }
            ]
        },
        {
            "reference": "KHC37",
            "brand": "Kennametal",
            "description": [
                {
                    "section": "Grade Specifications and Comparison Chart",
                    "text": "Cemented Tungsten Carbide Grades Used in Oil & Gas, Mining, and Construction Applications"
                }
            ],
            "key_value_pairs": [
                {
                    "section": "Grade Specifications and Comparison Chart",
                    "property": "Alternate or Legacy Name",
                    "value": "362",
                    "unit": ""
                },
                {
                    "section": "Grade Specifications and Comparison Chart",
                    "property": "Grain Family",
                    "value": "Coarse",
                    "unit": ""
                },
                {
                    "section": "Grade Specifications and Comparison Chart",
                    "property": "Cobalt %",
                    "value": "10",
                    "unit": "%"
                },
                {
                    "section": "Grade Specifications and Comparison Chart",
                    "property": "Hardness HRA",
                    "value": "87.9",
                    "unit": ""
                },
                {
                    "section": "Grade Specifications and Comparison Chart",
                    "property": "Hardness HV30",
                    "value": "1150",
                    "unit": ""
                },
                {
                    "section": "Grade Specifications and Comparison Chart",
                    "property": "Density",
                    "value": "14.53",
                    "unit": "g/cm³"
                },
                {
                    "section": "Grade Specifications and Comparison Chart",
                    "property": "TRS",
                    "value": "460",
                    "unit": "ksi"
                },
                {
                    "section": "Grade Specifications and Comparison Chart",
                    "property": "B611 Wear Resistance",
                    "value": "210",
                    "unit": "mm³"
                },
                {
                    "section": "Grade Specifications and Comparison Chart",
                    "property": "Palmqvist Toughness",
                    "value": "14.8",
                    "unit": "ksi in¹/²"
                },
                {
                    "section": "Grade Specifications and Comparison Chart",
                    "property": "B771 Fracture Toughness",
                    "value": "15.2",
                    "unit": "ksi in¹/²"
                }
            ]
        },
        {
            "reference": "KHC28",
            "brand": "Kennametal",
            "description": [
                {
                    "section": "Grade Specifications and Comparison Chart",
                    "text": "Cemented Tungsten Carbide Grades Used in Oil & Gas, Mining, and Construction Applications"
                }
            ],
            "key_value_pairs": [
                {
                    "section": "Grade Specifications and Comparison Chart",
                    "property": "Alternate or Legacy Name",
                    "value": "380/231",
                    "unit": ""
                },
                {
                    "section": "Grade Specifications and Comparison Chart",
                    "property": "Grain Family",
                    "value": "Coarse",
                    "unit": ""
                },
                {
                    "section": "Grade Specifications and Comparison Chart",
                    "property": "Cobalt %",
                    "value": "10",
                    "unit": "%"
                },
                {
                    "section": "Grade Specifications and Comparison Chart",
                    "property": "Hardness HRA",
                    "value": "87.7",
                    "unit": ""
                },
                {
                    "section": "Grade Specifications and Comparison Chart",
                    "property": "Hardness HV30",
                    "value": "1130",
                    "unit": ""
                },
                {
                    "section": "Grade Specifications and Comparison Chart",
                    "property": "Density",
                    "value": "14.52",
                    "unit": "g/cm³"
                },
                {
                    "section": "Grade Specifications and Comparison Chart",
                    "property": "TRS",
                    "value": "460",
                    "unit": "ksi"
                },
                {
                    "section": "Grade Specifications and Comparison Chart",
                    "property": "B611 Wear Resistance",
                    "value": "215",
                    "unit": "mm³"
                },
                {
                    "section": "Grade Specifications and Comparison Chart",
                    "property": "Palmqvist Toughness",
                    "value": "15.8",
                    "unit": "ksi in¹/²"
                },
                {
                    "section": "Grade Specifications and Comparison Chart",
                    "property": "B771 Fracture Toughness",
                    "value": "16.0",
                    "unit": "ksi in¹/²"
                }
            ]
        },
        {
            "reference": "KHC91",
            "brand": "Kennametal",
            "description": [
                {
                    "section": "Grade Specifications and Comparison Chart",
                    "text": "Cemented Tungsten Carbide Grades Used in Oil & Gas, Mining, and Construction Applications"
                }
            ],
            "key_value_pairs": [
                {
                    "section": "Grade Specifications and Comparison Chart",
                    "property": "Alternate or Legacy Name",
                    "value": "610",
                    "unit": ""
                },
                {
                    "section": "Grade Specifications and Comparison Chart",
                    "property": "Grain Family",
                    "value": "Coarse",
                    "unit": ""
                },
                {
                    "section": "Grade Specifications and Comparison Chart",
                    "property": "Cobalt %",
                    "value": "10",
                    "unit": "%"
                },
                {
                    "section": "Grade Specifications and Comparison Chart",
                    "property": "Hardness HRA",
                    "value": "87.3",
                    "unit": ""
                },
                {
                    "section": "Grade Specifications and Comparison Chart",
                    "property": "Hardness HV30",
                    "value": "1100",
                    "unit": ""
                },
                {
                    "section": "Grade Specifications and Comparison Chart",
                    "property": "Density",
                    "value": "14.53",
                    "unit": "g/cm³"
                },
                {
                    "section": "Grade Specifications and Comparison Chart",
                    "property": "TRS",
                    "value": "475",
                    "unit": "ksi"
                },
                {
                    "section": "Grade Specifications and Comparison Chart",
                    "property": "B611 Wear Resistance",
                    "value": "210",
                    "unit": "mm³"
                }
            ]
        },
        {
            "reference": "KHM38",
            "brand": "Kennametal",
            "description": [
                {
                    "section": "Grade Specifications and Comparison Chart",
                    "text": "Cemented Tungsten Carbide Grades Used in Oil & Gas, Mining, and Construction Applications"
                }
            ],
            "key_value_pairs": [
                {
                    "section": "Grade Specifications and Comparison Chart",
                    "property": "Alternate or Legacy Name",
                    "value": "248/363W",
                    "unit": ""
                },
                {
                    "section": "Grade Specifications and Comparison Chart",
                    "property": "Grain Family",
                    "value": "Medium",
                    "unit": ""
                },
                {
                    "section": "Grade Specifications and Comparison Chart",
                    "property": "Cobalt %",
                    "value": "11",
                    "unit": "%"
                },
                {
                    "section": "Grade Specifications and Comparison Chart",
                    "property": "Hardness HRA",
                    "value": "89.7",
                    "unit": ""
                },
                {
                    "section": "Grade Specifications and Comparison Chart",
                    "property": "Hardness HV30",
                    "value": "1315",
                    "unit": ""
                },
                {
                    "section": "Grade Specifications and Comparison Chart",
                    "property": "Density",
                    "value": "14.43",
                    "unit": "g/cm³"
                },
                {
                    "section": "Grade Specifications and Comparison Chart",
                    "property": "TRS",
                    "value": "545",
                    "unit": "ksi"
                },
                {
                    "section": "Grade Specifications and Comparison Chart",
                    "property": "B611 Wear Resistance",
                    "value": "125",
                    "unit": "mm³"
                },
                {
                    "section": "Grade Specifications and Comparison Chart",
                    "property": "Palmqvist Toughness",
                    "value": "11.5",
                    "unit": "ksi in¹/²"
                },
                {
                    "section": "Grade Specifications and Comparison Chart",
                    "property": "B771 Fracture Toughness",
                    "value": "11.3",
                    "unit": "ksi in¹/²"
                }
            ]
        },
        {
            "reference": "KHC65",
            "brand": "Kennametal",
            "description": [
                {
                    "section": "Grade Specifications and Comparison Chart",
                    "text": "Cemented Tungsten Carbide Grades Used in Oil & Gas, Mining, and Construction Applications"
                }
            ],
            "key_value_pairs": [
                {
                    "section": "Grade Specifications and Comparison Chart",
                    "property": "Alternate or Legacy Name",
                    "value": "367/941",
                    "unit": ""
                },
                {
                    "section": "Grade Specifications and Comparison Chart",
                    "property": "Grain Family",
                    "value": "Coarse",
                    "unit": ""
                },
                {
                    "section": "Grade Specifications and Comparison Chart",
                    "property": "Cobalt %",
                    "value": "11",
                    "unit": "%"
                },
                {
                    "section": "Grade Specifications and Comparison Chart",
                    "property": "Hardness HRA",
                    "value": "88.6",
                    "unit": ""
                },
                {
                    "section": "Grade Specifications and Comparison Chart",
                    "property": "Hardness HV30",
                    "value": "1210",
                    "unit": ""
                },
                {
                    "section": "Grade Specifications and Comparison Chart",
                    "property": "Density",
                    "value": "14.42",
                    "unit": "g/cm³"
                },
                {
                    "section": "Grade Specifications and Comparison Chart",
                    "property": "TRS",
                    "value": "525",
                    "unit": "ksi"
                },
                {
                    "section": "Grade Specifications and Comparison Chart",
                    "property": "B611 Wear Resistance",
                    "value": "175",
                    "unit": "mm³"
                },
                {
                    "section": "Grade Specifications and Comparison Chart",
                    "property": "Palmqvist Toughness",
                    "value": "13.4",
                    "unit": "ksi in¹/²"
                },
                {
                    "section": "Grade Specifications and Comparison Chart",
                    "property": "B771 Fracture Toughness",
                    "value": "12.8",
                    "unit": "ksi in¹/²"
                }
            ]
        },
        {
            "reference": "KHC29",
            "brand": "Kennametal",
            "description": [
                {
                    "section": "Grade Specifications and Comparison Chart",
                    "text": "Cemented Tungsten Carbide Grades Used in Oil & Gas, Mining, and Construction Applications"
                }
            ],
            "key_value_pairs": [
                {
                    "section": "Grade Specifications and Comparison Chart",
                    "property": "Alternate or Legacy Name",
                    "value": "931",
                    "unit": ""
                },
                {
                    "section": "Grade Specifications and Comparison Chart",
                    "property": "Grain Family",
                    "value": "Coarse",
                    "unit": ""
                },
                {
                    "section": "Grade Specifications and Comparison Chart",
                    "property": "Cobalt %",
                    "value": "11",
                    "unit": "%"
                },
                {
                    "section": "Grade Specifications and Comparison Chart",
                    "property": "Hardness HRA",
                    "value": "88.1",
                    "unit": ""
                },
                {
                    "section": "Grade Specifications and Comparison Chart",
                    "property": "Hardness HV30",
                    "value": "1165",
                    "unit": ""
                },
                {
                    "section": "Grade Specifications and Comparison Chart",
                    "property": "Density",
                    "value": "14.42",
                    "unit": "g/cm³"
                },
                {
                    "section": "Grade Specifications and Comparison Chart",
                    "property": "TRS",
                    "value": "495",
                    "unit": "ksi"
                },
                {
                    "section": "Grade Specifications and Comparison Chart",
                    "property": "B611 Wear Resistance",
                    "value": "200",
                    "unit": "mm³"
                },
                {
                    "section": "Grade Specifications and Comparison Chart",
                    "property": "Palmqvist Toughness",
                    "value": "14.9",
                    "unit": "ksi in¹/²"
                },
                {
                    "section": "Grade Specifications and Comparison Chart",
                    "property": "B771 Fracture Toughness",
                    "value": "14.3",
                    "unit": "ksi in¹/²"
                }
            ]
        },
        {
            "reference": "KHC47",
            "brand": "Kennametal",
            "description": [
                {
                    "section": "Grade Specifications and Comparison Chart",
                    "text": "Cemented Tungsten Carbide Grades Used in Oil & Gas, Mining, and Construction Applications"
                }
            ],
            "key_value_pairs": [
                {
                    "section": "Grade Specifications and Comparison Chart",
                    "property": "Alternate or Legacy Name",
                    "value": "349",
                    "unit": ""
                },
                {
                    "section": "Grade Specifications and Comparison Chart",
                    "property": "Grain Family",
                    "value": "Coarse",
                    "unit": ""
                },
                {
                    "section": "Grade Specifications and Comparison Chart",
                    "property": "Cobalt %",
                    "value": "11",
                    "unit": "%"
                },
                {
                    "section": "Grade Specifications and Comparison Chart",
                    "property": "Hardness HRA",
                    "value": "87.7",
                    "unit": ""
                },
                {
                    "section": "Grade Specifications and Comparison Chart",
                    "property": "Hardness HV30",
                    "value": "1130",
                    "unit": ""
                },
                {
                    "section": "Grade Specifications and Comparison Chart",
                    "property": "Density",
                    "value": "14.42",
                    "unit": "g/cm³"
                },
                {
                    "section": "Grade Specifications and Comparison Chart",
                    "property": "TRS",
                    "value": "455",
                    "unit": "ksi"
                },
                {
                    "section": "Grade Specifications and Comparison Chart",
                    "property": "B611 Wear Resistance",
                    "value": "225",
                    "unit": "mm³"
                },
                {
                    "section": "Grade Specifications and Comparison Chart",
                    "property": "Palmqvist Toughness",
                    "value": "15.4",
                    "unit": "ksi in¹/²"
                },
                {
                    "section": "Grade Specifications and Comparison Chart",
                    "property": "B771 Fracture Toughness",
                    "value": "15.1",
                    "unit": "ksi in¹/²"
                }
            ]
        },
        {
            "reference": "KHC39",
            "brand": "Kennametal",
            "description": [
                {
                    "section": "Grade Specifications and Comparison Chart",
                    "text": "Cemented Tungsten Carbide Grades Used in Oil & Gas, Mining, and Construction Applications"
                }
            ],
            "key_value_pairs": [
                {
                    "section": "Grade Specifications and Comparison Chart",
                    "property": "Alternate or Legacy Name",
                    "value": "355",
                    "unit": ""
                },
                {
                    "section": "Grade Specifications and Comparison Chart",
                    "property": "Grain Family",
                    "value": "Coarse",
                    "unit": ""
                },
                {
                    "section": "Grade Specifications and Comparison Chart",
                    "property": "Cobalt %",
                    "value": "12",
                    "unit": "%"
                },
                {
                    "section": "Grade Specifications and Comparison Chart",
                    "property": "Hardness HRA",
                    "value": "87.1",
                    "unit": ""
                },
                {
                    "section": "Grade Specifications and Comparison Chart",
                    "property": "Hardness HV30",
                    "value": "1085",
                    "unit": ""
                },
                {
                    "section": "Grade Specifications and Comparison Chart",
                    "property": "Density",
                    "value": "14.33",
                    "unit": "g/cm³"
                },
                {
                    "section": "Grade Specifications and Comparison Chart",
                    "property": "TRS",
                    "value": "465",
                    "unit": "ksi"
                },
                {
                    "section": "Grade Specifications and Comparison Chart",
                    "property": "B611 Wear Resistance",
                    "value": "255",
                    "unit": "mm³"
                },
                {
                    "section": "Grade Specifications and Comparison Chart",
                    "property": "Palmqvist Toughness",
                    "value": "18.4",
                    "unit": "ksi in¹/²"
                },
                {
                    "section": "Grade Specifications and Comparison Chart",
                    "property": "B771 Fracture Toughness",
                    "value": "16.3",
                    "unit": "ksi in¹/²"
                }
            ]
        },
        {
            "reference": "KHE39",
            "brand": "Kennametal",
            "description": [
                {
                    "section": "Grade Specifications and Comparison Chart",
                    "text": "Cemented Tungsten Carbide Grades Used in Oil & Gas, Mining, and Construction Applications"
                }
            ],
            "key_value_pairs": [
                {
                    "section": "Grade Specifications and Comparison Chart",
                    "property": "Alternate or Legacy Name",
                    "value": "120V/365",
                    "unit": ""
                },
                {
                    "section": "Grade Specifications and Comparison Chart",
                    "property": "Grain Family",
                    "value": "Extra Coarse",
                    "unit": ""
                },
                {
                    "section": "Grade Specifications and Comparison Chart",
                    "property": "Cobalt %",
                    "value": "12",
                    "unit": "%"
                },
                {
                    "section": "Grade Specifications and Comparison Chart",
                    "property": "Hardness HRA",
                    "value": "86.6",
                    "unit": ""
                },
                {
                    "section": "Grade Specifications and Comparison Chart",
                    "property": "Hardness HV30",
                    "value": "1045",
                    "unit": ""
                },
                {
                    "section": "Grade Specifications and Comparison Chart",
                    "property": "Density",
                    "value": "14.32",
                    "unit": "g/cm³"
                },
                {
                    "section": "Grade Specifications and Comparison Chart",
                    "property": "TRS",
                    "value": "455",
                    "unit": "ksi"
                },
                {
                    "section": "Grade Specifications and Comparison Chart",
                    "property": "B611 Wear Resistance",
                    "value": "285",
                    "unit": "mm³"
                },
                {
                    "section": "Grade Specifications and Comparison Chart",
                    "property": "Palmqvist Toughness",
                    "value": "22.5",
                    "unit": "ksi in¹/²"
                },
                {
                    "section": "Grade Specifications and Comparison Chart",
                    "property": "B771 Fracture Toughness",
                    "value": "18.2",
                    "unit": "ksi in¹/²"
                }
            ]
        },
        {
            "reference": "KHE86",
            "brand": "Kennametal",
            "description": [
                {
                    "section": "Grade Specifications and Comparison Chart",
                    "text": "Cemented Tungsten Carbide Grades Used in Oil & Gas, Mining, and Construction Applications"
                }
            ],
            "key_value_pairs": [
                {
                    "section": "Grade Specifications and Comparison Chart",
                    "property": "Alternate or Legacy Name",
                    "value": "MN1",
                    "unit": ""
                },
                {
                    "section": "Grade Specifications and Comparison Chart",
                    "property": "Grain Family",
                    "value": "Extra Coarse",
                    "unit": ""
                },
                {
                    "section": "Grade Specifications and Comparison Chart",
                    "property": "Cobalt %",
                    "value": "13.5",
                    "unit": "%"
                },
                {
                    "section": "Grade Specifications and Comparison Chart",
                    "property": "Hardness HRA",
                    "value": "85.1",
                    "unit": ""
                },
                {
                    "section": "Grade Specifications and Comparison Chart",
                    "property": "Hardness HV30",
                    "value": "945",
                    "unit": ""
                },
                {
                    "section": "Grade Specifications and Comparison Chart",
                    "property": "Density",
                    "value": "14.18",
                    "unit": "g/cm³"
                },
                {
                    "section": "Grade Specifications and Comparison Chart",
                    "property": "TRS",
                    "value": "395",
                    "unit": "ksi"
                },
                {
                    "section": "Grade Specifications and Comparison Chart",
                    "property": "B611 Wear Resistance",
                    "value": "355",
                    "unit": "mm³"
                }
            ]
        },
        {
            "reference": "KHC68",
            "brand": "Kennametal",
            "description": [
                {
                    "section": "Grade Specifications and Comparison Chart",
                    "text": "Cemented Tungsten Carbide Grades Used in Oil & Gas, Mining, and Construction Applications"
                }
            ],
            "key_value_pairs": [
                {
                    "section": "Grade Specifications and Comparison Chart",
                    "property": "Alternate or Legacy Name",
                    "value": "387",
                    "unit": ""
                },
                {
                    "section": "Grade Specifications and Comparison Chart",
                    "property": "Grain Family",
                    "value": "Coarse",
                    "unit": ""
                },
                {
                    "section": "Grade Specifications and Comparison Chart",
                    "property": "Cobalt %",
                    "value": "14",
                    "unit": "%"
                },
                {
                    "section": "Grade Specifications and Comparison Chart",
                    "property": "Hardness HRA",
                    "value": "88.0",
                    "unit": ""
                },
                {
                    "section": "Grade Specifications and Comparison Chart",
                    "property": "Hardness HV30",
                    "value": "1155",
                    "unit": ""
                },
                {
                    "section": "Grade Specifications and Comparison Chart",
                    "property": "Density",
                    "value": "14.13",
                    "unit": "g/cm³"
                },
                {
                    "section": "Grade Specifications and Comparison Chart",
                    "property": "TRS",
                    "value": "517",
                    "unit": "ksi"
                },
                {
                    "section": "Grade Specifications and Comparison Chart",
                    "property": "B611 Wear Resistance",
                    "value": "280",
                    "unit": "mm³"
                },
                {
                    "section": "Grade Specifications and Comparison Chart",
                    "property": "Palmqvist Toughness",
                    "value": "16.3",
                    "unit": "ksi in¹/²"
                },
                {
                    "section": "Grade Specifications and Comparison Chart",
                    "property": "B771 Fracture Toughness",
                    "value": "13.0",
                    "unit": "ksi in¹/²"
                }
            ]
        },
        {
            "reference": "KHC59",
            "brand": "Kennametal",
            "description": [
                {
                    "section": "Grade Specifications and Comparison Chart",
                    "text": "Cemented Tungsten Carbide Grades Used in Oil & Gas, Mining, and Construction Applications"
                }
            ],
            "key_value_pairs": [
                {
                    "section": "Grade Specifications and Comparison Chart",
                    "property": "Alternate or Legacy Name",
                    "value": "369",
                    "unit": ""
                },
                {
                    "section": "Grade Specifications and Comparison Chart",
                    "property": "Grain Family",
                    "value": "Coarse",
                    "unit": ""
                },
                {
                    "section": "Grade Specifications and Comparison Chart",
                    "property": "Cobalt %",
                    "value": "14",
                    "unit": "%"
                },
                {
                    "section": "Grade Specifications and Comparison Chart",
                    "property": "Hardness HRA",
                    "value": "86.3",
                    "unit": ""
                },
                {
                    "section": "Grade Specifications and Comparison Chart",
                    "property": "Hardness HV30",
                    "value": "1025",
                    "unit": ""
                },
                {
                    "section": "Grade Specifications and Comparison Chart",
                    "property": "Density",
                    "value": "14.13",
                    "unit": "g/cm³"
                },
                {
                    "section": "Grade Specifications and Comparison Chart",
                    "property": "TRS",
                    "value": "445",
                    "unit": "ksi"
                },
                {
                    "section": "Grade Specifications and Comparison Chart",
                    "property": "B611 Wear Resistance",
                    "value": "335",
                    "unit": "mm³"
                },
                {
                    "section": "Grade Specifications and Comparison Chart",
                    "property": "Palmqvist Toughness",
                    "value": "21.1",
                    "unit": "ksi in¹/²"
                },
                {
                    "section": "Grade Specifications and Comparison Chart",
                    "property": "B771 Fracture Toughness",
                    "value": "17.4",
                    "unit": "ksi in¹/²"
                }
            ]
        },
        {
            "reference": "KHE77",
            "brand": "Kennametal",
            "description": [
                {
                    "section": "Grade Specifications and Comparison Chart",
                    "text": "Cemented Tungsten Carbide Grades Used in Oil & Gas, Mining, and Construction Applications"
                }
            ],
            "key_value_pairs": [
                {
                    "section": "Grade Specifications and Comparison Chart",
                    "property": "Alternate or Legacy Name",
                    "value": "147",
                    "unit": ""
                },
                {
                    "section": "Grade Specifications and Comparison Chart",
                    "property": "Grain Family",
                    "value": "Extra Coarse",
                    "unit": ""
                },
                {
                    "section": "Grade Specifications and Comparison Chart",
                    "property": "Cobalt %",
                    "value": "14",
                    "unit": "%"
                },
                {
                    "section": "Grade Specifications and Comparison Chart",
                    "property": "Hardness HRA",
                    "value": "85.7",
                    "unit": ""
                },
                {
                    "section": "Grade Specifications and Comparison Chart",
                    "property": "Hardness HV30",
                    "value": "985",
                    "unit": ""
                },
                {
                    "section": "Grade Specifications and Comparison Chart",
                    "property": "Density",
                    "value": "14.13",
                    "unit": "g/cm³"
                },
                {
                    "section": "Grade Specifications and Comparison Chart",
                    "property": "TRS",
                    "value": "430",
                    "unit": "ksi"
                },
                {
                    "section": "Grade Specifications and Comparison Chart",
                    "property": "B611 Wear Resistance",
                    "value": "370",
                    "unit": "mm³"
                },
                {
                    "section": "Grade Specifications and Comparison Chart",
                    "property": "B771 Fracture Toughness",
                    "value": "19.2",
                    "unit": "ksi in¹/²"
                }
            ]
        },
        {
            "reference": "KHC97",
            "brand": "Kennametal",
            "description": [
                {
                    "section": "Grade Specifications and Comparison Chart",
                    "text": "Cemented Tungsten Carbide Grades Used in Oil & Gas, Mining, and Construction Applications"
                }
            ],
            "key_value_pairs": [
                {
                    "section": "Grade Specifications and Comparison Chart",
                    "property": "Alternate or Legacy Name",
                    "value": "375/55B",
                    "unit": ""
                },
                {
                    "section": "Grade Specifications and Comparison Chart",
                    "property": "Grain Family",
                    "value": "Coarse",
                    "unit": ""
                },
                {
                    "section": "Grade Specifications and Comparison Chart",
                    "property": "Cobalt %",
                    "value": "16",
                    "unit": "%"
                },
                {
                    "section": "Grade Specifications and Comparison Chart",
                    "property": "Hardness HRA",
                    "value": "86.7",
                    "unit": ""
                },
                {
                    "section": "Grade Specifications and Comparison Chart",
                    "property": "Hardness HV30",
                    "value": "1055",
                    "unit": ""
                },
                {
                    "section": "Grade Specifications and Comparison Chart",
                    "property": "Density",
                    "value": "13.94",
                    "unit": "g/cm³"
                },
                {
                    "section": "Grade Specifications and Comparison Chart",
                    "property": "TRS",
                    "value": "495",
                    "unit": "ksi"
                },
                {
                    "section": "Grade Specifications and Comparison Chart",
                    "property": "B611 Wear Resistance",
                    "value": "360",
                    "unit": "mm³"
                },
                {
                    "section": "Grade Specifications and Comparison Chart",
                    "property": "Palmqvist Toughness",
                    "value": "19.5",
                    "unit": "ksi in¹/²"
                },
                {
                    "section": "Grade Specifications and Comparison Chart",
                    "property": "B771 Fracture Toughness",
                    "value": "16.1",
                    "unit": "ksi in¹/²"
                }
            ]
        },
        {
            "reference": "KHC88",
            "brand": "Kennametal",
            "description": [
                {
                    "section": "Grade Specifications and Comparison Chart",
                    "text": "Cemented Tungsten Carbide Grades Used in Oil & Gas, Mining, and Construction Applications"
                }
            ],
            "key_value_pairs": [
                {
                    "section": "Grade Specifications and Comparison Chart",
                    "property": "Alternate or Legacy Name",
                    "value": "368/45B",
                    "unit": ""
                },
                {
                    "section": "Grade Specifications and Comparison Chart",
                    "property": "Grain Family",
                    "value": "Coarse",
                    "unit": ""
                },
                {
                    "section": "Grade Specifications and Comparison Chart",
                    "property": "Cobalt %",
                    "value": "16",
                    "unit": "%"
                },
                {
                    "section": "Grade Specifications and Comparison Chart",
                    "property": "Hardness HRA",
                    "value": "85.8",
                    "unit": ""
                },
                {
                    "section": "Grade Specifications and Comparison Chart",
                    "property": "Hardness HV30",
                    "value": "990",
                    "unit": ""
                },
                {
                    "section": "Grade Specifications and Comparison Chart",
                    "property": "Density",
                    "value": "13.94",
                    "unit": "g/cm³"
                },
                {
                    "section": "Grade Specifications and Comparison Chart",
                    "property": "TRS",
                    "value": "460",
                    "unit": "ksi"
                },
                {
                    "section": "Grade Specifications and Comparison Chart",
                    "property": "B611 Wear Resistance",
                    "value": "380",
                    "unit": "mm³"
                },
                {
                    "section": "Grade Specifications and Comparison Chart",
                    "property": "B771 Fracture Toughness",
                    "value": "17.4",
                    "unit": "ksi in¹/²"
                }
            ]
        },
        {
            "reference": "KHC20",
            "brand": "Kennametal",
            "description": [
                {
                    "section": "Grade Specifications and Comparison Chart",
                    "text": "Cemented Tungsten Carbide Grades Used in Oil & Gas, Mining, and Construction Applications"
                }
            ],
            "key_value_pairs": [
                {
                    "section": "Grade Specifications and Comparison Chart",
                    "property": "Alternate or Legacy Name",
                    "value": "352",
                    "unit": ""
                },
                {
                    "section": "Grade Specifications and Comparison Chart",
                    "property": "Grain Family",
                    "value": "Coarse",
                    "unit": ""
                },
                {
                    "section": "Grade Specifications and Comparison Chart",
                    "property": "Cobalt %",
                    "value": "20",
                    "unit": "%"
                },
                {
                    "section": "Grade Specifications and Comparison Chart",
                    "property": "Hardness HRA",
                    "value": "85.6",
                    "unit": ""
                },
                {
                    "section": "Grade Specifications and Comparison Chart",
                    "property": "Hardness HV30",
                    "value": "980",
                    "unit": ""
                },
                {
                    "section": "Grade Specifications and Comparison Chart",
                    "property": "Density",
                    "value": "13.57",
                    "unit": "g/cm³"
                },
                {
                    "section": "Grade Specifications and Comparison Chart",
                    "property": "TRS",
                    "value": "500",
                    "unit": "ksi"
                },
                {
                    "section": "Grade Specifications and Comparison Chart",
                    "property": "B611 Wear Resistance",
                    "value": "460",
                    "unit": "mm³"
                },
                {
                    "section": "Grade Specifications and Comparison Chart",
                    "property": "B771 Fracture Toughness",
                    "value": "16.5",
                    "unit": "ksi in¹/²"
                }
            ]
        }
    ]
}