{
    "parts": [
        {
            "reference": "158065",
            "brand": "NOFLON",
            "description": [
                {
                    "section": "NOFLON BROWN",
                    "text": "Uniquely Hand Crafted"
                }
            ],
            "key_value_pairs": [
                {
                    "section": "NOFLON BROWN",
                    "property": "Glazing",
                    "value": "Two Tone",
                    "unit": ""
                },
                {
                    "section": "NOFLON BROWN",
                    "property": "Material",
                    "value": "Fine Ceramic",
                    "unit": ""
                },
                {
                    "section": "NOFLON BROWN",
                    "property": "Waste",
                    "value": "32",
                    "unit": "mm"
                },
                {
                    "section": "NOFLON BROWN",
                    "property": "Overflow",
                    "value": "No",
                    "unit": ""
                },
                {
                    "section": "NOFLON BROWN",
                    "property": "Dimension",
                    "value": "410 x 410 x 140",
                    "unit": "mm"
                },
                {
                    "section": "NOFLON BROWN",
                    "property": "RRP",
                    "value": "$425",
                    "unit": ""
                }
            ]
        },
        {
            "reference": "158066",
            "brand": "NOFLON",
            "description": [
                {
                    "section": "NOFLON PURPLE",
                    "text": "Uniquely Hand Crafted"
                }
            ],
            "key_value_pairs": [
                {
                    "section": "NOFLON PURPLE",
                    "property": "Glazing",
                    "value": "Two Tone",
                    "unit": ""
                },
                {
                    "section": "NOFLON PURPLE",
                    "property": "Material",
                    "value": "Fine Ceramic",
                    "unit": ""
                },
                {
                    "section": "NOFLON PURPLE",
                    "property": "Waste",
                    "value": "32",
                    "unit": "mm"
                },
                {
                    "section": "NOFLON PURPLE",
                    "property": "Overflow",
                    "value": "No",
                    "unit": ""
                },
                {
                    "section": "NOFLON PURPLE",
                    "property": "Dimension",
                    "value": "410 x 410 x 140",
                    "unit": "mm"
                },
                {
                    "section": "NOFLON PURPLE",
                    "property": "RRP",
                    "value": "$425",
                    "unit": ""
                }
            ]
        },
        {
            "reference": "158067",
            "brand": "NOFLON",
            "description": [
                {
                    "section": "NOFLON GREY",
                    "text": "Uniquely Hand Crafted"
                }
            ],
            "key_value_pairs": [
                {
                    "section": "NOFLON GREY",
                    "property": "Glazing",
                    "value": "Two Tone",
                    "unit": ""
                },
                {
                    "section": "NOFLON GREY",
                    "property": "Material",
                    "value": "Fine Ceramic",
                    "unit": ""
                },
                {
                    "section": "NOFLON GREY",
                    "property": "Waste",
                    "value": "32",
                    "unit": "mm"
                },
                {
                    "section": "NOFLON GREY",
                    "property": "Overflow",
                    "value": "No",
                    "unit": ""
                },
                {
                    "section": "NOFLON GREY",
                    "property": "Dimension",
                    "value": "410 x 410 x 140",
                    "unit": "mm"
                },
                {
                    "section": "NOFLON GREY",
                    "property": "RRP",
                    "value": "$425",
                    "unit": ""
                }
            ]
        },
        {
            "reference": "155188B",
            "brand": "NOFLON",
            "description": [
                {
                    "section": "NOFLON SINI GROSS",
                    "text": "Matte White and Brown"
                }
            ],
            "key_value_pairs": [
                {
                    "section": "NOFLON SINI GROSS",
                    "property": "Glazing",
                    "value": "Silicone",
                    "unit": ""
                },
                {
                    "section": "NOFLON SINI GROSS",
                    "property": "Material",
                    "value": "Fine Ceramic",
                    "unit": ""
                },
                {
                    "section": "NOFLON SINI GROSS",
                    "property": "Waste",
                    "value": "32",
                    "unit": "mm"
                },
                {
                    "section": "NOFLON SINI GROSS",
                    "property": "Overflow",
                    "value": "No",
                    "unit": ""
                },
                {
                    "section": "NOFLON SINI GROSS",
                    "property": "Dimension",
                    "value": "440 x 440 x 145",
                    "unit": "mm"
                },
                {
                    "section": "NOFLON SINI GROSS",
                    "property": "RRP",
                    "value": "$200",
                    "unit": ""
                }
            ]
        },
        {
            "reference": "155188P",
            "brand": "NOFLON",
            "description": [
                {
                    "section": "NOFLON SINI GROSS",
                    "text": "Matte White and Purple"
                }
            ],
            "key_value_pairs": [
                {
                    "section": "NOFLON SINI GROSS",
                    "property": "Glazing",
                    "value": "Silicone",
                    "unit": ""
                },
                {
                    "section": "NOFLON SINI GROSS",
                    "property": "Material",
                    "value": "Fine Ceramic",
                    "unit": ""
                },
                {
                    "section": "NOFLON SINI GROSS",
                    "property": "Waste",
                    "value": "32",
                    "unit": "mm"
                },
                {
                    "section": "NOFLON SINI GROSS",
                    "property": "Overflow",
                    "value": "No",
                    "unit": ""
                },
                {
                    "section": "NOFLON SINI GROSS",
                    "property": "Dimension",
                    "value": "440 x 440 x 145",
                    "unit": "mm"
                },
                {
                    "section": "NOFLON SINI GROSS",
                    "property": "RRP",
                    "value": "$200",
                    "unit": ""
                }
            ]
        },
        {
            "reference": "155188G",
            "brand": "NOFLON",
            "description": [
                {
                    "section": "NOFLON SINI GROSS",
                    "text": "Matte White and Gray"
                }
            ],
            "key_value_pairs": [
                {
                    "section": "NOFLON SINI GROSS",
                    "property": "Glazing",
                    "value": "Silicone",
                    "unit": ""
                },
                {
                    "section": "NOFLON SINI GROSS",
                    "property": "Material",
                    "value": "Fine Ceramic",
                    "unit": ""
                },
                {
                    "section": "NOFLON SINI GROSS",
                    "property": "Waste",
                    "value": "32",
                    "unit": "mm"
                },
                {
                    "section": "NOFLON SINI GROSS",
                    "property": "Overflow",
                    "value": "No",
                    "unit": ""
                },
                {
                    "section": "NOFLON SINI GROSS",
                    "property": "Dimension",
                    "value": "440 x 440 x 145",
                    "unit": "mm"
                },
                {
                    "section": "NOFLON SINI GROSS",
                    "property": "RRP",
                    "value": "$200",
                    "unit": ""
                }
            ]
        },
        {
            "reference": "155188SW",
            "brand": "NOFLON",
            "description": [
                {
                    "section": "NOFLON SINI GROSS",
                    "text": "Ultra Slim Gloss White Fine Ceramic"
                }
            ],
            "key_value_pairs": [
                {
                    "section": "NOFLON SINI GROSS",
                    "property": "Waste",
                    "value": "32",
                    "unit": "mm"
                },
                {
                    "section": "NOFLON SINI GROSS",
                    "property": "Overflow",
                    "value": "No",
                    "unit": ""
                },
                {
                    "section": "NOFLON SINI GROSS",
                    "property": "Dimension",
                    "value": "440 x 440 x 145",
                    "unit": "mm"
                },
                {
                    "section": "NOFLON SINI GROSS",
                    "property": "RRP",
                    "value": "$225",
                    "unit": ""
                }
            ]
        },
        {
            "reference": "IS4088MW",
            "brand": "Inspire",
            "description": [
                {
                    "section": "FEATURES",
                    "text": "Ultra Slim Matte White Fine Ceramic"
                }
            ],
            "key_value_pairs": [
                {
                    "section": "FEATURES",
                    "property": "Waste",
                    "value": "32",
                    "unit": "mm"
                },
                {
                    "section": "FEATURES",
                    "property": "Overflow",
                    "value": "No",
                    "unit": ""
                },
                {
                    "section": "FEATURES",
                    "property": "Dimension",
                    "value": "355 x 355 x 120",
                    "unit": "mm"
                },
                {
                    "section": "FEATURES",
                    "property": "RRP",
                    "value": "$375",
                    "unit": ""
                }
            ]
        },
        {
            "reference": "IS4088MP",
            "brand": "Inspire",
            "description": [
                {
                    "section": "FEATURES",
                    "text": "Ultra Slim Matte Pink Fine Ceramic"
                }
            ],
            "key_value_pairs": [
                {
                    "section": "FEATURES",
                    "property": "Waste",
                    "value": "32",
                    "unit": "mm"
                },
                {
                    "section": "FEATURES",
                    "property": "Overflow",
                    "value": "No",
                    "unit": ""
                },
                {
                    "section": "FEATURES",
                    "property": "Dimension",
                    "value": "355 x 355 x 120",
                    "unit": "mm"
                },
                {
                    "section": "FEATURES",
                    "property": "RRP",
                    "value": "$375",
                    "unit": ""
                }
            ]
        },
        {
            "reference": "IS4088MG",
            "brand": "Inspire",
            "description": [
                {
                    "section": "FEATURES",
                    "text": "Ultra Slim Matte Grey Fine Ceramic"
                }
            ],
            "key_value_pairs": [
                {
                    "section": "FEATURES",
                    "property": "Waste",
                    "value": "32",
                    "unit": "mm"
                },
                {
                    "section": "FEATURES",
                    "property": "Overflow",
                    "value": "No",
                    "unit": ""
                },
                {
                    "section": "FEATURES",
                    "property": "Dimension",
                    "value": "355 x 355 x 120",
                    "unit": "mm"
                },
                {
                    "section": "FEATURES",
                    "property": "RRP",
                    "value": "$375",
                    "unit": ""
                }
            ]
        },
        {
            "reference": "IS4088MB",
            "brand": "Inspire",
            "description": [
                {
                    "section": "FEATURES",
                    "text": "Ultra Slim Matte Black Fine Ceramic"
                }
            ],
            "key_value_pairs": [
                {
                    "section": "FEATURES",
                    "property": "Waste",
                    "value": "32",
                    "unit": "mm"
                },
                {
                    "section": "FEATURES",
                    "property": "Overflow",
                    "value": "No",
                    "unit": ""
                },
                {
                    "section": "FEATURES",
                    "property": "Dimension",
                    "value": "355 x 355 x 120",
                    "unit": "mm"
                },
                {
                    "section": "FEATURES",
                    "property": "RRP",
                    "value": "$375",
                    "unit": ""
                }
            ]
        },
        {
            "reference": "IS4088",
            "brand": "Inspire",
            "description": [
                {
                    "section": "FEATURES",
                    "text": "Ultra Slim Gloss White Fine Ceramic"
                }
            ],
            "key_value_pairs": [
                {
                    "section": "FEATURES",
                    "property": "Waste",
                    "value": "32",
                    "unit": "mm"
                },
                {
                    "section": "FEATURES",
                    "property": "Overflow",
                    "value": "No",
                    "unit": ""
                },
                {
                    "section": "FEATURES",
                    "property": "Dimension",
                    "value": "355 x 355 x 120",
                    "unit": "mm"
                },
                {
                    "section": "FEATURES",
                    "property": "RRP",
                    "value": "$225",
                    "unit": ""
                }
            ]
        },
        {
            "reference": "IS4087",
            "brand": "Inspire",
            "description": [
                {
                    "section": "FEATURES",
                    "text": "Ultra Slim Golf Ball Gloss White Fine Ceramic"
                }
            ],
            "key_value_pairs": [
                {
                    "section": "FEATURES",
                    "property": "Waste",
                    "value": "32",
                    "unit": "mm"
                },
                {
                    "section": "FEATURES",
                    "property": "Overflow",
                    "value": "No",
                    "unit": ""
                },
                {
                    "section": "FEATURES",
                    "property": "Dimension",
                    "value": "355 x 355 x 120",
                    "unit": "mm"
                },
                {
                    "section": "FEATURES",
                    "property": "RRP",
                    "value": "$250",
                    "unit": ""
                }
            ]
        },
        {
            "reference": "IS4087WP",
            "brand": "Inspire",
            "description": [
                {
                    "section": "FEATURES",
                    "text": "Ultra Slim Golf Ball Gloss Pink & White Fine Ceramic"
                }
            ],
            "key_value_pairs": [
                {
                    "section": "FEATURES",
                    "property": "Waste",
                    "value": "32",
                    "unit": "mm"
                },
                {
                    "section": "FEATURES",
                    "property": "Overflow",
                    "value": "No",
                    "unit": ""
                },
                {
                    "section": "FEATURES",
                    "property": "Dimension",
                    "value": "355 x 355 x 120",
                    "unit": "mm"
                },
                {
                    "section": "FEATURES",
                    "property": "RRP",
                    "value": "$250",
                    "unit": ""
                }
            ]
        },
        {
            "reference": "IS4380",
            "brand": "Inspire",
            "description": [
                {
                    "section": "FEATURES",
                    "text": "Gloss White Ceramic Finishing No Tap Hole"
                }
            ],
            "key_value_pairs": [
                {
                    "section": "FEATURES",
                    "property": "Waste",
                    "value": "32",
                    "unit": "mm"
                },
                {
                    "section": "FEATURES",
                    "property": "Overflow",
                    "value": "With",
                    "unit": ""
                },
                {
                    "section": "FEATURES",
                    "property": "Dimension",
                    "value": "375 x 375 x 150",
                    "unit": "mm"
                },
                {
                    "section": "FEATURES",
                    "property": "RRP",
                    "value": "$135",
                    "unit": ""
                }
            ]
        },
        {
            "reference": "IS4466",
            "brand": "Inspire",
            "description": [
                {
                    "section": "FEATURES",
                    "text": "Ultra Slim Gloss White Fine Ceramic"
                }
            ],
            "key_value_pairs": [
                {
                    "section": "FEATURES",
                    "property": "Waste",
                    "value": "32",
                    "unit": "mm"
                },
                {
                    "section": "FEATURES",
                    "property": "Overflow",
                    "value": "No",
                    "unit": ""
                },
                {
                    "section": "FEATURES",
                    "property": "Dimension",
                    "value": "580 x 390 x 130",
                    "unit": "mm"
                },
                {
                    "section": "FEATURES",
                    "property": "RRP",
                    "value": "$180",
                    "unit": ""
                }
            ]
        },
        {
            "reference": "IS4030",
            "brand": "Inspire",
            "description": [
                {
                    "section": "FEATURES",
                    "text": "Ultra Slim Gloss White Fine Ceramic"
                }
            ],
            "key_value_pairs": [
                {
                    "section": "FEATURES",
                    "property": "Waste",
                    "value": "32",
                    "unit": "mm"
                },
                {
                    "section": "FEATURES",
                    "property": "Overflow",
                    "value": "No",
                    "unit": ""
                },
                {
                    "section": "FEATURES",
                    "property": "Dimension",
                    "value": "400 x 400 x 135",
                    "unit": "mm"
                },
                {
                    "section": "FEATURES",
                    "property": "RRP",
                    "value": "$200",
                    "unit": ""
                }
            ]
        },
        {
            "reference": "IS4030MW",
            "brand": "Inspire",
            "description": [
                {
                    "section": "FEATURES",
                    "text": "Ultra Slim Matte White Fine Ceramic"
                }
            ],
            "key_value_pairs": [
                {
                    "section": "FEATURES",
                    "property": "Waste",
                    "value": "32",
                    "unit": "mm"
                },
                {
                    "section": "FEATURES",
                    "property": "Overflow",
                    "value": "No",
                    "unit": ""
                },
                {
                    "section": "FEATURES",
                    "property": "Dimension",
                    "value": "400 x 400 x 135",
                    "unit": "mm"
                },
                {
                    "section": "FEATURES",
                    "property": "RRP",
                    "value": "$375",
                    "unit": ""
                }
            ]
        },
        {
            "reference": "IS4030MG",
            "brand": "Inspire",
            "description": [
                {
                    "section": "FEATURES",
                    "text": "Ultra Slim Dark Gray Fine Ceramic"
                }
            ],
            "key_value_pairs": [
                {
                    "section": "FEATURES",
                    "property": "Waste",
                    "value": "32",
                    "unit": "mm"
                },
                {
                    "section": "FEATURES",
                    "property": "Overflow",
                    "value": "No",
                    "unit": ""
                },
                {
                    "section": "FEATURES",
                    "property": "Dimension",
                    "value": "400 x 400 x 135",
                    "unit": "mm"
                },
                {
                    "section": "FEATURES",
                    "property": "RRP",
                    "value": "$375",
                    "unit": ""
                }
            ]
        },
        {
            "reference": "IS4022",
            "brand": "Inspire",
            "description": [
                {
                    "section": "FEATURES",
                    "text": "Ultra Slim Gloss White Fine Ceramic"
                }
            ],
            "key_value_pairs": [
                {
                    "section": "FEATURES",
                    "property": "Waste",
                    "value": "32",
                    "unit": "mm"
                },
                {
                    "section": "FEATURES",
                    "property": "Overflow",
                    "value": "No",
                    "unit": ""
                },
                {
                    "section": "FEATURES",
                    "property": "Tap Hole",
                    "value": "No",
                    "unit": ""
                },
                {
                    "section": "FEATURES",
                    "property": "Dimension",
                    "value": "405 x 405 x 120",
                    "unit": "mm"
                },
                {
                    "section": "FEATURES",
                    "property": "RRP",
                    "value": "$200",
                    "unit": ""
                }
            ]
        },
        {
            "reference": "IS5182B",
            "brand": "Inspire",
            "description": [
                {
                    "section": "FEATURES",
                    "text": "Peerless Design Gold Matching Black Glazing Fine Ceramic Finishing"
                }
            ],
            "key_value_pairs": [
                {
                    "section": "FEATURES",
                    "property": "Waste",
                    "value": "32",
                    "unit": "mm"
                },
                {
                    "section": "FEATURES",
                    "property": "Overflow",
                    "value": "No",
                    "unit": ""
                },
                {
                    "section": "FEATURES",
                    "property": "Dimension",
                    "value": "400 x 400 x 140",
                    "unit": "mm"
                },
                {
                    "section": "FEATURES",
                    "property": "RRP",
                    "value": "$375",
                    "unit": ""
                }
            ]
        },
        {
            "reference": "IS5182G",
            "brand": "Inspire",
            "description": [
                {
                    "section": "FEATURES",
                    "text": "Peerless Design Rose Gold Matching Black Glazing Fine Ceramic Finishing"
                }
            ],
            "key_value_pairs": [
                {
                    "section": "FEATURES",
                    "property": "Waste",
                    "value": "32",
                    "unit": "mm"
                },
                {
                    "section": "FEATURES",
                    "property": "Overflow",
                    "value": "No",
                    "unit": ""
                },
                {
                    "section": "FEATURES",
                    "property": "Dimension",
                    "value": "400 x 400 x 140",
                    "unit": "mm"
                },
                {
                    "section": "FEATURES",
                    "property": "RRP",
                    "value": "$370",
                    "unit": ""
                }
            ]
        },
        {
            "reference": "IS5201",
            "brand": "Inspire",
            "description": [
                {
                    "section": "FEATURES",
                    "text": "Peerless Design Rose Gold Glazing Fine Ceramic Finish"
                }
            ],
            "key_value_pairs": [
                {
                    "section": "FEATURES",
                    "property": "Waste",
                    "value": "32",
                    "unit": "mm"
                },
                {
                    "section": "FEATURES",
                    "property": "Overflow",
                    "value": "With",
                    "unit": ""
                },
                {
                    "section": "FEATURES",
                    "property": "Dimension",
                    "value": "430 x 430 x 145",
                    "unit": "mm"
                },
                {
                    "section": "FEATURES",
                    "property": "RRP",
                    "value": "$375",
                    "unit": ""
                }
            ]
        },
        {
            "reference": "IS5202Y",
            "brand": "Inspire",
            "description": [
                {
                    "section": "FEATURES",
                    "text": "Jewel Yellow Gold Basin; Fine Ceramic Finishing"
                }
            ],
            "key_value_pairs": [
                {
                    "section": "FEATURES",
                    "property": "Waste",
                    "value": "32",
                    "unit": "mm"
                },
                {
                    "section": "FEATURES",
                    "property": "Overflow",
                    "value": "No",
                    "unit": ""
                },
                {
                    "section": "FEATURES",
                    "property": "Dimension",
                    "value": "355 x 355 x 120",
                    "unit": "mm"
                },
                {
                    "section": "FEATURES",
                    "property": "RRP",
                    "value": "$375",
                    "unit": ""
                }
            ]
        },
        {
            "reference": "IS5202MRG",
            "brand": "Inspire",
            "description": [
                {
                    "section": "FEATURES",
                    "text": "Jewel Matt Rose Gold Basin; Fine Ceramic Finishing"
                }
            ],
            "key_value_pairs": [
                {
                    "section": "FEATURES",
                    "property": "Waste",
                    "value": "32",
                    "unit": "mm"
                },
                {
                    "section": "FEATURES",
                    "property": "Overflow",
                    "value": "No",
                    "unit": ""
                },
                {
                    "section": "FEATURES",
                    "property": "Dimension",
                    "value": "355 x 355 x 120",
                    "unit": "mm"
                },
                {
                    "section": "FEATURES",
                    "property": "RRP",
                    "value": "$375",
                    "unit": ""
                }
            ]
        }
    ]
}