{
    "parts": [
        {
            "reference": "06011A90L1",
            "brand": "Bosch",
            "description": [
                {
                    "section": "Drilling, Cutting and Grinding",
                    "text": "GBM 1000 Rotary Drill"
                }
            ],
            "key_value_pairs": [
                {
                    "section": "Drilling, Cutting and Grinding",
                    "property": "Rated input power",
                    "value": "350",
                    "unit": "W"
                },
                {
                    "section": "Drilling, Cutting and Grinding",
                    "property": "No load speed",
                    "value": "0 - 3500",
                    "unit": "rpm"
                },
                {
                    "section": "Drilling, Cutting and Grinding",
                    "property": "Chuck capacity",
                    "value": "1 - 10",
                    "unit": "mm"
                },
                {
                    "section": "Drilling, Cutting and Grinding",
                    "property": "Drilling @ m wood/aluminium/steel",
                    "value": "20/13/10",
                    "unit": "mm"
                }
            ]
        },
        {
            "reference": "06011A15L1",
            "brand": "Bosch",
            "description": [
                {
                    "section": "Drilling, Cutting and Grinding",
                    "text": "GSB 550 + 90 accessories kit"
                }
            ],
            "key_value_pairs": [
                {
                    "section": "Drilling, Cutting and Grinding",
                    "property": "Rated input power",
                    "value": "550",
                    "unit": "W"
                },
                {
                    "section": "Drilling, Cutting and Grinding",
                    "property": "No load speed",
                    "value": "0 - 3500",
                    "unit": "rpm"
                },
                {
                    "section": "Drilling, Cutting and Grinding",
                    "property": "Chuck capacity",
                    "value": "1.5 - 13",
                    "unit": "mm"
                },
                {
                    "section": "Drilling, Cutting and Grinding",
                    "property": "Drilling @ m wood/aluminium/steel",
                    "value": "20/13/10",
                    "unit": "mm"
                }
            ]
        },
        {
            "reference": "06013756L0 / 06013756L1",
            "brand": "Bosch",
            "description": [
                {
                    "section": "Drilling, Cutting and Grinding",
                    "text": "GWS 060 / 6700"
                }
            ],
            "key_value_pairs": [
                {
                    "section": "Drilling, Cutting and Grinding",
                    "property": "Rated input power",
                    "value": "670",
                    "unit": "W"
                },
                {
                    "section": "Drilling, Cutting and Grinding",
                    "property": "Disc diameter, bore size",
                    "value": "100, 16 / 115, 22.23",
                    "unit": "mm"
                },
                {
                    "section": "Drilling, Cutting and Grinding",
                    "property": "No load speed",
                    "value": "12000",
                    "unit": "rpm"
                },
                {
                    "section": "Drilling, Cutting and Grinding",
                    "property": "Grinding spindle thread",
                    "value": "M 10 / M 14",
                    "unit": ""
                }
            ]
        },
        {
            "reference": "06013A30L0",
            "brand": "Bosch",
            "description": [
                {
                    "section": "Drilling, Cutting and Grinding",
                    "text": "GWS 700"
                }
            ],
            "key_value_pairs": [
                {
                    "section": "Drilling, Cutting and Grinding",
                    "property": "Rated input power",
                    "value": "710",
                    "unit": "W"
                },
                {
                    "section": "Drilling, Cutting and Grinding",
                    "property": "Disc diameter",
                    "value": "115",
                    "unit": "mm"
                },
                {
                    "section": "Drilling, Cutting and Grinding",
                    "property": "No load speed",
                    "value": "12000",
                    "unit": "rpm"
                },
                {
                    "section": "Drilling, Cutting and Grinding",
                    "property": "Grinding spindle thread",
                    "value": "M 14",
                    "unit": ""
                }
            ]
        },
        {
            "reference": "06018B70P0",
            "brand": "Bosch",
            "description": [
                {
                    "section": "Drilling, Cutting and Grinding",
                    "text": "GWS 2000-180"
                }
            ],
            "key_value_pairs": [
                {
                    "section": "Drilling, Cutting and Grinding",
                    "property": "Rated input power",
                    "value": "2000",
                    "unit": "W"
                },
                {
                    "section": "Drilling, Cutting and Grinding",
                    "property": "Disc diameter",
                    "value": "180",
                    "unit": "mm"
                },
                {
                    "section": "Drilling, Cutting and Grinding",
                    "property": "No load speed",
                    "value": "8500",
                    "unit": "rpm"
                },
                {
                    "section": "Drilling, Cutting and Grinding",
                    "property": "Grinding spindle thread",
                    "value": "M 14",
                    "unit": ""
                }
            ]
        },
        {
            "reference": "06011A90L1",
            "brand": "Bosch",
            "description": [
                {
                    "section": "Drilling, Cutting and Grinding",
                    "text": "GWS 2000-230"
                }
            ],
            "key_value_pairs": [
                {
                    "section": "Drilling, Cutting and Grinding",
                    "property": "Rated input power",
                    "value": "2000",
                    "unit": "W"
                },
                {
                    "section": "Drilling, Cutting and Grinding",
                    "property": "Disc diameter",
                    "value": "230",
                    "unit": "mm"
                },
                {
                    "section": "Drilling, Cutting and Grinding",
                    "property": "No load speed",
                    "value": "6500",
                    "unit": "rpm"
                },
                {
                    "section": "Drilling, Cutting and Grinding",
                    "property": "Grinding spindle thread / Switch",
                    "value": "M 14 / Tri-control",
                    "unit": ""
                }
            ]
        },
        {
            "reference": "0601851XP0",
            "brand": "Bosch",
            "description": [
                {
                    "section": "Cutting, Grinding and Polishing",
                    "text": "GWS 2200-180 H Angle Grinder"
                }
            ],
            "key_value_pairs": [
                {
                    "section": "Cutting, Grinding and Polishing",
                    "property": "Rated input power",
                    "value": "2200",
                    "unit": "W"
                },
                {
                    "section": "Cutting, Grinding and Polishing",
                    "property": "Disc Diameter",
                    "value": "180",
                    "unit": "mm"
                },
                {
                    "section": "Cutting, Grinding and Polishing",
                    "property": "No-load speed",
                    "value": "8500",
                    "unit": "rpm"
                },
                {
                    "section": "Cutting, Grinding and Polishing",
                    "property": "Grinding spindle thread",
                    "value": "M 14",
                    "unit": ""
                }
            ]
        },
        {
            "reference": "0601852XL0",
            "brand": "Bosch",
            "description": [
                {
                    "section": "Cutting, Grinding and Polishing",
                    "text": "GWS 2200-230 Angle Grinder"
                }
            ],
            "key_value_pairs": [
                {
                    "section": "Cutting, Grinding and Polishing",
                    "property": "Rated input power",
                    "value": "2200",
                    "unit": "W"
                },
                {
                    "section": "Cutting, Grinding and Polishing",
                    "property": "Disc Diameter",
                    "value": "230",
                    "unit": "mm"
                },
                {
                    "section": "Cutting, Grinding and Polishing",
                    "property": "No-load speed",
                    "value": "6500",
                    "unit": "rpm"
                },
                {
                    "section": "Cutting, Grinding and Polishing",
                    "property": "Grinding spindle thread",
                    "value": "M 14",
                    "unit": ""
                }
            ]
        },
        {
            "reference": "0601B373L0",
            "brand": "Bosch",
            "description": [
                {
                    "section": "Cutting, Grinding and Polishing",
                    "text": "GCO 220 Metal Cut-off Saw"
                }
            ],
            "key_value_pairs": [
                {
                    "section": "Cutting, Grinding and Polishing",
                    "property": "Rated input power",
                    "value": "2200",
                    "unit": "W"
                },
                {
                    "section": "Cutting, Grinding and Polishing",
                    "property": "Disc / bore diameter",
                    "value": "355 / 25.4",
                    "unit": "mm"
                },
                {
                    "section": "Cutting, Grinding and Polishing",
                    "property": "No-load speed",
                    "value": "3500",
                    "unit": "rpm"
                },
                {
                    "section": "Cutting, Grinding and Polishing",
                    "property": "Cutting capacity at square 0°",
                    "value": "119 x 119",
                    "unit": "mm"
                }
            ]
        },
        {
            "reference": "0601B380P0",
            "brand": "Bosch",
            "description": [
                {
                    "section": "Cutting, Grinding and Polishing",
                    "text": "GCO 240 Metal Cut-off Saw"
                }
            ],
            "key_value_pairs": [
                {
                    "section": "Cutting, Grinding and Polishing",
                    "property": "Rated input power",
                    "value": "2400",
                    "unit": "W"
                },
                {
                    "section": "Cutting, Grinding and Polishing",
                    "property": "Disc / bore diameter",
                    "value": "355 / 25.4",
                    "unit": "mm"
                },
                {
                    "section": "Cutting, Grinding and Polishing",
                    "property": "No-load speed",
                    "value": "3800",
                    "unit": "rpm"
                },
                {
                    "section": "Cutting, Grinding and Polishing",
                    "property": "Cutting capacity at square 0°",
                    "value": "119 x 119",
                    "unit": "mm"
                }
            ]
        },
        {
            "reference": "0601224170",
            "brand": "Bosch",
            "description": [
                {
                    "section": "Cutting, Grinding and Polishing",
                    "text": "GGS 5000 L Straight Grinder"
                }
            ],
            "key_value_pairs": [
                {
                    "section": "Cutting, Grinding and Polishing",
                    "property": "Rated input power",
                    "value": "500",
                    "unit": "W"
                },
                {
                    "section": "Cutting, Grinding and Polishing",
                    "property": "Tool holder",
                    "value": "collets up to 8",
                    "unit": "mm diameter"
                },
                {
                    "section": "Cutting, Grinding and Polishing",
                    "property": "No-load speed",
                    "value": "33000",
                    "unit": "rpm"
                },
                {
                    "section": "Cutting, Grinding and Polishing",
                    "property": "Max. grinding tool diameter",
                    "value": "25",
                    "unit": "mm"
                }
            ]
        },
        {
            "reference": "06013A20L0",
            "brand": "Bosch",
            "description": [
                {
                    "section": "Cutting, Grinding and Polishing",
                    "text": "GPO 950 Polisher"
                }
            ],
            "key_value_pairs": [
                {
                    "section": "Cutting, Grinding and Polishing",
                    "property": "Rated input power",
                    "value": "950",
                    "unit": "W"
                },
                {
                    "section": "Cutting, Grinding and Polishing",
                    "property": "Polishing sponge, diameter",
                    "value": "180",
                    "unit": "mm"
                },
                {
                    "section": "Cutting, Grinding and Polishing",
                    "property": "No-load speed",
                    "value": "600 - 2100",
                    "unit": "rpm"
                },
                {
                    "section": "Cutting, Grinding and Polishing",
                    "property": "Polishing spindle thread",
                    "value": "M 14",
                    "unit": ""
                }
            ]
        },
        {
            "reference": "06012A70P0 / 06012A70P0",
            "brand": "Bosch",
            "description": [
                {
                    "section": "Cutting, Grinding and Polishing",
                    "text": "GST 650 / 700 Jigsaw"
                }
            ],
            "key_value_pairs": [
                {
                    "section": "Cutting, Grinding and Polishing",
                    "property": "Rated input power",
                    "value": "450 / 800",
                    "unit": "W"
                },
                {
                    "section": "Cutting, Grinding and Polishing",
                    "property": "Stroke rate at no load",
                    "value": "800 - 3100 / 1450 - 3200",
                    "unit": "rpm"
                },
                {
                    "section": "Cutting, Grinding and Polishing",
                    "property": "Stroke length",
                    "value": "18 / 20",
                    "unit": "mm"
                },
                {
                    "section": "Cutting, Grinding and Polishing",
                    "property": "Cutting depth in wood/aluminium/steel",
                    "value": "(65/10/3) / (70/10/6)",
                    "unit": "mm"
                }
            ]
        },
        {
            "reference": "06016B30L1",
            "brand": "Bosch",
            "description": [
                {
                    "section": "Cutting, Grinding and Polishing",
                    "text": "GKS 140 Circular saw"
                }
            ],
            "key_value_pairs": [
                {
                    "section": "Cutting, Grinding and Polishing",
                    "property": "Rated input power",
                    "value": "1400",
                    "unit": "W"
                },
                {
                    "section": "Cutting, Grinding and Polishing",
                    "property": "Blade / bore diameter",
                    "value": "184 / 20",
                    "unit": "mm"
                },
                {
                    "section": "Cutting, Grinding and Polishing",
                    "property": "No-load speed",
                    "value": "6000",
                    "unit": "rpm"
                },
                {
                    "section": "Cutting, Grinding and Polishing",
                    "property": "Max. depth of cut at 0°/45°",
                    "value": "64 / 45",
                    "unit": "mm"
                }
            ]
        },
        {
            "reference": "06011800L0",
            "brand": "Bosch",
            "description": [
                {
                    "section": "Drills and Impact Wrench",
                    "text": "GBM 1600 RE Rotary Drill"
                }
            ],
            "key_value_pairs": [
                {
                    "section": "Drills and Impact Wrench",
                    "property": "Rated input power",
                    "value": "800",
                    "unit": "W"
                },
                {
                    "section": "Drills and Impact Wrench",
                    "property": "No-load speed",
                    "value": "0 - 630",
                    "unit": "rpm"
                },
                {
                    "section": "Drills and Impact Wrench",
                    "property": "Chuck capacity",
                    "value": "1 - 16",
                    "unit": "mm"
                },
                {
                    "section": "Drills and Impact Wrench",
                    "property": "Drilling Ø in wood/steel",
                    "value": "40/16",
                    "unit": "mm"
                }
            ]
        },
        {
            "reference": "06011840L0",
            "brand": "Bosch",
            "description": [
                {
                    "section": "Drills and Impact Wrench",
                    "text": "GBM 50-2 Magnetic Drill"
                }
            ],
            "key_value_pairs": [
                {
                    "section": "Drills and Impact Wrench",
                    "property": "Rated input power",
                    "value": "1200",
                    "unit": "W"
                },
                {
                    "section": "Drills and Impact Wrench",
                    "property": "No-load speed",
                    "value": "50-250 / 510 / 470 / 740",
                    "unit": "rpm"
                },
                {
                    "section": "Drills and Impact Wrench",
                    "property": "Torque",
                    "value": "80/52/38/82",
                    "unit": "Nm"
                },
                {
                    "section": "Drills and Impact Wrench",
                    "property": "Drilling Ø in wood/aluminium/steel",
                    "value": "70/50/50",
                    "unit": "mm"
                }
            ]
        },
        {
            "reference": "06012271L1",
            "brand": "Bosch",
            "description": [
                {
                    "section": "Drills and Impact Wrench",
                    "text": "GSB 13 RE + accessories Impact Drill"
                }
            ],
            "key_value_pairs": [
                {
                    "section": "Drills and Impact Wrench",
                    "property": "Rated input power",
                    "value": "600",
                    "unit": "W"
                },
                {
                    "section": "Drills and Impact Wrench",
                    "property": "No-load speed",
                    "value": "0 - 2800",
                    "unit": "rpm"
                },
                {
                    "section": "Drills and Impact Wrench",
                    "property": "Chuck capacity",
                    "value": "1.5 - 13",
                    "unit": "mm"
                },
                {
                    "section": "Drills and Impact Wrench",
                    "property": "Drilling Ø in wood/aluminium/steel",
                    "value": "20/13/10",
                    "unit": "mm"
                }
            ]
        },
        {
            "reference": "060112281L1",
            "brand": "Bosch",
            "description": [
                {
                    "section": "Drills and Impact Wrench",
                    "text": "GSB 16 RE + accessories Impact Drill"
                }
            ],
            "key_value_pairs": [
                {
                    "section": "Drills and Impact Wrench",
                    "property": "Rated input power",
                    "value": "700",
                    "unit": "W"
                },
                {
                    "section": "Drills and Impact Wrench",
                    "property": "No-load speed",
                    "value": "0 - 3250",
                    "unit": "rpm"
                },
                {
                    "section": "Drills and Impact Wrench",
                    "property": "Chuck capacity",
                    "value": "1.5 - 13",
                    "unit": "mm"
                },
                {
                    "section": "Drills and Impact Wrench",
                    "property": "Drilling Ø in wood/aluminium/steel",
                    "value": "30/16/13",
                    "unit": "mm"
                }
            ]
        },
        {
            "reference": "060119CB01 / 060119CB70",
            "brand": "Bosch",
            "description": [
                {
                    "section": "Drills and Impact Wrench",
                    "text": "GSB 24-2 Impact Drill"
                }
            ],
            "key_value_pairs": [
                {
                    "section": "Drills and Impact Wrench",
                    "property": "Rated input power",
                    "value": "1100",
                    "unit": "W"
                },
                {
                    "section": "Drills and Impact Wrench",
                    "property": "No-load speed",
                    "value": "0 - 900 / 3000",
                    "unit": "rpm"
                },
                {
                    "section": "Drills and Impact Wrench",
                    "property": "Chuck capacity",
                    "value": "1.5 - 13",
                    "unit": "mm"
                },
                {
                    "section": "Drills and Impact Wrench",
                    "property": "Drilling Ø in wood/aluminium/steel",
                    "value": "40/24/16",
                    "unit": "mm"
                }
            ]
        },
        {
            "reference": "060118B070",
            "brand": "Bosch",
            "description": [
                {
                    "section": "Drills and Impact Wrench",
                    "text": "GSB 162-2 RE Impact Drill"
                }
            ],
            "key_value_pairs": [
                {
                    "section": "Drills and Impact Wrench",
                    "property": "Rated input power",
                    "value": "1500",
                    "unit": "W"
                },
                {
                    "section": "Drills and Impact Wrench",
                    "property": "No-load speed",
                    "value": "0 - 750 / 1800",
                    "unit": "rpm"
                },
                {
                    "section": "Drills and Impact Wrench",
                    "property": "Chuck capacity",
                    "value": "3 - 16",
                    "unit": "mm"
                },
                {
                    "section": "Drills and Impact Wrench",
                    "property": "Drilling Ø in wood/masonry/steel",
                    "value": "50/162/20",
                    "unit": "mm"
                }
            ]
        },
        {
            "reference": "0601444000",
            "brand": "Bosch",
            "description": [
                {
                    "section": "Drills and Impact Wrench",
                    "text": "GDS 18 E Impact Wrench"
                }
            ],
            "key_value_pairs": [
                {
                    "section": "Drills and Impact Wrench",
                    "property": "Rated input power",
                    "value": "500",
                    "unit": "W"
                },
                {
                    "section": "Drills and Impact Wrench",
                    "property": "No-load speed",
                    "value": "800 - 1900",
                    "unit": "rpm"
                },
                {
                    "section": "Drills and Impact Wrench",
                    "property": "Torque, max.",
                    "value": "250",
                    "unit": "Nm"
                },
                {
                    "section": "Drills and Impact Wrench",
                    "property": "Bit holder",
                    "value": "1/2\" external square",
                    "unit": ""
                }
            ]
        },
        {
            "reference": "0601434103",
            "brand": "Bosch",
            "description": [
                {
                    "section": "Drills and Impact Wrench",
                    "text": "GDS 24 Impact Wrench"
                }
            ],
            "key_value_pairs": [
                {
                    "section": "Drills and Impact Wrench",
                    "property": "Rated input power",
                    "value": "800",
                    "unit": "W"
                },
                {
                    "section": "Drills and Impact Wrench",
                    "property": "No-load speed",
                    "value": "950",
                    "unit": "rpm"
                },
                {
                    "section": "Drills and Impact Wrench",
                    "property": "Torque, max.",
                    "value": "600",
                    "unit": "Nm"
                },
                {
                    "section": "Drills and Impact Wrench",
                    "property": "Bit holder",
                    "value": "3/4\" external square",
                    "unit": ""
                }
            ]
        },
        {
            "reference": "06019H51L0",
            "brand": "Bosch",
            "description": [
                {
                    "section": "Cordless",
                    "text": "GSB 18V-50 Cordless Impact Drill"
                }
            ],
            "key_value_pairs": [
                {
                    "section": "Cordless",
                    "property": "Battery voltage",
                    "value": "18",
                    "unit": "V"
                },
                {
                    "section": "Cordless",
                    "property": "Torque (soft/hard)",
                    "value": "28 / 60",
                    "unit": "Nm"
                },
                {
                    "section": "Cordless",
                    "property": "Nonload speed (1st gear / 2nd gear)",
                    "value": "0~400 / 0~1800",
                    "unit": "rpm"
                },
                {
                    "section": "Cordless",
                    "property": "Max. drilling Ø in wood/masonry/steel",
                    "value": "30/13/13",
                    "unit": "mm"
                },
                {
                    "section": "Cordless",
                    "property": "Scope of Supply",
                    "value": "2 x 5.0 Ah (11000 mAh)",
                    "unit": ""
                }
            ]
        },
        {
            "reference": "06019G2170",
            "brand": "Bosch",
            "description": [
                {
                    "section": "Cordless",
                    "text": "GSB 18V-60 C Cordless Impact Drill"
                }
            ],
            "key_value_pairs": [
                {
                    "section": "Cordless",
                    "property": "Battery voltage",
                    "value": "18",
                    "unit": "V"
                },
                {
                    "section": "Cordless",
                    "property": "Torque (soft/hard)",
                    "value": "31 / 60",
                    "unit": "Nm"
                },
                {
                    "section": "Cordless",
                    "property": "Nonload speed (1st gear / 2nd gear)",
                    "value": "0~400 / 0~1800",
                    "unit": "rpm"
                },
                {
                    "section": "Cordless",
                    "property": "Max. drilling Ø in wood/masonry/steel",
                    "value": "30/13/13",
                    "unit": "mm"
                },
                {
                    "section": "Cordless",
                    "property": "Scope of Supply",
                    "value": "2 x 5.0 Ah (11000 mAh)",
                    "unit": ""
                }
            ]
        },
        {
            "reference": "06019G81L0",
            "brand": "Bosch",
            "description": [
                {
                    "section": "Cordless",
                    "text": "GSB 18V-85 C Cordless Impact Drill"
                }
            ],
            "key_value_pairs": [
                {
                    "section": "Cordless",
                    "property": "Battery voltage",
                    "value": "18",
                    "unit": "V"
                },
                {
                    "section": "Cordless",
                    "property": "Torque (soft/hard)",
                    "value": "31 / 85",
                    "unit": "Nm"
                },
                {
                    "section": "Cordless",
                    "property": "Nonload speed (1st gear / 2nd gear)",
                    "value": "0~400 / 0~1800",
                    "unit": "rpm"
                },
                {
                    "section": "Cordless",
                    "property": "Max. drilling Ø in wood/masonry/steel",
                    "value": "30/13/13",
                    "unit": "mm"
                },
                {
                    "section": "Cordless",
                    "property": "Scope of Supply",
                    "value": "2 x 5.0 Ah (11000 mAh)",
                    "unit": ""
                }
            ]
        },
        {
            "reference": "060193A300",
            "brand": "Bosch",
            "description": [
                {
                    "section": "Cordless | FreeMix",
                    "text": "GWS 18V-LI Cordless Angle Grinder"
                }
            ],
            "key_value_pairs": [
                {
                    "section": "Cordless | FreeMix",
                    "property": "Battery voltage",
                    "value": "18",
                    "unit": "V"
                },
                {
                    "section": "Cordless | FreeMix",
                    "property": "No load speed",
                    "value": "10000",
                    "unit": "rpm"
                },
                {
                    "section": "Cordless | FreeMix",
                    "property": "Disc diameter",
                    "value": "115",
                    "unit": "mm"
                },
                {
                    "section": "Cordless | FreeMix",
                    "property": "Grinding spindle thread",
                    "value": "M 14",
                    "unit": ""
                },
                {
                    "section": "Cordless | FreeMix",
                    "property": "Scope of Supply",
                    "value": "Without battery and charger",
                    "unit": ""
                }
            ]
        },
        {
            "reference": "060164J000",
            "brand": "Bosch",
            "description": [
                {
                    "section": "Cordless | FreeMix",
                    "text": "GSA 18V-LI Cordless Sabre Saw"
                }
            ],
            "key_value_pairs": [
                {
                    "section": "Cordless | FreeMix",
                    "property": "Battery voltage",
                    "value": "18",
                    "unit": "V"
                },
                {
                    "section": "Cordless | FreeMix",
                    "property": "No load speed",
                    "value": "1000 - 2000",
                    "unit": "rpm"
                },
                {
                    "section": "Cordless | FreeMix",
                    "property": "Tool holder",
                    "value": "Starlock plus mechanism",
                    "unit": ""
                },
                {
                    "section": "Cordless | FreeMix",
                    "property": "Oscillation angle on left and right",
                    "value": "1.5°",
                    "unit": ""
                },
                {
                    "section": "Cordless | FreeMix",
                    "property": "Scope of Supply",
                    "value": "Without battery and charger",
                    "unit": ""
                }
            ]
        },
        {
            "reference": "06015A5100",
            "brand": "Bosch",
            "description": [
                {
                    "section": "Cordless | FreeMix",
                    "text": "GST 18V-LI S Cordless Jigsaw"
                }
            ],
            "key_value_pairs": [
                {
                    "section": "Cordless | FreeMix",
                    "property": "Battery voltage",
                    "value": "18",
                    "unit": "V"
                },
                {
                    "section": "Cordless | FreeMix",
                    "property": "No load speed",
                    "value": "800 - 2000",
                    "unit": "rpm"
                },
                {
                    "section": "Cordless | FreeMix",
                    "property": "Tool holder",
                    "value": "Starlock plus mechanism",
                    "unit": ""
                },
                {
                    "section": "Cordless | FreeMix",
                    "property": "Oscillation angle on left and right",
                    "value": "1°",
                    "unit": ""
                },
                {
                    "section": "Cordless | FreeMix",
                    "property": "Scope of Supply",
                    "value": "Without battery and charger",
                    "unit": ""
                }
            ]
        },
        {
            "reference": "06016A2200",
            "brand": "Bosch",
            "description": [
                {
                    "section": "Cordless | FreeMix",
                    "text": "GWS 18V-57 Cordless Circular Saw"
                }
            ],
            "key_value_pairs": [
                {
                    "section": "Cordless | FreeMix",
                    "property": "Battery voltage",
                    "value": "18",
                    "unit": "V"
                },
                {
                    "section": "Cordless | FreeMix",
                    "property": "No load speed",
                    "value": "3400",
                    "unit": "rpm"
                },
                {
                    "section": "Cordless | FreeMix",
                    "property": "Saw blade / bore diameter",
                    "value": "165 / 16",
                    "unit": "mm"
                },
                {
                    "section": "Cordless | FreeMix",
                    "property": "Cutting depth 0°/45°",
                    "value": "57 / 43",
                    "unit": "mm"
                },
                {
                    "section": "Cordless | FreeMix",
                    "property": "Scope of Supply",
                    "value": "Without battery and charger",
                    "unit": ""
                }
            ]
        },
        {
            "reference": "0601989102",
            "brand": "Bosch",
            "description": [
                {
                    "section": "Cordless | FreeMix",
                    "text": "GDX 18V-EC Cordless Impact Driver / Wrench"
                }
            ],
            "key_value_pairs": [
                {
                    "section": "Cordless | FreeMix",
                    "property": "Battery voltage",
                    "value": "18",
                    "unit": "V"
                },
                {
                    "section": "Cordless | FreeMix",
                    "property": "Torque, max",
                    "value": "155",
                    "unit": "Nm"
                },
                {
                    "section": "Cordless | FreeMix",
                    "property": "No load speed (1st/2nd/3rd setting)",
                    "value": "0-1000 / 2000 / 2800",
                    "unit": "rpm"
                },
                {
                    "section": "Cordless | FreeMix",
                    "property": "Tool holder",
                    "value": "1/4\" internal hexagon and 1/2\" external square",
                    "unit": ""
                },
                {
                    "section": "Cordless | FreeMix",
                    "property": "Scope of Supply",
                    "value": "Without battery and charger",
                    "unit": ""
                }
            ]
        },
        {
            "reference": "NO_REF",
            "brand": "Bosch",
            "description": [
                {
                    "section": "Cutting and Grinding",
                    "text": "GWS 750-115 Angle Grinder"
                }
            ],
            "key_value_pairs": [
                {
                    "section": "Cutting and Grinding",
                    "property": "Rated input power",
                    "value": "750",
                    "unit": "W"
                },
                {
                    "section": "Cutting and Grinding",
                    "property": "Disc diameter",
                    "value": "115",
                    "unit": "mm"
                },
                {
                    "section": "Cutting and Grinding",
                    "property": "No-load speed",
                    "value": "11000",
                    "unit": "rpm"
                },
                {
                    "section": "Cutting and Grinding",
                    "property": "Grinding spindle thread",
                    "value": "M 14",
                    "unit": ""
                }
            ]
        },
        {
            "reference": "NO_REF",
            "brand": "Bosch",
            "description": [
                {
                    "section": "Cutting and Grinding",
                    "text": "GWS 9-115 Angle Grinder"
                }
            ],
            "key_value_pairs": [
                {
                    "section": "Cutting and Grinding",
                    "property": "Rated input power",
                    "value": "900",
                    "unit": "W"
                },
                {
                    "section": "Cutting and Grinding",
                    "property": "Disc diameter",
                    "value": "115",
                    "unit": "mm"
                },
                {
                    "section": "Cutting and Grinding",
                    "property": "No-load speed",
                    "value": "11000",
                    "unit": "rpm"
                },
                {
                    "section": "Cutting and Grinding",
                    "property": "Grinding spindle thread",
                    "value": "M 14",
                    "unit": ""
                }
            ]
        },
        {
            "reference": "NO_REF",
            "brand": "Bosch",
            "description": [
                {
                    "section": "Cutting and Grinding",
                    "text": "GWS 19-125 CIE Angle Grinder"
                }
            ],
            "key_value_pairs": [
                {
                    "section": "Cutting and Grinding",
                    "property": "Rated input power",
                    "value": "1900",
                    "unit": "W"
                },
                {
                    "section": "Cutting and Grinding",
                    "property": "Disc diameter",
                    "value": "125",
                    "unit": "mm"
                },
                {
                    "section": "Cutting and Grinding",
                    "property": "No-load speed",
                    "value": "2800 - 11500",
                    "unit": "rpm"
                },
                {
                    "section": "Cutting and Grinding",
                    "property": "Grinding spindle thread",
                    "value": "M 14",
                    "unit": ""
                }
            ]
        },
        {
            "reference": "NO_REF",
            "brand": "Bosch",
            "description": [
                {
                    "section": "Cutting and Grinding",
                    "text": "GWS 24-230 H Angle Grinder"
                }
            ],
            "key_value_pairs": [
                {
                    "section": "Cutting and Grinding",
                    "property": "Rated input power",
                    "value": "2400",
                    "unit": "W"
                },
                {
                    "section": "Cutting and Grinding",
                    "property": "Disc diameter",
                    "value": "230",
                    "unit": "mm"
                },
                {
                    "section": "Cutting and Grinding",
                    "property": "No-load speed",
                    "value": "6500",
                    "unit": "rpm"
                },
                {
                    "section": "Cutting and Grinding",
                    "property": "Grinding spindle thread",
                    "value": "M 14",
                    "unit": ""
                }
            ]
        },
        {
            "reference": "NO_REF",
            "brand": "Bosch",
            "description": [
                {
                    "section": "Cutting and Grinding",
                    "text": "GWS 9-115 S Angle Grinder"
                }
            ],
            "key_value_pairs": [
                {
                    "section": "Cutting and Grinding",
                    "property": "Rated input power",
                    "value": "900",
                    "unit": "W"
                },
                {
                    "section": "Cutting and Grinding",
                    "property": "Disc diameter",
                    "value": "115",
                    "unit": "mm"
                },
                {
                    "section": "Cutting and Grinding",
                    "property": "No-load speed",
                    "value": "2800 - 11000",
                    "unit": "rpm"
                },
                {
                    "section": "Cutting and Grinding",
                    "property": "Grinding spindle thread",
                    "value": "M 14",
                    "unit": ""
                }
            ]
        },
        {
            "reference": "NO_REF",
            "brand": "Bosch",
            "description": [
                {
                    "section": "Cutting and Grinding",
                    "text": "GWS 26-230 B Angle Grinder"
                }
            ],
            "key_value_pairs": [
                {
                    "section": "Cutting and Grinding",
                    "property": "Rated input power",
                    "value": "2600",
                    "unit": "W"
                },
                {
                    "section": "Cutting and Grinding",
                    "property": "Disc diameter",
                    "value": "230",
                    "unit": "mm"
                },
                {
                    "section": "Cutting and Grinding",
                    "property": "No-load speed",
                    "value": "6500",
                    "unit": "rpm"
                },
                {
                    "section": "Cutting and Grinding",
                    "property": "Grinding spindle thread",
                    "value": "M 14",
                    "unit": ""
                }
            ]
        }
    ]
}