{
    "parts": [
        {
            "reference": "2192Y",
            "brand": "NO_BRAND",
            "description": [
                {
                    "section": "Description",
                    "text": "Flexible cable for general light domestic use: table lamps, pendants etc."
                }
            ],
            "key_value_pairs": [
                {
                    "section": "Table",
                    "property": "Code",
                    "value": "52002C000.5XWT",
                    "unit": ""
                },
                {
                    "section": "Table",
                    "property": "CMA Ref",
                    "value": "2192 Y",
                    "unit": ""
                },
                {
                    "section": "Table",
                    "property": "Core",
                    "value": "2",
                    "unit": ""
                },
                {
                    "section": "Table",
                    "property": "Conductor",
                    "value": "0.5",
                    "unit": "mm²"
                },
                {
                    "section": "Table",
                    "property": "Colour",
                    "value": "White",
                    "unit": ""
                },
                {
                    "section": "Table",
                    "property": "Drum Size",
                    "value": "100",
                    "unit": "m"
                },
                {
                    "section": "Table",
                    "property": "Code",
                    "value": "52002C000.5XBK",
                    "unit": ""
                },
                {
                    "section": "Table",
                    "property": "Colour",
                    "value": "Black",
                    "unit": ""
                },
                {
                    "section": "Table",
                    "property": "Code",
                    "value": "52002C00.75XWT",
                    "unit": ""
                },
                {
                    "section": "Table",
                    "property": "Conductor",
                    "value": "0.75",
                    "unit": "mm²"
                },
                {
                    "section": "Table",
                    "property": "Code",
                    "value": "52002C00.75XBK",
                    "unit": ""
                }
            ]
        },
        {
            "reference": "3092 Y",
            "brand": "NO_BRAND",
            "description": [
                {
                    "section": "Description",
                    "text": "PVC flexible cables suitable for hot environments where temperatures do not exceed 85°C. Applications include night storage heaters and immersion heaters etc. Colour coded cores."
                }
            ],
            "key_value_pairs": [
                {
                    "section": "Table",
                    "property": "Code",
                    "value": "49002C00.75XWT",
                    "unit": ""
                },
                {
                    "section": "Table",
                    "property": "CMA Ref",
                    "value": "3092 Y",
                    "unit": ""
                },
                {
                    "section": "Table",
                    "property": "Core",
                    "value": "2",
                    "unit": ""
                },
                {
                    "section": "Table",
                    "property": "Conductor",
                    "value": "0.75",
                    "unit": "mm²"
                },
                {
                    "section": "Table",
                    "property": "Colour",
                    "value": "White",
                    "unit": ""
                },
                {
                    "section": "Table",
                    "property": "Drum",
                    "value": "100",
                    "unit": "m"
                },
                {
                    "section": "Table",
                    "property": "Code",
                    "value": "49002C001.0XWT",
                    "unit": ""
                },
                {
                    "section": "Table",
                    "property": "Conductor",
                    "value": "1.0",
                    "unit": "mm²"
                },
                {
                    "section": "Table",
                    "property": "Code",
                    "value": "49002C001.5XWT",
                    "unit": ""
                },
                {
                    "section": "Table",
                    "property": "Conductor",
                    "value": "1.5",
                    "unit": "mm²"
                },
                {
                    "section": "Table",
                    "property": "Code",
                    "value": "49002C002.5XWT",
                    "unit": ""
                },
                {
                    "section": "Table",
                    "property": "Conductor",
                    "value": "2.5",
                    "unit": "mm²"
                },
                {
                    "section": "Table",
                    "property": "Code",
                    "value": "49003C00.75XWT",
                    "unit": ""
                },
                {
                    "section": "Table",
                    "property": "CMA Ref",
                    "value": "3093 Y",
                    "unit": ""
                },
                {
                    "section": "Table",
                    "property": "Core",
                    "value": "3",
                    "unit": ""
                },
                {
                    "section": "Table",
                    "property": "Code",
                    "value": "49003C001.0XWT",
                    "unit": ""
                },
                {
                    "section": "Table",
                    "property": "Conductor",
                    "value": "1.0",
                    "unit": "mm²"
                },
                {
                    "section": "Table",
                    "property": "Code",
                    "value": "49003C001.5XWT",
                    "unit": ""
                },
                {
                    "section": "Table",
                    "property": "Conductor",
                    "value": "1.5",
                    "unit": "mm²"
                },
                {
                    "section": "Table",
                    "property": "Code",
                    "value": "49003C002.5XWT",
                    "unit": ""
                },
                {
                    "section": "Table",
                    "property": "Conductor",
                    "value": "2.5",
                    "unit": "mm²"
                },
                {
                    "section": "Table",
                    "property": "Code",
                    "value": "49004C00.75XWT",
                    "unit": ""
                },
                {
                    "section": "Table",
                    "property": "CMA Ref",
                    "value": "3094 Y",
                    "unit": ""
                },
                {
                    "section": "Table",
                    "property": "Core",
                    "value": "4",
                    "unit": ""
                },
                {
                    "section": "Table",
                    "property": "Code",
                    "value": "49004C001.0XWT",
                    "unit": ""
                },
                {
                    "section": "Table",
                    "property": "Conductor",
                    "value": "1.0",
                    "unit": "mm²"
                },
                {
                    "section": "Table",
                    "property": "Code",
                    "value": "49004C001.5XWT",
                    "unit": ""
                },
                {
                    "section": "Table",
                    "property": "Conductor",
                    "value": "1.5",
                    "unit": "mm²"
                },
                {
                    "section": "Table",
                    "property": "Code",
                    "value": "49004C002.5XWT",
                    "unit": ""
                },
                {
                    "section": "Table",
                    "property": "Conductor",
                    "value": "2.5",
                    "unit": "mm²"
                },
                {
                    "section": "Table",
                    "property": "Code",
                    "value": "49005C00.75XWT",
                    "unit": ""
                },
                {
                    "section": "Table",
                    "property": "CMA Ref",
                    "value": "3095 Y",
                    "unit": ""
                },
                {
                    "section": "Table",
                    "property": "Core",
                    "value": "5",
                    "unit": ""
                },
                {
                    "section": "Table",
                    "property": "Code",
                    "value": "49005C001.0XWT",
                    "unit": ""
                },
                {
                    "section": "Table",
                    "property": "Conductor",
                    "value": "1.0",
                    "unit": "mm²"
                },
                {
                    "section": "Table",
                    "property": "Code",
                    "value": "49005C001.5XWT",
                    "unit": ""
                },
                {
                    "section": "Table",
                    "property": "Conductor",
                    "value": "1.5",
                    "unit": "mm²"
                },
                {
                    "section": "Table",
                    "property": "Code",
                    "value": "49005C002.5XWT",
                    "unit": ""
                },
                {
                    "section": "Table",
                    "property": "Conductor",
                    "value": "2.5",
                    "unit": "mm²"
                }
            ]
        },
        {
            "reference": "3182 TQ",
            "brand": "NO_BRAND",
            "description": [
                {
                    "section": "Description",
                    "text": "Flexible cable suitable for hot environments e.g. immersion heaters. Resistant to oil and grease. 85°C working temperature."
                }
            ],
            "key_value_pairs": [
                {
                    "section": "Table",
                    "property": "Code",
                    "value": "39002C001.0XBK",
                    "unit": ""
                },
                {
                    "section": "Table",
                    "property": "CMA Ref",
                    "value": "3182 TQ",
                    "unit": ""
                },
                {
                    "section": "Table",
                    "property": "Core",
                    "value": "2",
                    "unit": ""
                },
                {
                    "section": "Table",
                    "property": "Conductor",
                    "value": "1.0",
                    "unit": "mm²"
                },
                {
                    "section": "Table",
                    "property": "Colour",
                    "value": "Black",
                    "unit": ""
                },
                {
                    "section": "Table",
                    "property": "Drum Size",
                    "value": "100",
                    "unit": "m"
                },
                {
                    "section": "Table",
                    "property": "Code",
                    "value": "39002C001.0XWT",
                    "unit": ""
                },
                {
                    "section": "Table",
                    "property": "Colour",
                    "value": "White",
                    "unit": ""
                },
                {
                    "section": "Table",
                    "property": "Code",
                    "value": "39002C001.5XBK",
                    "unit": ""
                },
                {
                    "section": "Table",
                    "property": "Conductor",
                    "value": "1.5",
                    "unit": "mm²"
                },
                {
                    "section": "Table",
                    "property": "Code",
                    "value": "39002C001.5XWT",
                    "unit": ""
                },
                {
                    "section": "Table",
                    "property": "Colour",
                    "value": "White",
                    "unit": ""
                },
                {
                    "section": "Table",
                    "property": "Code",
                    "value": "39002C002.5XBK",
                    "unit": ""
                },
                {
                    "section": "Table",
                    "property": "Conductor",
                    "value": "2.5",
                    "unit": "mm²"
                },
                {
                    "section": "Table",
                    "property": "Code",
                    "value": "39002C002.5XWT",
                    "unit": ""
                },
                {
                    "section": "Table",
                    "property": "Colour",
                    "value": "White",
                    "unit": ""
                },
                {
                    "section": "Table",
                    "property": "Code",
                    "value": "39003C001.0XBK",
                    "unit": ""
                },
                {
                    "section": "Table",
                    "property": "CMA Ref",
                    "value": "3183 TQ",
                    "unit": ""
                },
                {
                    "section": "Table",
                    "property": "Core",
                    "value": "3",
                    "unit": ""
                },
                {
                    "section": "Table",
                    "property": "Code",
                    "value": "39003C001.0XWT",
                    "unit": ""
                },
                {
                    "section": "Table",
                    "property": "Colour",
                    "value": "White",
                    "unit": ""
                },
                {
                    "section": "Table",
                    "property": "Code",
                    "value": "39003C001.5XBK",
                    "unit": ""
                },
                {
                    "section": "Table",
                    "property": "Conductor",
                    "value": "1.5",
                    "unit": "mm²"
                },
                {
                    "section": "Table",
                    "property": "Code",
                    "value": "39003C001.5XWT",
                    "unit": ""
                },
                {
                    "section": "Table",
                    "property": "Colour",
                    "value": "White",
                    "unit": ""
                },
                {
                    "section": "Table",
                    "property": "Code",
                    "value": "39003C002.5XBK",
                    "unit": ""
                },
                {
                    "section": "Table",
                    "property": "Conductor",
                    "value": "2.5",
                    "unit": "mm²"
                },
                {
                    "section": "Table",
                    "property": "Code",
                    "value": "39003C002.5XWT",
                    "unit": ""
                },
                {
                    "section": "Table",
                    "property": "Colour",
                    "value": "White",
                    "unit": ""
                },
                {
                    "section": "Table",
                    "property": "Code",
                    "value": "39004C001.0XBK",
                    "unit": ""
                },
                {
                    "section": "Table",
                    "property": "CMA Ref",
                    "value": "3184 TQ",
                    "unit": ""
                },
                {
                    "section": "Table",
                    "property": "Core",
                    "value": "4",
                    "unit": ""
                },
                {
                    "section": "Table",
                    "property": "Code",
                    "value": "39004C001.0XWT",
                    "unit": ""
                },
                {
                    "section": "Table",
                    "property": "Colour",
                    "value": "White",
                    "unit": ""
                },
                {
                    "section": "Table",
                    "property": "Code",
                    "value": "39004C001.5XBK",
                    "unit": ""
                },
                {
                    "section": "Table",
                    "property": "Conductor",
                    "value": "1.5",
                    "unit": "mm²"
                },
                {
                    "section": "Table",
                    "property": "Code",
                    "value": "39004C001.5XWT",
                    "unit": ""
                },
                {
                    "section": "Table",
                    "property": "Colour",
                    "value": "White",
                    "unit": ""
                },
                {
                    "section": "Table",
                    "property": "Code",
                    "value": "39004C002.5XBK",
                    "unit": ""
                },
                {
                    "section": "Table",
                    "property": "Conductor",
                    "value": "2.5",
                    "unit": "mm²"
                },
                {
                    "section": "Table",
                    "property": "Code",
                    "value": "39004C002.5XWT",
                    "unit": ""
                }
            ]
        },
        {
            "reference": "3182Y",
            "brand": "NO_BRAND",
            "description": [
                {
                    "section": "Description",
                    "text": "General purpose flexible cable suitable for use indoors and outdoors in dry conditions, lawn mowers, power tools, washing machines etc. Colour coded cores."
                }
            ],
            "key_value_pairs": [
                {
                    "section": "Table",
                    "property": "Code",
                    "value": "48002C00.75XBK",
                    "unit": ""
                },
                {
                    "section": "Table",
                    "property": "CMA Ref",
                    "value": "3182Y",
                    "unit": ""
                },
                {
                    "section": "Table",
                    "property": "Core",
                    "value": "2",
                    "unit": ""
                },
                {
                    "section": "Table",
                    "property": "Conductor",
                    "value": "0.75",
                    "unit": "mm²"
                },
                {
                    "section": "Table",
                    "property": "Colour",
                    "value": "Black",
                    "unit": ""
                },
                {
                    "section": "Table",
                    "property": "Drum",
                    "value": "100",
                    "unit": "m"
                },
                {
                    "section": "Table",
                    "property": "Code",
                    "value": "48002C00.75XWT",
                    "unit": ""
                },
                {
                    "section": "Table",
                    "property": "Colour",
                    "value": "White",
                    "unit": ""
                },
                {
                    "section": "Table",
                    "property": "Code",
                    "value": "48002C001.0XBK",
                    "unit": ""
                },
                {
                    "section": "Table",
                    "property": "Conductor",
                    "value": "1.0",
                    "unit": "mm²"
                },
                {
                    "section": "Table",
                    "property": "Code",
                    "value": "48002C001.0XWT",
                    "unit": ""
                },
                {
                    "section": "Table",
                    "property": "Colour",
                    "value": "White",
                    "unit": ""
                },
                {
                    "section": "Table",
                    "property": "Code",
                    "value": "48002C001.5XBK",
                    "unit": ""
                },
                {
                    "section": "Table",
                    "property": "Conductor",
                    "value": "1.5",
                    "unit": "mm²"
                },
                {
                    "section": "Table",
                    "property": "Code",
                    "value": "48002C001.5XWT",
                    "unit": ""
                },
                {
                    "section": "Table",
                    "property": "Colour",
                    "value": "White",
                    "unit": ""
                },
                {
                    "section": "Table",
                    "property": "Code",
                    "value": "48002C002.5XBK",
                    "unit": ""
                },
                {
                    "section": "Table",
                    "property": "Conductor",
                    "value": "2.5",
                    "unit": "mm²"
                },
                {
                    "section": "Table",
                    "property": "Code",
                    "value": "48002C002.5XWT",
                    "unit": ""
                },
                {
                    "section": "Table",
                    "property": "Colour",
                    "value": "White",
                    "unit": ""
                },
                {
                    "section": "Table",
                    "property": "Code",
                    "value": "48003C00.75XBK",
                    "unit": ""
                },
                {
                    "section": "Table",
                    "property": "CMA Ref",
                    "value": "3183Y",
                    "unit": ""
                },
                {
                    "section": "Table",
                    "property": "Core",
                    "value": "3",
                    "unit": ""
                },
                {
                    "section": "Table",
                    "property": "Code",
                    "value": "48003C00.75XWT",
                    "unit": ""
                },
                {
                    "section": "Table",
                    "property": "Colour",
                    "value": "White",
                    "unit": ""
                },
                {
                    "section": "Table",
                    "property": "Code",
                    "value": "48003C001.0XBK",
                    "unit": ""
                },
                {
                    "section": "Table",
                    "property": "Conductor",
                    "value": "1.0",
                    "unit": "mm²"
                },
                {
                    "section": "Table",
                    "property": "Code",
                    "value": "48003C001.0XWT",
                    "unit": ""
                },
                {
                    "section": "Table",
                    "property": "Colour",
                    "value": "White",
                    "unit": ""
                },
                {
                    "section": "Table",
                    "property": "Code",
                    "value": "48003C001.5XBK",
                    "unit": ""
                },
                {
                    "section": "Table",
                    "property": "Conductor",
                    "value": "1.5",
                    "unit": "mm²"
                },
                {
                    "section": "Table",
                    "property": "Code",
                    "value": "48003C001.5XWT",
                    "unit": ""
                },
                {
                    "section": "Table",
                    "property": "Colour",
                    "value": "White",
                    "unit": ""
                },
                {
                    "section": "Table",
                    "property": "Code",
                    "value": "48003C002.5XBK",
                    "unit": ""
                },
                {
                    "section": "Table",
                    "property": "Conductor",
                    "value": "2.5",
                    "unit": "mm²"
                },
                {
                    "section": "Table",
                    "property": "Code",
                    "value": "48003C002.5XWT",
                    "unit": ""
                },
                {
                    "section": "Table",
                    "property": "Colour",
                    "value": "White",
                    "unit": ""
                },
                {
                    "section": "Table",
                    "property": "Code",
                    "value": "48004C00.75XBK",
                    "unit": ""
                },
                {
                    "section": "Table",
                    "property": "CMA Ref",
                    "value": "3184Y",
                    "unit": ""
                },
                {
                    "section": "Table",
                    "property": "Core",
                    "value": "4",
                    "unit": ""
                },
                {
                    "section": "Table",
                    "property": "Code",
                    "value": "48004C00.75XWT",
                    "unit": ""
                },
                {
                    "section": "Table",
                    "property": "Colour",
                    "value": "White",
                    "unit": ""
                },
                {
                    "section": "Table",
                    "property": "Code",
                    "value": "48004C001.0XBK",
                    "unit": ""
                },
                {
                    "section": "Table",
                    "property": "Conductor",
                    "value": "1.0",
                    "unit": "mm²"
                },
                {
                    "section": "Table",
                    "property": "Code",
                    "value": "48004C001.0XWT",
                    "unit": ""
                },
                {
                    "section": "Table",
                    "property": "Colour",
                    "value": "White",
                    "unit": ""
                },
                {
                    "section": "Table",
                    "property": "Code",
                    "value": "48004C001.5XBK",
                    "unit": ""
                },
                {
                    "section": "Table",
                    "property": "Conductor",
                    "value": "1.5",
                    "unit": "mm²"
                },
                {
                    "section": "Table",
                    "property": "Code",
                    "value": "48004C001.5XWT",
                    "unit": ""
                },
                {
                    "section": "Table",
                    "property": "Colour",
                    "value": "White",
                    "unit": ""
                },
                {
                    "section": "Table",
                    "property": "Code",
                    "value": "48004C002.5XBK",
                    "unit": ""
                },
                {
                    "section": "Table",
                    "property": "Conductor",
                    "value": "2.5",
                    "unit": "mm²"
                },
                {
                    "section": "Table",
                    "property": "Code",
                    "value": "48004C002.5XWT",
                    "unit": ""
                },
                {
                    "section": "Table",
                    "property": "Colour",
                    "value": "White",
                    "unit": ""
                },
                {
                    "section": "Table",
                    "property": "Code",
                    "value": "48005C00.75XBK",
                    "unit": ""
                },
                {
                    "section": "Table",
                    "property": "CMA Ref",
                    "value": "3185Y",
                    "unit": ""
                },
                {
                    "section": "Table",
                    "property": "Core",
                    "value": "5",
                    "unit": ""
                },
                {
                    "section": "Table",
                    "property": "Code",
                    "value": "48005C00.75XWT",
                    "unit": ""
                },
                {
                    "section": "Table",
                    "property": "Colour",
                    "value": "White",
                    "unit": ""
                },
                {
                    "section": "Table",
                    "property": "Code",
                    "value": "48005C001.0XBK",
                    "unit": ""
                },
                {
                    "section": "Table",
                    "property": "Conductor",
                    "value": "1.0",
                    "unit": "mm²"
                },
                {
                    "section": "Table",
                    "property": "Code",
                    "value": "48005C001.0XWT",
                    "unit": ""
                },
                {
                    "section": "Table",
                    "property": "Colour",
                    "value": "White",
                    "unit": ""
                },
                {
                    "section": "Table",
                    "property": "Code",
                    "value": "48005C001.5XBK",
                    "unit": ""
                },
                {
                    "section": "Table",
                    "property": "Conductor",
                    "value": "1.5",
                    "unit": "mm²"
                },
                {
                    "section": "Table",
                    "property": "Code",
                    "value": "48005C001.5XWT",
                    "unit": ""
                },
                {
                    "section": "Table",
                    "property": "Colour",
                    "value": "White",
                    "unit": ""
                },
                {
                    "section": "Table",
                    "property": "Code",
                    "value": "48005C002.5XBK",
                    "unit": ""
                },
                {
                    "section": "Table",
                    "property": "Conductor",
                    "value": "2.5",
                    "unit": "mm²"
                },
                {
                    "section": "Table",
                    "property": "Code",
                    "value": "48005C002.5XWT",
                    "unit": ""
                }
            ]
        },
        {
            "reference": "3183YAG",
            "brand": "NO_BRAND",
            "description": [],
            "key_value_pairs": [
                {
                    "section": "Table",
                    "property": "Code",
                    "value": "50003C001.5XBU",
                    "unit": ""
                },
                {
                    "section": "Table",
                    "property": "CMA Ref",
                    "value": "3183YAG",
                    "unit": ""
                },
                {
                    "section": "Table",
                    "property": "Core",
                    "value": "3",
                    "unit": ""
                },
                {
                    "section": "Table",
                    "property": "Conductor",
                    "value": "1.5",
                    "unit": "mm²"
                },
                {
                    "section": "Table",
                    "property": "Colour",
                    "value": "Blue",
                    "unit": ""
                },
                {
                    "section": "Table",
                    "property": "Drum Size",
                    "value": "100",
                    "unit": "m"
                },
                {
                    "section": "Table",
                    "property": "Code",
                    "value": "50003C001.5XYW",
                    "unit": ""
                },
                {
                    "section": "Table",
                    "property": "Colour",
                    "value": "Yellow",
                    "unit": ""
                },
                {
                    "section": "Table",
                    "property": "Code",
                    "value": "50003C002.5XBU",
                    "unit": ""
                },
                {
                    "section": "Table",
                    "property": "Conductor",
                    "value": "2.5",
                    "unit": "mm²"
                },
                {
                    "section": "Table",
                    "property": "Code",
                    "value": "50003C002.5XYW",
                    "unit": ""
                },
                {
                    "section": "Table",
                    "property": "Colour",
                    "value": "Yellow",
                    "unit": ""
                },
                {
                    "section": "Table",
                    "property": "Code",
                    "value": "50003C004.0XBU",
                    "unit": ""
                },
                {
                    "section": "Table",
                    "property": "Conductor",
                    "value": "4.0",
                    "unit": "mm²"
                },
                {
                    "section": "Table",
                    "property": "Code",
                    "value": "50003C004.0XYW",
                    "unit": ""
                }
            ]
        },
        {
            "reference": "6191Y",
            "brand": "NO_BRAND",
            "description": [
                {
                    "section": "Description",
                    "text": "Suitable for surface wiring. BASEC certified to BS6004. Voltage rating 300/500V."
                }
            ],
            "key_value_pairs": [
                {
                    "section": "Table",
                    "property": "Code",
                    "value": "14001 C001.0X*",
                    "unit": ""
                },
                {
                    "section": "Table",
                    "property": "CMA Ref",
                    "value": "6191Y",
                    "unit": ""
                },
                {
                    "section": "Table",
                    "property": "Core",
                    "value": "1",
                    "unit": ""
                },
                {
                    "section": "Table",
                    "property": "Conductor",
                    "value": "1.0",
                    "unit": "mm²"
                },
                {
                    "section": "Table",
                    "property": "Drum Size",
                    "value": "100",
                    "unit": "m"
                },
                {
                    "section": "Table",
                    "property": "Code",
                    "value": "14001 C001.5X*",
                    "unit": ""
                },
                {
                    "section": "Table",
                    "property": "Conductor",
                    "value": "1.5",
                    "unit": "mm²"
                },
                {
                    "section": "Table",
                    "property": "Code",
                    "value": "14001 C002.5X*",
                    "unit": ""
                },
                {
                    "section": "Table",
                    "property": "Conductor",
                    "value": "2.5",
                    "unit": "mm²"
                },
                {
                    "section": "Table",
                    "property": "Code",
                    "value": "14001 C004.0X*",
                    "unit": ""
                },
                {
                    "section": "Table",
                    "property": "Conductor",
                    "value": "4.0",
                    "unit": "mm²"
                },
                {
                    "section": "Table",
                    "property": "Code",
                    "value": "14001 C006.0X*",
                    "unit": ""
                },
                {
                    "section": "Table",
                    "property": "Conductor",
                    "value": "6.0",
                    "unit": "mm²"
                },
                {
                    "section": "Table",
                    "property": "Code",
                    "value": "14001 C010.0X*",
                    "unit": ""
                },
                {
                    "section": "Table",
                    "property": "Conductor",
                    "value": "10.0",
                    "unit": "mm²"
                },
                {
                    "section": "Table",
                    "property": "Drum Size",
                    "value": "Per Meter",
                    "unit": ""
                },
                {
                    "section": "Table",
                    "property": "Code",
                    "value": "14001 C016.0X*",
                    "unit": ""
                },
                {
                    "section": "Table",
                    "property": "Conductor",
                    "value": "16.0",
                    "unit": "mm²"
                },
                {
                    "section": "Table",
                    "property": "Code",
                    "value": "14001 C025.0X*",
                    "unit": ""
                },
                {
                    "section": "Table",
                    "property": "Conductor",
                    "value": "25.0",
                    "unit": "mm²"
                },
                {
                    "section": "Table",
                    "property": "Code",
                    "value": "14001 C035.0X*",
                    "unit": ""
                },
                {
                    "section": "Table",
                    "property": "Conductor",
                    "value": "35.0",
                    "unit": "mm²"
                }
            ]
        },
        {
            "reference": "6241Y",
            "brand": "NO_BRAND",
            "description": [
                {
                    "section": "Description",
                    "text": "For domestic/industrial wiring. Colour coded cores. BASEC certified to BS6004. Voltage rating 300/500V."
                }
            ],
            "key_value_pairs": [
                {
                    "section": "Table",
                    "property": "Code",
                    "value": "78001 C001.0XGR",
                    "unit": ""
                },
                {
                    "section": "Table",
                    "property": "CMA Ref",
                    "value": "6241Y",
                    "unit": ""
                },
                {
                    "section": "Table",
                    "property": "Core",
                    "value": "1",
                    "unit": ""
                },
                {
                    "section": "Table",
                    "property": "Conductor",
                    "value": "1.0",
                    "unit": "mm²"
                },
                {
                    "section": "Table",
                    "property": "Colour",
                    "value": "Grey",
                    "unit": ""
                },
                {
                    "section": "Table",
                    "property": "Drum Size",
                    "value": "50",
                    "unit": "m"
                },
                {
                    "section": "Table",
                    "property": "Code",
                    "value": "78001 C001.5XGR",
                    "unit": ""
                },
                {
                    "section": "Table",
                    "property": "Conductor",
                    "value": "1.5",
                    "unit": "mm²"
                },
                {
                    "section": "Table",
                    "property": "Code",
                    "value": "53002 C001.0XGR",
                    "unit": ""
                },
                {
                    "section": "Table",
                    "property": "CMA Ref",
                    "value": "6242Y",
                    "unit": ""
                },
                {
                    "section": "Table",
                    "property": "Core",
                    "value": "2",
                    "unit": ""
                },
                {
                    "section": "Table",
                    "property": "Conductor",
                    "value": "1.0",
                    "unit": "mm²"
                },
                {
                    "section": "Table",
                    "property": "Colour",
                    "value": "Grey",
                    "unit": ""
                },
                {
                    "section": "Table",
                    "property": "Drum Size",
                    "value": "100",
                    "unit": "m"
                },
                {
                    "section": "Table",
                    "property": "Code",
                    "value": "53002 C001.5XGR",
                    "unit": ""
                },
                {
                    "section": "Table",
                    "property": "Conductor",
                    "value": "1.5",
                    "unit": "mm²"
                },
                {
                    "section": "Table",
                    "property": "Code",
                    "value": "53002 C002.5XGR",
                    "unit": ""
                },
                {
                    "section": "Table",
                    "property": "Conductor",
                    "value": "2.5",
                    "unit": "mm²"
                },
                {
                    "section": "Table",
                    "property": "Code",
                    "value": "53002 C004.0XGR",
                    "unit": ""
                },
                {
                    "section": "Table",
                    "property": "Conductor",
                    "value": "4.0",
                    "unit": "mm²"
                },
                {
                    "section": "Table",
                    "property": "Code",
                    "value": "53002 C006.0XGR",
                    "unit": ""
                },
                {
                    "section": "Table",
                    "property": "Conductor",
                    "value": "6.0",
                    "unit": "mm²"
                },
                {
                    "section": "Table",
                    "property": "Code",
                    "value": "53002 C010.0XGR",
                    "unit": ""
                },
                {
                    "section": "Table",
                    "property": "Conductor",
                    "value": "10.0",
                    "unit": "mm²"
                },
                {
                    "section": "Table",
                    "property": "Code",
                    "value": "53002 C016.0XGR",
                    "unit": ""
                },
                {
                    "section": "Table",
                    "property": "Conductor",
                    "value": "16.0",
                    "unit": "mm²"
                }
            ]
        },
        {
            "reference": "6491B",
            "brand": "NO_BRAND",
            "description": [
                {
                    "section": "Description",
                    "text": "For similar applications as 6491X - but they produce lower levels of smoke and corrosive gases under fire conditions. BASEC certified to BS7211."
                }
            ],
            "key_value_pairs": [
                {
                    "section": "Table",
                    "property": "Code",
                    "value": "06001 C001.5X*",
                    "unit": ""
                },
                {
                    "section": "Table",
                    "property": "CMA Ref",
                    "value": "6491B",
                    "unit": ""
                },
                {
                    "section": "Table",
                    "property": "Core",
                    "value": "1",
                    "unit": ""
                },
                {
                    "section": "Table",
                    "property": "Conductor",
                    "value": "1.5",
                    "unit": "mm²"
                },
                {
                    "section": "Table",
                    "property": "Drum Size",
                    "value": "100",
                    "unit": "m"
                },
                {
                    "section": "Table",
                    "property": "Code",
                    "value": "06001 C002.5X*",
                    "unit": ""
                },
                {
                    "section": "Table",
                    "property": "Conductor",
                    "value": "2.5",
                    "unit": "mm²"
                },
                {
                    "section": "Table",
                    "property": "Code",
                    "value": "06001 C004.0X*",
                    "unit": ""
                },
                {
                    "section": "Table",
                    "property": "Conductor",
                    "value": "4.0",
                    "unit": "mm²"
                },
                {
                    "section": "Table",
                    "property": "Code",
                    "value": "06001 C006.0X*",
                    "unit": ""
                },
                {
                    "section": "Table",
                    "property": "Conductor",
                    "value": "6.0",
                    "unit": "mm²"
                },
                {
                    "section": "Table",
                    "property": "Code",
                    "value": "06001 C010.0X*",
                    "unit": ""
                },
                {
                    "section": "Table",
                    "property": "Conductor",
                    "value": "10.0",
                    "unit": "mm²"
                },
                {
                    "section": "Table",
                    "property": "Drum Size",
                    "value": "Per Meter",
                    "unit": ""
                },
                {
                    "section": "Table",
                    "property": "Code",
                    "value": "06001 C016.0X*",
                    "unit": ""
                },
                {
                    "section": "Table",
                    "property": "Conductor",
                    "value": "16.0",
                    "unit": "mm²"
                },
                {
                    "section": "Table",
                    "property": "Code",
                    "value": "06001 C025.0X*",
                    "unit": ""
                },
                {
                    "section": "Table",
                    "property": "Conductor",
                    "value": "25.0",
                    "unit": "mm²"
                },
                {
                    "section": "Table",
                    "property": "Code",
                    "value": "06001 C035.0X*",
                    "unit": ""
                },
                {
                    "section": "Table",
                    "property": "Conductor",
                    "value": "35.0",
                    "unit": "mm²"
                },
                {
                    "section": "Table",
                    "property": "Code",
                    "value": "06001 C050.0X*",
                    "unit": ""
                },
                {
                    "section": "Table",
                    "property": "Conductor",
                    "value": "50.0",
                    "unit": "mm²"
                },
                {
                    "section": "Table",
                    "property": "Code",
                    "value": "06001 C070.0X*",
                    "unit": ""
                },
                {
                    "section": "Table",
                    "property": "Conductor",
                    "value": "70.0",
                    "unit": "mm²"
                },
                {
                    "section": "Table",
                    "property": "Code",
                    "value": "06001 C095.0X*",
                    "unit": ""
                },
                {
                    "section": "Table",
                    "property": "Conductor",
                    "value": "95.0",
                    "unit": "mm²"
                }
            ]
        },
        {
            "reference": "891ALM",
            "brand": "MK",
            "description": [
                {
                    "section": "Description",
                    "text": "40mm 1 & 2 Gang"
                }
            ],
            "key_value_pairs": []
        },
        {
            "reference": "K8891ALM",
            "brand": "MK",
            "description": [
                {
                    "section": "Description",
                    "text": "40mm 1 & 2 Gang"
                }
            ],
            "key_value_pairs": []
        },
        {
            "reference": "892ALM",
            "brand": "MK",
            "description": [
                {
                    "section": "Description",
                    "text": "40mm 3 & 4 Gang"
                }
            ],
            "key_value_pairs": []
        },
        {
            "reference": "K8892ALM",
            "brand": "MK",
            "description": [
                {
                    "section": "Description",
                    "text": "40mm 3 & 4 Gang"
                }
            ],
            "key_value_pairs": []
        },
        {
            "reference": "893ALM",
            "brand": "MK",
            "description": [
                {
                    "section": "Description",
                    "text": "40mm 6 & 8 Gang"
                }
            ],
            "key_value_pairs": []
        },
        {
            "reference": "K8893ALM",
            "brand": "MK",
            "description": [
                {
                    "section": "Description",
                    "text": "40mm 6 & 8 Gang"
                }
            ],
            "key_value_pairs": []
        },
        {
            "reference": "895ALM",
            "brand": "MK",
            "description": [
                {
                    "section": "Description",
                    "text": "40mm 12 Gang"
                }
            ],
            "key_value_pairs": []
        },
        {
            "reference": "K8895ALM",
            "brand": "MK",
            "description": [
                {
                    "section": "Description",
                    "text": "40mm 12 Gang"
                }
            ],
            "key_value_pairs": []
        },
        {
            "reference": "K3701",
            "brand": "MK",
            "description": [
                {
                    "section": "Description",
                    "text": "1 Gang/1 Module"
                }
            ],
            "key_value_pairs": []
        },
        {
            "reference": "K3702",
            "brand": "MK",
            "description": [
                {
                    "section": "Description",
                    "text": "1 Gang/2 Module"
                }
            ],
            "key_value_pairs": []
        },
        {
            "reference": "K3703",
            "brand": "MK",
            "description": [
                {
                    "section": "Description",
                    "text": "2 Gang/3 Module"
                }
            ],
            "key_value_pairs": []
        },
        {
            "reference": "K3704",
            "brand": "MK",
            "description": [
                {
                    "section": "Description",
                    "text": "2 Gang/4 Module"
                }
            ],
            "key_value_pairs": []
        },
        {
            "reference": "K3706",
            "brand": "MK",
            "description": [
                {
                    "section": "Description",
                    "text": "6 Gang/6 Module"
                }
            ],
            "key_value_pairs": []
        },
        {
            "reference": "K4889RED",
            "brand": "MK",
            "description": [
                {
                    "section": "Description",
                    "text": "Red Indicator Unit 200-250V Neon"
                }
            ],
            "key_value_pairs": []
        },
        {
            "reference": "K4889AMB",
            "brand": "MK",
            "description": [
                {
                    "section": "Description",
                    "text": "Amber Indicator Unit 200-250V Neon"
                }
            ],
            "key_value_pairs": []
        },
        {
            "reference": "K4889GRN",
            "brand": "MK",
            "description": [
                {
                    "section": "Description",
                    "text": "Green Indicator Unit 200-250V Fluorescent"
                }
            ],
            "key_value_pairs": []
        },
        {
            "reference": "K4836RED",
            "brand": "MK",
            "description": [
                {
                    "section": "Description",
                    "text": "Red Indicator Unit 21-36V Filament"
                }
            ],
            "key_value_pairs": []
        },
        {
            "reference": "K4836AMB",
            "brand": "MK",
            "description": [
                {
                    "section": "Description",
                    "text": "Amber Indicator Unit 21-36V Filament"
                }
            ],
            "key_value_pairs": []
        },
        {
            "reference": "K4836GRN",
            "brand": "MK",
            "description": [
                {
                    "section": "Description",
                    "text": "Green Indicator Unit 21-36V Filament"
                }
            ],
            "key_value_pairs": []
        },
        {
            "reference": "K4881WHI",
            "brand": "MK",
            "description": [
                {
                    "section": "Description",
                    "text": "1 Way SP Switch 10A"
                }
            ],
            "key_value_pairs": []
        },
        {
            "reference": "K4981WHI",
            "brand": "MK",
            "description": [
                {
                    "section": "Description",
                    "text": "1 Way DP Switch 10A"
                }
            ],
            "key_value_pairs": []
        },
        {
            "reference": "K4882WHI",
            "brand": "MK",
            "description": [
                {
                    "section": "Description",
                    "text": "2 Way SP Switch 10A"
                }
            ],
            "key_value_pairs": []
        },
        {
            "reference": "K4885WHI",
            "brand": "MK",
            "description": [
                {
                    "section": "Description",
                    "text": "2 Way SP Push Switch 10A"
                }
            ],
            "key_value_pairs": []
        },
        {
            "reference": "K4885RED",
            "brand": "MK",
            "description": [
                {
                    "section": "Description",
                    "text": "2 Way SP Push Switch c/w Red Rocker 10A"
                }
            ],
            "key_value_pairs": []
        },
        {
            "reference": "K4885BWHI",
            "brand": "MK",
            "description": [
                {
                    "section": "Description",
                    "text": "2 Way SP Push Switch c/w Bell Symbol 10A"
                }
            ],
            "key_value_pairs": []
        },
        {
            "reference": "K4885PWHI",
            "brand": "MK",
            "description": [
                {
                    "section": "Description",
                    "text": "2 Way SP Push Switch Marked Press 10A"
                }
            ],
            "key_value_pairs": []
        },
        {
            "reference": "K4900WHI",
            "brand": "MK",
            "description": [
                {
                    "section": "Description",
                    "text": "1 Way Retractive Switch 10A"
                }
            ],
            "key_value_pairs": []
        },
        {
            "reference": "K4891WHI",
            "brand": "MK",
            "description": [
                {
                    "section": "Description",
                    "text": "1 Way SP Switch 20A"
                }
            ],
            "key_value_pairs": []
        },
        {
            "reference": "K4896WHI",
            "brand": "MK",
            "description": [
                {
                    "section": "Description",
                    "text": "1 Way DP Switch 20A"
                }
            ],
            "key_value_pairs": []
        },
        {
            "reference": "K4896RED",
            "brand": "MK",
            "description": [
                {
                    "section": "Description",
                    "text": "1 Way DP Switch c/w Red Rocker 20A"
                }
            ],
            "key_value_pairs": []
        },
        {
            "reference": "K4896NWHI",
            "brand": "MK",
            "description": [
                {
                    "section": "Description",
                    "text": "1 Way DP Switch c/w Neon 20A"
                }
            ],
            "key_value_pairs": []
        },
        {
            "reference": "K4896WWHI",
            "brand": "MK",
            "description": [
                {
                    "section": "Description",
                    "text": "1 Way DP Switch c/w Window 20A"
                }
            ],
            "key_value_pairs": []
        },
        {
            "reference": "K4910WHI",
            "brand": "MK",
            "description": [
                {
                    "section": "Description",
                    "text": "1 Way Push To Make Switch 20A"
                }
            ],
            "key_value_pairs": []
        },
        {
            "reference": "K4910RED",
            "brand": "MK",
            "description": [
                {
                    "section": "Description",
                    "text": "1 Way Push To Make Switch c/w Red Rocker 20A"
                }
            ],
            "key_value_pairs": []
        },
        {
            "reference": "K4915WHI",
            "brand": "MK",
            "description": [
                {
                    "section": "Description",
                    "text": "1 Way Push To Break Switch 20A"
                }
            ],
            "key_value_pairs": []
        },
        {
            "reference": "K4915RED",
            "brand": "MK",
            "description": [
                {
                    "section": "Description",
                    "text": "1 Way Push To Break Switch c/w Red Rocker 20A"
                }
            ],
            "key_value_pairs": []
        },
        {
            "reference": "K4892WHI",
            "brand": "MK",
            "description": [
                {
                    "section": "Description",
                    "text": "2 Way SP Switch 20A"
                }
            ],
            "key_value_pairs": []
        },
        {
            "reference": "K4892RED",
            "brand": "MK",
            "description": [
                {
                    "section": "Description",
                    "text": "2 Way SP Switch c/w Red Rocker 20A"
                }
            ],
            "key_value_pairs": []
        },
        {
            "reference": "K4892LWHI",
            "brand": "MK",
            "description": [
                {
                    "section": "Description",
                    "text": "2 Way SP Switch c/w Integral Neon 20A"
                }
            ],
            "key_value_pairs": []
        },
        {
            "reference": "K4899WHI",
            "brand": "MK",
            "description": [
                {
                    "section": "Description",
                    "text": "2 Way Centre & Off Switch 20A"
                }
            ],
            "key_value_pairs": []
        },
        {
            "reference": "K4899RED",
            "brand": "MK",
            "description": [
                {
                    "section": "Description",
                    "text": "2 Way Centre & Off Switch c/w Red Rocker 20A"
                }
            ],
            "key_value_pairs": []
        },
        {
            "reference": "K4893WHI",
            "brand": "MK",
            "description": [
                {
                    "section": "Description",
                    "text": "Intermediate Switch 20A"
                }
            ],
            "key_value_pairs": []
        },
        {
            "reference": "K4893RED",
            "brand": "MK",
            "description": [
                {
                    "section": "Description",
                    "text": "Intermediate Switch c/w Red Rocker 20A"
                }
            ],
            "key_value_pairs": []
        }
    ]
}