{
    "parts": [
        {
            "reference": "WSW-75",
            "brand": "Smalley",
            "description": [],
            "key_value_pairs": [
                {
                    "section": "Dimensions",
                    "property": "Shaft Diameter",
                    "value": "0.750",
                    "unit": "inches"
                },
                {
                    "section": "Dimensions",
                    "property": "Load",
                    "value": "25",
                    "unit": "lb"
                },
                {
                    "section": "Dimensions",
                    "property": "Work Height",
                    "value": "0.085",
                    "unit": "inches"
                },
                {
                    "section": "Dimensions",
                    "property": "Max. Free Height",
                    "value": "0.115",
                    "unit": "inches"
                },
                {
                    "section": "Dimensions",
                    "property": "Number of Waves",
                    "value": "3",
                    "unit": ""
                },
                {
                    "section": "Dimensions",
                    "property": "Ring Thickness",
                    "value": "0.042",
                    "unit": "inches"
                },
                {
                    "section": "Dimensions",
                    "property": "Nail Width",
                    "value": "0.065",
                    "unit": "inches"
                },
                {
                    "section": "Dimensions",
                    "property": "Longer",
                    "value": "N",
                    "unit": ""
                },
                {
                    "section": "Dimensions",
                    "property": "Groove Diameter",
                    "value": "0.704",
                    "unit": "inches"
                },
                {
                    "section": "Dimensions",
                    "property": "Width Max.",
                    "value": "0.120",
                    "unit": "inches"
                }
            ]
        },
        {
            "reference": "WSW-87",
            "brand": "Smalley",
            "description": [],
            "key_value_pairs": [
                {
                    "section": "Dimensions",
                    "property": "Shaft Diameter",
                    "value": "0.875",
                    "unit": "inches"
                },
                {
                    "section": "Dimensions",
                    "property": "Load",
                    "value": "30",
                    "unit": "lb"
                },
                {
                    "section": "Dimensions",
                    "property": "Work Height",
                    "value": "0.085",
                    "unit": "inches"
                },
                {
                    "section": "Dimensions",
                    "property": "Max. Free Height",
                    "value": "0.131",
                    "unit": "inches"
                },
                {
                    "section": "Dimensions",
                    "property": "Number of Waves",
                    "value": "3",
                    "unit": ""
                },
                {
                    "section": "Dimensions",
                    "property": "Ring Thickness",
                    "value": "0.042",
                    "unit": "inches"
                },
                {
                    "section": "Dimensions",
                    "property": "Nail Width",
                    "value": "0.075",
                    "unit": "inches"
                },
                {
                    "section": "Dimensions",
                    "property": "Longer",
                    "value": "N",
                    "unit": ""
                },
                {
                    "section": "Dimensions",
                    "property": "Groove Diameter",
                    "value": "0.821",
                    "unit": "inches"
                },
                {
                    "section": "Dimensions",
                    "property": "Width Max.",
                    "value": "0.136",
                    "unit": "inches"
                }
            ]
        },
        {
            "reference": "WSW-100",
            "brand": "Smalley",
            "description": [],
            "key_value_pairs": [
                {
                    "section": "Dimensions",
                    "property": "Shaft Diameter",
                    "value": "1.000",
                    "unit": "inches"
                },
                {
                    "section": "Dimensions",
                    "property": "Load",
                    "value": "34",
                    "unit": "lb"
                },
                {
                    "section": "Dimensions",
                    "property": "Work Height",
                    "value": "0.085",
                    "unit": "inches"
                },
                {
                    "section": "Dimensions",
                    "property": "Max. Free Height",
                    "value": "0.129",
                    "unit": "inches"
                },
                {
                    "section": "Dimensions",
                    "property": "Number of Waves",
                    "value": "3",
                    "unit": ""
                },
                {
                    "section": "Dimensions",
                    "property": "Ring Thickness",
                    "value": "0.042",
                    "unit": "inches"
                },
                {
                    "section": "Dimensions",
                    "property": "Nail Width",
                    "value": "0.085",
                    "unit": "inches"
                },
                {
                    "section": "Dimensions",
                    "property": "Longer",
                    "value": "N",
                    "unit": ""
                },
                {
                    "section": "Dimensions",
                    "property": "Groove Diameter",
                    "value": "0.940",
                    "unit": "inches"
                },
                {
                    "section": "Dimensions",
                    "property": "Width Max.",
                    "value": "0.134",
                    "unit": "inches"
                }
            ]
        },
        {
            "reference": "WSW-112",
            "brand": "Smalley",
            "description": [],
            "key_value_pairs": [
                {
                    "section": "Dimensions",
                    "property": "Shaft Diameter",
                    "value": "1.125",
                    "unit": "inches"
                },
                {
                    "section": "Dimensions",
                    "property": "Load",
                    "value": "38",
                    "unit": "lb"
                },
                {
                    "section": "Dimensions",
                    "property": "Work Height",
                    "value": "0.100",
                    "unit": "inches"
                },
                {
                    "section": "Dimensions",
                    "property": "Max. Free Height",
                    "value": "0.137",
                    "unit": "inches"
                },
                {
                    "section": "Dimensions",
                    "property": "Number of Waves",
                    "value": "3",
                    "unit": ""
                },
                {
                    "section": "Dimensions",
                    "property": "Ring Thickness",
                    "value": "0.050",
                    "unit": "inches"
                },
                {
                    "section": "Dimensions",
                    "property": "Nail Width",
                    "value": "0.128",
                    "unit": "inches"
                },
                {
                    "section": "Dimensions",
                    "property": "Longer",
                    "value": "N",
                    "unit": ""
                },
                {
                    "section": "Dimensions",
                    "property": "Groove Diameter",
                    "value": "1.059",
                    "unit": "inches"
                },
                {
                    "section": "Dimensions",
                    "property": "Width Max.",
                    "value": "0.142",
                    "unit": "inches"
                }
            ]
        },
        {
            "reference": "WSW-125",
            "brand": "Smalley",
            "description": [],
            "key_value_pairs": [
                {
                    "section": "Dimensions",
                    "property": "Shaft Diameter",
                    "value": "1.250",
                    "unit": "inches"
                },
                {
                    "section": "Dimensions",
                    "property": "Load",
                    "value": "40",
                    "unit": "lb"
                },
                {
                    "section": "Dimensions",
                    "property": "Work Height",
                    "value": "0.100",
                    "unit": "inches"
                },
                {
                    "section": "Dimensions",
                    "property": "Max. Free Height",
                    "value": "0.145",
                    "unit": "inches"
                },
                {
                    "section": "Dimensions",
                    "property": "Number of Waves",
                    "value": "3",
                    "unit": ""
                },
                {
                    "section": "Dimensions",
                    "property": "Ring Thickness",
                    "value": "0.050",
                    "unit": "inches"
                },
                {
                    "section": "Dimensions",
                    "property": "Nail Width",
                    "value": "0.128",
                    "unit": "inches"
                },
                {
                    "section": "Dimensions",
                    "property": "Longer",
                    "value": "N",
                    "unit": ""
                },
                {
                    "section": "Dimensions",
                    "property": "Groove Diameter",
                    "value": "1.176",
                    "unit": "inches"
                },
                {
                    "section": "Dimensions",
                    "property": "Width Max.",
                    "value": "0.150",
                    "unit": "inches"
                }
            ]
        },
        {
            "reference": "WSW-137",
            "brand": "Smalley",
            "description": [],
            "key_value_pairs": [
                {
                    "section": "Dimensions",
                    "property": "Shaft Diameter",
                    "value": "1.375",
                    "unit": "inches"
                },
                {
                    "section": "Dimensions",
                    "property": "Load",
                    "value": "45",
                    "unit": "lb"
                },
                {
                    "section": "Dimensions",
                    "property": "Work Height",
                    "value": "0.100",
                    "unit": "inches"
                },
                {
                    "section": "Dimensions",
                    "property": "Max. Free Height",
                    "value": "0.130",
                    "unit": "inches"
                },
                {
                    "section": "Dimensions",
                    "property": "Number of Waves",
                    "value": "4",
                    "unit": ""
                },
                {
                    "section": "Dimensions",
                    "property": "Ring Thickness",
                    "value": "0.050",
                    "unit": "inches"
                },
                {
                    "section": "Dimensions",
                    "property": "Nail Width",
                    "value": "0.128",
                    "unit": "inches"
                },
                {
                    "section": "Dimensions",
                    "property": "Longer",
                    "value": "N",
                    "unit": ""
                },
                {
                    "section": "Dimensions",
                    "property": "Groove Diameter",
                    "value": "1.291",
                    "unit": "inches"
                },
                {
                    "section": "Dimensions",
                    "property": "Width Max.",
                    "value": "0.135",
                    "unit": "inches"
                }
            ]
        },
        {
            "reference": "WSW-150",
            "brand": "Smalley",
            "description": [],
            "key_value_pairs": [
                {
                    "section": "Dimensions",
                    "property": "Shaft Diameter",
                    "value": "1.500",
                    "unit": "inches"
                },
                {
                    "section": "Dimensions",
                    "property": "Load",
                    "value": "50",
                    "unit": "lb"
                },
                {
                    "section": "Dimensions",
                    "property": "Work Height",
                    "value": "0.100",
                    "unit": "inches"
                },
                {
                    "section": "Dimensions",
                    "property": "Max. Free Height",
                    "value": "0.126",
                    "unit": "inches"
                },
                {
                    "section": "Dimensions",
                    "property": "Number of Waves",
                    "value": "4",
                    "unit": ""
                },
                {
                    "section": "Dimensions",
                    "property": "Ring Thickness",
                    "value": "0.050",
                    "unit": "inches"
                },
                {
                    "section": "Dimensions",
                    "property": "Nail Width",
                    "value": "0.128",
                    "unit": "inches"
                },
                {
                    "section": "Dimensions",
                    "property": "Longer",
                    "value": "N",
                    "unit": ""
                },
                {
                    "section": "Dimensions",
                    "property": "Groove Diameter",
                    "value": "1.406",
                    "unit": "inches"
                },
                {
                    "section": "Dimensions",
                    "property": "Width Max.",
                    "value": "0.131",
                    "unit": "inches"
                }
            ]
        },
        {
            "reference": "WSW-162",
            "brand": "Smalley",
            "description": [],
            "key_value_pairs": [
                {
                    "section": "Dimensions",
                    "property": "Shaft Diameter",
                    "value": "1.625",
                    "unit": "inches"
                },
                {
                    "section": "Dimensions",
                    "property": "Load",
                    "value": "55",
                    "unit": "lb"
                },
                {
                    "section": "Dimensions",
                    "property": "Work Height",
                    "value": "0.110",
                    "unit": "inches"
                },
                {
                    "section": "Dimensions",
                    "property": "Max. Free Height",
                    "value": "0.138",
                    "unit": "inches"
                },
                {
                    "section": "Dimensions",
                    "property": "Number of Waves",
                    "value": "4",
                    "unit": ""
                },
                {
                    "section": "Dimensions",
                    "property": "Ring Thickness",
                    "value": "0.062",
                    "unit": "inches"
                },
                {
                    "section": "Dimensions",
                    "property": "Nail Width",
                    "value": "0.158",
                    "unit": "inches"
                },
                {
                    "section": "Dimensions",
                    "property": "Longer",
                    "value": "N",
                    "unit": ""
                },
                {
                    "section": "Dimensions",
                    "property": "Groove Diameter",
                    "value": "1.529",
                    "unit": "inches"
                },
                {
                    "section": "Dimensions",
                    "property": "Width Max.",
                    "value": "0.143",
                    "unit": "inches"
                }
            ]
        },
        {
            "reference": "WSW-175",
            "brand": "Smalley",
            "description": [],
            "key_value_pairs": [
                {
                    "section": "Dimensions",
                    "property": "Shaft Diameter",
                    "value": "1.750",
                    "unit": "inches"
                },
                {
                    "section": "Dimensions",
                    "property": "Load",
                    "value": "60",
                    "unit": "lb"
                },
                {
                    "section": "Dimensions",
                    "property": "Work Height",
                    "value": "0.110",
                    "unit": "inches"
                },
                {
                    "section": "Dimensions",
                    "property": "Max. Free Height",
                    "value": "0.137",
                    "unit": "inches"
                },
                {
                    "section": "Dimensions",
                    "property": "Number of Waves",
                    "value": "4",
                    "unit": ""
                },
                {
                    "section": "Dimensions",
                    "property": "Ring Thickness",
                    "value": "0.062",
                    "unit": "inches"
                },
                {
                    "section": "Dimensions",
                    "property": "Nail Width",
                    "value": "0.158",
                    "unit": "inches"
                },
                {
                    "section": "Dimensions",
                    "property": "Longer",
                    "value": "N",
                    "unit": ""
                },
                {
                    "section": "Dimensions",
                    "property": "Groove Diameter",
                    "value": "1.650",
                    "unit": "inches"
                },
                {
                    "section": "Dimensions",
                    "property": "Width Max.",
                    "value": "0.142",
                    "unit": "inches"
                }
            ]
        },
        {
            "reference": "WSW-187",
            "brand": "Smalley",
            "description": [],
            "key_value_pairs": [
                {
                    "section": "Dimensions",
                    "property": "Shaft Diameter",
                    "value": "1.875",
                    "unit": "inches"
                },
                {
                    "section": "Dimensions",
                    "property": "Load",
                    "value": "63",
                    "unit": "lb"
                },
                {
                    "section": "Dimensions",
                    "property": "Work Height",
                    "value": "0.110",
                    "unit": "inches"
                },
                {
                    "section": "Dimensions",
                    "property": "Max. Free Height",
                    "value": "0.140",
                    "unit": "inches"
                },
                {
                    "section": "Dimensions",
                    "property": "Number of Waves",
                    "value": "4",
                    "unit": ""
                },
                {
                    "section": "Dimensions",
                    "property": "Ring Thickness",
                    "value": "0.062",
                    "unit": "inches"
                },
                {
                    "section": "Dimensions",
                    "property": "Nail Width",
                    "value": "0.158",
                    "unit": "inches"
                },
                {
                    "section": "Dimensions",
                    "property": "Longer",
                    "value": "N",
                    "unit": ""
                },
                {
                    "section": "Dimensions",
                    "property": "Groove Diameter",
                    "value": "1.769",
                    "unit": "inches"
                },
                {
                    "section": "Dimensions",
                    "property": "Width Max.",
                    "value": "0.145",
                    "unit": "inches"
                }
            ]
        },
        {
            "reference": "WSW-200",
            "brand": "Smalley",
            "description": [],
            "key_value_pairs": [
                {
                    "section": "Dimensions",
                    "property": "Shaft Diameter",
                    "value": "2.000",
                    "unit": "inches"
                },
                {
                    "section": "Dimensions",
                    "property": "Load",
                    "value": "65",
                    "unit": "lb"
                },
                {
                    "section": "Dimensions",
                    "property": "Work Height",
                    "value": "0.110",
                    "unit": "inches"
                },
                {
                    "section": "Dimensions",
                    "property": "Max. Free Height",
                    "value": "0.145",
                    "unit": "inches"
                },
                {
                    "section": "Dimensions",
                    "property": "Number of Waves",
                    "value": "4",
                    "unit": ""
                },
                {
                    "section": "Dimensions",
                    "property": "Ring Thickness",
                    "value": "0.062",
                    "unit": "inches"
                },
                {
                    "section": "Dimensions",
                    "property": "Nail Width",
                    "value": "0.158",
                    "unit": "inches"
                },
                {
                    "section": "Dimensions",
                    "property": "Longer",
                    "value": "N",
                    "unit": ""
                },
                {
                    "section": "Dimensions",
                    "property": "Groove Diameter",
                    "value": "1.886",
                    "unit": "inches"
                },
                {
                    "section": "Dimensions",
                    "property": "Width Max.",
                    "value": "0.150",
                    "unit": "inches"
                }
            ]
        },
        {
            "reference": "WSW-212",
            "brand": "Smalley",
            "description": [],
            "key_value_pairs": [
                {
                    "section": "Dimensions",
                    "property": "Shaft Diameter",
                    "value": "2.125",
                    "unit": "inches"
                },
                {
                    "section": "Dimensions",
                    "property": "Load",
                    "value": "70",
                    "unit": "lb"
                },
                {
                    "section": "Dimensions",
                    "property": "Work Height",
                    "value": "0.130",
                    "unit": "inches"
                },
                {
                    "section": "Dimensions",
                    "property": "Max. Free Height",
                    "value": "0.170",
                    "unit": "inches"
                },
                {
                    "section": "Dimensions",
                    "property": "Number of Waves",
                    "value": "4",
                    "unit": ""
                },
                {
                    "section": "Dimensions",
                    "property": "Ring Thickness",
                    "value": "0.078",
                    "unit": "inches"
                },
                {
                    "section": "Dimensions",
                    "property": "Nail Width",
                    "value": "0.188",
                    "unit": "inches"
                },
                {
                    "section": "Dimensions",
                    "property": "Longer",
                    "value": "N",
                    "unit": ""
                },
                {
                    "section": "Dimensions",
                    "property": "Groove Diameter",
                    "value": "2.003",
                    "unit": "inches"
                },
                {
                    "section": "Dimensions",
                    "property": "Width Max.",
                    "value": "0.175",
                    "unit": "inches"
                }
            ]
        },
        {
            "reference": "WSW-225",
            "brand": "Smalley",
            "description": [],
            "key_value_pairs": [
                {
                    "section": "Dimensions",
                    "property": "Shaft Diameter",
                    "value": "2.250",
                    "unit": "inches"
                },
                {
                    "section": "Dimensions",
                    "property": "Load",
                    "value": "75",
                    "unit": "lb"
                },
                {
                    "section": "Dimensions",
                    "property": "Work Height",
                    "value": "0.130",
                    "unit": "inches"
                },
                {
                    "section": "Dimensions",
                    "property": "Max. Free Height",
                    "value": "0.175",
                    "unit": "inches"
                },
                {
                    "section": "Dimensions",
                    "property": "Number of Waves",
                    "value": "4",
                    "unit": ""
                },
                {
                    "section": "Dimensions",
                    "property": "Ring Thickness",
                    "value": "0.078",
                    "unit": "inches"
                },
                {
                    "section": "Dimensions",
                    "property": "Nail Width",
                    "value": "0.188",
                    "unit": "inches"
                },
                {
                    "section": "Dimensions",
                    "property": "Longer",
                    "value": "N",
                    "unit": ""
                },
                {
                    "section": "Dimensions",
                    "property": "Groove Diameter",
                    "value": "2.120",
                    "unit": "inches"
                },
                {
                    "section": "Dimensions",
                    "property": "Width Max.",
                    "value": "0.180",
                    "unit": "inches"
                }
            ]
        },
        {
            "reference": "WSW-237",
            "brand": "Smalley",
            "description": [],
            "key_value_pairs": [
                {
                    "section": "Dimensions",
                    "property": "Shaft Diameter",
                    "value": "2.375",
                    "unit": "inches"
                },
                {
                    "section": "Dimensions",
                    "property": "Load",
                    "value": "80",
                    "unit": "lb"
                },
                {
                    "section": "Dimensions",
                    "property": "Work Height",
                    "value": "0.130",
                    "unit": "inches"
                },
                {
                    "section": "Dimensions",
                    "property": "Max. Free Height",
                    "value": "0.175",
                    "unit": "inches"
                },
                {
                    "section": "Dimensions",
                    "property": "Number of Waves",
                    "value": "4",
                    "unit": ""
                },
                {
                    "section": "Dimensions",
                    "property": "Ring Thickness",
                    "value": "0.078",
                    "unit": "inches"
                },
                {
                    "section": "Dimensions",
                    "property": "Nail Width",
                    "value": "0.188",
                    "unit": "inches"
                },
                {
                    "section": "Dimensions",
                    "property": "Longer",
                    "value": "N",
                    "unit": ""
                },
                {
                    "section": "Dimensions",
                    "property": "Groove Diameter",
                    "value": "2.239",
                    "unit": "inches"
                },
                {
                    "section": "Dimensions",
                    "property": "Width Max.",
                    "value": "0.180",
                    "unit": "inches"
                }
            ]
        },
        {
            "reference": "WSW-250",
            "brand": "Smalley",
            "description": [],
            "key_value_pairs": [
                {
                    "section": "Dimensions",
                    "property": "Shaft Diameter",
                    "value": "2.500",
                    "unit": "inches"
                },
                {
                    "section": "Dimensions",
                    "property": "Load",
                    "value": "84",
                    "unit": "lb"
                },
                {
                    "section": "Dimensions",
                    "property": "Work Height",
                    "value": "0.130",
                    "unit": "inches"
                },
                {
                    "section": "Dimensions",
                    "property": "Max. Free Height",
                    "value": "0.171",
                    "unit": "inches"
                },
                {
                    "section": "Dimensions",
                    "property": "Number of Waves",
                    "value": "4",
                    "unit": ""
                },
                {
                    "section": "Dimensions",
                    "property": "Ring Thickness",
                    "value": "0.078",
                    "unit": "inches"
                },
                {
                    "section": "Dimensions",
                    "property": "Nail Width",
                    "value": "0.188",
                    "unit": "inches"
                },
                {
                    "section": "Dimensions",
                    "property": "Longer",
                    "value": "N",
                    "unit": ""
                },
                {
                    "section": "Dimensions",
                    "property": "Groove Diameter",
                    "value": "2.360",
                    "unit": "inches"
                },
                {
                    "section": "Dimensions",
                    "property": "Width Max.",
                    "value": "0.176",
                    "unit": "inches"
                }
            ]
        },
        {
            "reference": "WSW-262",
            "brand": "Smalley",
            "description": [],
            "key_value_pairs": [
                {
                    "section": "Dimensions",
                    "property": "Shaft Diameter",
                    "value": "2.625",
                    "unit": "inches"
                },
                {
                    "section": "Dimensions",
                    "property": "Load",
                    "value": "88",
                    "unit": "lb"
                },
                {
                    "section": "Dimensions",
                    "property": "Work Height",
                    "value": "0.130",
                    "unit": "inches"
                },
                {
                    "section": "Dimensions",
                    "property": "Max. Free Height",
                    "value": "0.181",
                    "unit": "inches"
                },
                {
                    "section": "Dimensions",
                    "property": "Number of Waves",
                    "value": "4",
                    "unit": ""
                },
                {
                    "section": "Dimensions",
                    "property": "Ring Thickness",
                    "value": "0.078",
                    "unit": "inches"
                },
                {
                    "section": "Dimensions",
                    "property": "Nail Width",
                    "value": "0.188",
                    "unit": "inches"
                },
                {
                    "section": "Dimensions",
                    "property": "Longer",
                    "value": "N",
                    "unit": ""
                },
                {
                    "section": "Dimensions",
                    "property": "Groove Diameter",
                    "value": "2.481",
                    "unit": "inches"
                },
                {
                    "section": "Dimensions",
                    "property": "Width Max.",
                    "value": "0.190",
                    "unit": "inches"
                }
            ]
        },
        {
            "reference": "WSW-275",
            "brand": "Smalley",
            "description": [],
            "key_value_pairs": [
                {
                    "section": "Dimensions",
                    "property": "Shaft Diameter",
                    "value": "2.750",
                    "unit": "inches"
                },
                {
                    "section": "Dimensions",
                    "property": "Load",
                    "value": "94",
                    "unit": "lb"
                },
                {
                    "section": "Dimensions",
                    "property": "Work Height",
                    "value": "0.170",
                    "unit": "inches"
                },
                {
                    "section": "Dimensions",
                    "property": "Max. Free Height",
                    "value": "0.217",
                    "unit": "inches"
                },
                {
                    "section": "Dimensions",
                    "property": "Number of Waves",
                    "value": "4",
                    "unit": ""
                },
                {
                    "section": "Dimensions",
                    "property": "Ring Thickness",
                    "value": "0.093",
                    "unit": "inches"
                },
                {
                    "section": "Dimensions",
                    "property": "Nail Width",
                    "value": "0.225",
                    "unit": "inches"
                },
                {
                    "section": "Dimensions",
                    "property": "Longer",
                    "value": "Y",
                    "unit": ""
                },
                {
                    "section": "Dimensions",
                    "property": "Groove Diameter",
                    "value": "2.602",
                    "unit": "inches"
                },
                {
                    "section": "Dimensions",
                    "property": "Width Max.",
                    "value": "0.222",
                    "unit": "inches"
                }
            ]
        },
        {
            "reference": "WSW-287",
            "brand": "Smalley",
            "description": [],
            "key_value_pairs": [
                {
                    "section": "Dimensions",
                    "property": "Shaft Diameter",
                    "value": "2.875",
                    "unit": "inches"
                },
                {
                    "section": "Dimensions",
                    "property": "Load",
                    "value": "97",
                    "unit": "lb"
                },
                {
                    "section": "Dimensions",
                    "property": "Work Height",
                    "value": "0.170",
                    "unit": "inches"
                },
                {
                    "section": "Dimensions",
                    "property": "Max. Free Height",
                    "value": "0.217",
                    "unit": "inches"
                },
                {
                    "section": "Dimensions",
                    "property": "Number of Waves",
                    "value": "4",
                    "unit": ""
                },
                {
                    "section": "Dimensions",
                    "property": "Ring Thickness",
                    "value": "0.093",
                    "unit": "inches"
                },
                {
                    "section": "Dimensions",
                    "property": "Nail Width",
                    "value": "0.225",
                    "unit": "inches"
                },
                {
                    "section": "Dimensions",
                    "property": "Longer",
                    "value": "Y",
                    "unit": ""
                },
                {
                    "section": "Dimensions",
                    "property": "Groove Diameter",
                    "value": "2.721",
                    "unit": "inches"
                },
                {
                    "section": "Dimensions",
                    "property": "Width Max.",
                    "value": "0.222",
                    "unit": "inches"
                }
            ]
        },
        {
            "reference": "WSW-300",
            "brand": "Smalley",
            "description": [],
            "key_value_pairs": [
                {
                    "section": "Dimensions",
                    "property": "Shaft Diameter",
                    "value": "3.000",
                    "unit": "inches"
                },
                {
                    "section": "Dimensions",
                    "property": "Load",
                    "value": "100",
                    "unit": "lb"
                },
                {
                    "section": "Dimensions",
                    "property": "Work Height",
                    "value": "0.170",
                    "unit": "inches"
                },
                {
                    "section": "Dimensions",
                    "property": "Max. Free Height",
                    "value": "0.225",
                    "unit": "inches"
                },
                {
                    "section": "Dimensions",
                    "property": "Number of Waves",
                    "value": "4",
                    "unit": ""
                },
                {
                    "section": "Dimensions",
                    "property": "Ring Thickness",
                    "value": "0.093",
                    "unit": "inches"
                },
                {
                    "section": "Dimensions",
                    "property": "Nail Width",
                    "value": "0.225",
                    "unit": "inches"
                },
                {
                    "section": "Dimensions",
                    "property": "Longer",
                    "value": "Y",
                    "unit": ""
                },
                {
                    "section": "Dimensions",
                    "property": "Groove Diameter",
                    "value": "2.838",
                    "unit": "inches"
                },
                {
                    "section": "Dimensions",
                    "property": "Width Max.",
                    "value": "0.230",
                    "unit": "inches"
                }
            ]
        },
        {
            "reference": "WSW-312",
            "brand": "Smalley",
            "description": [],
            "key_value_pairs": [
                {
                    "section": "Dimensions",
                    "property": "Shaft Diameter",
                    "value": "3.125",
                    "unit": "inches"
                },
                {
                    "section": "Dimensions",
                    "property": "Load",
                    "value": "103",
                    "unit": "lb"
                },
                {
                    "section": "Dimensions",
                    "property": "Work Height",
                    "value": "0.170",
                    "unit": "inches"
                },
                {
                    "section": "Dimensions",
                    "property": "Max. Free Height",
                    "value": "0.230",
                    "unit": "inches"
                },
                {
                    "section": "Dimensions",
                    "property": "Number of Waves",
                    "value": "4",
                    "unit": ""
                },
                {
                    "section": "Dimensions",
                    "property": "Ring Thickness",
                    "value": "0.093",
                    "unit": "inches"
                },
                {
                    "section": "Dimensions",
                    "property": "Nail Width",
                    "value": "0.225",
                    "unit": "inches"
                },
                {
                    "section": "Dimensions",
                    "property": "Longer",
                    "value": "Y",
                    "unit": ""
                },
                {
                    "section": "Dimensions",
                    "property": "Groove Diameter",
                    "value": "2.957",
                    "unit": "inches"
                },
                {
                    "section": "Dimensions",
                    "property": "Width Max.",
                    "value": "0.235",
                    "unit": "inches"
                }
            ]
        },
        {
            "reference": "WSW-325",
            "brand": "Smalley",
            "description": [],
            "key_value_pairs": [
                {
                    "section": "Dimensions",
                    "property": "Shaft Diameter",
                    "value": "3.250",
                    "unit": "inches"
                },
                {
                    "section": "Dimensions",
                    "property": "Load",
                    "value": "106",
                    "unit": "lb"
                },
                {
                    "section": "Dimensions",
                    "property": "Work Height",
                    "value": "0.170",
                    "unit": "inches"
                },
                {
                    "section": "Dimensions",
                    "property": "Max. Free Height",
                    "value": "0.225",
                    "unit": "inches"
                },
                {
                    "section": "Dimensions",
                    "property": "Number of Waves",
                    "value": "4",
                    "unit": ""
                },
                {
                    "section": "Dimensions",
                    "property": "Ring Thickness",
                    "value": "0.093",
                    "unit": "inches"
                },
                {
                    "section": "Dimensions",
                    "property": "Nail Width",
                    "value": "0.225",
                    "unit": "inches"
                },
                {
                    "section": "Dimensions",
                    "property": "Longer",
                    "value": "Y",
                    "unit": ""
                },
                {
                    "section": "Dimensions",
                    "property": "Groove Diameter",
                    "value": "3.076",
                    "unit": "inches"
                },
                {
                    "section": "Dimensions",
                    "property": "Width Max.",
                    "value": "0.230",
                    "unit": "inches"
                }
            ]
        },
        {
            "reference": "WSW-350",
            "brand": "Smalley",
            "description": [],
            "key_value_pairs": [
                {
                    "section": "Dimensions",
                    "property": "Shaft Diameter",
                    "value": "3.500",
                    "unit": "inches"
                },
                {
                    "section": "Dimensions",
                    "property": "Load",
                    "value": "115",
                    "unit": "lb"
                },
                {
                    "section": "Dimensions",
                    "property": "Work Height",
                    "value": "0.185",
                    "unit": "inches"
                },
                {
                    "section": "Dimensions",
                    "property": "Max. Free Height",
                    "value": "0.245",
                    "unit": "inches"
                },
                {
                    "section": "Dimensions",
                    "property": "Number of Waves",
                    "value": "4",
                    "unit": ""
                },
                {
                    "section": "Dimensions",
                    "property": "Ring Thickness",
                    "value": "0.111",
                    "unit": "inches"
                },
                {
                    "section": "Dimensions",
                    "property": "Nail Width",
                    "value": "0.281",
                    "unit": "inches"
                },
                {
                    "section": "Dimensions",
                    "property": "Longer",
                    "value": "Y",
                    "unit": ""
                },
                {
                    "section": "Dimensions",
                    "property": "Groove Diameter",
                    "value": "3.316",
                    "unit": "inches"
                },
                {
                    "section": "Dimensions",
                    "property": "Width Max.",
                    "value": "0.250",
                    "unit": "inches"
                }
            ]
        },
        {
            "reference": "WSW-362",
            "brand": "Smalley",
            "description": [],
            "key_value_pairs": [
                {
                    "section": "Dimensions",
                    "property": "Shaft Diameter",
                    "value": "3.625",
                    "unit": "inches"
                },
                {
                    "section": "Dimensions",
                    "property": "Load",
                    "value": "117",
                    "unit": "lb"
                },
                {
                    "section": "Dimensions",
                    "property": "Work Height",
                    "value": "0.185",
                    "unit": "inches"
                },
                {
                    "section": "Dimensions",
                    "property": "Max. Free Height",
                    "value": "0.250",
                    "unit": "inches"
                },
                {
                    "section": "Dimensions",
                    "property": "Number of Waves",
                    "value": "4",
                    "unit": ""
                },
                {
                    "section": "Dimensions",
                    "property": "Ring Thickness",
                    "value": "0.111",
                    "unit": "inches"
                },
                {
                    "section": "Dimensions",
                    "property": "Nail Width",
                    "value": "0.281",
                    "unit": "inches"
                },
                {
                    "section": "Dimensions",
                    "property": "Longer",
                    "value": "Y",
                    "unit": ""
                },
                {
                    "section": "Dimensions",
                    "property": "Groove Diameter",
                    "value": "3.435",
                    "unit": "inches"
                },
                {
                    "section": "Dimensions",
                    "property": "Width Max.",
                    "value": "0.255",
                    "unit": "inches"
                }
            ]
        },
        {
            "reference": "WSW-375",
            "brand": "Smalley",
            "description": [],
            "key_value_pairs": [
                {
                    "section": "Dimensions",
                    "property": "Shaft Diameter",
                    "value": "3.750",
                    "unit": "inches"
                },
                {
                    "section": "Dimensions",
                    "property": "Load",
                    "value": "121",
                    "unit": "lb"
                },
                {
                    "section": "Dimensions",
                    "property": "Work Height",
                    "value": "0.185",
                    "unit": "inches"
                },
                {
                    "section": "Dimensions",
                    "property": "Max. Free Height",
                    "value": "0.258",
                    "unit": "inches"
                },
                {
                    "section": "Dimensions",
                    "property": "Number of Waves",
                    "value": "4",
                    "unit": ""
                },
                {
                    "section": "Dimensions",
                    "property": "Ring Thickness",
                    "value": "0.111",
                    "unit": "inches"
                },
                {
                    "section": "Dimensions",
                    "property": "Nail Width",
                    "value": "0.281",
                    "unit": "inches"
                },
                {
                    "section": "Dimensions",
                    "property": "Longer",
                    "value": "Y",
                    "unit": ""
                },
                {
                    "section": "Dimensions",
                    "property": "Groove Diameter",
                    "value": "3.552",
                    "unit": "inches"
                },
                {
                    "section": "Dimensions",
                    "property": "Width Max.",
                    "value": "0.263",
                    "unit": "inches"
                }
            ]
        },
        {
            "reference": "WSW-387",
            "brand": "Smalley",
            "description": [],
            "key_value_pairs": [
                {
                    "section": "Dimensions",
                    "property": "Shaft Diameter",
                    "value": "3.875",
                    "unit": "inches"
                },
                {
                    "section": "Dimensions",
                    "property": "Load",
                    "value": "126",
                    "unit": "lb"
                },
                {
                    "section": "Dimensions",
                    "property": "Work Height",
                    "value": "0.185",
                    "unit": "inches"
                },
                {
                    "section": "Dimensions",
                    "property": "Max. Free Height",
                    "value": "0.255",
                    "unit": "inches"
                },
                {
                    "section": "Dimensions",
                    "property": "Number of Waves",
                    "value": "4",
                    "unit": ""
                },
                {
                    "section": "Dimensions",
                    "property": "Ring Thickness",
                    "value": "0.111",
                    "unit": "inches"
                },
                {
                    "section": "Dimensions",
                    "property": "Nail Width",
                    "value": "0.281",
                    "unit": "inches"
                },
                {
                    "section": "Dimensions",
                    "property": "Longer",
                    "value": "Y",
                    "unit": ""
                },
                {
                    "section": "Dimensions",
                    "property": "Groove Diameter",
                    "value": "3.673",
                    "unit": "inches"
                },
                {
                    "section": "Dimensions",
                    "property": "Width Max.",
                    "value": "0.260",
                    "unit": "inches"
                }
            ]
        },
        {
            "reference": "WSW-400",
            "brand": "Smalley",
            "description": [],
            "key_value_pairs": [
                {
                    "section": "Dimensions",
                    "property": "Shaft Diameter",
                    "value": "4.000",
                    "unit": "inches"
                },
                {
                    "section": "Dimensions",
                    "property": "Load",
                    "value": "130",
                    "unit": "lb"
                },
                {
                    "section": "Dimensions",
                    "property": "Work Height",
                    "value": "0.185",
                    "unit": "inches"
                },
                {
                    "section": "Dimensions",
                    "property": "Max. Free Height",
                    "value": "0.268",
                    "unit": "inches"
                },
                {
                    "section": "Dimensions",
                    "property": "Number of Waves",
                    "value": "4",
                    "unit": ""
                },
                {
                    "section": "Dimensions",
                    "property": "Ring Thickness",
                    "value": "0.111",
                    "unit": "inches"
                },
                {
                    "section": "Dimensions",
                    "property": "Nail Width",
                    "value": "0.281",
                    "unit": "inches"
                },
                {
                    "section": "Dimensions",
                    "property": "Longer",
                    "value": "Y",
                    "unit": ""
                },
                {
                    "section": "Dimensions",
                    "property": "Groove Diameter",
                    "value": "3.792",
                    "unit": "inches"
                },
                {
                    "section": "Dimensions",
                    "property": "Width Max.",
                    "value": "0.273",
                    "unit": "inches"
                }
            ]
        },
        {
            "reference": "WSW-412",
            "brand": "Smalley",
            "description": [],
            "key_value_pairs": [
                {
                    "section": "Dimensions",
                    "property": "Shaft Diameter",
                    "value": "4.125",
                    "unit": "inches"
                },
                {
                    "section": "Dimensions",
                    "property": "Load",
                    "value": "134",
                    "unit": "lb"
                },
                {
                    "section": "Dimensions",
                    "property": "Work Height",
                    "value": "0.185",
                    "unit": "inches"
                },
                {
                    "section": "Dimensions",
                    "property": "Max. Free Height",
                    "value": "0.263",
                    "unit": "inches"
                },
                {
                    "section": "Dimensions",
                    "property": "Number of Waves",
                    "value": "4",
                    "unit": ""
                },
                {
                    "section": "Dimensions",
                    "property": "Ring Thickness",
                    "value": "0.111",
                    "unit": "inches"
                },
                {
                    "section": "Dimensions",
                    "property": "Nail Width",
                    "value": "0.281",
                    "unit": "inches"
                },
                {
                    "section": "Dimensions",
                    "property": "Longer",
                    "value": "Y",
                    "unit": ""
                },
                {
                    "section": "Dimensions",
                    "property": "Groove Diameter",
                    "value": "3.919",
                    "unit": "inches"
                },
                {
                    "section": "Dimensions",
                    "property": "Width Max.",
                    "value": "0.268",
                    "unit": "inches"
                }
            ]
        },
        {
            "reference": "WSW-425",
            "brand": "Smalley",
            "description": [],
            "key_value_pairs": [
                {
                    "section": "Dimensions",
                    "property": "Shaft Diameter",
                    "value": "4.250",
                    "unit": "inches"
                },
                {
                    "section": "Dimensions",
                    "property": "Load",
                    "value": "140",
                    "unit": "lb"
                },
                {
                    "section": "Dimensions",
                    "property": "Work Height",
                    "value": "0.185",
                    "unit": "inches"
                },
                {
                    "section": "Dimensions",
                    "property": "Max. Free Height",
                    "value": "0.248",
                    "unit": "inches"
                },
                {
                    "section": "Dimensions",
                    "property": "Number of Waves",
                    "value": "5",
                    "unit": ""
                },
                {
                    "section": "Dimensions",
                    "property": "Ring Thickness",
                    "value": "0.111",
                    "unit": "inches"
                },
                {
                    "section": "Dimensions",
                    "property": "Nail Width",
                    "value": "0.281",
                    "unit": "inches"
                },
                {
                    "section": "Dimensions",
                    "property": "Longer",
                    "value": "Y",
                    "unit": ""
                },
                {
                    "section": "Dimensions",
                    "property": "Groove Diameter",
                    "value": "4.065",
                    "unit": "inches"
                },
                {
                    "section": "Dimensions",
                    "property": "Width Max.",
                    "value": "0.253",
                    "unit": "inches"
                }
            ]
        },
        {
            "reference": "WSW-450",
            "brand": "Smalley",
            "description": [],
            "key_value_pairs": [
                {
                    "section": "Dimensions",
                    "property": "Shaft Diameter",
                    "value": "4.500",
                    "unit": "inches"
                },
                {
                    "section": "Dimensions",
                    "property": "Load",
                    "value": "150",
                    "unit": "lb"
                },
                {
                    "section": "Dimensions",
                    "property": "Work Height",
                    "value": "0.185",
                    "unit": "inches"
                },
                {
                    "section": "Dimensions",
                    "property": "Max. Free Height",
                    "value": "0.256",
                    "unit": "inches"
                },
                {
                    "section": "Dimensions",
                    "property": "Number of Waves",
                    "value": "5",
                    "unit": ""
                },
                {
                    "section": "Dimensions",
                    "property": "Ring Thickness",
                    "value": "0.111",
                    "unit": "inches"
                },
                {
                    "section": "Dimensions",
                    "property": "Nail Width",
                    "value": "0.281",
                    "unit": "inches"
                },
                {
                    "section": "Dimensions",
                    "property": "Longer",
                    "value": "Y",
                    "unit": ""
                },
                {
                    "section": "Dimensions",
                    "property": "Groove Diameter",
                    "value": "4.310",
                    "unit": "inches"
                },
                {
                    "section": "Dimensions",
                    "property": "Width Max.",
                    "value": "0.261",
                    "unit": "inches"
                }
            ]
        },
        {
            "reference": "WSW-475",
            "brand": "Smalley",
            "description": [],
            "key_value_pairs": [
                {
                    "section": "Dimensions",
                    "property": "Shaft Diameter",
                    "value": "4.750",
                    "unit": "inches"
                },
                {
                    "section": "Dimensions",
                    "property": "Load",
                    "value": "160",
                    "unit": "lb"
                },
                {
                    "section": "Dimensions",
                    "property": "Work Height",
                    "value": "0.185",
                    "unit": "inches"
                },
                {
                    "section": "Dimensions",
                    "property": "Max. Free Height",
                    "value": "0.253",
                    "unit": "inches"
                },
                {
                    "section": "Dimensions",
                    "property": "Number of Waves",
                    "value": "5",
                    "unit": ""
                },
                {
                    "section": "Dimensions",
                    "property": "Ring Thickness",
                    "value": "0.111",
                    "unit": "inches"
                },
                {
                    "section": "Dimensions",
                    "property": "Nail Width",
                    "value": "0.281",
                    "unit": "inches"
                },
                {
                    "section": "Dimensions",
                    "property": "Longer",
                    "value": "Y",
                    "unit": ""
                },
                {
                    "section": "Dimensions",
                    "property": "Groove Diameter",
                    "value": "4.550",
                    "unit": "inches"
                },
                {
                    "section": "Dimensions",
                    "property": "Width Max.",
                    "value": "0.258",
                    "unit": "inches"
                }
            ]
        },
        {
            "reference": "WSW-500",
            "brand": "Smalley",
            "description": [],
            "key_value_pairs": [
                {
                    "section": "Dimensions",
                    "property": "Shaft Diameter",
                    "value": "5.000",
                    "unit": "inches"
                },
                {
                    "section": "Dimensions",
                    "property": "Load",
                    "value": "170",
                    "unit": "lb"
                },
                {
                    "section": "Dimensions",
                    "property": "Work Height",
                    "value": "0.185",
                    "unit": "inches"
                },
                {
                    "section": "Dimensions",
                    "property": "Max. Free Height",
                    "value": "0.259",
                    "unit": "inches"
                },
                {
                    "section": "Dimensions",
                    "property": "Number of Waves",
                    "value": "5",
                    "unit": ""
                },
                {
                    "section": "Dimensions",
                    "property": "Ring Thickness",
                    "value": "0.111",
                    "unit": "inches"
                },
                {
                    "section": "Dimensions",
                    "property": "Nail Width",
                    "value": "0.281",
                    "unit": "inches"
                },
                {
                    "section": "Dimensions",
                    "property": "Longer",
                    "value": "Y",
                    "unit": ""
                },
                {
                    "section": "Dimensions",
                    "property": "Groove Diameter",
                    "value": "4.790",
                    "unit": "inches"
                },
                {
                    "section": "Dimensions",
                    "property": "Width Max.",
                    "value": "0.264",
                    "unit": "inches"
                }
            ]
        }
    ]
}