{
    "brand": "",
    "parts": [
        {
            "reference": "152866",
            "description": [
                {
                    "section": "",
                    "text": "3/2-way roller lever valve, normally closed"
                },
                {
                    "section": "Design",
                    "text": "The 3/2-way roller lever valve with push-in elbow fittings is screwed onto a polymer base the unit is mounted the with blue on profile plate via a rotary detent system triple grip nut (mounting alternative \"B\")."
                },
                {
                    "section": "Function",
                    "text": "The valve is actuated by pressing the roller lever e.g. by means of cylinder trip cam. The valve is returned to the normal position via return: spring after release of the roller lever."
                },
                {
                    "section": "Modification",
                    "text": "This valve can be changed from \"normally closed\" (RS valve type) to \"normally open\" (ROS valve type)."
                },
                {
                    "section": "Normally closed (RS valve type)",
                    "text": "Actuator attachment at the left (number 1 the on actuator attachment above number 1 on housing)"
                },
                {
                    "section": "Normally open (ROS valve type)",
                    "text": "Actuator attachment at the right (number 2 on the actuator attachment above number 2 on housing)"
                }
            ],
            "key_value_pairs": [
                {
                    "section": "Technical data",
                    "property": "Medium",
                    "value": "Compressed air, filtered (lubricated or unlubricated)",
                    "unit": ""
                },
                {
                    "section": "Technical data",
                    "property": "Design",
                    "value": "Poppet valve, directly actuated on one side, with return spring",
                    "unit": ""
                },
                {
                    "section": "Technical data",
                    "property": "Pressure range",
                    "value": "350- 800 kPa (3.5 -8bar)",
                    "unit": ""
                },
                {
                    "section": "Technical data",
                    "property": "Standard nominal flow rate 1...2",
                    "value": "1201/min",
                    "unit": ""
                },
                {
                    "section": "Technical data",
                    "property": "Actuating force at 600 kPa (6 bar)",
                    "value": "1,8 N",
                    "unit": ""
                },
                {
                    "section": "Technical data",
                    "property": "Connection",
                    "value": "QSML-1/8-4 fittings for plastic tubing PUN 4x0.75",
                    "unit": ""
                }
            ]
        }
    ]
}