{
    "brand": "ABB",
    "parts": [
        {
            "reference": "ESB2504N06",
            "description": [
                {
                    "section": "Product No:",
                    "text": "ABB ESB25-04N-06 INSTALLATION CONT ACTOR (NC) 25 A - 0 NO - 4 NC - 230 ... 240 V - CONTROL CIRCUIT 400 HZ ESB2504N06"
                },
                {
                    "section": "FEATURES",
                    "text": "Operates seamlessy with both AC and DC power sources"
                },
                {
                    "section": "FEATURES",
                    "text": "Quiet and efficient operation"
                },
                {
                    "section": "FEATURES",
                    "text": "Integrated overvoltage protection"
                },
                {
                    "section": "FEATURES",
                    "text": "Customisable configuration"
                }
            ],
            "key_value_pairs": [
                {
                    "section": "General Information",
                    "property": "Brand",
                    "value": "ABB",
                    "unit": ""
                },
                {
                    "section": "General Information",
                    "property": "Product Type",
                    "value": "DIN Contactor",
                    "unit": ""
                },
                {
                    "section": "General Information",
                    "property": "Series",
                    "value": "ESB",
                    "unit": ""
                },
                {
                    "section": "Technical Attributes",
                    "property": "Rated Control Circuit Voltage AC/DC",
                    "value": "230 - 240",
                    "unit": "V"
                },
                {
                    "section": "Technical Attributes",
                    "property": "Excitation Voltage Type",
                    "value": "AC/DC",
                    "unit": ""
                },
                {
                    "section": "Technical Attributes",
                    "property": "Hum-free",
                    "value": "Yes",
                    "unit": ""
                },
                {
                    "section": "Technical Attributes",
                    "property": "No. of Normally-closed Contacts",
                    "value": "4",
                    "unit": ""
                },
                {
                    "section": "Technical Attributes",
                    "property": "No. of Poles",
                    "value": "4",
                    "unit": ""
                },
                {
                    "section": "Technical Attributes",
                    "property": "Operating Voltage Type",
                    "value": "AC/DC",
                    "unit": ""
                },
                {
                    "section": "Technical Attributes",
                    "property": "Rated Control Circuit Voltage",
                    "value": "230",
                    "unit": "(V)"
                },
                {
                    "section": "Technical Attributes",
                    "property": "Rated Frequency",
                    "value": "50/60",
                    "unit": "(Hz)"
                },
                {
                    "section": "Technical Attributes",
                    "property": "Rated Impulse Withstand Voltage",
                    "value": "6",
                    "unit": "(kV)"
                },
                {
                    "section": "Technical Attributes",
                    "property": "Rated Insulation Voltage",
                    "value": "500",
                    "unit": "(V)"
                },
                {
                    "section": "Technical Attributes",
                    "property": "Rated Operational Current",
                    "value": "25",
                    "unit": "(A)"
                },
                {
                    "section": "Technical Attributes",
                    "property": "Rated Operational Current AC-1",
                    "value": "25 (NC)",
                    "unit": "(A)"
                },
                {
                    "section": "Technical Attributes",
                    "property": "Rated Operational Current AC-3 230V",
                    "value": "6 (NC)",
                    "unit": "(A)"
                },
                {
                    "section": "Technical Attributes",
                    "property": "Rated Operational Power AC-3 230V",
                    "value": "0.9 (NC)",
                    "unit": "(kW)"
                },
                {
                    "section": "Technical Attributes",
                    "property": "Rated Operational Voltage AC",
                    "value": "400",
                    "unit": "(V)"
                }
            ]
        }
    ]
}