{
    "brand": "ipd",
    "parts": [
        {
            "reference": "NO_REF",
            "description": [
                {
                    "section": "Terminal Type",
                    "text": "Screw"
                },
                {
                    "section": "Utilization Category",
                    "text": "AC-1 According to EN IEC 60947-4-1"
                }
            ],
            "key_value_pairs": [
                {
                    "section": "Physical Attributes",
                    "property": "Mounting Type",
                    "value": "DIN Rail",
                    "unit": ""
                },
                {
                    "section": "Physical Attributes",
                    "property": "No. of Modules - Width 17.5 mm",
                    "value": "2",
                    "unit": ""
                },
                {
                    "section": "Physical Attributes",
                    "property": "Operational Temperature Range",
                    "value": "-25 to +55",
                    "unit": "\u00b0C"
                },
                {
                    "section": "Physical Attributes",
                    "property": "Width in Number of Modular Spacings",
                    "value": "2",
                    "unit": ""
                },
                {
                    "section": "Dimensions",
                    "property": "Built-in Depth",
                    "value": "58",
                    "unit": "mm"
                },
                {
                    "section": "Dimensions",
                    "property": "Dimensions",
                    "value": "36 x 85 x 65",
                    "unit": "mm"
                },
                {
                    "section": "Protection & Standards",
                    "property": "Degree of Protection",
                    "value": "IP20",
                    "unit": ""
                },
                {
                    "section": "Protection & Standards",
                    "property": "Pollution Degree",
                    "value": "3",
                    "unit": ""
                },
                {
                    "section": "Product catalogue (Flipbook)",
                    "property": "Product catalogue (Flipbook)",
                    "value": "Download from here",
                    "unit": ""
                }
            ]
        }
    ]
}