{
    "brand": "CNOMO",
    "parts": [
        {
            "reference": "E13AXC",
            "description": [
                {
                    "section": "",
                    "text": "CNOMO Based Solenoid,"
                },
                {
                    "section": "",
                    "text": "Series"
                },
                {
                    "section": "DESCRIPTION",
                    "text": "Direct acting spring return normally closed solenoid, conforming to CNOMO standards."
                },
                {
                    "section": "DESCRIPTION",
                    "text": "Hazardous area approved pilot operators"
                },
                {
                    "section": "DESCRIPTION",
                    "text": "ExnA, Ex e mb, Exd & Exia"
                },
                {
                    "section": "DESCRIPTION",
                    "text": "Various international approvals"
                },
                {
                    "section": "DESCRIPTION",
                    "text": "ATEX, IECEX, FM/CSA & CCCEx"
                },
                {
                    "section": "DESCRIPTION",
                    "text": "Body material available in"
                },
                {
                    "section": "DESCRIPTION",
                    "text": "Aluminium (standard)"
                },
                {
                    "section": "DESCRIPTION",
                    "text": "Brass"
                },
                {
                    "section": "FEATURES",
                    "text": "Direct mounting to all valves meeting CNOMO fixing dimensions"
                },
                {
                    "section": "FEATURES",
                    "text": "Interchangeable coils, including various hazardous area options"
                },
                {
                    "section": "FEATURES",
                    "text": "Pilot exhaust caps fitted as standard"
                },
                {
                    "section": "DESCRIPTION",
                    "text": "SIL 2 capable (De-energise to trip @ HFT=0), SIL 3 Capable (De-energise to trip @ HFT=1)"
                },
                {
                    "section": "DESCRIPTION",
                    "text": "Our manual override options are NOT currently covered by SIL Certification"
                },
                {
                    "section": "FEATURES",
                    "text": "PRODUCT CODE:"
                },
                {
                    "section": "DESCRIPTION",
                    "text": "Stainless Steel"
                }
            ],
            "key_value_pairs": []
        }
    ]
}