{
    "brand": "",
    "parts": [
        {
            "reference": "NO_REF",
            "description": [],
            "key_value_pairs": [
                {
                    "section": "",
                    "property": "ETIM",
                    "value": "EC001180 Screw connection for protective metallic hose",
                    "unit": ""
                },
                {
                    "section": "",
                    "property": "One-piece",
                    "value": "N",
                    "unit": ""
                },
                {
                    "section": "",
                    "property": "Material housing",
                    "value": "Other",
                    "unit": ""
                },
                {
                    "section": "",
                    "property": "Surface protection",
                    "value": "Other",
                    "unit": ""
                },
                {
                    "section": "",
                    "property": "Approved in combination with protective conduit CSA",
                    "value": "Y",
                    "unit": ""
                },
                {
                    "section": "",
                    "property": "Approved in combination with protective conduit UL",
                    "value": "Y",
                    "unit": ""
                }
            ]
        }
    ]
}