{
    "brand": "",
    "parts": [
        {
            "reference": "NO_REF",
            "description": [],
            "key_value_pairs": [
                {
                    "section": "Environmental Specifications",
                    "property": "Operating Temperature",
                    "value": "-40 \u00b0C to +70 \u00b0C (-40 \u00b0F to +158 \u00b0F)",
                    "unit": ""
                },
                {
                    "section": "Environmental Specifications",
                    "property": "Storage Temperature",
                    "value": "-40 \u00b0C to +70 \u00b0C (-40 \u00b0F to +158 \u00b0F)",
                    "unit": ""
                },
                {
                    "section": "Environmental Specifications",
                    "property": "Cable Qualification Standards",
                    "value": "IEC 60794-1-2",
                    "unit": ""
                },
                {
                    "section": "Environmental Specifications",
                    "property": "Jacket UV Resistance",
                    "value": "UV stabilized",
                    "unit": ""
                },
                {
                    "section": "Material Specifications",
                    "property": "Jacket Material",
                    "value": "High density polyethylene (HDPE)",
                    "unit": ""
                },
                {
                    "section": "Material Specifications",
                    "property": "Inner Jacket Material",
                    "value": "Low Smoke Zero Halogen (LSZH)",
                    "unit": ""
                }
            ]
        }
    ]
}