{
    "brand": "SGX",
    "parts": [
        {
            "reference": "EC4-2000-NO",
            "description": [
                {
                    "section": "PHYSICAL CHARACTERISTICS",
                    "text": "This device is designed to be RoHS compliant."
                },
                {
                    "section": "CROSS-SENSITIVITY DATA",
                    "text": "TBA"
                },
                {
                    "section": "TEMPERATURE DEPENDENCE",
                    "text": "TBA"
                },
                {
                    "section": "Important Note",
                    "text": "Do not solder to the connector pins as this may damage the sensor and thereby invalidate warranty the"
                },
                {
                    "section": "Important Note",
                    "text": "Details on Frequently recommended Asked the Questions section of the SGX website. the connector pins can be found in within the Gas Sensor"
                }
            ],
            "key_value_pairs": [
                {
                    "section": "PERFORMANCE",
                    "property": "Range",
                    "value": "0 - 2000",
                    "unit": "ppm"
                },
                {
                    "section": "PERFORMANCE",
                    "property": "Maximum overload",
                    "value": "10000",
                    "unit": "ppm"
                },
                {
                    "section": "PERFORMANCE",
                    "property": "Sensitivity",
                    "value": "21 - 64",
                    "unit": "nA/ppm NO"
                },
                {
                    "section": "PERFORMANCE",
                    "property": "Zero in air at 20\u00b0C",
                    "value": "-1 to +67",
                    "unit": "ppm NO"
                },
                {
                    "section": "PERFORMANCE",
                    "property": "Zero deviation (-20 to +50\u00b0C)",
                    "value": "-2 to +10",
                    "unit": "ppm NO"
                },
                {
                    "section": "PERFORMANCE",
                    "property": "Resolution",
                    "value": "0.5",
                    "unit": "ppm NO"
                },
                {
                    "section": "PERFORMANCE",
                    "property": "Linearity",
                    "value": "linear across range",
                    "unit": ""
                },
                {
                    "section": "PERFORMANCE",
                    "property": "Response time, t90",
                    "value": "<60",
                    "unit": "s"
                },
                {
                    "section": "PERFORMANCE",
                    "property": "Long-term output drift",
                    "value": "<2",
                    "unit": "% signal/month"
                },
                {
                    "section": "PERFORMANCE",
                    "property": "Warranty",
                    "value": "2",
                    "unit": "years"
                },
                {
                    "section": "OPERATING CONDITIONS",
                    "property": "Temperature range",
                    "value": "-20 to +50",
                    "unit": "\u00b0C"
                },
                {
                    "section": "OPERATING CONDITIONS",
                    "property": "Operating humidity",
                    "value": "15 - 90",
                    "unit": "% RH (non-condensing)"
                },
                {
                    "section": "OPERATING CONDITIONS",
                    "property": "Pressure range",
                    "value": "90 - 110",
                    "unit": "kPa (nominal)"
                },
                {
                    "section": "OPERATING CONDITIONS",
                    "property": "Operating circuit",
                    "value": "see Electrochemical Toxic Sensor",
                    "unit": ""
                },
                {
                    "section": "OPERATING CONDITIONS",
                    "property": "Applied potential",
                    "value": "+300",
                    "unit": "mV"
                },
                {
                    "section": "OPERATING CONDITIONS",
                    "property": "Storage life",
                    "value": "6",
                    "unit": "months in original packaging (0-25\u00b0C)"
                },
                {
                    "section": "PHYSICAL CHARACTERISTICS",
                    "property": "Label colour",
                    "value": "silver",
                    "unit": ""
                },
                {
                    "section": "PHYSICAL CHARACTERISTICS",
                    "property": "Weight",
                    "value": "5",
                    "unit": "g approx."
                },
                {
                    "section": "PHYSICAL CHARACTERISTICS",
                    "property": "Dimensions",
                    "value": "see outline",
                    "unit": ""
                }
            ]
        }
    ]
}