{
    "brand": "ROSS",
    "parts": [
        {
            "reference": "E138L0",
            "description": [
                {
                    "section": "",
                    "text": "Low Pressure, 1/8\", 3/2 Function Solenoid Valve"
                },
                {
                    "section": "DESCRIPTION",
                    "text": "3 port 2 position, low pressure pilot operated solenoid valve, spring returned."
                },
                {
                    "section": "DESCRIPTION",
                    "text": "Hazardous area approved pilot operators"
                },
                {
                    "section": "DESCRIPTION",
                    "text": "ExnA, Ex e mb, Exd & Exia"
                },
                {
                    "section": "DESCRIPTION",
                    "text": "Various international approvals"
                },
                {
                    "section": "DESCRIPTION",
                    "text": "ATEX, IECEx, FM/CSA & CCCEx"
                },
                {
                    "section": "DESCRIPTION",
                    "text": "Body material available in"
                },
                {
                    "section": "DESCRIPTION",
                    "text": "Aluminium (standard)"
                },
                {
                    "section": "DESCRIPTION",
                    "text": "Brass"
                },
                {
                    "section": "FEATURES",
                    "text": "External pilot air connection"
                },
                {
                    "section": "FEATURES",
                    "text": "Interchangeable coils, including various hazardous area options"
                },
                {
                    "section": "FEATURES",
                    "text": "Single coil spring return function"
                },
                {
                    "section": "FEATURES",
                    "text": "Convenient fixing holes to enable bracket mounting"
                },
                {
                    "section": "FEATURES",
                    "text": "Pilot exhaust caps fitted as standard"
                }
            ],
            "key_value_pairs": []
        }
    ]
}