{
    "brand": "bimed",
    "parts": [
        {
            "reference": "BDPX-15-21",
            "description": [
                {
                    "section": "Product Info",
                    "text": "Dome Plugs for Hazardous Applications"
                },
                {
                    "section": "Product Info",
                    "text": "Size 15 / Plug=5.8,, / OD=15.0mm"
                }
            ],
            "key_value_pairs": [
                {
                    "section": "Technical Details",
                    "property": "Equipment For",
                    "value": "Gas & Dust potentially explosive atmospheres",
                    "unit": ""
                },
                {
                    "section": "Technical Details",
                    "property": "Suitable for use in",
                    "value": "Group II Gas Group IIC ZONE1/ZONE2",
                    "unit": ""
                },
                {
                    "section": "Technical Details",
                    "property": "Suitable for use in",
                    "value": "Group Ill Dust Group IIIC ZONE21/ZONE 22",
                    "unit": ""
                },
                {
                    "section": "Technical Details",
                    "property": "Gland Marking for Octans",
                    "value": "BMD EBU.. CE 0722 fl II 2GD Ex d IIC Gb Ex e IIC Gb Ex tb IIIC Db Ta-40\u00b0C +80\u00b0C tb IIIC Db Ta-40\u00b0C +80\u00b0C",
                    "unit": ""
                },
                {
                    "section": "Technical Details",
                    "property": "Gland Marking for Vela",
                    "value": "BMD EBS.. CE 0722 fl II 2GD Ex d IIC Gb Ex e IIC Gb Ex",
                    "unit": ""
                },
                {
                    "section": "Technical Details",
                    "property": "Gland Marking for Lyra",
                    "value": "BMD BM-X. CE 0722 fl II 2GD Ex e IIC Gb Ex tb IIIC Db Ta-40\u00b0C +80\u00b0C IP66/68",
                    "unit": ""
                },
                {
                    "section": "Technical Details",
                    "property": "Gland Marking for Hi-Lyra",
                    "value": "BMD HIBM-X.. CE 0722 fl II 2GD Ex e IIC Gb Ex tb IIIC Db Ta-40\u00b0C +70\u00b0C IP66/68",
                    "unit": ""
                },
                {
                    "section": "Technical Details",
                    "property": "Gland Marking for Vega",
                    "value": "BMD EHIBM-X.. CE 0722 fl II 2GD Ex e IIC Gb Ex tb IIIC Db Ta-40\u00b0C +70\u00b0C IP66/68",
                    "unit": ""
                },
                {
                    "section": "Technical Details",
                    "property": "Remarks",
                    "value": "For standard Ex-Proof applications.",
                    "unit": ""
                },
                {
                    "section": "Technical Details",
                    "property": "Plug Ø (P)",
                    "value": "5,8",
                    "unit": "mm"
                },
                {
                    "section": "Technical Details",
                    "property": "Plug Length (PL)",
                    "value": "10,0",
                    "unit": "mm"
                },
                {
                    "section": "Technical Details",
                    "property": "Dome Ø (D)",
                    "value": "15,0",
                    "unit": "mm"
                },
                {
                    "section": "Technical Details",
                    "property": "Plug fit into clamping range Ø min",
                    "value": "4,0 - 6,0",
                    "unit": "mm"
                },
                {
                    "section": "Technical Details",
                    "property": "Height (h)",
                    "value": "4,0",
                    "unit": "mm"
                },
                {
                    "section": "Technical Details",
                    "property": "Part Number RAL 9005 black",
                    "value": "BDPX-15-21",
                    "unit": ""
                },
                {
                    "section": "Technical Details",
                    "property": "Material",
                    "value": "PA 6 (Polyamide 6) - Bar, 30 5",
                    "unit": ""
                },
                {
                    "section": "Technical Details",
                    "property": "Ingress protecting rating",
                    "value": "IP 68 - 5 bar, 30 min",
                    "unit": "mm"
                },
                {
                    "section": "Technical Details",
                    "property": "Ingress protecting rating",
                    "value": "IP 66",
                    "unit": "mm"
                },
                {
                    "section": "Technical Details",
                    "property": "Impact Test Result",
                    "value": "4J",
                    "unit": ""
                },
                {
                    "section": "Technical Details",
                    "property": "Size",
                    "value": "15",
                    "unit": ""
                },
                {
                    "section": "Technical Details",
                    "property": "Dome Marking Example",
                    "value": "3.0 - 6,0 / 4,0 - 6,0",
                    "unit": "mm"
                }
            ]
        }
    ]
}