{
    "parts": [
        {
            "reference": "PKM22EPPH4001-B0",
            "brand": "MuRata",
            "description": [
                {
                    "section": "Specifications",
                    "text": ""
                }
            ],
            "key_value_pairs": [
                {
                    "section": "Specifications",
                    "property": "Oscillation circuits",
                    "value": "Not built-in",
                    "unit": ""
                },
                {
                    "section": "Specifications",
                    "property": "Size",
                    "value": "\u03c622.0\u00b12.8",
                    "unit": "mm"
                },
                {
                    "section": "Specifications",
                    "property": "Frequency",
                    "value": "4.0",
                    "unit": "kHz"
                },
                {
                    "section": "Specifications",
                    "property": "Sound Pressure Level",
                    "value": "87",
                    "unit": "dB (typ.)"
                },
                {
                    "section": "Specifications",
                    "property": "Sound Pressure Level",
                    "value": "75",
                    "unit": "dB (min.)"
                },
                {
                    "section": "Specifications",
                    "property": "Measure Condition of Sound Pressure Level",
                    "value": "[\u00b11.5Vo-p,4.0kHz,square wave, 10cm]",
                    "unit": ""
                },
                {
                    "section": "Specifications",
                    "property": "Capacitance",
                    "value": "12",
                    "unit": "nF"
                },
                {
                    "section": "Specifications",
                    "property": "Capacitance Tolerance",
                    "value": "\u00b130%",
                    "unit": ""
                },
                {
                    "section": "Specifications",
                    "property": "Measurement Condition of Capacitance",
                    "value": "[1kHz]",
                    "unit": ""
                },
                {
                    "section": "Specifications",
                    "property": "Maximum input voltage",
                    "value": "\u00b115.0Vo-p max",
                    "unit": "max."
                },
                {
                    "section": "Specifications",
                    "property": "Operating Temperature Range",
                    "value": "-20 to 70",
                    "unit": "\u00b0C"
                },
                {
                    "section": "Specifications",
                    "property": "Storage Temperature Range",
                    "value": "-30 to 80",
                    "unit": "\u00b0C"
                },
                {
                    "section": "Specifications",
                    "property": "Shape",
                    "value": "Lead",
                    "unit": ""
                },
                {
                    "section": "Specifications",
                    "property": "Lead Shape",
                    "value": "Pin type",
                    "unit": ""
                },
                {
                    "section": "Specifications",
                    "property": "Lead length",
                    "value": "Lead length: 6.5",
                    "unit": "mm"
                },
                {
                    "section": "Specifications",
                    "property": "Drive Type",
                    "value": "External Drive",
                    "unit": ""
                },
                {
                    "section": "Specifications",
                    "property": "EIAJ Part Number",
                    "value": "PS-RP2-C22-40",
                    "unit": ""
                },
                {
                    "section": "Specifications",
                    "property": "Mass",
                    "value": "2864",
                    "unit": "mg"
                }
            ]
        }
    ]
}