{
    "brand": "SIEMENS",
    "parts": [
        {
            "reference": "6ES7138-7FA00-0AB0",
            "description": [
                {
                    "section": "Data sheet",
                    "text": "SIMATIC DP, fail-safe electronics module for ET200iSP, 4F-AI HART Ex I, up to Category 4 (EN954-1)/ SIL3 (IEC61508)/PLE (ISO13849), for connecting (HART) 2-wire measuring transducers, supported HART protocol Version 7.0, Ex ib (ia Ga) IIC T4 Gb, Ex ib [ia IIIC Da] IIC T4 Gb, Ex ib [ia] | Mb"
                }
            ],
            "key_value_pairs": [
                {
                    "section": "General information",
                    "property": "Product type designation",
                    "value": "4F-AI I Ex HART",
                    "unit": ""
                },
                {
                    "section": "Input current",
                    "property": "Current consumption, typ.",
                    "value": "315",
                    "unit": "mA"
                },
                {
                    "section": "Input current",
                    "property": "from supply voltage L+, max.",
                    "value": "490 mA; int. Powerbus",
                    "unit": ""
                },
                {
                    "section": "output voltage / header",
                    "property": "short-circuit proof",
                    "value": "Yes",
                    "unit": ""
                },
                {
                    "section": "output voltage / header",
                    "property": "Supply current, max.",
                    "value": "25 mA; Plus 4 mA per channel",
                    "unit": ""
                },
                {
                    "section": "Power loss",
                    "property": "Power loss, typ.",
                    "value": "3.8",
                    "unit": "W"
                },
                {
                    "section": "Address area",
                    "property": "Address space per module, max.",
                    "value": "16 byte; 12 bytes in the l area / 4 bytes in the O area",
                    "unit": ""
                },
                {
                    "section": "Analog inputs",
                    "property": "Number of analog inputs",
                    "value": "4",
                    "unit": ""
                },
                {
                    "section": "Analog inputs",
                    "property": "Cycle time (all channels) max.",
                    "value": "See data in manual",
                    "unit": ""
                },
                {
                    "section": "Analog inputs",
                    "property": "O to 20 mA",
                    "value": "Yes",
                    "unit": ""
                },
                {
                    "section": "Analog inputs",
                    "property": "4 mA to 20 mA",
                    "value": "Yes",
                    "unit": ""
                },
                {
                    "section": "Analog inputs",
                    "property": "shielded, max.",
                    "value": "500",
                    "unit": "m"
                },
                {
                    "section": "Analog value generation for the inputs",
                    "property": "Measurement principle",
                    "value": "integrating (Sigma-Delta)",
                    "unit": ""
                },
                {
                    "section": "Analog value generation for the inputs",
                    "property": "Resolution with overrange (bit including sign), max.",
                    "value": "16",
                    "unit": "bit"
                },
                {
                    "section": "Analog value generation for the inputs",
                    "property": "Integration time, parameterizable",
                    "value": "Yes",
                    "unit": ""
                },
                {
                    "section": "Analog value generation for the inputs",
                    "property": "Interference voltage suppression for interference frequency f1 in Hz",
                    "value": "50 / 60",
                    "unit": "Hz"
                },
                {
                    "section": "Analog value generation for the inputs",
                    "property": "parameterizable",
                    "value": "Yes; in 4 stages",
                    "unit": ""
                },
                {
                    "section": "Analog value generation for the inputs",
                    "property": "Step: None",
                    "value": "Yes; 1x cycle time",
                    "unit": ""
                },
                {
                    "section": "Analog value generation for the inputs",
                    "property": "Step: low",
                    "value": "Yes; 4x cycle time",
                    "unit": ""
                },
                {
                    "section": "Analog value generation for the inputs",
                    "property": "Step: Medium",
                    "value": "Yes; 16x cycle time",
                    "unit": ""
                },
                {
                    "section": "Analog value generation for the inputs",
                    "property": "Step: High",
                    "value": "Yes; 64x cycle time",
                    "unit": ""
                },
                {
                    "section": "Encoder",
                    "property": "for current measurement as 2-wire transducer - Burden of 2-wire transmitter, max.",
                    "value": "Yes",
                    "unit": "Q"
                },
                {
                    "section": "Encoder",
                    "property": "for current measurement as 2-wire transducer - Burden of 2-wire transmitter, max.",
                    "value": "750",
                    "unit": "Q"
                }
            ]
        }
    ]
}