{
    "brand": "MERSEN",
    "parts": [
        {
            "reference": "HP15M6",
            "description": [
                {
                    "section": "Product No:",
                    "text": "MERSEN FUSE LINK 6A 1500V DC gPV 10X85mm FERRULE TYPE HP15M6"
                },
                {
                    "section": "FEATURES",
                    "text": "Low Fault Current Interruption"
                },
                {
                    "section": "FEATURES",
                    "text": "Temperature cycle withstand capability"
                },
                {
                    "section": "FEATURES",
                    "text": "Durable construction for enhanced system longevity"
                },
                {
                    "section": "FEATURES",
                    "text": "Breaking capacity 50kA"
                },
                {
                    "section": "FEATURES",
                    "text": "Standard ferrule terminal"
                },
                {
                    "section": "FEATURES",
                    "text": "Standards IEC 60269-6"
                }
            ],
            "key_value_pairs": [
                {
                    "section": "General Information",
                    "property": "Brand",
                    "value": "MERSEN",
                    "unit": ""
                },
                {
                    "section": "General Information",
                    "property": "Pack Quantity",
                    "value": "10",
                    "unit": ""
                },
                {
                    "section": "General Information",
                    "property": "Product Type",
                    "value": "Fuse Link",
                    "unit": ""
                },
                {
                    "section": "Technical Attributes",
                    "property": "Interrupting Rating",
                    "value": "50",
                    "unit": "(kA)"
                },
                {
                    "section": "Technical Attributes",
                    "property": "Power Loss",
                    "value": "2.44",
                    "unit": "(W)"
                },
                {
                    "section": "Technical Attributes",
                    "property": "Rated Current",
                    "value": "6",
                    "unit": "(A)"
                },
                {
                    "section": "Technical Attributes",
                    "property": "Rated Voltage DC",
                    "value": "1500",
                    "unit": "(V)"
                },
                {
                    "section": "Technical Attributes",
                    "property": "Terminal Type",
                    "value": "Ferrule",
                    "unit": ""
                },
                {
                    "section": "Technical Attributes",
                    "property": "Utilization Category",
                    "value": "g PV",
                    "unit": ""
                },
                {
                    "section": "Physical Attributes",
                    "property": "Terminal Material",
                    "value": "Tin-Plated Copper",
                    "unit": ""
                },
                {
                    "section": "Dimensions",
                    "property": "Diameter",
                    "value": "10",
                    "unit": "(mm)"
                },
                {
                    "section": "Dimensions",
                    "property": "Length",
                    "value": "85",
                    "unit": "(mm)"
                }
            ]
        }
    ]
}