{
    "brand": "SIEMENS",
    "parts": [
        {
            "reference": "6ES7193-6AR00-0AA0",
            "description": [
                {
                    "section": "Data sheet",
                    "text": "SIMATIC ET 200SP, BusAdapter BA 2xRJ45, 2 RJ45 sockets"
                }
            ],
            "key_value_pairs": [
                {
                    "section": "Weights",
                    "property": "",
                    "value": "5/22/2024",
                    "unit": ""
                },
                {
                    "section": "General information",
                    "property": "Product type designation",
                    "value": "BA 2x RJ45",
                    "unit": ""
                },
                {
                    "section": "Interfaces",
                    "property": "Number of PROFINET interfaces",
                    "value": "1",
                    "unit": ""
                },
                {
                    "section": "Interfaces",
                    "property": "Number of RJ45 ports",
                    "value": "2",
                    "unit": ""
                },
                {
                    "section": "Interfaces",
                    "property": "Cu conductors",
                    "value": "100",
                    "unit": "m"
                },
                {
                    "section": "Ambient conditions",
                    "property": "horizontal installation, min.",
                    "value": "-30",
                    "unit": "\u00b0C"
                },
                {
                    "section": "Ambient conditions",
                    "property": "horizontal installation, max.",
                    "value": "60",
                    "unit": "\u00b0C"
                },
                {
                    "section": "Ambient conditions",
                    "property": "vertical installation, min.",
                    "value": "-30",
                    "unit": "\u00b0C"
                },
                {
                    "section": "Ambient conditions",
                    "property": "vertical installation, max.",
                    "value": "50",
                    "unit": "\u00b0C"
                },
                {
                    "section": "Ambient conditions",
                    "property": "Installation altitude above sea level, max.",
                    "value": "5 000 m; restrictions for installation altitudes > 2 000 m, see ET 200SP system manual",
                    "unit": ""
                },
                {
                    "section": "Dimensions",
                    "property": "Width",
                    "value": "20",
                    "unit": "mm"
                },
                {
                    "section": "Dimensions",
                    "property": "Height",
                    "value": "69.5",
                    "unit": "mm"
                },
                {
                    "section": "Dimensions",
                    "property": "Depth",
                    "value": "59",
                    "unit": "mm"
                },
                {
                    "section": "Weights",
                    "property": "Weight, approx.",
                    "value": "46",
                    "unit": "g"
                }
            ]
        }
    ]
}