{
    "parts": [
        {
            "reference": "ETM8-316",
            "brand": "Parker Hannifin",
            "description": [
                {
                    "section": "Product Name",
                    "text": "Parker Tube Fitting, Union Tee - A-LOK Series"
                }
            ],
            "key_value_pairs": [
                {
                    "section": "Technical Data",
                    "property": "Part Number",
                    "value": "ETM8-316",
                    "unit": ""
                },
                {
                    "section": "Technical Data",
                    "property": "Series Name",
                    "value": "Parker Tube Fitting, Union Tee - A-LOK Series",
                    "unit": ""
                },
                {
                    "section": "Technical Data",
                    "property": "Series Code",
                    "value": "A-LOK Union Tee",
                    "unit": ""
                },
                {
                    "section": "Technical Data",
                    "property": "Division ID",
                    "value": "687516",
                    "unit": ""
                },
                {
                    "section": "Technical Data",
                    "property": "Division Name",
                    "value": "Instrumentation Products Division",
                    "unit": ""
                },
                {
                    "section": "Technical Data",
                    "property": "Company",
                    "value": "Parker Hannifin",
                    "unit": ""
                }
            ]
        }
    ]
}