{
    "parts": [
        {
            "reference": "BR20",
            "brand": "Accutech",
            "description": [
                {
                    "section": "Main",
                    "text": "Base radio with Modbus capability for Accutech wireless field units on a DIN mount"
                }
            ],
            "key_value_pairs": [
                {
                    "section": "Main",
                    "property": "Range of product",
                    "value": "Accutech",
                    "unit": ""
                },
                {
                    "section": "Main",
                    "property": "Product or component type",
                    "value": "Base radio",
                    "unit": ""
                },
                {
                    "section": "Main",
                    "property": "Market segment",
                    "value": "Oil and gas",
                    "unit": ""
                },
                {
                    "section": "Main",
                    "property": "Market segment",
                    "value": "Mining",
                    "unit": ""
                },
                {
                    "section": "Main",
                    "property": "Market segment",
                    "value": "Water and waste water",
                    "unit": ""
                },
                {
                    "section": "Complementary",
                    "property": "Input voltage",
                    "value": "10...30",
                    "unit": "VDC"
                },
                {
                    "section": "Complementary",
                    "property": "Current consumption",
                    "value": "30",
                    "unit": "mA"
                },
                {
                    "section": "Complementary",
                    "property": "Radio frequency fields",
                    "value": "900",
                    "unit": "MHz"
                },
                {
                    "section": "Complementary",
                    "property": "Radio frequency fields",
                    "value": "2.4",
                    "unit": "GHz"
                },
                {
                    "section": "Environment",
                    "property": "Ambient air temperature for operation",
                    "value": "-40...70",
                    "unit": "\u00b0C"
                },
                {
                    "section": "Environment",
                    "property": "Ambient air temperature for operation",
                    "value": "-40...70",
                    "unit": "\u00b0C"
                },
                {
                    "section": "Environment",
                    "property": "Standards",
                    "value": "ATEX 100a - EEx nL IIC T4",
                    "unit": ""
                },
                {
                    "section": "Environment",
                    "property": "Standards",
                    "value": "HazLoc",
                    "unit": ""
                },
                {
                    "section": "Environment",
                    "property": "Product certifications",
                    "value": "CSA Class 1 Division 2",
                    "unit": ""
                },
                {
                    "section": "Environment",
                    "property": "Product certifications",
                    "value": "CSA Class 1 Division 1",
                    "unit": ""
                },
                {
                    "section": "Environment",
                    "property": "Product certifications",
                    "value": "IECEx",
                    "unit": ""
                }
            ]
        }
    ]
}