{
    "parts": [
        {
            "reference": "GL10",
            "brand": "Accutech",
            "description": [
                {
                    "section": "Main",
                    "text": "Gauge level wireless field unit available in a selection of sensor ranges for use in haz areas"
                },
                {
                    "section": "Main",
                    "text": "Wireless transmitter"
                },
                {
                    "section": "Main",
                    "text": "Measure level"
                },
                {
                    "section": "Main",
                    "text": "Oil and gas\nMining\nWater and waste water"
                }
            ],
            "key_value_pairs": [
                {
                    "section": "Complementary",
                    "property": "Measurement range",
                    "value": "0 ...15 Psi",
                    "unit": ""
                },
                {
                    "section": "Complementary",
                    "property": "Measurement range",
                    "value": "0 ...1.034 Bar",
                    "unit": ""
                },
                {
                    "section": "Complementary",
                    "property": "Measurement range",
                    "value": "0 ...30 Psi",
                    "unit": ""
                },
                {
                    "section": "Complementary",
                    "property": "Measurement range",
                    "value": "0 ...2.068 Bar",
                    "unit": ""
                },
                {
                    "section": "Complementary",
                    "property": "Measurement accuracy",
                    "value": "+/-0.25 %",
                    "unit": "of reading"
                },
                {
                    "section": "Complementary",
                    "property": "Drift of the sensitivity",
                    "value": "+/-0.1 %",
                    "unit": ""
                },
                {
                    "section": "Complementary",
                    "property": "Operating distance",
                    "value": "3000 ft",
                    "unit": ""
                },
                {
                    "section": "Complementary",
                    "property": "Operating distance",
                    "value": "1000 m",
                    "unit": ""
                },
                {
                    "section": "Environment",
                    "property": "Ambient air temperature for operation",
                    "value": "-40 ... 85\u00b0C",
                    "unit": ""
                },
                {
                    "section": "Environment",
                    "property": "Ambient air temperature for operation",
                    "value": "-40 ... 85\u00b0C",
                    "unit": ""
                },
                {
                    "section": "Environment",
                    "property": "Standards",
                    "value": "ATEX 100a - EEx nL IIC T3",
                    "unit": ""
                },
                {
                    "section": "Environment",
                    "property": "Standards",
                    "value": "HazLoc",
                    "unit": ""
                },
                {
                    "section": "Environment",
                    "property": "Product certifications",
                    "value": "CSA Class 1 Division 1",
                    "unit": ""
                },
                {
                    "section": "Environment",
                    "property": "Product certifications",
                    "value": "IECEx",
                    "unit": ""
                }
            ]
        }
    ]
}