{
    "brand": "PUI Audio Inc.",
    "parts": [
        {
            "reference": "AI-1027-TWT-5V-HT-R",
            "description": [
                {
                    "section": "",
                    "text": "PUI Audio’s High-Temp line of products is designed with ultra-wide operating temperatures. The AI-1027-TWT-5V-HT-R is built for high output at 2700 Hz in a small package."
                },
                {
                    "section": "",
                    "text": "Light weight of only 1 gram"
                },
                {
                    "section": "",
                    "text": "Low current draw of less than 30mA with 5 VDC input"
                },
                {
                    "section": "",
                    "text": "85 dB, 2700 Hz output at 10cm"
                }
            ],
            "key_value_pairs": [
                {
                    "section": "Specifications",
                    "property": "Rated Voltage",
                    "value": "5",
                    "unit": "VDC"
                },
                {
                    "section": "Specifications",
                    "property": "Operating Voltage Range",
                    "value": "3 ~ 6.5",
                    "unit": "VDC"
                },
                {
                    "section": "Specifications",
                    "property": "Current Draw at Rated Voltage",
                    "value": "≤30",
                    "unit": "mA"
                },
                {
                    "section": "Specifications",
                    "property": "Minimum SPL @ 10cm",
                    "value": "≥85",
                    "unit": "dBA"
                },
                {
                    "section": "Specifications",
                    "property": "Resonant Frequency",
                    "value": "2700+/-300",
                    "unit": "Hz"
                },
                {
                    "section": "Specifications",
                    "property": "Housing Material",
                    "value": "PBT",
                    "unit": ""
                },
                {
                    "section": "Specifications",
                    "property": "Weight",
                    "value": "1",
                    "unit": "Grams"
                },
                {
                    "section": "Specifications",
                    "property": "Acceptable Soldering Methods",
                    "value": "Hand Solder, Wave Solder",
                    "unit": "See page 3 for wave solder information"
                },
                {
                    "section": "Specifications",
                    "property": "Environmental Compliances",
                    "value": "RoHS",
                    "unit": ""
                },
                {
                    "section": "Specifications",
                    "property": "Storage Temperature",
                    "value": "-40 ~ +90",
                    "unit": "°C"
                },
                {
                    "section": "Specifications",
                    "property": "Operating Temperature",
                    "value": "-40 ~ +85",
                    "unit": "°C"
                }
            ]
        }
    ]
}