{
    "brand": "AMM-2738-B-EB-R",
    "parts": [
        {
            "reference": "AMM-2738-B-EB-R",
            "description": [
                {
                    "section": "",
                    "text": "PUI Audio is proud to release a line of premium, high-fidelity MEMS wide band - microphones that cover the entire audio band from 20 Hz up to 18 kHz —and up to 20 kHz on some models—while featuring industry-best consistency of +/-1 dB across the entire frequency response."
                },
                {
                    "section": "",
                    "text": "Quickly test and prototype the bottom-firing AMM-2738-B-R with this evaluation board. Solder pads with pre-punched through-holes make wiring to the evaluation board quick-and-easy!"
                }
            ],
            "key_value_pairs": [
                {
                    "section": "",
                    "property": "Sensitivity (1 kHz @ 50cm) 0 dB=1V/Pa",
                    "value": "-38 +/-1",
                    "unit": "dB"
                },
                {
                    "section": "",
                    "property": "Rated Voltage",
                    "value": "2",
                    "unit": "VDC"
                },
                {
                    "section": "",
                    "property": "Operating Voltage Range",
                    "value": "1.5 to 3.6",
                    "unit": "VDC"
                },
                {
                    "section": "",
                    "property": "Output Impedance (@ 1 kHz)",
                    "value": "300",
                    "unit": "Omega"
                },
                {
                    "section": "",
                    "property": "Current consumption (at 2 VDC/at 3.6 VDC)",
                    "value": "130/150",
                    "unit": "uA"
                },
                {
                    "section": "",
                    "property": "Signal-to-Noise Ratio (1kHz, 94 dB input, weighted A- )",
                    "value": "64",
                    "unit": "dB"
                },
                {
                    "section": "",
                    "property": "Decreasing Voltage (0 dB=1V/Pa, 3.6 to 1.5 VDC)",
                    "value": "0.5",
                    "unit": "dB"
                },
                {
                    "section": "",
                    "property": "Frequency Range",
                    "value": "20 - 20,000",
                    "unit": "Hz"
                },
                {
                    "section": "",
                    "property": "Total Harmonic Distortion (94 dB @ 50cm, 1 kHz)",
                    "value": "0.5%",
                    "unit": ""
                },
                {
                    "section": "",
                    "property": "Acoustic Overload Point (AOP) (50cm, 1kHz, 10% THD)",
                    "value": "123",
                    "unit": "dB"
                },
                {
                    "section": "",
                    "property": "Power Supply Rejection (PSR, 100 mVpp Square Wave @ 217 Hz, A-weighted)",
                    "value": "-98",
                    "unit": "dB"
                },
                {
                    "section": "",
                    "property": "Operating Temperature (VDD < 3 VDC)",
                    "value": "-40 ~ +100",
                    "unit": "°C"
                },
                {
                    "section": "",
                    "property": "Operating Temperature (VDD > 3 VDC )",
                    "value": "-40 ~ +70",
                    "unit": "°C"
                },
                {
                    "section": "",
                    "property": "Storage Temperature",
                    "value": "-40 ~ +125",
                    "unit": "°C"
                }
            ]
        }
    ]
}