{
    "brand": "OSRAM",
    "parts": [
        {
            "reference": "BP 104 FAS-Z",
            "description": [
                {
                    "section": "DIL SMT",
                    "text": "Silicon PIN Photodiode with Daylight Blocking Filter"
                },
                {
                    "section": "Applications",
                    "text": "LIDAR, Pre-Crash, ACC"
                },
                {
                    "section": "Applications",
                    "text": "Rain Sensors"
                },
                {
                    "section": "Features:",
                    "text": "Package: black epoxy"
                },
                {
                    "section": "Features:",
                    "text": "Qualifications: The product qualification test plan is based on the guidelines of AEC-Q101-REV-C, Stress Test Qualification for Automotive Grade Discrete Semiconductors."
                },
                {
                    "section": "Features:",
                    "text": "ESD: 2 kV acc. to ANSI/ESDA/JEDEC JS-001 (HBM, Class 2)"
                },
                {
                    "section": "Features:",
                    "text": "Especially suitable for applications from 730 nm to 1100 nm"
                },
                {
                    "section": "Features:",
                    "text": "Short switching time (typ. 20 ns)"
                },
                {
                    "section": "Features:",
                    "text": "Suitable for SMT"
                }
            ],
            "key_value_pairs": [
                {
                    "section": "Ordering Information",
                    "property": "Photocurrent",
                    "value": "\u2265 25",
                    "unit": "HA"
                },
                {
                    "section": "Ordering Information",
                    "property": "Photocurrent typ.",
                    "value": "34",
                    "unit": "\u043d\u0410"
                },
                {
                    "section": "Ordering Information",
                    "property": "Ordering Code",
                    "value": "Q65110A2672",
                    "unit": ""
                },
                {
                    "section": "Maximum Ratings",
                    "property": "Operating Temperature min.",
                    "value": "-40",
                    "unit": "\u00b0C"
                },
                {
                    "section": "Maximum Ratings",
                    "property": "Operating Temperature max.",
                    "value": "100",
                    "unit": "\u00b0C"
                },
                {
                    "section": "Maximum Ratings",
                    "property": "Storage temperature min.",
                    "value": "-40",
                    "unit": "\u00b0C"
                },
                {
                    "section": "Maximum Ratings",
                    "property": "Storage temperature max.",
                    "value": "100",
                    "unit": "\u00b0C"
                },
                {
                    "section": "Maximum Ratings",
                    "property": "Reverse voltage max.",
                    "value": "20",
                    "unit": "V"
                },
                {
                    "section": "Maximum Ratings",
                    "property": "Total power dissipation max.",
                    "value": "150",
                    "unit": "mW"
                },
                {
                    "section": "Maximum Ratings",
                    "property": "ESD withstand voltage acc. to ANSI/ ESDA/ JEDEC JS-001 - HBM max.",
                    "value": "2",
                    "unit": "kV"
                },
                {
                    "section": "Characteristics",
                    "property": "Wavelength of max sensitivity typ.",
                    "value": "880",
                    "unit": "nm"
                },
                {
                    "section": "Characteristics",
                    "property": "Spectral range of sensitivity typ.",
                    "value": "730... 1100",
                    "unit": "nm"
                },
                {
                    "section": "Characteristics",
                    "property": "Radiant sensitive area typ.",
                    "value": "4.84",
                    "unit": "mm"
                },
                {
                    "section": "Characteristics",
                    "property": "Dimensions of active chip area typ.",
                    "value": "2.2 \u00d7 2.2",
                    "unit": "mm x mm"
                },
                {
                    "section": "Characteristics",
                    "property": "Half angle typ.",
                    "value": "60",
                    "unit": "\u00b0"
                },
                {
                    "section": "Characteristics",
                    "property": "Dark current R = 10 V typ.",
                    "value": "2",
                    "unit": "nA"
                },
                {
                    "section": "Characteristics",
                    "property": "Dark current R = 10 V max",
                    "value": "30",
                    "unit": "nA"
                },
                {
                    "section": "Characteristics",
                    "property": "Spectral sensitivity of the chip lambda = 870 nm typ.",
                    "value": "0.63",
                    "unit": "A / W"
                },
                {
                    "section": "Characteristics",
                    "property": "Quantum yield of the chip lambda = 870 nm typ.",
                    "value": "0.90",
                    "unit": "Electrons / Photon"
                },
                {
                    "section": "Characteristics",
                    "property": "Open-circuit voltage E_e = 0.5 mW/cm^2; lambda = 870 nm min.",
                    "value": "250",
                    "unit": "mV"
                },
                {
                    "section": "Characteristics",
                    "property": "Open-circuit voltage E_e = 0.5 mW/cm^2; lambda = 870 nm typ.",
                    "value": "330",
                    "unit": "mV"
                },
                {
                    "section": "Characteristics",
                    "property": "Short-circuit current E = 0.5 mW/cm^2; lambda = 870 nm typ.",
                    "value": "16",
                    "unit": "u\u0410"
                },
                {
                    "section": "Characteristics",
                    "property": "Rise time V_r = 5 V; R_l = 50 Omega; lambda = 850 nm typ.",
                    "value": "0.02",
                    "unit": "us"
                },
                {
                    "section": "Characteristics",
                    "property": "Fall time R = 5\u00a0V; R_l = 50 Omega lambda = 850 nm typ.",
                    "value": "0.02",
                    "unit": "us"
                },
                {
                    "section": "Characteristics",
                    "property": "Forward voltage 1 = 100 mA; E = 0 typ.",
                    "value": "1.3",
                    "unit": "V"
                },
                {
                    "section": "Characteristics",
                    "property": "Capacitance V_R= 0 V; f\u00a0= 1 MHz; E = 0 typ.",
                    "value": "48",
                    "unit": "pF"
                },
                {
                    "section": "Characteristics",
                    "property": "Temperature coefficient of voltage typ.",
                    "value": "-2.6",
                    "unit": "mV / K"
                },
                {
                    "section": "Characteristics",
                    "property": "Temperature coefficient of short-circuit current lambda = 870 nm typ.",
                    "value": "0.03",
                    "unit": "% / K"
                },
                {
                    "section": "Characteristics",
                    "property": "Noise equivalent power V_r = 10 V; 1 = 870 nm typ.",
                    "value": "0.040",
                    "unit": "pW / Hz^1/2"
                },
                {
                    "section": "Characteristics",
                    "property": "Detection limit V_r = 5 V; lambda = 870 nm typ.",
                    "value": "5.5e12",
                    "unit": "cm x Hz^1/2 / W"
                }
            ]
        }
    ]
}