{
    "parts": [
        {
            "reference": "BPW 34",
            "description": [
                {
                    "section": "DIL",
                    "text": "Silicon PIN Photodiode"
                },
                {
                    "section": "Applications",
                    "text": "Electronic Equipment -"
                },
                {
                    "section": "Applications",
                    "text": "Industrial - Automation (Machine Controls, Light"
                },
                {
                    "section": "Applications",
                    "text": "Barriers, Vision Controls)"
                },
                {
                    "section": "Features:",
                    "text": "Package: Epoxy, diffuse -"
                },
                {
                    "section": "Features:",
                    "text": "Corrosion Robustness Class: 3B"
                },
                {
                    "section": "Features:",
                    "text": "ESD: 2 kV acc. to ANSI/ESDAIJEDEC JS-001 (HBM, Class 2) -"
                },
                {
                    "section": "Features:",
                    "text": "Especially - suitable for applications from 400 nm to 1100 nm"
                },
                {
                    "section": "Features:",
                    "text": "Short switching time (typ. 20 ns) -"
                },
                {
                    "section": "Features:",
                    "text": "DIL - plastic package with high packing density"
                }
            ],
            "key_value_pairs": [
                {
                    "section": "Maximum Ratings",
                    "property": "Operating Temperature min.",
                    "value": "-40",
                    "unit": "\u00b0C"
                },
                {
                    "section": "Maximum Ratings",
                    "property": "Operating Temperature max.",
                    "value": "100",
                    "unit": "\u00b0C"
                },
                {
                    "section": "Maximum Ratings",
                    "property": "Storage temperature min.",
                    "value": "-40",
                    "unit": "\u00b0C"
                },
                {
                    "section": "Maximum Ratings",
                    "property": "max.",
                    "value": "100",
                    "unit": "\u00b0C"
                },
                {
                    "section": "Maximum Ratings",
                    "property": "Reverse voltage max.",
                    "value": "32",
                    "unit": "V"
                },
                {
                    "section": "Maximum Ratings",
                    "property": "Total power dissipation max.",
                    "value": "150",
                    "unit": "mW"
                },
                {
                    "section": "Maximum Ratings",
                    "property": "ESD withstand voltage acc. to ANSVESDAIJEDEC JS-001 (HBM, Class 2) max.",
                    "value": "2",
                    "unit": "kV"
                },
                {
                    "section": "Characteristics",
                    "property": "Spectral sensitivity VR 5 V; Std. Light A; T = 2856 K = typ.",
                    "value": "80",
                    "unit": "nA/Ix"
                },
                {
                    "section": "Characteristics",
                    "property": "Wavelength of max sensitivity typ.",
                    "value": "920",
                    "unit": "nm"
                },
                {
                    "section": "Characteristics",
                    "property": "Spectral range of sensitivity typ.",
                    "value": "420 ...",
                    "unit": "nm"
                },
                {
                    "section": "Characteristics",
                    "property": "Radiant sensitive area typ.",
                    "value": "7.02",
                    "unit": "mm2"
                },
                {
                    "section": "Characteristics",
                    "property": "Dimensions of active chip area typ.",
                    "value": "2.65 X 2.65",
                    "unit": "mm X mm"
                },
                {
                    "section": "Characteristics",
                    "property": "Half angle typ.",
                    "value": "60",
                    "unit": "o"
                },
                {
                    "section": "Characteristics",
                    "property": "Dark current",
                    "value": "2",
                    "unit": "nA"
                },
                {
                    "section": "Characteristics",
                    "property": "Dark current",
                    "value": "30",
                    "unit": "nA"
                },
                {
                    "section": "Characteristics",
                    "property": "Spectral sensitivity of the chip A = 850 nm typ.",
                    "value": "0.62",
                    "unit": "A/W"
                },
                {
                    "section": "Characteristics",
                    "property": "Quantum yield of the chip A = 850 nm typ.",
                    "value": "0.90",
                    "unit": "Electrons / Photon"
                },
                {
                    "section": "Characteristics",
                    "property": "min.",
                    "value": "300",
                    "unit": "mV"
                },
                {
                    "section": "Characteristics",
                    "property": "typ.",
                    "value": "365",
                    "unit": "mV"
                },
                {
                    "section": "Characteristics",
                    "property": "Short-circuit current Ev 1000 Ix; Std. Light A; VR = OV = typ.",
                    "value": "80",
                    "unit": "HA"
                },
                {
                    "section": "Characteristics",
                    "property": "Rise time VR 5 V; R, = 50 Q; A = 850 nm; 'p = 800 HA = typ.",
                    "value": "0.02",
                    "unit": "us"
                },
                {
                    "section": "Characteristics",
                    "property": "Fall time VR 5 V; R, = 50 Qz; A = 850 nm; Ip = 800 HA = typ.",
                    "value": "0.02",
                    "unit": "us"
                },
                {
                    "section": "Characteristics",
                    "property": "Forward voltage Ip 100 mA; = 0 = E typ.",
                    "value": "1.3",
                    "unit": "V"
                },
                {
                    "section": "Characteristics",
                    "property": "Capacitance VR = 1 MHz; E = 0 = 0 V;f typ.",
                    "value": "72",
                    "unit": "pF"
                },
                {
                    "section": "Characteristics",
                    "property": "Temperature coefficient of voltage typ.",
                    "value": "-2.6",
                    "unit": "mV / K"
                },
                {
                    "section": "Characteristics",
                    "property": "Temperature coefficient of short-circuit current Std. Light A typ.",
                    "value": "0.18",
                    "unit": "% / K"
                },
                {
                    "section": "Characteristics",
                    "property": "Noise equivalent power VR \u00c0 = 10 V; = 850 nm typ.",
                    "value": "0.041",
                    "unit": "pW / Hz112"
                },
                {
                    "section": "Characteristics",
                    "property": "Detection limit VR 10 V; = 850 nm = A typ.",
                    "value": "6.5e12",
                    "unit": "cm X Hz112 /W"
                }
            ]
        }
    ]
}