{
    "brand": "CommScope",
    "parts": [
        {
            "reference": "D-DD",
            "description": [
                {
                    "section": "Base Product",
                    "text": "Fiber Optic Cable, Drop, Outdoor Arid Core Gel-Free Tubes, Double Jacket Dielectric"
                },
                {
                    "section": "Base Product",
                    "text": "Fiber drop cables are typically used between the fiber terminal and the building or home and available for various indoor or outdoor applications. "
                },
                {
                    "section": "Base Product",
                    "text": "Fiber drop cables are engineered to withstand the most demanding environmental conditions, including sun, heat, cold, moisture, and heavy RF interference."
                },
                {
                    "section": "Base Product",
                    "text": "Superior mechanical and optical performance with unmatched stability and quality."
                }
            ],
            "key_value_pairs": [
                {
                    "section": "Product Classification",
                    "property": "Regional Availability",
                    "value": "Asia, Australia/New Zealand, EMEA, Latin America, North America",
                    "unit": ""
                },
                {
                    "section": "Product Classification",
                    "property": "Portfolio",
                    "value": "CommScope",
                    "unit": ""
                },
                {
                    "section": "Product Classification",
                    "property": "Product Type",
                    "value": "Fiber drop cable",
                    "unit": ""
                },
                {
                    "section": "Product Classification",
                    "property": "Product Series",
                    "value": "D-DD",
                    "unit": ""
                },
                {
                    "section": "General Specifications",
                    "property": "Construction Type",
                    "value": "Non-armored",
                    "unit": ""
                },
                {
                    "section": "General Specifications",
                    "property": "Subunit Type",
                    "value": "Gel-free",
                    "unit": ""
                },
                {
                    "section": "General Specifications",
                    "property": "Inner Jacket Color",
                    "value": "White",
                    "unit": ""
                },
                {
                    "section": "General Specifications",
                    "property": "Jacket Color",
                    "value": "Black",
                    "unit": ""
                }
            ]
        }
    ]
}