{
    "brand": "muRata",
    "parts": [
        {
            "reference": "PKM22EPPH4001-B0",
            "description": [
                {
                    "section": "Applications",
                    "text": "Please be sure to read and comply with these \"Precautions for use.\""
                },
                {
                    "section": "Applications",
                    "text": "Consumer equipment, Industrial Equipment Please refer to Our Website and specifications, etc. for information about the performance, functions, quality, management, and safety required for the above applications, and use Products after confirming the performance and reliability of the actual Product."
                },
                {
                    "section": "Features",
                    "text": "Externally driven piezoelectric sounders are used in digital watches, electronic calculators, telephones and other equipment. They are driven by a signal (ex.: 2048Hz or 4096Hz) from an LSI and provide melodious sound."
                },
                {
                    "section": "Features",
                    "text": "Features 1. Low power consumption 2. No noise and high reliability"
                }
            ],
            "key_value_pairs": [
                {
                    "section": "Applications",
                    "property": "Packaging",
                    "value": "-BO",
                    "unit": ""
                },
                {
                    "section": "Applications",
                    "property": "Specifications",
                    "value": "Bulk",
                    "unit": ""
                },
                {
                    "section": "Applications",
                    "property": "Standard Packing Quantity",
                    "value": "900",
                    "unit": ""
                }
            ]
        }
    ]
}