{
    "parts": [
        {
            "reference": "DOM-3027L-HD-R",
            "brand": "PUI Audio",
            "description": [
                {
                    "section": "General Description",
                    "text": "PUI Audio's all-new HD Series microphones use premium-grade FETs and diaphragms for high sensitivity and superior signal-to-noise ratio. Each microphone features GSM buzz-blocking capacitors. Upgrade the ECM microphone that you use today with a PUI Audio HD Series microphone."
                },
                {
                    "section": "Features",
                    "text": "The 8 mm diameter DOM-3027L-HD-R is designed for extreme fidelity, in even the quietest settings, from 20 Hz to 20 kHz."
                }
            ],
            "key_value_pairs": [
                {
                    "section": "Features",
                    "property": "Diameter",
                    "value": "8",
                    "unit": "mm"
                },
                {
                    "section": "Features",
                    "property": "Height",
                    "value": "3",
                    "unit": "mm"
                },
                {
                    "section": "Features",
                    "property": "Sensitivity",
                    "value": "-27",
                    "unit": "dB"
                },
                {
                    "section": "Features",
                    "property": "Signal-to-Noise Ratio",
                    "value": "77",
                    "unit": "dB"
                },
                {
                    "section": "Features",
                    "property": "Frequency Range",
                    "value": "20 to 20,000",
                    "unit": "Hz"
                },
                {
                    "section": "Specifications",
                    "property": "Sensitivity (1 kHz @ 50cm)",
                    "value": "-27 \u00b1 3",
                    "unit": "dB"
                },
                {
                    "section": "Specifications",
                    "property": "Rated Voltage",
                    "value": "3",
                    "unit": "VDC"
                },
                {
                    "section": "Specifications",
                    "property": "Output Impedance (@ 1 kHz)",
                    "value": "2.2",
                    "unit": "k\u03a9"
                },
                {
                    "section": "Specifications",
                    "property": "Current Consumption (3V with 2.2 k\u03a9 RL)",
                    "value": "500",
                    "unit": "\u03bcA"
                },
                {
                    "section": "Specifications",
                    "property": "Signal-to-Noise Ratio (1kHz, 94 dB input, A-weighted)",
                    "value": "77",
                    "unit": "dB"
                },
                {
                    "section": "Specifications",
                    "property": "Decreasing Voltage (3V to 2V)",
                    "value": "-3",
                    "unit": "dB"
                },
                {
                    "section": "Specifications",
                    "property": "Frequency Range",
                    "value": "20 to 20,000",
                    "unit": "Hz"
                },
                {
                    "section": "Specifications",
                    "property": "Operating Voltage Range",
                    "value": "1 to 10",
                    "unit": "VDC"
                },
                {
                    "section": "Specifications",
                    "property": "Maximum SPL Input (THD<3%)",
                    "value": "110",
                    "unit": "dB"
                },
                {
                    "section": "Specifications",
                    "property": "Directivity",
                    "value": "Omni-directional",
                    "unit": ""
                }
            ]
        }
    ]
}