{
    "brand": "WEFLO",
    "parts": [
        {
            "reference": "NO_REF",
            "description": [
                {
                    "section": "Specifications",
                    "text": "Small orifice release air under pressure during normal pipeline operation. The float is connected to the vent via a linkage mechanism which is capable of operating the vent under full pipeline pressure."
                },
                {
                    "section": "Corrosion Protection",
                    "text": "Fusion Bonded Coating Interior and Exterior meet or exceed all applicable of AWWA C550 Standard."
                }
            ],
            "key_value_pairs": [
                {
                    "section": "Material Specifications",
                    "property": "Body Material",
                    "value": "Ductile Iron",
                    "unit": ""
                },
                {
                    "section": "Material Specifications",
                    "property": "Cover Material",
                    "value": "Ductile Iron",
                    "unit": ""
                },
                {
                    "section": "Material Specifications",
                    "property": "Lever Frame Material",
                    "value": "Stainless Steel",
                    "unit": ""
                },
                {
                    "section": "Material Specifications",
                    "property": "Exhaust Nozzle Material",
                    "value": "Stainless Steel",
                    "unit": ""
                },
                {
                    "section": "Material Specifications",
                    "property": "Exhaust Nozzle Seat Material",
                    "value": "Rubber",
                    "unit": ""
                },
                {
                    "section": "Material Specifications",
                    "property": "Float Ball Material",
                    "value": "Stainless Steel",
                    "unit": ""
                },
                {
                    "section": "Material Specifications",
                    "property": "Ball Locator Material",
                    "value": "Stainless Steel",
                    "unit": ""
                },
                {
                    "section": "Material Specifications",
                    "property": "Float Arm Material",
                    "value": "Stainless Steel",
                    "unit": ""
                },
                {
                    "section": "Material Specifications",
                    "property": "Pivot Pin Material",
                    "value": "Stainless Steel",
                    "unit": ""
                },
                {
                    "section": "Material Specifications",
                    "property": "Body/Cover Gasket Material",
                    "value": "Rubber",
                    "unit": ""
                },
                {
                    "section": "Material Specifications",
                    "property": "Body EN Specification",
                    "value": "EN 1563 EN-GJS-450-10",
                    "unit": ""
                },
                {
                    "section": "Material Specifications",
                    "property": "Cover EN Specification",
                    "value": "EN 1563 EN-GJS-450-10",
                    "unit": ""
                },
                {
                    "section": "Material Specifications",
                    "property": "Lever Frame EN Specification",
                    "value": "EN 10088 X5CrNi18-10",
                    "unit": ""
                },
                {
                    "section": "Material Specifications",
                    "property": "Exhaust Nozzle EN Specification",
                    "value": "EN 10088 X5CrNi 18-10",
                    "unit": ""
                },
                {
                    "section": "Material Specifications",
                    "property": "Exhaust Nozzle Seat EN Specification",
                    "value": "EN 681 EPDM",
                    "unit": ""
                },
                {
                    "section": "Material Specifications",
                    "property": "Float Ball EN Specification",
                    "value": "EN 10088 X5CrNi18-10",
                    "unit": ""
                },
                {
                    "section": "Material Specifications",
                    "property": "Ball Locator EN Specification",
                    "value": "EN 10088 X5CrNi18-10",
                    "unit": ""
                },
                {
                    "section": "Material Specifications",
                    "property": "Float Arm EN Specification",
                    "value": "EN 10088 X5CrNi 18-10",
                    "unit": ""
                },
                {
                    "section": "Material Specifications",
                    "property": "Pivot Pin EN Specification",
                    "value": "EN 10088 X5CrNi18-10",
                    "unit": ""
                },
                {
                    "section": "Material Specifications",
                    "property": "Body/Cover Gasket EN Specification",
                    "value": "EN 681 EPDM",
                    "unit": ""
                },
                {
                    "section": "Material Specifications",
                    "property": "Body ASTM Specification",
                    "value": "A536 Grade 65-45-12",
                    "unit": ""
                },
                {
                    "section": "Material Specifications",
                    "property": "Cover ASTM Specification",
                    "value": "A536 Grade 65-45-12",
                    "unit": ""
                },
                {
                    "section": "Material Specifications",
                    "property": "Lever Frame ASTM Specification",
                    "value": "A276 Type 304",
                    "unit": ""
                },
                {
                    "section": "Material Specifications",
                    "property": "Exhaust Nozzle ASTM Specification",
                    "value": "A276 Type 304",
                    "unit": ""
                },
                {
                    "section": "Material Specifications",
                    "property": "Exhaust Nozzle Seat ASTM Specification",
                    "value": "D2000 EPDM",
                    "unit": ""
                },
                {
                    "section": "Material Specifications",
                    "property": "Float Ball ASTM Specification",
                    "value": "A276 Type 304",
                    "unit": ""
                },
                {
                    "section": "Material Specifications",
                    "property": "Ball Locator ASTM Specification",
                    "value": "A276 Type 304",
                    "unit": ""
                },
                {
                    "section": "Material Specifications",
                    "property": "Float Arm ASTM Specification",
                    "value": "A276 Type 304",
                    "unit": ""
                },
                {
                    "section": "Material Specifications",
                    "property": "Pivot Pin ASTM Specification",
                    "value": "A276 Type 304",
                    "unit": ""
                },
                {
                    "section": "Material Specifications",
                    "property": "Body/Cover Gasket ASTM Specification",
                    "value": "D2000 EPDM",
                    "unit": ""
                }
            ]
        }
    ]
}