{
    "brand": "ROSS",
    "parts": [
        {
            "reference": "NO_REF",
            "description": [],
            "key_value_pairs": [
                {
                    "section": "MATERIAL SPECIFICATIONS",
                    "property": "Body and End Caps",
                    "value": "Black Anodised Aluminium (Dural)",
                    "unit": ""
                },
                {
                    "section": "MATERIAL SPECIFICATIONS",
                    "property": "Low pressure Pilot end caps",
                    "value": "Natural Anodised Aluminium (Dural)",
                    "unit": ""
                },
                {
                    "section": "MATERIAL SPECIFICATIONS",
                    "property": "Spool",
                    "value": "Hard Anodised Aluminium PTFE Impregnated",
                    "unit": ""
                },
                {
                    "section": "MATERIAL SPECIFICATIONS",
                    "property": "Jet",
                    "value": "Brass",
                    "unit": ""
                },
                {
                    "section": "MATERIAL SPECIFICATIONS",
                    "property": "Spacers",
                    "value": "Glass Filled Acetal",
                    "unit": ""
                },
                {
                    "section": "MATERIAL SPECIFICATIONS",
                    "property": "Seals",
                    "value": "Nitrile (Alternative Seals Available)",
                    "unit": ""
                },
                {
                    "section": "MATERIAL SPECIFICATIONS",
                    "property": "Spring",
                    "value": "Music Wire",
                    "unit": ""
                },
                {
                    "section": "VALVE SPECIFICATIONS",
                    "property": "Port Connection Size",
                    "value": "1/8\" BSP",
                    "unit": ""
                },
                {
                    "section": "VALVE SPECIFICATIONS",
                    "property": "Working Pressure",
                    "value": "1.5 to 10",
                    "unit": "bar"
                },
                {
                    "section": "VALVE SPECIFICATIONS",
                    "property": "Minimum External Pilot Pressure",
                    "value": "1.5",
                    "unit": "bar"
                },
                {
                    "section": "VALVE SPECIFICATIONS",
                    "property": "Cv Factor",
                    "value": "0.3",
                    "unit": ""
                },
                {
                    "section": "VALVE SPECIFICATIONS",
                    "property": "Flow Rate (at 6 bar with 1 bar pressure drop)",
                    "value": "382",
                    "unit": "l/min"
                },
                {
                    "section": "VALVE SPECIFICATIONS",
                    "property": "Maximum Ambient Temperature",
                    "value": "+80",
                    "unit": "\u00b0C"
                },
                {
                    "section": "VALVE SPECIFICATIONS",
                    "property": "Minimum Working Temperature",
                    "value": "-20",
                    "unit": "\u00b0C"
                }
            ]
        }
    ]
}