{
    "brand": "",
    "parts": [
        {
            "reference": "FD1771-01",
            "description": [
                {
                    "section": "",
                    "text": "Floppy Disk Formatter/Controler"
                },
                {
                    "section": "FEATURES",
                    "text": "SYSTEM COMPATIBILITY Double Buffering of Data 8-Bit Bi-Directional Bus for Data, Control and Status DMA or Programmed Data Transfers All Inputs and Outputs are TTL Compatible"
                },
                {
                    "section": "FEATURES",
                    "text": "SOFT SECTOR FORMAT COMPATIBILITY"
                },
                {
                    "section": "FEATURES",
                    "text": "AUTOMATIC TRACK SEEK WITHVERIFICATION"
                },
                {
                    "section": "FEATURES",
                    "text": "READ MODE Single/Multiple Sector Search Sector or Entire Track Read Selectable 128 Write with Automatic Byte or Variable Length Sector"
                },
                {
                    "section": "APPLICATIONS",
                    "text": "FLOPPY DISK DRIVE INTERFACE"
                },
                {
                    "section": "FEATURES",
                    "text": "WRITE MODE Single/Multiple Sector Search Sector Write with Automatic Entire Track Write for Diskette Formatting"
                },
                {
                    "section": "APPLICATIONS",
                    "text": "SINGLE OR MULTIPLE DRIVE CONTROLLER/FORMATTER"
                },
                {
                    "section": "APPLICATIONS",
                    "text": "NEW MINI-FLOPPY CONTROLLER"
                },
                {
                    "section": "FEATURES",
                    "text": "PROGRAMMABLE CONTROLS Selectable Track-to-Track Stepping Time Selectable Head Settling and Head Engage Times Selectable Three Phase or Step and Direction and Head Positioning Motor Controls"
                },
                {
                    "section": "GENERAL DESCRIPTION",
                    "text": "The FD1771 is a MOS/LSI device that performs the functions of a Floppy Disk Controller/Formatter. The device is designed to be included in the disk drive electronics, and contains a flexible interface"
                }
            ],
            "key_value_pairs": []
        }
    ]
}