{
    "brand": "",
    "parts": [
        {
            "reference": "HD-EMB1005-LW25-R",
            "description": [
                {
                    "section": "Features:",
                    "text": "Designed to be driven with 3 VDC"
                },
                {
                    "section": "Features:",
                    "text": "25mm lead wires for easy implementation"
                },
                {
                    "section": "Features:",
                    "text": "Generates 17,000 RPMs with no more than 50 dBA acoustic noise"
                }
            ],
            "key_value_pairs": [
                {
                    "section": "Specifications",
                    "property": "Rated Voltage",
                    "value": "3",
                    "unit": "VDC"
                },
                {
                    "section": "Specifications",
                    "property": "Operating Voltage Range",
                    "value": "2.5 ~ 3.7",
                    "unit": "VDC"
                },
                {
                    "section": "Specifications",
                    "property": "Direction of Rotation",
                    "value": "CW/CCW",
                    "unit": ""
                },
                {
                    "section": "Specifications",
                    "property": "Terminal Resistance",
                    "value": "43 +/- 20%",
                    "unit": "Ohms"
                },
                {
                    "section": "Specifications",
                    "property": "Rated Speed (at 3 VDC)",
                    "value": "17,000 +/- 3,000",
                    "unit": "RPMs"
                },
                {
                    "section": "Specifications",
                    "property": "Rated Current (at 3 VDC)",
                    "value": "50",
                    "unit": "mA"
                },
                {
                    "section": "Specifications",
                    "property": "Locked Current (Max)",
                    "value": "90",
                    "unit": "mA"
                },
                {
                    "section": "Specifications",
                    "property": "Shaft Pull Strength",
                    "value": "3",
                    "unit": "Kg"
                },
                {
                    "section": "Specifications",
                    "property": "Shaft End Play (Max)",
                    "value": "0.3",
                    "unit": "mm"
                },
                {
                    "section": "Specifications",
                    "property": "Mechanical Noise (Max)",
                    "value": "50",
                    "unit": "dBA"
                },
                {
                    "section": "Specifications",
                    "property": "Housing Material",
                    "value": "SPC",
                    "unit": ""
                },
                {
                    "section": "Specifications",
                    "property": "Environmental Compliances",
                    "value": "RoHS/REACH",
                    "unit": ""
                },
                {
                    "section": "Specifications",
                    "property": "Weight",
                    "value": "0.8",
                    "unit": "Grams"
                },
                {
                    "section": "Specifications",
                    "property": "Storage Temperature",
                    "value": "-40 ~ +85",
                    "unit": "\u00b0C"
                },
                {
                    "section": "Specifications",
                    "property": "Operating Temperature",
                    "value": "-20 ~ +60",
                    "unit": "\u00b0C"
                }
            ]
        }
    ]
}