{
    "brand": "",
    "parts": [
        {
            "reference": "HD-EM0602-LW15-R",
            "description": [
                {
                    "section": "Features:",
                    "text": "Designed to be driven with 3 VDC"
                },
                {
                    "section": "Features:",
                    "text": "Brushless smallest motor with a built-in IC driver"
                },
                {
                    "section": "Features:",
                    "text": "High Reliability"
                },
                {
                    "section": "Features:",
                    "text": "Lead wire motor attached for easy assembly"
                },
                {
                    "section": "Features:",
                    "text": "Generates 15,000 RPMs with no more than 50 dBA acoustic noise"
                }
            ],
            "key_value_pairs": [
                {
                    "section": "Specifications",
                    "property": "Rated Voltage",
                    "value": "3.0",
                    "unit": "VDC"
                },
                {
                    "section": "Specifications",
                    "property": "Starting Voltage",
                    "value": "\u2264 2.5",
                    "unit": "VDC"
                },
                {
                    "section": "Specifications",
                    "property": "Operating Voltage Range",
                    "value": "2.7 ~ 3.3",
                    "unit": "VDC"
                },
                {
                    "section": "Specifications",
                    "property": "Vibration Strength",
                    "value": "0.4",
                    "unit": "G"
                },
                {
                    "section": "Specifications",
                    "property": "Insulation Resistance",
                    "value": "> 10M",
                    "unit": "Ohms"
                },
                {
                    "section": "Specifications",
                    "property": "Rated Speed",
                    "value": "15,000 +/- 3,000",
                    "unit": "RPM (@ 3 Vdc)"
                },
                {
                    "section": "Specifications",
                    "property": "Rated Current (Max)",
                    "value": "80",
                    "unit": "mA (@ 3 Vdc)"
                },
                {
                    "section": "Specifications",
                    "property": "Starting Current (Max)",
                    "value": "175",
                    "unit": "mA (@ 3 Vdc)"
                },
                {
                    "section": "Specifications",
                    "property": "Mechanical Noise (Max)",
                    "value": "50",
                    "unit": "dBA"
                },
                {
                    "section": "Specifications",
                    "property": "Environmental Compliances",
                    "value": "RoHS/REACH",
                    "unit": ""
                },
                {
                    "section": "Specifications",
                    "property": "Actuator Mass",
                    "value": "0.33",
                    "unit": "Grams"
                },
                {
                    "section": "Specifications",
                    "property": "Storage Temperature",
                    "value": "-30 ~ +85",
                    "unit": "\u00b0C"
                },
                {
                    "section": "Specifications",
                    "property": "Operating Temperature",
                    "value": "-20 ~ +60",
                    "unit": "\u00b0C"
                }
            ]
        }
    ]
}