{
    "brand": "",
    "parts": [
        {
            "reference": "290-065, 23-290-065, (51-610, 23-751-610, 751-628, 23-751-628, 25065A",
            "description": [
                {
                    "section": "Material Safety Data Sheet",
                    "text": "Emergency Overview at which substances no contains product The their given concentration are considered to be hazardous to health"
                },
                {
                    "section": "2. HAZARDS IDENTIFICATION",
                    "text": "See Section 11 for additional Toxicological information."
                }
            ],
            "key_value_pairs": [
                {
                    "section": "1. PRODUCT AND COMPANY IDENTIFICATION",
                    "property": "Creation Date",
                    "value": "29-Dec-2009",
                    "unit": ""
                },
                {
                    "section": "1. PRODUCT AND COMPANY IDENTIFICATION",
                    "property": "Revision Date",
                    "value": "29-Dec-2009",
                    "unit": ""
                },
                {
                    "section": "1. PRODUCT AND COMPANY IDENTIFICATION",
                    "property": "Revision Number",
                    "value": "1",
                    "unit": ""
                },
                {
                    "section": "1. PRODUCT AND COMPANY IDENTIFICATION",
                    "property": "Product Name",
                    "value": "Deionized Water",
                    "unit": ""
                },
                {
                    "section": "1. PRODUCT AND COMPANY IDENTIFICATION",
                    "property": "Cat No.",
                    "value": "290-065, 23-290-065, (51-610, 23-751-610, 751-628, 23-751-628, 25065A",
                    "unit": ""
                },
                {
                    "section": "1. PRODUCT AND COMPANY IDENTIFICATION",
                    "property": "Synonyms",
                    "value": "No information available.",
                    "unit": ""
                },
                {
                    "section": "1. PRODUCT AND COMPANY IDENTIFICATION",
                    "property": "Recommended Use",
                    "value": "In vitro diagnostic",
                    "unit": ""
                },
                {
                    "section": "1. PRODUCT AND COMPANY IDENTIFICATION",
                    "property": "Company",
                    "value": "Fisher Diagnostics A Division of Fisher Scientific Company, LLC A Part of Thermo Fisher Scientific, Inc. 8365 Valley Pike Middletown, VA 22645-1905 Tel: (800) 528-0494",
                    "unit": ""
                },
                {
                    "section": "1. PRODUCT AND COMPANY IDENTIFICATION",
                    "property": "Emergency Telephone Number",
                    "value": "Chemtrec US: (800) 424-9300 Chemtrec EU: (202) 483-7616",
                    "unit": ""
                },
                {
                    "section": "2. HAZARDS IDENTIFICATION",
                    "property": "Appearance",
                    "value": "Colorless",
                    "unit": ""
                },
                {
                    "section": "2. HAZARDS IDENTIFICATION",
                    "property": "Physical State",
                    "value": "Liquid",
                    "unit": ""
                },
                {
                    "section": "2. HAZARDS IDENTIFICATION",
                    "property": "Odor",
                    "value": "odorless",
                    "unit": ""
                },
                {
                    "section": "2. HAZARDS IDENTIFICATION",
                    "property": "Target Organs",
                    "value": "None known.",
                    "unit": ""
                },
                {
                    "section": "2. HAZARDS IDENTIFICATION",
                    "property": "Potential Health Effects",
                    "value": "",
                    "unit": ""
                },
                {
                    "section": "2. HAZARDS IDENTIFICATION",
                    "property": "Acute Effects",
                    "value": "",
                    "unit": ""
                },
                {
                    "section": "2. HAZARDS IDENTIFICATION",
                    "property": "Principle Routes of Exposure",
                    "value": "",
                    "unit": ""
                },
                {
                    "section": "2. HAZARDS IDENTIFICATION",
                    "property": "Eyes",
                    "value": "No hazard from product as supplied.",
                    "unit": ""
                },
                {
                    "section": "2. HAZARDS IDENTIFICATION",
                    "property": "Skin",
                    "value": "No hazard from product as supplied.",
                    "unit": ""
                },
                {
                    "section": "2. HAZARDS IDENTIFICATION",
                    "property": "Inhalation",
                    "value": "Low hazard for usual industrial or commercial handling.",
                    "unit": ""
                },
                {
                    "section": "2. HAZARDS IDENTIFICATION",
                    "property": "Ingestion",
                    "value": "Low hazard for usual industrial or commercial handling.",
                    "unit": ""
                },
                {
                    "section": "2. HAZARDS IDENTIFICATION",
                    "property": "Chronic Effects",
                    "value": "None known.",
                    "unit": ""
                },
                {
                    "section": "2. HAZARDS IDENTIFICATION",
                    "property": "Aggravated Medical Conditions",
                    "value": "No information available.",
                    "unit": ""
                }
            ]
        }
    ]
}