{
    "brand": "",
    "parts": [
        {
            "reference": "BVIRF-M",
            "description": [
                {
                    "section": "TECHNICAL DATA SHEET",
                    "text": "Straight, for FCI connectors with metric female thread"
                },
                {
                    "section": "TECHNICAL DATA SHEET",
                    "text": "IP68, polyamide fitting for flexible non- metallic conduit"
                },
                {
                    "section": "Applications:",
                    "text": "For cable protection systems in a wide range of applications"
                },
                {
                    "section": "Conforms to:",
                    "text": "EN 45545-2 HL3 (R22 & R23)"
                },
                {
                    "section": "Conforms to:",
                    "text": "NFPA130"
                },
                {
                    "section": "Conforms to:",
                    "text": "UL 94 (VO)"
                },
                {
                    "section": "Features & Benefits:",
                    "text": "Easy installation: simple push fit assembly"
                },
                {
                    "section": "Features & Benefits:",
                    "text": "Very high impact resistance"
                },
                {
                    "section": "Features & Benefits:",
                    "text": "Vibration-proof connection to PMA conduits"
                },
                {
                    "section": "Weathering resistance:",
                    "text": "Very good UV resistance and weathering characteristics"
                },
                {
                    "section": "Features & Benefits:",
                    "text": "High conduit pull-out strength"
                },
                {
                    "section": "Features & Benefits:",
                    "text": "Can be easily re-opened with a screwdriver"
                },
                {
                    "section": "Features & Benefits:",
                    "text": "Very good chemical properties fine (T) and coarse (G)"
                },
                {
                    "section": "Colour:",
                    "text": "Black"
                },
                {
                    "section": "Features & Benefits:",
                    "text": "Fits both conduit profiles"
                },
                {
                    "section": "Features & Benefits:",
                    "text": "FCI connector series Souriau 838 is additional sealed with"
                },
                {
                    "section": "Chemical properties:",
                    "text": "Please refer to www.pma.ch (Technical Information / Chemical Resistance)"
                },
                {
                    "section": "Features & Benefits:",
                    "text": "O-ring (IP68)"
                },
                {
                    "section": "Ingress protection:",
                    "text": "IP66, IP68 & IP69 (EN/IEC 60529)"
                },
                {
                    "section": "Environmental properties:",
                    "text": "Free from halogens and cadmium"
                },
                {
                    "section": "Ingress protection:",
                    "text": "IP69, 100 bar with Water impact protection (WPS-ring)"
                },
                {
                    "section": "Environmental properties:",
                    "text": "RoHS and REACH compliant"
                },
                {
                    "section": "Materials:",
                    "text": "High-grade, specially formulated polyamide 6"
                },
                {
                    "section": "Compatible with:",
                    "text": "PMAFLEX Pro Conduits"
                },
                {
                    "section": "Compatible with:",
                    "text": "PMAFLEX Multilayer Conduits"
                },
                {
                    "section": "Compatible with:",
                    "text": "PMAFLEX Conduits"
                },
                {
                    "section": "Compatible with:",
                    "text": "PMA Smart Line Conduits"
                },
                {
                    "section": "Compatible with:",
                    "text": "FCI connector series Souriau 838"
                },
                {
                    "section": "Content of delivery:",
                    "text": "Fitting with conduit locking clip (OVN2)"
                },
                {
                    "section": "Assembly instructions:",
                    "text": "Please consider the appropriate assembly instructions on www.pma.ch"
                },
                {
                    "section": "Content of delivery:",
                    "text": "Conduit gasket (NVN3)"
                }
            ],
            "key_value_pairs": [
                {
                    "section": "Mechanical Properties:",
                    "property": "Tensile modulus ISO 527 Value:",
                    "value": "1'200 : 3'700 N/mm?",
                    "unit": ""
                },
                {
                    "section": "Mechanical Properties:",
                    "property": "Tensiles strength ISO 527 Value:",
                    "value": "45... 65 N/mm2",
                    "unit": ""
                },
                {
                    "section": "Mechanical Properties:",
                    "property": "Notched bar impact test ISO 180/1C Value:",
                    "value": "4... 201 kJ/m?",
                    "unit": ""
                },
                {
                    "section": "Mechanical Properties:",
                    "property": "Vibration and shock standard IEC 61373, IEC 60068-2-27, /-64 Value:",
                    "value": "Cat. 2",
                    "unit": ""
                },
                {
                    "section": "Thermal properties:",
                    "property": "Continuous application temperature PMA DO 9.21-4510 Value:",
                    "value": "-50. . +105\u00b0C",
                    "unit": ""
                },
                {
                    "section": "Thermal properties:",
                    "property": "Upper application temperature PMA DO 9.21-4360 Value:",
                    "value": "+120\u00b0C",
                    "unit": ""
                },
                {
                    "section": "Thermal properties:",
                    "property": "Upper application temperature PMA DO 9.21-4360 Test parameters:",
                    "value": "(20'000 h)",
                    "unit": ""
                },
                {
                    "section": "Thermal properties:",
                    "property": "Short-term PMAI DO 9.21-4360 Value:",
                    "value": "+160\u00b0C",
                    "unit": ""
                },
                {
                    "section": "Thermal properties:",
                    "property": "Short-term PMAI DO 9.21-4360 Test parameters:",
                    "value": "(168 h)",
                    "unit": ""
                },
                {
                    "section": "Fire safety properties:",
                    "property": "Fire performance IEC EN 61386-1 Value:",
                    "value": "non flame-propagating",
                    "unit": ""
                },
                {
                    "section": "Fire safety properties:",
                    "property": "Flame class UL 94 Value:",
                    "value": "VO",
                    "unit": ""
                },
                {
                    "section": "Fire safety properties:",
                    "property": "Firel hazard level EN 45545-2 (R22) Value:",
                    "value": "HL3",
                    "unit": ""
                },
                {
                    "section": "Fire safety properties:",
                    "property": "Oxygen index ENI ISO 4589-2 Value:",
                    "value": "> 32 %",
                    "unit": ""
                },
                {
                    "section": "Fire safety properties:",
                    "property": "Smoke density ENI ISO 5659-2 (25 kW/m2) Value:",
                    "value": "< 150 Ds max.",
                    "unit": ""
                },
                {
                    "section": "Fire safety properties:",
                    "property": "Toxicity NF FX7 70-100-1/-2: (600\u00b0C) Value:",
                    "value": "< 0.75 CITNLP",
                    "unit": ""
                },
                {
                    "section": "Fire safety properties:",
                    "property": "Fire hazard level EN 45545-2 (R23) Value:",
                    "value": "HL3",
                    "unit": ""
                },
                {
                    "section": "Fire safety properties:",
                    "property": "Oxygen index ENI ISO 4589-2 Value:",
                    "value": "> 32%",
                    "unit": ""
                },
                {
                    "section": "Fire safety properties:",
                    "property": "Smoke density ENI ISO 5659-2 (25 kW/m2) Value:",
                    "value": "< 3001",
                    "unit": ""
                },
                {
                    "section": "Fire safety properties:",
                    "property": "Smoke density ENI ISO 5659-2 (25 kW/m2) Value:",
                    "value": "Ds max.",
                    "unit": ""
                },
                {
                    "section": "Fire safety properties:",
                    "property": "Toxicity NF X7 70-100-1/-2: (600\u00b0C) Value:",
                    "value": "< 1.5 CITNLP",
                    "unit": ""
                },
                {
                    "section": "Fire safety properties:",
                    "property": "Flammability ASTM E 162 Value:",
                    "value": "compliant",
                    "unit": ""
                },
                {
                    "section": "Fire safety properties:",
                    "property": "Smoke density ASTM E 662 Value:",
                    "value": "compliant",
                    "unit": ""
                },
                {
                    "section": "Fire safety properties:",
                    "property": "Heat and visible smoke ASTME E1 1354 Value:",
                    "value": "26.00 MJ/kg",
                    "unit": ""
                },
                {
                    "section": "Fire safety properties:",
                    "property": "Smoke emission toxicity Bombardier SMP 800-C Value:",
                    "value": "compliant",
                    "unit": ""
                },
                {
                    "section": "Fire safety properties:",
                    "property": "Smoke emission toxicity Boeing BSS 7241 Value:",
                    "value": "compliant",
                    "unit": ""
                }
            ]
        }
    ]
}