{
    "brand": "",
    "parts": [
        {
            "reference": "LV563308",
            "description": [
                {
                    "section": "",
                    "text": "circuit breaker, CVS630F, 36kA EasyPact at 415VAC, 500A, TM-D unit, trip 4P3d"
                }
            ],
            "key_value_pairs": [
                {
                    "section": "Main",
                    "property": "Range",
                    "value": "EasyPact",
                    "unit": ""
                },
                {
                    "section": "Main",
                    "property": "Range of product",
                    "value": "EasyPact CVS400..630",
                    "unit": ""
                },
                {
                    "section": "Main",
                    "property": "Product name",
                    "value": "EasyPact CVS",
                    "unit": ""
                },
                {
                    "section": "Main",
                    "property": "Device short name",
                    "value": "CVS630F",
                    "unit": ""
                },
                {
                    "section": "Main",
                    "property": "product or component type",
                    "value": "Circuit breaker",
                    "unit": ""
                },
                {
                    "section": "Main",
                    "property": "Device application",
                    "value": "Distribution",
                    "unit": ""
                },
                {
                    "section": "Main",
                    "property": "poles description",
                    "value": "4P",
                    "unit": ""
                },
                {
                    "section": "Main",
                    "property": "Protected poles description",
                    "value": "3D",
                    "unit": ""
                },
                {
                    "section": "Main",
                    "property": "Earth leakage protection (Vigi add on)",
                    "value": "Without",
                    "unit": ""
                },
                {
                    "section": "Main",
                    "property": "[In] rated current",
                    "value": "500A at 40 \u00b0C",
                    "unit": ""
                },
                {
                    "section": "Main",
                    "property": "Networkt type",
                    "value": "AC",
                    "unit": ""
                },
                {
                    "section": "Main",
                    "property": "Utilisation category",
                    "value": "Category A",
                    "unit": ""
                },
                {
                    "section": "Main",
                    "property": "[lcu] Breaking capacity",
                    "value": "40 kA Icu at 220/240 V AC 50/60 Hz conforming to IEC 60947-2",
                    "unit": ""
                },
                {
                    "section": "Main",
                    "property": "[lcu] Breaking capacity",
                    "value": "36 kA Icu at 380/415 V AC 50/60 Hz conforming to IEC 60947-2",
                    "unit": ""
                },
                {
                    "section": "Main",
                    "property": "[lcu] Breaking capacity",
                    "value": "301 kA Icu at 440 V AC 50/60 Hz conforming to IEC 60947-2",
                    "unit": ""
                },
                {
                    "section": "Main",
                    "property": "Trip unit name",
                    "value": "TM-D",
                    "unit": ""
                },
                {
                    "section": "Main",
                    "property": "Trip unit technology",
                    "value": "Thermal-magnetic",
                    "unit": ""
                },
                {
                    "section": "Main",
                    "property": "Trip unit rating",
                    "value": "500A at 40 \u00b0C",
                    "unit": ""
                },
                {
                    "section": "Main",
                    "property": "Protectiont type",
                    "value": "Short-circuit protection (magnetic)",
                    "unit": ""
                },
                {
                    "section": "Main",
                    "property": "Protectiont type",
                    "value": "Overload protection (thermal)",
                    "unit": ""
                },
                {
                    "section": "Complementary",
                    "property": "[Uimp] rated impulse withstand voltage",
                    "value": "8kV conforming to EN/IEC 60947-2",
                    "unit": ""
                },
                {
                    "section": "Complementary",
                    "property": "Network frequency",
                    "value": "50/60 Hz",
                    "unit": ""
                },
                {
                    "section": "Complementary",
                    "property": "Breaking capacity code",
                    "value": "F",
                    "unit": ""
                },
                {
                    "section": "Complementary",
                    "property": "[lcs] rated service breaking capacity",
                    "value": "40 kA at 220/240 V AC5 50/60 Hz conforming to IEC 60947-2",
                    "unit": ""
                },
                {
                    "section": "Complementary",
                    "property": "[lcs] rated service breaking capacity",
                    "value": "36 kA at 380/415 V AC 50/60 Hz conforming to IEC 60947-2",
                    "unit": ""
                },
                {
                    "section": "Complementary",
                    "property": "[lcs] rated service breaking capacity",
                    "value": "231 kA at 440 V AC 50/60 Hz conforming to IEC 60947-2",
                    "unit": ""
                },
                {
                    "section": "Complementary",
                    "property": "Neutral position",
                    "value": "Left",
                    "unit": ""
                },
                {
                    "section": "Complementary",
                    "property": "Mechanical durability",
                    "value": "15000 cycles",
                    "unit": ""
                },
                {
                    "section": "Complementary",
                    "property": "Electrical durability",
                    "value": "4000 cycles 415 V In conforming to IEC 60947-2",
                    "unit": ""
                },
                {
                    "section": "Complementary",
                    "property": "Control type",
                    "value": "Toggle",
                    "unit": ""
                },
                {
                    "section": "Complementary",
                    "property": "Thermal protection adjustment range",
                    "value": "350...500 A",
                    "unit": ""
                },
                {
                    "section": "Complementary",
                    "property": "Neutral protection setting",
                    "value": "No protection (3D)",
                    "unit": ""
                },
                {
                    "section": "Complementary",
                    "property": "Long time pick-up adjustment type Ir",
                    "value": "Adjustable",
                    "unit": ""
                },
                {
                    "section": "Complementary",
                    "property": "long time pick-up adjustment range",
                    "value": "0.7..1 x ln",
                    "unit": ""
                },
                {
                    "section": "Complementary",
                    "property": "Long time delay adjustment type",
                    "value": "Fixed",
                    "unit": ""
                },
                {
                    "section": "Complementary",
                    "property": "Instantaneous pick-up adjustment type II",
                    "value": "Adjustable",
                    "unit": ""
                },
                {
                    "section": "Complementary",
                    "property": "instantaneous pick-up adjustment range",
                    "value": "5...10 x ln",
                    "unit": ""
                },
                {
                    "section": "Complementary",
                    "property": "Contactp position indicator",
                    "value": "Yes",
                    "unit": ""
                },
                {
                    "section": "Complementary",
                    "property": "mounting support",
                    "value": "Backplate",
                    "unit": ""
                },
                {
                    "section": "Complementary",
                    "property": "mounting mode",
                    "value": "Fixed",
                    "unit": ""
                },
                {
                    "section": "Complementary",
                    "property": "Upside connection",
                    "value": "Front",
                    "unit": ""
                },
                {
                    "section": "Complementary",
                    "property": "downside connection",
                    "value": "Front",
                    "unit": ""
                },
                {
                    "section": "Complementary",
                    "property": "Connections terminals",
                    "value": "Screw connection",
                    "unit": ""
                },
                {
                    "section": "Complementary",
                    "property": "Connection pitch",
                    "value": "45",
                    "unit": "mm"
                },
                {
                    "section": "Complementary",
                    "property": "Compatibility code",
                    "value": "CVS630",
                    "unit": ""
                },
                {
                    "section": "Complementary",
                    "property": "Width",
                    "value": "185mm",
                    "unit": ""
                },
                {
                    "section": "Complementary",
                    "property": "Depth",
                    "value": "110mm",
                    "unit": ""
                },
                {
                    "section": "Complementary",
                    "property": "Height",
                    "value": "255",
                    "unit": "mm"
                },
                {
                    "section": "Complementary",
                    "property": "net weight",
                    "value": "7.11",
                    "unit": "kg"
                },
                {
                    "section": "Environment",
                    "property": "Standards",
                    "value": "IEC 60947-2",
                    "unit": ""
                },
                {
                    "section": "Environment",
                    "property": "Standards",
                    "value": "EN 60947-2",
                    "unit": ""
                },
                {
                    "section": "Environment",
                    "property": "Product certifications",
                    "value": "IEC",
                    "unit": ""
                },
                {
                    "section": "Environment",
                    "property": "Product certifications",
                    "value": "GOST",
                    "unit": ""
                },
                {
                    "section": "Environment",
                    "property": "Electrical shock protection class",
                    "value": "Class II",
                    "unit": ""
                },
                {
                    "section": "Environment",
                    "property": "Pollution degree",
                    "value": "3conforming to IEC 60664-1",
                    "unit": ""
                },
                {
                    "section": "Environment",
                    "property": "IP degree of protection",
                    "value": "IP40",
                    "unit": ""
                },
                {
                    "section": "Environment",
                    "property": "Ambient air temperature for operation",
                    "value": "-25...70",
                    "unit": "\u00b0C"
                },
                {
                    "section": "Environment",
                    "property": "Ambient air temperature for storage",
                    "value": "-50...85",
                    "unit": "\u00b0C"
                },
                {
                    "section": "Packing Units",
                    "property": "Unit Type of Package 1",
                    "value": "PCE",
                    "unit": ""
                },
                {
                    "section": "Packing Units",
                    "property": "Number of Units in Package 1",
                    "value": "1",
                    "unit": ""
                },
                {
                    "section": "Packing Units",
                    "property": "Package 1 Height",
                    "value": "24.4cm",
                    "unit": ""
                },
                {
                    "section": "Packing Units",
                    "property": "Package 1 Width",
                    "value": "21.0cm",
                    "unit": ""
                },
                {
                    "section": "Packing Units",
                    "property": "Package 1 Length",
                    "value": "30.0cm",
                    "unit": ""
                },
                {
                    "section": "Packing Units",
                    "property": "Package 1 Weight",
                    "value": "8.039",
                    "unit": "kg"
                },
                {
                    "section": "Packing Units",
                    "property": "Unit Type of Package 2",
                    "value": "S03",
                    "unit": ""
                },
                {
                    "section": "Packing Units",
                    "property": "Number of Units in Package 2",
                    "value": "2",
                    "unit": ""
                },
                {
                    "section": "Packing Units",
                    "property": "Package 2 Height",
                    "value": "30",
                    "unit": "cm"
                },
                {
                    "section": "Packing Units",
                    "property": "Package 2 Width",
                    "value": "30",
                    "unit": "cm"
                },
                {
                    "section": "Packing Units",
                    "property": "Package 2 Length",
                    "value": "40",
                    "unit": "cm"
                },
                {
                    "section": "Packing Units",
                    "property": "Package 2 Weight",
                    "value": "16.078",
                    "unit": "kg"
                }
            ]
        }
    ]
}