{
    "brand": "",
    "parts": [
        {
            "reference": "7846340000",
            "description": [
                {
                    "section": "",
                    "text": "BOILER VALVE (hot water)"
                },
                {
                    "section": "OBJECTIVE",
                    "text": "The objective of this product is to cut off the hot water flow in the heating system."
                },
                {
                    "section": "APPLICATIONS",
                    "text": "The application for which it has been designed is as an appliance valve, installed directly to the heating boiler. For any other application, please consult to our technical department."
                },
                {
                    "section": "LEAK-TIGHTNESS. SYSTEM",
                    "text": "The leak-tightness system is by spherical shutter (ball) assembled between two PTFE seats."
                },
                {
                    "section": "TECHNICAL FEATURES",
                    "text": "Red colour handle as a distinctive of hot water."
                },
                {
                    "section": "OPERATION",
                    "text": "To close the flow, turn the handle clackwise. Once closed, the flow the handle must be perpendicular to direction."
                },
                {
                    "section": "TECHNICAL FEATURES",
                    "text": "Maximum working temperature: +95\u00b0 C."
                },
                {
                    "section": "TECHNICAL FEATURES",
                    "text": "Minimum working temperature: -20\u00b0 C."
                },
                {
                    "section": "OPERATION",
                    "text": "To open the flow, tum the handle anticlockwise. Once opened, the handle must be parallel to the flow direction."
                },
                {
                    "section": "TECHNICAL FEATURES",
                    "text": "Operating torque: see the above table."
                },
                {
                    "section": "OPERATION",
                    "text": "To ensure the correct valve operation, it is absolutely necessary that the valve does not remain NEVER in intermediate positions of opening or clasing under any reason."
                },
                {
                    "section": "TECHNICAL FEATURES",
                    "text": "Maximum working pressure: 16 bar."
                },
                {
                    "section": "TECHNICAL FEATURES",
                    "text": "Although these valves have no predetermined flow direction, itis recommended that the inlet flow be by the male thread and the outlet flow be by the free nut."
                },
                {
                    "section": "OPERATION",
                    "text": "It is recommend realising opening and closing movements of the valve, along its 90 degrees of tum, once a month at least."
                }
            ],
            "key_value_pairs": [
                {
                    "section": "LEAK-TIGHTNESS. SYSTEM",
                    "property": "Handle screw MATERIAL",
                    "value": "Stainless steel 304",
                    "unit": ""
                },
                {
                    "section": "LEAK-TIGHTNESS. SYSTEM",
                    "property": "Handle MATERIAL",
                    "value": "Aluminium alloy",
                    "unit": ""
                },
                {
                    "section": "LEAK-TIGHTNESS. SYSTEM",
                    "property": "Shaft MATERIAL",
                    "value": "Brass",
                    "unit": ""
                },
                {
                    "section": "LEAK-TIGHTNESS. SYSTEM",
                    "property": "Shaft O-rings MATERIAL",
                    "value": "NBR",
                    "unit": ""
                },
                {
                    "section": "LEAK-TIGHTNESS. SYSTEM",
                    "property": "Free nut MATERIAL",
                    "value": "Brass",
                    "unit": ""
                },
                {
                    "section": "LEAK-TIGHTNESS. SYSTEM",
                    "property": "Lateral bonnet MATERIAL",
                    "value": "Brass",
                    "unit": ""
                },
                {
                    "section": "LEAK-TIGHTNESS. SYSTEM",
                    "property": "Spherical shutter (Ball) MATERIAL",
                    "value": "Brass",
                    "unit": ""
                },
                {
                    "section": "LEAK-TIGHTNESS. SYSTEM",
                    "property": "Seats MATERIAL",
                    "value": "P.T.F.E.",
                    "unit": ""
                },
                {
                    "section": "LEAK-TIGHTNESS. SYSTEM",
                    "property": "Valve bady MATERIAL",
                    "value": "Brass",
                    "unit": ""
                },
                {
                    "section": "LEAK-TIGHTNESS. SYSTEM",
                    "property": "DN",
                    "value": "20",
                    "unit": ""
                },
                {
                    "section": "LEAK-TIGHTNESS. SYSTEM",
                    "property": "Operating torque",
                    "value": "<=7 Nx m",
                    "unit": ""
                },
                {
                    "section": "LEAK-TIGHTNESS. SYSTEM",
                    "property": "R1",
                    "value": "3/4\" Mala",
                    "unit": ""
                },
                {
                    "section": "LEAK-TIGHTNESS. SYSTEM",
                    "property": "R2",
                    "value": "3/4\" Free nut",
                    "unit": ""
                },
                {
                    "section": "LEAK-TIGHTNESS. SYSTEM",
                    "property": "INNER BOX",
                    "value": "10 units",
                    "unit": ""
                },
                {
                    "section": "LEAK-TIGHTNESS. SYSTEM",
                    "property": "CARTON BOX",
                    "value": "100 units",
                    "unit": ""
                },
                {
                    "section": "LEAK-TIGHTNESS. SYSTEM",
                    "property": "EAN",
                    "value": "8435085523243",
                    "unit": ""
                }
            ]
        }
    ]
}