{
    "brand": "",
    "parts": [
        {
            "reference": "RTT80",
            "description": [
                {
                    "section": "Specifications",
                    "text": "Temperature transmitter with dual advanced diagnostics, 3- wire RTD channels, and SIL 2/3 certification."
                }
            ],
            "key_value_pairs": [
                {
                    "section": "Main",
                    "property": "Range of product",
                    "value": "Temperature",
                    "unit": ""
                },
                {
                    "section": "Main",
                    "property": "Product or component type",
                    "value": "Temperature transmitter",
                    "unit": ""
                },
                {
                    "section": "Main",
                    "property": "Type of measurement",
                    "value": "Temperature",
                    "unit": ""
                },
                {
                    "section": "Main",
                    "property": "Product specific application",
                    "value": "Water and waste water",
                    "unit": ""
                },
                {
                    "section": "Main",
                    "property": "Market segment",
                    "value": "Oil and gas",
                    "unit": ""
                },
                {
                    "section": "Main",
                    "property": "Market segment",
                    "value": "Paper and pulp",
                    "unit": ""
                },
                {
                    "section": "Main",
                    "property": "Market segment",
                    "value": "Chemical",
                    "unit": ""
                },
                {
                    "section": "Main",
                    "property": "Market segment",
                    "value": "Pharmaceutical",
                    "unit": ""
                },
                {
                    "section": "Complementary",
                    "property": "Analogue input type",
                    "value": "RTD",
                    "unit": ""
                },
                {
                    "section": "Complementary",
                    "property": "Analogue input type",
                    "value": "Thermocouple",
                    "unit": ""
                },
                {
                    "section": "Complementary",
                    "property": "Analogue input type",
                    "value": "Resistor",
                    "unit": ""
                },
                {
                    "section": "Complementary",
                    "property": "Analogue input type",
                    "value": "Voltage",
                    "unit": ""
                },
                {
                    "section": "Complementary",
                    "property": "Communication port protocol",
                    "value": "HART, 4... .20",
                    "unit": "mA"
                },
                {
                    "section": "Complementary",
                    "property": "Communication port protocol",
                    "value": "FOUNDATION fieldbus",
                    "unit": "mA"
                },
                {
                    "section": "Complementary",
                    "property": "Measurement range",
                    "value": "270...1300",
                    "unit": "oF"
                },
                {
                    "section": "Complementary",
                    "property": "Measurement range",
                    "value": "454...2372",
                    "unit": "oF"
                },
                {
                    "section": "Complementary",
                    "property": "Network and machine diagnosis type",
                    "value": "Sensor broken",
                    "unit": ""
                },
                {
                    "section": "Complementary",
                    "property": "Network and machine diagnosis type",
                    "value": "Sensor shorted",
                    "unit": ""
                },
                {
                    "section": "Complementary",
                    "property": "Network and machine diagnosis type",
                    "value": "Sensor corrosion",
                    "unit": ""
                },
                {
                    "section": "Complementary",
                    "property": "Network and machine diagnosis type",
                    "value": "Drift detection",
                    "unit": ""
                },
                {
                    "section": "Complementary",
                    "property": "Measurement accuracy",
                    "value": "+/- 0.32 \u00b0C with thermocouple K",
                    "unit": ""
                },
                {
                    "section": "Complementary",
                    "property": "Measurement accuracy",
                    "value": "+/- 14 \u00b0C with RTD PT100",
                    "unit": ""
                },
                {
                    "section": "Complementary",
                    "property": "Safety level",
                    "value": "SIL2",
                    "unit": ""
                },
                {
                    "section": "Environment",
                    "property": "Product certifications",
                    "value": "FM",
                    "unit": ""
                },
                {
                    "section": "Environment",
                    "property": "Product certifications",
                    "value": "CSA",
                    "unit": ""
                },
                {
                    "section": "Environment",
                    "property": "Product certifications",
                    "value": "ATEX",
                    "unit": ""
                },
                {
                    "section": "Environment",
                    "property": "Product certifications",
                    "value": "IECEX",
                    "unit": ""
                },
                {
                    "section": "Environment",
                    "property": "Standards",
                    "value": "DIN",
                    "unit": ""
                },
                {
                    "section": "Offer Sustainability",
                    "property": "Sustainable offer status",
                    "value": "Green Premium product",
                    "unit": ""
                },
                {
                    "section": "Offer Sustainability",
                    "property": "REACH Regulation",
                    "value": "REACh Declaration",
                    "unit": ""
                },
                {
                    "section": "Offer Sustainability",
                    "property": "EU RoHS Directive",
                    "value": "Compliant",
                    "unit": ""
                },
                {
                    "section": "Offer Sustainability",
                    "property": "EU RoHS Directive",
                    "value": "EU RoHS Declaration",
                    "unit": ""
                },
                {
                    "section": "Offer Sustainability",
                    "property": "Mercury free",
                    "value": "Yes",
                    "unit": ""
                },
                {
                    "section": "Offer Sustainability",
                    "property": "RoHS exemption information",
                    "value": "Yes",
                    "unit": ""
                },
                {
                    "section": "Offer Sustainability",
                    "property": "China RoHS Regulation",
                    "value": "China RoHS declaration",
                    "unit": ""
                },
                {
                    "section": "Offer Sustainability",
                    "property": "Environmental Disclosure",
                    "value": "Product Environmental Profile",
                    "unit": ""
                },
                {
                    "section": "Offer Sustainability",
                    "property": "Circularity Profile",
                    "value": "End ofL Life Information",
                    "unit": ""
                },
                {
                    "section": "Offer Sustainability",
                    "property": "WEEE",
                    "value": "The product must be disposed on European Union markets following specific waste collection and never end upi in rubbish bins",
                    "unit": ""
                },
                {
                    "section": "Offer Sustainability",
                    "property": "California proposition 65",
                    "value": "WARNING: This product can expose you to chemicals including: Lead and lead compounds, which is known tot the State of California to other cause cancer and birth defects or reproductive harm. For more information go to www.P65Wamings.ca.gov",
                    "unit": ""
                }
            ]
        }
    ]
}