{
    "objects": [
        {
            "index": 0,
            "bbox": [
                [
                    492,
                    775
                ],
                [
                    492,
                    809
                ],
                [
                    1511,
                    809
                ],
                [
                    1511,
                    775
                ]
            ],
            "label": "TableRow"
        },
        {
            "index": 1,
            "bbox": [
                [
                    1237,
                    671
                ],
                [
                    1237,
                    831
                ],
                [
                    1325,
                    831
                ],
                [
                    1325,
                    671
                ]
            ],
            "label": "TableCol"
        },
        {
            "index": 2,
            "bbox": [
                [
                    1004,
                    671
                ],
                [
                    1004,
                    831
                ],
                [
                    1235,
                    831
                ],
                [
                    1235,
                    671
                ]
            ],
            "label": "TableCol"
        },
        {
            "index": 3,
            "bbox": [
                [
                    494,
                    671
                ],
                [
                    494,
                    831
                ],
                [
                    688,
                    831
                ],
                [
                    688,
                    671
                ]
            ],
            "label": "TableCol"
        },
        {
            "index": 4,
            "bbox": [
                [
                    492,
                    669
                ],
                [
                    492,
                    773
                ],
                [
                    1511,
                    773
                ],
                [
                    1511,
                    669
                ]
            ],
            "label": "TableRow"
        },
        {
            "index": 5,
            "bbox": [
                [
                    1327,
                    671
                ],
                [
                    1327,
                    831
                ],
                [
                    1423,
                    831
                ],
                [
                    1423,
                    671
                ]
            ],
            "label": "TableCol"
        },
        {
            "index": 6,
            "bbox": [
                [
                    839,
                    671
                ],
                [
                    839,
                    831
                ],
                [
                    1002,
                    831
                ],
                [
                    1002,
                    671
                ]
            ],
            "label": "TableCol"
        },
        {
            "index": 7,
            "bbox": [
                [
                    1425,
                    671
                ],
                [
                    1425,
                    831
                ],
                [
                    1509,
                    831
                ],
                [
                    1509,
                    671
                ]
            ],
            "label": "TableCol"
        },
        {
            "index": 8,
            "bbox": [
                [
                    492,
                    811
                ],
                [
                    492,
                    833
                ],
                [
                    1511,
                    833
                ],
                [
                    1511,
                    811
                ]
            ],
            "label": "TableRow"
        },
        {
            "index": 9,
            "bbox": [
                [
                    690,
                    671
                ],
                [
                    690,
                    831
                ],
                [
                    837,
                    831
                ],
                [
                    837,
                    671
                ]
            ],
            "label": "TableCol"
        },
        {
            "index": 10,
            "bbox": [
                [
                    490,
                    667
                ],
                [
                    490,
                    835
                ],
                [
                    1513,
                    835
                ],
                [
                    1513,
                    667
                ]
            ],
            "label": "Table"
        },
        {
            "index": 11,
            "bbox": [
                [
                    491,
                    1148
                ],
                [
                    491,
                    1192
                ],
                [
                    1502,
                    1192
                ],
                [
                    1502,
                    1148
                ]
            ],
            "label": "TableRow"
        },
        {
            "index": 12,
            "bbox": [
                [
                    1235,
                    1087
                ],
                [
                    1235,
                    1214
                ],
                [
                    1326,
                    1214
                ],
                [
                    1326,
                    1087
                ]
            ],
            "label": "TableCol"
        },
        {
            "index": 13,
            "bbox": [
                [
                    1004,
                    1087
                ],
                [
                    1004,
                    1214
                ],
                [
                    1233,
                    1214
                ],
                [
                    1233,
                    1087
                ]
            ],
            "label": "TableCol"
        },
        {
            "index": 14,
            "bbox": [
                [
                    493,
                    1087
                ],
                [
                    493,
                    1214
                ],
                [
                    689,
                    1214
                ],
                [
                    689,
                    1087
                ]
            ],
            "label": "TableCol"
        },
        {
            "index": 15,
            "bbox": [
                [
                    491,
                    1085
                ],
                [
                    491,
                    1146
                ],
                [
                    1502,
                    1146
                ],
                [
                    1502,
                    1085
                ]
            ],
            "label": "TableRow"
        },
        {
            "index": 16,
            "bbox": [
                [
                    1328,
                    1087
                ],
                [
                    1328,
                    1214
                ],
                [
                    1424,
                    1214
                ],
                [
                    1424,
                    1087
                ]
            ],
            "label": "TableCol"
        },
        {
            "index": 17,
            "bbox": [
                [
                    841,
                    1087
                ],
                [
                    841,
                    1214
                ],
                [
                    1002,
                    1214
                ],
                [
                    1002,
                    1087
                ]
            ],
            "label": "TableCol"
        },
        {
            "index": 18,
            "bbox": [
                [
                    1426,
                    1087
                ],
                [
                    1426,
                    1214
                ],
                [
                    1500,
                    1214
                ],
                [
                    1500,
                    1087
                ]
            ],
            "label": "TableCol"
        },
        {
            "index": 19,
            "bbox": [
                [
                    491,
                    1194
                ],
                [
                    491,
                    1216
                ],
                [
                    1502,
                    1216
                ],
                [
                    1502,
                    1194
                ]
            ],
            "label": "TableRow"
        },
        {
            "index": 20,
            "bbox": [
                [
                    691,
                    1087
                ],
                [
                    691,
                    1214
                ],
                [
                    839,
                    1214
                ],
                [
                    839,
                    1087
                ]
            ],
            "label": "TableCol"
        },
        {
            "index": 21,
            "bbox": [
                [
                    489,
                    1083
                ],
                [
                    489,
                    1218
                ],
                [
                    1504,
                    1218
                ],
                [
                    1504,
                    1083
                ]
            ],
            "label": "Table"
        },
        {
            "index": 22,
            "bbox": [
                [
                    492,
                    1531
                ],
                [
                    492,
                    1576
                ],
                [
                    1499,
                    1576
                ],
                [
                    1499,
                    1531
                ]
            ],
            "label": "TableRow"
        },
        {
            "index": 23,
            "bbox": [
                [
                    1235,
                    1471
                ],
                [
                    1235,
                    1598
                ],
                [
                    1325,
                    1598
                ],
                [
                    1325,
                    1471
                ]
            ],
            "label": "TableCol"
        },
        {
            "index": 24,
            "bbox": [
                [
                    1231,
                    1467
                ],
                [
                    1231,
                    1572
                ],
                [
                    1320,
                    1572
                ],
                [
                    1320,
                    1467
                ]
            ],
            "label": "TableSpanningCell"
        },
        {
            "index": 25,
            "bbox": [
                [
                    1016,
                    1471
                ],
                [
                    1016,
                    1598
                ],
                [
                    1233,
                    1598
                ],
                [
                    1233,
                    1471
                ]
            ],
            "label": "TableCol"
        },
        {
            "index": 26,
            "bbox": [
                [
                    494,
                    1471
                ],
                [
                    494,
                    1598
                ],
                [
                    690,
                    1598
                ],
                [
                    690,
                    1471
                ]
            ],
            "label": "TableCol"
        },
        {
            "index": 27,
            "bbox": [
                [
                    492,
                    1469
                ],
                [
                    492,
                    1529
                ],
                [
                    1499,
                    1529
                ],
                [
                    1499,
                    1469
                ]
            ],
            "label": "TableRow"
        },
        {
            "index": 28,
            "bbox": [
                [
                    1327,
                    1471
                ],
                [
                    1327,
                    1598
                ],
                [
                    1424,
                    1598
                ],
                [
                    1424,
                    1471
                ]
            ],
            "label": "TableCol"
        },
        {
            "index": 29,
            "bbox": [
                [
                    836,
                    1471
                ],
                [
                    836,
                    1598
                ],
                [
                    1014,
                    1598
                ],
                [
                    1014,
                    1471
                ]
            ],
            "label": "TableCol"
        },
        {
            "index": 30,
            "bbox": [
                [
                    1426,
                    1471
                ],
                [
                    1426,
                    1598
                ],
                [
                    1497,
                    1598
                ],
                [
                    1497,
                    1471
                ]
            ],
            "label": "TableCol"
        },
        {
            "index": 31,
            "bbox": [
                [
                    492,
                    1578
                ],
                [
                    492,
                    1600
                ],
                [
                    1499,
                    1600
                ],
                [
                    1499,
                    1578
                ]
            ],
            "label": "TableRow"
        },
        {
            "index": 32,
            "bbox": [
                [
                    692,
                    1471
                ],
                [
                    692,
                    1598
                ],
                [
                    834,
                    1598
                ],
                [
                    834,
                    1471
                ]
            ],
            "label": "TableCol"
        },
        {
            "index": 33,
            "bbox": [
                [
                    1425,
                    1468
                ],
                [
                    1425,
                    1567
                ],
                [
                    1505,
                    1567
                ],
                [
                    1505,
                    1468
                ]
            ],
            "label": "TableSpanningCell"
        },
        {
            "index": 34,
            "bbox": [
                [
                    1323,
                    1467
                ],
                [
                    1323,
                    1572
                ],
                [
                    1420,
                    1572
                ],
                [
                    1420,
                    1467
                ]
            ],
            "label": "TableSpanningCell"
        },
        {
            "index": 35,
            "bbox": [
                [
                    490,
                    1467
                ],
                [
                    490,
                    1602
                ],
                [
                    1501,
                    1602
                ],
                [
                    1501,
                    1467
                ]
            ],
            "label": "Table"
        }
    ]
}