{
    "objects": [
        {
            "index": 0,
            "bbox": [
                [
                    491,
                    626
                ],
                [
                    491,
                    673
                ],
                [
                    1499,
                    673
                ],
                [
                    1499,
                    626
                ]
            ],
            "label": "TableRow"
        },
        {
            "index": 1,
            "bbox": [
                [
                    1233,
                    571
                ],
                [
                    1233,
                    698
                ],
                [
                    1323,
                    698
                ],
                [
                    1323,
                    571
                ]
            ],
            "label": "TableCol"
        },
        {
            "index": 2,
            "bbox": [
                [
                    1231,
                    567
                ],
                [
                    1231,
                    671
                ],
                [
                    1320,
                    671
                ],
                [
                    1320,
                    567
                ]
            ],
            "label": "TableSpanningCell"
        },
        {
            "index": 3,
            "bbox": [
                [
                    1023,
                    571
                ],
                [
                    1023,
                    698
                ],
                [
                    1231,
                    698
                ],
                [
                    1231,
                    571
                ]
            ],
            "label": "TableCol"
        },
        {
            "index": 4,
            "bbox": [
                [
                    493,
                    571
                ],
                [
                    493,
                    698
                ],
                [
                    687,
                    698
                ],
                [
                    687,
                    571
                ]
            ],
            "label": "TableCol"
        },
        {
            "index": 5,
            "bbox": [
                [
                    491,
                    569
                ],
                [
                    491,
                    624
                ],
                [
                    1499,
                    624
                ],
                [
                    1499,
                    569
                ]
            ],
            "label": "TableRow"
        },
        {
            "index": 6,
            "bbox": [
                [
                    1325,
                    571
                ],
                [
                    1325,
                    698
                ],
                [
                    1422,
                    698
                ],
                [
                    1422,
                    571
                ]
            ],
            "label": "TableCol"
        },
        {
            "index": 7,
            "bbox": [
                [
                    838,
                    571
                ],
                [
                    838,
                    698
                ],
                [
                    1021,
                    698
                ],
                [
                    1021,
                    571
                ]
            ],
            "label": "TableCol"
        },
        {
            "index": 8,
            "bbox": [
                [
                    1424,
                    571
                ],
                [
                    1424,
                    698
                ],
                [
                    1497,
                    698
                ],
                [
                    1497,
                    571
                ]
            ],
            "label": "TableCol"
        },
        {
            "index": 9,
            "bbox": [
                [
                    491,
                    675
                ],
                [
                    491,
                    700
                ],
                [
                    1499,
                    700
                ],
                [
                    1499,
                    675
                ]
            ],
            "label": "TableRow"
        },
        {
            "index": 10,
            "bbox": [
                [
                    689,
                    571
                ],
                [
                    689,
                    698
                ],
                [
                    836,
                    698
                ],
                [
                    836,
                    571
                ]
            ],
            "label": "TableCol"
        },
        {
            "index": 11,
            "bbox": [
                [
                    1424,
                    568
                ],
                [
                    1424,
                    667
                ],
                [
                    1505,
                    667
                ],
                [
                    1505,
                    568
                ]
            ],
            "label": "TableSpanningCell"
        },
        {
            "index": 12,
            "bbox": [
                [
                    485,
                    567
                ],
                [
                    485,
                    670
                ],
                [
                    686,
                    670
                ],
                [
                    686,
                    567
                ]
            ],
            "label": "TableSpanningCell"
        },
        {
            "index": 13,
            "bbox": [
                [
                    1323,
                    567
                ],
                [
                    1323,
                    671
                ],
                [
                    1419,
                    671
                ],
                [
                    1419,
                    567
                ]
            ],
            "label": "TableSpanningCell"
        },
        {
            "index": 14,
            "bbox": [
                [
                    684,
                    567
                ],
                [
                    684,
                    670
                ],
                [
                    829,
                    670
                ],
                [
                    829,
                    567
                ]
            ],
            "label": "TableSpanningCell"
        },
        {
            "index": 15,
            "bbox": [
                [
                    489,
                    567
                ],
                [
                    489,
                    702
                ],
                [
                    1501,
                    702
                ],
                [
                    1501,
                    567
                ]
            ],
            "label": "Table"
        },
        {
            "index": 16,
            "bbox": [
                [
                    492,
                    1046
                ],
                [
                    492,
                    1090
                ],
                [
                    1502,
                    1090
                ],
                [
                    1502,
                    1046
                ]
            ],
            "label": "TableRow"
        },
        {
            "index": 17,
            "bbox": [
                [
                    1233,
                    987
                ],
                [
                    1233,
                    1115
                ],
                [
                    1323,
                    1115
                ],
                [
                    1323,
                    987
                ]
            ],
            "label": "TableCol"
        },
        {
            "index": 18,
            "bbox": [
                [
                    1229,
                    983
                ],
                [
                    1229,
                    1089
                ],
                [
                    1319,
                    1089
                ],
                [
                    1319,
                    983
                ]
            ],
            "label": "TableSpanningCell"
        },
        {
            "index": 19,
            "bbox": [
                [
                    1024,
                    987
                ],
                [
                    1024,
                    1115
                ],
                [
                    1231,
                    1115
                ],
                [
                    1231,
                    987
                ]
            ],
            "label": "TableCol"
        },
        {
            "index": 20,
            "bbox": [
                [
                    494,
                    987
                ],
                [
                    494,
                    1115
                ],
                [
                    688,
                    1115
                ],
                [
                    688,
                    987
                ]
            ],
            "label": "TableCol"
        },
        {
            "index": 21,
            "bbox": [
                [
                    492,
                    985
                ],
                [
                    492,
                    1044
                ],
                [
                    1502,
                    1044
                ],
                [
                    1502,
                    985
                ]
            ],
            "label": "TableRow"
        },
        {
            "index": 22,
            "bbox": [
                [
                    1325,
                    987
                ],
                [
                    1325,
                    1115
                ],
                [
                    1422,
                    1115
                ],
                [
                    1422,
                    987
                ]
            ],
            "label": "TableCol"
        },
        {
            "index": 23,
            "bbox": [
                [
                    836,
                    987
                ],
                [
                    836,
                    1115
                ],
                [
                    1022,
                    1115
                ],
                [
                    1022,
                    987
                ]
            ],
            "label": "TableCol"
        },
        {
            "index": 24,
            "bbox": [
                [
                    1424,
                    987
                ],
                [
                    1424,
                    1115
                ],
                [
                    1500,
                    1115
                ],
                [
                    1500,
                    987
                ]
            ],
            "label": "TableCol"
        },
        {
            "index": 25,
            "bbox": [
                [
                    492,
                    1092
                ],
                [
                    492,
                    1117
                ],
                [
                    1502,
                    1117
                ],
                [
                    1502,
                    1092
                ]
            ],
            "label": "TableRow"
        },
        {
            "index": 26,
            "bbox": [
                [
                    690,
                    987
                ],
                [
                    690,
                    1115
                ],
                [
                    834,
                    1115
                ],
                [
                    834,
                    987
                ]
            ],
            "label": "TableCol"
        },
        {
            "index": 27,
            "bbox": [
                [
                    1425,
                    984
                ],
                [
                    1425,
                    1084
                ],
                [
                    1508,
                    1084
                ],
                [
                    1508,
                    984
                ]
            ],
            "label": "TableSpanningCell"
        },
        {
            "index": 28,
            "bbox": [
                [
                    485,
                    984
                ],
                [
                    485,
                    1088
                ],
                [
                    687,
                    1088
                ],
                [
                    687,
                    984
                ]
            ],
            "label": "TableSpanningCell"
        },
        {
            "index": 29,
            "bbox": [
                [
                    1322,
                    983
                ],
                [
                    1322,
                    1088
                ],
                [
                    1420,
                    1088
                ],
                [
                    1420,
                    983
                ]
            ],
            "label": "TableSpanningCell"
        },
        {
            "index": 30,
            "bbox": [
                [
                    684,
                    984
                ],
                [
                    684,
                    1089
                ],
                [
                    827,
                    1089
                ],
                [
                    827,
                    984
                ]
            ],
            "label": "TableSpanningCell"
        },
        {
            "index": 31,
            "bbox": [
                [
                    490,
                    983
                ],
                [
                    490,
                    1119
                ],
                [
                    1504,
                    1119
                ],
                [
                    1504,
                    983
                ]
            ],
            "label": "Table"
        },
        {
            "index": 32,
            "bbox": [
                [
                    491,
                    1535
                ],
                [
                    491,
                    1574
                ],
                [
                    1498,
                    1574
                ],
                [
                    1498,
                    1535
                ]
            ],
            "label": "TableRow"
        },
        {
            "index": 33,
            "bbox": [
                [
                    1233,
                    1471
                ],
                [
                    1233,
                    1598
                ],
                [
                    1322,
                    1598
                ],
                [
                    1322,
                    1471
                ]
            ],
            "label": "TableCol"
        },
        {
            "index": 34,
            "bbox": [
                [
                    1229,
                    1467
                ],
                [
                    1229,
                    1572
                ],
                [
                    1319,
                    1572
                ],
                [
                    1319,
                    1467
                ]
            ],
            "label": "TableSpanningCell"
        },
        {
            "index": 35,
            "bbox": [
                [
                    1018,
                    1471
                ],
                [
                    1018,
                    1598
                ],
                [
                    1231,
                    1598
                ],
                [
                    1231,
                    1471
                ]
            ],
            "label": "TableCol"
        },
        {
            "index": 36,
            "bbox": [
                [
                    493,
                    1471
                ],
                [
                    493,
                    1598
                ],
                [
                    687,
                    1598
                ],
                [
                    687,
                    1471
                ]
            ],
            "label": "TableCol"
        },
        {
            "index": 37,
            "bbox": [
                [
                    491,
                    1469
                ],
                [
                    491,
                    1533
                ],
                [
                    1498,
                    1533
                ],
                [
                    1498,
                    1469
                ]
            ],
            "label": "TableRow"
        },
        {
            "index": 38,
            "bbox": [
                [
                    1324,
                    1471
                ],
                [
                    1324,
                    1598
                ],
                [
                    1421,
                    1598
                ],
                [
                    1421,
                    1471
                ]
            ],
            "label": "TableCol"
        },
        {
            "index": 39,
            "bbox": [
                [
                    835,
                    1471
                ],
                [
                    835,
                    1598
                ],
                [
                    1016,
                    1598
                ],
                [
                    1016,
                    1471
                ]
            ],
            "label": "TableCol"
        },
        {
            "index": 40,
            "bbox": [
                [
                    1423,
                    1471
                ],
                [
                    1423,
                    1598
                ],
                [
                    1496,
                    1598
                ],
                [
                    1496,
                    1471
                ]
            ],
            "label": "TableCol"
        },
        {
            "index": 41,
            "bbox": [
                [
                    491,
                    1576
                ],
                [
                    491,
                    1600
                ],
                [
                    1498,
                    1600
                ],
                [
                    1498,
                    1576
                ]
            ],
            "label": "TableRow"
        },
        {
            "index": 42,
            "bbox": [
                [
                    689,
                    1471
                ],
                [
                    689,
                    1598
                ],
                [
                    833,
                    1598
                ],
                [
                    833,
                    1471
                ]
            ],
            "label": "TableCol"
        },
        {
            "index": 43,
            "bbox": [
                [
                    1425,
                    1468
                ],
                [
                    1425,
                    1568
                ],
                [
                    1504,
                    1568
                ],
                [
                    1504,
                    1468
                ]
            ],
            "label": "TableSpanningCell"
        },
        {
            "index": 44,
            "bbox": [
                [
                    485,
                    1467
                ],
                [
                    485,
                    1572
                ],
                [
                    685,
                    1572
                ],
                [
                    685,
                    1467
                ]
            ],
            "label": "TableSpanningCell"
        },
        {
            "index": 45,
            "bbox": [
                [
                    1321,
                    1467
                ],
                [
                    1321,
                    1572
                ],
                [
                    1420,
                    1572
                ],
                [
                    1420,
                    1467
                ]
            ],
            "label": "TableSpanningCell"
        },
        {
            "index": 46,
            "bbox": [
                [
                    684,
                    1467
                ],
                [
                    684,
                    1573
                ],
                [
                    826,
                    1573
                ],
                [
                    826,
                    1467
                ]
            ],
            "label": "TableSpanningCell"
        },
        {
            "index": 47,
            "bbox": [
                [
                    489,
                    1467
                ],
                [
                    489,
                    1602
                ],
                [
                    1500,
                    1602
                ],
                [
                    1500,
                    1467
                ]
            ],
            "label": "Table"
        },
        {
            "index": 48,
            "bbox": [
                [
                    491,
                    1912
                ],
                [
                    491,
                    1957
                ],
                [
                    1497,
                    1957
                ],
                [
                    1497,
                    1912
                ]
            ],
            "label": "TableRow"
        },
        {
            "index": 49,
            "bbox": [
                [
                    1235,
                    1855
                ],
                [
                    1235,
                    1981
                ],
                [
                    1324,
                    1981
                ],
                [
                    1324,
                    1855
                ]
            ],
            "label": "TableCol"
        },
        {
            "index": 50,
            "bbox": [
                [
                    1233,
                    1851
                ],
                [
                    1233,
                    1954
                ],
                [
                    1321,
                    1954
                ],
                [
                    1321,
                    1851
                ]
            ],
            "label": "TableSpanningCell"
        },
        {
            "index": 51,
            "bbox": [
                [
                    1002,
                    1855
                ],
                [
                    1002,
                    1981
                ],
                [
                    1233,
                    1981
                ],
                [
                    1233,
                    1855
                ]
            ],
            "label": "TableCol"
        },
        {
            "index": 52,
            "bbox": [
                [
                    493,
                    1855
                ],
                [
                    493,
                    1981
                ],
                [
                    686,
                    1981
                ],
                [
                    686,
                    1855
                ]
            ],
            "label": "TableCol"
        },
        {
            "index": 53,
            "bbox": [
                [
                    491,
                    1853
                ],
                [
                    491,
                    1910
                ],
                [
                    1497,
                    1910
                ],
                [
                    1497,
                    1853
                ]
            ],
            "label": "TableRow"
        },
        {
            "index": 54,
            "bbox": [
                [
                    1326,
                    1855
                ],
                [
                    1326,
                    1981
                ],
                [
                    1422,
                    1981
                ],
                [
                    1422,
                    1855
                ]
            ],
            "label": "TableCol"
        },
        {
            "index": 55,
            "bbox": [
                [
                    839,
                    1855
                ],
                [
                    839,
                    1981
                ],
                [
                    1000,
                    1981
                ],
                [
                    1000,
                    1855
                ]
            ],
            "label": "TableCol"
        },
        {
            "index": 56,
            "bbox": [
                [
                    1424,
                    1855
                ],
                [
                    1424,
                    1981
                ],
                [
                    1495,
                    1981
                ],
                [
                    1495,
                    1855
                ]
            ],
            "label": "TableCol"
        },
        {
            "index": 57,
            "bbox": [
                [
                    491,
                    1959
                ],
                [
                    491,
                    1983
                ],
                [
                    1497,
                    1983
                ],
                [
                    1497,
                    1959
                ]
            ],
            "label": "TableRow"
        },
        {
            "index": 58,
            "bbox": [
                [
                    688,
                    1855
                ],
                [
                    688,
                    1981
                ],
                [
                    837,
                    1981
                ],
                [
                    837,
                    1855
                ]
            ],
            "label": "TableCol"
        },
        {
            "index": 59,
            "bbox": [
                [
                    1424,
                    1852
                ],
                [
                    1424,
                    1949
                ],
                [
                    1503,
                    1949
                ],
                [
                    1503,
                    1852
                ]
            ],
            "label": "TableSpanningCell"
        },
        {
            "index": 60,
            "bbox": [
                [
                    485,
                    1851
                ],
                [
                    485,
                    1953
                ],
                [
                    685,
                    1953
                ],
                [
                    685,
                    1851
                ]
            ],
            "label": "TableSpanningCell"
        },
        {
            "index": 61,
            "bbox": [
                [
                    1323,
                    1851
                ],
                [
                    1323,
                    1952
                ],
                [
                    1419,
                    1952
                ],
                [
                    1419,
                    1851
                ]
            ],
            "label": "TableSpanningCell"
        },
        {
            "index": 62,
            "bbox": [
                [
                    682,
                    1851
                ],
                [
                    682,
                    1953
                ],
                [
                    829,
                    1953
                ],
                [
                    829,
                    1851
                ]
            ],
            "label": "TableSpanningCell"
        },
        {
            "index": 63,
            "bbox": [
                [
                    489,
                    1851
                ],
                [
                    489,
                    1985
                ],
                [
                    1499,
                    1985
                ],
                [
                    1499,
                    1851
                ]
            ],
            "label": "Table"
        }
    ]
}