{
    "objects": [
        {
            "index": 0,
            "bbox": [
                [
                    492,
                    695
                ],
                [
                    492,
                    740
                ],
                [
                    1504,
                    740
                ],
                [
                    1504,
                    695
                ]
            ],
            "label": "TableRow"
        },
        {
            "index": 1,
            "bbox": [
                [
                    1232,
                    637
                ],
                [
                    1232,
                    764
                ],
                [
                    1322,
                    764
                ],
                [
                    1322,
                    637
                ]
            ],
            "label": "TableCol"
        },
        {
            "index": 2,
            "bbox": [
                [
                    1229,
                    633
                ],
                [
                    1229,
                    738
                ],
                [
                    1319,
                    738
                ],
                [
                    1319,
                    633
                ]
            ],
            "label": "TableSpanningCell"
        },
        {
            "index": 3,
            "bbox": [
                [
                    1021,
                    637
                ],
                [
                    1021,
                    764
                ],
                [
                    1230,
                    764
                ],
                [
                    1230,
                    637
                ]
            ],
            "label": "TableCol"
        },
        {
            "index": 4,
            "bbox": [
                [
                    494,
                    637
                ],
                [
                    494,
                    764
                ],
                [
                    688,
                    764
                ],
                [
                    688,
                    637
                ]
            ],
            "label": "TableCol"
        },
        {
            "index": 5,
            "bbox": [
                [
                    492,
                    635
                ],
                [
                    492,
                    693
                ],
                [
                    1504,
                    693
                ],
                [
                    1504,
                    635
                ]
            ],
            "label": "TableRow"
        },
        {
            "index": 6,
            "bbox": [
                [
                    1324,
                    637
                ],
                [
                    1324,
                    764
                ],
                [
                    1422,
                    764
                ],
                [
                    1422,
                    637
                ]
            ],
            "label": "TableCol"
        },
        {
            "index": 7,
            "bbox": [
                [
                    836,
                    637
                ],
                [
                    836,
                    764
                ],
                [
                    1019,
                    764
                ],
                [
                    1019,
                    637
                ]
            ],
            "label": "TableCol"
        },
        {
            "index": 8,
            "bbox": [
                [
                    1424,
                    637
                ],
                [
                    1424,
                    764
                ],
                [
                    1502,
                    764
                ],
                [
                    1502,
                    637
                ]
            ],
            "label": "TableCol"
        },
        {
            "index": 9,
            "bbox": [
                [
                    492,
                    742
                ],
                [
                    492,
                    766
                ],
                [
                    1504,
                    766
                ],
                [
                    1504,
                    742
                ]
            ],
            "label": "TableRow"
        },
        {
            "index": 10,
            "bbox": [
                [
                    690,
                    637
                ],
                [
                    690,
                    764
                ],
                [
                    834,
                    764
                ],
                [
                    834,
                    637
                ]
            ],
            "label": "TableCol"
        },
        {
            "index": 11,
            "bbox": [
                [
                    1425,
                    634
                ],
                [
                    1425,
                    734
                ],
                [
                    1509,
                    734
                ],
                [
                    1509,
                    634
                ]
            ],
            "label": "TableSpanningCell"
        },
        {
            "index": 12,
            "bbox": [
                [
                    485,
                    633
                ],
                [
                    485,
                    738
                ],
                [
                    687,
                    738
                ],
                [
                    687,
                    633
                ]
            ],
            "label": "TableSpanningCell"
        },
        {
            "index": 13,
            "bbox": [
                [
                    1321,
                    633
                ],
                [
                    1321,
                    738
                ],
                [
                    1420,
                    738
                ],
                [
                    1420,
                    633
                ]
            ],
            "label": "TableSpanningCell"
        },
        {
            "index": 14,
            "bbox": [
                [
                    684,
                    633
                ],
                [
                    684,
                    738
                ],
                [
                    827,
                    738
                ],
                [
                    827,
                    633
                ]
            ],
            "label": "TableSpanningCell"
        },
        {
            "index": 15,
            "bbox": [
                [
                    490,
                    633
                ],
                [
                    490,
                    768
                ],
                [
                    1506,
                    768
                ],
                [
                    1506,
                    633
                ]
            ],
            "label": "Table"
        },
        {
            "index": 16,
            "bbox": [
                [
                    492,
                    1140
                ],
                [
                    492,
                    1190
                ],
                [
                    1502,
                    1190
                ],
                [
                    1502,
                    1140
                ]
            ],
            "label": "TableRow"
        },
        {
            "index": 17,
            "bbox": [
                [
                    1233,
                    1088
                ],
                [
                    1233,
                    1215
                ],
                [
                    1324,
                    1215
                ],
                [
                    1324,
                    1088
                ]
            ],
            "label": "TableCol"
        },
        {
            "index": 18,
            "bbox": [
                [
                    1230,
                    1084
                ],
                [
                    1230,
                    1188
                ],
                [
                    1320,
                    1188
                ],
                [
                    1320,
                    1084
                ]
            ],
            "label": "TableSpanningCell"
        },
        {
            "index": 19,
            "bbox": [
                [
                    1023,
                    1088
                ],
                [
                    1023,
                    1215
                ],
                [
                    1231,
                    1215
                ],
                [
                    1231,
                    1088
                ]
            ],
            "label": "TableCol"
        },
        {
            "index": 20,
            "bbox": [
                [
                    494,
                    1088
                ],
                [
                    494,
                    1215
                ],
                [
                    687,
                    1215
                ],
                [
                    687,
                    1088
                ]
            ],
            "label": "TableCol"
        },
        {
            "index": 21,
            "bbox": [
                [
                    492,
                    1086
                ],
                [
                    492,
                    1138
                ],
                [
                    1502,
                    1138
                ],
                [
                    1502,
                    1086
                ]
            ],
            "label": "TableRow"
        },
        {
            "index": 22,
            "bbox": [
                [
                    1326,
                    1088
                ],
                [
                    1326,
                    1215
                ],
                [
                    1422,
                    1215
                ],
                [
                    1422,
                    1088
                ]
            ],
            "label": "TableCol"
        },
        {
            "index": 23,
            "bbox": [
                [
                    836,
                    1088
                ],
                [
                    836,
                    1215
                ],
                [
                    1021,
                    1215
                ],
                [
                    1021,
                    1088
                ]
            ],
            "label": "TableCol"
        },
        {
            "index": 24,
            "bbox": [
                [
                    1424,
                    1088
                ],
                [
                    1424,
                    1215
                ],
                [
                    1500,
                    1215
                ],
                [
                    1500,
                    1088
                ]
            ],
            "label": "TableCol"
        },
        {
            "index": 25,
            "bbox": [
                [
                    492,
                    1192
                ],
                [
                    492,
                    1217
                ],
                [
                    1502,
                    1217
                ],
                [
                    1502,
                    1192
                ]
            ],
            "label": "TableRow"
        },
        {
            "index": 26,
            "bbox": [
                [
                    689,
                    1088
                ],
                [
                    689,
                    1215
                ],
                [
                    834,
                    1215
                ],
                [
                    834,
                    1088
                ]
            ],
            "label": "TableCol"
        },
        {
            "index": 27,
            "bbox": [
                [
                    1424,
                    1085
                ],
                [
                    1424,
                    1183
                ],
                [
                    1508,
                    1183
                ],
                [
                    1508,
                    1085
                ]
            ],
            "label": "TableSpanningCell"
        },
        {
            "index": 28,
            "bbox": [
                [
                    485,
                    1084
                ],
                [
                    485,
                    1186
                ],
                [
                    686,
                    1186
                ],
                [
                    686,
                    1084
                ]
            ],
            "label": "TableSpanningCell"
        },
        {
            "index": 29,
            "bbox": [
                [
                    1323,
                    1084
                ],
                [
                    1323,
                    1186
                ],
                [
                    1419,
                    1186
                ],
                [
                    1419,
                    1084
                ]
            ],
            "label": "TableSpanningCell"
        },
        {
            "index": 30,
            "bbox": [
                [
                    683,
                    1085
                ],
                [
                    683,
                    1186
                ],
                [
                    828,
                    1186
                ],
                [
                    828,
                    1085
                ]
            ],
            "label": "TableSpanningCell"
        },
        {
            "index": 31,
            "bbox": [
                [
                    490,
                    1084
                ],
                [
                    490,
                    1219
                ],
                [
                    1504,
                    1219
                ],
                [
                    1504,
                    1084
                ]
            ],
            "label": "Table"
        },
        {
            "index": 32,
            "bbox": [
                [
                    493,
                    1691
                ],
                [
                    493,
                    1740
                ],
                [
                    1508,
                    1740
                ],
                [
                    1508,
                    1691
                ]
            ],
            "label": "TableRow"
        },
        {
            "index": 33,
            "bbox": [
                [
                    1234,
                    1638
                ],
                [
                    1234,
                    1765
                ],
                [
                    1325,
                    1765
                ],
                [
                    1325,
                    1638
                ]
            ],
            "label": "TableCol"
        },
        {
            "index": 34,
            "bbox": [
                [
                    1231,
                    1634
                ],
                [
                    1231,
                    1738
                ],
                [
                    1321,
                    1738
                ],
                [
                    1321,
                    1634
                ]
            ],
            "label": "TableSpanningCell"
        },
        {
            "index": 35,
            "bbox": [
                [
                    1024,
                    1638
                ],
                [
                    1024,
                    1765
                ],
                [
                    1232,
                    1765
                ],
                [
                    1232,
                    1638
                ]
            ],
            "label": "TableCol"
        },
        {
            "index": 36,
            "bbox": [
                [
                    495,
                    1638
                ],
                [
                    495,
                    1765
                ],
                [
                    687,
                    1765
                ],
                [
                    687,
                    1638
                ]
            ],
            "label": "TableCol"
        },
        {
            "index": 37,
            "bbox": [
                [
                    493,
                    1636
                ],
                [
                    493,
                    1689
                ],
                [
                    1508,
                    1689
                ],
                [
                    1508,
                    1636
                ]
            ],
            "label": "TableRow"
        },
        {
            "index": 38,
            "bbox": [
                [
                    1327,
                    1638
                ],
                [
                    1327,
                    1765
                ],
                [
                    1422,
                    1765
                ],
                [
                    1422,
                    1638
                ]
            ],
            "label": "TableCol"
        },
        {
            "index": 39,
            "bbox": [
                [
                    839,
                    1638
                ],
                [
                    839,
                    1765
                ],
                [
                    1022,
                    1765
                ],
                [
                    1022,
                    1638
                ]
            ],
            "label": "TableCol"
        },
        {
            "index": 40,
            "bbox": [
                [
                    1424,
                    1638
                ],
                [
                    1424,
                    1765
                ],
                [
                    1506,
                    1765
                ],
                [
                    1506,
                    1638
                ]
            ],
            "label": "TableCol"
        },
        {
            "index": 41,
            "bbox": [
                [
                    493,
                    1742
                ],
                [
                    493,
                    1767
                ],
                [
                    1508,
                    1767
                ],
                [
                    1508,
                    1742
                ]
            ],
            "label": "TableRow"
        },
        {
            "index": 42,
            "bbox": [
                [
                    689,
                    1638
                ],
                [
                    689,
                    1765
                ],
                [
                    837,
                    1765
                ],
                [
                    837,
                    1638
                ]
            ],
            "label": "TableCol"
        },
        {
            "index": 43,
            "bbox": [
                [
                    1423,
                    1635
                ],
                [
                    1423,
                    1733
                ],
                [
                    1514,
                    1733
                ],
                [
                    1514,
                    1635
                ]
            ],
            "label": "TableSpanningCell"
        },
        {
            "index": 44,
            "bbox": [
                [
                    486,
                    1634
                ],
                [
                    486,
                    1737
                ],
                [
                    686,
                    1737
                ],
                [
                    686,
                    1634
                ]
            ],
            "label": "TableSpanningCell"
        },
        {
            "index": 45,
            "bbox": [
                [
                    1323,
                    1634
                ],
                [
                    1323,
                    1736
                ],
                [
                    1419,
                    1736
                ],
                [
                    1419,
                    1634
                ]
            ],
            "label": "TableSpanningCell"
        },
        {
            "index": 46,
            "bbox": [
                [
                    682,
                    1634
                ],
                [
                    682,
                    1736
                ],
                [
                    831,
                    1736
                ],
                [
                    831,
                    1634
                ]
            ],
            "label": "TableSpanningCell"
        },
        {
            "index": 47,
            "bbox": [
                [
                    491,
                    1634
                ],
                [
                    491,
                    1769
                ],
                [
                    1510,
                    1769
                ],
                [
                    1510,
                    1634
                ]
            ],
            "label": "Table"
        }
    ]
}