{
    "objects": [
        {
            "index": 0,
            "bbox": [
                [
                    44,
                    1335
                ],
                [
                    44,
                    1888
                ],
                [
                    1618,
                    1888
                ],
                [
                    1618,
                    1335
                ]
            ],
            "label": "TableRow"
        },
        {
            "index": 1,
            "bbox": [
                [
                    44,
                    2107
                ],
                [
                    44,
                    2181
                ],
                [
                    1618,
                    2181
                ],
                [
                    1618,
                    2107
                ]
            ],
            "label": "TableRow"
        },
        {
            "index": 2,
            "bbox": [
                [
                    833,
                    69
                ],
                [
                    833,
                    2223
                ],
                [
                    1223,
                    2223
                ],
                [
                    1223,
                    69
                ]
            ],
            "label": "TableCol"
        },
        {
            "index": 3,
            "bbox": [
                [
                    44,
                    1403
                ],
                [
                    44,
                    1881
                ],
                [
                    424,
                    1881
                ],
                [
                    424,
                    1403
                ]
            ],
            "label": "TableSpanningCell"
        },
        {
            "index": 4,
            "bbox": [
                [
                    44,
                    1069
                ],
                [
                    44,
                    1333
                ],
                [
                    1618,
                    1333
                ],
                [
                    1618,
                    1069
                ]
            ],
            "label": "TableRow"
        },
        {
            "index": 5,
            "bbox": [
                [
                    44,
                    184
                ],
                [
                    44,
                    258
                ],
                [
                    1618,
                    258
                ],
                [
                    1618,
                    184
                ]
            ],
            "label": "TableRow"
        },
        {
            "index": 6,
            "bbox": [
                [
                    41,
                    333
                ],
                [
                    41,
                    463
                ],
                [
                    423,
                    463
                ],
                [
                    423,
                    333
                ]
            ],
            "label": "TableSpanningCell"
        },
        {
            "index": 7,
            "bbox": [
                [
                    44,
                    116
                ],
                [
                    44,
                    182
                ],
                [
                    1618,
                    182
                ],
                [
                    1618,
                    116
                ]
            ],
            "label": "TableRow"
        },
        {
            "index": 8,
            "bbox": [
                [
                    46,
                    69
                ],
                [
                    46,
                    2223
                ],
                [
                    429,
                    2223
                ],
                [
                    429,
                    69
                ]
            ],
            "label": "TableCol"
        },
        {
            "index": 9,
            "bbox": [
                [
                    44,
                    501
                ],
                [
                    44,
                    838
                ],
                [
                    1618,
                    838
                ],
                [
                    1618,
                    501
                ]
            ],
            "label": "TableRow"
        },
        {
            "index": 10,
            "bbox": [
                [
                    44,
                    260
                ],
                [
                    44,
                    350
                ],
                [
                    1618,
                    350
                ],
                [
                    1618,
                    260
                ]
            ],
            "label": "TableRow"
        },
        {
            "index": 11,
            "bbox": [
                [
                    44,
                    1959
                ],
                [
                    44,
                    2024
                ],
                [
                    1618,
                    2024
                ],
                [
                    1618,
                    1959
                ]
            ],
            "label": "TableRow"
        },
        {
            "index": 12,
            "bbox": [
                [
                    40,
                    493
                ],
                [
                    40,
                    820
                ],
                [
                    426,
                    820
                ],
                [
                    426,
                    493
                ]
            ],
            "label": "TableSpanningCell"
        },
        {
            "index": 13,
            "bbox": [
                [
                    44,
                    67
                ],
                [
                    44,
                    114
                ],
                [
                    1618,
                    114
                ],
                [
                    1618,
                    67
                ]
            ],
            "label": "TableRow"
        },
        {
            "index": 14,
            "bbox": [
                [
                    1225,
                    69
                ],
                [
                    1225,
                    2223
                ],
                [
                    1616,
                    2223
                ],
                [
                    1616,
                    69
                ]
            ],
            "label": "TableCol"
        },
        {
            "index": 15,
            "bbox": [
                [
                    44,
                    67
                ],
                [
                    44,
                    114
                ],
                [
                    1618,
                    114
                ],
                [
                    1618,
                    67
                ]
            ],
            "label": "TableColHeader"
        },
        {
            "index": 16,
            "bbox": [
                [
                    431,
                    69
                ],
                [
                    431,
                    2223
                ],
                [
                    831,
                    2223
                ],
                [
                    831,
                    69
                ]
            ],
            "label": "TableCol"
        },
        {
            "index": 17,
            "bbox": [
                [
                    44,
                    1890
                ],
                [
                    44,
                    1957
                ],
                [
                    1618,
                    1957
                ],
                [
                    1618,
                    1890
                ]
            ],
            "label": "TableRow"
        },
        {
            "index": 18,
            "bbox": [
                [
                    41,
                    1053
                ],
                [
                    41,
                    1326
                ],
                [
                    425,
                    1326
                ],
                [
                    425,
                    1053
                ]
            ],
            "label": "TableSpanningCell"
        },
        {
            "index": 19,
            "bbox": [
                [
                    42,
                    65
                ],
                [
                    42,
                    2227
                ],
                [
                    1620,
                    2227
                ],
                [
                    1620,
                    65
                ]
            ],
            "label": "Table"
        },
        {
            "index": 20,
            "bbox": [
                [
                    44,
                    352
                ],
                [
                    44,
                    499
                ],
                [
                    1618,
                    499
                ],
                [
                    1618,
                    352
                ]
            ],
            "label": "TableRow"
        },
        {
            "index": 21,
            "bbox": [
                [
                    44,
                    840
                ],
                [
                    44,
                    922
                ],
                [
                    1618,
                    922
                ],
                [
                    1618,
                    840
                ]
            ],
            "label": "TableRow"
        },
        {
            "index": 22,
            "bbox": [
                [
                    44,
                    924
                ],
                [
                    44,
                    1067
                ],
                [
                    1618,
                    1067
                ],
                [
                    1618,
                    924
                ]
            ],
            "label": "TableRow"
        },
        {
            "index": 23,
            "bbox": [
                [
                    44,
                    2026
                ],
                [
                    44,
                    2105
                ],
                [
                    1618,
                    2105
                ],
                [
                    1618,
                    2026
                ]
            ],
            "label": "TableRow"
        },
        {
            "index": 24,
            "bbox": [
                [
                    44,
                    2183
                ],
                [
                    44,
                    2225
                ],
                [
                    1618,
                    2225
                ],
                [
                    1618,
                    2183
                ]
            ],
            "label": "TableRow"
        }
    ]
}