{
    "objects": [
        {
            "index": 0,
            "bbox": [
                [
                    35,
                    2172
                ],
                [
                    35,
                    2210
                ],
                [
                    1619,
                    2210
                ],
                [
                    1619,
                    2172
                ]
            ],
            "label": "TableRow"
        },
        {
            "index": 1,
            "bbox": [
                [
                    440,
                    265
                ],
                [
                    440,
                    2208
                ],
                [
                    825,
                    2208
                ],
                [
                    825,
                    265
                ]
            ],
            "label": "TableCol"
        },
        {
            "index": 2,
            "bbox": [
                [
                    827,
                    265
                ],
                [
                    827,
                    2208
                ],
                [
                    1220,
                    2208
                ],
                [
                    1220,
                    265
                ]
            ],
            "label": "TableCol"
        },
        {
            "index": 3,
            "bbox": [
                [
                    37,
                    265
                ],
                [
                    37,
                    2208
                ],
                [
                    438,
                    2208
                ],
                [
                    438,
                    265
                ]
            ],
            "label": "TableCol"
        },
        {
            "index": 4,
            "bbox": [
                [
                    35,
                    298
                ],
                [
                    35,
                    369
                ],
                [
                    1619,
                    369
                ],
                [
                    1619,
                    298
                ]
            ],
            "label": "TableRow"
        },
        {
            "index": 5,
            "bbox": [
                [
                    35,
                    725
                ],
                [
                    35,
                    953
                ],
                [
                    1619,
                    953
                ],
                [
                    1619,
                    725
                ]
            ],
            "label": "TableRow"
        },
        {
            "index": 6,
            "bbox": [
                [
                    35,
                    1702
                ],
                [
                    35,
                    1777
                ],
                [
                    1619,
                    1777
                ],
                [
                    1619,
                    1702
                ]
            ],
            "label": "TableRow"
        },
        {
            "index": 7,
            "bbox": [
                [
                    35,
                    1115
                ],
                [
                    35,
                    1266
                ],
                [
                    1619,
                    1266
                ],
                [
                    1619,
                    1115
                ]
            ],
            "label": "TableRow"
        },
        {
            "index": 8,
            "bbox": [
                [
                    35,
                    1382
                ],
                [
                    35,
                    1521
                ],
                [
                    1619,
                    1521
                ],
                [
                    1619,
                    1382
                ]
            ],
            "label": "TableRow"
        },
        {
            "index": 9,
            "bbox": [
                [
                    1222,
                    265
                ],
                [
                    1222,
                    2208
                ],
                [
                    1617,
                    2208
                ],
                [
                    1617,
                    265
                ]
            ],
            "label": "TableCol"
        },
        {
            "index": 10,
            "bbox": [
                [
                    33,
                    261
                ],
                [
                    33,
                    2212
                ],
                [
                    1621,
                    2212
                ],
                [
                    1621,
                    261
                ]
            ],
            "label": "Table"
        },
        {
            "index": 11,
            "bbox": [
                [
                    35,
                    263
                ],
                [
                    35,
                    296
                ],
                [
                    1619,
                    296
                ],
                [
                    1619,
                    263
                ]
            ],
            "label": "TableRow"
        },
        {
            "index": 12,
            "bbox": [
                [
                    35,
                    518
                ],
                [
                    35,
                    487
                ],
                [
                    1619,
                    487
                ],
                [
                    1619,
                    518
                ]
            ],
            "label": "TableRow"
        },
        {
            "index": 13,
            "bbox": [
                [
                    35,
                    371
                ],
                [
                    35,
                    516
                ],
                [
                    1619,
                    516
                ],
                [
                    1619,
                    371
                ]
            ],
            "label": "TableRow"
        },
        {
            "index": 14,
            "bbox": [
                [
                    35,
                    489
                ],
                [
                    35,
                    723
                ],
                [
                    1619,
                    723
                ],
                [
                    1619,
                    489
                ]
            ],
            "label": "TableRow"
        },
        {
            "index": 15,
            "bbox": [
                [
                    35,
                    955
                ],
                [
                    35,
                    995
                ],
                [
                    1619,
                    995
                ],
                [
                    1619,
                    955
                ]
            ],
            "label": "TableRow"
        },
        {
            "index": 16,
            "bbox": [
                [
                    35,
                    997
                ],
                [
                    35,
                    1071
                ],
                [
                    1619,
                    1071
                ],
                [
                    1619,
                    997
                ]
            ],
            "label": "TableRow"
        },
        {
            "index": 17,
            "bbox": [
                [
                    35,
                    1073
                ],
                [
                    35,
                    1113
                ],
                [
                    1619,
                    1113
                ],
                [
                    1619,
                    1073
                ]
            ],
            "label": "TableRow"
        },
        {
            "index": 18,
            "bbox": [
                [
                    35,
                    1268
                ],
                [
                    35,
                    1380
                ],
                [
                    1619,
                    1380
                ],
                [
                    1619,
                    1268
                ]
            ],
            "label": "TableRow"
        },
        {
            "index": 19,
            "bbox": [
                [
                    35,
                    1523
                ],
                [
                    35,
                    1559
                ],
                [
                    1619,
                    1559
                ],
                [
                    1619,
                    1523
                ]
            ],
            "label": "TableRow"
        },
        {
            "index": 20,
            "bbox": [
                [
                    35,
                    1561
                ],
                [
                    35,
                    1621
                ],
                [
                    1619,
                    1621
                ],
                [
                    1619,
                    1561
                ]
            ],
            "label": "TableRow"
        },
        {
            "index": 21,
            "bbox": [
                [
                    35,
                    1623
                ],
                [
                    35,
                    1700
                ],
                [
                    1619,
                    1700
                ],
                [
                    1619,
                    1623
                ]
            ],
            "label": "TableRow"
        },
        {
            "index": 22,
            "bbox": [
                [
                    35,
                    1779
                ],
                [
                    35,
                    1814
                ],
                [
                    1619,
                    1814
                ],
                [
                    1619,
                    1779
                ]
            ],
            "label": "TableRow"
        },
        {
            "index": 23,
            "bbox": [
                [
                    35,
                    1816
                ],
                [
                    35,
                    1895
                ],
                [
                    1619,
                    1895
                ],
                [
                    1619,
                    1816
                ]
            ],
            "label": "TableRow"
        },
        {
            "index": 24,
            "bbox": [
                [
                    35,
                    1897
                ],
                [
                    35,
                    1975
                ],
                [
                    1619,
                    1975
                ],
                [
                    1619,
                    1897
                ]
            ],
            "label": "TableRow"
        },
        {
            "index": 25,
            "bbox": [
                [
                    35,
                    1977
                ],
                [
                    35,
                    2170
                ],
                [
                    1619,
                    2170
                ],
                [
                    1619,
                    1977
                ]
            ],
            "label": "TableRow"
        }
    ]
}