{
    "objects": [
        {
            "index": 0,
            "bbox": [
                [
                    39,
                    552
                ],
                [
                    39,
                    665
                ],
                [
                    1626,
                    665
                ],
                [
                    1626,
                    552
                ]
            ],
            "label": "TableRow"
        },
        {
            "index": 1,
            "bbox": [
                [
                    39,
                    906
                ],
                [
                    39,
                    946
                ],
                [
                    1626,
                    946
                ],
                [
                    1626,
                    906
                ]
            ],
            "label": "TableRow"
        },
        {
            "index": 2,
            "bbox": [
                [
                    39,
                    243
                ],
                [
                    39,
                    278
                ],
                [
                    1626,
                    278
                ],
                [
                    1626,
                    243
                ]
            ],
            "label": "TableRow"
        },
        {
            "index": 3,
            "bbox": [
                [
                    827,
                    67
                ],
                [
                    827,
                    1040
                ],
                [
                    1226,
                    1040
                ],
                [
                    1226,
                    67
                ]
            ],
            "label": "TableCol"
        },
        {
            "index": 4,
            "bbox": [
                [
                    56,
                    706
                ],
                [
                    56,
                    836
                ],
                [
                    435,
                    836
                ],
                [
                    435,
                    706
                ]
            ],
            "label": "TableSpanningCell"
        },
        {
            "index": 5,
            "bbox": [
                [
                    39,
                    319
                ],
                [
                    39,
                    350
                ],
                [
                    1626,
                    350
                ],
                [
                    1626,
                    319
                ]
            ],
            "label": "TableRow"
        },
        {
            "index": 6,
            "bbox": [
                [
                    39,
                    177
                ],
                [
                    39,
                    241
                ],
                [
                    1626,
                    241
                ],
                [
                    1626,
                    177
                ]
            ],
            "label": "TableRow"
        },
        {
            "index": 7,
            "bbox": [
                [
                    39,
                    113
                ],
                [
                    39,
                    175
                ],
                [
                    1626,
                    175
                ],
                [
                    1626,
                    113
                ]
            ],
            "label": "TableRow"
        },
        {
            "index": 8,
            "bbox": [
                [
                    39,
                    280
                ],
                [
                    39,
                    317
                ],
                [
                    1626,
                    317
                ],
                [
                    1626,
                    280
                ]
            ],
            "label": "TableRow"
        },
        {
            "index": 9,
            "bbox": [
                [
                    41,
                    67
                ],
                [
                    41,
                    1040
                ],
                [
                    439,
                    1040
                ],
                [
                    439,
                    67
                ]
            ],
            "label": "TableCol"
        },
        {
            "index": 10,
            "bbox": [
                [
                    39,
                    667
                ],
                [
                    39,
                    705
                ],
                [
                    1626,
                    705
                ],
                [
                    1626,
                    667
                ]
            ],
            "label": "TableRow"
        },
        {
            "index": 11,
            "bbox": [
                [
                    39,
                    866
                ],
                [
                    39,
                    904
                ],
                [
                    1626,
                    904
                ],
                [
                    1626,
                    866
                ]
            ],
            "label": "TableRow"
        },
        {
            "index": 12,
            "bbox": [
                [
                    39,
                    65
                ],
                [
                    39,
                    111
                ],
                [
                    1626,
                    111
                ],
                [
                    1626,
                    65
                ]
            ],
            "label": "TableRow"
        },
        {
            "index": 13,
            "bbox": [
                [
                    1228,
                    67
                ],
                [
                    1228,
                    1040
                ],
                [
                    1624,
                    1040
                ],
                [
                    1624,
                    67
                ]
            ],
            "label": "TableCol"
        },
        {
            "index": 14,
            "bbox": [
                [
                    39,
                    948
                ],
                [
                    39,
                    1042
                ],
                [
                    1626,
                    1042
                ],
                [
                    1626,
                    948
                ]
            ],
            "label": "TableRow"
        },
        {
            "index": 15,
            "bbox": [
                [
                    39,
                    65
                ],
                [
                    39,
                    111
                ],
                [
                    1626,
                    111
                ],
                [
                    1626,
                    65
                ]
            ],
            "label": "TableColHeader"
        },
        {
            "index": 16,
            "bbox": [
                [
                    39,
                    352
                ],
                [
                    39,
                    550
                ],
                [
                    1626,
                    550
                ],
                [
                    1626,
                    352
                ]
            ],
            "label": "TableRow"
        },
        {
            "index": 17,
            "bbox": [
                [
                    56,
                    555
                ],
                [
                    56,
                    677
                ],
                [
                    432,
                    677
                ],
                [
                    432,
                    555
                ]
            ],
            "label": "TableSpanningCell"
        },
        {
            "index": 18,
            "bbox": [
                [
                    441,
                    67
                ],
                [
                    441,
                    1040
                ],
                [
                    825,
                    1040
                ],
                [
                    825,
                    67
                ]
            ],
            "label": "TableCol"
        },
        {
            "index": 19,
            "bbox": [
                [
                    39,
                    819
                ],
                [
                    39,
                    864
                ],
                [
                    1626,
                    864
                ],
                [
                    1626,
                    819
                ]
            ],
            "label": "TableRow"
        },
        {
            "index": 20,
            "bbox": [
                [
                    58,
                    114
                ],
                [
                    58,
                    232
                ],
                [
                    439,
                    232
                ],
                [
                    439,
                    114
                ]
            ],
            "label": "TableSpanningCell"
        },
        {
            "index": 21,
            "bbox": [
                [
                    58,
                    347
                ],
                [
                    58,
                    537
                ],
                [
                    431,
                    537
                ],
                [
                    431,
                    347
                ]
            ],
            "label": "TableSpanningCell"
        },
        {
            "index": 22,
            "bbox": [
                [
                    39,
                    707
                ],
                [
                    39,
                    817
                ],
                [
                    1626,
                    817
                ],
                [
                    1626,
                    707
                ]
            ],
            "label": "TableRow"
        },
        {
            "index": 23,
            "bbox": [
                [
                    37,
                    63
                ],
                [
                    37,
                    1044
                ],
                [
                    1628,
                    1044
                ],
                [
                    1628,
                    63
                ]
            ],
            "label": "Table"
        }
    ]
}