{
    "objects": [
        {
            "index": 0,
            "bbox": [
                [
                    156,
                    1743
                ],
                [
                    156,
                    1768
                ],
                [
                    796,
                    1768
                ],
                [
                    796,
                    1743
                ]
            ],
            "label": "TableRow"
        },
        {
            "index": 1,
            "bbox": [
                [
                    466,
                    729
                ],
                [
                    466,
                    1980
                ],
                [
                    538,
                    1980
                ],
                [
                    538,
                    729
                ]
            ],
            "label": "TableCol"
        },
        {
            "index": 2,
            "bbox": [
                [
                    156,
                    1507
                ],
                [
                    156,
                    1530
                ],
                [
                    796,
                    1530
                ],
                [
                    796,
                    1507
                ]
            ],
            "label": "TableRow"
        },
        {
            "index": 3,
            "bbox": [
                [
                    156,
                    1919
                ],
                [
                    156,
                    1947
                ],
                [
                    796,
                    1947
                ],
                [
                    796,
                    1919
                ]
            ],
            "label": "TableRow"
        },
        {
            "index": 4,
            "bbox": [
                [
                    156,
                    943
                ],
                [
                    156,
                    971
                ],
                [
                    796,
                    971
                ],
                [
                    796,
                    943
                ]
            ],
            "label": "TableRow"
        },
        {
            "index": 5,
            "bbox": [
                [
                    156,
                    824
                ],
                [
                    156,
                    854
                ],
                [
                    796,
                    854
                ],
                [
                    796,
                    824
                ]
            ],
            "label": "TableRow"
        },
        {
            "index": 6,
            "bbox": [
                [
                    156,
                    1688
                ],
                [
                    156,
                    1710
                ],
                [
                    796,
                    1710
                ],
                [
                    796,
                    1688
                ]
            ],
            "label": "TableRow"
        },
        {
            "index": 7,
            "bbox": [
                [
                    643,
                    729
                ],
                [
                    643,
                    1980
                ],
                [
                    690,
                    1980
                ],
                [
                    690,
                    729
                ]
            ],
            "label": "TableCol"
        },
        {
            "index": 8,
            "bbox": [
                [
                    540,
                    729
                ],
                [
                    540,
                    1980
                ],
                [
                    590,
                    1980
                ],
                [
                    590,
                    729
                ]
            ],
            "label": "TableCol"
        },
        {
            "index": 9,
            "bbox": [
                [
                    156,
                    1712
                ],
                [
                    156,
                    1741
                ],
                [
                    796,
                    1741
                ],
                [
                    796,
                    1712
                ]
            ],
            "label": "TableRow"
        },
        {
            "index": 10,
            "bbox": [
                [
                    156,
                    1088
                ],
                [
                    156,
                    1120
                ],
                [
                    796,
                    1120
                ],
                [
                    796,
                    1088
                ]
            ],
            "label": "TableRow"
        },
        {
            "index": 11,
            "bbox": [
                [
                    534,
                    724
                ],
                [
                    534,
                    755
                ],
                [
                    730,
                    755
                ],
                [
                    730,
                    724
                ]
            ],
            "label": "TableSpanningCell"
        },
        {
            "index": 12,
            "bbox": [
                [
                    592,
                    729
                ],
                [
                    592,
                    1980
                ],
                [
                    641,
                    1980
                ],
                [
                    641,
                    729
                ]
            ],
            "label": "TableCol"
        },
        {
            "index": 13,
            "bbox": [
                [
                    156,
                    800
                ],
                [
                    156,
                    822
                ],
                [
                    796,
                    822
                ],
                [
                    796,
                    800
                ]
            ],
            "label": "TableRow"
        },
        {
            "index": 14,
            "bbox": [
                [
                    156,
                    763
                ],
                [
                    156,
                    798
                ],
                [
                    796,
                    798
                ],
                [
                    796,
                    763
                ]
            ],
            "label": "TableRow"
        },
        {
            "index": 15,
            "bbox": [
                [
                    156,
                    1569
                ],
                [
                    156,
                    1595
                ],
                [
                    796,
                    1595
                ],
                [
                    796,
                    1569
                ]
            ],
            "label": "TableRow"
        },
        {
            "index": 16,
            "bbox": [
                [
                    156,
                    1293
                ],
                [
                    156,
                    1323
                ],
                [
                    796,
                    1323
                ],
                [
                    796,
                    1293
                ]
            ],
            "label": "TableRow"
        },
        {
            "index": 17,
            "bbox": [
                [
                    156,
                    1003
                ],
                [
                    156,
                    1031
                ],
                [
                    796,
                    1031
                ],
                [
                    796,
                    1003
                ]
            ],
            "label": "TableRow"
        },
        {
            "index": 18,
            "bbox": [
                [
                    158,
                    729
                ],
                [
                    158,
                    1980
                ],
                [
                    242,
                    1980
                ],
                [
                    242,
                    729
                ]
            ],
            "label": "TableCol"
        },
        {
            "index": 19,
            "bbox": [
                [
                    156,
                    914
                ],
                [
                    156,
                    941
                ],
                [
                    796,
                    941
                ],
                [
                    796,
                    914
                ]
            ],
            "label": "TableRow"
        },
        {
            "index": 20,
            "bbox": [
                [
                    156,
                    1770
                ],
                [
                    156,
                    1797
                ],
                [
                    796,
                    1797
                ],
                [
                    796,
                    1770
                ]
            ],
            "label": "TableRow"
        },
        {
            "index": 21,
            "bbox": [
                [
                    156,
                    1057
                ],
                [
                    156,
                    1086
                ],
                [
                    796,
                    1086
                ],
                [
                    796,
                    1057
                ]
            ],
            "label": "TableRow"
        },
        {
            "index": 22,
            "bbox": [
                [
                    156,
                    856
                ],
                [
                    156,
                    884
                ],
                [
                    796,
                    884
                ],
                [
                    796,
                    856
                ]
            ],
            "label": "TableRow"
        },
        {
            "index": 23,
            "bbox": [
                [
                    156,
                    1033
                ],
                [
                    156,
                    1055
                ],
                [
                    796,
                    1055
                ],
                [
                    796,
                    1033
                ]
            ],
            "label": "TableRow"
        },
        {
            "index": 24,
            "bbox": [
                [
                    156,
                    1860
                ],
                [
                    156,
                    1886
                ],
                [
                    796,
                    1886
                ],
                [
                    796,
                    1860
                ]
            ],
            "label": "TableRow"
        },
        {
            "index": 25,
            "bbox": [
                [
                    156,
                    1597
                ],
                [
                    156,
                    1626
                ],
                [
                    796,
                    1626
                ],
                [
                    796,
                    1597
                ]
            ],
            "label": "TableRow"
        },
        {
            "index": 26,
            "bbox": [
                [
                    408,
                    729
                ],
                [
                    408,
                    1980
                ],
                [
                    464,
                    1980
                ],
                [
                    464,
                    729
                ]
            ],
            "label": "TableCol"
        },
        {
            "index": 27,
            "bbox": [
                [
                    358,
                    729
                ],
                [
                    358,
                    1980
                ],
                [
                    406,
                    1980
                ],
                [
                    406,
                    729
                ]
            ],
            "label": "TableCol"
        },
        {
            "index": 28,
            "bbox": [
                [
                    156,
                    1388
                ],
                [
                    156,
                    1417
                ],
                [
                    796,
                    1417
                ],
                [
                    796,
                    1388
                ]
            ],
            "label": "TableRow"
        },
        {
            "index": 29,
            "bbox": [
                [
                    156,
                    1452
                ],
                [
                    156,
                    1483
                ],
                [
                    796,
                    1483
                ],
                [
                    796,
                    1452
                ]
            ],
            "label": "TableRow"
        },
        {
            "index": 30,
            "bbox": [
                [
                    156,
                    1628
                ],
                [
                    156,
                    1657
                ],
                [
                    796,
                    1657
                ],
                [
                    796,
                    1628
                ]
            ],
            "label": "TableRow"
        },
        {
            "index": 31,
            "bbox": [
                [
                    156,
                    886
                ],
                [
                    156,
                    912
                ],
                [
                    796,
                    912
                ],
                [
                    796,
                    886
                ]
            ],
            "label": "TableRow"
        },
        {
            "index": 32,
            "bbox": [
                [
                    156,
                    1419
                ],
                [
                    156,
                    1450
                ],
                [
                    796,
                    1450
                ],
                [
                    796,
                    1419
                ]
            ],
            "label": "TableRow"
        },
        {
            "index": 33,
            "bbox": [
                [
                    156,
                    727
                ],
                [
                    156,
                    761
                ],
                [
                    796,
                    761
                ],
                [
                    796,
                    727
                ]
            ],
            "label": "TableRow"
        },
        {
            "index": 34,
            "bbox": [
                [
                    692,
                    729
                ],
                [
                    692,
                    1980
                ],
                [
                    737,
                    1980
                ],
                [
                    737,
                    729
                ]
            ],
            "label": "TableCol"
        },
        {
            "index": 35,
            "bbox": [
                [
                    297,
                    729
                ],
                [
                    297,
                    1980
                ],
                [
                    356,
                    1980
                ],
                [
                    356,
                    729
                ]
            ],
            "label": "TableCol"
        },
        {
            "index": 36,
            "bbox": [
                [
                    739,
                    729
                ],
                [
                    739,
                    1980
                ],
                [
                    794,
                    1980
                ],
                [
                    794,
                    729
                ]
            ],
            "label": "TableCol"
        },
        {
            "index": 37,
            "bbox": [
                [
                    156,
                    1485
                ],
                [
                    156,
                    1505
                ],
                [
                    796,
                    1505
                ],
                [
                    796,
                    1485
                ]
            ],
            "label": "TableRow"
        },
        {
            "index": 38,
            "bbox": [
                [
                    156,
                    1244
                ],
                [
                    156,
                    1266
                ],
                [
                    796,
                    1266
                ],
                [
                    796,
                    1244
                ]
            ],
            "label": "TableRow"
        },
        {
            "index": 39,
            "bbox": [
                [
                    156,
                    1949
                ],
                [
                    156,
                    1982
                ],
                [
                    796,
                    1982
                ],
                [
                    796,
                    1949
                ]
            ],
            "label": "TableRow"
        },
        {
            "index": 40,
            "bbox": [
                [
                    156,
                    763
                ],
                [
                    156,
                    798
                ],
                [
                    796,
                    798
                ],
                [
                    796,
                    763
                ]
            ],
            "label": "TableColHeader"
        },
        {
            "index": 41,
            "bbox": [
                [
                    156,
                    1659
                ],
                [
                    156,
                    1686
                ],
                [
                    796,
                    1686
                ],
                [
                    796,
                    1659
                ]
            ],
            "label": "TableRow"
        },
        {
            "index": 42,
            "bbox": [
                [
                    244,
                    729
                ],
                [
                    244,
                    1980
                ],
                [
                    295,
                    1980
                ],
                [
                    295,
                    729
                ]
            ],
            "label": "TableCol"
        },
        {
            "index": 43,
            "bbox": [
                [
                    156,
                    1830
                ],
                [
                    156,
                    1858
                ],
                [
                    796,
                    1858
                ],
                [
                    796,
                    1830
                ]
            ],
            "label": "TableRow"
        },
        {
            "index": 44,
            "bbox": [
                [
                    736,
                    724
                ],
                [
                    736,
                    795
                ],
                [
                    786,
                    795
                ],
                [
                    786,
                    724
                ]
            ],
            "label": "TableSpanningCell"
        },
        {
            "index": 45,
            "bbox": [
                [
                    151,
                    724
                ],
                [
                    151,
                    796
                ],
                [
                    238,
                    796
                ],
                [
                    238,
                    724
                ]
            ],
            "label": "TableSpanningCell"
        },
        {
            "index": 46,
            "bbox": [
                [
                    156,
                    1356
                ],
                [
                    156,
                    1386
                ],
                [
                    796,
                    1386
                ],
                [
                    796,
                    1356
                ]
            ],
            "label": "TableRow"
        },
        {
            "index": 47,
            "bbox": [
                [
                    156,
                    1122
                ],
                [
                    156,
                    1152
                ],
                [
                    796,
                    1152
                ],
                [
                    796,
                    1122
                ]
            ],
            "label": "TableRow"
        },
        {
            "index": 48,
            "bbox": [
                [
                    156,
                    973
                ],
                [
                    156,
                    1001
                ],
                [
                    796,
                    1001
                ],
                [
                    796,
                    973
                ]
            ],
            "label": "TableRow"
        },
        {
            "index": 49,
            "bbox": [
                [
                    156,
                    1268
                ],
                [
                    156,
                    1291
                ],
                [
                    796,
                    1291
                ],
                [
                    796,
                    1268
                ]
            ],
            "label": "TableRow"
        },
        {
            "index": 50,
            "bbox": [
                [
                    156,
                    1799
                ],
                [
                    156,
                    1828
                ],
                [
                    796,
                    1828
                ],
                [
                    796,
                    1799
                ]
            ],
            "label": "TableRow"
        },
        {
            "index": 51,
            "bbox": [
                [
                    154,
                    725
                ],
                [
                    154,
                    1984
                ],
                [
                    798,
                    1984
                ],
                [
                    798,
                    725
                ]
            ],
            "label": "Table"
        },
        {
            "index": 52,
            "bbox": [
                [
                    156,
                    1325
                ],
                [
                    156,
                    1354
                ],
                [
                    796,
                    1354
                ],
                [
                    796,
                    1325
                ]
            ],
            "label": "TableRow"
        },
        {
            "index": 53,
            "bbox": [
                [
                    855,
                    1563
                ],
                [
                    855,
                    1591
                ],
                [
                    1501,
                    1591
                ],
                [
                    1501,
                    1563
                ]
            ],
            "label": "TableRow"
        },
        {
            "index": 54,
            "bbox": [
                [
                    1173,
                    781
                ],
                [
                    1173,
                    1811
                ],
                [
                    1245,
                    1811
                ],
                [
                    1245,
                    781
                ]
            ],
            "label": "TableCol"
        },
        {
            "index": 55,
            "bbox": [
                [
                    855,
                    1416
                ],
                [
                    855,
                    1444
                ],
                [
                    1501,
                    1444
                ],
                [
                    1501,
                    1416
                ]
            ],
            "label": "TableRow"
        },
        {
            "index": 56,
            "bbox": [
                [
                    855,
                    1747
                ],
                [
                    855,
                    1776
                ],
                [
                    1501,
                    1776
                ],
                [
                    1501,
                    1747
                ]
            ],
            "label": "TableRow"
        },
        {
            "index": 57,
            "bbox": [
                [
                    855,
                    995
                ],
                [
                    855,
                    1022
                ],
                [
                    1501,
                    1022
                ],
                [
                    1501,
                    995
                ]
            ],
            "label": "TableRow"
        },
        {
            "index": 58,
            "bbox": [
                [
                    855,
                    882
                ],
                [
                    855,
                    907
                ],
                [
                    1501,
                    907
                ],
                [
                    1501,
                    882
                ]
            ],
            "label": "TableRow"
        },
        {
            "index": 59,
            "bbox": [
                [
                    855,
                    1506
                ],
                [
                    855,
                    1531
                ],
                [
                    1501,
                    1531
                ],
                [
                    1501,
                    1506
                ]
            ],
            "label": "TableRow"
        },
        {
            "index": 60,
            "bbox": [
                [
                    1344,
                    781
                ],
                [
                    1344,
                    1811
                ],
                [
                    1390,
                    1811
                ],
                [
                    1390,
                    781
                ]
            ],
            "label": "TableCol"
        },
        {
            "index": 61,
            "bbox": [
                [
                    1247,
                    781
                ],
                [
                    1247,
                    1811
                ],
                [
                    1294,
                    1811
                ],
                [
                    1294,
                    781
                ]
            ],
            "label": "TableCol"
        },
        {
            "index": 62,
            "bbox": [
                [
                    855,
                    1533
                ],
                [
                    855,
                    1561
                ],
                [
                    1501,
                    1561
                ],
                [
                    1501,
                    1533
                ]
            ],
            "label": "TableRow"
        },
        {
            "index": 63,
            "bbox": [
                [
                    855,
                    1085
                ],
                [
                    855,
                    1115
                ],
                [
                    1501,
                    1115
                ],
                [
                    1501,
                    1085
                ]
            ],
            "label": "TableRow"
        },
        {
            "index": 64,
            "bbox": [
                [
                    1246,
                    776
                ],
                [
                    1246,
                    806
                ],
                [
                    1430,
                    806
                ],
                [
                    1430,
                    776
                ]
            ],
            "label": "TableSpanningCell"
        },
        {
            "index": 65,
            "bbox": [
                [
                    1296,
                    781
                ],
                [
                    1296,
                    1811
                ],
                [
                    1342,
                    1811
                ],
                [
                    1342,
                    781
                ]
            ],
            "label": "TableCol"
        },
        {
            "index": 66,
            "bbox": [
                [
                    855,
                    850
                ],
                [
                    855,
                    880
                ],
                [
                    1501,
                    880
                ],
                [
                    1501,
                    850
                ]
            ],
            "label": "TableRow"
        },
        {
            "index": 67,
            "bbox": [
                [
                    855,
                    811
                ],
                [
                    855,
                    848
                ],
                [
                    1501,
                    848
                ],
                [
                    1501,
                    811
                ]
            ],
            "label": "TableRow"
        },
        {
            "index": 68,
            "bbox": [
                [
                    855,
                    1235
                ],
                [
                    855,
                    1265
                ],
                [
                    1501,
                    1265
                ],
                [
                    1501,
                    1235
                ]
            ],
            "label": "TableRow"
        },
        {
            "index": 69,
            "bbox": [
                [
                    857,
                    781
                ],
                [
                    857,
                    1811
                ],
                [
                    952,
                    1811
                ],
                [
                    952,
                    781
                ]
            ],
            "label": "TableCol"
        },
        {
            "index": 70,
            "bbox": [
                [
                    855,
                    968
                ],
                [
                    855,
                    993
                ],
                [
                    1501,
                    993
                ],
                [
                    1501,
                    968
                ]
            ],
            "label": "TableRow"
        },
        {
            "index": 71,
            "bbox": [
                [
                    855,
                    1593
                ],
                [
                    855,
                    1621
                ],
                [
                    1501,
                    1621
                ],
                [
                    1501,
                    1593
                ]
            ],
            "label": "TableRow"
        },
        {
            "index": 72,
            "bbox": [
                [
                    855,
                    1055
                ],
                [
                    855,
                    1083
                ],
                [
                    1501,
                    1083
                ],
                [
                    1501,
                    1055
                ]
            ],
            "label": "TableRow"
        },
        {
            "index": 73,
            "bbox": [
                [
                    855,
                    909
                ],
                [
                    855,
                    936
                ],
                [
                    1501,
                    936
                ],
                [
                    1501,
                    909
                ]
            ],
            "label": "TableRow"
        },
        {
            "index": 74,
            "bbox": [
                [
                    855,
                    1390
                ],
                [
                    855,
                    1414
                ],
                [
                    1501,
                    1414
                ],
                [
                    1501,
                    1390
                ]
            ],
            "label": "TableRow"
        },
        {
            "index": 75,
            "bbox": [
                [
                    855,
                    1716
                ],
                [
                    855,
                    1745
                ],
                [
                    1501,
                    1745
                ],
                [
                    1501,
                    1716
                ]
            ],
            "label": "TableRow"
        },
        {
            "index": 76,
            "bbox": [
                [
                    1117,
                    781
                ],
                [
                    1117,
                    1811
                ],
                [
                    1171,
                    1811
                ],
                [
                    1171,
                    781
                ]
            ],
            "label": "TableCol"
        },
        {
            "index": 77,
            "bbox": [
                [
                    1066,
                    781
                ],
                [
                    1066,
                    1811
                ],
                [
                    1115,
                    1811
                ],
                [
                    1115,
                    781
                ]
            ],
            "label": "TableCol"
        },
        {
            "index": 78,
            "bbox": [
                [
                    855,
                    1330
                ],
                [
                    855,
                    1352
                ],
                [
                    1501,
                    1352
                ],
                [
                    1501,
                    1330
                ]
            ],
            "label": "TableRow"
        },
        {
            "index": 79,
            "bbox": [
                [
                    998,
                    777
                ],
                [
                    998,
                    845
                ],
                [
                    1065,
                    845
                ],
                [
                    1065,
                    777
                ]
            ],
            "label": "TableSpanningCell"
        },
        {
            "index": 80,
            "bbox": [
                [
                    855,
                    1446
                ],
                [
                    855,
                    1476
                ],
                [
                    1501,
                    1476
                ],
                [
                    1501,
                    1446
                ]
            ],
            "label": "TableRow"
        },
        {
            "index": 81,
            "bbox": [
                [
                    855,
                    938
                ],
                [
                    855,
                    966
                ],
                [
                    1501,
                    966
                ],
                [
                    1501,
                    938
                ]
            ],
            "label": "TableRow"
        },
        {
            "index": 82,
            "bbox": [
                [
                    855,
                    779
                ],
                [
                    855,
                    809
                ],
                [
                    1501,
                    809
                ],
                [
                    1501,
                    779
                ]
            ],
            "label": "TableRow"
        },
        {
            "index": 83,
            "bbox": [
                [
                    1392,
                    781
                ],
                [
                    1392,
                    1811
                ],
                [
                    1439,
                    1811
                ],
                [
                    1439,
                    781
                ]
            ],
            "label": "TableCol"
        },
        {
            "index": 84,
            "bbox": [
                [
                    1007,
                    781
                ],
                [
                    1007,
                    1811
                ],
                [
                    1064,
                    1811
                ],
                [
                    1064,
                    781
                ]
            ],
            "label": "TableCol"
        },
        {
            "index": 85,
            "bbox": [
                [
                    1063,
                    777
                ],
                [
                    1063,
                    842
                ],
                [
                    1116,
                    842
                ],
                [
                    1116,
                    777
                ]
            ],
            "label": "TableSpanningCell"
        },
        {
            "index": 86,
            "bbox": [
                [
                    1441,
                    781
                ],
                [
                    1441,
                    1811
                ],
                [
                    1499,
                    1811
                ],
                [
                    1499,
                    781
                ]
            ],
            "label": "TableCol"
        },
        {
            "index": 87,
            "bbox": [
                [
                    855,
                    1174
                ],
                [
                    855,
                    1201
                ],
                [
                    1501,
                    1201
                ],
                [
                    1501,
                    1174
                ]
            ],
            "label": "TableRow"
        },
        {
            "index": 88,
            "bbox": [
                [
                    855,
                    1778
                ],
                [
                    855,
                    1813
                ],
                [
                    1501,
                    1813
                ],
                [
                    1501,
                    1778
                ]
            ],
            "label": "TableRow"
        },
        {
            "index": 89,
            "bbox": [
                [
                    855,
                    811
                ],
                [
                    855,
                    848
                ],
                [
                    1501,
                    848
                ],
                [
                    1501,
                    811
                ]
            ],
            "label": "TableColHeader"
        },
        {
            "index": 90,
            "bbox": [
                [
                    855,
                    1478
                ],
                [
                    855,
                    1504
                ],
                [
                    1501,
                    1504
                ],
                [
                    1501,
                    1478
                ]
            ],
            "label": "TableRow"
        },
        {
            "index": 91,
            "bbox": [
                [
                    954,
                    781
                ],
                [
                    954,
                    1811
                ],
                [
                    1005,
                    1811
                ],
                [
                    1005,
                    781
                ]
            ],
            "label": "TableCol"
        },
        {
            "index": 92,
            "bbox": [
                [
                    855,
                    1685
                ],
                [
                    855,
                    1714
                ],
                [
                    1501,
                    1714
                ],
                [
                    1501,
                    1685
                ]
            ],
            "label": "TableRow"
        },
        {
            "index": 93,
            "bbox": [
                [
                    1444,
                    772
                ],
                [
                    1444,
                    839
                ],
                [
                    1498,
                    839
                ],
                [
                    1498,
                    772
                ]
            ],
            "label": "TableSpanningCell"
        },
        {
            "index": 94,
            "bbox": [
                [
                    849,
                    777
                ],
                [
                    849,
                    846
                ],
                [
                    948,
                    846
                ],
                [
                    948,
                    777
                ]
            ],
            "label": "TableSpanningCell"
        },
        {
            "index": 95,
            "bbox": [
                [
                    855,
                    1117
                ],
                [
                    855,
                    1146
                ],
                [
                    1501,
                    1146
                ],
                [
                    1501,
                    1117
                ]
            ],
            "label": "TableRow"
        },
        {
            "index": 96,
            "bbox": [
                [
                    855,
                    1298
                ],
                [
                    855,
                    1328
                ],
                [
                    1501,
                    1328
                ],
                [
                    1501,
                    1298
                ]
            ],
            "label": "TableRow"
        },
        {
            "index": 97,
            "bbox": [
                [
                    855,
                    1024
                ],
                [
                    855,
                    1053
                ],
                [
                    1501,
                    1053
                ],
                [
                    1501,
                    1024
                ]
            ],
            "label": "TableRow"
        },
        {
            "index": 98,
            "bbox": [
                [
                    855,
                    1203
                ],
                [
                    855,
                    1233
                ],
                [
                    1501,
                    1233
                ],
                [
                    1501,
                    1203
                ]
            ],
            "label": "TableRow"
        },
        {
            "index": 99,
            "bbox": [
                [
                    855,
                    1623
                ],
                [
                    855,
                    1653
                ],
                [
                    1501,
                    1653
                ],
                [
                    1501,
                    1623
                ]
            ],
            "label": "TableRow"
        },
        {
            "index": 100,
            "bbox": [
                [
                    948,
                    776
                ],
                [
                    948,
                    843
                ],
                [
                    1002,
                    843
                ],
                [
                    1002,
                    776
                ]
            ],
            "label": "TableSpanningCell"
        },
        {
            "index": 101,
            "bbox": [
                [
                    853,
                    777
                ],
                [
                    853,
                    1815
                ],
                [
                    1503,
                    1815
                ],
                [
                    1503,
                    777
                ]
            ],
            "label": "Table"
        },
        {
            "index": 102,
            "bbox": [
                [
                    855,
                    1267
                ],
                [
                    855,
                    1296
                ],
                [
                    1501,
                    1296
                ],
                [
                    1501,
                    1267
                ]
            ],
            "label": "TableRow"
        },
        {
            "index": 103,
            "bbox": [
                [
                    156,
                    1154
                ],
                [
                    156,
                    1180
                ],
                [
                    796,
                    1180
                ],
                [
                    796,
                    1154
                ]
            ],
            "label": "TableRow"
        },
        {
            "index": 104,
            "bbox": [
                [
                    156,
                    1182
                ],
                [
                    156,
                    1209
                ],
                [
                    796,
                    1209
                ],
                [
                    796,
                    1182
                ]
            ],
            "label": "TableRow"
        },
        {
            "index": 105,
            "bbox": [
                [
                    156,
                    1211
                ],
                [
                    156,
                    1242
                ],
                [
                    796,
                    1242
                ],
                [
                    796,
                    1211
                ]
            ],
            "label": "TableRow"
        },
        {
            "index": 106,
            "bbox": [
                [
                    156,
                    1532
                ],
                [
                    156,
                    1567
                ],
                [
                    796,
                    1567
                ],
                [
                    796,
                    1532
                ]
            ],
            "label": "TableRow"
        },
        {
            "index": 107,
            "bbox": [
                [
                    156,
                    1888
                ],
                [
                    156,
                    1917
                ],
                [
                    796,
                    1917
                ],
                [
                    796,
                    1888
                ]
            ],
            "label": "TableRow"
        },
        {
            "index": 108,
            "bbox": [
                [
                    455,
                    728
                ],
                [
                    455,
                    791
                ],
                [
                    534,
                    791
                ],
                [
                    534,
                    728
                ]
            ],
            "label": "TableSpanningCell"
        },
        {
            "index": 109,
            "bbox": [
                [
                    406,
                    727
                ],
                [
                    406,
                    790
                ],
                [
                    453,
                    790
                ],
                [
                    453,
                    727
                ]
            ],
            "label": "TableSpanningCell"
        },
        {
            "index": 110,
            "bbox": [
                [
                    355,
                    724
                ],
                [
                    355,
                    790
                ],
                [
                    405,
                    790
                ],
                [
                    405,
                    724
                ]
            ],
            "label": "TableSpanningCell"
        },
        {
            "index": 111,
            "bbox": [
                [
                    294,
                    728
                ],
                [
                    294,
                    788
                ],
                [
                    353,
                    788
                ],
                [
                    353,
                    728
                ]
            ],
            "label": "TableSpanningCell"
        },
        {
            "index": 112,
            "bbox": [
                [
                    241,
                    729
                ],
                [
                    241,
                    791
                ],
                [
                    291,
                    791
                ],
                [
                    291,
                    729
                ]
            ],
            "label": "TableSpanningCell"
        },
        {
            "index": 113,
            "bbox": [
                [
                    457,
                    795
                ],
                [
                    457,
                    1976
                ],
                [
                    535,
                    1976
                ],
                [
                    535,
                    795
                ]
            ],
            "label": "TableSpanningCell"
        },
        {
            "index": 114,
            "bbox": [
                [
                    737,
                    798
                ],
                [
                    737,
                    1656
                ],
                [
                    795,
                    1656
                ],
                [
                    795,
                    798
                ]
            ],
            "label": "TableSpanningCell"
        },
        {
            "index": 115,
            "bbox": [
                [
                    738,
                    1655
                ],
                [
                    738,
                    1983
                ],
                [
                    796,
                    1983
                ],
                [
                    796,
                    1655
                ]
            ],
            "label": "TableSpanningCell"
        },
        {
            "index": 116,
            "bbox": [
                [
                    855,
                    1148
                ],
                [
                    855,
                    1172
                ],
                [
                    1501,
                    1172
                ],
                [
                    1501,
                    1148
                ]
            ],
            "label": "TableRow"
        },
        {
            "index": 117,
            "bbox": [
                [
                    855,
                    1354
                ],
                [
                    855,
                    1388
                ],
                [
                    1501,
                    1388
                ],
                [
                    1501,
                    1354
                ]
            ],
            "label": "TableRow"
        },
        {
            "index": 118,
            "bbox": [
                [
                    855,
                    1655
                ],
                [
                    855,
                    1683
                ],
                [
                    1501,
                    1683
                ],
                [
                    1501,
                    1655
                ]
            ],
            "label": "TableRow"
        },
        {
            "index": 119,
            "bbox": [
                [
                    1439,
                    1480
                ],
                [
                    1439,
                    1809
                ],
                [
                    1501,
                    1809
                ],
                [
                    1501,
                    1480
                ]
            ],
            "label": "TableSpanningCell"
        },
        {
            "index": 120,
            "bbox": [
                [
                    1441,
                    849
                ],
                [
                    1441,
                    1474
                ],
                [
                    1500,
                    1474
                ],
                [
                    1500,
                    849
                ]
            ],
            "label": "TableSpanningCell"
        },
        {
            "index": 121,
            "bbox": [
                [
                    1169,
                    849
                ],
                [
                    1169,
                    1801
                ],
                [
                    1245,
                    1801
                ],
                [
                    1245,
                    849
                ]
            ],
            "label": "TableSpanningCell"
        },
        {
            "index": 122,
            "bbox": [
                [
                    1117,
                    781
                ],
                [
                    1117,
                    842
                ],
                [
                    1168,
                    842
                ],
                [
                    1168,
                    781
                ]
            ],
            "label": "TableSpanningCell"
        },
        {
            "index": 123,
            "bbox": [
                [
                    1179,
                    776
                ],
                [
                    1179,
                    840
                ],
                [
                    1236,
                    840
                ],
                [
                    1236,
                    776
                ]
            ],
            "label": "TableSpanningCell"
        }
    ]
}