{
    "objects": [
        {
            "index": 0,
            "bbox": [
                [
                    130,
                    1714
                ],
                [
                    130,
                    1753
                ],
                [
                    1520,
                    1753
                ],
                [
                    1520,
                    1714
                ]
            ],
            "label": "TableRow"
        },
        {
            "index": 1,
            "bbox": [
                [
                    1159,
                    1371
                ],
                [
                    1159,
                    2114
                ],
                [
                    1192,
                    2114
                ],
                [
                    1192,
                    1371
                ]
            ],
            "label": "TableCol"
        },
        {
            "index": 2,
            "bbox": [
                [
                    123,
                    1875
                ],
                [
                    123,
                    1990
                ],
                [
                    179,
                    1990
                ],
                [
                    179,
                    1875
                ]
            ],
            "label": "TableSpanningCell"
        },
        {
            "index": 3,
            "bbox": [
                [
                    130,
                    1997
                ],
                [
                    130,
                    2055
                ],
                [
                    1520,
                    2055
                ],
                [
                    1520,
                    1997
                ]
            ],
            "label": "TableRow"
        },
        {
            "index": 4,
            "bbox": [
                [
                    130,
                    1554
                ],
                [
                    130,
                    1591
                ],
                [
                    1520,
                    1591
                ],
                [
                    1520,
                    1554
                ]
            ],
            "label": "TableRow"
        },
        {
            "index": 5,
            "bbox": [
                [
                    1283,
                    1371
                ],
                [
                    1283,
                    2114
                ],
                [
                    1333,
                    2114
                ],
                [
                    1333,
                    1371
                ]
            ],
            "label": "TableCol"
        },
        {
            "index": 6,
            "bbox": [
                [
                    1194,
                    1371
                ],
                [
                    1194,
                    2114
                ],
                [
                    1236,
                    2114
                ],
                [
                    1236,
                    1371
                ]
            ],
            "label": "TableCol"
        },
        {
            "index": 7,
            "bbox": [
                [
                    130,
                    1634
                ],
                [
                    130,
                    1671
                ],
                [
                    1520,
                    1671
                ],
                [
                    1520,
                    1634
                ]
            ],
            "label": "TableRow"
        },
        {
            "index": 8,
            "bbox": [
                [
                    1081,
                    1371
                ],
                [
                    1081,
                    2114
                ],
                [
                    1128,
                    2114
                ],
                [
                    1128,
                    1371
                ]
            ],
            "label": "TableCol"
        },
        {
            "index": 9,
            "bbox": [
                [
                    1238,
                    1371
                ],
                [
                    1238,
                    2114
                ],
                [
                    1281,
                    2114
                ],
                [
                    1281,
                    1371
                ]
            ],
            "label": "TableCol"
        },
        {
            "index": 10,
            "bbox": [
                [
                    922,
                    1371
                ],
                [
                    922,
                    2114
                ],
                [
                    955,
                    2114
                ],
                [
                    955,
                    1371
                ]
            ],
            "label": "TableCol"
        },
        {
            "index": 11,
            "bbox": [
                [
                    130,
                    1517
                ],
                [
                    130,
                    1552
                ],
                [
                    1520,
                    1552
                ],
                [
                    1520,
                    1517
                ]
            ],
            "label": "TableRow"
        },
        {
            "index": 12,
            "bbox": [
                [
                    182,
                    1637
                ],
                [
                    182,
                    1756
                ],
                [
                    409,
                    1756
                ],
                [
                    409,
                    1637
                ]
            ],
            "label": "TableSpanningCell"
        },
        {
            "index": 13,
            "bbox": [
                [
                    658,
                    1371
                ],
                [
                    658,
                    2114
                ],
                [
                    693,
                    2114
                ],
                [
                    693,
                    1371
                ]
            ],
            "label": "TableCol"
        },
        {
            "index": 14,
            "bbox": [
                [
                    130,
                    1409
                ],
                [
                    130,
                    1515
                ],
                [
                    1520,
                    1515
                ],
                [
                    1520,
                    1409
                ]
            ],
            "label": "TableRow"
        },
        {
            "index": 15,
            "bbox": [
                [
                    778,
                    1371
                ],
                [
                    778,
                    2114
                ],
                [
                    820,
                    2114
                ],
                [
                    820,
                    1371
                ]
            ],
            "label": "TableCol"
        },
        {
            "index": 16,
            "bbox": [
                [
                    130,
                    1593
                ],
                [
                    130,
                    1632
                ],
                [
                    1520,
                    1632
                ],
                [
                    1520,
                    1593
                ]
            ],
            "label": "TableRow"
        },
        {
            "index": 17,
            "bbox": [
                [
                    132,
                    1371
                ],
                [
                    132,
                    2114
                ],
                [
                    184,
                    2114
                ],
                [
                    184,
                    1371
                ]
            ],
            "label": "TableCol"
        },
        {
            "index": 18,
            "bbox": [
                [
                    1041,
                    1371
                ],
                [
                    1041,
                    2114
                ],
                [
                    1079,
                    2114
                ],
                [
                    1079,
                    1371
                ]
            ],
            "label": "TableCol"
        },
        {
            "index": 19,
            "bbox": [
                [
                    130,
                    1755
                ],
                [
                    130,
                    1809
                ],
                [
                    1520,
                    1809
                ],
                [
                    1520,
                    1755
                ]
            ],
            "label": "TableRow"
        },
        {
            "index": 20,
            "bbox": [
                [
                    957,
                    1371
                ],
                [
                    957,
                    2114
                ],
                [
                    1000,
                    2114
                ],
                [
                    1000,
                    1371
                ]
            ],
            "label": "TableCol"
        },
        {
            "index": 21,
            "bbox": [
                [
                    130,
                    1937
                ],
                [
                    130,
                    1995
                ],
                [
                    1520,
                    1995
                ],
                [
                    1520,
                    1937
                ]
            ],
            "label": "TableRow"
        },
        {
            "index": 22,
            "bbox": [
                [
                    516,
                    1371
                ],
                [
                    516,
                    2114
                ],
                [
                    568,
                    2114
                ],
                [
                    568,
                    1371
                ]
            ],
            "label": "TableCol"
        },
        {
            "index": 23,
            "bbox": [
                [
                    471,
                    1371
                ],
                [
                    471,
                    2114
                ],
                [
                    514,
                    2114
                ],
                [
                    514,
                    1371
                ]
            ],
            "label": "TableCol"
        },
        {
            "index": 24,
            "bbox": [
                [
                    570,
                    1371
                ],
                [
                    570,
                    2114
                ],
                [
                    612,
                    2114
                ],
                [
                    612,
                    1371
                ]
            ],
            "label": "TableCol"
        },
        {
            "index": 25,
            "bbox": [
                [
                    738,
                    1371
                ],
                [
                    738,
                    2114
                ],
                [
                    776,
                    2114
                ],
                [
                    776,
                    1371
                ]
            ],
            "label": "TableCol"
        },
        {
            "index": 26,
            "bbox": [
                [
                    130,
                    1369
                ],
                [
                    130,
                    1407
                ],
                [
                    1520,
                    1407
                ],
                [
                    1520,
                    1369
                ]
            ],
            "label": "TableRow"
        },
        {
            "index": 27,
            "bbox": [
                [
                    1380,
                    1371
                ],
                [
                    1380,
                    2114
                ],
                [
                    1437,
                    2114
                ],
                [
                    1437,
                    1371
                ]
            ],
            "label": "TableCol"
        },
        {
            "index": 28,
            "bbox": [
                [
                    614,
                    1371
                ],
                [
                    614,
                    2114
                ],
                [
                    656,
                    2114
                ],
                [
                    656,
                    1371
                ]
            ],
            "label": "TableCol"
        },
        {
            "index": 29,
            "bbox": [
                [
                    418,
                    1371
                ],
                [
                    418,
                    2114
                ],
                [
                    469,
                    2114
                ],
                [
                    469,
                    1371
                ]
            ],
            "label": "TableCol"
        },
        {
            "index": 30,
            "bbox": [
                [
                    1130,
                    1371
                ],
                [
                    1130,
                    2114
                ],
                [
                    1157,
                    2114
                ],
                [
                    1157,
                    1371
                ]
            ],
            "label": "TableCol"
        },
        {
            "index": 31,
            "bbox": [
                [
                    1439,
                    1371
                ],
                [
                    1439,
                    2114
                ],
                [
                    1518,
                    2114
                ],
                [
                    1518,
                    1371
                ]
            ],
            "label": "TableCol"
        },
        {
            "index": 32,
            "bbox": [
                [
                    695,
                    1371
                ],
                [
                    695,
                    2114
                ],
                [
                    736,
                    2114
                ],
                [
                    736,
                    1371
                ]
            ],
            "label": "TableCol"
        },
        {
            "index": 33,
            "bbox": [
                [
                    130,
                    2057
                ],
                [
                    130,
                    2116
                ],
                [
                    1520,
                    2116
                ],
                [
                    1520,
                    2057
                ]
            ],
            "label": "TableRow"
        },
        {
            "index": 34,
            "bbox": [
                [
                    130,
                    1369
                ],
                [
                    130,
                    1407
                ],
                [
                    1520,
                    1407
                ],
                [
                    1520,
                    1369
                ]
            ],
            "label": "TableColHeader"
        },
        {
            "index": 35,
            "bbox": [
                [
                    130,
                    1673
                ],
                [
                    130,
                    1712
                ],
                [
                    1520,
                    1712
                ],
                [
                    1520,
                    1673
                ]
            ],
            "label": "TableRow"
        },
        {
            "index": 36,
            "bbox": [
                [
                    123,
                    1749
                ],
                [
                    123,
                    1866
                ],
                [
                    178,
                    1866
                ],
                [
                    178,
                    1749
                ]
            ],
            "label": "TableSpanningCell"
        },
        {
            "index": 37,
            "bbox": [
                [
                    186,
                    1371
                ],
                [
                    186,
                    2114
                ],
                [
                    416,
                    2114
                ],
                [
                    416,
                    1371
                ]
            ],
            "label": "TableCol"
        },
        {
            "index": 38,
            "bbox": [
                [
                    130,
                    1875
                ],
                [
                    130,
                    1935
                ],
                [
                    1520,
                    1935
                ],
                [
                    1520,
                    1875
                ]
            ],
            "label": "TableRow"
        },
        {
            "index": 39,
            "bbox": [
                [
                    124,
                    1411
                ],
                [
                    124,
                    1724
                ],
                [
                    180,
                    1724
                ],
                [
                    180,
                    1411
                ]
            ],
            "label": "TableSpanningCell"
        },
        {
            "index": 40,
            "bbox": [
                [
                    1002,
                    1371
                ],
                [
                    1002,
                    2114
                ],
                [
                    1039,
                    2114
                ],
                [
                    1039,
                    1371
                ]
            ],
            "label": "TableCol"
        },
        {
            "index": 41,
            "bbox": [
                [
                    130,
                    1811
                ],
                [
                    130,
                    1873
                ],
                [
                    1520,
                    1873
                ],
                [
                    1520,
                    1811
                ]
            ],
            "label": "TableRow"
        },
        {
            "index": 42,
            "bbox": [
                [
                    123,
                    1990
                ],
                [
                    123,
                    2095
                ],
                [
                    179,
                    2095
                ],
                [
                    179,
                    1990
                ]
            ],
            "label": "TableSpanningCell"
        },
        {
            "index": 43,
            "bbox": [
                [
                    128,
                    1367
                ],
                [
                    128,
                    2118
                ],
                [
                    1522,
                    2118
                ],
                [
                    1522,
                    1367
                ]
            ],
            "label": "Table"
        },
        {
            "index": 44,
            "bbox": [
                [
                    877,
                    1371
                ],
                [
                    877,
                    2114
                ],
                [
                    920,
                    2114
                ],
                [
                    920,
                    1371
                ]
            ],
            "label": "TableCol"
        },
        {
            "index": 45,
            "bbox": [
                [
                    822,
                    1371
                ],
                [
                    822,
                    2114
                ],
                [
                    875,
                    2114
                ],
                [
                    875,
                    1371
                ]
            ],
            "label": "TableCol"
        },
        {
            "index": 46,
            "bbox": [
                [
                    1335,
                    1371
                ],
                [
                    1335,
                    2114
                ],
                [
                    1378,
                    2114
                ],
                [
                    1378,
                    1371
                ]
            ],
            "label": "TableCol"
        }
    ]
}