{
    "objects": [
        {
            "index": 0,
            "bbox": [
                [
                    119,
                    1432
                ],
                [
                    119,
                    1475
                ],
                [
                    1523,
                    1475
                ],
                [
                    1523,
                    1432
                ]
            ],
            "label": "TableRow"
        },
        {
            "index": 1,
            "bbox": [
                [
                    119,
                    1706
                ],
                [
                    119,
                    1763
                ],
                [
                    1523,
                    1763
                ],
                [
                    1523,
                    1706
                ]
            ],
            "label": "TableRow"
        },
        {
            "index": 2,
            "bbox": [
                [
                    119,
                    1119
                ],
                [
                    119,
                    1225
                ],
                [
                    1523,
                    1225
                ],
                [
                    1523,
                    1119
                ]
            ],
            "label": "TableRow"
        },
        {
            "index": 3,
            "bbox": [
                [
                    1057,
                    877
                ],
                [
                    1057,
                    1821
                ],
                [
                    1194,
                    1821
                ],
                [
                    1194,
                    877
                ]
            ],
            "label": "TableCol"
        },
        {
            "index": 4,
            "bbox": [
                [
                    720,
                    877
                ],
                [
                    720,
                    1821
                ],
                [
                    927,
                    1821
                ],
                [
                    927,
                    877
                ]
            ],
            "label": "TableCol"
        },
        {
            "index": 5,
            "bbox": [
                [
                    119,
                    1388
                ],
                [
                    119,
                    1430
                ],
                [
                    1523,
                    1430
                ],
                [
                    1523,
                    1388
                ]
            ],
            "label": "TableRow"
        },
        {
            "index": 6,
            "bbox": [
                [
                    1046,
                    880
                ],
                [
                    1046,
                    916
                ],
                [
                    1348,
                    916
                ],
                [
                    1348,
                    880
                ]
            ],
            "label": "TableSpanningCell"
        },
        {
            "index": 7,
            "bbox": [
                [
                    929,
                    877
                ],
                [
                    929,
                    1821
                ],
                [
                    1055,
                    1821
                ],
                [
                    1055,
                    877
                ]
            ],
            "label": "TableCol"
        },
        {
            "index": 8,
            "bbox": [
                [
                    119,
                    1013
                ],
                [
                    119,
                    1117
                ],
                [
                    1523,
                    1117
                ],
                [
                    1523,
                    1013
                ]
            ],
            "label": "TableRow"
        },
        {
            "index": 9,
            "bbox": [
                [
                    119,
                    919
                ],
                [
                    119,
                    1011
                ],
                [
                    1523,
                    1011
                ],
                [
                    1523,
                    919
                ]
            ],
            "label": "TableRow"
        },
        {
            "index": 10,
            "bbox": [
                [
                    119,
                    1227
                ],
                [
                    119,
                    1264
                ],
                [
                    1523,
                    1264
                ],
                [
                    1523,
                    1227
                ]
            ],
            "label": "TableRow"
        },
        {
            "index": 11,
            "bbox": [
                [
                    121,
                    877
                ],
                [
                    121,
                    1821
                ],
                [
                    184,
                    1821
                ],
                [
                    184,
                    877
                ]
            ],
            "label": "TableCol"
        },
        {
            "index": 12,
            "bbox": [
                [
                    119,
                    1477
                ],
                [
                    119,
                    1530
                ],
                [
                    1523,
                    1530
                ],
                [
                    1523,
                    1477
                ]
            ],
            "label": "TableRow"
        },
        {
            "index": 13,
            "bbox": [
                [
                    119,
                    1650
                ],
                [
                    119,
                    1704
                ],
                [
                    1523,
                    1704
                ],
                [
                    1523,
                    1650
                ]
            ],
            "label": "TableRow"
        },
        {
            "index": 14,
            "bbox": [
                [
                    170,
                    1709
                ],
                [
                    170,
                    1808
                ],
                [
                    418,
                    1808
                ],
                [
                    418,
                    1709
                ]
            ],
            "label": "TableSpanningCell"
        },
        {
            "index": 15,
            "bbox": [
                [
                    177,
                    1588
                ],
                [
                    177,
                    1705
                ],
                [
                    419,
                    1705
                ],
                [
                    419,
                    1588
                ]
            ],
            "label": "TableSpanningCell"
        },
        {
            "index": 16,
            "bbox": [
                [
                    569,
                    877
                ],
                [
                    569,
                    1821
                ],
                [
                    718,
                    1821
                ],
                [
                    718,
                    877
                ]
            ],
            "label": "TableCol"
        },
        {
            "index": 17,
            "bbox": [
                [
                    900,
                    879
                ],
                [
                    900,
                    1007
                ],
                [
                    1053,
                    1007
                ],
                [
                    1053,
                    879
                ]
            ],
            "label": "TableSpanningCell"
        },
        {
            "index": 18,
            "bbox": [
                [
                    119,
                    875
                ],
                [
                    119,
                    917
                ],
                [
                    1523,
                    917
                ],
                [
                    1523,
                    875
                ]
            ],
            "label": "TableRow"
        },
        {
            "index": 19,
            "bbox": [
                [
                    1196,
                    877
                ],
                [
                    1196,
                    1821
                ],
                [
                    1339,
                    1821
                ],
                [
                    1339,
                    877
                ]
            ],
            "label": "TableCol"
        },
        {
            "index": 20,
            "bbox": [
                [
                    416,
                    877
                ],
                [
                    416,
                    1821
                ],
                [
                    567,
                    1821
                ],
                [
                    567,
                    877
                ]
            ],
            "label": "TableCol"
        },
        {
            "index": 21,
            "bbox": [
                [
                    383,
                    880
                ],
                [
                    383,
                    917
                ],
                [
                    718,
                    917
                ],
                [
                    718,
                    880
                ]
            ],
            "label": "TableSpanningCell"
        },
        {
            "index": 22,
            "bbox": [
                [
                    1341,
                    877
                ],
                [
                    1341,
                    1821
                ],
                [
                    1521,
                    1821
                ],
                [
                    1521,
                    877
                ]
            ],
            "label": "TableCol"
        },
        {
            "index": 23,
            "bbox": [
                [
                    119,
                    1765
                ],
                [
                    119,
                    1823
                ],
                [
                    1523,
                    1823
                ],
                [
                    1523,
                    1765
                ]
            ],
            "label": "TableRow"
        },
        {
            "index": 24,
            "bbox": [
                [
                    119,
                    919
                ],
                [
                    119,
                    1011
                ],
                [
                    1523,
                    1011
                ],
                [
                    1523,
                    919
                ]
            ],
            "label": "TableColHeader"
        },
        {
            "index": 25,
            "bbox": [
                [
                    186,
                    877
                ],
                [
                    186,
                    1821
                ],
                [
                    414,
                    1821
                ],
                [
                    414,
                    877
                ]
            ],
            "label": "TableCol"
        },
        {
            "index": 26,
            "bbox": [
                [
                    119,
                    1592
                ],
                [
                    119,
                    1648
                ],
                [
                    1523,
                    1648
                ],
                [
                    1523,
                    1592
                ]
            ],
            "label": "TableRow"
        },
        {
            "index": 27,
            "bbox": [
                [
                    1339,
                    880
                ],
                [
                    1339,
                    1007
                ],
                [
                    1513,
                    1007
                ],
                [
                    1513,
                    880
                ]
            ],
            "label": "TableSpanningCell"
        },
        {
            "index": 28,
            "bbox": [
                [
                    728,
                    881
                ],
                [
                    728,
                    1014
                ],
                [
                    903,
                    1014
                ],
                [
                    903,
                    881
                ]
            ],
            "label": "TableSpanningCell"
        },
        {
            "index": 29,
            "bbox": [
                [
                    119,
                    1532
                ],
                [
                    119,
                    1590
                ],
                [
                    1523,
                    1590
                ],
                [
                    1523,
                    1532
                ]
            ],
            "label": "TableRow"
        },
        {
            "index": 30,
            "bbox": [
                [
                    126,
                    1480
                ],
                [
                    126,
                    1802
                ],
                [
                    178,
                    1802
                ],
                [
                    178,
                    1480
                ]
            ],
            "label": "TableSpanningCell"
        },
        {
            "index": 31,
            "bbox": [
                [
                    117,
                    873
                ],
                [
                    117,
                    1825
                ],
                [
                    1525,
                    1825
                ],
                [
                    1525,
                    873
                ]
            ],
            "label": "Table"
        },
        {
            "index": 32,
            "bbox": [
                [
                    121,
                    304
                ],
                [
                    121,
                    451
                ],
                [
                    1055,
                    451
                ],
                [
                    1055,
                    304
                ]
            ],
            "label": "Table"
        },
        {
            "index": 33,
            "bbox": [
                [
                    123,
                    452
                ],
                [
                    123,
                    536
                ],
                [
                    1067,
                    536
                ],
                [
                    1067,
                    452
                ]
            ],
            "label": "Table"
        },
        {
            "index": 34,
            "bbox": [
                [
                    124,
                    639
                ],
                [
                    124,
                    756
                ],
                [
                    1063,
                    756
                ],
                [
                    1063,
                    639
                ]
            ],
            "label": "Table"
        },
        {
            "index": 35,
            "bbox": [
                [
                    123,
                    306
                ],
                [
                    123,
                    329
                ],
                [
                    1053,
                    329
                ],
                [
                    1053,
                    306
                ]
            ],
            "label": "TableRow"
        },
        {
            "index": 36,
            "bbox": [
                [
                    123,
                    331
                ],
                [
                    123,
                    365
                ],
                [
                    1053,
                    365
                ],
                [
                    1053,
                    331
                ]
            ],
            "label": "TableRow"
        },
        {
            "index": 37,
            "bbox": [
                [
                    123,
                    367
                ],
                [
                    123,
                    394
                ],
                [
                    1053,
                    394
                ],
                [
                    1053,
                    367
                ]
            ],
            "label": "TableRow"
        },
        {
            "index": 38,
            "bbox": [
                [
                    123,
                    396
                ],
                [
                    123,
                    419
                ],
                [
                    1053,
                    419
                ],
                [
                    1053,
                    396
                ]
            ],
            "label": "TableRow"
        },
        {
            "index": 39,
            "bbox": [
                [
                    123,
                    421
                ],
                [
                    123,
                    449
                ],
                [
                    1053,
                    449
                ],
                [
                    1053,
                    421
                ]
            ],
            "label": "TableRow"
        },
        {
            "index": 40,
            "bbox": [
                [
                    125,
                    308
                ],
                [
                    125,
                    447
                ],
                [
                    513,
                    447
                ],
                [
                    513,
                    308
                ]
            ],
            "label": "TableCol"
        },
        {
            "index": 41,
            "bbox": [
                [
                    515,
                    308
                ],
                [
                    515,
                    447
                ],
                [
                    1051,
                    447
                ],
                [
                    1051,
                    308
                ]
            ],
            "label": "TableCol"
        },
        {
            "index": 42,
            "bbox": [
                [
                    125,
                    454
                ],
                [
                    125,
                    488
                ],
                [
                    1065,
                    488
                ],
                [
                    1065,
                    454
                ]
            ],
            "label": "TableRow"
        },
        {
            "index": 43,
            "bbox": [
                [
                    125,
                    490
                ],
                [
                    125,
                    534
                ],
                [
                    1065,
                    534
                ],
                [
                    1065,
                    490
                ]
            ],
            "label": "TableRow"
        },
        {
            "index": 44,
            "bbox": [
                [
                    849,
                    456
                ],
                [
                    849,
                    532
                ],
                [
                    1063,
                    532
                ],
                [
                    1063,
                    456
                ]
            ],
            "label": "TableCol"
        },
        {
            "index": 45,
            "bbox": [
                [
                    561,
                    456
                ],
                [
                    561,
                    532
                ],
                [
                    847,
                    532
                ],
                [
                    847,
                    456
                ]
            ],
            "label": "TableCol"
        },
        {
            "index": 46,
            "bbox": [
                [
                    127,
                    456
                ],
                [
                    127,
                    532
                ],
                [
                    559,
                    532
                ],
                [
                    559,
                    456
                ]
            ],
            "label": "TableCol"
        },
        {
            "index": 47,
            "bbox": [
                [
                    126,
                    641
                ],
                [
                    126,
                    664
                ],
                [
                    1061,
                    664
                ],
                [
                    1061,
                    641
                ]
            ],
            "label": "TableRow"
        },
        {
            "index": 48,
            "bbox": [
                [
                    126,
                    666
                ],
                [
                    126,
                    697
                ],
                [
                    1061,
                    697
                ],
                [
                    1061,
                    666
                ]
            ],
            "label": "TableRow"
        },
        {
            "index": 49,
            "bbox": [
                [
                    126,
                    699
                ],
                [
                    126,
                    724
                ],
                [
                    1061,
                    724
                ],
                [
                    1061,
                    699
                ]
            ],
            "label": "TableRow"
        },
        {
            "index": 50,
            "bbox": [
                [
                    126,
                    726
                ],
                [
                    126,
                    754
                ],
                [
                    1061,
                    754
                ],
                [
                    1061,
                    726
                ]
            ],
            "label": "TableRow"
        },
        {
            "index": 51,
            "bbox": [
                [
                    505,
                    643
                ],
                [
                    505,
                    752
                ],
                [
                    1059,
                    752
                ],
                [
                    1059,
                    643
                ]
            ],
            "label": "TableCol"
        },
        {
            "index": 52,
            "bbox": [
                [
                    128,
                    643
                ],
                [
                    128,
                    752
                ],
                [
                    503,
                    752
                ],
                [
                    503,
                    643
                ]
            ],
            "label": "TableCol"
        },
        {
            "index": 53,
            "bbox": [
                [
                    119,
                    1266
                ],
                [
                    119,
                    1307
                ],
                [
                    1523,
                    1307
                ],
                [
                    1523,
                    1266
                ]
            ],
            "label": "TableRow"
        },
        {
            "index": 54,
            "bbox": [
                [
                    119,
                    1309
                ],
                [
                    119,
                    1353
                ],
                [
                    1523,
                    1353
                ],
                [
                    1523,
                    1309
                ]
            ],
            "label": "TableRow"
        },
        {
            "index": 55,
            "bbox": [
                [
                    119,
                    1355
                ],
                [
                    119,
                    1386
                ],
                [
                    1523,
                    1386
                ],
                [
                    1523,
                    1355
                ]
            ],
            "label": "TableRow"
        },
        {
            "index": 56,
            "bbox": [
                [
                    129,
                    1122
                ],
                [
                    129,
                    1460
                ],
                [
                    180,
                    1460
                ],
                [
                    180,
                    1122
                ]
            ],
            "label": "TableSpanningCell"
        },
        {
            "index": 57,
            "bbox": [
                [
                    422,
                    1232
                ],
                [
                    422,
                    1342
                ],
                [
                    556,
                    1342
                ],
                [
                    556,
                    1232
                ]
            ],
            "label": "TableSpanningCell"
        },
        {
            "index": 58,
            "bbox": [
                [
                    579,
                    1235
                ],
                [
                    579,
                    1345
                ],
                [
                    709,
                    1345
                ],
                [
                    709,
                    1235
                ]
            ],
            "label": "TableSpanningCell"
        },
        {
            "index": 59,
            "bbox": [
                [
                    574,
                    1365
                ],
                [
                    574,
                    1467
                ],
                [
                    705,
                    1467
                ],
                [
                    705,
                    1365
                ]
            ],
            "label": "TableSpanningCell"
        },
        {
            "index": 60,
            "bbox": [
                [
                    422,
                    1361
                ],
                [
                    422,
                    1466
                ],
                [
                    557,
                    1466
                ],
                [
                    557,
                    1361
                ]
            ],
            "label": "TableSpanningCell"
        }
    ]
}