{
    "objects": [
        {
            "index": 0,
            "bbox": [
                [
                    105,
                    613
                ],
                [
                    105,
                    647
                ],
                [
                    810,
                    647
                ],
                [
                    810,
                    613
                ]
            ],
            "label": "TableRow"
        },
        {
            "index": 1,
            "bbox": [
                [
                    105,
                    314
                ],
                [
                    105,
                    428
                ],
                [
                    810,
                    428
                ],
                [
                    810,
                    314
                ]
            ],
            "label": "TableRow"
        },
        {
            "index": 2,
            "bbox": [
                [
                    105,
                    274
                ],
                [
                    105,
                    312
                ],
                [
                    810,
                    312
                ],
                [
                    810,
                    274
                ]
            ],
            "label": "TableRow"
        },
        {
            "index": 3,
            "bbox": [
                [
                    107,
                    231
                ],
                [
                    107,
                    685
                ],
                [
                    508,
                    685
                ],
                [
                    508,
                    231
                ]
            ],
            "label": "TableCol"
        },
        {
            "index": 4,
            "bbox": [
                [
                    105,
                    430
                ],
                [
                    105,
                    495
                ],
                [
                    810,
                    495
                ],
                [
                    810,
                    430
                ]
            ],
            "label": "TableRow"
        },
        {
            "index": 5,
            "bbox": [
                [
                    105,
                    576
                ],
                [
                    105,
                    611
                ],
                [
                    810,
                    611
                ],
                [
                    810,
                    576
                ]
            ],
            "label": "TableRow"
        },
        {
            "index": 6,
            "bbox": [
                [
                    105,
                    229
                ],
                [
                    105,
                    272
                ],
                [
                    810,
                    272
                ],
                [
                    810,
                    229
                ]
            ],
            "label": "TableRow"
        },
        {
            "index": 7,
            "bbox": [
                [
                    510,
                    231
                ],
                [
                    510,
                    685
                ],
                [
                    808,
                    685
                ],
                [
                    808,
                    231
                ]
            ],
            "label": "TableCol"
        },
        {
            "index": 8,
            "bbox": [
                [
                    105,
                    649
                ],
                [
                    105,
                    687
                ],
                [
                    810,
                    687
                ],
                [
                    810,
                    649
                ]
            ],
            "label": "TableRow"
        },
        {
            "index": 9,
            "bbox": [
                [
                    105,
                    539
                ],
                [
                    105,
                    574
                ],
                [
                    810,
                    574
                ],
                [
                    810,
                    539
                ]
            ],
            "label": "TableRow"
        },
        {
            "index": 10,
            "bbox": [
                [
                    105,
                    497
                ],
                [
                    105,
                    537
                ],
                [
                    810,
                    537
                ],
                [
                    810,
                    497
                ]
            ],
            "label": "TableRow"
        },
        {
            "index": 11,
            "bbox": [
                [
                    103,
                    227
                ],
                [
                    103,
                    689
                ],
                [
                    812,
                    689
                ],
                [
                    812,
                    227
                ]
            ],
            "label": "Table"
        },
        {
            "index": 12,
            "bbox": [
                [
                    848,
                    612
                ],
                [
                    848,
                    649
                ],
                [
                    1554,
                    649
                ],
                [
                    1554,
                    612
                ]
            ],
            "label": "TableRow"
        },
        {
            "index": 13,
            "bbox": [
                [
                    848,
                    314
                ],
                [
                    848,
                    460
                ],
                [
                    1554,
                    460
                ],
                [
                    1554,
                    314
                ]
            ],
            "label": "TableRow"
        },
        {
            "index": 14,
            "bbox": [
                [
                    850,
                    228
                ],
                [
                    850,
                    685
                ],
                [
                    1191,
                    685
                ],
                [
                    1191,
                    228
                ]
            ],
            "label": "TableCol"
        },
        {
            "index": 15,
            "bbox": [
                [
                    848,
                    574
                ],
                [
                    848,
                    610
                ],
                [
                    1554,
                    610
                ],
                [
                    1554,
                    574
                ]
            ],
            "label": "TableRow"
        },
        {
            "index": 16,
            "bbox": [
                [
                    848,
                    226
                ],
                [
                    848,
                    312
                ],
                [
                    1554,
                    312
                ],
                [
                    1554,
                    226
                ]
            ],
            "label": "TableRow"
        },
        {
            "index": 17,
            "bbox": [
                [
                    1193,
                    228
                ],
                [
                    1193,
                    685
                ],
                [
                    1552,
                    685
                ],
                [
                    1552,
                    228
                ]
            ],
            "label": "TableCol"
        },
        {
            "index": 18,
            "bbox": [
                [
                    848,
                    651
                ],
                [
                    848,
                    687
                ],
                [
                    1554,
                    687
                ],
                [
                    1554,
                    651
                ]
            ],
            "label": "TableRow"
        },
        {
            "index": 19,
            "bbox": [
                [
                    848,
                    534
                ],
                [
                    848,
                    572
                ],
                [
                    1554,
                    572
                ],
                [
                    1554,
                    534
                ]
            ],
            "label": "TableRow"
        },
        {
            "index": 20,
            "bbox": [
                [
                    848,
                    462
                ],
                [
                    848,
                    532
                ],
                [
                    1554,
                    532
                ],
                [
                    1554,
                    462
                ]
            ],
            "label": "TableRow"
        },
        {
            "index": 21,
            "bbox": [
                [
                    846,
                    224
                ],
                [
                    846,
                    689
                ],
                [
                    1556,
                    689
                ],
                [
                    1556,
                    224
                ]
            ],
            "label": "Table"
        },
        {
            "index": 22,
            "bbox": [
                [
                    102,
                    1121
                ],
                [
                    102,
                    1155
                ],
                [
                    817,
                    1155
                ],
                [
                    817,
                    1121
                ]
            ],
            "label": "TableRow"
        },
        {
            "index": 23,
            "bbox": [
                [
                    102,
                    834
                ],
                [
                    102,
                    944
                ],
                [
                    817,
                    944
                ],
                [
                    817,
                    834
                ]
            ],
            "label": "TableRow"
        },
        {
            "index": 24,
            "bbox": [
                [
                    102,
                    786
                ],
                [
                    102,
                    832
                ],
                [
                    817,
                    832
                ],
                [
                    817,
                    786
                ]
            ],
            "label": "TableRow"
        },
        {
            "index": 25,
            "bbox": [
                [
                    104,
                    744
                ],
                [
                    104,
                    1196
                ],
                [
                    460,
                    1196
                ],
                [
                    460,
                    744
                ]
            ],
            "label": "TableCol"
        },
        {
            "index": 26,
            "bbox": [
                [
                    102,
                    946
                ],
                [
                    102,
                    1005
                ],
                [
                    817,
                    1005
                ],
                [
                    817,
                    946
                ]
            ],
            "label": "TableRow"
        },
        {
            "index": 27,
            "bbox": [
                [
                    102,
                    1085
                ],
                [
                    102,
                    1119
                ],
                [
                    817,
                    1119
                ],
                [
                    817,
                    1085
                ]
            ],
            "label": "TableRow"
        },
        {
            "index": 28,
            "bbox": [
                [
                    102,
                    742
                ],
                [
                    102,
                    784
                ],
                [
                    817,
                    784
                ],
                [
                    817,
                    742
                ]
            ],
            "label": "TableRow"
        },
        {
            "index": 29,
            "bbox": [
                [
                    462,
                    744
                ],
                [
                    462,
                    1196
                ],
                [
                    815,
                    1196
                ],
                [
                    815,
                    744
                ]
            ],
            "label": "TableCol"
        },
        {
            "index": 30,
            "bbox": [
                [
                    102,
                    1157
                ],
                [
                    102,
                    1198
                ],
                [
                    817,
                    1198
                ],
                [
                    817,
                    1157
                ]
            ],
            "label": "TableRow"
        },
        {
            "index": 31,
            "bbox": [
                [
                    102,
                    1048
                ],
                [
                    102,
                    1083
                ],
                [
                    817,
                    1083
                ],
                [
                    817,
                    1048
                ]
            ],
            "label": "TableRow"
        },
        {
            "index": 32,
            "bbox": [
                [
                    102,
                    1007
                ],
                [
                    102,
                    1046
                ],
                [
                    817,
                    1046
                ],
                [
                    817,
                    1007
                ]
            ],
            "label": "TableRow"
        },
        {
            "index": 33,
            "bbox": [
                [
                    100,
                    740
                ],
                [
                    100,
                    1200
                ],
                [
                    819,
                    1200
                ],
                [
                    819,
                    740
                ]
            ],
            "label": "Table"
        },
        {
            "index": 34,
            "bbox": [
                [
                    845,
                    1125
                ],
                [
                    845,
                    1161
                ],
                [
                    1556,
                    1161
                ],
                [
                    1556,
                    1125
                ]
            ],
            "label": "TableRow"
        },
        {
            "index": 35,
            "bbox": [
                [
                    845,
                    947
                ],
                [
                    845,
                    1005
                ],
                [
                    1556,
                    1005
                ],
                [
                    1556,
                    947
                ]
            ],
            "label": "TableRow"
        },
        {
            "index": 36,
            "bbox": [
                [
                    845,
                    808
                ],
                [
                    845,
                    945
                ],
                [
                    1556,
                    945
                ],
                [
                    1556,
                    808
                ]
            ],
            "label": "TableRow"
        },
        {
            "index": 37,
            "bbox": [
                [
                    847,
                    738
                ],
                [
                    847,
                    1199
                ],
                [
                    1160,
                    1199
                ],
                [
                    1160,
                    738
                ]
            ],
            "label": "TableCol"
        },
        {
            "index": 38,
            "bbox": [
                [
                    845,
                    1087
                ],
                [
                    845,
                    1123
                ],
                [
                    1556,
                    1123
                ],
                [
                    1556,
                    1087
                ]
            ],
            "label": "TableRow"
        },
        {
            "index": 39,
            "bbox": [
                [
                    845,
                    736
                ],
                [
                    845,
                    806
                ],
                [
                    1556,
                    806
                ],
                [
                    1556,
                    736
                ]
            ],
            "label": "TableRow"
        },
        {
            "index": 40,
            "bbox": [
                [
                    1162,
                    738
                ],
                [
                    1162,
                    1199
                ],
                [
                    1554,
                    1199
                ],
                [
                    1554,
                    738
                ]
            ],
            "label": "TableCol"
        },
        {
            "index": 41,
            "bbox": [
                [
                    845,
                    1163
                ],
                [
                    845,
                    1201
                ],
                [
                    1556,
                    1201
                ],
                [
                    1556,
                    1163
                ]
            ],
            "label": "TableRow"
        },
        {
            "index": 42,
            "bbox": [
                [
                    845,
                    1049
                ],
                [
                    845,
                    1085
                ],
                [
                    1556,
                    1085
                ],
                [
                    1556,
                    1049
                ]
            ],
            "label": "TableRow"
        },
        {
            "index": 43,
            "bbox": [
                [
                    845,
                    1007
                ],
                [
                    845,
                    1047
                ],
                [
                    1556,
                    1047
                ],
                [
                    1556,
                    1007
                ]
            ],
            "label": "TableRow"
        },
        {
            "index": 44,
            "bbox": [
                [
                    843,
                    734
                ],
                [
                    843,
                    1203
                ],
                [
                    1558,
                    1203
                ],
                [
                    1558,
                    734
                ]
            ],
            "label": "Table"
        },
        {
            "index": 45,
            "bbox": [
                [
                    103,
                    1661
                ],
                [
                    103,
                    1695
                ],
                [
                    815,
                    1695
                ],
                [
                    815,
                    1661
                ]
            ],
            "label": "TableRow"
        },
        {
            "index": 46,
            "bbox": [
                [
                    467,
                    1246
                ],
                [
                    467,
                    1720
                ],
                [
                    813,
                    1720
                ],
                [
                    813,
                    1246
                ]
            ],
            "label": "TableCol"
        },
        {
            "index": 47,
            "bbox": [
                [
                    103,
                    1352
                ],
                [
                    103,
                    1468
                ],
                [
                    815,
                    1468
                ],
                [
                    815,
                    1352
                ]
            ],
            "label": "TableRow"
        },
        {
            "index": 48,
            "bbox": [
                [
                    103,
                    1302
                ],
                [
                    103,
                    1350
                ],
                [
                    815,
                    1350
                ],
                [
                    815,
                    1302
                ]
            ],
            "label": "TableRow"
        },
        {
            "index": 49,
            "bbox": [
                [
                    105,
                    1246
                ],
                [
                    105,
                    1720
                ],
                [
                    465,
                    1720
                ],
                [
                    465,
                    1246
                ]
            ],
            "label": "TableCol"
        },
        {
            "index": 50,
            "bbox": [
                [
                    103,
                    1470
                ],
                [
                    103,
                    1540
                ],
                [
                    815,
                    1540
                ],
                [
                    815,
                    1470
                ]
            ],
            "label": "TableRow"
        },
        {
            "index": 51,
            "bbox": [
                [
                    103,
                    1622
                ],
                [
                    103,
                    1659
                ],
                [
                    815,
                    1659
                ],
                [
                    815,
                    1622
                ]
            ],
            "label": "TableRow"
        },
        {
            "index": 52,
            "bbox": [
                [
                    103,
                    1244
                ],
                [
                    103,
                    1300
                ],
                [
                    815,
                    1300
                ],
                [
                    815,
                    1244
                ]
            ],
            "label": "TableRow"
        },
        {
            "index": 53,
            "bbox": [
                [
                    103,
                    1697
                ],
                [
                    103,
                    1722
                ],
                [
                    815,
                    1722
                ],
                [
                    815,
                    1697
                ]
            ],
            "label": "TableRow"
        },
        {
            "index": 54,
            "bbox": [
                [
                    103,
                    1584
                ],
                [
                    103,
                    1620
                ],
                [
                    815,
                    1620
                ],
                [
                    815,
                    1584
                ]
            ],
            "label": "TableRow"
        },
        {
            "index": 55,
            "bbox": [
                [
                    103,
                    1542
                ],
                [
                    103,
                    1582
                ],
                [
                    815,
                    1582
                ],
                [
                    815,
                    1542
                ]
            ],
            "label": "TableRow"
        },
        {
            "index": 56,
            "bbox": [
                [
                    101,
                    1242
                ],
                [
                    101,
                    1724
                ],
                [
                    817,
                    1724
                ],
                [
                    817,
                    1242
                ]
            ],
            "label": "Table"
        },
        {
            "index": 57,
            "bbox": [
                [
                    845,
                    1654
                ],
                [
                    845,
                    1690
                ],
                [
                    1559,
                    1690
                ],
                [
                    1559,
                    1654
                ]
            ],
            "label": "TableRow"
        },
        {
            "index": 58,
            "bbox": [
                [
                    845,
                    1464
                ],
                [
                    845,
                    1525
                ],
                [
                    1559,
                    1525
                ],
                [
                    1559,
                    1464
                ]
            ],
            "label": "TableRow"
        },
        {
            "index": 59,
            "bbox": [
                [
                    845,
                    1388
                ],
                [
                    845,
                    1462
                ],
                [
                    1559,
                    1462
                ],
                [
                    1559,
                    1388
                ]
            ],
            "label": "TableRow"
        },
        {
            "index": 60,
            "bbox": [
                [
                    847,
                    1249
                ],
                [
                    847,
                    1738
                ],
                [
                    1194,
                    1738
                ],
                [
                    1194,
                    1249
                ]
            ],
            "label": "TableCol"
        },
        {
            "index": 61,
            "bbox": [
                [
                    845,
                    1617
                ],
                [
                    845,
                    1652
                ],
                [
                    1559,
                    1652
                ],
                [
                    1559,
                    1617
                ]
            ],
            "label": "TableRow"
        },
        {
            "index": 62,
            "bbox": [
                [
                    845,
                    1247
                ],
                [
                    845,
                    1386
                ],
                [
                    1559,
                    1386
                ],
                [
                    1559,
                    1247
                ]
            ],
            "label": "TableRow"
        },
        {
            "index": 63,
            "bbox": [
                [
                    1196,
                    1249
                ],
                [
                    1196,
                    1738
                ],
                [
                    1557,
                    1738
                ],
                [
                    1557,
                    1249
                ]
            ],
            "label": "TableCol"
        },
        {
            "index": 64,
            "bbox": [
                [
                    845,
                    1692
                ],
                [
                    845,
                    1740
                ],
                [
                    1559,
                    1740
                ],
                [
                    1559,
                    1692
                ]
            ],
            "label": "TableRow"
        },
        {
            "index": 65,
            "bbox": [
                [
                    845,
                    1578
                ],
                [
                    845,
                    1615
                ],
                [
                    1559,
                    1615
                ],
                [
                    1559,
                    1578
                ]
            ],
            "label": "TableRow"
        },
        {
            "index": 66,
            "bbox": [
                [
                    845,
                    1527
                ],
                [
                    845,
                    1576
                ],
                [
                    1559,
                    1576
                ],
                [
                    1559,
                    1527
                ]
            ],
            "label": "TableRow"
        },
        {
            "index": 67,
            "bbox": [
                [
                    843,
                    1245
                ],
                [
                    843,
                    1742
                ],
                [
                    1561,
                    1742
                ],
                [
                    1561,
                    1245
                ]
            ],
            "label": "Table"
        }
    ]
}