{
    "objects": [
        {
            "index": 0,
            "bbox": [
                [
                    101,
                    623
                ],
                [
                    101,
                    659
                ],
                [
                    824,
                    659
                ],
                [
                    824,
                    623
                ]
            ],
            "label": "TableRow"
        },
        {
            "index": 1,
            "bbox": [
                [
                    101,
                    324
                ],
                [
                    101,
                    474
                ],
                [
                    824,
                    474
                ],
                [
                    824,
                    324
                ]
            ],
            "label": "TableRow"
        },
        {
            "index": 2,
            "bbox": [
                [
                    101,
                    277
                ],
                [
                    101,
                    322
                ],
                [
                    824,
                    322
                ],
                [
                    824,
                    277
                ]
            ],
            "label": "TableRow"
        },
        {
            "index": 3,
            "bbox": [
                [
                    103,
                    240
                ],
                [
                    103,
                    703
                ],
                [
                    474,
                    703
                ],
                [
                    474,
                    240
                ]
            ],
            "label": "TableCol"
        },
        {
            "index": 4,
            "bbox": [
                [
                    101,
                    585
                ],
                [
                    101,
                    621
                ],
                [
                    824,
                    621
                ],
                [
                    824,
                    585
                ]
            ],
            "label": "TableRow"
        },
        {
            "index": 5,
            "bbox": [
                [
                    101,
                    238
                ],
                [
                    101,
                    275
                ],
                [
                    824,
                    275
                ],
                [
                    824,
                    238
                ]
            ],
            "label": "TableRow"
        },
        {
            "index": 6,
            "bbox": [
                [
                    476,
                    240
                ],
                [
                    476,
                    703
                ],
                [
                    822,
                    703
                ],
                [
                    822,
                    240
                ]
            ],
            "label": "TableCol"
        },
        {
            "index": 7,
            "bbox": [
                [
                    101,
                    661
                ],
                [
                    101,
                    705
                ],
                [
                    824,
                    705
                ],
                [
                    824,
                    661
                ]
            ],
            "label": "TableRow"
        },
        {
            "index": 8,
            "bbox": [
                [
                    101,
                    545
                ],
                [
                    101,
                    583
                ],
                [
                    824,
                    583
                ],
                [
                    824,
                    545
                ]
            ],
            "label": "TableRow"
        },
        {
            "index": 9,
            "bbox": [
                [
                    101,
                    476
                ],
                [
                    101,
                    543
                ],
                [
                    824,
                    543
                ],
                [
                    824,
                    476
                ]
            ],
            "label": "TableRow"
        },
        {
            "index": 10,
            "bbox": [
                [
                    99,
                    236
                ],
                [
                    99,
                    707
                ],
                [
                    826,
                    707
                ],
                [
                    826,
                    236
                ]
            ],
            "label": "Table"
        },
        {
            "index": 11,
            "bbox": [
                [
                    105,
                    1135
                ],
                [
                    105,
                    1172
                ],
                [
                    814,
                    1172
                ],
                [
                    814,
                    1135
                ]
            ],
            "label": "TableRow"
        },
        {
            "index": 12,
            "bbox": [
                [
                    105,
                    849
                ],
                [
                    105,
                    991
                ],
                [
                    814,
                    991
                ],
                [
                    814,
                    849
                ]
            ],
            "label": "TableRow"
        },
        {
            "index": 13,
            "bbox": [
                [
                    105,
                    809
                ],
                [
                    105,
                    847
                ],
                [
                    814,
                    847
                ],
                [
                    814,
                    809
                ]
            ],
            "label": "TableRow"
        },
        {
            "index": 14,
            "bbox": [
                [
                    107,
                    756
                ],
                [
                    107,
                    1210
                ],
                [
                    412,
                    1210
                ],
                [
                    412,
                    756
                ]
            ],
            "label": "TableCol"
        },
        {
            "index": 15,
            "bbox": [
                [
                    105,
                    1097
                ],
                [
                    105,
                    1133
                ],
                [
                    814,
                    1133
                ],
                [
                    814,
                    1097
                ]
            ],
            "label": "TableRow"
        },
        {
            "index": 16,
            "bbox": [
                [
                    105,
                    754
                ],
                [
                    105,
                    807
                ],
                [
                    814,
                    807
                ],
                [
                    814,
                    754
                ]
            ],
            "label": "TableRow"
        },
        {
            "index": 17,
            "bbox": [
                [
                    414,
                    756
                ],
                [
                    414,
                    1210
                ],
                [
                    812,
                    1210
                ],
                [
                    812,
                    756
                ]
            ],
            "label": "TableCol"
        },
        {
            "index": 18,
            "bbox": [
                [
                    105,
                    1174
                ],
                [
                    105,
                    1212
                ],
                [
                    814,
                    1212
                ],
                [
                    814,
                    1174
                ]
            ],
            "label": "TableRow"
        },
        {
            "index": 19,
            "bbox": [
                [
                    105,
                    1056
                ],
                [
                    105,
                    1095
                ],
                [
                    814,
                    1095
                ],
                [
                    814,
                    1056
                ]
            ],
            "label": "TableRow"
        },
        {
            "index": 20,
            "bbox": [
                [
                    105,
                    993
                ],
                [
                    105,
                    1054
                ],
                [
                    814,
                    1054
                ],
                [
                    814,
                    993
                ]
            ],
            "label": "TableRow"
        },
        {
            "index": 21,
            "bbox": [
                [
                    103,
                    752
                ],
                [
                    103,
                    1214
                ],
                [
                    816,
                    1214
                ],
                [
                    816,
                    752
                ]
            ],
            "label": "Table"
        },
        {
            "index": 22,
            "bbox": [
                [
                    846,
                    1134
                ],
                [
                    846,
                    1171
                ],
                [
                    1553,
                    1171
                ],
                [
                    1553,
                    1134
                ]
            ],
            "label": "TableRow"
        },
        {
            "index": 23,
            "bbox": [
                [
                    846,
                    837
                ],
                [
                    846,
                    984
                ],
                [
                    1553,
                    984
                ],
                [
                    1553,
                    837
                ]
            ],
            "label": "TableRow"
        },
        {
            "index": 24,
            "bbox": [
                [
                    846,
                    794
                ],
                [
                    846,
                    835
                ],
                [
                    1553,
                    835
                ],
                [
                    1553,
                    794
                ]
            ],
            "label": "TableRow"
        },
        {
            "index": 25,
            "bbox": [
                [
                    848,
                    756
                ],
                [
                    848,
                    1216
                ],
                [
                    1208,
                    1216
                ],
                [
                    1208,
                    756
                ]
            ],
            "label": "TableCol"
        },
        {
            "index": 26,
            "bbox": [
                [
                    846,
                    1095
                ],
                [
                    846,
                    1132
                ],
                [
                    1553,
                    1132
                ],
                [
                    1553,
                    1095
                ]
            ],
            "label": "TableRow"
        },
        {
            "index": 27,
            "bbox": [
                [
                    846,
                    754
                ],
                [
                    846,
                    792
                ],
                [
                    1553,
                    792
                ],
                [
                    1553,
                    754
                ]
            ],
            "label": "TableRow"
        },
        {
            "index": 28,
            "bbox": [
                [
                    1210,
                    756
                ],
                [
                    1210,
                    1216
                ],
                [
                    1551,
                    1216
                ],
                [
                    1551,
                    756
                ]
            ],
            "label": "TableCol"
        },
        {
            "index": 29,
            "bbox": [
                [
                    846,
                    1173
                ],
                [
                    846,
                    1218
                ],
                [
                    1553,
                    1218
                ],
                [
                    1553,
                    1173
                ]
            ],
            "label": "TableRow"
        },
        {
            "index": 30,
            "bbox": [
                [
                    846,
                    1051
                ],
                [
                    846,
                    1093
                ],
                [
                    1553,
                    1093
                ],
                [
                    1553,
                    1051
                ]
            ],
            "label": "TableRow"
        },
        {
            "index": 31,
            "bbox": [
                [
                    846,
                    754
                ],
                [
                    846,
                    792
                ],
                [
                    1553,
                    792
                ],
                [
                    1553,
                    754
                ]
            ],
            "label": "TableProjRowHeader"
        },
        {
            "index": 32,
            "bbox": [
                [
                    846,
                    986
                ],
                [
                    846,
                    1049
                ],
                [
                    1553,
                    1049
                ],
                [
                    1553,
                    986
                ]
            ],
            "label": "TableRow"
        },
        {
            "index": 33,
            "bbox": [
                [
                    844,
                    752
                ],
                [
                    844,
                    1220
                ],
                [
                    1555,
                    1220
                ],
                [
                    1555,
                    752
                ]
            ],
            "label": "Table"
        },
        {
            "index": 34,
            "bbox": [
                [
                    98,
                    1643
                ],
                [
                    98,
                    1680
                ],
                [
                    813,
                    1680
                ],
                [
                    813,
                    1643
                ]
            ],
            "label": "TableRow"
        },
        {
            "index": 35,
            "bbox": [
                [
                    418,
                    1262
                ],
                [
                    418,
                    1723
                ],
                [
                    811,
                    1723
                ],
                [
                    811,
                    1262
                ]
            ],
            "label": "TableCol"
        },
        {
            "index": 36,
            "bbox": [
                [
                    98,
                    1351
                ],
                [
                    98,
                    1496
                ],
                [
                    813,
                    1496
                ],
                [
                    813,
                    1351
                ]
            ],
            "label": "TableRow"
        },
        {
            "index": 37,
            "bbox": [
                [
                    98,
                    1310
                ],
                [
                    98,
                    1349
                ],
                [
                    813,
                    1349
                ],
                [
                    813,
                    1310
                ]
            ],
            "label": "TableRow"
        },
        {
            "index": 38,
            "bbox": [
                [
                    100,
                    1262
                ],
                [
                    100,
                    1723
                ],
                [
                    416,
                    1723
                ],
                [
                    416,
                    1262
                ]
            ],
            "label": "TableCol"
        },
        {
            "index": 39,
            "bbox": [
                [
                    98,
                    1605
                ],
                [
                    98,
                    1641
                ],
                [
                    813,
                    1641
                ],
                [
                    813,
                    1605
                ]
            ],
            "label": "TableRow"
        },
        {
            "index": 40,
            "bbox": [
                [
                    98,
                    1260
                ],
                [
                    98,
                    1308
                ],
                [
                    813,
                    1308
                ],
                [
                    813,
                    1260
                ]
            ],
            "label": "TableRow"
        },
        {
            "index": 41,
            "bbox": [
                [
                    98,
                    1682
                ],
                [
                    98,
                    1725
                ],
                [
                    813,
                    1725
                ],
                [
                    813,
                    1682
                ]
            ],
            "label": "TableRow"
        },
        {
            "index": 42,
            "bbox": [
                [
                    98,
                    1564
                ],
                [
                    98,
                    1603
                ],
                [
                    813,
                    1603
                ],
                [
                    813,
                    1564
                ]
            ],
            "label": "TableRow"
        },
        {
            "index": 43,
            "bbox": [
                [
                    98,
                    1498
                ],
                [
                    98,
                    1562
                ],
                [
                    813,
                    1562
                ],
                [
                    813,
                    1498
                ]
            ],
            "label": "TableRow"
        },
        {
            "index": 44,
            "bbox": [
                [
                    96,
                    1258
                ],
                [
                    96,
                    1727
                ],
                [
                    815,
                    1727
                ],
                [
                    815,
                    1258
                ]
            ],
            "label": "Table"
        },
        {
            "index": 45,
            "bbox": [
                [
                    93,
                    2165
                ],
                [
                    93,
                    2201
                ],
                [
                    819,
                    2201
                ],
                [
                    819,
                    2165
                ]
            ],
            "label": "TableRow"
        },
        {
            "index": 46,
            "bbox": [
                [
                    93,
                    1869
                ],
                [
                    93,
                    2020
                ],
                [
                    819,
                    2020
                ],
                [
                    819,
                    1869
                ]
            ],
            "label": "TableRow"
        },
        {
            "index": 47,
            "bbox": [
                [
                    93,
                    1827
                ],
                [
                    93,
                    1867
                ],
                [
                    819,
                    1867
                ],
                [
                    819,
                    1827
                ]
            ],
            "label": "TableRow"
        },
        {
            "index": 48,
            "bbox": [
                [
                    95,
                    1784
                ],
                [
                    95,
                    2234
                ],
                [
                    467,
                    2234
                ],
                [
                    467,
                    1784
                ]
            ],
            "label": "TableCol"
        },
        {
            "index": 49,
            "bbox": [
                [
                    93,
                    2127
                ],
                [
                    93,
                    2163
                ],
                [
                    819,
                    2163
                ],
                [
                    819,
                    2127
                ]
            ],
            "label": "TableRow"
        },
        {
            "index": 50,
            "bbox": [
                [
                    93,
                    1782
                ],
                [
                    93,
                    1825
                ],
                [
                    819,
                    1825
                ],
                [
                    819,
                    1782
                ]
            ],
            "label": "TableRow"
        },
        {
            "index": 51,
            "bbox": [
                [
                    469,
                    1784
                ],
                [
                    469,
                    2234
                ],
                [
                    817,
                    2234
                ],
                [
                    817,
                    1784
                ]
            ],
            "label": "TableCol"
        },
        {
            "index": 52,
            "bbox": [
                [
                    93,
                    2203
                ],
                [
                    93,
                    2236
                ],
                [
                    819,
                    2236
                ],
                [
                    819,
                    2203
                ]
            ],
            "label": "TableRow"
        },
        {
            "index": 53,
            "bbox": [
                [
                    93,
                    2089
                ],
                [
                    93,
                    2125
                ],
                [
                    819,
                    2125
                ],
                [
                    819,
                    2089
                ]
            ],
            "label": "TableRow"
        },
        {
            "index": 54,
            "bbox": [
                [
                    93,
                    2022
                ],
                [
                    93,
                    2087
                ],
                [
                    819,
                    2087
                ],
                [
                    819,
                    2022
                ]
            ],
            "label": "TableRow"
        },
        {
            "index": 55,
            "bbox": [
                [
                    91,
                    1780
                ],
                [
                    91,
                    2238
                ],
                [
                    821,
                    2238
                ],
                [
                    821,
                    1780
                ]
            ],
            "label": "Table"
        },
        {
            "index": 56,
            "bbox": [
                [
                    844,
                    2161
                ],
                [
                    844,
                    2198
                ],
                [
                    1553,
                    2198
                ],
                [
                    1553,
                    2161
                ]
            ],
            "label": "TableRow"
        },
        {
            "index": 57,
            "bbox": [
                [
                    1148,
                    1776
                ],
                [
                    1148,
                    2235
                ],
                [
                    1551,
                    2235
                ],
                [
                    1551,
                    1776
                ]
            ],
            "label": "TableCol"
        },
        {
            "index": 58,
            "bbox": [
                [
                    844,
                    1867
                ],
                [
                    844,
                    2006
                ],
                [
                    1553,
                    2006
                ],
                [
                    1553,
                    1867
                ]
            ],
            "label": "TableRow"
        },
        {
            "index": 59,
            "bbox": [
                [
                    844,
                    1823
                ],
                [
                    844,
                    1865
                ],
                [
                    1553,
                    1865
                ],
                [
                    1553,
                    1823
                ]
            ],
            "label": "TableRow"
        },
        {
            "index": 60,
            "bbox": [
                [
                    846,
                    1776
                ],
                [
                    846,
                    2235
                ],
                [
                    1146,
                    2235
                ],
                [
                    1146,
                    1776
                ]
            ],
            "label": "TableCol"
        },
        {
            "index": 61,
            "bbox": [
                [
                    844,
                    2123
                ],
                [
                    844,
                    2159
                ],
                [
                    1553,
                    2159
                ],
                [
                    1553,
                    2123
                ]
            ],
            "label": "TableRow"
        },
        {
            "index": 62,
            "bbox": [
                [
                    844,
                    1774
                ],
                [
                    844,
                    1821
                ],
                [
                    1553,
                    1821
                ],
                [
                    1553,
                    1774
                ]
            ],
            "label": "TableRow"
        },
        {
            "index": 63,
            "bbox": [
                [
                    844,
                    2200
                ],
                [
                    844,
                    2237
                ],
                [
                    1553,
                    2237
                ],
                [
                    1553,
                    2200
                ]
            ],
            "label": "TableRow"
        },
        {
            "index": 64,
            "bbox": [
                [
                    844,
                    2081
                ],
                [
                    844,
                    2121
                ],
                [
                    1553,
                    2121
                ],
                [
                    1553,
                    2081
                ]
            ],
            "label": "TableRow"
        },
        {
            "index": 65,
            "bbox": [
                [
                    844,
                    2008
                ],
                [
                    844,
                    2079
                ],
                [
                    1553,
                    2079
                ],
                [
                    1553,
                    2008
                ]
            ],
            "label": "TableRow"
        },
        {
            "index": 66,
            "bbox": [
                [
                    842,
                    1772
                ],
                [
                    842,
                    2239
                ],
                [
                    1555,
                    2239
                ],
                [
                    1555,
                    1772
                ]
            ],
            "label": "Table"
        }
    ]
}