{
    "objects": [
        {
            "index": 0,
            "bbox": [
                [
                    103,
                    608
                ],
                [
                    103,
                    645
                ],
                [
                    814,
                    645
                ],
                [
                    814,
                    608
                ]
            ],
            "label": "TableRow"
        },
        {
            "index": 1,
            "bbox": [
                [
                    103,
                    374
                ],
                [
                    103,
                    437
                ],
                [
                    814,
                    437
                ],
                [
                    814,
                    374
                ]
            ],
            "label": "TableRow"
        },
        {
            "index": 2,
            "bbox": [
                [
                    103,
                    277
                ],
                [
                    103,
                    372
                ],
                [
                    814,
                    372
                ],
                [
                    814,
                    277
                ]
            ],
            "label": "TableRow"
        },
        {
            "index": 3,
            "bbox": [
                [
                    105,
                    202
                ],
                [
                    105,
                    672
                ],
                [
                    462,
                    672
                ],
                [
                    462,
                    202
                ]
            ],
            "label": "TableCol"
        },
        {
            "index": 4,
            "bbox": [
                [
                    103,
                    439
                ],
                [
                    103,
                    489
                ],
                [
                    814,
                    489
                ],
                [
                    814,
                    439
                ]
            ],
            "label": "TableRow"
        },
        {
            "index": 5,
            "bbox": [
                [
                    103,
                    570
                ],
                [
                    103,
                    606
                ],
                [
                    814,
                    606
                ],
                [
                    814,
                    570
                ]
            ],
            "label": "TableRow"
        },
        {
            "index": 6,
            "bbox": [
                [
                    103,
                    200
                ],
                [
                    103,
                    275
                ],
                [
                    814,
                    275
                ],
                [
                    814,
                    200
                ]
            ],
            "label": "TableRow"
        },
        {
            "index": 7,
            "bbox": [
                [
                    464,
                    202
                ],
                [
                    464,
                    672
                ],
                [
                    812,
                    672
                ],
                [
                    812,
                    202
                ]
            ],
            "label": "TableCol"
        },
        {
            "index": 8,
            "bbox": [
                [
                    103,
                    647
                ],
                [
                    103,
                    674
                ],
                [
                    814,
                    674
                ],
                [
                    814,
                    647
                ]
            ],
            "label": "TableRow"
        },
        {
            "index": 9,
            "bbox": [
                [
                    103,
                    531
                ],
                [
                    103,
                    568
                ],
                [
                    814,
                    568
                ],
                [
                    814,
                    531
                ]
            ],
            "label": "TableRow"
        },
        {
            "index": 10,
            "bbox": [
                [
                    103,
                    491
                ],
                [
                    103,
                    529
                ],
                [
                    814,
                    529
                ],
                [
                    814,
                    491
                ]
            ],
            "label": "TableRow"
        },
        {
            "index": 11,
            "bbox": [
                [
                    101,
                    198
                ],
                [
                    101,
                    676
                ],
                [
                    816,
                    676
                ],
                [
                    816,
                    198
                ]
            ],
            "label": "Table"
        },
        {
            "index": 12,
            "bbox": [
                [
                    843,
                    612
                ],
                [
                    843,
                    648
                ],
                [
                    1556,
                    648
                ],
                [
                    1556,
                    612
                ]
            ],
            "label": "TableRow"
        },
        {
            "index": 13,
            "bbox": [
                [
                    843,
                    312
                ],
                [
                    843,
                    422
                ],
                [
                    1556,
                    422
                ],
                [
                    1556,
                    312
                ]
            ],
            "label": "TableRow"
        },
        {
            "index": 14,
            "bbox": [
                [
                    843,
                    268
                ],
                [
                    843,
                    310
                ],
                [
                    1556,
                    310
                ],
                [
                    1556,
                    268
                ]
            ],
            "label": "TableRow"
        },
        {
            "index": 15,
            "bbox": [
                [
                    843,
                    227
                ],
                [
                    843,
                    266
                ],
                [
                    1556,
                    266
                ],
                [
                    1556,
                    227
                ]
            ],
            "label": "TableRow"
        },
        {
            "index": 16,
            "bbox": [
                [
                    845,
                    153
                ],
                [
                    845,
                    683
                ],
                [
                    1209,
                    683
                ],
                [
                    1209,
                    153
                ]
            ],
            "label": "TableCol"
        },
        {
            "index": 17,
            "bbox": [
                [
                    843,
                    424
                ],
                [
                    843,
                    491
                ],
                [
                    1556,
                    491
                ],
                [
                    1556,
                    424
                ]
            ],
            "label": "TableRow"
        },
        {
            "index": 18,
            "bbox": [
                [
                    843,
                    575
                ],
                [
                    843,
                    610
                ],
                [
                    1556,
                    610
                ],
                [
                    1556,
                    575
                ]
            ],
            "label": "TableRow"
        },
        {
            "index": 19,
            "bbox": [
                [
                    843,
                    151
                ],
                [
                    843,
                    225
                ],
                [
                    1556,
                    225
                ],
                [
                    1556,
                    151
                ]
            ],
            "label": "TableRow"
        },
        {
            "index": 20,
            "bbox": [
                [
                    1211,
                    153
                ],
                [
                    1211,
                    683
                ],
                [
                    1554,
                    683
                ],
                [
                    1554,
                    153
                ]
            ],
            "label": "TableCol"
        },
        {
            "index": 21,
            "bbox": [
                [
                    843,
                    650
                ],
                [
                    843,
                    685
                ],
                [
                    1556,
                    685
                ],
                [
                    1556,
                    650
                ]
            ],
            "label": "TableRow"
        },
        {
            "index": 22,
            "bbox": [
                [
                    843,
                    151
                ],
                [
                    843,
                    225
                ],
                [
                    1556,
                    225
                ],
                [
                    1556,
                    151
                ]
            ],
            "label": "TableColHeader"
        },
        {
            "index": 23,
            "bbox": [
                [
                    843,
                    536
                ],
                [
                    843,
                    573
                ],
                [
                    1556,
                    573
                ],
                [
                    1556,
                    536
                ]
            ],
            "label": "TableRow"
        },
        {
            "index": 24,
            "bbox": [
                [
                    843,
                    493
                ],
                [
                    843,
                    534
                ],
                [
                    1556,
                    534
                ],
                [
                    1556,
                    493
                ]
            ],
            "label": "TableRow"
        },
        {
            "index": 25,
            "bbox": [
                [
                    841,
                    149
                ],
                [
                    841,
                    687
                ],
                [
                    1558,
                    687
                ],
                [
                    1558,
                    149
                ]
            ],
            "label": "Table"
        },
        {
            "index": 26,
            "bbox": [
                [
                    103,
                    1119
                ],
                [
                    103,
                    1156
                ],
                [
                    819,
                    1156
                ],
                [
                    819,
                    1119
                ]
            ],
            "label": "TableRow"
        },
        {
            "index": 27,
            "bbox": [
                [
                    103,
                    823
                ],
                [
                    103,
                    935
                ],
                [
                    819,
                    935
                ],
                [
                    819,
                    823
                ]
            ],
            "label": "TableRow"
        },
        {
            "index": 28,
            "bbox": [
                [
                    103,
                    771
                ],
                [
                    103,
                    821
                ],
                [
                    819,
                    821
                ],
                [
                    819,
                    771
                ]
            ],
            "label": "TableRow"
        },
        {
            "index": 29,
            "bbox": [
                [
                    105,
                    704
                ],
                [
                    105,
                    1194
                ],
                [
                    463,
                    1194
                ],
                [
                    463,
                    704
                ]
            ],
            "label": "TableCol"
        },
        {
            "index": 30,
            "bbox": [
                [
                    103,
                    937
                ],
                [
                    103,
                    999
                ],
                [
                    819,
                    999
                ],
                [
                    819,
                    937
                ]
            ],
            "label": "TableRow"
        },
        {
            "index": 31,
            "bbox": [
                [
                    103,
                    1082
                ],
                [
                    103,
                    1117
                ],
                [
                    819,
                    1117
                ],
                [
                    819,
                    1082
                ]
            ],
            "label": "TableRow"
        },
        {
            "index": 32,
            "bbox": [
                [
                    103,
                    702
                ],
                [
                    103,
                    769
                ],
                [
                    819,
                    769
                ],
                [
                    819,
                    702
                ]
            ],
            "label": "TableRow"
        },
        {
            "index": 33,
            "bbox": [
                [
                    465,
                    704
                ],
                [
                    465,
                    1194
                ],
                [
                    817,
                    1194
                ],
                [
                    817,
                    704
                ]
            ],
            "label": "TableCol"
        },
        {
            "index": 34,
            "bbox": [
                [
                    103,
                    1158
                ],
                [
                    103,
                    1196
                ],
                [
                    819,
                    1196
                ],
                [
                    819,
                    1158
                ]
            ],
            "label": "TableRow"
        },
        {
            "index": 35,
            "bbox": [
                [
                    103,
                    702
                ],
                [
                    103,
                    769
                ],
                [
                    819,
                    769
                ],
                [
                    819,
                    702
                ]
            ],
            "label": "TableColHeader"
        },
        {
            "index": 36,
            "bbox": [
                [
                    103,
                    1044
                ],
                [
                    103,
                    1080
                ],
                [
                    819,
                    1080
                ],
                [
                    819,
                    1044
                ]
            ],
            "label": "TableRow"
        },
        {
            "index": 37,
            "bbox": [
                [
                    103,
                    1001
                ],
                [
                    103,
                    1042
                ],
                [
                    819,
                    1042
                ],
                [
                    819,
                    1001
                ]
            ],
            "label": "TableRow"
        },
        {
            "index": 38,
            "bbox": [
                [
                    101,
                    700
                ],
                [
                    101,
                    1198
                ],
                [
                    821,
                    1198
                ],
                [
                    821,
                    700
                ]
            ],
            "label": "Table"
        }
    ]
}