{
    "objects": [
        {
            "index": 0,
            "bbox": [
                [
                    101,
                    598
                ],
                [
                    101,
                    635
                ],
                [
                    805,
                    635
                ],
                [
                    805,
                    598
                ]
            ],
            "label": "TableRow"
        },
        {
            "index": 1,
            "bbox": [
                [
                    101,
                    311
                ],
                [
                    101,
                    531
                ],
                [
                    805,
                    531
                ],
                [
                    805,
                    311
                ]
            ],
            "label": "TableRow"
        },
        {
            "index": 2,
            "bbox": [
                [
                    101,
                    262
                ],
                [
                    101,
                    309
                ],
                [
                    805,
                    309
                ],
                [
                    805,
                    262
                ]
            ],
            "label": "TableRow"
        },
        {
            "index": 3,
            "bbox": [
                [
                    103,
                    221
                ],
                [
                    103,
                    675
                ],
                [
                    457,
                    675
                ],
                [
                    457,
                    221
                ]
            ],
            "label": "TableCol"
        },
        {
            "index": 4,
            "bbox": [
                [
                    101,
                    533
                ],
                [
                    101,
                    596
                ],
                [
                    805,
                    596
                ],
                [
                    805,
                    533
                ]
            ],
            "label": "TableRow"
        },
        {
            "index": 5,
            "bbox": [
                [
                    101,
                    219
                ],
                [
                    101,
                    260
                ],
                [
                    805,
                    260
                ],
                [
                    805,
                    219
                ]
            ],
            "label": "TableRow"
        },
        {
            "index": 6,
            "bbox": [
                [
                    459,
                    221
                ],
                [
                    459,
                    675
                ],
                [
                    803,
                    675
                ],
                [
                    803,
                    221
                ]
            ],
            "label": "TableCol"
        },
        {
            "index": 7,
            "bbox": [
                [
                    101,
                    637
                ],
                [
                    101,
                    677
                ],
                [
                    805,
                    677
                ],
                [
                    805,
                    637
                ]
            ],
            "label": "TableRow"
        },
        {
            "index": 8,
            "bbox": [
                [
                    99,
                    217
                ],
                [
                    99,
                    679
                ],
                [
                    807,
                    679
                ],
                [
                    807,
                    217
                ]
            ],
            "label": "Table"
        },
        {
            "index": 9,
            "bbox": [
                [
                    838,
                    600
                ],
                [
                    838,
                    637
                ],
                [
                    1555,
                    637
                ],
                [
                    1555,
                    600
                ]
            ],
            "label": "TableRow"
        },
        {
            "index": 10,
            "bbox": [
                [
                    838,
                    310
                ],
                [
                    838,
                    509
                ],
                [
                    1555,
                    509
                ],
                [
                    1555,
                    310
                ]
            ],
            "label": "TableRow"
        },
        {
            "index": 11,
            "bbox": [
                [
                    838,
                    264
                ],
                [
                    838,
                    308
                ],
                [
                    1555,
                    308
                ],
                [
                    1555,
                    264
                ]
            ],
            "label": "TableRow"
        },
        {
            "index": 12,
            "bbox": [
                [
                    840,
                    225
                ],
                [
                    840,
                    670
                ],
                [
                    1202,
                    670
                ],
                [
                    1202,
                    225
                ]
            ],
            "label": "TableCol"
        },
        {
            "index": 13,
            "bbox": [
                [
                    838,
                    561
                ],
                [
                    838,
                    598
                ],
                [
                    1555,
                    598
                ],
                [
                    1555,
                    561
                ]
            ],
            "label": "TableRow"
        },
        {
            "index": 14,
            "bbox": [
                [
                    838,
                    223
                ],
                [
                    838,
                    262
                ],
                [
                    1555,
                    262
                ],
                [
                    1555,
                    223
                ]
            ],
            "label": "TableRow"
        },
        {
            "index": 15,
            "bbox": [
                [
                    1204,
                    225
                ],
                [
                    1204,
                    670
                ],
                [
                    1553,
                    670
                ],
                [
                    1553,
                    225
                ]
            ],
            "label": "TableCol"
        },
        {
            "index": 16,
            "bbox": [
                [
                    838,
                    639
                ],
                [
                    838,
                    672
                ],
                [
                    1555,
                    672
                ],
                [
                    1555,
                    639
                ]
            ],
            "label": "TableRow"
        },
        {
            "index": 17,
            "bbox": [
                [
                    838,
                    511
                ],
                [
                    838,
                    559
                ],
                [
                    1555,
                    559
                ],
                [
                    1555,
                    511
                ]
            ],
            "label": "TableRow"
        },
        {
            "index": 18,
            "bbox": [
                [
                    836,
                    221
                ],
                [
                    836,
                    674
                ],
                [
                    1557,
                    674
                ],
                [
                    1557,
                    221
                ]
            ],
            "label": "Table"
        },
        {
            "index": 19,
            "bbox": [
                [
                    845,
                    1111
                ],
                [
                    845,
                    1148
                ],
                [
                    1554,
                    1148
                ],
                [
                    1554,
                    1111
                ]
            ],
            "label": "TableRow"
        },
        {
            "index": 20,
            "bbox": [
                [
                    1213,
                    698
                ],
                [
                    1213,
                    1181
                ],
                [
                    1552,
                    1181
                ],
                [
                    1552,
                    698
                ]
            ],
            "label": "TableCol"
        },
        {
            "index": 21,
            "bbox": [
                [
                    845,
                    818
                ],
                [
                    845,
                    1044
                ],
                [
                    1554,
                    1044
                ],
                [
                    1554,
                    818
                ]
            ],
            "label": "TableRow"
        },
        {
            "index": 22,
            "bbox": [
                [
                    845,
                    762
                ],
                [
                    845,
                    816
                ],
                [
                    1554,
                    816
                ],
                [
                    1554,
                    762
                ]
            ],
            "label": "TableRow"
        },
        {
            "index": 23,
            "bbox": [
                [
                    847,
                    698
                ],
                [
                    847,
                    1181
                ],
                [
                    1211,
                    1181
                ],
                [
                    1211,
                    698
                ]
            ],
            "label": "TableCol"
        },
        {
            "index": 24,
            "bbox": [
                [
                    845,
                    1046
                ],
                [
                    845,
                    1109
                ],
                [
                    1554,
                    1109
                ],
                [
                    1554,
                    1046
                ]
            ],
            "label": "TableRow"
        },
        {
            "index": 25,
            "bbox": [
                [
                    845,
                    696
                ],
                [
                    845,
                    760
                ],
                [
                    1554,
                    760
                ],
                [
                    1554,
                    696
                ]
            ],
            "label": "TableRow"
        },
        {
            "index": 26,
            "bbox": [
                [
                    845,
                    1150
                ],
                [
                    845,
                    1183
                ],
                [
                    1554,
                    1183
                ],
                [
                    1554,
                    1150
                ]
            ],
            "label": "TableRow"
        },
        {
            "index": 27,
            "bbox": [
                [
                    845,
                    696
                ],
                [
                    845,
                    760
                ],
                [
                    1554,
                    760
                ],
                [
                    1554,
                    696
                ]
            ],
            "label": "TableColHeader"
        },
        {
            "index": 28,
            "bbox": [
                [
                    843,
                    694
                ],
                [
                    843,
                    1185
                ],
                [
                    1556,
                    1185
                ],
                [
                    1556,
                    694
                ]
            ],
            "label": "Table"
        },
        {
            "index": 29,
            "bbox": [
                [
                    106,
                    1116
                ],
                [
                    106,
                    1152
                ],
                [
                    812,
                    1152
                ],
                [
                    812,
                    1116
                ]
            ],
            "label": "TableRow"
        },
        {
            "index": 30,
            "bbox": [
                [
                    106,
                    823
                ],
                [
                    106,
                    1030
                ],
                [
                    812,
                    1030
                ],
                [
                    812,
                    823
                ]
            ],
            "label": "TableRow"
        },
        {
            "index": 31,
            "bbox": [
                [
                    106,
                    769
                ],
                [
                    106,
                    821
                ],
                [
                    812,
                    821
                ],
                [
                    812,
                    769
                ]
            ],
            "label": "TableRow"
        },
        {
            "index": 32,
            "bbox": [
                [
                    108,
                    705
                ],
                [
                    108,
                    1200
                ],
                [
                    475,
                    1200
                ],
                [
                    475,
                    705
                ]
            ],
            "label": "TableCol"
        },
        {
            "index": 33,
            "bbox": [
                [
                    106,
                    1077
                ],
                [
                    106,
                    1114
                ],
                [
                    812,
                    1114
                ],
                [
                    812,
                    1077
                ]
            ],
            "label": "TableRow"
        },
        {
            "index": 34,
            "bbox": [
                [
                    106,
                    703
                ],
                [
                    106,
                    767
                ],
                [
                    812,
                    767
                ],
                [
                    812,
                    703
                ]
            ],
            "label": "TableRow"
        },
        {
            "index": 35,
            "bbox": [
                [
                    477,
                    705
                ],
                [
                    477,
                    1200
                ],
                [
                    810,
                    1200
                ],
                [
                    810,
                    705
                ]
            ],
            "label": "TableCol"
        },
        {
            "index": 36,
            "bbox": [
                [
                    106,
                    1154
                ],
                [
                    106,
                    1202
                ],
                [
                    812,
                    1202
                ],
                [
                    812,
                    1154
                ]
            ],
            "label": "TableRow"
        },
        {
            "index": 37,
            "bbox": [
                [
                    106,
                    1032
                ],
                [
                    106,
                    1075
                ],
                [
                    812,
                    1075
                ],
                [
                    812,
                    1032
                ]
            ],
            "label": "TableRow"
        },
        {
            "index": 38,
            "bbox": [
                [
                    104,
                    701
                ],
                [
                    104,
                    1204
                ],
                [
                    814,
                    1204
                ],
                [
                    814,
                    701
                ]
            ],
            "label": "Table"
        },
        {
            "index": 39,
            "bbox": [
                [
                    103,
                    1641
                ],
                [
                    103,
                    1677
                ],
                [
                    811,
                    1677
                ],
                [
                    811,
                    1641
                ]
            ],
            "label": "TableRow"
        },
        {
            "index": 40,
            "bbox": [
                [
                    103,
                    1342
                ],
                [
                    103,
                    1542
                ],
                [
                    811,
                    1542
                ],
                [
                    811,
                    1342
                ]
            ],
            "label": "TableRow"
        },
        {
            "index": 41,
            "bbox": [
                [
                    105,
                    1259
                ],
                [
                    105,
                    1719
                ],
                [
                    478,
                    1719
                ],
                [
                    478,
                    1259
                ]
            ],
            "label": "TableCol"
        },
        {
            "index": 42,
            "bbox": [
                [
                    103,
                    1603
                ],
                [
                    103,
                    1639
                ],
                [
                    811,
                    1639
                ],
                [
                    811,
                    1603
                ]
            ],
            "label": "TableRow"
        },
        {
            "index": 43,
            "bbox": [
                [
                    103,
                    1257
                ],
                [
                    103,
                    1340
                ],
                [
                    811,
                    1340
                ],
                [
                    811,
                    1257
                ]
            ],
            "label": "TableRow"
        },
        {
            "index": 44,
            "bbox": [
                [
                    480,
                    1259
                ],
                [
                    480,
                    1719
                ],
                [
                    809,
                    1719
                ],
                [
                    809,
                    1259
                ]
            ],
            "label": "TableCol"
        },
        {
            "index": 45,
            "bbox": [
                [
                    103,
                    1679
                ],
                [
                    103,
                    1721
                ],
                [
                    811,
                    1721
                ],
                [
                    811,
                    1679
                ]
            ],
            "label": "TableRow"
        },
        {
            "index": 46,
            "bbox": [
                [
                    103,
                    1544
                ],
                [
                    103,
                    1601
                ],
                [
                    811,
                    1601
                ],
                [
                    811,
                    1544
                ]
            ],
            "label": "TableRow"
        },
        {
            "index": 47,
            "bbox": [
                [
                    101,
                    1255
                ],
                [
                    101,
                    1723
                ],
                [
                    813,
                    1723
                ],
                [
                    813,
                    1255
                ]
            ],
            "label": "Table"
        },
        {
            "index": 48,
            "bbox": [
                [
                    844,
                    1641
                ],
                [
                    844,
                    1677
                ],
                [
                    1559,
                    1677
                ],
                [
                    1559,
                    1641
                ]
            ],
            "label": "TableRow"
        },
        {
            "index": 49,
            "bbox": [
                [
                    844,
                    1343
                ],
                [
                    844,
                    1553
                ],
                [
                    1559,
                    1553
                ],
                [
                    1559,
                    1343
                ]
            ],
            "label": "TableRow"
        },
        {
            "index": 50,
            "bbox": [
                [
                    844,
                    1299
                ],
                [
                    844,
                    1341
                ],
                [
                    1559,
                    1341
                ],
                [
                    1559,
                    1299
                ]
            ],
            "label": "TableRow"
        },
        {
            "index": 51,
            "bbox": [
                [
                    846,
                    1256
                ],
                [
                    846,
                    1719
                ],
                [
                    1169,
                    1719
                ],
                [
                    1169,
                    1256
                ]
            ],
            "label": "TableCol"
        },
        {
            "index": 52,
            "bbox": [
                [
                    844,
                    1603
                ],
                [
                    844,
                    1639
                ],
                [
                    1559,
                    1639
                ],
                [
                    1559,
                    1603
                ]
            ],
            "label": "TableRow"
        },
        {
            "index": 53,
            "bbox": [
                [
                    844,
                    1254
                ],
                [
                    844,
                    1297
                ],
                [
                    1559,
                    1297
                ],
                [
                    1559,
                    1254
                ]
            ],
            "label": "TableRow"
        },
        {
            "index": 54,
            "bbox": [
                [
                    1171,
                    1256
                ],
                [
                    1171,
                    1719
                ],
                [
                    1557,
                    1719
                ],
                [
                    1557,
                    1256
                ]
            ],
            "label": "TableCol"
        },
        {
            "index": 55,
            "bbox": [
                [
                    844,
                    1679
                ],
                [
                    844,
                    1721
                ],
                [
                    1559,
                    1721
                ],
                [
                    1559,
                    1679
                ]
            ],
            "label": "TableRow"
        },
        {
            "index": 56,
            "bbox": [
                [
                    844,
                    1555
                ],
                [
                    844,
                    1601
                ],
                [
                    1559,
                    1601
                ],
                [
                    1559,
                    1555
                ]
            ],
            "label": "TableRow"
        },
        {
            "index": 57,
            "bbox": [
                [
                    842,
                    1252
                ],
                [
                    842,
                    1723
                ],
                [
                    1561,
                    1723
                ],
                [
                    1561,
                    1252
                ]
            ],
            "label": "Table"
        },
        {
            "index": 58,
            "bbox": [
                [
                    100,
                    2161
                ],
                [
                    100,
                    2197
                ],
                [
                    811,
                    2197
                ],
                [
                    811,
                    2161
                ]
            ],
            "label": "TableRow"
        },
        {
            "index": 59,
            "bbox": [
                [
                    100,
                    1854
                ],
                [
                    100,
                    2077
                ],
                [
                    811,
                    2077
                ],
                [
                    811,
                    1854
                ]
            ],
            "label": "TableRow"
        },
        {
            "index": 60,
            "bbox": [
                [
                    102,
                    1784
                ],
                [
                    102,
                    2240
                ],
                [
                    459,
                    2240
                ],
                [
                    459,
                    1784
                ]
            ],
            "label": "TableCol"
        },
        {
            "index": 61,
            "bbox": [
                [
                    100,
                    2123
                ],
                [
                    100,
                    2159
                ],
                [
                    811,
                    2159
                ],
                [
                    811,
                    2123
                ]
            ],
            "label": "TableRow"
        },
        {
            "index": 62,
            "bbox": [
                [
                    100,
                    1782
                ],
                [
                    100,
                    1852
                ],
                [
                    811,
                    1852
                ],
                [
                    811,
                    1782
                ]
            ],
            "label": "TableRow"
        },
        {
            "index": 63,
            "bbox": [
                [
                    461,
                    1784
                ],
                [
                    461,
                    2240
                ],
                [
                    809,
                    2240
                ],
                [
                    809,
                    1784
                ]
            ],
            "label": "TableCol"
        },
        {
            "index": 64,
            "bbox": [
                [
                    100,
                    2199
                ],
                [
                    100,
                    2242
                ],
                [
                    811,
                    2242
                ],
                [
                    811,
                    2199
                ]
            ],
            "label": "TableRow"
        },
        {
            "index": 65,
            "bbox": [
                [
                    100,
                    2079
                ],
                [
                    100,
                    2121
                ],
                [
                    811,
                    2121
                ],
                [
                    811,
                    2079
                ]
            ],
            "label": "TableRow"
        },
        {
            "index": 66,
            "bbox": [
                [
                    98,
                    1780
                ],
                [
                    98,
                    2244
                ],
                [
                    813,
                    2244
                ],
                [
                    813,
                    1780
                ]
            ],
            "label": "Table"
        },
        {
            "index": 67,
            "bbox": [
                [
                    846,
                    2163
                ],
                [
                    846,
                    2198
                ],
                [
                    1555,
                    2198
                ],
                [
                    1555,
                    2163
                ]
            ],
            "label": "TableRow"
        },
        {
            "index": 68,
            "bbox": [
                [
                    846,
                    1866
                ],
                [
                    846,
                    2089
                ],
                [
                    1555,
                    2089
                ],
                [
                    1555,
                    1866
                ]
            ],
            "label": "TableRow"
        },
        {
            "index": 69,
            "bbox": [
                [
                    848,
                    1788
                ],
                [
                    848,
                    2239
                ],
                [
                    1213,
                    2239
                ],
                [
                    1213,
                    1788
                ]
            ],
            "label": "TableCol"
        },
        {
            "index": 70,
            "bbox": [
                [
                    846,
                    2091
                ],
                [
                    846,
                    2161
                ],
                [
                    1555,
                    2161
                ],
                [
                    1555,
                    2091
                ]
            ],
            "label": "TableRow"
        },
        {
            "index": 71,
            "bbox": [
                [
                    846,
                    1786
                ],
                [
                    846,
                    1864
                ],
                [
                    1555,
                    1864
                ],
                [
                    1555,
                    1786
                ]
            ],
            "label": "TableRow"
        },
        {
            "index": 72,
            "bbox": [
                [
                    1215,
                    1788
                ],
                [
                    1215,
                    2239
                ],
                [
                    1553,
                    2239
                ],
                [
                    1553,
                    1788
                ]
            ],
            "label": "TableCol"
        },
        {
            "index": 73,
            "bbox": [
                [
                    846,
                    2200
                ],
                [
                    846,
                    2241
                ],
                [
                    1555,
                    2241
                ],
                [
                    1555,
                    2200
                ]
            ],
            "label": "TableRow"
        },
        {
            "index": 74,
            "bbox": [
                [
                    844,
                    1784
                ],
                [
                    844,
                    2243
                ],
                [
                    1557,
                    2243
                ],
                [
                    1557,
                    1784
                ]
            ],
            "label": "Table"
        }
    ]
}