{
    "objects": [
        {
            "index": 0,
            "bbox": [
                [
                    103,
                    602
                ],
                [
                    103,
                    638
                ],
                [
                    821,
                    638
                ],
                [
                    821,
                    602
                ]
            ],
            "label": "TableRow"
        },
        {
            "index": 1,
            "bbox": [
                [
                    103,
                    309
                ],
                [
                    103,
                    460
                ],
                [
                    821,
                    460
                ],
                [
                    821,
                    309
                ]
            ],
            "label": "TableRow"
        },
        {
            "index": 2,
            "bbox": [
                [
                    103,
                    262
                ],
                [
                    103,
                    307
                ],
                [
                    821,
                    307
                ],
                [
                    821,
                    262
                ]
            ],
            "label": "TableRow"
        },
        {
            "index": 3,
            "bbox": [
                [
                    105,
                    176
                ],
                [
                    105,
                    684
                ],
                [
                    421,
                    684
                ],
                [
                    421,
                    176
                ]
            ],
            "label": "TableCol"
        },
        {
            "index": 4,
            "bbox": [
                [
                    103,
                    563
                ],
                [
                    103,
                    600
                ],
                [
                    821,
                    600
                ],
                [
                    821,
                    563
                ]
            ],
            "label": "TableRow"
        },
        {
            "index": 5,
            "bbox": [
                [
                    103,
                    174
                ],
                [
                    103,
                    260
                ],
                [
                    821,
                    260
                ],
                [
                    821,
                    174
                ]
            ],
            "label": "TableRow"
        },
        {
            "index": 6,
            "bbox": [
                [
                    423,
                    176
                ],
                [
                    423,
                    684
                ],
                [
                    819,
                    684
                ],
                [
                    819,
                    176
                ]
            ],
            "label": "TableCol"
        },
        {
            "index": 7,
            "bbox": [
                [
                    103,
                    640
                ],
                [
                    103,
                    686
                ],
                [
                    821,
                    686
                ],
                [
                    821,
                    640
                ]
            ],
            "label": "TableRow"
        },
        {
            "index": 8,
            "bbox": [
                [
                    103,
                    522
                ],
                [
                    103,
                    561
                ],
                [
                    821,
                    561
                ],
                [
                    821,
                    522
                ]
            ],
            "label": "TableRow"
        },
        {
            "index": 9,
            "bbox": [
                [
                    103,
                    462
                ],
                [
                    103,
                    520
                ],
                [
                    821,
                    520
                ],
                [
                    821,
                    462
                ]
            ],
            "label": "TableRow"
        },
        {
            "index": 10,
            "bbox": [
                [
                    101,
                    172
                ],
                [
                    101,
                    688
                ],
                [
                    823,
                    688
                ],
                [
                    823,
                    172
                ]
            ],
            "label": "Table"
        },
        {
            "index": 11,
            "bbox": [
                [
                    845,
                    600
                ],
                [
                    845,
                    636
                ],
                [
                    1552,
                    636
                ],
                [
                    1552,
                    600
                ]
            ],
            "label": "TableRow"
        },
        {
            "index": 12,
            "bbox": [
                [
                    845,
                    315
                ],
                [
                    845,
                    459
                ],
                [
                    1552,
                    459
                ],
                [
                    1552,
                    315
                ]
            ],
            "label": "TableRow"
        },
        {
            "index": 13,
            "bbox": [
                [
                    845,
                    266
                ],
                [
                    845,
                    313
                ],
                [
                    1552,
                    313
                ],
                [
                    1552,
                    266
                ]
            ],
            "label": "TableRow"
        },
        {
            "index": 14,
            "bbox": [
                [
                    847,
                    204
                ],
                [
                    847,
                    679
                ],
                [
                    1192,
                    679
                ],
                [
                    1192,
                    204
                ]
            ],
            "label": "TableCol"
        },
        {
            "index": 15,
            "bbox": [
                [
                    845,
                    562
                ],
                [
                    845,
                    598
                ],
                [
                    1552,
                    598
                ],
                [
                    1552,
                    562
                ]
            ],
            "label": "TableRow"
        },
        {
            "index": 16,
            "bbox": [
                [
                    845,
                    202
                ],
                [
                    845,
                    264
                ],
                [
                    1552,
                    264
                ],
                [
                    1552,
                    202
                ]
            ],
            "label": "TableRow"
        },
        {
            "index": 17,
            "bbox": [
                [
                    1194,
                    204
                ],
                [
                    1194,
                    679
                ],
                [
                    1550,
                    679
                ],
                [
                    1550,
                    204
                ]
            ],
            "label": "TableCol"
        },
        {
            "index": 18,
            "bbox": [
                [
                    845,
                    638
                ],
                [
                    845,
                    681
                ],
                [
                    1552,
                    681
                ],
                [
                    1552,
                    638
                ]
            ],
            "label": "TableRow"
        },
        {
            "index": 19,
            "bbox": [
                [
                    845,
                    522
                ],
                [
                    845,
                    560
                ],
                [
                    1552,
                    560
                ],
                [
                    1552,
                    522
                ]
            ],
            "label": "TableRow"
        },
        {
            "index": 20,
            "bbox": [
                [
                    845,
                    461
                ],
                [
                    845,
                    520
                ],
                [
                    1552,
                    520
                ],
                [
                    1552,
                    461
                ]
            ],
            "label": "TableRow"
        },
        {
            "index": 21,
            "bbox": [
                [
                    843,
                    200
                ],
                [
                    843,
                    683
                ],
                [
                    1554,
                    683
                ],
                [
                    1554,
                    200
                ]
            ],
            "label": "Table"
        },
        {
            "index": 22,
            "bbox": [
                [
                    842,
                    1119
                ],
                [
                    842,
                    1155
                ],
                [
                    1561,
                    1155
                ],
                [
                    1561,
                    1119
                ]
            ],
            "label": "TableRow"
        },
        {
            "index": 23,
            "bbox": [
                [
                    842,
                    829
                ],
                [
                    842,
                    978
                ],
                [
                    1561,
                    978
                ],
                [
                    1561,
                    829
                ]
            ],
            "label": "TableRow"
        },
        {
            "index": 24,
            "bbox": [
                [
                    842,
                    784
                ],
                [
                    842,
                    827
                ],
                [
                    1561,
                    827
                ],
                [
                    1561,
                    784
                ]
            ],
            "label": "TableRow"
        },
        {
            "index": 25,
            "bbox": [
                [
                    844,
                    735
                ],
                [
                    844,
                    1195
                ],
                [
                    1205,
                    1195
                ],
                [
                    1205,
                    735
                ]
            ],
            "label": "TableCol"
        },
        {
            "index": 26,
            "bbox": [
                [
                    842,
                    1081
                ],
                [
                    842,
                    1117
                ],
                [
                    1561,
                    1117
                ],
                [
                    1561,
                    1081
                ]
            ],
            "label": "TableRow"
        },
        {
            "index": 27,
            "bbox": [
                [
                    842,
                    733
                ],
                [
                    842,
                    782
                ],
                [
                    1561,
                    782
                ],
                [
                    1561,
                    733
                ]
            ],
            "label": "TableRow"
        },
        {
            "index": 28,
            "bbox": [
                [
                    1207,
                    735
                ],
                [
                    1207,
                    1195
                ],
                [
                    1559,
                    1195
                ],
                [
                    1559,
                    735
                ]
            ],
            "label": "TableCol"
        },
        {
            "index": 29,
            "bbox": [
                [
                    842,
                    1157
                ],
                [
                    842,
                    1197
                ],
                [
                    1561,
                    1197
                ],
                [
                    1561,
                    1157
                ]
            ],
            "label": "TableRow"
        },
        {
            "index": 30,
            "bbox": [
                [
                    842,
                    1040
                ],
                [
                    842,
                    1079
                ],
                [
                    1561,
                    1079
                ],
                [
                    1561,
                    1040
                ]
            ],
            "label": "TableRow"
        },
        {
            "index": 31,
            "bbox": [
                [
                    842,
                    980
                ],
                [
                    842,
                    1038
                ],
                [
                    1561,
                    1038
                ],
                [
                    1561,
                    980
                ]
            ],
            "label": "TableRow"
        },
        {
            "index": 32,
            "bbox": [
                [
                    840,
                    731
                ],
                [
                    840,
                    1199
                ],
                [
                    1563,
                    1199
                ],
                [
                    1563,
                    731
                ]
            ],
            "label": "Table"
        },
        {
            "index": 33,
            "bbox": [
                [
                    104,
                    1120
                ],
                [
                    104,
                    1156
                ],
                [
                    818,
                    1156
                ],
                [
                    818,
                    1120
                ]
            ],
            "label": "TableRow"
        },
        {
            "index": 34,
            "bbox": [
                [
                    104,
                    800
                ],
                [
                    104,
                    974
                ],
                [
                    818,
                    974
                ],
                [
                    818,
                    800
                ]
            ],
            "label": "TableRow"
        },
        {
            "index": 35,
            "bbox": [
                [
                    106,
                    734
                ],
                [
                    106,
                    1198
                ],
                [
                    459,
                    1198
                ],
                [
                    459,
                    734
                ]
            ],
            "label": "TableCol"
        },
        {
            "index": 36,
            "bbox": [
                [
                    104,
                    1081
                ],
                [
                    104,
                    1118
                ],
                [
                    818,
                    1118
                ],
                [
                    818,
                    1081
                ]
            ],
            "label": "TableRow"
        },
        {
            "index": 37,
            "bbox": [
                [
                    104,
                    732
                ],
                [
                    104,
                    798
                ],
                [
                    818,
                    798
                ],
                [
                    818,
                    732
                ]
            ],
            "label": "TableRow"
        },
        {
            "index": 38,
            "bbox": [
                [
                    461,
                    734
                ],
                [
                    461,
                    1198
                ],
                [
                    816,
                    1198
                ],
                [
                    816,
                    734
                ]
            ],
            "label": "TableCol"
        },
        {
            "index": 39,
            "bbox": [
                [
                    104,
                    1158
                ],
                [
                    104,
                    1200
                ],
                [
                    818,
                    1200
                ],
                [
                    818,
                    1158
                ]
            ],
            "label": "TableRow"
        },
        {
            "index": 40,
            "bbox": [
                [
                    104,
                    1042
                ],
                [
                    104,
                    1079
                ],
                [
                    818,
                    1079
                ],
                [
                    818,
                    1042
                ]
            ],
            "label": "TableRow"
        },
        {
            "index": 41,
            "bbox": [
                [
                    104,
                    976
                ],
                [
                    104,
                    1040
                ],
                [
                    818,
                    1040
                ],
                [
                    818,
                    976
                ]
            ],
            "label": "TableRow"
        },
        {
            "index": 42,
            "bbox": [
                [
                    102,
                    730
                ],
                [
                    102,
                    1202
                ],
                [
                    820,
                    1202
                ],
                [
                    820,
                    730
                ]
            ],
            "label": "Table"
        },
        {
            "index": 43,
            "bbox": [
                [
                    107,
                    1642
                ],
                [
                    107,
                    1679
                ],
                [
                    808,
                    1679
                ],
                [
                    808,
                    1642
                ]
            ],
            "label": "TableRow"
        },
        {
            "index": 44,
            "bbox": [
                [
                    107,
                    1362
                ],
                [
                    107,
                    1501
                ],
                [
                    808,
                    1501
                ],
                [
                    808,
                    1362
                ]
            ],
            "label": "TableRow"
        },
        {
            "index": 45,
            "bbox": [
                [
                    107,
                    1305
                ],
                [
                    107,
                    1360
                ],
                [
                    808,
                    1360
                ],
                [
                    808,
                    1305
                ]
            ],
            "label": "TableRow"
        },
        {
            "index": 46,
            "bbox": [
                [
                    109,
                    1245
                ],
                [
                    109,
                    1714
                ],
                [
                    471,
                    1714
                ],
                [
                    471,
                    1245
                ]
            ],
            "label": "TableCol"
        },
        {
            "index": 47,
            "bbox": [
                [
                    107,
                    1604
                ],
                [
                    107,
                    1640
                ],
                [
                    808,
                    1640
                ],
                [
                    808,
                    1604
                ]
            ],
            "label": "TableRow"
        },
        {
            "index": 48,
            "bbox": [
                [
                    107,
                    1243
                ],
                [
                    107,
                    1303
                ],
                [
                    808,
                    1303
                ],
                [
                    808,
                    1243
                ]
            ],
            "label": "TableRow"
        },
        {
            "index": 49,
            "bbox": [
                [
                    473,
                    1245
                ],
                [
                    473,
                    1714
                ],
                [
                    806,
                    1714
                ],
                [
                    806,
                    1245
                ]
            ],
            "label": "TableCol"
        },
        {
            "index": 50,
            "bbox": [
                [
                    107,
                    1681
                ],
                [
                    107,
                    1716
                ],
                [
                    808,
                    1716
                ],
                [
                    808,
                    1681
                ]
            ],
            "label": "TableRow"
        },
        {
            "index": 51,
            "bbox": [
                [
                    107,
                    1566
                ],
                [
                    107,
                    1602
                ],
                [
                    808,
                    1602
                ],
                [
                    808,
                    1566
                ]
            ],
            "label": "TableRow"
        },
        {
            "index": 52,
            "bbox": [
                [
                    107,
                    1503
                ],
                [
                    107,
                    1564
                ],
                [
                    808,
                    1564
                ],
                [
                    808,
                    1503
                ]
            ],
            "label": "TableRow"
        },
        {
            "index": 53,
            "bbox": [
                [
                    105,
                    1241
                ],
                [
                    105,
                    1718
                ],
                [
                    810,
                    1718
                ],
                [
                    810,
                    1241
                ]
            ],
            "label": "Table"
        },
        {
            "index": 54,
            "bbox": [
                [
                    849,
                    1640
                ],
                [
                    849,
                    1677
                ],
                [
                    1555,
                    1677
                ],
                [
                    1555,
                    1640
                ]
            ],
            "label": "TableRow"
        },
        {
            "index": 55,
            "bbox": [
                [
                    849,
                    1346
                ],
                [
                    849,
                    1502
                ],
                [
                    1555,
                    1502
                ],
                [
                    1555,
                    1346
                ]
            ],
            "label": "TableRow"
        },
        {
            "index": 56,
            "bbox": [
                [
                    849,
                    1301
                ],
                [
                    849,
                    1344
                ],
                [
                    1555,
                    1344
                ],
                [
                    1555,
                    1301
                ]
            ],
            "label": "TableRow"
        },
        {
            "index": 57,
            "bbox": [
                [
                    851,
                    1245
                ],
                [
                    851,
                    1707
                ],
                [
                    1189,
                    1707
                ],
                [
                    1189,
                    1245
                ]
            ],
            "label": "TableCol"
        },
        {
            "index": 58,
            "bbox": [
                [
                    849,
                    1602
                ],
                [
                    849,
                    1638
                ],
                [
                    1555,
                    1638
                ],
                [
                    1555,
                    1602
                ]
            ],
            "label": "TableRow"
        },
        {
            "index": 59,
            "bbox": [
                [
                    849,
                    1243
                ],
                [
                    849,
                    1299
                ],
                [
                    1555,
                    1299
                ],
                [
                    1555,
                    1243
                ]
            ],
            "label": "TableRow"
        },
        {
            "index": 60,
            "bbox": [
                [
                    1191,
                    1245
                ],
                [
                    1191,
                    1707
                ],
                [
                    1553,
                    1707
                ],
                [
                    1553,
                    1245
                ]
            ],
            "label": "TableCol"
        },
        {
            "index": 61,
            "bbox": [
                [
                    849,
                    1679
                ],
                [
                    849,
                    1709
                ],
                [
                    1555,
                    1709
                ],
                [
                    1555,
                    1679
                ]
            ],
            "label": "TableRow"
        },
        {
            "index": 62,
            "bbox": [
                [
                    849,
                    1561
                ],
                [
                    849,
                    1600
                ],
                [
                    1555,
                    1600
                ],
                [
                    1555,
                    1561
                ]
            ],
            "label": "TableRow"
        },
        {
            "index": 63,
            "bbox": [
                [
                    849,
                    1504
                ],
                [
                    849,
                    1559
                ],
                [
                    1555,
                    1559
                ],
                [
                    1555,
                    1504
                ]
            ],
            "label": "TableRow"
        },
        {
            "index": 64,
            "bbox": [
                [
                    847,
                    1241
                ],
                [
                    847,
                    1711
                ],
                [
                    1557,
                    1711
                ],
                [
                    1557,
                    1241
                ]
            ],
            "label": "Table"
        },
        {
            "index": 65,
            "bbox": [
                [
                    104,
                    2159
                ],
                [
                    104,
                    2196
                ],
                [
                    809,
                    2196
                ],
                [
                    809,
                    2159
                ]
            ],
            "label": "TableRow"
        },
        {
            "index": 66,
            "bbox": [
                [
                    403,
                    1760
                ],
                [
                    403,
                    2234
                ],
                [
                    807,
                    2234
                ],
                [
                    807,
                    1760
                ]
            ],
            "label": "TableCol"
        },
        {
            "index": 67,
            "bbox": [
                [
                    104,
                    1865
                ],
                [
                    104,
                    2020
                ],
                [
                    809,
                    2020
                ],
                [
                    809,
                    1865
                ]
            ],
            "label": "TableRow"
        },
        {
            "index": 68,
            "bbox": [
                [
                    104,
                    1818
                ],
                [
                    104,
                    1863
                ],
                [
                    809,
                    1863
                ],
                [
                    809,
                    1818
                ]
            ],
            "label": "TableRow"
        },
        {
            "index": 69,
            "bbox": [
                [
                    106,
                    1760
                ],
                [
                    106,
                    2234
                ],
                [
                    401,
                    2234
                ],
                [
                    401,
                    1760
                ]
            ],
            "label": "TableCol"
        },
        {
            "index": 70,
            "bbox": [
                [
                    104,
                    2121
                ],
                [
                    104,
                    2157
                ],
                [
                    809,
                    2157
                ],
                [
                    809,
                    2121
                ]
            ],
            "label": "TableRow"
        },
        {
            "index": 71,
            "bbox": [
                [
                    104,
                    1758
                ],
                [
                    104,
                    1816
                ],
                [
                    809,
                    1816
                ],
                [
                    809,
                    1758
                ]
            ],
            "label": "TableRow"
        },
        {
            "index": 72,
            "bbox": [
                [
                    104,
                    2198
                ],
                [
                    104,
                    2236
                ],
                [
                    809,
                    2236
                ],
                [
                    809,
                    2198
                ]
            ],
            "label": "TableRow"
        },
        {
            "index": 73,
            "bbox": [
                [
                    104,
                    2082
                ],
                [
                    104,
                    2119
                ],
                [
                    809,
                    2119
                ],
                [
                    809,
                    2082
                ]
            ],
            "label": "TableRow"
        },
        {
            "index": 74,
            "bbox": [
                [
                    104,
                    2022
                ],
                [
                    104,
                    2080
                ],
                [
                    809,
                    2080
                ],
                [
                    809,
                    2022
                ]
            ],
            "label": "TableRow"
        },
        {
            "index": 75,
            "bbox": [
                [
                    102,
                    1756
                ],
                [
                    102,
                    2238
                ],
                [
                    811,
                    2238
                ],
                [
                    811,
                    1756
                ]
            ],
            "label": "Table"
        },
        {
            "index": 76,
            "bbox": [
                [
                    838,
                    2161
                ],
                [
                    838,
                    2197
                ],
                [
                    1564,
                    2197
                ],
                [
                    1564,
                    2161
                ]
            ],
            "label": "TableRow"
        },
        {
            "index": 77,
            "bbox": [
                [
                    838,
                    1865
                ],
                [
                    838,
                    2021
                ],
                [
                    1564,
                    2021
                ],
                [
                    1564,
                    1865
                ]
            ],
            "label": "TableRow"
        },
        {
            "index": 78,
            "bbox": [
                [
                    838,
                    1813
                ],
                [
                    838,
                    1863
                ],
                [
                    1564,
                    1863
                ],
                [
                    1564,
                    1813
                ]
            ],
            "label": "TableRow"
        },
        {
            "index": 79,
            "bbox": [
                [
                    840,
                    1735
                ],
                [
                    840,
                    2239
                ],
                [
                    1140,
                    2239
                ],
                [
                    1140,
                    1735
                ]
            ],
            "label": "TableCol"
        },
        {
            "index": 80,
            "bbox": [
                [
                    838,
                    2121
                ],
                [
                    838,
                    2159
                ],
                [
                    1564,
                    2159
                ],
                [
                    1564,
                    2121
                ]
            ],
            "label": "TableRow"
        },
        {
            "index": 81,
            "bbox": [
                [
                    838,
                    1733
                ],
                [
                    838,
                    1811
                ],
                [
                    1564,
                    1811
                ],
                [
                    1564,
                    1733
                ]
            ],
            "label": "TableRow"
        },
        {
            "index": 82,
            "bbox": [
                [
                    1142,
                    1735
                ],
                [
                    1142,
                    2239
                ],
                [
                    1562,
                    2239
                ],
                [
                    1562,
                    1735
                ]
            ],
            "label": "TableCol"
        },
        {
            "index": 83,
            "bbox": [
                [
                    838,
                    2199
                ],
                [
                    838,
                    2241
                ],
                [
                    1564,
                    2241
                ],
                [
                    1564,
                    2199
                ]
            ],
            "label": "TableRow"
        },
        {
            "index": 84,
            "bbox": [
                [
                    838,
                    2080
                ],
                [
                    838,
                    2119
                ],
                [
                    1564,
                    2119
                ],
                [
                    1564,
                    2080
                ]
            ],
            "label": "TableRow"
        },
        {
            "index": 85,
            "bbox": [
                [
                    838,
                    1813
                ],
                [
                    838,
                    1863
                ],
                [
                    1564,
                    1863
                ],
                [
                    1564,
                    1813
                ]
            ],
            "label": "TableProjRowHeader"
        },
        {
            "index": 86,
            "bbox": [
                [
                    838,
                    2023
                ],
                [
                    838,
                    2078
                ],
                [
                    1564,
                    2078
                ],
                [
                    1564,
                    2023
                ]
            ],
            "label": "TableRow"
        },
        {
            "index": 87,
            "bbox": [
                [
                    836,
                    1731
                ],
                [
                    836,
                    2243
                ],
                [
                    1566,
                    2243
                ],
                [
                    1566,
                    1731
                ]
            ],
            "label": "Table"
        }
    ]
}