{
    "objects": [
        {
            "index": 0,
            "bbox": [
                [
                    49,
                    310
                ],
                [
                    49,
                    330
                ],
                [
                    669,
                    330
                ],
                [
                    669,
                    310
                ]
            ],
            "label": "TableRow"
        },
        {
            "index": 1,
            "bbox": [
                [
                    49,
                    266
                ],
                [
                    49,
                    286
                ],
                [
                    669,
                    286
                ],
                [
                    669,
                    266
                ]
            ],
            "label": "TableRow"
        },
        {
            "index": 2,
            "bbox": [
                [
                    51,
                    241
                ],
                [
                    51,
                    345
                ],
                [
                    236,
                    345
                ],
                [
                    236,
                    241
                ]
            ],
            "label": "TableCol"
        },
        {
            "index": 3,
            "bbox": [
                [
                    49,
                    288
                ],
                [
                    49,
                    308
                ],
                [
                    669,
                    308
                ],
                [
                    669,
                    288
                ]
            ],
            "label": "TableRow"
        },
        {
            "index": 4,
            "bbox": [
                [
                    49,
                    239
                ],
                [
                    49,
                    264
                ],
                [
                    669,
                    264
                ],
                [
                    669,
                    239
                ]
            ],
            "label": "TableRow"
        },
        {
            "index": 5,
            "bbox": [
                [
                    238,
                    241
                ],
                [
                    238,
                    345
                ],
                [
                    489,
                    345
                ],
                [
                    489,
                    241
                ]
            ],
            "label": "TableCol"
        },
        {
            "index": 6,
            "bbox": [
                [
                    491,
                    241
                ],
                [
                    491,
                    345
                ],
                [
                    667,
                    345
                ],
                [
                    667,
                    241
                ]
            ],
            "label": "TableCol"
        },
        {
            "index": 7,
            "bbox": [
                [
                    49,
                    332
                ],
                [
                    49,
                    347
                ],
                [
                    669,
                    347
                ],
                [
                    669,
                    332
                ]
            ],
            "label": "TableRow"
        },
        {
            "index": 8,
            "bbox": [
                [
                    47,
                    237
                ],
                [
                    47,
                    349
                ],
                [
                    671,
                    349
                ],
                [
                    671,
                    237
                ]
            ],
            "label": "Table"
        },
        {
            "index": 9,
            "bbox": [
                [
                    45,
                    512
                ],
                [
                    45,
                    533
                ],
                [
                    392,
                    533
                ],
                [
                    392,
                    512
                ]
            ],
            "label": "TableRow"
        },
        {
            "index": 10,
            "bbox": [
                [
                    45,
                    446
                ],
                [
                    45,
                    468
                ],
                [
                    392,
                    468
                ],
                [
                    392,
                    446
                ]
            ],
            "label": "TableRow"
        },
        {
            "index": 11,
            "bbox": [
                [
                    45,
                    420
                ],
                [
                    45,
                    444
                ],
                [
                    392,
                    444
                ],
                [
                    392,
                    420
                ]
            ],
            "label": "TableRow"
        },
        {
            "index": 12,
            "bbox": [
                [
                    47,
                    422
                ],
                [
                    47,
                    556
                ],
                [
                    158,
                    556
                ],
                [
                    158,
                    422
                ]
            ],
            "label": "TableCol"
        },
        {
            "index": 13,
            "bbox": [
                [
                    45,
                    491
                ],
                [
                    45,
                    510
                ],
                [
                    392,
                    510
                ],
                [
                    392,
                    491
                ]
            ],
            "label": "TableRow"
        },
        {
            "index": 14,
            "bbox": [
                [
                    160,
                    422
                ],
                [
                    160,
                    556
                ],
                [
                    390,
                    556
                ],
                [
                    390,
                    422
                ]
            ],
            "label": "TableCol"
        },
        {
            "index": 15,
            "bbox": [
                [
                    45,
                    535
                ],
                [
                    45,
                    558
                ],
                [
                    392,
                    558
                ],
                [
                    392,
                    535
                ]
            ],
            "label": "TableRow"
        },
        {
            "index": 16,
            "bbox": [
                [
                    45,
                    470
                ],
                [
                    45,
                    489
                ],
                [
                    392,
                    489
                ],
                [
                    392,
                    470
                ]
            ],
            "label": "TableRow"
        },
        {
            "index": 17,
            "bbox": [
                [
                    43,
                    418
                ],
                [
                    43,
                    560
                ],
                [
                    394,
                    560
                ],
                [
                    394,
                    418
                ]
            ],
            "label": "Table"
        },
        {
            "index": 18,
            "bbox": [
                [
                    45,
                    735
                ],
                [
                    45,
                    755
                ],
                [
                    572,
                    755
                ],
                [
                    572,
                    735
                ]
            ],
            "label": "TableRow"
        },
        {
            "index": 19,
            "bbox": [
                [
                    45,
                    668
                ],
                [
                    45,
                    688
                ],
                [
                    572,
                    688
                ],
                [
                    572,
                    668
                ]
            ],
            "label": "TableRow"
        },
        {
            "index": 20,
            "bbox": [
                [
                    45,
                    646
                ],
                [
                    45,
                    666
                ],
                [
                    572,
                    666
                ],
                [
                    572,
                    646
                ]
            ],
            "label": "TableRow"
        },
        {
            "index": 21,
            "bbox": [
                [
                    45,
                    615
                ],
                [
                    45,
                    644
                ],
                [
                    572,
                    644
                ],
                [
                    572,
                    615
                ]
            ],
            "label": "TableRow"
        },
        {
            "index": 22,
            "bbox": [
                [
                    47,
                    617
                ],
                [
                    47,
                    773
                ],
                [
                    183,
                    773
                ],
                [
                    183,
                    617
                ]
            ],
            "label": "TableCol"
        },
        {
            "index": 23,
            "bbox": [
                [
                    45,
                    712
                ],
                [
                    45,
                    733
                ],
                [
                    572,
                    733
                ],
                [
                    572,
                    712
                ]
            ],
            "label": "TableRow"
        },
        {
            "index": 24,
            "bbox": [
                [
                    185,
                    617
                ],
                [
                    185,
                    773
                ],
                [
                    570,
                    773
                ],
                [
                    570,
                    617
                ]
            ],
            "label": "TableCol"
        },
        {
            "index": 25,
            "bbox": [
                [
                    45,
                    757
                ],
                [
                    45,
                    775
                ],
                [
                    572,
                    775
                ],
                [
                    572,
                    757
                ]
            ],
            "label": "TableRow"
        },
        {
            "index": 26,
            "bbox": [
                [
                    45,
                    690
                ],
                [
                    45,
                    710
                ],
                [
                    572,
                    710
                ],
                [
                    572,
                    690
                ]
            ],
            "label": "TableRow"
        },
        {
            "index": 27,
            "bbox": [
                [
                    43,
                    613
                ],
                [
                    43,
                    777
                ],
                [
                    574,
                    777
                ],
                [
                    574,
                    613
                ]
            ],
            "label": "Table"
        },
        {
            "index": 28,
            "bbox": [
                [
                    41,
                    1030
                ],
                [
                    41,
                    1049
                ],
                [
                    589,
                    1049
                ],
                [
                    589,
                    1030
                ]
            ],
            "label": "TableRow"
        },
        {
            "index": 29,
            "bbox": [
                [
                    41,
                    898
                ],
                [
                    41,
                    919
                ],
                [
                    589,
                    919
                ],
                [
                    589,
                    898
                ]
            ],
            "label": "TableRow"
        },
        {
            "index": 30,
            "bbox": [
                [
                    41,
                    875
                ],
                [
                    41,
                    896
                ],
                [
                    589,
                    896
                ],
                [
                    589,
                    875
                ]
            ],
            "label": "TableRow"
        },
        {
            "index": 31,
            "bbox": [
                [
                    41,
                    846
                ],
                [
                    41,
                    873
                ],
                [
                    589,
                    873
                ],
                [
                    589,
                    846
                ]
            ],
            "label": "TableRow"
        },
        {
            "index": 32,
            "bbox": [
                [
                    41,
                    921
                ],
                [
                    41,
                    940
                ],
                [
                    589,
                    940
                ],
                [
                    589,
                    921
                ]
            ],
            "label": "TableRow"
        },
        {
            "index": 33,
            "bbox": [
                [
                    43,
                    848
                ],
                [
                    43,
                    1047
                ],
                [
                    186,
                    1047
                ],
                [
                    186,
                    848
                ]
            ],
            "label": "TableCol"
        },
        {
            "index": 34,
            "bbox": [
                [
                    41,
                    942
                ],
                [
                    41,
                    961
                ],
                [
                    589,
                    961
                ],
                [
                    589,
                    942
                ]
            ],
            "label": "TableRow"
        },
        {
            "index": 35,
            "bbox": [
                [
                    41,
                    1008
                ],
                [
                    41,
                    1028
                ],
                [
                    589,
                    1028
                ],
                [
                    589,
                    1008
                ]
            ],
            "label": "TableRow"
        },
        {
            "index": 36,
            "bbox": [
                [
                    188,
                    848
                ],
                [
                    188,
                    1047
                ],
                [
                    587,
                    1047
                ],
                [
                    587,
                    848
                ]
            ],
            "label": "TableCol"
        },
        {
            "index": 37,
            "bbox": [
                [
                    41,
                    985
                ],
                [
                    41,
                    1006
                ],
                [
                    589,
                    1006
                ],
                [
                    589,
                    985
                ]
            ],
            "label": "TableRow"
        },
        {
            "index": 38,
            "bbox": [
                [
                    41,
                    963
                ],
                [
                    41,
                    983
                ],
                [
                    589,
                    983
                ],
                [
                    589,
                    963
                ]
            ],
            "label": "TableRow"
        },
        {
            "index": 39,
            "bbox": [
                [
                    39,
                    844
                ],
                [
                    39,
                    1051
                ],
                [
                    591,
                    1051
                ],
                [
                    591,
                    844
                ]
            ],
            "label": "Table"
        },
        {
            "index": 40,
            "bbox": [
                [
                    40,
                    1345
                ],
                [
                    40,
                    1365
                ],
                [
                    607,
                    1365
                ],
                [
                    607,
                    1345
                ]
            ],
            "label": "TableRow"
        },
        {
            "index": 41,
            "bbox": [
                [
                    40,
                    1501
                ],
                [
                    40,
                    1517
                ],
                [
                    607,
                    1517
                ],
                [
                    607,
                    1501
                ]
            ],
            "label": "TableRow"
        },
        {
            "index": 42,
            "bbox": [
                [
                    40,
                    1187
                ],
                [
                    40,
                    1208
                ],
                [
                    607,
                    1208
                ],
                [
                    607,
                    1187
                ]
            ],
            "label": "TableRow"
        },
        {
            "index": 43,
            "bbox": [
                [
                    40,
                    1300
                ],
                [
                    40,
                    1322
                ],
                [
                    607,
                    1322
                ],
                [
                    607,
                    1300
                ]
            ],
            "label": "TableRow"
        },
        {
            "index": 44,
            "bbox": [
                [
                    40,
                    1324
                ],
                [
                    40,
                    1343
                ],
                [
                    607,
                    1343
                ],
                [
                    607,
                    1324
                ]
            ],
            "label": "TableRow"
        },
        {
            "index": 45,
            "bbox": [
                [
                    40,
                    1234
                ],
                [
                    40,
                    1254
                ],
                [
                    607,
                    1254
                ],
                [
                    607,
                    1234
                ]
            ],
            "label": "TableRow"
        },
        {
            "index": 46,
            "bbox": [
                [
                    40,
                    1167
                ],
                [
                    40,
                    1185
                ],
                [
                    607,
                    1185
                ],
                [
                    607,
                    1167
                ]
            ],
            "label": "TableRow"
        },
        {
            "index": 47,
            "bbox": [
                [
                    40,
                    1140
                ],
                [
                    40,
                    1165
                ],
                [
                    607,
                    1165
                ],
                [
                    607,
                    1140
                ]
            ],
            "label": "TableRow"
        },
        {
            "index": 48,
            "bbox": [
                [
                    40,
                    1210
                ],
                [
                    40,
                    1232
                ],
                [
                    607,
                    1232
                ],
                [
                    607,
                    1210
                ]
            ],
            "label": "TableRow"
        },
        {
            "index": 49,
            "bbox": [
                [
                    42,
                    1142
                ],
                [
                    42,
                    1515
                ],
                [
                    188,
                    1515
                ],
                [
                    188,
                    1142
                ]
            ],
            "label": "TableCol"
        },
        {
            "index": 50,
            "bbox": [
                [
                    40,
                    1367
                ],
                [
                    40,
                    1387
                ],
                [
                    607,
                    1387
                ],
                [
                    607,
                    1367
                ]
            ],
            "label": "TableRow"
        },
        {
            "index": 51,
            "bbox": [
                [
                    40,
                    1433
                ],
                [
                    40,
                    1454
                ],
                [
                    607,
                    1454
                ],
                [
                    607,
                    1433
                ]
            ],
            "label": "TableRow"
        },
        {
            "index": 52,
            "bbox": [
                [
                    190,
                    1142
                ],
                [
                    190,
                    1515
                ],
                [
                    605,
                    1515
                ],
                [
                    605,
                    1142
                ]
            ],
            "label": "TableCol"
        },
        {
            "index": 53,
            "bbox": [
                [
                    40,
                    1256
                ],
                [
                    40,
                    1276
                ],
                [
                    607,
                    1276
                ],
                [
                    607,
                    1256
                ]
            ],
            "label": "TableRow"
        },
        {
            "index": 54,
            "bbox": [
                [
                    40,
                    1411
                ],
                [
                    40,
                    1431
                ],
                [
                    607,
                    1431
                ],
                [
                    607,
                    1411
                ]
            ],
            "label": "TableRow"
        },
        {
            "index": 55,
            "bbox": [
                [
                    40,
                    1278
                ],
                [
                    40,
                    1298
                ],
                [
                    607,
                    1298
                ],
                [
                    607,
                    1278
                ]
            ],
            "label": "TableRow"
        },
        {
            "index": 56,
            "bbox": [
                [
                    40,
                    1389
                ],
                [
                    40,
                    1409
                ],
                [
                    607,
                    1409
                ],
                [
                    607,
                    1389
                ]
            ],
            "label": "TableRow"
        },
        {
            "index": 57,
            "bbox": [
                [
                    38,
                    1138
                ],
                [
                    38,
                    1519
                ],
                [
                    609,
                    1519
                ],
                [
                    609,
                    1138
                ]
            ],
            "label": "Table"
        },
        {
            "index": 58,
            "bbox": [
                [
                    40,
                    1456
                ],
                [
                    40,
                    1476
                ],
                [
                    607,
                    1476
                ],
                [
                    607,
                    1456
                ]
            ],
            "label": "TableRow"
        },
        {
            "index": 59,
            "bbox": [
                [
                    40,
                    1478
                ],
                [
                    40,
                    1499
                ],
                [
                    607,
                    1499
                ],
                [
                    607,
                    1478
                ]
            ],
            "label": "TableRow"
        }
    ]
}