{
    "objects": [
        {
            "index": 0,
            "bbox": [
                [
                    43,
                    360
                ],
                [
                    43,
                    380
                ],
                [
                    696,
                    380
                ],
                [
                    696,
                    360
                ]
            ],
            "label": "TableRow"
        },
        {
            "index": 1,
            "bbox": [
                [
                    43,
                    292
                ],
                [
                    43,
                    313
                ],
                [
                    696,
                    313
                ],
                [
                    696,
                    292
                ]
            ],
            "label": "TableRow"
        },
        {
            "index": 2,
            "bbox": [
                [
                    43,
                    270
                ],
                [
                    43,
                    290
                ],
                [
                    696,
                    290
                ],
                [
                    696,
                    270
                ]
            ],
            "label": "TableRow"
        },
        {
            "index": 3,
            "bbox": [
                [
                    43,
                    242
                ],
                [
                    43,
                    268
                ],
                [
                    696,
                    268
                ],
                [
                    696,
                    242
                ]
            ],
            "label": "TableRow"
        },
        {
            "index": 4,
            "bbox": [
                [
                    45,
                    244
                ],
                [
                    45,
                    405
                ],
                [
                    149,
                    405
                ],
                [
                    149,
                    244
                ]
            ],
            "label": "TableCol"
        },
        {
            "index": 5,
            "bbox": [
                [
                    43,
                    338
                ],
                [
                    43,
                    358
                ],
                [
                    696,
                    358
                ],
                [
                    696,
                    338
                ]
            ],
            "label": "TableRow"
        },
        {
            "index": 6,
            "bbox": [
                [
                    420,
                    244
                ],
                [
                    420,
                    405
                ],
                [
                    608,
                    405
                ],
                [
                    608,
                    244
                ]
            ],
            "label": "TableCol"
        },
        {
            "index": 7,
            "bbox": [
                [
                    610,
                    244
                ],
                [
                    610,
                    405
                ],
                [
                    694,
                    405
                ],
                [
                    694,
                    244
                ]
            ],
            "label": "TableCol"
        },
        {
            "index": 8,
            "bbox": [
                [
                    43,
                    382
                ],
                [
                    43,
                    407
                ],
                [
                    696,
                    407
                ],
                [
                    696,
                    382
                ]
            ],
            "label": "TableRow"
        },
        {
            "index": 9,
            "bbox": [
                [
                    151,
                    244
                ],
                [
                    151,
                    405
                ],
                [
                    418,
                    405
                ],
                [
                    418,
                    244
                ]
            ],
            "label": "TableCol"
        },
        {
            "index": 10,
            "bbox": [
                [
                    43,
                    315
                ],
                [
                    43,
                    336
                ],
                [
                    696,
                    336
                ],
                [
                    696,
                    315
                ]
            ],
            "label": "TableRow"
        },
        {
            "index": 11,
            "bbox": [
                [
                    41,
                    240
                ],
                [
                    41,
                    409
                ],
                [
                    698,
                    409
                ],
                [
                    698,
                    240
                ]
            ],
            "label": "Table"
        },
        {
            "index": 12,
            "bbox": [
                [
                    54,
                    642
                ],
                [
                    54,
                    662
                ],
                [
                    592,
                    662
                ],
                [
                    592,
                    642
                ]
            ],
            "label": "TableRow"
        },
        {
            "index": 13,
            "bbox": [
                [
                    54,
                    554
                ],
                [
                    54,
                    575
                ],
                [
                    592,
                    575
                ],
                [
                    592,
                    554
                ]
            ],
            "label": "TableRow"
        },
        {
            "index": 14,
            "bbox": [
                [
                    54,
                    532
                ],
                [
                    54,
                    552
                ],
                [
                    592,
                    552
                ],
                [
                    592,
                    532
                ]
            ],
            "label": "TableRow"
        },
        {
            "index": 15,
            "bbox": [
                [
                    54,
                    510
                ],
                [
                    54,
                    530
                ],
                [
                    592,
                    530
                ],
                [
                    592,
                    510
                ]
            ],
            "label": "TableRow"
        },
        {
            "index": 16,
            "bbox": [
                [
                    56,
                    487
                ],
                [
                    56,
                    679
                ],
                [
                    193,
                    679
                ],
                [
                    193,
                    487
                ]
            ],
            "label": "TableCol"
        },
        {
            "index": 17,
            "bbox": [
                [
                    54,
                    621
                ],
                [
                    54,
                    640
                ],
                [
                    592,
                    640
                ],
                [
                    592,
                    621
                ]
            ],
            "label": "TableRow"
        },
        {
            "index": 18,
            "bbox": [
                [
                    54,
                    485
                ],
                [
                    54,
                    508
                ],
                [
                    592,
                    508
                ],
                [
                    592,
                    485
                ]
            ],
            "label": "TableRow"
        },
        {
            "index": 19,
            "bbox": [
                [
                    195,
                    487
                ],
                [
                    195,
                    679
                ],
                [
                    444,
                    679
                ],
                [
                    444,
                    487
                ]
            ],
            "label": "TableCol"
        },
        {
            "index": 20,
            "bbox": [
                [
                    446,
                    487
                ],
                [
                    446,
                    679
                ],
                [
                    590,
                    679
                ],
                [
                    590,
                    487
                ]
            ],
            "label": "TableCol"
        },
        {
            "index": 21,
            "bbox": [
                [
                    54,
                    664
                ],
                [
                    54,
                    681
                ],
                [
                    592,
                    681
                ],
                [
                    592,
                    664
                ]
            ],
            "label": "TableRow"
        },
        {
            "index": 22,
            "bbox": [
                [
                    54,
                    600
                ],
                [
                    54,
                    619
                ],
                [
                    592,
                    619
                ],
                [
                    592,
                    600
                ]
            ],
            "label": "TableRow"
        },
        {
            "index": 23,
            "bbox": [
                [
                    54,
                    577
                ],
                [
                    54,
                    598
                ],
                [
                    592,
                    598
                ],
                [
                    592,
                    577
                ]
            ],
            "label": "TableRow"
        },
        {
            "index": 24,
            "bbox": [
                [
                    52,
                    483
                ],
                [
                    52,
                    683
                ],
                [
                    594,
                    683
                ],
                [
                    594,
                    483
                ]
            ],
            "label": "Table"
        },
        {
            "index": 25,
            "bbox": [
                [
                    55,
                    851
                ],
                [
                    55,
                    871
                ],
                [
                    562,
                    871
                ],
                [
                    562,
                    851
                ]
            ],
            "label": "TableRow"
        },
        {
            "index": 26,
            "bbox": [
                [
                    55,
                    827
                ],
                [
                    55,
                    849
                ],
                [
                    562,
                    849
                ],
                [
                    562,
                    827
                ]
            ],
            "label": "TableRow"
        },
        {
            "index": 27,
            "bbox": [
                [
                    57,
                    803
                ],
                [
                    57,
                    888
                ],
                [
                    155,
                    888
                ],
                [
                    155,
                    803
                ]
            ],
            "label": "TableCol"
        },
        {
            "index": 28,
            "bbox": [
                [
                    55,
                    801
                ],
                [
                    55,
                    825
                ],
                [
                    562,
                    825
                ],
                [
                    562,
                    801
                ]
            ],
            "label": "TableRow"
        },
        {
            "index": 29,
            "bbox": [
                [
                    157,
                    803
                ],
                [
                    157,
                    888
                ],
                [
                    560,
                    888
                ],
                [
                    560,
                    803
                ]
            ],
            "label": "TableCol"
        },
        {
            "index": 30,
            "bbox": [
                [
                    55,
                    873
                ],
                [
                    55,
                    890
                ],
                [
                    562,
                    890
                ],
                [
                    562,
                    873
                ]
            ],
            "label": "TableRow"
        },
        {
            "index": 31,
            "bbox": [
                [
                    53,
                    799
                ],
                [
                    53,
                    892
                ],
                [
                    564,
                    892
                ],
                [
                    564,
                    799
                ]
            ],
            "label": "Table"
        },
        {
            "index": 32,
            "bbox": [
                [
                    43,
                    1084
                ],
                [
                    43,
                    1104
                ],
                [
                    548,
                    1104
                ],
                [
                    548,
                    1084
                ]
            ],
            "label": "TableRow"
        },
        {
            "index": 33,
            "bbox": [
                [
                    43,
                    1017
                ],
                [
                    43,
                    1038
                ],
                [
                    548,
                    1038
                ],
                [
                    548,
                    1017
                ]
            ],
            "label": "TableRow"
        },
        {
            "index": 34,
            "bbox": [
                [
                    43,
                    995
                ],
                [
                    43,
                    1015
                ],
                [
                    548,
                    1015
                ],
                [
                    548,
                    995
                ]
            ],
            "label": "TableRow"
        },
        {
            "index": 35,
            "bbox": [
                [
                    43,
                    973
                ],
                [
                    43,
                    993
                ],
                [
                    548,
                    993
                ],
                [
                    548,
                    973
                ]
            ],
            "label": "TableRow"
        },
        {
            "index": 36,
            "bbox": [
                [
                    45,
                    975
                ],
                [
                    45,
                    1122
                ],
                [
                    158,
                    1122
                ],
                [
                    158,
                    975
                ]
            ],
            "label": "TableCol"
        },
        {
            "index": 37,
            "bbox": [
                [
                    43,
                    1062
                ],
                [
                    43,
                    1082
                ],
                [
                    548,
                    1082
                ],
                [
                    548,
                    1062
                ]
            ],
            "label": "TableRow"
        },
        {
            "index": 38,
            "bbox": [
                [
                    160,
                    975
                ],
                [
                    160,
                    1122
                ],
                [
                    546,
                    1122
                ],
                [
                    546,
                    975
                ]
            ],
            "label": "TableCol"
        },
        {
            "index": 39,
            "bbox": [
                [
                    43,
                    1106
                ],
                [
                    43,
                    1124
                ],
                [
                    548,
                    1124
                ],
                [
                    548,
                    1106
                ]
            ],
            "label": "TableRow"
        },
        {
            "index": 40,
            "bbox": [
                [
                    43,
                    1040
                ],
                [
                    43,
                    1060
                ],
                [
                    548,
                    1060
                ],
                [
                    548,
                    1040
                ]
            ],
            "label": "TableRow"
        },
        {
            "index": 41,
            "bbox": [
                [
                    41,
                    971
                ],
                [
                    41,
                    1126
                ],
                [
                    550,
                    1126
                ],
                [
                    550,
                    971
                ]
            ],
            "label": "Table"
        },
        {
            "index": 42,
            "bbox": [
                [
                    42,
                    1272
                ],
                [
                    42,
                    1291
                ],
                [
                    490,
                    1291
                ],
                [
                    490,
                    1272
                ]
            ],
            "label": "TableRow"
        },
        {
            "index": 43,
            "bbox": [
                [
                    42,
                    1226
                ],
                [
                    42,
                    1247
                ],
                [
                    490,
                    1247
                ],
                [
                    490,
                    1226
                ]
            ],
            "label": "TableRow"
        },
        {
            "index": 44,
            "bbox": [
                [
                    42,
                    1198
                ],
                [
                    42,
                    1224
                ],
                [
                    490,
                    1224
                ],
                [
                    490,
                    1198
                ]
            ],
            "label": "TableRow"
        },
        {
            "index": 45,
            "bbox": [
                [
                    44,
                    1200
                ],
                [
                    44,
                    1317
                ],
                [
                    155,
                    1317
                ],
                [
                    155,
                    1200
                ]
            ],
            "label": "TableCol"
        },
        {
            "index": 46,
            "bbox": [
                [
                    42,
                    1249
                ],
                [
                    42,
                    1270
                ],
                [
                    490,
                    1270
                ],
                [
                    490,
                    1249
                ]
            ],
            "label": "TableRow"
        },
        {
            "index": 47,
            "bbox": [
                [
                    157,
                    1200
                ],
                [
                    157,
                    1317
                ],
                [
                    488,
                    1317
                ],
                [
                    488,
                    1200
                ]
            ],
            "label": "TableCol"
        },
        {
            "index": 48,
            "bbox": [
                [
                    42,
                    1293
                ],
                [
                    42,
                    1319
                ],
                [
                    490,
                    1319
                ],
                [
                    490,
                    1293
                ]
            ],
            "label": "TableRow"
        },
        {
            "index": 49,
            "bbox": [
                [
                    40,
                    1196
                ],
                [
                    40,
                    1321
                ],
                [
                    492,
                    1321
                ],
                [
                    492,
                    1196
                ]
            ],
            "label": "Table"
        },
        {
            "index": 50,
            "bbox": [
                [
                    44,
                    1504
                ],
                [
                    44,
                    1523
                ],
                [
                    534,
                    1523
                ],
                [
                    534,
                    1504
                ]
            ],
            "label": "TableRow"
        },
        {
            "index": 51,
            "bbox": [
                [
                    44,
                    1437
                ],
                [
                    44,
                    1457
                ],
                [
                    534,
                    1457
                ],
                [
                    534,
                    1437
                ]
            ],
            "label": "TableRow"
        },
        {
            "index": 52,
            "bbox": [
                [
                    44,
                    1414
                ],
                [
                    44,
                    1435
                ],
                [
                    534,
                    1435
                ],
                [
                    534,
                    1414
                ]
            ],
            "label": "TableRow"
        },
        {
            "index": 53,
            "bbox": [
                [
                    44,
                    1389
                ],
                [
                    44,
                    1412
                ],
                [
                    534,
                    1412
                ],
                [
                    534,
                    1389
                ]
            ],
            "label": "TableRow"
        },
        {
            "index": 54,
            "bbox": [
                [
                    46,
                    1391
                ],
                [
                    46,
                    1521
                ],
                [
                    158,
                    1521
                ],
                [
                    158,
                    1391
                ]
            ],
            "label": "TableCol"
        },
        {
            "index": 55,
            "bbox": [
                [
                    44,
                    1481
                ],
                [
                    44,
                    1502
                ],
                [
                    534,
                    1502
                ],
                [
                    534,
                    1481
                ]
            ],
            "label": "TableRow"
        },
        {
            "index": 56,
            "bbox": [
                [
                    160,
                    1391
                ],
                [
                    160,
                    1521
                ],
                [
                    532,
                    1521
                ],
                [
                    532,
                    1391
                ]
            ],
            "label": "TableCol"
        },
        {
            "index": 57,
            "bbox": [
                [
                    44,
                    1459
                ],
                [
                    44,
                    1479
                ],
                [
                    534,
                    1479
                ],
                [
                    534,
                    1459
                ]
            ],
            "label": "TableRow"
        },
        {
            "index": 58,
            "bbox": [
                [
                    42,
                    1387
                ],
                [
                    42,
                    1525
                ],
                [
                    536,
                    1525
                ],
                [
                    536,
                    1387
                ]
            ],
            "label": "Table"
        }
    ]
}