{
    "objects": [
        {
            "index": 0,
            "bbox": [
                [
                    55,
                    440
                ],
                [
                    55,
                    480
                ],
                [
                    177,
                    480
                ],
                [
                    177,
                    440
                ]
            ],
            "label": "TableCol"
        },
        {
            "index": 1,
            "bbox": [
                [
                    53,
                    438
                ],
                [
                    53,
                    459
                ],
                [
                    721,
                    459
                ],
                [
                    721,
                    438
                ]
            ],
            "label": "TableRow"
        },
        {
            "index": 2,
            "bbox": [
                [
                    179,
                    440
                ],
                [
                    179,
                    480
                ],
                [
                    588,
                    480
                ],
                [
                    588,
                    440
                ]
            ],
            "label": "TableCol"
        },
        {
            "index": 3,
            "bbox": [
                [
                    590,
                    440
                ],
                [
                    590,
                    480
                ],
                [
                    719,
                    480
                ],
                [
                    719,
                    440
                ]
            ],
            "label": "TableCol"
        },
        {
            "index": 4,
            "bbox": [
                [
                    53,
                    461
                ],
                [
                    53,
                    482
                ],
                [
                    721,
                    482
                ],
                [
                    721,
                    461
                ]
            ],
            "label": "TableRow"
        },
        {
            "index": 5,
            "bbox": [
                [
                    51,
                    436
                ],
                [
                    51,
                    484
                ],
                [
                    723,
                    484
                ],
                [
                    723,
                    436
                ]
            ],
            "label": "Table"
        },
        {
            "index": 6,
            "bbox": [
                [
                    47,
                    743
                ],
                [
                    47,
                    766
                ],
                [
                    743,
                    766
                ],
                [
                    743,
                    743
                ]
            ],
            "label": "TableRow"
        },
        {
            "index": 7,
            "bbox": [
                [
                    47,
                    692
                ],
                [
                    47,
                    716
                ],
                [
                    743,
                    716
                ],
                [
                    743,
                    692
                ]
            ],
            "label": "TableRow"
        },
        {
            "index": 8,
            "bbox": [
                [
                    49,
                    671
                ],
                [
                    49,
                    785
                ],
                [
                    153,
                    785
                ],
                [
                    153,
                    671
                ]
            ],
            "label": "TableCol"
        },
        {
            "index": 9,
            "bbox": [
                [
                    47,
                    718
                ],
                [
                    47,
                    741
                ],
                [
                    743,
                    741
                ],
                [
                    743,
                    718
                ]
            ],
            "label": "TableRow"
        },
        {
            "index": 10,
            "bbox": [
                [
                    47,
                    669
                ],
                [
                    47,
                    690
                ],
                [
                    743,
                    690
                ],
                [
                    743,
                    669
                ]
            ],
            "label": "TableRow"
        },
        {
            "index": 11,
            "bbox": [
                [
                    465,
                    671
                ],
                [
                    465,
                    785
                ],
                [
                    659,
                    785
                ],
                [
                    659,
                    671
                ]
            ],
            "label": "TableCol"
        },
        {
            "index": 12,
            "bbox": [
                [
                    661,
                    671
                ],
                [
                    661,
                    785
                ],
                [
                    741,
                    785
                ],
                [
                    741,
                    671
                ]
            ],
            "label": "TableCol"
        },
        {
            "index": 13,
            "bbox": [
                [
                    47,
                    768
                ],
                [
                    47,
                    787
                ],
                [
                    743,
                    787
                ],
                [
                    743,
                    768
                ]
            ],
            "label": "TableRow"
        },
        {
            "index": 14,
            "bbox": [
                [
                    47,
                    669
                ],
                [
                    47,
                    690
                ],
                [
                    743,
                    690
                ],
                [
                    743,
                    669
                ]
            ],
            "label": "TableColHeader"
        },
        {
            "index": 15,
            "bbox": [
                [
                    155,
                    671
                ],
                [
                    155,
                    785
                ],
                [
                    463,
                    785
                ],
                [
                    463,
                    671
                ]
            ],
            "label": "TableCol"
        },
        {
            "index": 16,
            "bbox": [
                [
                    45,
                    667
                ],
                [
                    45,
                    789
                ],
                [
                    745,
                    789
                ],
                [
                    745,
                    667
                ]
            ],
            "label": "Table"
        },
        {
            "index": 17,
            "bbox": [
                [
                    56,
                    1069
                ],
                [
                    56,
                    1092
                ],
                [
                    737,
                    1092
                ],
                [
                    737,
                    1069
                ]
            ],
            "label": "TableRow"
        },
        {
            "index": 18,
            "bbox": [
                [
                    56,
                    991
                ],
                [
                    56,
                    1016
                ],
                [
                    737,
                    1016
                ],
                [
                    737,
                    991
                ]
            ],
            "label": "TableRow"
        },
        {
            "index": 19,
            "bbox": [
                [
                    56,
                    966
                ],
                [
                    56,
                    989
                ],
                [
                    737,
                    989
                ],
                [
                    737,
                    966
                ]
            ],
            "label": "TableRow"
        },
        {
            "index": 20,
            "bbox": [
                [
                    58,
                    944
                ],
                [
                    58,
                    1115
                ],
                [
                    155,
                    1115
                ],
                [
                    155,
                    944
                ]
            ],
            "label": "TableCol"
        },
        {
            "index": 21,
            "bbox": [
                [
                    56,
                    1044
                ],
                [
                    56,
                    1067
                ],
                [
                    737,
                    1067
                ],
                [
                    737,
                    1044
                ]
            ],
            "label": "TableRow"
        },
        {
            "index": 22,
            "bbox": [
                [
                    56,
                    942
                ],
                [
                    56,
                    964
                ],
                [
                    737,
                    964
                ],
                [
                    737,
                    942
                ]
            ],
            "label": "TableRow"
        },
        {
            "index": 23,
            "bbox": [
                [
                    495,
                    944
                ],
                [
                    495,
                    1115
                ],
                [
                    657,
                    1115
                ],
                [
                    657,
                    944
                ]
            ],
            "label": "TableCol"
        },
        {
            "index": 24,
            "bbox": [
                [
                    659,
                    944
                ],
                [
                    659,
                    1115
                ],
                [
                    735,
                    1115
                ],
                [
                    735,
                    944
                ]
            ],
            "label": "TableCol"
        },
        {
            "index": 25,
            "bbox": [
                [
                    56,
                    1094
                ],
                [
                    56,
                    1117
                ],
                [
                    737,
                    1117
                ],
                [
                    737,
                    1094
                ]
            ],
            "label": "TableRow"
        },
        {
            "index": 26,
            "bbox": [
                [
                    56,
                    942
                ],
                [
                    56,
                    964
                ],
                [
                    737,
                    964
                ],
                [
                    737,
                    942
                ]
            ],
            "label": "TableColHeader"
        },
        {
            "index": 27,
            "bbox": [
                [
                    157,
                    944
                ],
                [
                    157,
                    1115
                ],
                [
                    493,
                    1115
                ],
                [
                    493,
                    944
                ]
            ],
            "label": "TableCol"
        },
        {
            "index": 28,
            "bbox": [
                [
                    56,
                    1018
                ],
                [
                    56,
                    1042
                ],
                [
                    737,
                    1042
                ],
                [
                    737,
                    1018
                ]
            ],
            "label": "TableRow"
        },
        {
            "index": 29,
            "bbox": [
                [
                    54,
                    940
                ],
                [
                    54,
                    1119
                ],
                [
                    739,
                    1119
                ],
                [
                    739,
                    940
                ]
            ],
            "label": "Table"
        },
        {
            "index": 30,
            "bbox": [
                [
                    48,
                    1246
                ],
                [
                    48,
                    1271
                ],
                [
                    737,
                    1271
                ],
                [
                    737,
                    1246
                ]
            ],
            "label": "TableRow"
        },
        {
            "index": 31,
            "bbox": [
                [
                    50,
                    1223
                ],
                [
                    50,
                    1297
                ],
                [
                    157,
                    1297
                ],
                [
                    157,
                    1223
                ]
            ],
            "label": "TableCol"
        },
        {
            "index": 32,
            "bbox": [
                [
                    48,
                    1221
                ],
                [
                    48,
                    1244
                ],
                [
                    737,
                    1244
                ],
                [
                    737,
                    1221
                ]
            ],
            "label": "TableRow"
        },
        {
            "index": 33,
            "bbox": [
                [
                    159,
                    1223
                ],
                [
                    159,
                    1297
                ],
                [
                    600,
                    1297
                ],
                [
                    600,
                    1223
                ]
            ],
            "label": "TableCol"
        },
        {
            "index": 34,
            "bbox": [
                [
                    602,
                    1223
                ],
                [
                    602,
                    1297
                ],
                [
                    735,
                    1297
                ],
                [
                    735,
                    1223
                ]
            ],
            "label": "TableCol"
        },
        {
            "index": 35,
            "bbox": [
                [
                    48,
                    1273
                ],
                [
                    48,
                    1299
                ],
                [
                    737,
                    1299
                ],
                [
                    737,
                    1273
                ]
            ],
            "label": "TableRow"
        },
        {
            "index": 36,
            "bbox": [
                [
                    46,
                    1219
                ],
                [
                    46,
                    1301
                ],
                [
                    739,
                    1301
                ],
                [
                    739,
                    1219
                ]
            ],
            "label": "Table"
        },
        {
            "index": 37,
            "bbox": [
                [
                    46,
                    1470
                ],
                [
                    46,
                    1494
                ],
                [
                    754,
                    1494
                ],
                [
                    754,
                    1470
                ]
            ],
            "label": "TableRow"
        },
        {
            "index": 38,
            "bbox": [
                [
                    46,
                    1445
                ],
                [
                    46,
                    1468
                ],
                [
                    754,
                    1468
                ],
                [
                    754,
                    1445
                ]
            ],
            "label": "TableRow"
        },
        {
            "index": 39,
            "bbox": [
                [
                    48,
                    1419
                ],
                [
                    48,
                    1517
                ],
                [
                    199,
                    1517
                ],
                [
                    199,
                    1419
                ]
            ],
            "label": "TableCol"
        },
        {
            "index": 40,
            "bbox": [
                [
                    46,
                    1417
                ],
                [
                    46,
                    1443
                ],
                [
                    754,
                    1443
                ],
                [
                    754,
                    1417
                ]
            ],
            "label": "TableRow"
        },
        {
            "index": 41,
            "bbox": [
                [
                    465,
                    1419
                ],
                [
                    465,
                    1517
                ],
                [
                    581,
                    1517
                ],
                [
                    581,
                    1419
                ]
            ],
            "label": "TableCol"
        },
        {
            "index": 42,
            "bbox": [
                [
                    583,
                    1419
                ],
                [
                    583,
                    1517
                ],
                [
                    752,
                    1517
                ],
                [
                    752,
                    1419
                ]
            ],
            "label": "TableCol"
        },
        {
            "index": 43,
            "bbox": [
                [
                    46,
                    1496
                ],
                [
                    46,
                    1519
                ],
                [
                    754,
                    1519
                ],
                [
                    754,
                    1496
                ]
            ],
            "label": "TableRow"
        },
        {
            "index": 44,
            "bbox": [
                [
                    201,
                    1419
                ],
                [
                    201,
                    1517
                ],
                [
                    463,
                    1517
                ],
                [
                    463,
                    1419
                ]
            ],
            "label": "TableCol"
        },
        {
            "index": 45,
            "bbox": [
                [
                    44,
                    1415
                ],
                [
                    44,
                    1521
                ],
                [
                    756,
                    1521
                ],
                [
                    756,
                    1415
                ]
            ],
            "label": "Table"
        }
    ]
}