{
    "objects": [
        {
            "index": 0,
            "bbox": [
                [
                    46,
                    557
                ],
                [
                    46,
                    581
                ],
                [
                    761,
                    581
                ],
                [
                    761,
                    557
                ]
            ],
            "label": "TableRow"
        },
        {
            "index": 1,
            "bbox": [
                [
                    46,
                    481
                ],
                [
                    46,
                    505
                ],
                [
                    761,
                    505
                ],
                [
                    761,
                    481
                ]
            ],
            "label": "TableRow"
        },
        {
            "index": 2,
            "bbox": [
                [
                    46,
                    456
                ],
                [
                    46,
                    479
                ],
                [
                    761,
                    479
                ],
                [
                    761,
                    456
                ]
            ],
            "label": "TableRow"
        },
        {
            "index": 3,
            "bbox": [
                [
                    48,
                    437
                ],
                [
                    48,
                    607
                ],
                [
                    200,
                    607
                ],
                [
                    200,
                    437
                ]
            ],
            "label": "TableCol"
        },
        {
            "index": 4,
            "bbox": [
                [
                    46,
                    533
                ],
                [
                    46,
                    555
                ],
                [
                    761,
                    555
                ],
                [
                    761,
                    533
                ]
            ],
            "label": "TableRow"
        },
        {
            "index": 5,
            "bbox": [
                [
                    46,
                    435
                ],
                [
                    46,
                    454
                ],
                [
                    761,
                    454
                ],
                [
                    761,
                    435
                ]
            ],
            "label": "TableRow"
        },
        {
            "index": 6,
            "bbox": [
                [
                    494,
                    437
                ],
                [
                    494,
                    607
                ],
                [
                    601,
                    607
                ],
                [
                    601,
                    437
                ]
            ],
            "label": "TableCol"
        },
        {
            "index": 7,
            "bbox": [
                [
                    603,
                    437
                ],
                [
                    603,
                    607
                ],
                [
                    759,
                    607
                ],
                [
                    759,
                    437
                ]
            ],
            "label": "TableCol"
        },
        {
            "index": 8,
            "bbox": [
                [
                    46,
                    583
                ],
                [
                    46,
                    609
                ],
                [
                    761,
                    609
                ],
                [
                    761,
                    583
                ]
            ],
            "label": "TableRow"
        },
        {
            "index": 9,
            "bbox": [
                [
                    202,
                    437
                ],
                [
                    202,
                    607
                ],
                [
                    492,
                    607
                ],
                [
                    492,
                    437
                ]
            ],
            "label": "TableCol"
        },
        {
            "index": 10,
            "bbox": [
                [
                    46,
                    507
                ],
                [
                    46,
                    531
                ],
                [
                    761,
                    531
                ],
                [
                    761,
                    507
                ]
            ],
            "label": "TableRow"
        },
        {
            "index": 11,
            "bbox": [
                [
                    44,
                    433
                ],
                [
                    44,
                    611
                ],
                [
                    763,
                    611
                ],
                [
                    763,
                    433
                ]
            ],
            "label": "Table"
        },
        {
            "index": 12,
            "bbox": [
                [
                    50,
                    772
                ],
                [
                    50,
                    796
                ],
                [
                    749,
                    796
                ],
                [
                    749,
                    772
                ]
            ],
            "label": "TableRow"
        },
        {
            "index": 13,
            "bbox": [
                [
                    50,
                    747
                ],
                [
                    50,
                    770
                ],
                [
                    749,
                    770
                ],
                [
                    749,
                    747
                ]
            ],
            "label": "TableRow"
        },
        {
            "index": 14,
            "bbox": [
                [
                    52,
                    726
                ],
                [
                    52,
                    816
                ],
                [
                    195,
                    816
                ],
                [
                    195,
                    726
                ]
            ],
            "label": "TableCol"
        },
        {
            "index": 15,
            "bbox": [
                [
                    50,
                    724
                ],
                [
                    50,
                    745
                ],
                [
                    749,
                    745
                ],
                [
                    749,
                    724
                ]
            ],
            "label": "TableRow"
        },
        {
            "index": 16,
            "bbox": [
                [
                    461,
                    726
                ],
                [
                    461,
                    816
                ],
                [
                    580,
                    816
                ],
                [
                    580,
                    726
                ]
            ],
            "label": "TableCol"
        },
        {
            "index": 17,
            "bbox": [
                [
                    582,
                    726
                ],
                [
                    582,
                    816
                ],
                [
                    747,
                    816
                ],
                [
                    747,
                    726
                ]
            ],
            "label": "TableCol"
        },
        {
            "index": 18,
            "bbox": [
                [
                    50,
                    798
                ],
                [
                    50,
                    818
                ],
                [
                    749,
                    818
                ],
                [
                    749,
                    798
                ]
            ],
            "label": "TableRow"
        },
        {
            "index": 19,
            "bbox": [
                [
                    50,
                    724
                ],
                [
                    50,
                    745
                ],
                [
                    749,
                    745
                ],
                [
                    749,
                    724
                ]
            ],
            "label": "TableColHeader"
        },
        {
            "index": 20,
            "bbox": [
                [
                    197,
                    726
                ],
                [
                    197,
                    816
                ],
                [
                    459,
                    816
                ],
                [
                    459,
                    726
                ]
            ],
            "label": "TableCol"
        },
        {
            "index": 21,
            "bbox": [
                [
                    48,
                    722
                ],
                [
                    48,
                    820
                ],
                [
                    751,
                    820
                ],
                [
                    751,
                    722
                ]
            ],
            "label": "Table"
        },
        {
            "index": 22,
            "bbox": [
                [
                    50,
                    1263
                ],
                [
                    50,
                    1286
                ],
                [
                    754,
                    1286
                ],
                [
                    754,
                    1263
                ]
            ],
            "label": "TableRow"
        },
        {
            "index": 23,
            "bbox": [
                [
                    50,
                    1187
                ],
                [
                    50,
                    1211
                ],
                [
                    754,
                    1211
                ],
                [
                    754,
                    1187
                ]
            ],
            "label": "TableRow"
        },
        {
            "index": 24,
            "bbox": [
                [
                    50,
                    1162
                ],
                [
                    50,
                    1185
                ],
                [
                    754,
                    1185
                ],
                [
                    754,
                    1162
                ]
            ],
            "label": "TableRow"
        },
        {
            "index": 25,
            "bbox": [
                [
                    52,
                    1143
                ],
                [
                    52,
                    1310
                ],
                [
                    365,
                    1310
                ],
                [
                    365,
                    1143
                ]
            ],
            "label": "TableCol"
        },
        {
            "index": 26,
            "bbox": [
                [
                    50,
                    1239
                ],
                [
                    50,
                    1261
                ],
                [
                    754,
                    1261
                ],
                [
                    754,
                    1239
                ]
            ],
            "label": "TableRow"
        },
        {
            "index": 27,
            "bbox": [
                [
                    50,
                    1141
                ],
                [
                    50,
                    1160
                ],
                [
                    754,
                    1160
                ],
                [
                    754,
                    1141
                ]
            ],
            "label": "TableRow"
        },
        {
            "index": 28,
            "bbox": [
                [
                    367,
                    1143
                ],
                [
                    367,
                    1310
                ],
                [
                    606,
                    1310
                ],
                [
                    606,
                    1143
                ]
            ],
            "label": "TableCol"
        },
        {
            "index": 29,
            "bbox": [
                [
                    608,
                    1143
                ],
                [
                    608,
                    1310
                ],
                [
                    752,
                    1310
                ],
                [
                    752,
                    1143
                ]
            ],
            "label": "TableCol"
        },
        {
            "index": 30,
            "bbox": [
                [
                    50,
                    1288
                ],
                [
                    50,
                    1312
                ],
                [
                    754,
                    1312
                ],
                [
                    754,
                    1288
                ]
            ],
            "label": "TableRow"
        },
        {
            "index": 31,
            "bbox": [
                [
                    50,
                    1141
                ],
                [
                    50,
                    1160
                ],
                [
                    754,
                    1160
                ],
                [
                    754,
                    1141
                ]
            ],
            "label": "TableColHeader"
        },
        {
            "index": 32,
            "bbox": [
                [
                    50,
                    1213
                ],
                [
                    50,
                    1237
                ],
                [
                    754,
                    1237
                ],
                [
                    754,
                    1213
                ]
            ],
            "label": "TableRow"
        },
        {
            "index": 33,
            "bbox": [
                [
                    48,
                    1139
                ],
                [
                    48,
                    1314
                ],
                [
                    756,
                    1314
                ],
                [
                    756,
                    1139
                ]
            ],
            "label": "Table"
        },
        {
            "index": 34,
            "bbox": [
                [
                    43,
                    1475
                ],
                [
                    43,
                    1498
                ],
                [
                    748,
                    1498
                ],
                [
                    748,
                    1475
                ]
            ],
            "label": "TableRow"
        },
        {
            "index": 35,
            "bbox": [
                [
                    43,
                    1449
                ],
                [
                    43,
                    1473
                ],
                [
                    748,
                    1473
                ],
                [
                    748,
                    1449
                ]
            ],
            "label": "TableRow"
        },
        {
            "index": 36,
            "bbox": [
                [
                    45,
                    1428
                ],
                [
                    45,
                    1522
                ],
                [
                    197,
                    1522
                ],
                [
                    197,
                    1428
                ]
            ],
            "label": "TableCol"
        },
        {
            "index": 37,
            "bbox": [
                [
                    43,
                    1426
                ],
                [
                    43,
                    1447
                ],
                [
                    748,
                    1447
                ],
                [
                    748,
                    1426
                ]
            ],
            "label": "TableRow"
        },
        {
            "index": 38,
            "bbox": [
                [
                    478,
                    1428
                ],
                [
                    478,
                    1522
                ],
                [
                    590,
                    1522
                ],
                [
                    590,
                    1428
                ]
            ],
            "label": "TableCol"
        },
        {
            "index": 39,
            "bbox": [
                [
                    592,
                    1428
                ],
                [
                    592,
                    1522
                ],
                [
                    746,
                    1522
                ],
                [
                    746,
                    1428
                ]
            ],
            "label": "TableCol"
        },
        {
            "index": 40,
            "bbox": [
                [
                    43,
                    1500
                ],
                [
                    43,
                    1524
                ],
                [
                    748,
                    1524
                ],
                [
                    748,
                    1500
                ]
            ],
            "label": "TableRow"
        },
        {
            "index": 41,
            "bbox": [
                [
                    43,
                    1426
                ],
                [
                    43,
                    1447
                ],
                [
                    748,
                    1447
                ],
                [
                    748,
                    1426
                ]
            ],
            "label": "TableColHeader"
        },
        {
            "index": 42,
            "bbox": [
                [
                    199,
                    1428
                ],
                [
                    199,
                    1522
                ],
                [
                    476,
                    1522
                ],
                [
                    476,
                    1428
                ]
            ],
            "label": "TableCol"
        },
        {
            "index": 43,
            "bbox": [
                [
                    41,
                    1424
                ],
                [
                    41,
                    1526
                ],
                [
                    750,
                    1526
                ],
                [
                    750,
                    1424
                ]
            ],
            "label": "Table"
        }
    ]
}