{
    "objects": [
        {
            "index": 0,
            "bbox": [
                [
                    59,
                    357
                ],
                [
                    59,
                    380
                ],
                [
                    761,
                    380
                ],
                [
                    761,
                    357
                ]
            ],
            "label": "TableRow"
        },
        {
            "index": 1,
            "bbox": [
                [
                    427,
                    284
                ],
                [
                    427,
                    400
                ],
                [
                    560,
                    400
                ],
                [
                    560,
                    284
                ]
            ],
            "label": "TableCol"
        },
        {
            "index": 2,
            "bbox": [
                [
                    59,
                    305
                ],
                [
                    59,
                    329
                ],
                [
                    761,
                    329
                ],
                [
                    761,
                    305
                ]
            ],
            "label": "TableRow"
        },
        {
            "index": 3,
            "bbox": [
                [
                    61,
                    284
                ],
                [
                    61,
                    400
                ],
                [
                    221,
                    400
                ],
                [
                    221,
                    284
                ]
            ],
            "label": "TableCol"
        },
        {
            "index": 4,
            "bbox": [
                [
                    59,
                    331
                ],
                [
                    59,
                    355
                ],
                [
                    761,
                    355
                ],
                [
                    761,
                    331
                ]
            ],
            "label": "TableRow"
        },
        {
            "index": 5,
            "bbox": [
                [
                    59,
                    282
                ],
                [
                    59,
                    303
                ],
                [
                    761,
                    303
                ],
                [
                    761,
                    282
                ]
            ],
            "label": "TableRow"
        },
        {
            "index": 6,
            "bbox": [
                [
                    562,
                    284
                ],
                [
                    562,
                    400
                ],
                [
                    649,
                    400
                ],
                [
                    649,
                    284
                ]
            ],
            "label": "TableCol"
        },
        {
            "index": 7,
            "bbox": [
                [
                    329,
                    284
                ],
                [
                    329,
                    400
                ],
                [
                    425,
                    400
                ],
                [
                    425,
                    284
                ]
            ],
            "label": "TableCol"
        },
        {
            "index": 8,
            "bbox": [
                [
                    651,
                    284
                ],
                [
                    651,
                    400
                ],
                [
                    759,
                    400
                ],
                [
                    759,
                    284
                ]
            ],
            "label": "TableCol"
        },
        {
            "index": 9,
            "bbox": [
                [
                    59,
                    382
                ],
                [
                    59,
                    402
                ],
                [
                    761,
                    402
                ],
                [
                    761,
                    382
                ]
            ],
            "label": "TableRow"
        },
        {
            "index": 10,
            "bbox": [
                [
                    59,
                    282
                ],
                [
                    59,
                    303
                ],
                [
                    761,
                    303
                ],
                [
                    761,
                    282
                ]
            ],
            "label": "TableColHeader"
        },
        {
            "index": 11,
            "bbox": [
                [
                    223,
                    284
                ],
                [
                    223,
                    400
                ],
                [
                    327,
                    400
                ],
                [
                    327,
                    284
                ]
            ],
            "label": "TableCol"
        },
        {
            "index": 12,
            "bbox": [
                [
                    57,
                    280
                ],
                [
                    57,
                    404
                ],
                [
                    763,
                    404
                ],
                [
                    763,
                    280
                ]
            ],
            "label": "Table"
        },
        {
            "index": 13,
            "bbox": [
                [
                    59,
                    813
                ],
                [
                    59,
                    833
                ],
                [
                    723,
                    833
                ],
                [
                    723,
                    813
                ]
            ],
            "label": "TableRow"
        },
        {
            "index": 14,
            "bbox": [
                [
                    59,
                    926
                ],
                [
                    59,
                    946
                ],
                [
                    723,
                    946
                ],
                [
                    723,
                    926
                ]
            ],
            "label": "TableRow"
        },
        {
            "index": 15,
            "bbox": [
                [
                    59,
                    663
                ],
                [
                    59,
                    684
                ],
                [
                    723,
                    684
                ],
                [
                    723,
                    663
                ]
            ],
            "label": "TableRow"
        },
        {
            "index": 16,
            "bbox": [
                [
                    59,
                    774
                ],
                [
                    59,
                    794
                ],
                [
                    723,
                    794
                ],
                [
                    723,
                    774
                ]
            ],
            "label": "TableRow"
        },
        {
            "index": 17,
            "bbox": [
                [
                    432,
                    596
                ],
                [
                    432,
                    964
                ],
                [
                    554,
                    964
                ],
                [
                    554,
                    596
                ]
            ],
            "label": "TableCol"
        },
        {
            "index": 18,
            "bbox": [
                [
                    59,
                    796
                ],
                [
                    59,
                    811
                ],
                [
                    723,
                    811
                ],
                [
                    723,
                    796
                ]
            ],
            "label": "TableRow"
        },
        {
            "index": 19,
            "bbox": [
                [
                    59,
                    709
                ],
                [
                    59,
                    730
                ],
                [
                    723,
                    730
                ],
                [
                    723,
                    709
                ]
            ],
            "label": "TableRow"
        },
        {
            "index": 20,
            "bbox": [
                [
                    357,
                    596
                ],
                [
                    357,
                    964
                ],
                [
                    430,
                    964
                ],
                [
                    430,
                    596
                ]
            ],
            "label": "TableCol"
        },
        {
            "index": 21,
            "bbox": [
                [
                    59,
                    640
                ],
                [
                    59,
                    661
                ],
                [
                    723,
                    661
                ],
                [
                    723,
                    640
                ]
            ],
            "label": "TableRow"
        },
        {
            "index": 22,
            "bbox": [
                [
                    59,
                    617
                ],
                [
                    59,
                    638
                ],
                [
                    723,
                    638
                ],
                [
                    723,
                    617
                ]
            ],
            "label": "TableRow"
        },
        {
            "index": 23,
            "bbox": [
                [
                    59,
                    686
                ],
                [
                    59,
                    707
                ],
                [
                    723,
                    707
                ],
                [
                    723,
                    686
                ]
            ],
            "label": "TableRow"
        },
        {
            "index": 24,
            "bbox": [
                [
                    61,
                    596
                ],
                [
                    61,
                    964
                ],
                [
                    234,
                    964
                ],
                [
                    234,
                    596
                ]
            ],
            "label": "TableCol"
        },
        {
            "index": 25,
            "bbox": [
                [
                    59,
                    835
                ],
                [
                    59,
                    856
                ],
                [
                    723,
                    856
                ],
                [
                    723,
                    835
                ]
            ],
            "label": "TableRow"
        },
        {
            "index": 26,
            "bbox": [
                [
                    59,
                    903
                ],
                [
                    59,
                    924
                ],
                [
                    723,
                    924
                ],
                [
                    723,
                    903
                ]
            ],
            "label": "TableRow"
        },
        {
            "index": 27,
            "bbox": [
                [
                    59,
                    594
                ],
                [
                    59,
                    615
                ],
                [
                    723,
                    615
                ],
                [
                    723,
                    594
                ]
            ],
            "label": "TableRow"
        },
        {
            "index": 28,
            "bbox": [
                [
                    556,
                    596
                ],
                [
                    556,
                    964
                ],
                [
                    658,
                    964
                ],
                [
                    658,
                    596
                ]
            ],
            "label": "TableCol"
        },
        {
            "index": 29,
            "bbox": [
                [
                    660,
                    596
                ],
                [
                    660,
                    964
                ],
                [
                    721,
                    964
                ],
                [
                    721,
                    596
                ]
            ],
            "label": "TableCol"
        },
        {
            "index": 30,
            "bbox": [
                [
                    59,
                    948
                ],
                [
                    59,
                    966
                ],
                [
                    723,
                    966
                ],
                [
                    723,
                    948
                ]
            ],
            "label": "TableRow"
        },
        {
            "index": 31,
            "bbox": [
                [
                    59,
                    594
                ],
                [
                    59,
                    615
                ],
                [
                    723,
                    615
                ],
                [
                    723,
                    594
                ]
            ],
            "label": "TableColHeader"
        },
        {
            "index": 32,
            "bbox": [
                [
                    59,
                    732
                ],
                [
                    59,
                    750
                ],
                [
                    723,
                    750
                ],
                [
                    723,
                    732
                ]
            ],
            "label": "TableRow"
        },
        {
            "index": 33,
            "bbox": [
                [
                    236,
                    596
                ],
                [
                    236,
                    964
                ],
                [
                    355,
                    964
                ],
                [
                    355,
                    596
                ]
            ],
            "label": "TableCol"
        },
        {
            "index": 34,
            "bbox": [
                [
                    59,
                    881
                ],
                [
                    59,
                    901
                ],
                [
                    723,
                    901
                ],
                [
                    723,
                    881
                ]
            ],
            "label": "TableRow"
        },
        {
            "index": 35,
            "bbox": [
                [
                    59,
                    858
                ],
                [
                    59,
                    879
                ],
                [
                    723,
                    879
                ],
                [
                    723,
                    858
                ]
            ],
            "label": "TableRow"
        },
        {
            "index": 36,
            "bbox": [
                [
                    57,
                    592
                ],
                [
                    57,
                    968
                ],
                [
                    725,
                    968
                ],
                [
                    725,
                    592
                ]
            ],
            "label": "Table"
        },
        {
            "index": 37,
            "bbox": [
                [
                    59,
                    1397
                ],
                [
                    59,
                    1418
                ],
                [
                    744,
                    1418
                ],
                [
                    744,
                    1397
                ]
            ],
            "label": "TableRow"
        },
        {
            "index": 38,
            "bbox": [
                [
                    59,
                    1507
                ],
                [
                    59,
                    1528
                ],
                [
                    744,
                    1528
                ],
                [
                    744,
                    1507
                ]
            ],
            "label": "TableRow"
        },
        {
            "index": 39,
            "bbox": [
                [
                    59,
                    1196
                ],
                [
                    59,
                    1214
                ],
                [
                    744,
                    1214
                ],
                [
                    744,
                    1196
                ]
            ],
            "label": "TableRow"
        },
        {
            "index": 40,
            "bbox": [
                [
                    59,
                    1351
                ],
                [
                    59,
                    1373
                ],
                [
                    744,
                    1373
                ],
                [
                    744,
                    1351
                ]
            ],
            "label": "TableRow"
        },
        {
            "index": 41,
            "bbox": [
                [
                    422,
                    1128
                ],
                [
                    422,
                    1548
                ],
                [
                    537,
                    1548
                ],
                [
                    537,
                    1128
                ]
            ],
            "label": "TableCol"
        },
        {
            "index": 42,
            "bbox": [
                [
                    59,
                    1375
                ],
                [
                    59,
                    1395
                ],
                [
                    744,
                    1395
                ],
                [
                    744,
                    1375
                ]
            ],
            "label": "TableRow"
        },
        {
            "index": 43,
            "bbox": [
                [
                    59,
                    1239
                ],
                [
                    59,
                    1260
                ],
                [
                    744,
                    1260
                ],
                [
                    744,
                    1239
                ]
            ],
            "label": "TableRow"
        },
        {
            "index": 44,
            "bbox": [
                [
                    344,
                    1128
                ],
                [
                    344,
                    1548
                ],
                [
                    420,
                    1548
                ],
                [
                    420,
                    1128
                ]
            ],
            "label": "TableCol"
        },
        {
            "index": 45,
            "bbox": [
                [
                    59,
                    1174
                ],
                [
                    59,
                    1194
                ],
                [
                    744,
                    1194
                ],
                [
                    744,
                    1174
                ]
            ],
            "label": "TableRow"
        },
        {
            "index": 46,
            "bbox": [
                [
                    59,
                    1126
                ],
                [
                    59,
                    1152
                ],
                [
                    744,
                    1152
                ],
                [
                    744,
                    1126
                ]
            ],
            "label": "TableRow"
        },
        {
            "index": 47,
            "bbox": [
                [
                    59,
                    1306
                ],
                [
                    59,
                    1329
                ],
                [
                    744,
                    1329
                ],
                [
                    744,
                    1306
                ]
            ],
            "label": "TableRow"
        },
        {
            "index": 48,
            "bbox": [
                [
                    59,
                    1216
                ],
                [
                    59,
                    1237
                ],
                [
                    744,
                    1237
                ],
                [
                    744,
                    1216
                ]
            ],
            "label": "TableRow"
        },
        {
            "index": 49,
            "bbox": [
                [
                    61,
                    1128
                ],
                [
                    61,
                    1548
                ],
                [
                    224,
                    1548
                ],
                [
                    224,
                    1128
                ]
            ],
            "label": "TableCol"
        },
        {
            "index": 50,
            "bbox": [
                [
                    59,
                    1420
                ],
                [
                    59,
                    1438
                ],
                [
                    744,
                    1438
                ],
                [
                    744,
                    1420
                ]
            ],
            "label": "TableRow"
        },
        {
            "index": 51,
            "bbox": [
                [
                    59,
                    1484
                ],
                [
                    59,
                    1505
                ],
                [
                    744,
                    1505
                ],
                [
                    744,
                    1484
                ]
            ],
            "label": "TableRow"
        },
        {
            "index": 52,
            "bbox": [
                [
                    539,
                    1128
                ],
                [
                    539,
                    1548
                ],
                [
                    629,
                    1548
                ],
                [
                    629,
                    1128
                ]
            ],
            "label": "TableCol"
        },
        {
            "index": 53,
            "bbox": [
                [
                    631,
                    1128
                ],
                [
                    631,
                    1548
                ],
                [
                    742,
                    1548
                ],
                [
                    742,
                    1128
                ]
            ],
            "label": "TableCol"
        },
        {
            "index": 54,
            "bbox": [
                [
                    59,
                    1530
                ],
                [
                    59,
                    1550
                ],
                [
                    744,
                    1550
                ],
                [
                    744,
                    1530
                ]
            ],
            "label": "TableRow"
        },
        {
            "index": 55,
            "bbox": [
                [
                    59,
                    1262
                ],
                [
                    59,
                    1282
                ],
                [
                    744,
                    1282
                ],
                [
                    744,
                    1262
                ]
            ],
            "label": "TableRow"
        },
        {
            "index": 56,
            "bbox": [
                [
                    59,
                    1331
                ],
                [
                    59,
                    1349
                ],
                [
                    744,
                    1349
                ],
                [
                    744,
                    1331
                ]
            ],
            "label": "TableRow"
        },
        {
            "index": 57,
            "bbox": [
                [
                    226,
                    1128
                ],
                [
                    226,
                    1548
                ],
                [
                    342,
                    1548
                ],
                [
                    342,
                    1128
                ]
            ],
            "label": "TableCol"
        },
        {
            "index": 58,
            "bbox": [
                [
                    59,
                    1461
                ],
                [
                    59,
                    1482
                ],
                [
                    744,
                    1482
                ],
                [
                    744,
                    1461
                ]
            ],
            "label": "TableRow"
        },
        {
            "index": 59,
            "bbox": [
                [
                    59,
                    1284
                ],
                [
                    59,
                    1304
                ],
                [
                    744,
                    1304
                ],
                [
                    744,
                    1284
                ]
            ],
            "label": "TableRow"
        },
        {
            "index": 60,
            "bbox": [
                [
                    59,
                    1440
                ],
                [
                    59,
                    1459
                ],
                [
                    744,
                    1459
                ],
                [
                    744,
                    1440
                ]
            ],
            "label": "TableRow"
        },
        {
            "index": 61,
            "bbox": [
                [
                    57,
                    1124
                ],
                [
                    57,
                    1552
                ],
                [
                    746,
                    1552
                ],
                [
                    746,
                    1124
                ]
            ],
            "label": "Table"
        },
        {
            "index": 62,
            "bbox": [
                [
                    59,
                    752
                ],
                [
                    59,
                    772
                ],
                [
                    723,
                    772
                ],
                [
                    723,
                    752
                ]
            ],
            "label": "TableRow"
        },
        {
            "index": 63,
            "bbox": [
                [
                    59,
                    1154
                ],
                [
                    59,
                    1172
                ],
                [
                    744,
                    1172
                ],
                [
                    744,
                    1154
                ]
            ],
            "label": "TableRow"
        }
    ]
}