{
    "objects": [
        {
            "index": 0,
            "bbox": [
                [
                    44,
                    394
                ],
                [
                    44,
                    412
                ],
                [
                    645,
                    412
                ],
                [
                    645,
                    394
                ]
            ],
            "label": "TableRow"
        },
        {
            "index": 1,
            "bbox": [
                [
                    44,
                    317
                ],
                [
                    44,
                    340
                ],
                [
                    645,
                    340
                ],
                [
                    645,
                    317
                ]
            ],
            "label": "TableRow"
        },
        {
            "index": 2,
            "bbox": [
                [
                    44,
                    291
                ],
                [
                    44,
                    315
                ],
                [
                    645,
                    315
                ],
                [
                    645,
                    291
                ]
            ],
            "label": "TableRow"
        },
        {
            "index": 3,
            "bbox": [
                [
                    44,
                    264
                ],
                [
                    44,
                    289
                ],
                [
                    645,
                    289
                ],
                [
                    645,
                    264
                ]
            ],
            "label": "TableRow"
        },
        {
            "index": 4,
            "bbox": [
                [
                    46,
                    242
                ],
                [
                    46,
                    410
                ],
                [
                    189,
                    410
                ],
                [
                    189,
                    242
                ]
            ],
            "label": "TableCol"
        },
        {
            "index": 5,
            "bbox": [
                [
                    44,
                    368
                ],
                [
                    44,
                    392
                ],
                [
                    645,
                    392
                ],
                [
                    645,
                    368
                ]
            ],
            "label": "TableRow"
        },
        {
            "index": 6,
            "bbox": [
                [
                    44,
                    240
                ],
                [
                    44,
                    262
                ],
                [
                    645,
                    262
                ],
                [
                    645,
                    240
                ]
            ],
            "label": "TableRow"
        },
        {
            "index": 7,
            "bbox": [
                [
                    191,
                    242
                ],
                [
                    191,
                    410
                ],
                [
                    643,
                    410
                ],
                [
                    643,
                    242
                ]
            ],
            "label": "TableCol"
        },
        {
            "index": 8,
            "bbox": [
                [
                    44,
                    342
                ],
                [
                    44,
                    366
                ],
                [
                    645,
                    366
                ],
                [
                    645,
                    342
                ]
            ],
            "label": "TableRow"
        },
        {
            "index": 9,
            "bbox": [
                [
                    42,
                    238
                ],
                [
                    42,
                    414
                ],
                [
                    647,
                    414
                ],
                [
                    647,
                    238
                ]
            ],
            "label": "Table"
        },
        {
            "index": 10,
            "bbox": [
                [
                    46,
                    722
                ],
                [
                    46,
                    743
                ],
                [
                    716,
                    743
                ],
                [
                    716,
                    722
                ]
            ],
            "label": "TableRow"
        },
        {
            "index": 11,
            "bbox": [
                [
                    46,
                    611
                ],
                [
                    46,
                    632
                ],
                [
                    716,
                    632
                ],
                [
                    716,
                    611
                ]
            ],
            "label": "TableRow"
        },
        {
            "index": 12,
            "bbox": [
                [
                    46,
                    589
                ],
                [
                    46,
                    609
                ],
                [
                    716,
                    609
                ],
                [
                    716,
                    589
                ]
            ],
            "label": "TableRow"
        },
        {
            "index": 13,
            "bbox": [
                [
                    46,
                    561
                ],
                [
                    46,
                    587
                ],
                [
                    716,
                    587
                ],
                [
                    716,
                    561
                ]
            ],
            "label": "TableRow"
        },
        {
            "index": 14,
            "bbox": [
                [
                    46,
                    634
                ],
                [
                    46,
                    654
                ],
                [
                    716,
                    654
                ],
                [
                    716,
                    634
                ]
            ],
            "label": "TableRow"
        },
        {
            "index": 15,
            "bbox": [
                [
                    48,
                    563
                ],
                [
                    48,
                    759
                ],
                [
                    128,
                    759
                ],
                [
                    128,
                    563
                ]
            ],
            "label": "TableCol"
        },
        {
            "index": 16,
            "bbox": [
                [
                    46,
                    701
                ],
                [
                    46,
                    720
                ],
                [
                    716,
                    720
                ],
                [
                    716,
                    701
                ]
            ],
            "label": "TableRow"
        },
        {
            "index": 17,
            "bbox": [
                [
                    459,
                    563
                ],
                [
                    459,
                    759
                ],
                [
                    609,
                    759
                ],
                [
                    609,
                    563
                ]
            ],
            "label": "TableCol"
        },
        {
            "index": 18,
            "bbox": [
                [
                    611,
                    563
                ],
                [
                    611,
                    759
                ],
                [
                    714,
                    759
                ],
                [
                    714,
                    563
                ]
            ],
            "label": "TableCol"
        },
        {
            "index": 19,
            "bbox": [
                [
                    46,
                    745
                ],
                [
                    46,
                    761
                ],
                [
                    716,
                    761
                ],
                [
                    716,
                    745
                ]
            ],
            "label": "TableRow"
        },
        {
            "index": 20,
            "bbox": [
                [
                    130,
                    563
                ],
                [
                    130,
                    759
                ],
                [
                    457,
                    759
                ],
                [
                    457,
                    563
                ]
            ],
            "label": "TableCol"
        },
        {
            "index": 21,
            "bbox": [
                [
                    46,
                    679
                ],
                [
                    46,
                    699
                ],
                [
                    716,
                    699
                ],
                [
                    716,
                    679
                ]
            ],
            "label": "TableRow"
        },
        {
            "index": 22,
            "bbox": [
                [
                    46,
                    656
                ],
                [
                    46,
                    677
                ],
                [
                    716,
                    677
                ],
                [
                    716,
                    656
                ]
            ],
            "label": "TableRow"
        },
        {
            "index": 23,
            "bbox": [
                [
                    44,
                    559
                ],
                [
                    44,
                    763
                ],
                [
                    718,
                    763
                ],
                [
                    718,
                    559
                ]
            ],
            "label": "Table"
        },
        {
            "index": 24,
            "bbox": [
                [
                    44,
                    969
                ],
                [
                    44,
                    989
                ],
                [
                    607,
                    989
                ],
                [
                    607,
                    969
                ]
            ],
            "label": "TableRow"
        },
        {
            "index": 25,
            "bbox": [
                [
                    44,
                    880
                ],
                [
                    44,
                    901
                ],
                [
                    607,
                    901
                ],
                [
                    607,
                    880
                ]
            ],
            "label": "TableRow"
        },
        {
            "index": 26,
            "bbox": [
                [
                    44,
                    858
                ],
                [
                    44,
                    878
                ],
                [
                    607,
                    878
                ],
                [
                    607,
                    858
                ]
            ],
            "label": "TableRow"
        },
        {
            "index": 27,
            "bbox": [
                [
                    44,
                    829
                ],
                [
                    44,
                    856
                ],
                [
                    607,
                    856
                ],
                [
                    607,
                    829
                ]
            ],
            "label": "TableRow"
        },
        {
            "index": 28,
            "bbox": [
                [
                    46,
                    831
                ],
                [
                    46,
                    1006
                ],
                [
                    143,
                    1006
                ],
                [
                    143,
                    831
                ]
            ],
            "label": "TableCol"
        },
        {
            "index": 29,
            "bbox": [
                [
                    44,
                    948
                ],
                [
                    44,
                    967
                ],
                [
                    607,
                    967
                ],
                [
                    607,
                    948
                ]
            ],
            "label": "TableRow"
        },
        {
            "index": 30,
            "bbox": [
                [
                    430,
                    831
                ],
                [
                    430,
                    1006
                ],
                [
                    605,
                    1006
                ],
                [
                    605,
                    831
                ]
            ],
            "label": "TableCol"
        },
        {
            "index": 31,
            "bbox": [
                [
                    44,
                    991
                ],
                [
                    44,
                    1008
                ],
                [
                    607,
                    1008
                ],
                [
                    607,
                    991
                ]
            ],
            "label": "TableRow"
        },
        {
            "index": 32,
            "bbox": [
                [
                    145,
                    831
                ],
                [
                    145,
                    1006
                ],
                [
                    428,
                    1006
                ],
                [
                    428,
                    831
                ]
            ],
            "label": "TableCol"
        },
        {
            "index": 33,
            "bbox": [
                [
                    44,
                    926
                ],
                [
                    44,
                    946
                ],
                [
                    607,
                    946
                ],
                [
                    607,
                    926
                ]
            ],
            "label": "TableRow"
        },
        {
            "index": 34,
            "bbox": [
                [
                    44,
                    903
                ],
                [
                    44,
                    924
                ],
                [
                    607,
                    924
                ],
                [
                    607,
                    903
                ]
            ],
            "label": "TableRow"
        },
        {
            "index": 35,
            "bbox": [
                [
                    42,
                    827
                ],
                [
                    42,
                    1010
                ],
                [
                    609,
                    1010
                ],
                [
                    609,
                    827
                ]
            ],
            "label": "Table"
        },
        {
            "index": 36,
            "bbox": [
                [
                    45,
                    1148
                ],
                [
                    45,
                    1173
                ],
                [
                    479,
                    1173
                ],
                [
                    479,
                    1148
                ]
            ],
            "label": "TableRow"
        },
        {
            "index": 37,
            "bbox": [
                [
                    45,
                    1122
                ],
                [
                    45,
                    1146
                ],
                [
                    479,
                    1146
                ],
                [
                    479,
                    1122
                ]
            ],
            "label": "TableRow"
        },
        {
            "index": 38,
            "bbox": [
                [
                    47,
                    1101
                ],
                [
                    47,
                    1195
                ],
                [
                    156,
                    1195
                ],
                [
                    156,
                    1101
                ]
            ],
            "label": "TableCol"
        },
        {
            "index": 39,
            "bbox": [
                [
                    45,
                    1099
                ],
                [
                    45,
                    1120
                ],
                [
                    479,
                    1120
                ],
                [
                    479,
                    1099
                ]
            ],
            "label": "TableRow"
        },
        {
            "index": 40,
            "bbox": [
                [
                    158,
                    1101
                ],
                [
                    158,
                    1195
                ],
                [
                    477,
                    1195
                ],
                [
                    477,
                    1101
                ]
            ],
            "label": "TableCol"
        },
        {
            "index": 41,
            "bbox": [
                [
                    45,
                    1175
                ],
                [
                    45,
                    1197
                ],
                [
                    479,
                    1197
                ],
                [
                    479,
                    1175
                ]
            ],
            "label": "TableRow"
        },
        {
            "index": 42,
            "bbox": [
                [
                    43,
                    1097
                ],
                [
                    43,
                    1199
                ],
                [
                    481,
                    1199
                ],
                [
                    481,
                    1097
                ]
            ],
            "label": "Table"
        },
        {
            "index": 43,
            "bbox": [
                [
                    55,
                    1323
                ],
                [
                    55,
                    1346
                ],
                [
                    700,
                    1346
                ],
                [
                    700,
                    1323
                ]
            ],
            "label": "TableRow"
        },
        {
            "index": 44,
            "bbox": [
                [
                    57,
                    1301
                ],
                [
                    57,
                    1367
                ],
                [
                    145,
                    1367
                ],
                [
                    145,
                    1301
                ]
            ],
            "label": "TableCol"
        },
        {
            "index": 45,
            "bbox": [
                [
                    55,
                    1299
                ],
                [
                    55,
                    1321
                ],
                [
                    700,
                    1321
                ],
                [
                    700,
                    1299
                ]
            ],
            "label": "TableRow"
        },
        {
            "index": 46,
            "bbox": [
                [
                    414,
                    1301
                ],
                [
                    414,
                    1367
                ],
                [
                    606,
                    1367
                ],
                [
                    606,
                    1301
                ]
            ],
            "label": "TableCol"
        },
        {
            "index": 47,
            "bbox": [
                [
                    608,
                    1301
                ],
                [
                    608,
                    1367
                ],
                [
                    698,
                    1367
                ],
                [
                    698,
                    1301
                ]
            ],
            "label": "TableCol"
        },
        {
            "index": 48,
            "bbox": [
                [
                    55,
                    1348
                ],
                [
                    55,
                    1369
                ],
                [
                    700,
                    1369
                ],
                [
                    700,
                    1348
                ]
            ],
            "label": "TableRow"
        },
        {
            "index": 49,
            "bbox": [
                [
                    147,
                    1301
                ],
                [
                    147,
                    1367
                ],
                [
                    412,
                    1367
                ],
                [
                    412,
                    1301
                ]
            ],
            "label": "TableCol"
        },
        {
            "index": 50,
            "bbox": [
                [
                    53,
                    1297
                ],
                [
                    53,
                    1371
                ],
                [
                    702,
                    1371
                ],
                [
                    702,
                    1297
                ]
            ],
            "label": "Table"
        },
        {
            "index": 51,
            "bbox": [
                [
                    41,
                    1505
                ],
                [
                    41,
                    1530
                ],
                [
                    366,
                    1530
                ],
                [
                    366,
                    1505
                ]
            ],
            "label": "TableRow"
        },
        {
            "index": 52,
            "bbox": [
                [
                    41,
                    1457
                ],
                [
                    41,
                    1479
                ],
                [
                    366,
                    1479
                ],
                [
                    366,
                    1457
                ]
            ],
            "label": "TableRow"
        },
        {
            "index": 53,
            "bbox": [
                [
                    43,
                    1459
                ],
                [
                    43,
                    1550
                ],
                [
                    152,
                    1550
                ],
                [
                    152,
                    1459
                ]
            ],
            "label": "TableCol"
        },
        {
            "index": 54,
            "bbox": [
                [
                    41,
                    1481
                ],
                [
                    41,
                    1503
                ],
                [
                    366,
                    1503
                ],
                [
                    366,
                    1481
                ]
            ],
            "label": "TableRow"
        },
        {
            "index": 55,
            "bbox": [
                [
                    154,
                    1459
                ],
                [
                    154,
                    1550
                ],
                [
                    364,
                    1550
                ],
                [
                    364,
                    1459
                ]
            ],
            "label": "TableCol"
        },
        {
            "index": 56,
            "bbox": [
                [
                    41,
                    1532
                ],
                [
                    41,
                    1552
                ],
                [
                    366,
                    1552
                ],
                [
                    366,
                    1532
                ]
            ],
            "label": "TableRow"
        },
        {
            "index": 57,
            "bbox": [
                [
                    39,
                    1455
                ],
                [
                    39,
                    1554
                ],
                [
                    368,
                    1554
                ],
                [
                    368,
                    1455
                ]
            ],
            "label": "Table"
        }
    ]
}