{
    "parts": [
        {
            "reference": "ZB00001237",
            "description": [
                {
                    "section": "",
                    "text": "PUMPA BLUE LINE 4PCSM1100P-G, 5PCSM1300P-G"
                },
                {
                    "section": "",
                    "text": "self-priming pump"
                },
                {
                    "section": "",
                    "text": "BLUE LINE 4PCSM 1100P-G, 5PCSM 1300P-G"
                },
                {
                    "section": "",
                    "text": "Self-priming pump with a very high hydraulic output. Able to draw water from a depth of up to 8 meters. Suitable for water pumping and distribution in domestic installations with small and medium pressure vessels."
                },
                {
                    "section": "Application",
                    "text": "Home water supply"
                },
                {
                    "section": "Application",
                    "text": "Irrigation"
                },
                {
                    "section": "Application",
                    "text": "Also suitable for pressure vessels to be used as a pressure booster pump"
                },
                {
                    "section": "Model",
                    "description": "blue line 4PCSM1100P-G"
                },
                {
                    "section": "Model",
                    "description": "blue line 5PCSM1300P-G"
                }
            ],
            "key_value_pairs": [
                {
                    "section": "Model",
                    "property": "Maximum ambient temperature",
                    "value": "35",
                    "unit": "[\u00b0C]"
                },
                {
                    "section": "Model",
                    "property": "Maximum flow",
                    "value": "5,4",
                    "unit": "[m3/hod]"
                },
                {
                    "section": "Model",
                    "property": "Maximum discharge head",
                    "value": "48",
                    "unit": "[m]"
                },
                {
                    "section": "Model",
                    "property": "Voltage / frequency",
                    "value": "230 / 50",
                    "unit": "[V/Hz]"
                },
                {
                    "section": "Model",
                    "property": "Power",
                    "value": "1100",
                    "unit": "[W]"
                },
                {
                    "section": "Model",
                    "property": "Suction x discharge neck",
                    "value": "1\u201c x 1\u201c",
                    "unit": ""
                },
                {
                    "section": "Model",
                    "property": "Maximum fluid temperature",
                    "value": "35",
                    "unit": "[\u00b0C]"
                },
                {
                    "section": "Model",
                    "property": "Degree of protection",
                    "value": "IP X4",
                    "unit": ""
                },
                {
                    "section": "Model",
                    "property": "Insulation class",
                    "value": "130",
                    "unit": ""
                },
                {
                    "section": "Model",
                    "property": "Weight",
                    "value": "10,5",
                    "unit": "[kg]"
                },
                {
                    "section": "Model",
                    "property": "Dimension L x H x W",
                    "value": "440 \u00d7 250 x 220",
                    "unit": "[mm]"
                },
                {
                    "section": "Model",
                    "property": "Cable length",
                    "value": "1",
                    "unit": "[m]"
                },
                {
                    "section": "Model",
                    "property": "Maximum suction height",
                    "value": "8",
                    "unit": "[m]"
                }
            ]
        },
        {
            "reference": "ZB00001238",
            "description": [
                {
                    "section": "",
                    "text": "PUMPA BLUE LINE 4PCSM1100P-G, 5PCSM1300P-G"
                },
                {
                    "section": "",
                    "text": "self-priming pump"
                },
                {
                    "section": "",
                    "text": "BLUE LINE 4PCSM 1100P-G, 5PCSM 1300P-G"
                },
                {
                    "section": "",
                    "text": "Self-priming pump with a very high hydraulic output. Able to draw water from a depth of up to 8 meters. Suitable for water pumping and distribution in domestic installations with small and medium pressure vessels."
                },
                {
                    "section": "Application",
                    "text": "Home water supply"
                },
                {
                    "section": "Application",
                    "text": "Irrigation"
                },
                {
                    "section": "Application",
                    "text": "Also suitable for pressure vessels to be used as a pressure booster pump"
                },
                {
                    "section": "Model",
                    "description": "blue line 4PCSM1100P-G"
                },
                {
                    "section": "Model",
                    "description": "blue line 5PCSM1300P-G"
                }
            ],
            "key_value_pairs": [
                {
                    "section": "Model",
                    "property": "Maximum ambient temperature",
                    "value": "35",
                    "unit": "[\u00b0C]"
                },
                {
                    "section": "Model",
                    "property": "Maximum flow",
                    "value": "5,4",
                    "unit": "[m3/hod]"
                },
                {
                    "section": "Model",
                    "property": "Maximum discharge head",
                    "value": "48",
                    "unit": "[m]"
                },
                {
                    "section": "Model",
                    "property": "Voltage / frequency",
                    "value": "230 / 50",
                    "unit": "[V/Hz]"
                },
                {
                    "section": "Model",
                    "property": "Power",
                    "value": "1100",
                    "unit": "[W]"
                },
                {
                    "section": "Model",
                    "property": "Suction x discharge neck",
                    "value": "1\u201c x 1\u201c",
                    "unit": ""
                },
                {
                    "section": "Model",
                    "property": "Maximum fluid temperature",
                    "value": "35",
                    "unit": "[\u00b0C]"
                },
                {
                    "section": "Model",
                    "property": "Degree of protection",
                    "value": "IP X4",
                    "unit": ""
                },
                {
                    "section": "Model",
                    "property": "Insulation class",
                    "value": "130",
                    "unit": ""
                },
                {
                    "section": "Model",
                    "property": "Weight",
                    "value": "10,5",
                    "unit": "[kg]"
                },
                {
                    "section": "Model",
                    "property": "Dimension L x H x W",
                    "value": "440 \u00d7 250 x 220",
                    "unit": "[mm]"
                },
                {
                    "section": "Model",
                    "property": "Cable length",
                    "value": "1",
                    "unit": "[m]"
                },
                {
                    "section": "Model",
                    "property": "Maximum suction height",
                    "value": "8",
                    "unit": "[m]"
                }
            ]
        }
    ]
}