{
    "parts": [
        {
            "reference": "ZB00001030",
            "description": [
                {
                    "section": "",
                    "text": "PUMPA BLUE LINE 90QJD"
                },
                {
                    "section": "",
                    "text": "3,5\" submersible pump for boreholes"
                },
                {
                    "section": "",
                    "text": "BLUE LINE 90QJD"
                },
                {
                    "section": "",
                    "text": "The QJD series pumps have an improved design in particular in the area of the impeller and diffuser. They are designed for both deep and smaller wells."
                },
                {
                    "section": "Application",
                    "text": "For wells and boreholes"
                },
                {
                    "section": "Application",
                    "text": "For pumping clean water"
                },
                {
                    "section": "Application",
                    "text": "Irrigation, waterworks for residential and industrial"
                },
                {
                    "section": "Characteristic design features",
                    "text": "Pump and motor body, pump shaft - stainless steel AISI 304"
                },
                {
                    "section": "Characteristic design features",
                    "text": "Increased average engine lifespan"
                },
                {
                    "section": "Characteristic design features",
                    "text": "The built-in non-return valve can be easily removed and checked"
                },
                {
                    "section": "Application",
                    "description": "blue line"
                },
                {
                    "section": "Application",
                    "description": "blue line"
                },
                {
                    "section": "Application",
                    "description": "blue line 90QJD 114-0,55"
                },
                {
                    "section": "Application",
                    "description": "blue line 90QJD 114-0,55"
                },
                {
                    "section": "Application",
                    "description": "blue line 90QJD 118-0,75"
                },
                {
                    "section": "Application",
                    "description": "blue line 90QJD 118-0,75"
                },
                {
                    "section": "Application",
                    "description": "blue line"
                },
                {
                    "section": "Application",
                    "description": "blue line"
                },
                {
                    "section": "Application",
                    "description": "blue line"
                }
            ],
            "key_value_pairs": [
                {
                    "section": "Model",
                    "property": "Maximum flow",
                    "value": "2,8",
                    "unit": "[m^3/hod]"
                },
                {
                    "section": "Model",
                    "property": "Maximum discharge head",
                    "value": "50",
                    "unit": "[m]"
                },
                {
                    "section": "Model",
                    "property": "Pump diameter",
                    "value": "3,5\"",
                    "unit": ""
                },
                {
                    "section": "Model",
                    "property": "Voltage / frequency",
                    "value": "230 / 50",
                    "unit": "[V/Hz]"
                },
                {
                    "section": "Model",
                    "property": "Power",
                    "value": "370",
                    "unit": "[W]"
                },
                {
                    "section": "Model",
                    "property": "Connection",
                    "value": "5/4“",
                    "unit": ""
                },
                {
                    "section": "Model",
                    "property": "Maximum immersion depth",
                    "value": "40",
                    "unit": "[m]"
                },
                {
                    "section": "Model",
                    "property": "Maximum fluid temperature",
                    "value": "35",
                    "unit": "[°C]"
                },
                {
                    "section": "Model",
                    "property": "Degree of protection",
                    "value": "IP 68",
                    "unit": ""
                },
                {
                    "section": "Model",
                    "property": "Insulation class",
                    "value": "B",
                    "unit": ""
                },
                {
                    "section": "Model",
                    "property": "Weight",
                    "value": "10",
                    "unit": "[kg]"
                },
                {
                    "section": "Model",
                    "property": "Dimension - length",
                    "value": "870",
                    "unit": "[mm]"
                },
                {
                    "section": "Model",
                    "property": "Cable length",
                    "value": "1",
                    "unit": "[m]"
                },
                null,
                {
                    "section": "Model",
                    "property": "Maximum discharge head",
                    "value": "67",
                    "unit": "[m]"
                },
                {
                    "section": "Model",
                    "property": "Power",
                    "value": "550",
                    "unit": "[W]"
                },
                {
                    "section": "Model",
                    "property": "Weight",
                    "value": "11",
                    "unit": "[kg]"
                },
                {
                    "section": "Model",
                    "property": "Dimension - length",
                    "value": "890",
                    "unit": "[mm]"
                },
                {
                    "section": "Model",
                    "property": "Maximum discharge head",
                    "value": "78",
                    "unit": "[m]"
                },
                {
                    "section": "Model",
                    "property": "Cable length",
                    "value": "25 /",
                    "unit": "[m]"
                },
                {
                    "section": "Model",
                    "property": "Weight",
                    "value": "12",
                    "unit": "[kg]"
                },
                {
                    "section": "Model",
                    "property": "Dimension - length",
                    "value": "910",
                    "unit": "[mm]"
                },
                {
                    "section": "Model",
                    "property": "Maximum discharge head",
                    "value": "101",
                    "unit": "[m]"
                },
                {
                    "section": "Model",
                    "property": "Power",
                    "value": "750",
                    "unit": "[W]"
                },
                {
                    "section": "Model",
                    "property": "Weight",
                    "value": "13",
                    "unit": "[kg]"
                },
                {
                    "section": "Model",
                    "property": "Dimension - length",
                    "value": "1005",
                    "unit": "[mm]"
                },
                {
                    "section": "Model",
                    "property": "Maximum discharge head",
                    "value": "123",
                    "unit": "[m]"
                },
                {
                    "section": "Model",
                    "property": "Power",
                    "value": "1100",
                    "unit": "[W]"
                },
                {
                    "section": "Model",
                    "property": "Cable length",
                    "value": "30 /",
                    "unit": "[m]"
                },
                {
                    "section": "Model",
                    "property": "Weight",
                    "value": "14",
                    "unit": "[kg]"
                },
                {
                    "section": "Model",
                    "property": "Dimension - length",
                    "value": "1190",
                    "unit": "[mm]"
                },
                {
                    "section": "Model",
                    "property": "Maximum discharge head",
                    "value": "143",
                    "unit": "[m]"
                },
                {
                    "section": "Model",
                    "property": "Power",
                    "value": "1500",
                    "unit": "[W]"
                },
                {
                    "section": "Model",
                    "property": "Weight",
                    "value": "16",
                    "unit": "[kg]"
                },
                {
                    "section": "Model",
                    "property": "Dimension - length",
                    "value": "1320",
                    "unit": "[mm]"
                }
            ]
        },
        {
            "reference": "ZB00001031",
            "description": [
                {
                    "section": "",
                    "text": "PUMPA BLUE LINE 90QJD"
                },
                {
                    "section": "",
                    "text": "3,5\" submersible pump for boreholes"
                },
                {
                    "section": "",
                    "text": "BLUE LINE 90QJD"
                },
                {
                    "section": "",
                    "text": "The QJD series pumps have an improved design in particular in the area of the impeller and diffuser. They are designed for both deep and smaller wells."
                },
                {
                    "section": "Application",
                    "text": "For wells and boreholes"
                },
                {
                    "section": "Application",
                    "text": "For pumping clean water"
                },
                {
                    "section": "Application",
                    "text": "Irrigation, waterworks for residential and industrial"
                },
                {
                    "section": "Characteristic design features",
                    "text": "Pump and motor body, pump shaft - stainless steel AISI 304"
                },
                {
                    "section": "Characteristic design features",
                    "text": "Increased average engine lifespan"
                },
                {
                    "section": "Characteristic design features",
                    "text": "The built-in non-return valve can be easily removed and checked"
                },
                {
                    "section": "Application",
                    "description": "blue line"
                },
                {
                    "section": "Application",
                    "description": "blue line"
                },
                {
                    "section": "Application",
                    "description": "blue line 90QJD 114-0,55"
                },
                {
                    "section": "Application",
                    "description": "blue line 90QJD 114-0,55"
                },
                {
                    "section": "Application",
                    "description": "blue line 90QJD 118-0,75"
                },
                {
                    "section": "Application",
                    "description": "blue line 90QJD 118-0,75"
                },
                {
                    "section": "Application",
                    "description": "blue line"
                },
                {
                    "section": "Application",
                    "description": "blue line"
                },
                {
                    "section": "Application",
                    "description": "blue line"
                }
            ],
            "key_value_pairs": [
                {
                    "section": "Model",
                    "property": "Maximum flow",
                    "value": "2,8",
                    "unit": "[m^3/hod]"
                },
                {
                    "section": "Model",
                    "property": "Maximum discharge head",
                    "value": "50",
                    "unit": "[m]"
                },
                {
                    "section": "Model",
                    "property": "Pump diameter",
                    "value": "3,5\"",
                    "unit": ""
                },
                {
                    "section": "Model",
                    "property": "Voltage / frequency",
                    "value": "230 / 50",
                    "unit": "[V/Hz]"
                },
                {
                    "section": "Model",
                    "property": "Power",
                    "value": "370",
                    "unit": "[W]"
                },
                {
                    "section": "Model",
                    "property": "Connection",
                    "value": "5/4“",
                    "unit": ""
                },
                {
                    "section": "Model",
                    "property": "Maximum immersion depth",
                    "value": "40",
                    "unit": "[m]"
                },
                {
                    "section": "Model",
                    "property": "Maximum fluid temperature",
                    "value": "35",
                    "unit": "[°C]"
                },
                {
                    "section": "Model",
                    "property": "Degree of protection",
                    "value": "IP 68",
                    "unit": ""
                },
                {
                    "section": "Model",
                    "property": "Insulation class",
                    "value": "B",
                    "unit": ""
                },
                {
                    "section": "Model",
                    "property": "Weight",
                    "value": "10",
                    "unit": "[kg]"
                },
                {
                    "section": "Model",
                    "property": "Dimension - length",
                    "value": "870",
                    "unit": "[mm]"
                },
                {
                    "section": "Model",
                    "property": "Cable length",
                    "value": "1",
                    "unit": "[m]"
                },
                null,
                {
                    "section": "Model",
                    "property": "Maximum discharge head",
                    "value": "67",
                    "unit": "[m]"
                },
                {
                    "section": "Model",
                    "property": "Power",
                    "value": "550",
                    "unit": "[W]"
                },
                {
                    "section": "Model",
                    "property": "Weight",
                    "value": "11",
                    "unit": "[kg]"
                },
                {
                    "section": "Model",
                    "property": "Dimension - length",
                    "value": "890",
                    "unit": "[mm]"
                },
                {
                    "section": "Model",
                    "property": "Maximum discharge head",
                    "value": "78",
                    "unit": "[m]"
                },
                {
                    "section": "Model",
                    "property": "Cable length",
                    "value": "25 /",
                    "unit": "[m]"
                },
                {
                    "section": "Model",
                    "property": "Weight",
                    "value": "12",
                    "unit": "[kg]"
                },
                {
                    "section": "Model",
                    "property": "Dimension - length",
                    "value": "910",
                    "unit": "[mm]"
                },
                {
                    "section": "Model",
                    "property": "Maximum discharge head",
                    "value": "101",
                    "unit": "[m]"
                },
                {
                    "section": "Model",
                    "property": "Power",
                    "value": "750",
                    "unit": "[W]"
                },
                {
                    "section": "Model",
                    "property": "Weight",
                    "value": "13",
                    "unit": "[kg]"
                },
                {
                    "section": "Model",
                    "property": "Dimension - length",
                    "value": "1005",
                    "unit": "[mm]"
                },
                {
                    "section": "Model",
                    "property": "Maximum discharge head",
                    "value": "123",
                    "unit": "[m]"
                },
                {
                    "section": "Model",
                    "property": "Power",
                    "value": "1100",
                    "unit": "[W]"
                },
                {
                    "section": "Model",
                    "property": "Cable length",
                    "value": "30 /",
                    "unit": "[m]"
                },
                {
                    "section": "Model",
                    "property": "Weight",
                    "value": "14",
                    "unit": "[kg]"
                },
                {
                    "section": "Model",
                    "property": "Dimension - length",
                    "value": "1190",
                    "unit": "[mm]"
                },
                {
                    "section": "Model",
                    "property": "Maximum discharge head",
                    "value": "143",
                    "unit": "[m]"
                },
                {
                    "section": "Model",
                    "property": "Power",
                    "value": "1500",
                    "unit": "[W]"
                },
                {
                    "section": "Model",
                    "property": "Weight",
                    "value": "16",
                    "unit": "[kg]"
                },
                {
                    "section": "Model",
                    "property": "Dimension - length",
                    "value": "1320",
                    "unit": "[mm]"
                }
            ]
        },
        {
            "reference": "ZB00001032",
            "description": [
                {
                    "section": "",
                    "text": "PUMPA BLUE LINE 90QJD"
                },
                {
                    "section": "",
                    "text": "3,5\" submersible pump for boreholes"
                },
                {
                    "section": "",
                    "text": "BLUE LINE 90QJD"
                },
                {
                    "section": "",
                    "text": "The QJD series pumps have an improved design in particular in the area of the impeller and diffuser. They are designed for both deep and smaller wells."
                },
                {
                    "section": "Application",
                    "text": "For wells and boreholes"
                },
                {
                    "section": "Application",
                    "text": "For pumping clean water"
                },
                {
                    "section": "Application",
                    "text": "Irrigation, waterworks for residential and industrial"
                },
                {
                    "section": "Characteristic design features",
                    "text": "Pump and motor body, pump shaft - stainless steel AISI 304"
                },
                {
                    "section": "Characteristic design features",
                    "text": "Increased average engine lifespan"
                },
                {
                    "section": "Characteristic design features",
                    "text": "The built-in non-return valve can be easily removed and checked"
                },
                {
                    "section": "Application",
                    "description": "blue line"
                },
                {
                    "section": "Application",
                    "description": "blue line"
                },
                {
                    "section": "Application",
                    "description": "blue line 90QJD 114-0,55"
                },
                {
                    "section": "Application",
                    "description": "blue line 90QJD 114-0,55"
                },
                {
                    "section": "Application",
                    "description": "blue line 90QJD 118-0,75"
                },
                {
                    "section": "Application",
                    "description": "blue line 90QJD 118-0,75"
                },
                {
                    "section": "Application",
                    "description": "blue line"
                },
                {
                    "section": "Application",
                    "description": "blue line"
                },
                {
                    "section": "Application",
                    "description": "blue line"
                }
            ],
            "key_value_pairs": [
                {
                    "section": "Model",
                    "property": "Maximum flow",
                    "value": "2,8",
                    "unit": "[m^3/hod]"
                },
                {
                    "section": "Model",
                    "property": "Maximum discharge head",
                    "value": "50",
                    "unit": "[m]"
                },
                {
                    "section": "Model",
                    "property": "Pump diameter",
                    "value": "3,5\"",
                    "unit": ""
                },
                {
                    "section": "Model",
                    "property": "Voltage / frequency",
                    "value": "230 / 50",
                    "unit": "[V/Hz]"
                },
                {
                    "section": "Model",
                    "property": "Power",
                    "value": "370",
                    "unit": "[W]"
                },
                {
                    "section": "Model",
                    "property": "Connection",
                    "value": "5/4“",
                    "unit": ""
                },
                {
                    "section": "Model",
                    "property": "Maximum immersion depth",
                    "value": "40",
                    "unit": "[m]"
                },
                {
                    "section": "Model",
                    "property": "Maximum fluid temperature",
                    "value": "35",
                    "unit": "[°C]"
                },
                {
                    "section": "Model",
                    "property": "Degree of protection",
                    "value": "IP 68",
                    "unit": ""
                },
                {
                    "section": "Model",
                    "property": "Insulation class",
                    "value": "B",
                    "unit": ""
                },
                {
                    "section": "Model",
                    "property": "Weight",
                    "value": "10",
                    "unit": "[kg]"
                },
                {
                    "section": "Model",
                    "property": "Dimension - length",
                    "value": "870",
                    "unit": "[mm]"
                },
                {
                    "section": "Model",
                    "property": "Cable length",
                    "value": "1",
                    "unit": "[m]"
                },
                null,
                {
                    "section": "Model",
                    "property": "Maximum discharge head",
                    "value": "67",
                    "unit": "[m]"
                },
                {
                    "section": "Model",
                    "property": "Power",
                    "value": "550",
                    "unit": "[W]"
                },
                {
                    "section": "Model",
                    "property": "Weight",
                    "value": "11",
                    "unit": "[kg]"
                },
                {
                    "section": "Model",
                    "property": "Dimension - length",
                    "value": "890",
                    "unit": "[mm]"
                },
                {
                    "section": "Model",
                    "property": "Maximum discharge head",
                    "value": "78",
                    "unit": "[m]"
                },
                {
                    "section": "Model",
                    "property": "Cable length",
                    "value": "25 /",
                    "unit": "[m]"
                },
                {
                    "section": "Model",
                    "property": "Weight",
                    "value": "12",
                    "unit": "[kg]"
                },
                {
                    "section": "Model",
                    "property": "Dimension - length",
                    "value": "910",
                    "unit": "[mm]"
                },
                {
                    "section": "Model",
                    "property": "Maximum discharge head",
                    "value": "101",
                    "unit": "[m]"
                },
                {
                    "section": "Model",
                    "property": "Power",
                    "value": "750",
                    "unit": "[W]"
                },
                {
                    "section": "Model",
                    "property": "Weight",
                    "value": "13",
                    "unit": "[kg]"
                },
                {
                    "section": "Model",
                    "property": "Dimension - length",
                    "value": "1005",
                    "unit": "[mm]"
                },
                {
                    "section": "Model",
                    "property": "Maximum discharge head",
                    "value": "123",
                    "unit": "[m]"
                },
                {
                    "section": "Model",
                    "property": "Power",
                    "value": "1100",
                    "unit": "[W]"
                },
                {
                    "section": "Model",
                    "property": "Cable length",
                    "value": "30 /",
                    "unit": "[m]"
                },
                {
                    "section": "Model",
                    "property": "Weight",
                    "value": "14",
                    "unit": "[kg]"
                },
                {
                    "section": "Model",
                    "property": "Dimension - length",
                    "value": "1190",
                    "unit": "[mm]"
                },
                {
                    "section": "Model",
                    "property": "Maximum discharge head",
                    "value": "143",
                    "unit": "[m]"
                },
                {
                    "section": "Model",
                    "property": "Power",
                    "value": "1500",
                    "unit": "[W]"
                },
                {
                    "section": "Model",
                    "property": "Weight",
                    "value": "16",
                    "unit": "[kg]"
                },
                {
                    "section": "Model",
                    "property": "Dimension - length",
                    "value": "1320",
                    "unit": "[mm]"
                }
            ]
        },
        {
            "reference": "ZB00001142",
            "description": [
                {
                    "section": "",
                    "text": "PUMPA BLUE LINE 90QJD"
                },
                {
                    "section": "",
                    "text": "3,5\" submersible pump for boreholes"
                },
                {
                    "section": "",
                    "text": "BLUE LINE 90QJD"
                },
                {
                    "section": "",
                    "text": "The QJD series pumps have an improved design in particular in the area of the impeller and diffuser. They are designed for both deep and smaller wells."
                },
                {
                    "section": "Application",
                    "text": "For wells and boreholes"
                },
                {
                    "section": "Application",
                    "text": "For pumping clean water"
                },
                {
                    "section": "Application",
                    "text": "Irrigation, waterworks for residential and industrial"
                },
                {
                    "section": "Characteristic design features",
                    "text": "Pump and motor body, pump shaft - stainless steel AISI 304"
                },
                {
                    "section": "Characteristic design features",
                    "text": "Increased average engine lifespan"
                },
                {
                    "section": "Characteristic design features",
                    "text": "The built-in non-return valve can be easily removed and checked"
                },
                {
                    "section": "Application",
                    "description": "blue line"
                },
                {
                    "section": "Application",
                    "description": "blue line"
                },
                {
                    "section": "Application",
                    "description": "blue line 90QJD 114-0,55"
                },
                {
                    "section": "Application",
                    "description": "blue line 90QJD 114-0,55"
                },
                {
                    "section": "Application",
                    "description": "blue line 90QJD 118-0,75"
                },
                {
                    "section": "Application",
                    "description": "blue line 90QJD 118-0,75"
                },
                {
                    "section": "Application",
                    "description": "blue line"
                },
                {
                    "section": "Application",
                    "description": "blue line"
                },
                {
                    "section": "Application",
                    "description": "blue line"
                }
            ],
            "key_value_pairs": [
                {
                    "section": "Model",
                    "property": "Maximum flow",
                    "value": "2,8",
                    "unit": "[m^3/hod]"
                },
                {
                    "section": "Model",
                    "property": "Maximum discharge head",
                    "value": "50",
                    "unit": "[m]"
                },
                {
                    "section": "Model",
                    "property": "Pump diameter",
                    "value": "3,5\"",
                    "unit": ""
                },
                {
                    "section": "Model",
                    "property": "Voltage / frequency",
                    "value": "230 / 50",
                    "unit": "[V/Hz]"
                },
                {
                    "section": "Model",
                    "property": "Power",
                    "value": "370",
                    "unit": "[W]"
                },
                {
                    "section": "Model",
                    "property": "Connection",
                    "value": "5/4“",
                    "unit": ""
                },
                {
                    "section": "Model",
                    "property": "Maximum immersion depth",
                    "value": "40",
                    "unit": "[m]"
                },
                {
                    "section": "Model",
                    "property": "Maximum fluid temperature",
                    "value": "35",
                    "unit": "[°C]"
                },
                {
                    "section": "Model",
                    "property": "Degree of protection",
                    "value": "IP 68",
                    "unit": ""
                },
                {
                    "section": "Model",
                    "property": "Insulation class",
                    "value": "B",
                    "unit": ""
                },
                {
                    "section": "Model",
                    "property": "Weight",
                    "value": "10",
                    "unit": "[kg]"
                },
                {
                    "section": "Model",
                    "property": "Dimension - length",
                    "value": "870",
                    "unit": "[mm]"
                },
                {
                    "section": "Model",
                    "property": "Cable length",
                    "value": "1",
                    "unit": "[m]"
                },
                null,
                {
                    "section": "Model",
                    "property": "Maximum discharge head",
                    "value": "67",
                    "unit": "[m]"
                },
                {
                    "section": "Model",
                    "property": "Power",
                    "value": "550",
                    "unit": "[W]"
                },
                {
                    "section": "Model",
                    "property": "Weight",
                    "value": "11",
                    "unit": "[kg]"
                },
                {
                    "section": "Model",
                    "property": "Dimension - length",
                    "value": "890",
                    "unit": "[mm]"
                },
                {
                    "section": "Model",
                    "property": "Maximum discharge head",
                    "value": "78",
                    "unit": "[m]"
                },
                {
                    "section": "Model",
                    "property": "Cable length",
                    "value": "25 /",
                    "unit": "[m]"
                },
                {
                    "section": "Model",
                    "property": "Weight",
                    "value": "12",
                    "unit": "[kg]"
                },
                {
                    "section": "Model",
                    "property": "Dimension - length",
                    "value": "910",
                    "unit": "[mm]"
                },
                {
                    "section": "Model",
                    "property": "Maximum discharge head",
                    "value": "101",
                    "unit": "[m]"
                },
                {
                    "section": "Model",
                    "property": "Power",
                    "value": "750",
                    "unit": "[W]"
                },
                {
                    "section": "Model",
                    "property": "Weight",
                    "value": "13",
                    "unit": "[kg]"
                },
                {
                    "section": "Model",
                    "property": "Dimension - length",
                    "value": "1005",
                    "unit": "[mm]"
                },
                {
                    "section": "Model",
                    "property": "Maximum discharge head",
                    "value": "123",
                    "unit": "[m]"
                },
                {
                    "section": "Model",
                    "property": "Power",
                    "value": "1100",
                    "unit": "[W]"
                },
                {
                    "section": "Model",
                    "property": "Cable length",
                    "value": "30 /",
                    "unit": "[m]"
                },
                {
                    "section": "Model",
                    "property": "Weight",
                    "value": "14",
                    "unit": "[kg]"
                },
                {
                    "section": "Model",
                    "property": "Dimension - length",
                    "value": "1190",
                    "unit": "[mm]"
                },
                {
                    "section": "Model",
                    "property": "Maximum discharge head",
                    "value": "143",
                    "unit": "[m]"
                },
                {
                    "section": "Model",
                    "property": "Power",
                    "value": "1500",
                    "unit": "[W]"
                },
                {
                    "section": "Model",
                    "property": "Weight",
                    "value": "16",
                    "unit": "[kg]"
                },
                {
                    "section": "Model",
                    "property": "Dimension - length",
                    "value": "1320",
                    "unit": "[mm]"
                }
            ]
        },
        {
            "reference": "ZB00001033",
            "description": [
                {
                    "section": "",
                    "text": "PUMPA BLUE LINE 90QJD"
                },
                {
                    "section": "",
                    "text": "3,5\" submersible pump for boreholes"
                },
                {
                    "section": "",
                    "text": "BLUE LINE 90QJD"
                },
                {
                    "section": "",
                    "text": "The QJD series pumps have an improved design in particular in the area of the impeller and diffuser. They are designed for both deep and smaller wells."
                },
                {
                    "section": "Application",
                    "text": "For wells and boreholes"
                },
                {
                    "section": "Application",
                    "text": "For pumping clean water"
                },
                {
                    "section": "Application",
                    "text": "Irrigation, waterworks for residential and industrial"
                },
                {
                    "section": "Characteristic design features",
                    "text": "Pump and motor body, pump shaft - stainless steel AISI 304"
                },
                {
                    "section": "Characteristic design features",
                    "text": "Increased average engine lifespan"
                },
                {
                    "section": "Characteristic design features",
                    "text": "The built-in non-return valve can be easily removed and checked"
                },
                {
                    "section": "Application",
                    "description": "blue line"
                },
                {
                    "section": "Application",
                    "description": "blue line"
                },
                {
                    "section": "Application",
                    "description": "blue line 90QJD 114-0,55"
                },
                {
                    "section": "Application",
                    "description": "blue line 90QJD 114-0,55"
                },
                {
                    "section": "Application",
                    "description": "blue line 90QJD 118-0,75"
                },
                {
                    "section": "Application",
                    "description": "blue line 90QJD 118-0,75"
                },
                {
                    "section": "Application",
                    "description": "blue line"
                },
                {
                    "section": "Application",
                    "description": "blue line"
                },
                {
                    "section": "Application",
                    "description": "blue line"
                }
            ],
            "key_value_pairs": [
                {
                    "section": "Model",
                    "property": "Maximum flow",
                    "value": "2,8",
                    "unit": "[m^3/hod]"
                },
                {
                    "section": "Model",
                    "property": "Maximum discharge head",
                    "value": "50",
                    "unit": "[m]"
                },
                {
                    "section": "Model",
                    "property": "Pump diameter",
                    "value": "3,5\"",
                    "unit": ""
                },
                {
                    "section": "Model",
                    "property": "Voltage / frequency",
                    "value": "230 / 50",
                    "unit": "[V/Hz]"
                },
                {
                    "section": "Model",
                    "property": "Power",
                    "value": "370",
                    "unit": "[W]"
                },
                {
                    "section": "Model",
                    "property": "Connection",
                    "value": "5/4“",
                    "unit": ""
                },
                {
                    "section": "Model",
                    "property": "Maximum immersion depth",
                    "value": "40",
                    "unit": "[m]"
                },
                {
                    "section": "Model",
                    "property": "Maximum fluid temperature",
                    "value": "35",
                    "unit": "[°C]"
                },
                {
                    "section": "Model",
                    "property": "Degree of protection",
                    "value": "IP 68",
                    "unit": ""
                },
                {
                    "section": "Model",
                    "property": "Insulation class",
                    "value": "B",
                    "unit": ""
                },
                {
                    "section": "Model",
                    "property": "Weight",
                    "value": "10",
                    "unit": "[kg]"
                },
                {
                    "section": "Model",
                    "property": "Dimension - length",
                    "value": "870",
                    "unit": "[mm]"
                },
                {
                    "section": "Model",
                    "property": "Cable length",
                    "value": "1",
                    "unit": "[m]"
                },
                null,
                {
                    "section": "Model",
                    "property": "Maximum discharge head",
                    "value": "67",
                    "unit": "[m]"
                },
                {
                    "section": "Model",
                    "property": "Power",
                    "value": "550",
                    "unit": "[W]"
                },
                {
                    "section": "Model",
                    "property": "Weight",
                    "value": "11",
                    "unit": "[kg]"
                },
                {
                    "section": "Model",
                    "property": "Dimension - length",
                    "value": "890",
                    "unit": "[mm]"
                },
                {
                    "section": "Model",
                    "property": "Maximum discharge head",
                    "value": "78",
                    "unit": "[m]"
                },
                {
                    "section": "Model",
                    "property": "Cable length",
                    "value": "25 /",
                    "unit": "[m]"
                },
                {
                    "section": "Model",
                    "property": "Weight",
                    "value": "12",
                    "unit": "[kg]"
                },
                {
                    "section": "Model",
                    "property": "Dimension - length",
                    "value": "910",
                    "unit": "[mm]"
                },
                {
                    "section": "Model",
                    "property": "Maximum discharge head",
                    "value": "101",
                    "unit": "[m]"
                },
                {
                    "section": "Model",
                    "property": "Power",
                    "value": "750",
                    "unit": "[W]"
                },
                {
                    "section": "Model",
                    "property": "Weight",
                    "value": "13",
                    "unit": "[kg]"
                },
                {
                    "section": "Model",
                    "property": "Dimension - length",
                    "value": "1005",
                    "unit": "[mm]"
                },
                {
                    "section": "Model",
                    "property": "Maximum discharge head",
                    "value": "123",
                    "unit": "[m]"
                },
                {
                    "section": "Model",
                    "property": "Power",
                    "value": "1100",
                    "unit": "[W]"
                },
                {
                    "section": "Model",
                    "property": "Cable length",
                    "value": "30 /",
                    "unit": "[m]"
                },
                {
                    "section": "Model",
                    "property": "Weight",
                    "value": "14",
                    "unit": "[kg]"
                },
                {
                    "section": "Model",
                    "property": "Dimension - length",
                    "value": "1190",
                    "unit": "[mm]"
                },
                {
                    "section": "Model",
                    "property": "Maximum discharge head",
                    "value": "143",
                    "unit": "[m]"
                },
                {
                    "section": "Model",
                    "property": "Power",
                    "value": "1500",
                    "unit": "[W]"
                },
                {
                    "section": "Model",
                    "property": "Weight",
                    "value": "16",
                    "unit": "[kg]"
                },
                {
                    "section": "Model",
                    "property": "Dimension - length",
                    "value": "1320",
                    "unit": "[mm]"
                }
            ]
        },
        {
            "reference": "ZB00001143",
            "description": [
                {
                    "section": "",
                    "text": "PUMPA BLUE LINE 90QJD"
                },
                {
                    "section": "",
                    "text": "3,5\" submersible pump for boreholes"
                },
                {
                    "section": "",
                    "text": "BLUE LINE 90QJD"
                },
                {
                    "section": "",
                    "text": "The QJD series pumps have an improved design in particular in the area of the impeller and diffuser. They are designed for both deep and smaller wells."
                },
                {
                    "section": "Application",
                    "text": "For wells and boreholes"
                },
                {
                    "section": "Application",
                    "text": "For pumping clean water"
                },
                {
                    "section": "Application",
                    "text": "Irrigation, waterworks for residential and industrial"
                },
                {
                    "section": "Characteristic design features",
                    "text": "Pump and motor body, pump shaft - stainless steel AISI 304"
                },
                {
                    "section": "Characteristic design features",
                    "text": "Increased average engine lifespan"
                },
                {
                    "section": "Characteristic design features",
                    "text": "The built-in non-return valve can be easily removed and checked"
                },
                {
                    "section": "Application",
                    "description": "blue line"
                },
                {
                    "section": "Application",
                    "description": "blue line"
                },
                {
                    "section": "Application",
                    "description": "blue line 90QJD 114-0,55"
                },
                {
                    "section": "Application",
                    "description": "blue line 90QJD 114-0,55"
                },
                {
                    "section": "Application",
                    "description": "blue line 90QJD 118-0,75"
                },
                {
                    "section": "Application",
                    "description": "blue line 90QJD 118-0,75"
                },
                {
                    "section": "Application",
                    "description": "blue line"
                },
                {
                    "section": "Application",
                    "description": "blue line"
                },
                {
                    "section": "Application",
                    "description": "blue line"
                }
            ],
            "key_value_pairs": [
                {
                    "section": "Model",
                    "property": "Maximum flow",
                    "value": "2,8",
                    "unit": "[m^3/hod]"
                },
                {
                    "section": "Model",
                    "property": "Maximum discharge head",
                    "value": "50",
                    "unit": "[m]"
                },
                {
                    "section": "Model",
                    "property": "Pump diameter",
                    "value": "3,5\"",
                    "unit": ""
                },
                {
                    "section": "Model",
                    "property": "Voltage / frequency",
                    "value": "230 / 50",
                    "unit": "[V/Hz]"
                },
                {
                    "section": "Model",
                    "property": "Power",
                    "value": "370",
                    "unit": "[W]"
                },
                {
                    "section": "Model",
                    "property": "Connection",
                    "value": "5/4“",
                    "unit": ""
                },
                {
                    "section": "Model",
                    "property": "Maximum immersion depth",
                    "value": "40",
                    "unit": "[m]"
                },
                {
                    "section": "Model",
                    "property": "Maximum fluid temperature",
                    "value": "35",
                    "unit": "[°C]"
                },
                {
                    "section": "Model",
                    "property": "Degree of protection",
                    "value": "IP 68",
                    "unit": ""
                },
                {
                    "section": "Model",
                    "property": "Insulation class",
                    "value": "B",
                    "unit": ""
                },
                {
                    "section": "Model",
                    "property": "Weight",
                    "value": "10",
                    "unit": "[kg]"
                },
                {
                    "section": "Model",
                    "property": "Dimension - length",
                    "value": "870",
                    "unit": "[mm]"
                },
                {
                    "section": "Model",
                    "property": "Cable length",
                    "value": "1",
                    "unit": "[m]"
                },
                null,
                {
                    "section": "Model",
                    "property": "Maximum discharge head",
                    "value": "67",
                    "unit": "[m]"
                },
                {
                    "section": "Model",
                    "property": "Power",
                    "value": "550",
                    "unit": "[W]"
                },
                {
                    "section": "Model",
                    "property": "Weight",
                    "value": "11",
                    "unit": "[kg]"
                },
                {
                    "section": "Model",
                    "property": "Dimension - length",
                    "value": "890",
                    "unit": "[mm]"
                },
                {
                    "section": "Model",
                    "property": "Maximum discharge head",
                    "value": "78",
                    "unit": "[m]"
                },
                {
                    "section": "Model",
                    "property": "Cable length",
                    "value": "25 /",
                    "unit": "[m]"
                },
                {
                    "section": "Model",
                    "property": "Weight",
                    "value": "12",
                    "unit": "[kg]"
                },
                {
                    "section": "Model",
                    "property": "Dimension - length",
                    "value": "910",
                    "unit": "[mm]"
                },
                {
                    "section": "Model",
                    "property": "Maximum discharge head",
                    "value": "101",
                    "unit": "[m]"
                },
                {
                    "section": "Model",
                    "property": "Power",
                    "value": "750",
                    "unit": "[W]"
                },
                {
                    "section": "Model",
                    "property": "Weight",
                    "value": "13",
                    "unit": "[kg]"
                },
                {
                    "section": "Model",
                    "property": "Dimension - length",
                    "value": "1005",
                    "unit": "[mm]"
                },
                {
                    "section": "Model",
                    "property": "Maximum discharge head",
                    "value": "123",
                    "unit": "[m]"
                },
                {
                    "section": "Model",
                    "property": "Power",
                    "value": "1100",
                    "unit": "[W]"
                },
                {
                    "section": "Model",
                    "property": "Cable length",
                    "value": "30 /",
                    "unit": "[m]"
                },
                {
                    "section": "Model",
                    "property": "Weight",
                    "value": "14",
                    "unit": "[kg]"
                },
                {
                    "section": "Model",
                    "property": "Dimension - length",
                    "value": "1190",
                    "unit": "[mm]"
                },
                {
                    "section": "Model",
                    "property": "Maximum discharge head",
                    "value": "143",
                    "unit": "[m]"
                },
                {
                    "section": "Model",
                    "property": "Power",
                    "value": "1500",
                    "unit": "[W]"
                },
                {
                    "section": "Model",
                    "property": "Weight",
                    "value": "16",
                    "unit": "[kg]"
                },
                {
                    "section": "Model",
                    "property": "Dimension - length",
                    "value": "1320",
                    "unit": "[mm]"
                }
            ]
        },
        {
            "reference": "ZB00001034",
            "description": [
                {
                    "section": "",
                    "text": "PUMPA BLUE LINE 90QJD"
                },
                {
                    "section": "",
                    "text": "3,5\" submersible pump for boreholes"
                },
                {
                    "section": "",
                    "text": "BLUE LINE 90QJD"
                },
                {
                    "section": "",
                    "text": "The QJD series pumps have an improved design in particular in the area of the impeller and diffuser. They are designed for both deep and smaller wells."
                },
                {
                    "section": "Application",
                    "text": "For wells and boreholes"
                },
                {
                    "section": "Application",
                    "text": "For pumping clean water"
                },
                {
                    "section": "Application",
                    "text": "Irrigation, waterworks for residential and industrial"
                },
                {
                    "section": "Characteristic design features",
                    "text": "Pump and motor body, pump shaft - stainless steel AISI 304"
                },
                {
                    "section": "Characteristic design features",
                    "text": "Increased average engine lifespan"
                },
                {
                    "section": "Characteristic design features",
                    "text": "The built-in non-return valve can be easily removed and checked"
                },
                {
                    "section": "Application",
                    "description": "blue line"
                },
                {
                    "section": "Application",
                    "description": "blue line"
                },
                {
                    "section": "Application",
                    "description": "blue line 90QJD 114-0,55"
                },
                {
                    "section": "Application",
                    "description": "blue line 90QJD 114-0,55"
                },
                {
                    "section": "Application",
                    "description": "blue line 90QJD 118-0,75"
                },
                {
                    "section": "Application",
                    "description": "blue line 90QJD 118-0,75"
                },
                {
                    "section": "Application",
                    "description": "blue line"
                },
                {
                    "section": "Application",
                    "description": "blue line"
                },
                {
                    "section": "Application",
                    "description": "blue line"
                }
            ],
            "key_value_pairs": [
                {
                    "section": "Model",
                    "property": "Maximum flow",
                    "value": "2,8",
                    "unit": "[m^3/hod]"
                },
                {
                    "section": "Model",
                    "property": "Maximum discharge head",
                    "value": "50",
                    "unit": "[m]"
                },
                {
                    "section": "Model",
                    "property": "Pump diameter",
                    "value": "3,5\"",
                    "unit": ""
                },
                {
                    "section": "Model",
                    "property": "Voltage / frequency",
                    "value": "230 / 50",
                    "unit": "[V/Hz]"
                },
                {
                    "section": "Model",
                    "property": "Power",
                    "value": "370",
                    "unit": "[W]"
                },
                {
                    "section": "Model",
                    "property": "Connection",
                    "value": "5/4“",
                    "unit": ""
                },
                {
                    "section": "Model",
                    "property": "Maximum immersion depth",
                    "value": "40",
                    "unit": "[m]"
                },
                {
                    "section": "Model",
                    "property": "Maximum fluid temperature",
                    "value": "35",
                    "unit": "[°C]"
                },
                {
                    "section": "Model",
                    "property": "Degree of protection",
                    "value": "IP 68",
                    "unit": ""
                },
                {
                    "section": "Model",
                    "property": "Insulation class",
                    "value": "B",
                    "unit": ""
                },
                {
                    "section": "Model",
                    "property": "Weight",
                    "value": "10",
                    "unit": "[kg]"
                },
                {
                    "section": "Model",
                    "property": "Dimension - length",
                    "value": "870",
                    "unit": "[mm]"
                },
                {
                    "section": "Model",
                    "property": "Cable length",
                    "value": "1",
                    "unit": "[m]"
                },
                null,
                {
                    "section": "Model",
                    "property": "Maximum discharge head",
                    "value": "67",
                    "unit": "[m]"
                },
                {
                    "section": "Model",
                    "property": "Power",
                    "value": "550",
                    "unit": "[W]"
                },
                {
                    "section": "Model",
                    "property": "Weight",
                    "value": "11",
                    "unit": "[kg]"
                },
                {
                    "section": "Model",
                    "property": "Dimension - length",
                    "value": "890",
                    "unit": "[mm]"
                },
                {
                    "section": "Model",
                    "property": "Maximum discharge head",
                    "value": "78",
                    "unit": "[m]"
                },
                {
                    "section": "Model",
                    "property": "Cable length",
                    "value": "25 /",
                    "unit": "[m]"
                },
                {
                    "section": "Model",
                    "property": "Weight",
                    "value": "12",
                    "unit": "[kg]"
                },
                {
                    "section": "Model",
                    "property": "Dimension - length",
                    "value": "910",
                    "unit": "[mm]"
                },
                {
                    "section": "Model",
                    "property": "Maximum discharge head",
                    "value": "101",
                    "unit": "[m]"
                },
                {
                    "section": "Model",
                    "property": "Power",
                    "value": "750",
                    "unit": "[W]"
                },
                {
                    "section": "Model",
                    "property": "Weight",
                    "value": "13",
                    "unit": "[kg]"
                },
                {
                    "section": "Model",
                    "property": "Dimension - length",
                    "value": "1005",
                    "unit": "[mm]"
                },
                {
                    "section": "Model",
                    "property": "Maximum discharge head",
                    "value": "123",
                    "unit": "[m]"
                },
                {
                    "section": "Model",
                    "property": "Power",
                    "value": "1100",
                    "unit": "[W]"
                },
                {
                    "section": "Model",
                    "property": "Cable length",
                    "value": "30 /",
                    "unit": "[m]"
                },
                {
                    "section": "Model",
                    "property": "Weight",
                    "value": "14",
                    "unit": "[kg]"
                },
                {
                    "section": "Model",
                    "property": "Dimension - length",
                    "value": "1190",
                    "unit": "[mm]"
                },
                {
                    "section": "Model",
                    "property": "Maximum discharge head",
                    "value": "143",
                    "unit": "[m]"
                },
                {
                    "section": "Model",
                    "property": "Power",
                    "value": "1500",
                    "unit": "[W]"
                },
                {
                    "section": "Model",
                    "property": "Weight",
                    "value": "16",
                    "unit": "[kg]"
                },
                {
                    "section": "Model",
                    "property": "Dimension - length",
                    "value": "1320",
                    "unit": "[mm]"
                }
            ]
        },
        {
            "reference": "ZB00001147",
            "description": [
                {
                    "section": "",
                    "text": "PUMPA BLUE LINE 90QJD"
                },
                {
                    "section": "",
                    "text": "3,5\" submersible pump for boreholes"
                },
                {
                    "section": "",
                    "text": "BLUE LINE 90QJD"
                },
                {
                    "section": "",
                    "text": "The QJD series pumps have an improved design in particular in the area of the impeller and diffuser. They are designed for both deep and smaller wells."
                },
                {
                    "section": "Application",
                    "text": "For wells and boreholes"
                },
                {
                    "section": "Application",
                    "text": "For pumping clean water"
                },
                {
                    "section": "Application",
                    "text": "Irrigation, waterworks for residential and industrial"
                },
                {
                    "section": "Characteristic design features",
                    "text": "Pump and motor body, pump shaft - stainless steel AISI 304"
                },
                {
                    "section": "Characteristic design features",
                    "text": "Increased average engine lifespan"
                },
                {
                    "section": "Characteristic design features",
                    "text": "The built-in non-return valve can be easily removed and checked"
                },
                {
                    "section": "Application",
                    "description": "blue line"
                },
                {
                    "section": "Application",
                    "description": "blue line"
                },
                {
                    "section": "Application",
                    "description": "blue line 90QJD 114-0,55"
                },
                {
                    "section": "Application",
                    "description": "blue line 90QJD 114-0,55"
                },
                {
                    "section": "Application",
                    "description": "blue line 90QJD 118-0,75"
                },
                {
                    "section": "Application",
                    "description": "blue line 90QJD 118-0,75"
                },
                {
                    "section": "Application",
                    "description": "blue line"
                },
                {
                    "section": "Application",
                    "description": "blue line"
                },
                {
                    "section": "Application",
                    "description": "blue line"
                }
            ],
            "key_value_pairs": [
                {
                    "section": "Model",
                    "property": "Maximum flow",
                    "value": "2,8",
                    "unit": "[m^3/hod]"
                },
                {
                    "section": "Model",
                    "property": "Maximum discharge head",
                    "value": "50",
                    "unit": "[m]"
                },
                {
                    "section": "Model",
                    "property": "Pump diameter",
                    "value": "3,5\"",
                    "unit": ""
                },
                {
                    "section": "Model",
                    "property": "Voltage / frequency",
                    "value": "230 / 50",
                    "unit": "[V/Hz]"
                },
                {
                    "section": "Model",
                    "property": "Power",
                    "value": "370",
                    "unit": "[W]"
                },
                {
                    "section": "Model",
                    "property": "Connection",
                    "value": "5/4“",
                    "unit": ""
                },
                {
                    "section": "Model",
                    "property": "Maximum immersion depth",
                    "value": "40",
                    "unit": "[m]"
                },
                {
                    "section": "Model",
                    "property": "Maximum fluid temperature",
                    "value": "35",
                    "unit": "[°C]"
                },
                {
                    "section": "Model",
                    "property": "Degree of protection",
                    "value": "IP 68",
                    "unit": ""
                },
                {
                    "section": "Model",
                    "property": "Insulation class",
                    "value": "B",
                    "unit": ""
                },
                {
                    "section": "Model",
                    "property": "Weight",
                    "value": "10",
                    "unit": "[kg]"
                },
                {
                    "section": "Model",
                    "property": "Dimension - length",
                    "value": "870",
                    "unit": "[mm]"
                },
                {
                    "section": "Model",
                    "property": "Cable length",
                    "value": "1",
                    "unit": "[m]"
                },
                null,
                {
                    "section": "Model",
                    "property": "Maximum discharge head",
                    "value": "67",
                    "unit": "[m]"
                },
                {
                    "section": "Model",
                    "property": "Power",
                    "value": "550",
                    "unit": "[W]"
                },
                {
                    "section": "Model",
                    "property": "Weight",
                    "value": "11",
                    "unit": "[kg]"
                },
                {
                    "section": "Model",
                    "property": "Dimension - length",
                    "value": "890",
                    "unit": "[mm]"
                },
                {
                    "section": "Model",
                    "property": "Maximum discharge head",
                    "value": "78",
                    "unit": "[m]"
                },
                {
                    "section": "Model",
                    "property": "Cable length",
                    "value": "25 /",
                    "unit": "[m]"
                },
                {
                    "section": "Model",
                    "property": "Weight",
                    "value": "12",
                    "unit": "[kg]"
                },
                {
                    "section": "Model",
                    "property": "Dimension - length",
                    "value": "910",
                    "unit": "[mm]"
                },
                {
                    "section": "Model",
                    "property": "Maximum discharge head",
                    "value": "101",
                    "unit": "[m]"
                },
                {
                    "section": "Model",
                    "property": "Power",
                    "value": "750",
                    "unit": "[W]"
                },
                {
                    "section": "Model",
                    "property": "Weight",
                    "value": "13",
                    "unit": "[kg]"
                },
                {
                    "section": "Model",
                    "property": "Dimension - length",
                    "value": "1005",
                    "unit": "[mm]"
                },
                {
                    "section": "Model",
                    "property": "Maximum discharge head",
                    "value": "123",
                    "unit": "[m]"
                },
                {
                    "section": "Model",
                    "property": "Power",
                    "value": "1100",
                    "unit": "[W]"
                },
                {
                    "section": "Model",
                    "property": "Cable length",
                    "value": "30 /",
                    "unit": "[m]"
                },
                {
                    "section": "Model",
                    "property": "Weight",
                    "value": "14",
                    "unit": "[kg]"
                },
                {
                    "section": "Model",
                    "property": "Dimension - length",
                    "value": "1190",
                    "unit": "[mm]"
                },
                {
                    "section": "Model",
                    "property": "Maximum discharge head",
                    "value": "143",
                    "unit": "[m]"
                },
                {
                    "section": "Model",
                    "property": "Power",
                    "value": "1500",
                    "unit": "[W]"
                },
                {
                    "section": "Model",
                    "property": "Weight",
                    "value": "16",
                    "unit": "[kg]"
                },
                {
                    "section": "Model",
                    "property": "Dimension - length",
                    "value": "1320",
                    "unit": "[mm]"
                }
            ]
        },
        {
            "reference": "ZB00001035",
            "description": [
                {
                    "section": "",
                    "text": "PUMPA BLUE LINE 90QJD"
                },
                {
                    "section": "",
                    "text": "3,5\" submersible pump for boreholes"
                },
                {
                    "section": "",
                    "text": "BLUE LINE 90QJD"
                },
                {
                    "section": "",
                    "text": "The QJD series pumps have an improved design in particular in the area of the impeller and diffuser. They are designed for both deep and smaller wells."
                },
                {
                    "section": "Application",
                    "text": "For wells and boreholes"
                },
                {
                    "section": "Application",
                    "text": "For pumping clean water"
                },
                {
                    "section": "Application",
                    "text": "Irrigation, waterworks for residential and industrial"
                },
                {
                    "section": "Characteristic design features",
                    "text": "Pump and motor body, pump shaft - stainless steel AISI 304"
                },
                {
                    "section": "Characteristic design features",
                    "text": "Increased average engine lifespan"
                },
                {
                    "section": "Characteristic design features",
                    "text": "The built-in non-return valve can be easily removed and checked"
                },
                {
                    "section": "Application",
                    "description": "blue line"
                },
                {
                    "section": "Application",
                    "description": "blue line"
                },
                {
                    "section": "Application",
                    "description": "blue line 90QJD 114-0,55"
                },
                {
                    "section": "Application",
                    "description": "blue line 90QJD 114-0,55"
                },
                {
                    "section": "Application",
                    "description": "blue line 90QJD 118-0,75"
                },
                {
                    "section": "Application",
                    "description": "blue line 90QJD 118-0,75"
                },
                {
                    "section": "Application",
                    "description": "blue line"
                },
                {
                    "section": "Application",
                    "description": "blue line"
                },
                {
                    "section": "Application",
                    "description": "blue line"
                }
            ],
            "key_value_pairs": [
                {
                    "section": "Model",
                    "property": "Maximum flow",
                    "value": "2,8",
                    "unit": "[m^3/hod]"
                },
                {
                    "section": "Model",
                    "property": "Maximum discharge head",
                    "value": "50",
                    "unit": "[m]"
                },
                {
                    "section": "Model",
                    "property": "Pump diameter",
                    "value": "3,5\"",
                    "unit": ""
                },
                {
                    "section": "Model",
                    "property": "Voltage / frequency",
                    "value": "230 / 50",
                    "unit": "[V/Hz]"
                },
                {
                    "section": "Model",
                    "property": "Power",
                    "value": "370",
                    "unit": "[W]"
                },
                {
                    "section": "Model",
                    "property": "Connection",
                    "value": "5/4“",
                    "unit": ""
                },
                {
                    "section": "Model",
                    "property": "Maximum immersion depth",
                    "value": "40",
                    "unit": "[m]"
                },
                {
                    "section": "Model",
                    "property": "Maximum fluid temperature",
                    "value": "35",
                    "unit": "[°C]"
                },
                {
                    "section": "Model",
                    "property": "Degree of protection",
                    "value": "IP 68",
                    "unit": ""
                },
                {
                    "section": "Model",
                    "property": "Insulation class",
                    "value": "B",
                    "unit": ""
                },
                {
                    "section": "Model",
                    "property": "Weight",
                    "value": "10",
                    "unit": "[kg]"
                },
                {
                    "section": "Model",
                    "property": "Dimension - length",
                    "value": "870",
                    "unit": "[mm]"
                },
                {
                    "section": "Model",
                    "property": "Cable length",
                    "value": "1",
                    "unit": "[m]"
                },
                null,
                {
                    "section": "Model",
                    "property": "Maximum discharge head",
                    "value": "67",
                    "unit": "[m]"
                },
                {
                    "section": "Model",
                    "property": "Power",
                    "value": "550",
                    "unit": "[W]"
                },
                {
                    "section": "Model",
                    "property": "Weight",
                    "value": "11",
                    "unit": "[kg]"
                },
                {
                    "section": "Model",
                    "property": "Dimension - length",
                    "value": "890",
                    "unit": "[mm]"
                },
                {
                    "section": "Model",
                    "property": "Maximum discharge head",
                    "value": "78",
                    "unit": "[m]"
                },
                {
                    "section": "Model",
                    "property": "Cable length",
                    "value": "25 /",
                    "unit": "[m]"
                },
                {
                    "section": "Model",
                    "property": "Weight",
                    "value": "12",
                    "unit": "[kg]"
                },
                {
                    "section": "Model",
                    "property": "Dimension - length",
                    "value": "910",
                    "unit": "[mm]"
                },
                {
                    "section": "Model",
                    "property": "Maximum discharge head",
                    "value": "101",
                    "unit": "[m]"
                },
                {
                    "section": "Model",
                    "property": "Power",
                    "value": "750",
                    "unit": "[W]"
                },
                {
                    "section": "Model",
                    "property": "Weight",
                    "value": "13",
                    "unit": "[kg]"
                },
                {
                    "section": "Model",
                    "property": "Dimension - length",
                    "value": "1005",
                    "unit": "[mm]"
                },
                {
                    "section": "Model",
                    "property": "Maximum discharge head",
                    "value": "123",
                    "unit": "[m]"
                },
                {
                    "section": "Model",
                    "property": "Power",
                    "value": "1100",
                    "unit": "[W]"
                },
                {
                    "section": "Model",
                    "property": "Cable length",
                    "value": "30 /",
                    "unit": "[m]"
                },
                {
                    "section": "Model",
                    "property": "Weight",
                    "value": "14",
                    "unit": "[kg]"
                },
                {
                    "section": "Model",
                    "property": "Dimension - length",
                    "value": "1190",
                    "unit": "[mm]"
                },
                {
                    "section": "Model",
                    "property": "Maximum discharge head",
                    "value": "143",
                    "unit": "[m]"
                },
                {
                    "section": "Model",
                    "property": "Power",
                    "value": "1500",
                    "unit": "[W]"
                },
                {
                    "section": "Model",
                    "property": "Weight",
                    "value": "16",
                    "unit": "[kg]"
                },
                {
                    "section": "Model",
                    "property": "Dimension - length",
                    "value": "1320",
                    "unit": "[mm]"
                }
            ]
        }
    ]
}