{
    "parts": [
        {
            "reference": "ZB00061550",
            "description": [
                {
                    "section": "",
                    "text": "PUMPA BLUE LINE PXSM 3xx(F)"
                },
                {
                    "section": "",
                    "text": "5\" submersible pump"
                },
                {
                    "section": "",
                    "text": "BLUE LINE PXSM 3xx(F)"
                },
                {
                    "section": "",
                    "text": "Submersible 5\" pump for wells, tanks, ideal for immersion in IBC containers. Designed for supplying homes and lodges or garden irrigation with clean water."
                },
                {
                    "section": "Application",
                    "text": "Pumping clean water from wells and tanks"
                },
                {
                    "section": "Application",
                    "text": "Pumping clean water from IBC containers"
                },
                {
                    "section": "Application",
                    "text": "The pump can be used alone or with a pressure vessel as a pressure booster pump"
                },
                {
                    "section": "Characteristic design features",
                    "text": "Rewindable motor"
                },
                {
                    "section": "Characteristic design features",
                    "text": "Switch box and float switch (F) included"
                },
                {
                    "section": "Model",
                    "description": "blue line PXSM304F"
                },
                {
                    "section": "Model",
                    "description": "blue line PXSM305F"
                },
                {
                    "section": "Model",
                    "description": "blue line PXSM306F"
                },
                {
                    "section": "Model",
                    "description": "blue line PXSM307F"
                }
            ],
            "key_value_pairs": [
                {
                    "section": "Model",
                    "property": "Maximum head",
                    "value": "45",
                    "unit": "[m]"
                },
                {
                    "section": "Model",
                    "property": "Pump diameter",
                    "value": "5\"",
                    "unit": ""
                },
                {
                    "section": "Model",
                    "property": "Voltage/frequency",
                    "value": "230 / 50",
                    "unit": "[V/Hz]"
                },
                {
                    "section": "Model",
                    "property": "Power",
                    "value": "600",
                    "unit": "[W]"
                },
                {
                    "section": "Model",
                    "property": "Connection",
                    "value": "5/4\"",
                    "unit": ""
                },
                {
                    "section": "Model",
                    "property": "Maximum immersion depth",
                    "value": "50",
                    "unit": "[m]"
                },
                {
                    "section": "Model",
                    "property": "Sand content",
                    "value": "0,15",
                    "unit": "[%]"
                },
                {
                    "section": "Model",
                    "property": "Maximum liquid temperature",
                    "value": "40",
                    "unit": "[°C]"
                },
                {
                    "section": "Model",
                    "property": "Cable length",
                    "value": "20",
                    "unit": "[m]"
                },
                {
                    "section": "Model",
                    "property": "Protection",
                    "value": "IP 68",
                    "unit": ""
                },
                {
                    "section": "Model",
                    "property": "Weight",
                    "value": "18,1",
                    "unit": "[kg]"
                },
                {
                    "section": "Model",
                    "property": "Dimension - length",
                    "value": "943",
                    "unit": "[mm]"
                },
                {
                    "section": "Model",
                    "property": "Maximum flow [m^3/hod] [m",
                    "value": "5",
                    "unit": "]"
                },
                {
                    "section": "Model",
                    "property": "Insulation",
                    "value": "B",
                    "unit": "class"
                },
                null,
                {
                    "section": "Model",
                    "property": "Maximum head",
                    "value": "56",
                    "unit": "[m]"
                },
                {
                    "section": "Model",
                    "property": "Power",
                    "value": "750",
                    "unit": "[W]"
                },
                {
                    "section": "Model",
                    "property": "Weight",
                    "value": "20",
                    "unit": "[kg]"
                },
                {
                    "section": "Model",
                    "property": "Dimension - length",
                    "value": "968",
                    "unit": "[mm]"
                },
                {
                    "section": "Model",
                    "property": "Maximum head",
                    "value": "67",
                    "unit": "[m]"
                },
                {
                    "section": "Model",
                    "property": "Power",
                    "value": "900",
                    "unit": "[W]"
                },
                {
                    "section": "Model",
                    "property": "Weight",
                    "value": "22,5",
                    "unit": "[kg]"
                },
                {
                    "section": "Model",
                    "property": "Dimension - length",
                    "value": "1023",
                    "unit": "[mm]"
                },
                {
                    "section": "Model",
                    "property": "Maximum head",
                    "value": "84",
                    "unit": "[m]"
                },
                {
                    "section": "Model",
                    "property": "Power",
                    "value": "1100",
                    "unit": "[W]"
                },
                {
                    "section": "Model",
                    "property": "Weight",
                    "value": "25,5",
                    "unit": "[kg]"
                },
                {
                    "section": "Model",
                    "property": "Dimension - length",
                    "value": "1043",
                    "unit": "[mm]"
                }
            ]
        },
        {
            "reference": "ZB00061551",
            "description": [
                {
                    "section": "",
                    "text": "PUMPA BLUE LINE PXSM 3xx(F)"
                },
                {
                    "section": "",
                    "text": "5\" submersible pump"
                },
                {
                    "section": "",
                    "text": "BLUE LINE PXSM 3xx(F)"
                },
                {
                    "section": "",
                    "text": "Submersible 5\" pump for wells, tanks, ideal for immersion in IBC containers. Designed for supplying homes and lodges or garden irrigation with clean water."
                },
                {
                    "section": "Application",
                    "text": "Pumping clean water from wells and tanks"
                },
                {
                    "section": "Application",
                    "text": "Pumping clean water from IBC containers"
                },
                {
                    "section": "Application",
                    "text": "The pump can be used alone or with a pressure vessel as a pressure booster pump"
                },
                {
                    "section": "Characteristic design features",
                    "text": "Rewindable motor"
                },
                {
                    "section": "Characteristic design features",
                    "text": "Switch box and float switch (F) included"
                },
                {
                    "section": "Model",
                    "description": "blue line PXSM304F"
                },
                {
                    "section": "Model",
                    "description": "blue line PXSM305F"
                },
                {
                    "section": "Model",
                    "description": "blue line PXSM306F"
                },
                {
                    "section": "Model",
                    "description": "blue line PXSM307F"
                }
            ],
            "key_value_pairs": [
                {
                    "section": "Model",
                    "property": "Maximum head",
                    "value": "45",
                    "unit": "[m]"
                },
                {
                    "section": "Model",
                    "property": "Pump diameter",
                    "value": "5\"",
                    "unit": ""
                },
                {
                    "section": "Model",
                    "property": "Voltage/frequency",
                    "value": "230 / 50",
                    "unit": "[V/Hz]"
                },
                {
                    "section": "Model",
                    "property": "Power",
                    "value": "600",
                    "unit": "[W]"
                },
                {
                    "section": "Model",
                    "property": "Connection",
                    "value": "5/4\"",
                    "unit": ""
                },
                {
                    "section": "Model",
                    "property": "Maximum immersion depth",
                    "value": "50",
                    "unit": "[m]"
                },
                {
                    "section": "Model",
                    "property": "Sand content",
                    "value": "0,15",
                    "unit": "[%]"
                },
                {
                    "section": "Model",
                    "property": "Maximum liquid temperature",
                    "value": "40",
                    "unit": "[°C]"
                },
                {
                    "section": "Model",
                    "property": "Cable length",
                    "value": "20",
                    "unit": "[m]"
                },
                {
                    "section": "Model",
                    "property": "Protection",
                    "value": "IP 68",
                    "unit": ""
                },
                {
                    "section": "Model",
                    "property": "Weight",
                    "value": "18,1",
                    "unit": "[kg]"
                },
                {
                    "section": "Model",
                    "property": "Dimension - length",
                    "value": "943",
                    "unit": "[mm]"
                },
                {
                    "section": "Model",
                    "property": "Maximum flow [m^3/hod] [m",
                    "value": "5",
                    "unit": "]"
                },
                {
                    "section": "Model",
                    "property": "Insulation",
                    "value": "B",
                    "unit": "class"
                },
                null,
                {
                    "section": "Model",
                    "property": "Maximum head",
                    "value": "56",
                    "unit": "[m]"
                },
                {
                    "section": "Model",
                    "property": "Power",
                    "value": "750",
                    "unit": "[W]"
                },
                {
                    "section": "Model",
                    "property": "Weight",
                    "value": "20",
                    "unit": "[kg]"
                },
                {
                    "section": "Model",
                    "property": "Dimension - length",
                    "value": "968",
                    "unit": "[mm]"
                },
                {
                    "section": "Model",
                    "property": "Maximum head",
                    "value": "67",
                    "unit": "[m]"
                },
                {
                    "section": "Model",
                    "property": "Power",
                    "value": "900",
                    "unit": "[W]"
                },
                {
                    "section": "Model",
                    "property": "Weight",
                    "value": "22,5",
                    "unit": "[kg]"
                },
                {
                    "section": "Model",
                    "property": "Dimension - length",
                    "value": "1023",
                    "unit": "[mm]"
                },
                {
                    "section": "Model",
                    "property": "Maximum head",
                    "value": "84",
                    "unit": "[m]"
                },
                {
                    "section": "Model",
                    "property": "Power",
                    "value": "1100",
                    "unit": "[W]"
                },
                {
                    "section": "Model",
                    "property": "Weight",
                    "value": "25,5",
                    "unit": "[kg]"
                },
                {
                    "section": "Model",
                    "property": "Dimension - length",
                    "value": "1043",
                    "unit": "[mm]"
                }
            ]
        },
        {
            "reference": "ZB00061552",
            "description": [
                {
                    "section": "",
                    "text": "PUMPA BLUE LINE PXSM 3xx(F)"
                },
                {
                    "section": "",
                    "text": "5\" submersible pump"
                },
                {
                    "section": "",
                    "text": "BLUE LINE PXSM 3xx(F)"
                },
                {
                    "section": "",
                    "text": "Submersible 5\" pump for wells, tanks, ideal for immersion in IBC containers. Designed for supplying homes and lodges or garden irrigation with clean water."
                },
                {
                    "section": "Application",
                    "text": "Pumping clean water from wells and tanks"
                },
                {
                    "section": "Application",
                    "text": "Pumping clean water from IBC containers"
                },
                {
                    "section": "Application",
                    "text": "The pump can be used alone or with a pressure vessel as a pressure booster pump"
                },
                {
                    "section": "Characteristic design features",
                    "text": "Rewindable motor"
                },
                {
                    "section": "Characteristic design features",
                    "text": "Switch box and float switch (F) included"
                },
                {
                    "section": "Model",
                    "description": "blue line PXSM304F"
                },
                {
                    "section": "Model",
                    "description": "blue line PXSM305F"
                },
                {
                    "section": "Model",
                    "description": "blue line PXSM306F"
                },
                {
                    "section": "Model",
                    "description": "blue line PXSM307F"
                }
            ],
            "key_value_pairs": [
                {
                    "section": "Model",
                    "property": "Maximum head",
                    "value": "45",
                    "unit": "[m]"
                },
                {
                    "section": "Model",
                    "property": "Pump diameter",
                    "value": "5\"",
                    "unit": ""
                },
                {
                    "section": "Model",
                    "property": "Voltage/frequency",
                    "value": "230 / 50",
                    "unit": "[V/Hz]"
                },
                {
                    "section": "Model",
                    "property": "Power",
                    "value": "600",
                    "unit": "[W]"
                },
                {
                    "section": "Model",
                    "property": "Connection",
                    "value": "5/4\"",
                    "unit": ""
                },
                {
                    "section": "Model",
                    "property": "Maximum immersion depth",
                    "value": "50",
                    "unit": "[m]"
                },
                {
                    "section": "Model",
                    "property": "Sand content",
                    "value": "0,15",
                    "unit": "[%]"
                },
                {
                    "section": "Model",
                    "property": "Maximum liquid temperature",
                    "value": "40",
                    "unit": "[°C]"
                },
                {
                    "section": "Model",
                    "property": "Cable length",
                    "value": "20",
                    "unit": "[m]"
                },
                {
                    "section": "Model",
                    "property": "Protection",
                    "value": "IP 68",
                    "unit": ""
                },
                {
                    "section": "Model",
                    "property": "Weight",
                    "value": "18,1",
                    "unit": "[kg]"
                },
                {
                    "section": "Model",
                    "property": "Dimension - length",
                    "value": "943",
                    "unit": "[mm]"
                },
                {
                    "section": "Model",
                    "property": "Maximum flow [m^3/hod] [m",
                    "value": "5",
                    "unit": "]"
                },
                {
                    "section": "Model",
                    "property": "Insulation",
                    "value": "B",
                    "unit": "class"
                },
                null,
                {
                    "section": "Model",
                    "property": "Maximum head",
                    "value": "56",
                    "unit": "[m]"
                },
                {
                    "section": "Model",
                    "property": "Power",
                    "value": "750",
                    "unit": "[W]"
                },
                {
                    "section": "Model",
                    "property": "Weight",
                    "value": "20",
                    "unit": "[kg]"
                },
                {
                    "section": "Model",
                    "property": "Dimension - length",
                    "value": "968",
                    "unit": "[mm]"
                },
                {
                    "section": "Model",
                    "property": "Maximum head",
                    "value": "67",
                    "unit": "[m]"
                },
                {
                    "section": "Model",
                    "property": "Power",
                    "value": "900",
                    "unit": "[W]"
                },
                {
                    "section": "Model",
                    "property": "Weight",
                    "value": "22,5",
                    "unit": "[kg]"
                },
                {
                    "section": "Model",
                    "property": "Dimension - length",
                    "value": "1023",
                    "unit": "[mm]"
                },
                {
                    "section": "Model",
                    "property": "Maximum head",
                    "value": "84",
                    "unit": "[m]"
                },
                {
                    "section": "Model",
                    "property": "Power",
                    "value": "1100",
                    "unit": "[W]"
                },
                {
                    "section": "Model",
                    "property": "Weight",
                    "value": "25,5",
                    "unit": "[kg]"
                },
                {
                    "section": "Model",
                    "property": "Dimension - length",
                    "value": "1043",
                    "unit": "[mm]"
                }
            ]
        },
        {
            "reference": "ZB00061553",
            "description": [
                {
                    "section": "",
                    "text": "PUMPA BLUE LINE PXSM 3xx(F)"
                },
                {
                    "section": "",
                    "text": "5\" submersible pump"
                },
                {
                    "section": "",
                    "text": "BLUE LINE PXSM 3xx(F)"
                },
                {
                    "section": "",
                    "text": "Submersible 5\" pump for wells, tanks, ideal for immersion in IBC containers. Designed for supplying homes and lodges or garden irrigation with clean water."
                },
                {
                    "section": "Application",
                    "text": "Pumping clean water from wells and tanks"
                },
                {
                    "section": "Application",
                    "text": "Pumping clean water from IBC containers"
                },
                {
                    "section": "Application",
                    "text": "The pump can be used alone or with a pressure vessel as a pressure booster pump"
                },
                {
                    "section": "Characteristic design features",
                    "text": "Rewindable motor"
                },
                {
                    "section": "Characteristic design features",
                    "text": "Switch box and float switch (F) included"
                },
                {
                    "section": "Model",
                    "description": "blue line PXSM304F"
                },
                {
                    "section": "Model",
                    "description": "blue line PXSM305F"
                },
                {
                    "section": "Model",
                    "description": "blue line PXSM306F"
                },
                {
                    "section": "Model",
                    "description": "blue line PXSM307F"
                }
            ],
            "key_value_pairs": [
                {
                    "section": "Model",
                    "property": "Maximum head",
                    "value": "45",
                    "unit": "[m]"
                },
                {
                    "section": "Model",
                    "property": "Pump diameter",
                    "value": "5\"",
                    "unit": ""
                },
                {
                    "section": "Model",
                    "property": "Voltage/frequency",
                    "value": "230 / 50",
                    "unit": "[V/Hz]"
                },
                {
                    "section": "Model",
                    "property": "Power",
                    "value": "600",
                    "unit": "[W]"
                },
                {
                    "section": "Model",
                    "property": "Connection",
                    "value": "5/4\"",
                    "unit": ""
                },
                {
                    "section": "Model",
                    "property": "Maximum immersion depth",
                    "value": "50",
                    "unit": "[m]"
                },
                {
                    "section": "Model",
                    "property": "Sand content",
                    "value": "0,15",
                    "unit": "[%]"
                },
                {
                    "section": "Model",
                    "property": "Maximum liquid temperature",
                    "value": "40",
                    "unit": "[°C]"
                },
                {
                    "section": "Model",
                    "property": "Cable length",
                    "value": "20",
                    "unit": "[m]"
                },
                {
                    "section": "Model",
                    "property": "Protection",
                    "value": "IP 68",
                    "unit": ""
                },
                {
                    "section": "Model",
                    "property": "Weight",
                    "value": "18,1",
                    "unit": "[kg]"
                },
                {
                    "section": "Model",
                    "property": "Dimension - length",
                    "value": "943",
                    "unit": "[mm]"
                },
                {
                    "section": "Model",
                    "property": "Maximum flow [m^3/hod] [m",
                    "value": "5",
                    "unit": "]"
                },
                {
                    "section": "Model",
                    "property": "Insulation",
                    "value": "B",
                    "unit": "class"
                },
                null,
                {
                    "section": "Model",
                    "property": "Maximum head",
                    "value": "56",
                    "unit": "[m]"
                },
                {
                    "section": "Model",
                    "property": "Power",
                    "value": "750",
                    "unit": "[W]"
                },
                {
                    "section": "Model",
                    "property": "Weight",
                    "value": "20",
                    "unit": "[kg]"
                },
                {
                    "section": "Model",
                    "property": "Dimension - length",
                    "value": "968",
                    "unit": "[mm]"
                },
                {
                    "section": "Model",
                    "property": "Maximum head",
                    "value": "67",
                    "unit": "[m]"
                },
                {
                    "section": "Model",
                    "property": "Power",
                    "value": "900",
                    "unit": "[W]"
                },
                {
                    "section": "Model",
                    "property": "Weight",
                    "value": "22,5",
                    "unit": "[kg]"
                },
                {
                    "section": "Model",
                    "property": "Dimension - length",
                    "value": "1023",
                    "unit": "[mm]"
                },
                {
                    "section": "Model",
                    "property": "Maximum head",
                    "value": "84",
                    "unit": "[m]"
                },
                {
                    "section": "Model",
                    "property": "Power",
                    "value": "1100",
                    "unit": "[W]"
                },
                {
                    "section": "Model",
                    "property": "Weight",
                    "value": "25,5",
                    "unit": "[kg]"
                },
                {
                    "section": "Model",
                    "property": "Dimension - length",
                    "value": "1043",
                    "unit": "[mm]"
                }
            ]
        }
    ]
}