{
    "parts": [
        {
            "reference": "ZB00061718",
            "description": [
                {
                    "section": "Model",
                    "description": "blue line Odra 4-16"
                }
            ],
            "key_value_pairs": [
                {
                    "section": "Model",
                    "property": "Maximum flow",
                    "value": "3,3",
                    "unit": "[m^3/hod]"
                },
                {
                    "section": "Model",
                    "property": "Maximum head",
                    "value": "90",
                    "unit": "[m]"
                },
                {
                    "section": "Model",
                    "property": "Pump diameter",
                    "value": "4\"",
                    "unit": ""
                },
                {
                    "section": "Model",
                    "property": "Voltage/frequency",
                    "value": "400 1 50",
                    "unit": "[V/Hz]"
                },
                {
                    "section": "Model",
                    "property": "Power",
                    "value": "1100",
                    "unit": "[W]"
                },
                {
                    "section": "Model",
                    "property": "Connection",
                    "value": "1\"",
                    "unit": ""
                },
                {
                    "section": "Model",
                    "property": "Maximum immersion depth",
                    "value": "100",
                    "unit": "[m]"
                },
                {
                    "section": "Model",
                    "property": "Maximum liquid temperature",
                    "value": "35",
                    "unit": "[\u00b0C]"
                },
                {
                    "section": "Model",
                    "property": "Cable length",
                    "value": "1,7*",
                    "unit": "[m]"
                },
                {
                    "section": "Model",
                    "property": "Protection",
                    "value": "IP 68",
                    "unit": ""
                },
                {
                    "section": "Model",
                    "property": "Insulation class",
                    "value": "B",
                    "unit": ""
                },
                {
                    "section": "Model",
                    "property": "Weight",
                    "value": "12,8",
                    "unit": "[kg]"
                },
                {
                    "section": "Model",
                    "property": "Dimension length",
                    "value": "710",
                    "unit": "[mm]"
                },
                null
            ]
        },
        {
            "reference": "2B00061720-30m",
            "description": [
                {
                    "section": "",
                    "text": "PUMPA BLUE ODRA 4-16 LINE"
                },
                {
                    "section": "",
                    "text": "4\" submersible screw pump ODRA 4-16"
                },
                {
                    "section": "",
                    "text": "BLUE LINE"
                },
                {
                    "section": "",
                    "text": "Submersible 4 Designed for supplying for wells and boreholes. pump households and lodges irrigation garden with clean water. or"
                },
                {
                    "section": "Application",
                    "text": "Pumping clean water from dug and drilled wells"
                },
                {
                    "section": "Application",
                    "text": "The pump can be used alone or with a pressure pressure vessel as booster pump a"
                },
                {
                    "section": "Characteristic design features",
                    "text": "Rewindable motor"
                },
                {
                    "section": "Characteristic design features",
                    "text": "Main parts of hydraulics and connecting material made of stainless steel"
                },
                {
                    "section": "Characteristic design features",
                    "text": "Cast iron hydraulic cover with special anti-corrosion treatment"
                }
            ],
            "key_value_pairs": []
        },
        {
            "reference": "ZB00061722-40m",
            "description": [
                {
                    "section": "",
                    "text": "PUMPA BLUE ODRA 4-16 LINE"
                },
                {
                    "section": "",
                    "text": "4\" submersible screw pump ODRA 4-16"
                },
                {
                    "section": "",
                    "text": "BLUE LINE"
                },
                {
                    "section": "",
                    "text": "Submersible 4 Designed for supplying for wells and boreholes. pump households and lodges irrigation garden with clean water. or"
                },
                {
                    "section": "Application",
                    "text": "Pumping clean water from dug and drilled wells"
                },
                {
                    "section": "Application",
                    "text": "The pump can be used alone or with a pressure pressure vessel as booster pump a"
                },
                {
                    "section": "Characteristic design features",
                    "text": "Rewindable motor"
                },
                {
                    "section": "Characteristic design features",
                    "text": "Main parts of hydraulics and connecting material made of stainless steel"
                },
                {
                    "section": "Characteristic design features",
                    "text": "Cast iron hydraulic cover with special anti-corrosion treatment"
                }
            ],
            "key_value_pairs": []
        },
        {
            "reference": "ZB00061723-50m",
            "description": [
                {
                    "section": "",
                    "text": "PUMPA BLUE ODRA 4-16 LINE"
                },
                {
                    "section": "",
                    "text": "4\" submersible screw pump ODRA 4-16"
                },
                {
                    "section": "",
                    "text": "BLUE LINE"
                },
                {
                    "section": "",
                    "text": "Submersible 4 Designed for supplying for wells and boreholes. pump households and lodges irrigation garden with clean water. or"
                },
                {
                    "section": "Application",
                    "text": "Pumping clean water from dug and drilled wells"
                },
                {
                    "section": "Application",
                    "text": "The pump can be used alone or with a pressure pressure vessel as booster pump a"
                },
                {
                    "section": "Characteristic design features",
                    "text": "Rewindable motor"
                },
                {
                    "section": "Characteristic design features",
                    "text": "Main parts of hydraulics and connecting material made of stainless steel"
                },
                {
                    "section": "Characteristic design features",
                    "text": "Cast iron hydraulic cover with special anti-corrosion treatment"
                }
            ],
            "key_value_pairs": []
        }
    ]
}