{
    "parts": [
        {
            "reference": "ZB00048521",
            "description": [
                {
                    "section": "",
                    "text": "PUMPA BLUE LINE 3PVM550-100"
                },
                {
                    "section": "",
                    "text": "Submersible screw pump"
                },
                {
                    "section": "",
                    "text": "BLUE LINE 3PVM550-100"
                },
                {
                    "section": "",
                    "text": "Submersible 3\" pump for wells and boreholes for pumping clean water, watering."
                },
                {
                    "section": "Application",
                    "text": "For boreholes from 100mm"
                },
                {
                    "section": "Application",
                    "text": "Pumping clean water into the household"
                },
                {
                    "section": "Application",
                    "text": "Water circulation in fountains"
                },
                {
                    "section": "Application",
                    "text": "Rainwater irrigation"
                },
                {
                    "section": "Application",
                    "text": "Power supply for pressure systems"
                },
                {
                    "section": "Application",
                    "text": "Filling and emptying tanks"
                },
                {
                    "section": "Characteristic design features",
                    "text": "Stainless steel shaft, casing and hydraulics"
                },
                {
                    "section": "Characteristic design features",
                    "text": "Screw in a rubber stator"
                },
                {
                    "section": "Characteristic design features",
                    "text": "Oil-cooled engine with compensating membrane"
                },
                {
                    "section": "Characteristic design features",
                    "text": "Graphite seal protected by a ring against sand"
                },
                {
                    "section": "Characteristic design features",
                    "text": "The pump parts are non-toxic and do not pollute the environment"
                },
                {
                    "section": "Model",
                    "text": "blue line 100"
                },
                {
                    "section": "Model",
                    "text": "blue line 100"
                },
                {
                    "section": "Model",
                    "text": "blue line 100"
                }
            ],
            "key_value_pairs": [
                {
                    "section": "Model",
                    "property": "Maximum flow",
                    "value": "1,8",
                    "unit": "[m^3/hod]"
                },
                {
                    "section": "Model",
                    "property": "Maximum discharge head",
                    "value": "100",
                    "unit": "[m]"
                },
                {
                    "section": "Model",
                    "property": "Pump diameter",
                    "value": "3\"",
                    "unit": ""
                },
                {
                    "section": "Model",
                    "property": "Voltage / frequency",
                    "value": "230 / 50",
                    "unit": "[V/Hz]"
                },
                {
                    "section": "Model",
                    "property": "Power",
                    "value": "550",
                    "unit": "[W]"
                },
                {
                    "section": "Model",
                    "property": "Connection",
                    "value": "1\u201c",
                    "unit": ""
                },
                {
                    "section": "Model",
                    "property": "Maximum immersion depth",
                    "value": "40",
                    "unit": "[m]"
                },
                {
                    "section": "Model",
                    "property": "Maximum fluid temperature",
                    "value": "35",
                    "unit": "[\u00b0C]"
                },
                {
                    "section": "Model",
                    "property": "Cable length",
                    "value": "20",
                    "unit": "[m]"
                },
                {
                    "section": "Model",
                    "property": "Degree of protection",
                    "value": "IP 68",
                    "unit": ""
                },
                {
                    "section": "Model",
                    "property": "Weight kg [",
                    "value": "10,6",
                    "unit": "]"
                },
                {
                    "section": "Model",
                    "property": "Dimension - length",
                    "value": "628",
                    "unit": "[mm]"
                },
                {
                    "section": "Model",
                    "property": "Insulation class",
                    "value": "B",
                    "unit": ""
                }
            ]
        },
        {
            "reference": "ZB00048522",
            "description": [
                {
                    "section": "",
                    "text": "PUMPA BLUE LINE 3PVM550-100"
                },
                {
                    "section": "",
                    "text": "Submersible screw pump"
                },
                {
                    "section": "",
                    "text": "BLUE LINE 3PVM550-100"
                },
                {
                    "section": "",
                    "text": "Submersible 3\" pump for wells and boreholes for pumping clean water, watering."
                },
                {
                    "section": "Application",
                    "text": "For boreholes from 100mm"
                },
                {
                    "section": "Application",
                    "text": "Pumping clean water into the household"
                },
                {
                    "section": "Application",
                    "text": "Water circulation in fountains"
                },
                {
                    "section": "Application",
                    "text": "Rainwater irrigation"
                },
                {
                    "section": "Application",
                    "text": "Power supply for pressure systems"
                },
                {
                    "section": "Application",
                    "text": "Filling and emptying tanks"
                },
                {
                    "section": "Characteristic design features",
                    "text": "Stainless steel shaft, casing and hydraulics"
                },
                {
                    "section": "Characteristic design features",
                    "text": "Screw in a rubber stator"
                },
                {
                    "section": "Characteristic design features",
                    "text": "Oil-cooled engine with compensating membrane"
                },
                {
                    "section": "Characteristic design features",
                    "text": "Graphite seal protected by a ring against sand"
                },
                {
                    "section": "Characteristic design features",
                    "text": "The pump parts are non-toxic and do not pollute the environment"
                },
                {
                    "section": "Model",
                    "description": "blue line 100"
                },
                {
                    "section": "Model",
                    "description": "blue line 100"
                },
                {
                    "section": "Model",
                    "description": "blue line 100"
                }
            ],
            "key_value_pairs": [
                {
                    "section": "Model",
                    "property": "Maximum flow",
                    "value": "1,8",
                    "unit": "[m^3/hod]"
                },
                {
                    "section": "Model",
                    "property": "Maximum discharge head",
                    "value": "100",
                    "unit": "[m]"
                },
                {
                    "section": "Model",
                    "property": "Pump diameter",
                    "value": "3\"",
                    "unit": ""
                },
                {
                    "section": "Model",
                    "property": "Voltage / frequency",
                    "value": "230 / 50",
                    "unit": "[V/Hz]"
                },
                {
                    "section": "Model",
                    "property": "Power",
                    "value": "550",
                    "unit": "[W]"
                },
                {
                    "section": "Model",
                    "property": "Connection",
                    "value": "1\u201c",
                    "unit": ""
                },
                {
                    "section": "Model",
                    "property": "Maximum immersion depth",
                    "value": "40",
                    "unit": "[m]"
                },
                {
                    "section": "Model",
                    "property": "Maximum fluid temperature",
                    "value": "35",
                    "unit": "[\u00b0C]"
                },
                {
                    "section": "Model",
                    "property": "Cable length",
                    "value": "20",
                    "unit": "[m]"
                },
                {
                    "section": "Model",
                    "property": "Degree of protection",
                    "value": "IP 68",
                    "unit": ""
                },
                {
                    "section": "Model",
                    "property": "Weight kg [",
                    "value": "10,6",
                    "unit": "]"
                },
                {
                    "section": "Model",
                    "property": "Dimension - length",
                    "value": "628",
                    "unit": "[mm]"
                },
                {
                    "section": "Model",
                    "property": "Insulation class",
                    "value": "B",
                    "unit": ""
                }
            ]
        },
        {
            "reference": "ZB00048523",
            "description": [
                {
                    "section": "",
                    "text": "PUMPA BLUE LINE 3PVM550-100"
                },
                {
                    "section": "",
                    "text": "Submersible screw pump"
                },
                {
                    "section": "",
                    "text": "BLUE LINE 3PVM550-100"
                },
                {
                    "section": "",
                    "text": "Submersible 3\" pump for wells and boreholes for pumping clean water, watering."
                },
                {
                    "section": "Application",
                    "text": "For boreholes from 100mm"
                },
                {
                    "section": "Application",
                    "text": "Pumping clean water into the household"
                },
                {
                    "section": "Application",
                    "text": "Water circulation in fountains"
                },
                {
                    "section": "Application",
                    "text": "Rainwater irrigation"
                },
                {
                    "section": "Application",
                    "text": "Power supply for pressure systems"
                },
                {
                    "section": "Application",
                    "text": "Filling and emptying tanks"
                },
                {
                    "section": "Characteristic design features",
                    "text": "Stainless steel shaft, casing and hydraulics"
                },
                {
                    "section": "Characteristic design features",
                    "text": "Screw in a rubber stator"
                },
                {
                    "section": "Characteristic design features",
                    "text": "Oil-cooled engine with compensating membrane"
                },
                {
                    "section": "Characteristic design features",
                    "text": "Graphite seal protected by a ring against sand"
                },
                {
                    "section": "Characteristic design features",
                    "text": "The pump parts are non-toxic and do not pollute the environment"
                },
                {
                    "section": "Model",
                    "description": "blue line 100"
                },
                {
                    "section": "Model",
                    "description": "blue line 100"
                },
                {
                    "section": "Model",
                    "description": "blue line 100"
                }
            ],
            "key_value_pairs": [
                {
                    "section": "Model",
                    "property": "Maximum flow",
                    "value": "1,8",
                    "unit": "[m^3/hod]"
                },
                {
                    "section": "Model",
                    "property": "Maximum discharge head",
                    "value": "100",
                    "unit": "[m]"
                },
                {
                    "section": "Model",
                    "property": "Pump diameter",
                    "value": "3\"",
                    "unit": ""
                },
                {
                    "section": "Model",
                    "property": "Voltage / frequency",
                    "value": "230 / 50",
                    "unit": "[V/Hz]"
                },
                {
                    "section": "Model",
                    "property": "Power",
                    "value": "550",
                    "unit": "[W]"
                },
                {
                    "section": "Model",
                    "property": "Connection",
                    "value": "1\u201c",
                    "unit": ""
                },
                {
                    "section": "Model",
                    "property": "Maximum immersion depth",
                    "value": "40",
                    "unit": "[m]"
                },
                {
                    "section": "Model",
                    "property": "Maximum fluid temperature",
                    "value": "35",
                    "unit": "[\u00b0C]"
                },
                {
                    "section": "Model",
                    "property": "Cable length",
                    "value": "20",
                    "unit": "[m]"
                },
                {
                    "section": "Model",
                    "property": "Degree of protection",
                    "value": "IP 68",
                    "unit": ""
                },
                {
                    "section": "Model",
                    "property": "Weight kg [",
                    "value": "10,6",
                    "unit": "]"
                },
                {
                    "section": "Model",
                    "property": "Dimension - length",
                    "value": "628",
                    "unit": "[mm]"
                },
                {
                    "section": "Model",
                    "property": "Insulation class",
                    "value": "B",
                    "unit": ""
                }
            ]
        }
    ]
}