{
    "parts": [
        {
            "reference": "ZB00055044",
            "description": [
                {
                    "section": "",
                    "text": "PUMPA BLUE LINE PSDR400P"
                },
                {
                    "section": "",
                    "text": "PUMPA BLUE LINE PSDR750P"
                },
                {
                    "section": "",
                    "text": "submersible pump"
                },
                {
                    "section": "",
                    "text": "BLUE LINE PSDR400P"
                },
                {
                    "section": "",
                    "text": "BLUE LINE PSDR750P"
                },
                {
                    "section": "",
                    "text": "Plastic submersible pump with an integrated float switch. This pump is equipped with both automatic and manual mode."
                },
                {
                    "section": "Application",
                    "text": "Suitable for pumping pool water, pumping water over or irrigating the garden."
                },
                {
                    "section": "Model",
                    "description": "blue line PSDR400P"
                },
                {
                    "section": "Model",
                    "description": "blue line PSDR750P"
                }
            ],
            "key_value_pairs": [
                {
                    "section": "Model",
                    "property": "Maximum flow",
                    "value": "9 m",
                    "unit": "[m3/hod]"
                },
                {
                    "section": "Model",
                    "property": "Voltage / frequency",
                    "value": "230 / 50",
                    "unit": "[V/Hz]"
                },
                {
                    "section": "Model",
                    "property": "Power",
                    "value": "400",
                    "unit": "[W]"
                },
                {
                    "section": "Model",
                    "property": "Connection",
                    "value": "1“, 5/4“, 6/4“",
                    "unit": ""
                },
                {
                    "section": "Model",
                    "property": "Maximum fluid temperature",
                    "value": "35",
                    "unit": "[°C]"
                },
                {
                    "section": "Model",
                    "property": "Cable length",
                    "value": "10",
                    "unit": "[m]"
                },
                {
                    "section": "Model",
                    "property": "Dimensions H x W x D",
                    "value": "295 × 235 x 155",
                    "unit": "[mm]"
                },
                {
                    "section": "Model",
                    "property": "Maximum discharge head",
                    "value": "8",
                    "unit": "[m]"
                },
                {
                    "section": "Model",
                    "property": "Maximum immersion depth",
                    "value": "7",
                    "unit": "[m]"
                },
                {
                    "section": "Model",
                    "property": "Max. diameter of coarse dirt",
                    "value": "5",
                    "unit": "[mm]"
                },
                null,
                {
                    "section": "Model",
                    "property": "Maximum flow",
                    "value": "13 m^3",
                    "unit": "[m3/hod]"
                },
                {
                    "section": "Model",
                    "property": "Maximum discharge head",
                    "value": "8,5",
                    "unit": "[m]"
                },
                {
                    "section": "Model",
                    "property": "Power",
                    "value": "750",
                    "unit": "[W]"
                },
                {
                    "section": "Model",
                    "property": "Connection",
                    "value": "1 5/4“, 6/4“",
                    "unit": ""
                },
                {
                    "section": "Model",
                    "property": "Connection",
                    "value": "1“,",
                    "unit": ""
                },
                {
                    "section": "Model",
                    "property": "Dimensions H x W x D",
                    "value": "295 × 235 x 165",
                    "unit": "[mm]"
                }
            ]
        },
        {
            "reference": "ZB00055045",
            "description": [
                {
                    "section": "",
                    "text": "PUMPA BLUE LINE PSDR400P"
                },
                {
                    "section": "",
                    "text": "PUMPA BLUE LINE PSDR750P"
                },
                {
                    "section": "",
                    "text": "submersible pump"
                },
                {
                    "section": "",
                    "text": "BLUE LINE PSDR400P"
                },
                {
                    "section": "",
                    "text": "BLUE LINE PSDR750P"
                },
                {
                    "section": "",
                    "text": "Plastic submersible pump with an integrated float switch. This pump is equipped with both automatic and manual mode."
                },
                {
                    "section": "Application",
                    "text": "Suitable for pumping pool water, pumping water over or irrigating the garden."
                },
                {
                    "section": "Model",
                    "description": "blue line PSDR400P"
                },
                {
                    "section": "Model",
                    "description": "blue line PSDR750P"
                }
            ],
            "key_value_pairs": [
                {
                    "section": "Model",
                    "property": "Maximum flow",
                    "value": "9 m",
                    "unit": "[m3/hod]"
                },
                {
                    "section": "Model",
                    "property": "Voltage / frequency",
                    "value": "230 / 50",
                    "unit": "[V/Hz]"
                },
                {
                    "section": "Model",
                    "property": "Power",
                    "value": "400",
                    "unit": "[W]"
                },
                {
                    "section": "Model",
                    "property": "Connection",
                    "value": "1“, 5/4“, 6/4“",
                    "unit": ""
                },
                {
                    "section": "Model",
                    "property": "Maximum fluid temperature",
                    "value": "35",
                    "unit": "[°C]"
                },
                {
                    "section": "Model",
                    "property": "Cable length",
                    "value": "10",
                    "unit": "[m]"
                },
                {
                    "section": "Model",
                    "property": "Dimensions H x W x D",
                    "value": "295 × 235 x 155",
                    "unit": "[mm]"
                },
                {
                    "section": "Model",
                    "property": "Maximum discharge head",
                    "value": "8",
                    "unit": "[m]"
                },
                {
                    "section": "Model",
                    "property": "Maximum immersion depth",
                    "value": "7",
                    "unit": "[m]"
                },
                {
                    "section": "Model",
                    "property": "Max. diameter of coarse dirt",
                    "value": "5",
                    "unit": "[mm]"
                },
                null,
                {
                    "section": "Model",
                    "property": "Maximum flow",
                    "value": "13 m^3",
                    "unit": "[m3/hod]"
                },
                {
                    "section": "Model",
                    "property": "Maximum discharge head",
                    "value": "8,5",
                    "unit": "[m]"
                },
                {
                    "section": "Model",
                    "property": "Power",
                    "value": "750",
                    "unit": "[W]"
                },
                {
                    "section": "Model",
                    "property": "Connection",
                    "value": "1 5/4“, 6/4“",
                    "unit": ""
                },
                {
                    "section": "Model",
                    "property": "Connection",
                    "value": "1“,",
                    "unit": ""
                },
                {
                    "section": "Model",
                    "property": "Dimensions H x W x D",
                    "value": "295 × 235 x 165",
                    "unit": "[mm]"
                }
            ]
        }
    ]
}