{
    "parts": [
        {
            "reference": "ZB00039579",
            "description": [
                {
                    "section": "",
                    "text": "PUMPA BLUE LINE PQD7-8-0,75, PQD7-12-1,1, PQD7-16-1,5"
                },
                {
                    "section": "",
                    "text": "submersible sewage pump"
                },
                {
                    "section": "",
                    "text": "BLUE LINE PQD7-8, PQD7-12, PQD7 - 16"
                },
                {
                    "section": "",
                    "text": "Submersible sewage pump with a cutting device for pumping heavily polluted water, sludge, sewage, septic tanks, etc. Including thermal overload protection built into the pump. The pump is equipped with a float, a 10m cable and a plug."
                },
                {
                    "section": "Application",
                    "text": "For pumping heavily polluted water, sludge, sewage, septic tanks, etc."
                },
                {
                    "section": "Model",
                    "description": "blue line PQD7-8-0,75l"
                },
                {
                    "section": "Model",
                    "description": "blue line PQD7-12-1,11"
                },
                {
                    "section": "Model",
                    "description": "blue line PQD7-16-1,51"
                }
            ],
            "key_value_pairs": [
                {
                    "section": "Model",
                    "property": "Maximum flow",
                    "value": "15",
                    "unit": "[m^3/hod]"
                },
                {
                    "section": "Model",
                    "property": "Maximum discharge head",
                    "value": "12",
                    "unit": "[m]"
                },
                {
                    "section": "Model",
                    "property": "Voltage / frequency",
                    "value": "230 / 50",
                    "unit": "[V/Hz]"
                },
                {
                    "section": "Model",
                    "property": "Power",
                    "value": "750",
                    "unit": "[W]"
                },
                {
                    "section": "Model",
                    "property": "Float switch",
                    "value": "yes",
                    "unit": ""
                },
                {
                    "section": "Model",
                    "property": "Maximum fluid temperature",
                    "value": "35",
                    "unit": "[°C]"
                },
                {
                    "section": "Model",
                    "property": "Maximum ambient temperature",
                    "value": "40",
                    "unit": "[°C]"
                },
                {
                    "section": "Model",
                    "property": "Cable length",
                    "value": "10",
                    "unit": "[m]"
                },
                {
                    "section": "Model",
                    "property": "Degree of protection",
                    "value": "IP 68",
                    "unit": ""
                },
                {
                    "section": "Model",
                    "property": "Weight",
                    "value": "23",
                    "unit": "[kg]"
                },
                {
                    "section": "Model",
                    "property": "Dimension L x H x W",
                    "value": "180 × 445 x 260",
                    "unit": "[mm]"
                },
                {
                    "section": "Model",
                    "property": "Connection",
                    "value": "2“",
                    "unit": ""
                },
                {
                    "section": "Model",
                    "property": "Maximum immersion depth",
                    "value": "5",
                    "unit": "[m]"
                },
                {
                    "section": "Model",
                    "property": "Insulation class",
                    "value": "B",
                    "unit": ""
                },
                null,
                {
                    "section": "Model",
                    "property": "Maximum flow",
                    "value": "18",
                    "unit": "[m^3/hod]"
                },
                {
                    "section": "Model",
                    "property": "Maximum discharge head",
                    "value": "15",
                    "unit": "[m]"
                },
                {
                    "section": "Model",
                    "property": "Power",
                    "value": "1100",
                    "unit": "[W]"
                },
                {
                    "section": "Model",
                    "property": "Weight",
                    "value": "24",
                    "unit": "[kg]"
                },
                {
                    "section": "Model",
                    "property": "Dimension L x H x W",
                    "value": "180 × 445 × 260",
                    "unit": "[mm]"
                },
                {
                    "section": "Model",
                    "property": "Maximum flow",
                    "value": "19",
                    "unit": "[m^3/hod]"
                },
                {
                    "section": "Model",
                    "property": "Maximum discharge head",
                    "value": "19",
                    "unit": "[m]"
                },
                {
                    "section": "Model",
                    "property": "Power",
                    "value": "1500",
                    "unit": "[W]"
                },
                {
                    "section": "Model",
                    "property": "Weight",
                    "value": "27",
                    "unit": "[kg]"
                }
            ]
        },
        {
            "reference": "ZB00039580",
            "description": [
                {
                    "section": "",
                    "text": "PUMPA BLUE LINE PQD7-8-0,75, PQD7-12-1,1, PQD7-16-1,5"
                },
                {
                    "section": "",
                    "text": "submersible sewage pump"
                },
                {
                    "section": "",
                    "text": "BLUE LINE PQD7-8, PQD7-12, PQD7 - 16"
                },
                {
                    "section": "",
                    "text": "Submersible sewage pump with a cutting device for pumping heavily polluted water, sludge, sewage, septic tanks, etc. Including thermal overload protection built into the pump. The pump is equipped with a float, a 10m cable and a plug."
                },
                {
                    "section": "Application",
                    "text": "For pumping heavily polluted water, sludge, sewage, septic tanks, etc."
                },
                {
                    "section": "Model",
                    "description": "blue line PQD7-8-0,75l"
                },
                {
                    "section": "Model",
                    "description": "blue line PQD7-12-1,11"
                },
                {
                    "section": "Model",
                    "description": "blue line PQD7-16-1,51"
                }
            ],
            "key_value_pairs": [
                {
                    "section": "Model",
                    "property": "Maximum flow",
                    "value": "15",
                    "unit": "[m^3/hod]"
                },
                {
                    "section": "Model",
                    "property": "Maximum discharge head",
                    "value": "12",
                    "unit": "[m]"
                },
                {
                    "section": "Model",
                    "property": "Voltage / frequency",
                    "value": "230 / 50",
                    "unit": "[V/Hz]"
                },
                {
                    "section": "Model",
                    "property": "Power",
                    "value": "750",
                    "unit": "[W]"
                },
                {
                    "section": "Model",
                    "property": "Float switch",
                    "value": "yes",
                    "unit": ""
                },
                {
                    "section": "Model",
                    "property": "Maximum fluid temperature",
                    "value": "35",
                    "unit": "[°C]"
                },
                {
                    "section": "Model",
                    "property": "Maximum ambient temperature",
                    "value": "40",
                    "unit": "[°C]"
                },
                {
                    "section": "Model",
                    "property": "Cable length",
                    "value": "10",
                    "unit": "[m]"
                },
                {
                    "section": "Model",
                    "property": "Degree of protection",
                    "value": "IP 68",
                    "unit": ""
                },
                {
                    "section": "Model",
                    "property": "Weight",
                    "value": "23",
                    "unit": "[kg]"
                },
                {
                    "section": "Model",
                    "property": "Dimension L x H x W",
                    "value": "180 × 445 x 260",
                    "unit": "[mm]"
                },
                {
                    "section": "Model",
                    "property": "Connection",
                    "value": "2“",
                    "unit": ""
                },
                {
                    "section": "Model",
                    "property": "Maximum immersion depth",
                    "value": "5",
                    "unit": "[m]"
                },
                {
                    "section": "Model",
                    "property": "Insulation class",
                    "value": "B",
                    "unit": ""
                },
                null,
                {
                    "section": "Model",
                    "property": "Maximum flow",
                    "value": "18",
                    "unit": "[m^3/hod]"
                },
                {
                    "section": "Model",
                    "property": "Maximum discharge head",
                    "value": "15",
                    "unit": "[m]"
                },
                {
                    "section": "Model",
                    "property": "Power",
                    "value": "1100",
                    "unit": "[W]"
                },
                {
                    "section": "Model",
                    "property": "Weight",
                    "value": "24",
                    "unit": "[kg]"
                },
                {
                    "section": "Model",
                    "property": "Dimension L x H x W",
                    "value": "180 × 445 × 260",
                    "unit": "[mm]"
                },
                {
                    "section": "Model",
                    "property": "Maximum flow",
                    "value": "19",
                    "unit": "[m^3/hod]"
                },
                {
                    "section": "Model",
                    "property": "Maximum discharge head",
                    "value": "19",
                    "unit": "[m]"
                },
                {
                    "section": "Model",
                    "property": "Power",
                    "value": "1500",
                    "unit": "[W]"
                },
                {
                    "section": "Model",
                    "property": "Weight",
                    "value": "27",
                    "unit": "[kg]"
                }
            ]
        },
        {
            "reference": "ZB00039581",
            "description": [
                {
                    "section": "",
                    "text": "PUMPA BLUE LINE PQD7-8-0,75, PQD7-12-1,1, PQD7-16-1,5"
                },
                {
                    "section": "",
                    "text": "submersible sewage pump"
                },
                {
                    "section": "",
                    "text": "BLUE LINE PQD7-8, PQD7-12, PQD7 - 16"
                },
                {
                    "section": "",
                    "text": "Submersible sewage pump with a cutting device for pumping heavily polluted water, sludge, sewage, septic tanks, etc. Including thermal overload protection built into the pump. The pump is equipped with a float, a 10m cable and a plug."
                },
                {
                    "section": "Application",
                    "text": "For pumping heavily polluted water, sludge, sewage, septic tanks, etc."
                },
                {
                    "section": "Model",
                    "description": "blue line PQD7-8-0,75l"
                },
                {
                    "section": "Model",
                    "description": "blue line PQD7-12-1,11"
                },
                {
                    "section": "Model",
                    "description": "blue line PQD7-16-1,51"
                }
            ],
            "key_value_pairs": [
                {
                    "section": "Model",
                    "property": "Maximum flow",
                    "value": "15",
                    "unit": "[m^3/hod]"
                },
                {
                    "section": "Model",
                    "property": "Maximum discharge head",
                    "value": "12",
                    "unit": "[m]"
                },
                {
                    "section": "Model",
                    "property": "Voltage / frequency",
                    "value": "230 / 50",
                    "unit": "[V/Hz]"
                },
                {
                    "section": "Model",
                    "property": "Power",
                    "value": "750",
                    "unit": "[W]"
                },
                {
                    "section": "Model",
                    "property": "Float switch",
                    "value": "yes",
                    "unit": ""
                },
                {
                    "section": "Model",
                    "property": "Maximum fluid temperature",
                    "value": "35",
                    "unit": "[°C]"
                },
                {
                    "section": "Model",
                    "property": "Maximum ambient temperature",
                    "value": "40",
                    "unit": "[°C]"
                },
                {
                    "section": "Model",
                    "property": "Cable length",
                    "value": "10",
                    "unit": "[m]"
                },
                {
                    "section": "Model",
                    "property": "Degree of protection",
                    "value": "IP 68",
                    "unit": ""
                },
                {
                    "section": "Model",
                    "property": "Weight",
                    "value": "23",
                    "unit": "[kg]"
                },
                {
                    "section": "Model",
                    "property": "Dimension L x H x W",
                    "value": "180 × 445 x 260",
                    "unit": "[mm]"
                },
                {
                    "section": "Model",
                    "property": "Connection",
                    "value": "2“",
                    "unit": ""
                },
                {
                    "section": "Model",
                    "property": "Maximum immersion depth",
                    "value": "5",
                    "unit": "[m]"
                },
                {
                    "section": "Model",
                    "property": "Insulation class",
                    "value": "B",
                    "unit": ""
                },
                null,
                {
                    "section": "Model",
                    "property": "Maximum flow",
                    "value": "18",
                    "unit": "[m^3/hod]"
                },
                {
                    "section": "Model",
                    "property": "Maximum discharge head",
                    "value": "15",
                    "unit": "[m]"
                },
                {
                    "section": "Model",
                    "property": "Power",
                    "value": "1100",
                    "unit": "[W]"
                },
                {
                    "section": "Model",
                    "property": "Weight",
                    "value": "24",
                    "unit": "[kg]"
                },
                {
                    "section": "Model",
                    "property": "Dimension L x H x W",
                    "value": "180 × 445 × 260",
                    "unit": "[mm]"
                },
                {
                    "section": "Model",
                    "property": "Maximum flow",
                    "value": "19",
                    "unit": "[m^3/hod]"
                },
                {
                    "section": "Model",
                    "property": "Maximum discharge head",
                    "value": "19",
                    "unit": "[m]"
                },
                {
                    "section": "Model",
                    "property": "Power",
                    "value": "1500",
                    "unit": "[W]"
                },
                {
                    "section": "Model",
                    "property": "Weight",
                    "value": "27",
                    "unit": "[kg]"
                }
            ]
        }
    ]
}