{
    "parts": [
        {
            "reference": "ZB00051083",
            "description": [
                {
                    "section": "",
                    "text": "PUMPA BLUE LINE PS 3\""
                },
                {
                    "section": "",
                    "text": "3\" submersible pump"
                },
                {
                    "section": "",
                    "text": "BLUE LINE PS 3\""
                },
                {
                    "section": "",
                    "text": "Submersible 3 pump for wells and tanks, designed for supplying households, cottages or gardens with clean water ."
                },
                {
                    "section": "Application",
                    "text": "Pumping clean water from wells, boreholes and reservoirs"
                },
                {
                    "section": "Application",
                    "text": "For supplying households, cottages or gardens"
                },
                {
                    "section": "Characteristic design features",
                    "text": "Noryl impellers"
                },
                {
                    "section": "Characteristic design features",
                    "text": "Pump housing, shaft and suction basket from stainless steel AISI 304"
                },
                {
                    "section": "Model",
                    "description": "blue line PS 3\""
                }
            ],
            "key_value_pairs": [
                {
                    "section": "Model",
                    "property": "Maximum discharge head",
                    "value": "70",
                    "unit": "[m]"
                },
                {
                    "section": "Model",
                    "property": "Voltage / frequency",
                    "value": "230 / 50",
                    "unit": "[V/Hz]"
                },
                {
                    "section": "Model",
                    "property": "Power",
                    "value": "550",
                    "unit": "[W]"
                },
                {
                    "section": "Model",
                    "property": "Maximum immersion depth",
                    "value": "20",
                    "unit": "[m]"
                },
                {
                    "section": "Model",
                    "property": "Sand content",
                    "value": "0,15",
                    "unit": "[%]"
                },
                {
                    "section": "Model",
                    "property": "Maximum fluid temperature",
                    "value": "35",
                    "unit": "[\u00b0C]"
                },
                {
                    "section": "Model",
                    "property": "Cable length",
                    "value": "20",
                    "unit": "[m]"
                },
                {
                    "section": "Model",
                    "property": "Degree of protection",
                    "value": "IP 68",
                    "unit": ""
                },
                {
                    "section": "Model",
                    "property": "Weight",
                    "value": "20",
                    "unit": "[kg]"
                },
                {
                    "section": "Model",
                    "property": "Dimension - length",
                    "value": "1135",
                    "unit": "[mm]"
                },
                {
                    "section": "Model",
                    "property": "Maximum flow",
                    "value": "3",
                    "unit": "[m^3/hod]"
                },
                {
                    "section": "Model",
                    "property": "Pump diameter",
                    "value": "3\"",
                    "unit": ""
                },
                {
                    "section": "Model",
                    "property": "Connection",
                    "value": "1\"",
                    "unit": ""
                },
                {
                    "section": "Model",
                    "property": "Insulation class",
                    "value": "B",
                    "unit": ""
                },
                null
            ]
        }
    ]
}