{
    "parts": [
        {
            "reference": "ZB00046840",
            "description": [
                {
                    "section": "",
                    "text": "pool pump"
                },
                {
                    "section": "",
                    "text": "BLUE LINE PFC-505"
                },
                {
                    "section": "",
                    "text": "Self-priming pool pumpwith built-in plastic pre-filter. Ideal for private pools with volume up to 50 m^3."
                },
                {
                    "section": "",
                    "text": "PUMPA BLUE LINE PFC-505"
                },
                {
                    "section": "Model",
                    "description": "blue line PFC 505 -"
                }
            ],
            "key_value_pairs": [
                {
                    "section": "Model",
                    "property": "Maximum flow",
                    "value": "10,5",
                    "unit": "[m^3/hod]"
                },
                {
                    "section": "Model",
                    "property": "Maximum discharge head",
                    "value": "10",
                    "unit": "[m]"
                },
                {
                    "section": "Model",
                    "property": "Voltage / frequency",
                    "value": "230 / 50",
                    "unit": "[V/Hz]"
                },
                {
                    "section": "Model",
                    "property": "Power",
                    "value": "500",
                    "unit": "[W]"
                },
                {
                    "section": "Model",
                    "property": "Connection",
                    "value": "6/4\u201c x 6/4\u201c",
                    "unit": ""
                },
                {
                    "section": "Model",
                    "property": "Maximum fluid temperature",
                    "value": "35",
                    "unit": "[\u00b0C]"
                },
                {
                    "section": "Model",
                    "property": "Maximum ambient temperature",
                    "value": "40",
                    "unit": "[\u00b0C]"
                },
                {
                    "section": "Model",
                    "property": "Pumped medium",
                    "value": "water containing chlorine or chlori - nated water, salt water",
                    "unit": ""
                },
                {
                    "section": "Model",
                    "property": "Degree of protection",
                    "value": "IP X5",
                    "unit": ""
                },
                {
                    "section": "Model",
                    "property": "Dimension L x H x W",
                    "value": "370 \u00d7 210 \u00d7 150",
                    "unit": "[mm]"
                },
                {
                    "section": "Model",
                    "property": "Maximum suction height",
                    "value": "3",
                    "unit": "[m]"
                },
                {
                    "section": "Model",
                    "property": "Insulation class",
                    "value": "B",
                    "unit": ""
                },
                {
                    "section": "Model",
                    "property": "Cable length",
                    "value": "1",
                    "unit": "[m]"
                },
                null
            ]
        }
    ]
}