{
    "parts": [
        {
            "reference": "ZB00001236",
            "description": [
                {
                    "section": "",
                    "text": "PUMPA BLUE LINE PJM800X-G"
                },
                {
                    "section": "",
                    "text": "garden self-priming JET pump"
                },
                {
                    "section": "",
                    "text": "BLUE LINE PJ M800X-G"
                },
                {
                    "section": "",
                    "text": "JET INOX garden self-priming pump with very high hydraulic output and considerable pressure efficiency. Pump is able to draw water from a depth of up to 8 meters"
                },
                {
                    "section": "Application",
                    "text": "Home water supply"
                },
                {
                    "section": "Application",
                    "text": "Small irrigation"
                },
                {
                    "section": "Model",
                    "description": "blue line PJM800X-G"
                }
            ],
            "key_value_pairs": [
                {
                    "section": "Model",
                    "property": "Maximum flow",
                    "value": "3,1",
                    "unit": "[m^3/hod]"
                },
                {
                    "section": "Model",
                    "property": "Maximum discharge head",
                    "value": "38",
                    "unit": "[m]"
                },
                {
                    "section": "Model",
                    "property": "Voltage / frequency",
                    "value": "230 / 50",
                    "unit": "[V/Hz]"
                },
                {
                    "section": "Model",
                    "property": "Power",
                    "value": "800",
                    "unit": "[W]"
                },
                {
                    "section": "Model",
                    "property": "Suction x discharge neck",
                    "value": "1\u201c x 1\u201c",
                    "unit": ""
                },
                {
                    "section": "Model",
                    "property": "Maximum ambient temperature",
                    "value": "40",
                    "unit": "[\u00b0C]"
                },
                {
                    "section": "Model",
                    "property": "Degree of protection",
                    "value": "IP X4",
                    "unit": ""
                },
                {
                    "section": "Model",
                    "property": "Insulation class",
                    "value": "130",
                    "unit": ""
                },
                {
                    "section": "Model",
                    "property": "Weight",
                    "value": "6,9",
                    "unit": "[kg]"
                },
                {
                    "section": "Model",
                    "property": "Dimension L x H x W",
                    "value": "330 \u00d7 240 x 205",
                    "unit": "[mm]"
                },
                {
                    "section": "Model",
                    "property": "Maximum suction height",
                    "value": "8",
                    "unit": "[m"
                },
                {
                    "section": "Model",
                    "property": "Maximum fluid temperature",
                    "value": "35",
                    "unit": "[\u00b0C]"
                },
                {
                    "section": "Model",
                    "property": "Cable length",
                    "value": "1",
                    "unit": "[m]"
                },
                null
            ]
        }
    ]
}