{
    "parts": [
        {
            "reference": "ZB00001174",
            "description": [
                {
                    "section": "",
                    "text": "PUMPA BLUE LINE PJm 100L - PW B"
                },
                {
                    "section": "",
                    "text": "pressure booster pump"
                },
                {
                    "section": "",
                    "text": "BLUE LINE PJm 100L - PWB"
                },
                {
                    "section": "",
                    "text": "Pressure booster pump with PWB vessel. For water supply from wells, for use in recreational facilities, in gardens and for irrigation. Maximum suction capacity 8 m."
                },
                {
                    "section": "Application",
                    "text": "suitable for water supply from wells"
                },
                {
                    "section": "Application",
                    "text": "for use in recreational facilities, in gardens and for irrigation"
                },
                {
                    "section": "Application",
                    "text": "suction capacity up to 8 meters"
                },
                {
                    "section": "Model",
                    "description": "blue line PJm 100L with PWB vessel 24 l"
                },
                {
                    "section": "Model",
                    "description": "blue line PJm 100L with PWB vessel 35 l"
                },
                {
                    "section": "Model",
                    "description": "blue line PJm 100L with PWB vessel 60 l"
                }
            ],
            "key_value_pairs": [
                {
                    "section": "Model",
                    "property": "Maximum discharge head",
                    "value": "45",
                    "unit": "[m]"
                },
                {
                    "section": "Model",
                    "property": "Maximum suction height",
                    "value": "8",
                    "unit": "[m]"
                },
                {
                    "section": "Model",
                    "property": "Voltage / frequency",
                    "value": "230 / 50",
                    "unit": "[V/Hz]"
                },
                {
                    "section": "Model",
                    "property": "Power",
                    "value": "750",
                    "unit": "[W]"
                },
                {
                    "section": "Model",
                    "property": "Connection",
                    "value": "1“ x 1“",
                    "unit": ""
                },
                {
                    "section": "Model",
                    "property": "Maximum fluid temperature",
                    "value": "35",
                    "unit": "[°C]"
                },
                {
                    "section": "Model",
                    "property": "Maximum operating pressure",
                    "value": "10",
                    "unit": "[bar]"
                },
                {
                    "section": "Model",
                    "property": "Switch-on pressure",
                    "value": "2,1",
                    "unit": "[bar]"
                },
                {
                    "section": "Model",
                    "property": "Switch-off pressure",
                    "value": "3,5",
                    "unit": "[bar]"
                },
                {
                    "section": "Model",
                    "property": "Rated current",
                    "value": "4,8",
                    "unit": "[A]"
                },
                {
                    "section": "Model",
                    "property": "Weight kg [",
                    "value": "24",
                    "unit": "]"
                },
                {
                    "section": "Model",
                    "property": "Dimension L x H x W",
                    "value": "600 x 500 x 250",
                    "unit": "[mm]"
                },
                {
                    "section": "Model",
                    "property": "Maximum flow",
                    "value": "3",
                    "unit": "[m^3/hod]"
                },
                null,
                {
                    "section": "Model",
                    "property": "Weight kg [",
                    "value": "26",
                    "unit": "]"
                },
                {
                    "section": "Model",
                    "property": "Dimension L x H x W",
                    "value": "750 × 650 x 400",
                    "unit": "[mm]"
                },
                {
                    "section": "Model",
                    "property": "Weight kg [",
                    "value": "30",
                    "unit": "]"
                },
                {
                    "section": "Model",
                    "property": "Dimension L x H x W",
                    "value": "800 x 700 x 450",
                    "unit": "[mm]"
                }
            ]
        },
        {
            "reference": "ZB00001175",
            "description": [
                {
                    "section": "",
                    "text": "PUMPA BLUE LINE PJm 100L - PW B"
                },
                {
                    "section": "",
                    "text": "pressure booster pump"
                },
                {
                    "section": "",
                    "text": "BLUE LINE PJm 100L - PWB"
                },
                {
                    "section": "",
                    "text": "Pressure booster pump with PWB vessel. For water supply from wells, for use in recreational facilities, in gardens and for irrigation. Maximum suction capacity 8 m."
                },
                {
                    "section": "Application",
                    "text": "suitable for water supply from wells"
                },
                {
                    "section": "Application",
                    "text": "for use in recreational facilities, in gardens and for irrigation"
                },
                {
                    "section": "Application",
                    "text": "suction capacity up to 8 meters"
                },
                {
                    "section": "Model",
                    "description": "blue line PJm 100L with PWB vessel 24 l"
                },
                {
                    "section": "Model",
                    "description": "blue line PJm 100L with PWB vessel 35 l"
                },
                {
                    "section": "Model",
                    "description": "blue line PJm 100L with PWB vessel 60 l"
                }
            ],
            "key_value_pairs": [
                {
                    "section": "Model",
                    "property": "Maximum discharge head",
                    "value": "45",
                    "unit": "[m]"
                },
                {
                    "section": "Model",
                    "property": "Maximum suction height",
                    "value": "8",
                    "unit": "[m]"
                },
                {
                    "section": "Model",
                    "property": "Voltage / frequency",
                    "value": "230 / 50",
                    "unit": "[V/Hz]"
                },
                {
                    "section": "Model",
                    "property": "Power",
                    "value": "750",
                    "unit": "[W]"
                },
                {
                    "section": "Model",
                    "property": "Connection",
                    "value": "1“ x 1“",
                    "unit": ""
                },
                {
                    "section": "Model",
                    "property": "Maximum fluid temperature",
                    "value": "35",
                    "unit": "[°C]"
                },
                {
                    "section": "Model",
                    "property": "Maximum operating pressure",
                    "value": "10",
                    "unit": "[bar]"
                },
                {
                    "section": "Model",
                    "property": "Switch-on pressure",
                    "value": "2,1",
                    "unit": "[bar]"
                },
                {
                    "section": "Model",
                    "property": "Switch-off pressure",
                    "value": "3,5",
                    "unit": "[bar]"
                },
                {
                    "section": "Model",
                    "property": "Rated current",
                    "value": "4,8",
                    "unit": "[A]"
                },
                {
                    "section": "Model",
                    "property": "Weight kg [",
                    "value": "24",
                    "unit": "]"
                },
                {
                    "section": "Model",
                    "property": "Dimension L x H x W",
                    "value": "600 x 500 x 250",
                    "unit": "[mm]"
                },
                {
                    "section": "Model",
                    "property": "Maximum flow",
                    "value": "3",
                    "unit": "[m^3/hod]"
                },
                null,
                {
                    "section": "Model",
                    "property": "Weight kg [",
                    "value": "26",
                    "unit": "]"
                },
                {
                    "section": "Model",
                    "property": "Dimension L x H x W",
                    "value": "750 × 650 x 400",
                    "unit": "[mm]"
                },
                {
                    "section": "Model",
                    "property": "Weight kg [",
                    "value": "30",
                    "unit": "]"
                },
                {
                    "section": "Model",
                    "property": "Dimension L x H x W",
                    "value": "800 x 700 x 450",
                    "unit": "[mm]"
                }
            ]
        },
        {
            "reference": "ZB00001176",
            "description": [
                {
                    "section": "",
                    "text": "PUMPA BLUE LINE PJm 100L - PW B"
                },
                {
                    "section": "",
                    "text": "pressure booster pump"
                },
                {
                    "section": "",
                    "text": "BLUE LINE PJm 100L - PWB"
                },
                {
                    "section": "",
                    "text": "Pressure booster pump with PWB vessel. For water supply from wells, for use in recreational facilities, in gardens and for irrigation. Maximum suction capacity 8 m."
                },
                {
                    "section": "Application",
                    "text": "suitable for water supply from wells"
                },
                {
                    "section": "Application",
                    "text": "for use in recreational facilities, in gardens and for irrigation"
                },
                {
                    "section": "Application",
                    "text": "suction capacity up to 8 meters"
                },
                {
                    "section": "Model",
                    "description": "blue line PJm 100L with PWB vessel 24 l"
                },
                {
                    "section": "Model",
                    "description": "blue line PJm 100L with PWB vessel 35 l"
                },
                {
                    "section": "Model",
                    "description": "blue line PJm 100L with PWB vessel 60 l"
                }
            ],
            "key_value_pairs": [
                {
                    "section": "Model",
                    "property": "Maximum discharge head",
                    "value": "45",
                    "unit": "[m]"
                },
                {
                    "section": "Model",
                    "property": "Maximum suction height",
                    "value": "8",
                    "unit": "[m]"
                },
                {
                    "section": "Model",
                    "property": "Voltage / frequency",
                    "value": "230 / 50",
                    "unit": "[V/Hz]"
                },
                {
                    "section": "Model",
                    "property": "Power",
                    "value": "750",
                    "unit": "[W]"
                },
                {
                    "section": "Model",
                    "property": "Connection",
                    "value": "1“ x 1“",
                    "unit": ""
                },
                {
                    "section": "Model",
                    "property": "Maximum fluid temperature",
                    "value": "35",
                    "unit": "[°C]"
                },
                {
                    "section": "Model",
                    "property": "Maximum operating pressure",
                    "value": "10",
                    "unit": "[bar]"
                },
                {
                    "section": "Model",
                    "property": "Switch-on pressure",
                    "value": "2,1",
                    "unit": "[bar]"
                },
                {
                    "section": "Model",
                    "property": "Switch-off pressure",
                    "value": "3,5",
                    "unit": "[bar]"
                },
                {
                    "section": "Model",
                    "property": "Rated current",
                    "value": "4,8",
                    "unit": "[A]"
                },
                {
                    "section": "Model",
                    "property": "Weight kg [",
                    "value": "24",
                    "unit": "]"
                },
                {
                    "section": "Model",
                    "property": "Dimension L x H x W",
                    "value": "600 x 500 x 250",
                    "unit": "[mm]"
                },
                {
                    "section": "Model",
                    "property": "Maximum flow",
                    "value": "3",
                    "unit": "[m^3/hod]"
                },
                null,
                {
                    "section": "Model",
                    "property": "Weight kg [",
                    "value": "26",
                    "unit": "]"
                },
                {
                    "section": "Model",
                    "property": "Dimension L x H x W",
                    "value": "750 × 650 x 400",
                    "unit": "[mm]"
                },
                {
                    "section": "Model",
                    "property": "Weight kg [",
                    "value": "30",
                    "unit": "]"
                },
                {
                    "section": "Model",
                    "property": "Dimension L x H x W",
                    "value": "800 x 700 x 450",
                    "unit": "[mm]"
                }
            ]
        }
    ]
}