{
    "parts": [
        {
            "reference": "ZB00001152",
            "description": [
                {
                    "section": "",
                    "text": "displacement pump"
                },
                {
                    "section": "",
                    "text": "BLUE LINE PTM80-1"
                },
                {
                    "section": "",
                    "text": "BLUE LINE PTM80 self-priming displacement pump designed for pumping clean water in irrigation systems with liquid temperatures up to 35 °C."
                },
                {
                    "section": "Application",
                    "text": "Pumping clean water"
                },
                {
                    "section": "Application",
                    "text": "Irrigation"
                },
                {
                    "section": "",
                    "text": "PUMPA BLUE LINE PTM80-1"
                },
                {
                    "section": "Model",
                    "description": "blue line PTM80-1"
                }
            ],
            "key_value_pairs": [
                {
                    "section": "Model",
                    "property": "Maximum flow",
                    "value": "3,6",
                    "unit": "[m^3/hod]"
                },
                {
                    "section": "Model",
                    "property": "Maximum discharge head",
                    "value": "70",
                    "unit": "[m]"
                },
                {
                    "section": "Model",
                    "property": "Voltage / frequency",
                    "value": "230 / 50",
                    "unit": "[V/Hz]"
                },
                {
                    "section": "Model",
                    "property": "Power",
                    "value": "750",
                    "unit": "[W]"
                },
                {
                    "section": "Model",
                    "property": "Suction x discharge neck",
                    "value": "1“ x 1“",
                    "unit": ""
                },
                {
                    "section": "Model",
                    "property": "Maximum ambient temperature",
                    "value": "40",
                    "unit": "[°C]"
                },
                {
                    "section": "Model",
                    "property": "Cable length",
                    "value": "0,3",
                    "unit": "[m]"
                },
                {
                    "section": "Model",
                    "property": "Degree of protection",
                    "value": "IP X4",
                    "unit": ""
                },
                {
                    "section": "Model",
                    "property": "Weight",
                    "value": "10,2",
                    "unit": "[kg]"
                },
                {
                    "section": "Model",
                    "property": "Dimension L x H x W",
                    "value": "300 × 185 × 140",
                    "unit": "mm]"
                },
                {
                    "section": "Model",
                    "property": "Maximum suction height",
                    "value": "6",
                    "unit": "[m"
                },
                {
                    "section": "Model",
                    "property": "Maximum fluid temperature",
                    "value": "35",
                    "unit": "[°C]"
                },
                {
                    "section": "Model",
                    "property": "Insulation class",
                    "value": "F",
                    "unit": ""
                },
                null
            ]
        }
    ]
}