{
    "parts": [
        {
            "reference": "ZB00001156",
            "description": [
                {
                    "section": "",
                    "text": "PUMPA BLUE LINE PJM 101C"
                },
                {
                    "section": "",
                    "text": "self-priming stainless steel JET pump"
                },
                {
                    "section": "",
                    "text": "BLUE LINE PJM 101C"
                },
                {
                    "section": "",
                    "text": "The surface pump with a stainless steel pump housing is designed for domestic use, for pumping clean water with a minimum amount of impurities."
                },
                {
                    "section": "Application",
                    "text": "Pumping water from wells and reservoirs"
                },
                {
                    "section": "Application",
                    "text": "Small irrigation"
                },
                {
                    "section": "Application",
                    "text": "Suitable for pressure vessel for use as a pressure booster pump"
                },
                {
                    "section": "Model",
                    "description": "blue line PJM 101C"
                }
            ],
            "key_value_pairs": [
                {
                    "section": "Model",
                    "property": "Maximum flow",
                    "value": "3,6",
                    "unit": "m3/hod]"
                },
                {
                    "section": "Model",
                    "property": "Maximum discharge head",
                    "value": "45",
                    "unit": "[m]"
                },
                {
                    "section": "Model",
                    "property": "Maximum suction height",
                    "value": "8",
                    "unit": "[m]"
                },
                {
                    "section": "Model",
                    "property": "Voltage / frequency",
                    "value": "230 / 50",
                    "unit": "[V/Hz]"
                },
                {
                    "section": "Model",
                    "property": "Power",
                    "value": "750",
                    "unit": "[W]"
                },
                {
                    "section": "Model",
                    "property": "Suction x discharge neck",
                    "value": "1\u201c x 1\u201c",
                    "unit": ""
                },
                {
                    "section": "Model",
                    "property": "Maximum fluid temperature",
                    "value": "35",
                    "unit": "[\u00b0C]"
                },
                {
                    "section": "Model",
                    "property": "Maximum ambient temperature [\u00b0",
                    "value": "40",
                    "unit": "C]"
                },
                {
                    "section": "Model",
                    "property": "Cable length",
                    "value": "0,3",
                    "unit": "[m]"
                },
                {
                    "section": "Model",
                    "property": "Degree of protection",
                    "value": "IP X4",
                    "unit": ""
                },
                {
                    "section": "Model",
                    "property": "Insulation class",
                    "value": "130",
                    "unit": ""
                },
                {
                    "section": "Model",
                    "property": "Weight [ kg",
                    "value": "10,4",
                    "unit": "]"
                },
                {
                    "section": "Model",
                    "property": "Dimension L x H x W",
                    "value": "360 \u00d7 200 \u00d7 195",
                    "unit": "[mm]"
                },
                null
            ]
        }
    ]
}