{
    "parts": [
        {
            "reference": "ZB00055042",
            "description": [
                {
                    "section": "",
                    "text": "PUMPA BLUE LINE PMC1004P. 1"
                },
                {
                    "section": "",
                    "text": "multistage submersible pump"
                },
                {
                    "section": "",
                    "text": "BLUE LINE PMC1004P.1"
                },
                {
                    "section": "",
                    "text": "Plastic multistage submersible pump with stainless steel casing and float switch."
                },
                {
                    "section": "Application",
                    "text": "It is designed for pumping clean drainage water with a maximum particle size of up to 1 mm from tanks, for irrigation or pumping water over from tanks."
                },
                {
                    "section": "Model",
                    "description": "blue line PMC1004P.1"
                }
            ],
            "key_value_pairs": [
                {
                    "section": "Model",
                    "property": "Maximum flow",
                    "value": "6,5",
                    "unit": "[m3/hod]"
                },
                {
                    "section": "Model",
                    "property": "Voltage / frequency",
                    "value": "230 / 50",
                    "unit": "[V/Hz]"
                },
                {
                    "section": "Model",
                    "property": "Power",
                    "value": "600",
                    "unit": "[W]"
                },
                {
                    "section": "Model",
                    "property": "Maximum fluid temperature",
                    "value": "35",
                    "unit": "[\u00b0C]"
                },
                {
                    "section": "Model",
                    "property": "Cable length",
                    "value": "10",
                    "unit": "[m]"
                },
                {
                    "section": "Model",
                    "property": "Dimensions",
                    "value": "diameter 145, height 435",
                    "unit": "[mm]"
                },
                {
                    "section": "Model",
                    "property": "Maximum discharge head",
                    "value": "40",
                    "unit": "[m]"
                },
                {
                    "section": "Model",
                    "property": "Connection",
                    "value": "1\"",
                    "unit": ""
                },
                {
                    "section": "Model",
                    "property": "Maximum immersion depth",
                    "value": "7",
                    "unit": "[m]"
                },
                null
            ]
        }
    ]
}