{
    "parts": [
        {
            "reference": "ZB00001160",
            "description": [
                {
                    "section": "",
                    "text": "PUMPA BLUE LINE PSP12-8.5/0.45L, PSP18-12/0.75L"
                },
                {
                    "section": "",
                    "text": "submersible sewage pump"
                },
                {
                    "section": "",
                    "text": "BLUE LINE PSP 12-8,5"
                },
                {
                    "section": "",
                    "text": "BLUE LINE PSP18 12 -"
                },
                {
                    "section": "",
                    "text": "Single-phase submersible sewage pump. The bottom suction allows almost complete drainage, stainless steel and special cast iron protect the pump from corrosion."
                },
                {
                    "section": "Application",
                    "text": "For draining clean or contaminated water"
                },
                {
                    "section": "Application",
                    "text": "For irrigation"
                },
                {
                    "section": "Application",
                    "text": "For draining pools"
                },
                {
                    "section": "Application",
                    "text": "Pumping water over from tanks"
                },
                {
                    "section": "Model",
                    "description": "blue line PSP12-8,5/0.451"
                },
                {
                    "section": "Model",
                    "description": "blue line PSP18-12/0.75l"
                }
            ],
            "key_value_pairs": [
                {
                    "section": "Model",
                    "property": "Maximum flow",
                    "value": "12",
                    "unit": "[m^3/hod]"
                },
                {
                    "section": "Model",
                    "property": "Maximum discharge head",
                    "value": "8,5",
                    "unit": "[m]"
                },
                {
                    "section": "Model",
                    "property": "Voltage / frequency",
                    "value": "230 / 50",
                    "unit": "[V/Hz]"
                },
                {
                    "section": "Model",
                    "property": "Power",
                    "value": "450",
                    "unit": "[W]"
                },
                {
                    "section": "Model",
                    "property": "Float switch",
                    "value": "yes",
                    "unit": ""
                },
                {
                    "section": "Model",
                    "property": "Maximum diameter of coarse dirt",
                    "value": "25",
                    "unit": "[mm]"
                },
                {
                    "section": "Model",
                    "property": "Maximum fluid temperature",
                    "value": "35",
                    "unit": "[°C]"
                },
                {
                    "section": "Model",
                    "property": "Maximum ambient temperature",
                    "value": "40",
                    "unit": "[°C]"
                },
                {
                    "section": "Model",
                    "property": "Degree of protection",
                    "value": "IP X8",
                    "unit": ""
                },
                {
                    "section": "Model",
                    "property": "Weight [ kg",
                    "value": "18",
                    "unit": "]"
                },
                {
                    "section": "Model",
                    "property": "Dimension L x H x W",
                    "value": "495 x 195 × 255",
                    "unit": "mm]"
                },
                {
                    "section": "Model",
                    "property": "Connection",
                    "value": "2“",
                    "unit": ""
                },
                {
                    "section": "Model",
                    "property": "Maximum immersion depth",
                    "value": "5",
                    "unit": "[m]"
                },
                {
                    "section": "Model",
                    "property": "Minimum water level for operation cm [",
                    "value": "7",
                    "unit": "]"
                },
                {
                    "section": "Model",
                    "property": "Cable length",
                    "value": "6",
                    "unit": "[m]"
                },
                {
                    "section": "Model",
                    "property": "Insulation class",
                    "value": "B",
                    "unit": ""
                },
                null,
                {
                    "section": "Model",
                    "property": "Maximum flow",
                    "value": "18",
                    "unit": "[m^3/hod]"
                },
                {
                    "section": "Model",
                    "property": "Maximum discharge head",
                    "value": "12",
                    "unit": "[m]"
                },
                {
                    "section": "Model",
                    "property": "Power",
                    "value": "750",
                    "unit": "[W]"
                },
                {
                    "section": "Model",
                    "property": "Weight [ kg",
                    "value": "22",
                    "unit": "]"
                },
                {
                    "section": "Model",
                    "property": "Dimension L x H x W",
                    "value": "535 × 195 x 255",
                    "unit": "mm]"
                }
            ]
        },
        {
            "reference": "ZB00001161",
            "description": [
                {
                    "section": "",
                    "text": "PUMPA BLUE LINE PSP12-8.5/0.45L, PSP18-12/0.75L"
                },
                {
                    "section": "",
                    "text": "submersible sewage pump"
                },
                {
                    "section": "",
                    "text": "BLUE LINE PSP 12-8,5"
                },
                {
                    "section": "",
                    "text": "BLUE LINE PSP18 12 -"
                },
                {
                    "section": "",
                    "text": "Single-phase submersible sewage pump. The bottom suction allows almost complete drainage, stainless steel and special cast iron protect the pump from corrosion."
                },
                {
                    "section": "Application",
                    "text": "For draining clean or contaminated water"
                },
                {
                    "section": "Application",
                    "text": "For irrigation"
                },
                {
                    "section": "Application",
                    "text": "For draining pools"
                },
                {
                    "section": "Application",
                    "text": "Pumping water over from tanks"
                },
                {
                    "section": "Model",
                    "description": "blue line PSP12-8,5/0.451"
                },
                {
                    "section": "Model",
                    "description": "blue line PSP18-12/0.75l"
                }
            ],
            "key_value_pairs": [
                {
                    "section": "Model",
                    "property": "Maximum flow",
                    "value": "12",
                    "unit": "[m^3/hod]"
                },
                {
                    "section": "Model",
                    "property": "Maximum discharge head",
                    "value": "8,5",
                    "unit": "[m]"
                },
                {
                    "section": "Model",
                    "property": "Voltage / frequency",
                    "value": "230 / 50",
                    "unit": "[V/Hz]"
                },
                {
                    "section": "Model",
                    "property": "Power",
                    "value": "450",
                    "unit": "[W]"
                },
                {
                    "section": "Model",
                    "property": "Float switch",
                    "value": "yes",
                    "unit": ""
                },
                {
                    "section": "Model",
                    "property": "Maximum diameter of coarse dirt",
                    "value": "25",
                    "unit": "[mm]"
                },
                {
                    "section": "Model",
                    "property": "Maximum fluid temperature",
                    "value": "35",
                    "unit": "[°C]"
                },
                {
                    "section": "Model",
                    "property": "Maximum ambient temperature",
                    "value": "40",
                    "unit": "[°C]"
                },
                {
                    "section": "Model",
                    "property": "Degree of protection",
                    "value": "IP X8",
                    "unit": ""
                },
                {
                    "section": "Model",
                    "property": "Weight [ kg",
                    "value": "18",
                    "unit": "]"
                },
                {
                    "section": "Model",
                    "property": "Dimension L x H x W",
                    "value": "495 x 195 × 255",
                    "unit": "mm]"
                },
                {
                    "section": "Model",
                    "property": "Connection",
                    "value": "2“",
                    "unit": ""
                },
                {
                    "section": "Model",
                    "property": "Maximum immersion depth",
                    "value": "5",
                    "unit": "[m]"
                },
                {
                    "section": "Model",
                    "property": "Minimum water level for operation cm [",
                    "value": "7",
                    "unit": "]"
                },
                {
                    "section": "Model",
                    "property": "Cable length",
                    "value": "6",
                    "unit": "[m]"
                },
                {
                    "section": "Model",
                    "property": "Insulation class",
                    "value": "B",
                    "unit": ""
                },
                null,
                {
                    "section": "Model",
                    "property": "Maximum flow",
                    "value": "18",
                    "unit": "[m^3/hod]"
                },
                {
                    "section": "Model",
                    "property": "Maximum discharge head",
                    "value": "12",
                    "unit": "[m]"
                },
                {
                    "section": "Model",
                    "property": "Power",
                    "value": "750",
                    "unit": "[W]"
                },
                {
                    "section": "Model",
                    "property": "Weight [ kg",
                    "value": "22",
                    "unit": "]"
                },
                {
                    "section": "Model",
                    "property": "Dimension L x H x W",
                    "value": "535 × 195 x 255",
                    "unit": "mm]"
                }
            ]
        }
    ]
}