[
    {
        "parts": [
            {
                "reference": "PFC-505",
                "brand": "pumpa blue line",
                "description": [
                    {
                        "section": "pool pump",
                        "text": "Self-priming pool pump with built-in plastic pre-filter. Ideal for private pools with volume up to 50 m\u00b3."
                    }
                ],
                "key_value_pairs": [
                    {
                        "section": "Technical Specifications",
                        "property": "Model",
                        "value": "blue line PFC-505",
                        "unit": ""
                    },
                    {
                        "section": "Technical Specifications",
                        "property": "Code",
                        "value": "Z800046840",
                        "unit": ""
                    },
                    {
                        "section": "Technical Specifications",
                        "property": "Maximum flow",
                        "value": "10.5",
                        "unit": "m\u00b3/hod"
                    },
                    {
                        "section": "Technical Specifications",
                        "property": "Maximum discharge head",
                        "value": "10",
                        "unit": "m"
                    },
                    {
                        "section": "Technical Specifications",
                        "property": "Maximum suction height",
                        "value": "3",
                        "unit": "m"
                    },
                    {
                        "section": "Technical Specifications",
                        "property": "Voltage / frequency",
                        "value": "230 / 50",
                        "unit": "V/Hz"
                    },
                    {
                        "section": "Technical Specifications",
                        "property": "Power",
                        "value": "500",
                        "unit": "W"
                    },
                    {
                        "section": "Technical Specifications",
                        "property": "Connection",
                        "value": "6/4\" x 6/4\"",
                        "unit": ""
                    },
                    {
                        "section": "Technical Specifications",
                        "property": "Maximum fluid temperature",
                        "value": "35",
                        "unit": "\u00b0C"
                    },
                    {
                        "section": "Technical Specifications",
                        "property": "Maximum ambient temperature",
                        "value": "40",
                        "unit": "\u00b0C"
                    },
                    {
                        "section": "Technical Specifications",
                        "property": "Pumped medium",
                        "value": "water containing chlorine or chlorinated water, salt water",
                        "unit": ""
                    },
                    {
                        "section": "Technical Specifications",
                        "property": "Degree of protection",
                        "value": "IP X5",
                        "unit": ""
                    },
                    {
                        "section": "Technical Specifications",
                        "property": "Insulation class",
                        "value": "B",
                        "unit": ""
                    },
                    {
                        "section": "Technical Specifications",
                        "property": "Dimension L x H x W",
                        "value": "370 x 210 x 150",
                        "unit": "mm"
                    },
                    {
                        "section": "Technical Specifications",
                        "property": "Cable length",
                        "value": "1",
                        "unit": "m"
                    }
                ]
            }
        ]
    }
]