{
    "parts": [
        {
            "reference": "ZB00061718",
            "brand": "blue line",
            "description": [
                {
                    "section": "4\" submersible screw pump",
                    "text": "Submersible 4\" pump for wells and boreholes. Designed for supplying households and lodges or garden irrigation with clean water."
                },
                {
                    "section": "Application",
                    "text": "Pumping clean water from dug and drilled wells. The pump can be used alone or with a pressure vessel as a pressure booster pump."
                },
                {
                    "section": "Characteristic design features",
                    "text": "Rewindable motor. Main parts of hydraulics and connecting material made of stainless steel. Cast iron hydraulic cover with special anti-corrosion treatment."
                }
            ],
            "key_value_pairs": [
                {
                    "section": "Technical Specifications",
                    "property": "Model",
                    "value": "blue line Odra 4-16",
                    "unit": ""
                },
                {
                    "section": "Technical Specifications",
                    "property": "Maximum flow",
                    "value": "3.3",
                    "unit": "m\u00b3/hud"
                },
                {
                    "section": "Technical Specifications",
                    "property": "Maximum head",
                    "value": "90",
                    "unit": "m"
                },
                {
                    "section": "Technical Specifications",
                    "property": "Pump diameter",
                    "value": "4",
                    "unit": "\""
                },
                {
                    "section": "Technical Specifications",
                    "property": "Voltage/frequency",
                    "value": "400 / 50",
                    "unit": "V/Hz"
                },
                {
                    "section": "Technical Specifications",
                    "property": "Power",
                    "value": "1100",
                    "unit": "W"
                },
                {
                    "section": "Technical Specifications",
                    "property": "Connection",
                    "value": "1",
                    "unit": "\""
                },
                {
                    "section": "Technical Specifications",
                    "property": "Maximum immersion depth",
                    "value": "100",
                    "unit": "m"
                },
                {
                    "section": "Technical Specifications",
                    "property": "Maximum liquid temperature",
                    "value": "35",
                    "unit": "\u00b0C"
                },
                {
                    "section": "Technical Specifications",
                    "property": "Cable length",
                    "value": "1.7",
                    "unit": "m"
                },
                {
                    "section": "Technical Specifications",
                    "property": "Protection",
                    "value": "IP 68",
                    "unit": ""
                },
                {
                    "section": "Technical Specifications",
                    "property": "Insulation class",
                    "value": "B",
                    "unit": ""
                },
                {
                    "section": "Technical Specifications",
                    "property": "Weight",
                    "value": "12.8",
                    "unit": "kg"
                },
                {
                    "section": "Technical Specifications",
                    "property": "Dimension - length",
                    "value": "710",
                    "unit": "mm"
                }
            ]
        }
    ]
}