{
    "parts": [
        {
            "reference": "PSCM480",
            "brand": "pumpa blue line",
            "description": [
                {
                    "section": "Description",
                    "text": "Submersible pump for pumping clean or slightly contaminated drainage water from cellars, tanks, for draining pools and ponds and for irrigation. It has the ability to draw up to 1 mm from the bottom."
                },
                {
                    "section": "Application",
                    "text": "For draining clean or dirty water. For pumping water over from cellars and tanks. Irrigation. For draining pools and ponds."
                }
            ],
            "key_value_pairs": [
                {
                    "section": "Technical specification",
                    "property": "Model",
                    "value": "blue line PSCM480",
                    "unit": ""
                },
                {
                    "section": "Technical specification",
                    "property": "Code",
                    "value": "ZB00065128",
                    "unit": ""
                },
                {
                    "section": "Technical specification",
                    "property": "Maximum flow",
                    "value": "13.5",
                    "unit": "m\u00b3/hsd"
                },
                {
                    "section": "Technical specification",
                    "property": "Maximum head",
                    "value": "11.5",
                    "unit": "m"
                },
                {
                    "section": "Technical specification",
                    "property": "Voltage/frequency",
                    "value": "230 / 50",
                    "unit": "V/Hz"
                },
                {
                    "section": "Technical specification",
                    "property": "Power",
                    "value": "480",
                    "unit": "W"
                },
                {
                    "section": "Technical specification",
                    "property": "Connection",
                    "value": "1\"",
                    "unit": ""
                },
                {
                    "section": "Technical specification",
                    "property": "Maximum immersion depth",
                    "value": "10",
                    "unit": "m"
                },
                {
                    "section": "Technical specification",
                    "property": "Float switch",
                    "value": "no",
                    "unit": ""
                },
                {
                    "section": "Technical specification",
                    "property": "Maximum diameter of coarse dirt",
                    "value": "6",
                    "unit": "mm"
                },
                {
                    "section": "Technical specification",
                    "property": "Maximum liquid temperature",
                    "value": "40",
                    "unit": "\u00b0C"
                },
                {
                    "section": "Technical specification",
                    "property": "Cable length",
                    "value": "8",
                    "unit": "m"
                },
                {
                    "section": "Technical specification",
                    "property": "Protection",
                    "value": "IP 68",
                    "unit": ""
                },
                {
                    "section": "Technical specification",
                    "property": "Insulation class",
                    "value": "F",
                    "unit": ""
                },
                {
                    "section": "Technical specification",
                    "property": "Weight",
                    "value": "12.6",
                    "unit": "kg"
                },
                {
                    "section": "Technical specification",
                    "property": "Dimension L x H x W",
                    "value": "205 x 325 x 205",
                    "unit": "mm"
                }
            ]
        }
    ]
}