{
    "parts": [
        {
            "reference": "ZB00001156",
            "brand": "pumpa blue line",
            "description": [
                {
                    "section": "BLUE LINE PJM 101C",
                    "text": "The surface pump with a stainless steel pump housing is designed for domestic use, for pumping clean water with a minimum amount of impurities."
                },
                {
                    "section": "Application",
                    "text": "Pumping water from wells and reservoirs, Small irrigation, Suitable for pressure vessel for use as a pressure booster pump"
                }
            ],
            "key_value_pairs": [
                {
                    "section": "Technical Specifications",
                    "property": "Model",
                    "value": "blue line PJM 101C",
                    "unit": ""
                },
                {
                    "section": "Technical Specifications",
                    "property": "Maximum flow",
                    "value": "3.6",
                    "unit": "m3/hod"
                },
                {
                    "section": "Technical Specifications",
                    "property": "Maximum discharge head",
                    "value": "45",
                    "unit": "m"
                },
                {
                    "section": "Technical Specifications",
                    "property": "Maximum suction height",
                    "value": "8",
                    "unit": "m"
                },
                {
                    "section": "Technical Specifications",
                    "property": "Voltage / frequency",
                    "value": "230 / 50",
                    "unit": "V/Hz"
                },
                {
                    "section": "Technical Specifications",
                    "property": "Power",
                    "value": "750",
                    "unit": "W"
                },
                {
                    "section": "Technical Specifications",
                    "property": "Suction x discharge neck",
                    "value": "1'' x 1''",
                    "unit": ""
                },
                {
                    "section": "Technical Specifications",
                    "property": "Maximum fluid temperature",
                    "value": "35",
                    "unit": "\u00b0C"
                },
                {
                    "section": "Technical Specifications",
                    "property": "Maximum ambient temperature",
                    "value": "40",
                    "unit": "\u00b0C"
                },
                {
                    "section": "Technical Specifications",
                    "property": "Cable length",
                    "value": "0.3",
                    "unit": "m"
                },
                {
                    "section": "Technical Specifications",
                    "property": "Degree of protection",
                    "value": "IP X4",
                    "unit": ""
                },
                {
                    "section": "Technical Specifications",
                    "property": "Insulation class",
                    "value": "130",
                    "unit": ""
                },
                {
                    "section": "Technical Specifications",
                    "property": "Weight",
                    "value": "10.4",
                    "unit": "kg"
                },
                {
                    "section": "Technical Specifications",
                    "property": "Dimension L x H x W",
                    "value": "360 x 200 x 195",
                    "unit": "mm"
                }
            ]
        }
    ]
}