[
    {
        "parts": [
            {
                "reference": "3PVM750-120",
                "brand": "pumpa blue line",
                "description": [
                    {
                        "section": "Application",
                        "text": "For boreholes from 100 mm\nRainwater irrigation\nPumping clean water for households\nPower supply for pressure systems\nWater circulation in fountains\nTank filling and emptying"
                    },
                    {
                        "section": "Characteristic design features",
                        "text": "Stainless steel shaft, casing and hydraulics\nSpindle in rubber stator\nBuilt-in check valve\nOil-cooled motor with compensating diaphragm\nGraphite seal protected against sand by a ring\nParts are non-toxic and non-polluting"
                    }
                ],
                "key_value_pairs": [
                    {
                        "section": "Technical Specifications",
                        "property": "Code",
                        "value": "ZB00061165",
                        "unit": ""
                    },
                    {
                        "section": "Technical Specifications",
                        "property": "Maximum flow",
                        "value": "1,8",
                        "unit": "m\u00b3/hod"
                    },
                    {
                        "section": "Technical Specifications",
                        "property": "Maximum head",
                        "value": "120",
                        "unit": "m"
                    },
                    {
                        "section": "Technical Specifications",
                        "property": "Pump diameter",
                        "value": "3",
                        "unit": "inches"
                    },
                    {
                        "section": "Technical Specifications",
                        "property": "Voltage/frequency",
                        "value": "230 / 50",
                        "unit": "V/Hz"
                    },
                    {
                        "section": "Technical Specifications",
                        "property": "Power",
                        "value": "750",
                        "unit": "W"
                    },
                    {
                        "section": "Technical Specifications",
                        "property": "Connection",
                        "value": "1",
                        "unit": "inches"
                    },
                    {
                        "section": "Technical Specifications",
                        "property": "Maximum immersion depth",
                        "value": "40",
                        "unit": "m"
                    },
                    {
                        "section": "Technical Specifications",
                        "property": "Maximum liquid temperature",
                        "value": "35",
                        "unit": "\u00b0C"
                    },
                    {
                        "section": "Technical Specifications",
                        "property": "Cable length",
                        "value": "40",
                        "unit": "m"
                    },
                    {
                        "section": "Technical Specifications",
                        "property": "Protection",
                        "value": "IP 68",
                        "unit": ""
                    },
                    {
                        "section": "Technical Specifications",
                        "property": "Insulation class",
                        "value": "B",
                        "unit": ""
                    },
                    {
                        "section": "Technical Specifications",
                        "property": "Weight",
                        "value": "14",
                        "unit": "kg"
                    },
                    {
                        "section": "Technical Specifications",
                        "property": "Dimension - length",
                        "value": "687",
                        "unit": "mm"
                    }
                ]
            }
        ]
    }
]