{
    "parts": [
        {
            "reference": "NO_REF",
            "brand": "",
            "description": [
                {
                    "section": "Physical Attributes",
                    "text": "Mounting Type: DIN Rail\nNo. of Modules - Width 17.5 mm: 2\nOperational Temperature Range (\u00b0C): -25 to +55\nWidth in Number of Modular Spacings: 2"
                },
                {
                    "section": "Dimensions",
                    "text": "Built-in Depth (mm): 58\nDimensions (mm): 36 W \u00d7 85 H \u00d7 65 D"
                },
                {
                    "section": "Protection & Standards",
                    "text": "Degree of Protection: IP20\nPollution Degree: 3"
                },
                {
                    "section": "Resources",
                    "text": "Product catalogue (Flipbook)\nDownload from here"
                }
            ],
            "key_value_pairs": [
                {
                    "section": "Terminal Type",
                    "property": "Terminal Type",
                    "value": "Screw",
                    "unit": ""
                },
                {
                    "section": "Utilization Category",
                    "property": "Utilization Category",
                    "value": "AC-1 According to EN IEC 60947-4-1",
                    "unit": ""
                },
                {
                    "section": "Physical Attributes",
                    "property": "Mounting Type",
                    "value": "DIN Rail",
                    "unit": ""
                },
                {
                    "section": "Physical Attributes",
                    "property": "No. of Modules - Width 17.5 mm",
                    "value": "2",
                    "unit": ""
                },
                {
                    "section": "Physical Attributes",
                    "property": "Operational Temperature Range",
                    "value": "-25 to +55",
                    "unit": "\u00b0C"
                },
                {
                    "section": "Physical Attributes",
                    "property": "Width in Number of Modular Spacings",
                    "value": "2",
                    "unit": ""
                },
                {
                    "section": "Dimensions",
                    "property": "Built-in Depth",
                    "value": "58",
                    "unit": "mm"
                },
                {
                    "section": "Dimensions",
                    "property": "Dimensions",
                    "value": "36 W \u00d7 85 H \u00d7 65 D",
                    "unit": "mm"
                },
                {
                    "section": "Protection & Standards",
                    "property": "Degree of Protection",
                    "value": "IP20",
                    "unit": ""
                },
                {
                    "section": "Protection & Standards",
                    "property": "Pollution Degree",
                    "value": "3",
                    "unit": ""
                }
            ]
        }
    ]
}