{
    "parts": [
        {
            "reference": "E13AXC",
            "brand": "NO_BRAND",
            "description": [
                {
                    "section": "DESCRIPTION",
                    "text": "Direct acting spring return normally closed solenoid, conforming to CNOMO standards."
                },
                {
                    "section": "DESCRIPTION",
                    "text": "Hazardous area approved pilot operators"
                },
                {
                    "section": "DESCRIPTION",
                    "text": "ExnA, Ex e mb, Exd & Exia"
                },
                {
                    "section": "DESCRIPTION",
                    "text": "Various international approvals"
                },
                {
                    "section": "DESCRIPTION",
                    "text": "ATEX, IECEx, FM/CSA & CCCEx"
                },
                {
                    "section": "DESCRIPTION",
                    "text": "Body material available in"
                },
                {
                    "section": "DESCRIPTION",
                    "text": "Aluminium (standard)"
                },
                {
                    "section": "DESCRIPTION",
                    "text": "Stainless Steel"
                },
                {
                    "section": "DESCRIPTION",
                    "text": "Brass"
                },
                {
                    "section": "DESCRIPTION",
                    "text": "Valve Assembly illustrated with an Exd coil for reference only."
                },
                {
                    "section": "FEATURES",
                    "text": "Direct mounting to all valves meeting CNOMO fixing dimensions"
                },
                {
                    "section": "FEATURES",
                    "text": "Interchangeable coils, including various hazardous area options"
                },
                {
                    "section": "FEATURES",
                    "text": "Pilot exhaust caps fitted as standard"
                },
                {
                    "section": "FEATURES",
                    "text": "SIL 2 capable (De-energise to trip @ HFT=0), SIL 3 Capable (De-energise to trip @ HFT=1)"
                },
                {
                    "section": "FEATURES",
                    "text": "Our manual override options are NOT currently covered by SIL Certification"
                }
            ],
            "key_value_pairs": [
                {
                    "section": "Coil",
                    "property": "A",
                    "value": "Exia"
                },
                {
                    "section": "Coil",
                    "property": "B",
                    "value": "Terminal Box"
                },
                {
                    "section": "Coil",
                    "property": "D",
                    "value": "Exd"
                },
                {
                    "section": "Coil",
                    "property": "H",
                    "value": "Plug & Socket Exia"
                },
                {
                    "section": "Coil",
                    "property": "E",
                    "value": "MC30 Plug & Socket"
                },
                {
                    "section": "Coil",
                    "property": "F",
                    "value": "MC30 Plug & Socket with LED"
                },
                {
                    "section": "Coil",
                    "property": "F",
                    "value": "Plug & Socket"
                },
                {
                    "section": "Coil",
                    "property": "G",
                    "value": "Exia Stainless Steel Housing"
                },
                {
                    "section": "Coil",
                    "property": "H",
                    "value": "Exia Plug & Socket"
                },
                {
                    "section": "Coil",
                    "property": "J",
                    "value": "Stainless Steel Housing"
                },
                {
                    "section": "Coil",
                    "property": "K",
                    "value": "Exe mb Stainless Steel Housing"
                },
                {
                    "section": "Standard",
                    "property": "Voltage",
                    "value": "A",
                    "unit": "24v DC"
                },
                {
                    "section": "Standard",
                    "property": "Voltage",
                    "value": "B",
                    "unit": "24v DC Low"
                },
                {
                    "section": "Standard",
                    "property": "Voltage",
                    "value": "C",
                    "unit": "24v AC (50/60 Hz)"
                },
                {
                    "section": "Standard",
                    "property": "Voltage",
                    "value": "D",
                    "unit": "240v AC (50/60 Hz)"
                },
                {
                    "section": "Standard",
                    "property": "Designator",
                    "value": "A",
                    "unit": "ATEX / IECEx / CCCEx"
                },
                {
                    "section": "Standard",
                    "property": "Designator",
                    "value": "B",
                    "unit": "1/2\" NPT electrical connection"
                },
                {
                    "section": "Standard",
                    "property": "Designator",
                    "value": "F",
                    "unit": "FM / CSA"
                },
                {
                    "section": "Standard",
                    "property": "Designator",
                    "value": "H",
                    "unit": "ATEX Ex e mb"
                },
                {
                    "section": "Standard",
                    "property": "Designator",
                    "value": "J",
                    "unit": "ATEX Ex e mb"
                },
                {
                    "section": "Standard",
                    "property": "Designator",
                    "value": "K",
                    "unit": "Valve body brass"
                },
                {
                    "section": "Standard",
                    "property": "Designator",
                    "value": "L",
                    "unit": "1/2\" NPT electrical connection"
                },
                {
                    "section": "Standard",
                    "property": "Designator",
                    "value": "L",
                    "unit": "Low temperature duty"
                },
                {
                    "section": "Standard",
                    "property": "Designator",
                    "value": "J",
                    "unit": "Valve body stainless steel"
                }
            ]
        }
    ]
}