{
    "parts": [
        {
            "reference": "EC001180",
            "brand": "ETIM",
            "description": [
                {
                    "section": "Product Description",
                    "text": "Screw connection for protective metallic hose"
                }
            ],
            "key_value_pairs": [
                {
                    "section": "Technical Specifications",
                    "property": "One-piece",
                    "value": "N",
                    "unit": ""
                },
                {
                    "section": "Technical Specifications",
                    "property": "Material housing",
                    "value": "Other",
                    "unit": ""
                },
                {
                    "section": "Technical Specifications",
                    "property": "Surface protection",
                    "value": "Other",
                    "unit": ""
                },
                {
                    "section": "Technical Specifications",
                    "property": "Approved in combination with protective conduit CSA",
                    "value": "Y",
                    "unit": ""
                },
                {
                    "section": "Technical Specifications",
                    "property": "Approved in combination with protective conduit UL",
                    "value": "Y",
                    "unit": ""
                }
            ]
        }
    ]
}