{
    "parts": [
        {
            "reference": "NO_REF",
            "brand": "CommScope",
            "description": [
                {
                    "section": "Cable family",
                    "text": "Outdoor Arid Core Gel-Free Tubes"
                },
                {
                    "section": "Fiber count",
                    "text": "This field specifies the total fiber count in the cable. A value of \"002\" means 2 fiber strands, \"048\" means 48 fiber strands. Valid fiber counts are: 002, 004, 006, 008, 012, 024, 036, 048, 72, 96 144, 288."
                },
                {
                    "section": "Cable construction",
                    "text": "Stranded Loose Tube All-Dielectric"
                },
                {
                    "section": "Fiber type",
                    "text": "G.652.D / G.657.A1"
                },
                {
                    "section": "Unit of measure",
                    "text": "Marked in meters"
                },
                {
                    "section": "Subunit Fiber Count",
                    "text": "01-24 \"01\" means 1 fiber per sub unit (tube)."
                },
                {
                    "section": "Material Specifications",
                    "text": "Jacket Material: High density polyethylene (HDPE), Low Smoke Zero Halogen (LSZH)"
                },
                {
                    "section": "Environmental Specifications",
                    "text": "Operating Temperature: -40 \u00b0C to +70 \u00b0C (-40 \u00b0F to +158 \u00b0F), Storage Temperature: -40 \u00b0C to +70 \u00b0C (-40 \u00b0F to +158 \u00b0F)"
                },
                {
                    "section": "Cable Qualification Standards",
                    "text": "IEC 60794-1-2"
                },
                {
                    "section": "Jacket UV Resistance",
                    "text": "UV stabilized"
                }
            ],
            "key_value_pairs": [
                {
                    "section": "CPR Rating",
                    "property": "B",
                    "value": "Bca rated cable"
                },
                {
                    "section": "CPR Rating",
                    "property": "C",
                    "value": "Cca rated cable"
                },
                {
                    "section": "CPR Rating",
                    "property": "D",
                    "value": "Dca rated cable"
                },
                {
                    "section": "CPR Rating",
                    "property": "E",
                    "value": "Eca rated cable"
                },
                {
                    "section": "Special Cable Construction",
                    "property": "HTS",
                    "value": "High Tensile Strength"
                },
                {
                    "section": "Special Cable Construction",
                    "property": "GY",
                    "value": "Glass Yarn Strength Elements"
                },
                {
                    "section": "Special Cable Construction",
                    "property": "AY",
                    "value": "Aramid Yarns Strength Elements"
                },
                {
                    "section": "Special Cable Construction",
                    "property": "GRPA",
                    "value": "GRP Rod Dielectric Armored"
                },
                {
                    "section": "Special Cable Construction",
                    "property": "NR",
                    "value": "No Ripcord"
                },
                {
                    "section": "Specialty Material jackets",
                    "property": "AJ",
                    "value": "Alternative Jacket (Rodent Resistant)"
                },
                {
                    "section": "Specialty Material jackets",
                    "property": "HD",
                    "value": "High Density Polyethylene"
                },
                {
                    "section": "Specialty Material jackets",
                    "property": "PA",
                    "value": "Nylon Jacket"
                },
                {
                    "section": "Tube Size & Type",
                    "property": "15G",
                    "value": "1.5 mm Gel-Filled / B-LN cable 250\u03bc"
                },
                {
                    "section": "Tube Size & Type",
                    "property": "17T200",
                    "value": "1.7 mm Gel-filled / B-LN cable 200\u03bc"
                },
                {
                    "section": "Tube Size & Type",
                    "property": "14",
                    "value": "1.4 mm Micro sheath cable"
                },
                {
                    "section": "Tube Size & Type",
                    "property": "16G",
                    "value": "1.60 mm Gel-Filled / Other BL-N cable"
                },
                {
                    "section": "Tube Size & Type",
                    "property": "25D",
                    "value": "2.50 mm Gel-Free"
                },
                {
                    "section": "Tube Size & Type",
                    "property": "20G",
                    "value": "2.00 mm Gel-Filled"
                },
                {
                    "section": "Tube Size & Type",
                    "property": "25G",
                    "value": "2.50 mm Gel-Filled / SLT & Central Tube"
                },
                {
                    "section": "Tube Size & Type",
                    "property": "40T",
                    "value": "4.00 mm Gel-Filled / Central Tube & Drop"
                },
                {
                    "section": "Tube Size & Type",
                    "property": "60T",
                    "value": "6.0 mm Gel-filled / Central Tube & Drop"
                },
                {
                    "section": "Tracer Color or Jacket Color",
                    "property": "NS",
                    "value": "No Stripe"
                },
                {
                    "section": "Tracer Color or Jacket Color",
                    "property": "3G",
                    "value": "3 Green Stripes"
                },
                {
                    "section": "Tracer Color or Jacket Color",
                    "property": "BL",
                    "value": "Blue"
                },
                {
                    "section": "Tracer Color or Jacket Color",
                    "property": "BK",
                    "value": "Black"
                },
                {
                    "section": "Tracer Color or Jacket Color",
                    "property": "OR",
                    "value": "Orange"
                },
                {
                    "section": "Tracer Color or Jacket Color",
                    "property": "YL",
                    "value": "Yellow"
                },
                {
                    "section": "Tracer Color or Jacket Color",
                    "property": "GR",
                    "value": "Green"
                },
                {
                    "section": "Tracer Color or Jacket Color",
                    "property": "VI",
                    "value": "Violet"
                },
                {
                    "section": "Tracer Color or Jacket Color",
                    "property": "BR",
                    "value": "Brown"
                },
                {
                    "section": "Tracer Color or Jacket Color",
                    "property": "RS",
                    "value": "Rose"
                },
                {
                    "section": "Tracer Color or Jacket Color",
                    "property": "SL",
                    "value": "Slate"
                },
                {
                    "section": "Tracer Color or Jacket Color",
                    "property": "AQ",
                    "value": "Aqua"
                },
                {
                    "section": "Tracer Color or Jacket Color",
                    "property": "WH",
                    "value": "White"
                },
                {
                    "section": "Tracer Color or Jacket Color",
                    "property": "RD",
                    "value": "Red"
                }
            ]
        }
    ]
}