{
    "parts": [
        {
            "reference": "NO_REF",
            "brand": "SGX",
            "description": [
                {
                    "section": "PERFORMANCE",
                    "text": "Range: 0 - 2000 ppm, Maximum overload: 10000 ppm, Sensitivity: 21 - 64 nA/ppm NO, Zero in air at 20\u00b0C: -1 to +67 ppm NO, Zero deviation (-20 to +50\u00b0C): -2 to +10 ppm NO, Resolution: 0.5 ppm NO, Linearity: linear across range, Response time, t90: <60 s, Long-term output drift: <2% signal/month, Warranty: 2 years"
                },
                {
                    "section": "OPERATING CONDITIONS",
                    "text": "Temperature range: -20 to +50\u00b0C, Operating humidity: 15 - 90% RH (non-condensing), Pressure range: 90 - 110 kPa (nominal), Operating circuit: see Electrochemical Toxic Sensor Application Note, Applied potential: +300 mV, Storage life: 6 months in original packaging (0-25\u00b0C)"
                },
                {
                    "section": "PHYSICAL CHARACTERISTICS",
                    "text": "Label colour: silver, Weight: 5 g approx., Dimensions: see outline, This device is designed to be RoHS compliant."
                },
                {
                    "section": "CROSS-SENSITIVITY DATA",
                    "text": "TBA"
                },
                {
                    "section": "TEMPERATURE DEPENDENCE",
                    "text": "TBA"
                },
                {
                    "section": "Important Note",
                    "text": "Do not solder to the connector pins as this may damage the sensor and thereby invalidate the warranty. Details on recommended connector pins can be found in the Frequently Asked Questions within the Gas Sensor section of the SGX website."
                }
            ],
            "key_value_pairs": [
                {
                    "section": "PERFORMANCE",
                    "property": "Range",
                    "value": "0 - 2000",
                    "unit": "ppm"
                },
                {
                    "section": "PERFORMANCE",
                    "property": "Maximum overload",
                    "value": "10000",
                    "unit": "ppm"
                },
                {
                    "section": "PERFORMANCE",
                    "property": "Sensitivity",
                    "value": "21 - 64",
                    "unit": "nA/ppm NO"
                },
                {
                    "section": "PERFORMANCE",
                    "property": "Zero in air at 20\u00b0C",
                    "value": "-1 to +67",
                    "unit": "ppm NO"
                },
                {
                    "section": "PERFORMANCE",
                    "property": "Zero deviation (-20 to +50\u00b0C)",
                    "value": "-2 to +10",
                    "unit": "ppm NO"
                },
                {
                    "section": "PERFORMANCE",
                    "property": "Resolution",
                    "value": "0.5",
                    "unit": "ppm NO"
                },
                {
                    "section": "PERFORMANCE",
                    "property": "Linearity",
                    "value": "linear across range",
                    "unit": ""
                },
                {
                    "section": "PERFORMANCE",
                    "property": "Response time, t90",
                    "value": "<60",
                    "unit": "s"
                },
                {
                    "section": "PERFORMANCE",
                    "property": "Long-term output drift",
                    "value": "<2",
                    "unit": "% signal/month"
                },
                {
                    "section": "PERFORMANCE",
                    "property": "Warranty",
                    "value": "2",
                    "unit": "years"
                },
                {
                    "section": "OPERATING CONDITIONS",
                    "property": "Temperature range",
                    "value": "-20 to +50",
                    "unit": "\u00b0C"
                },
                {
                    "section": "OPERATING CONDITIONS",
                    "property": "Operating humidity",
                    "value": "15 - 90",
                    "unit": "% RH (non-condensing)"
                },
                {
                    "section": "OPERATING CONDITIONS",
                    "property": "Pressure range",
                    "value": "90 - 110",
                    "unit": "kPa (nominal)"
                },
                {
                    "section": "OPERATING CONDITIONS",
                    "property": "Applied potential",
                    "value": "+300",
                    "unit": "mV"
                },
                {
                    "section": "OPERATING CONDITIONS",
                    "property": "Storage life",
                    "value": "6",
                    "unit": "months in original packaging (0-25\u00b0C)"
                },
                {
                    "section": "PHYSICAL CHARACTERISTICS",
                    "property": "Label colour",
                    "value": "silver",
                    "unit": ""
                },
                {
                    "section": "PHYSICAL CHARACTERISTICS",
                    "property": "Weight",
                    "value": "5",
                    "unit": "g approx."
                },
                {
                    "section": "PHYSICAL CHARACTERISTICS",
                    "property": "Dimensions",
                    "value": "see outline",
                    "unit": ""
                },
                {
                    "section": "PHYSICAL CHARACTERISTICS",
                    "property": "RoHS compliance",
                    "value": "This device is designed to be RoHS compliant",
                    "unit": ""
                },
                {
                    "section": "OUTLINE",
                    "property": "Top diameter",
                    "value": "20.00",
                    "unit": "mm"
                },
                {
                    "section": "OUTLINE",
                    "property": "Top inner diameter",
                    "value": "16.00",
                    "unit": "mm"
                },
                {
                    "section": "OUTLINE",
                    "property": "Side width",
                    "value": "16.60 - 0.30",
                    "unit": "mm"
                },
                {
                    "section": "OUTLINE",
                    "property": "Side height",
                    "value": "4.30",
                    "unit": "mm"
                },
                {
                    "section": "OUTLINE",
                    "property": "Pin diameter",
                    "value": "1.50",
                    "unit": "mm"
                },
                {
                    "section": "OUTLINE",
                    "property": "Pin spacing",
                    "value": "0.70",
                    "unit": "mm"
                }
            ]
        }
    ]
}