{
    "parts": [
        {
            "reference": "HP15M6",
            "brand": "MERSEN",
            "description": [
                {
                    "section": "FEATURES",
                    "text": "Low Fault Current Interruption. Temperature cycle withstand capability. Durable construction for enhanced system longevity. Breaking capacity 50kA. Standard ferrule terminal. Standards IEC 60269-6."
                }
            ],
            "key_value_pairs": [
                {
                    "section": "General information",
                    "property": "Brand",
                    "value": "MERSEN",
                    "unit": ""
                },
                {
                    "section": "General information",
                    "property": "Pack Quantity",
                    "value": "10",
                    "unit": ""
                },
                {
                    "section": "General information",
                    "property": "Product Type",
                    "value": "Fuse Link",
                    "unit": ""
                },
                {
                    "section": "Technical Attributes",
                    "property": "Interrupting Rating (kA)",
                    "value": "50",
                    "unit": "kA"
                },
                {
                    "section": "Technical Attributes",
                    "property": "Power Loss (W)",
                    "value": "2.44",
                    "unit": "W"
                },
                {
                    "section": "Technical Attributes",
                    "property": "Rated Current (A)",
                    "value": "6",
                    "unit": "A"
                },
                {
                    "section": "Technical Attributes",
                    "property": "Rated Voltage DC (V)",
                    "value": "1500",
                    "unit": "V"
                },
                {
                    "section": "Technical Attributes",
                    "property": "Terminal Type",
                    "value": "Ferrule",
                    "unit": ""
                },
                {
                    "section": "Technical Attributes",
                    "property": "Utilization Category",
                    "value": "gPV",
                    "unit": ""
                },
                {
                    "section": "Physical Attributes",
                    "property": "Terminal Material",
                    "value": "Tin-Plated Copper",
                    "unit": ""
                },
                {
                    "section": "Dimensions",
                    "property": "Diameter (mm)",
                    "value": "10",
                    "unit": "mm"
                },
                {
                    "section": "Dimensions",
                    "property": "Length (mm)",
                    "value": "85",
                    "unit": "mm"
                }
            ]
        }
    ]
}