{
    "parts": [
        {
            "reference": "BA 2x RJ45",
            "brand": "SIMATIC",
            "description": [
                {
                    "section": "General information",
                    "text": "Product type designation"
                },
                {
                    "section": "Interfaces",
                    "text": "Number of PROFINET interfaces"
                },
                {
                    "section": "Cable length",
                    "text": "Cu conductors"
                },
                {
                    "section": "Ambient conditions",
                    "text": "Ambient temperature during operation"
                },
                {
                    "section": "Dimensions",
                    "text": "Width, Height, Depth"
                },
                {
                    "section": "Weights",
                    "text": "Weight, approx."
                }
            ],
            "key_value_pairs": [
                {
                    "section": "General information",
                    "property": "Product type designation",
                    "value": "BA 2x RJ45",
                    "unit": ""
                },
                {
                    "section": "Interfaces",
                    "property": "Number of PROFINET interfaces",
                    "value": "1",
                    "unit": ""
                },
                {
                    "section": "Interfaces",
                    "property": "Number of RJ45 ports",
                    "value": "2",
                    "unit": ""
                },
                {
                    "section": "Cable length",
                    "property": "Cu conductors",
                    "value": "100",
                    "unit": "m"
                },
                {
                    "section": "Ambient conditions",
                    "property": "horizontal installation, min.",
                    "value": "-30",
                    "unit": "\u00b0C"
                },
                {
                    "section": "Ambient conditions",
                    "property": "horizontal installation, max.",
                    "value": "60",
                    "unit": "\u00b0C"
                },
                {
                    "section": "Ambient conditions",
                    "property": "vertical installation, min.",
                    "value": "-30",
                    "unit": "\u00b0C"
                },
                {
                    "section": "Ambient conditions",
                    "property": "vertical installation, max.",
                    "value": "50",
                    "unit": "\u00b0C"
                },
                {
                    "section": "Ambient conditions",
                    "property": "Installation altitude above sea level, max.",
                    "value": "5000",
                    "unit": "m"
                },
                {
                    "section": "Dimensions",
                    "property": "Width",
                    "value": "20",
                    "unit": "mm"
                },
                {
                    "section": "Dimensions",
                    "property": "Height",
                    "value": "69.5",
                    "unit": "mm"
                },
                {
                    "section": "Dimensions",
                    "property": "Depth",
                    "value": "59",
                    "unit": "mm"
                },
                {
                    "section": "Weights",
                    "property": "Weight, approx.",
                    "value": "46",
                    "unit": "g"
                }
            ]
        }
    ]
}