{
    "parts": [
        {
            "reference": "AMM-2738-B-EB-R",
            "brand": "PUI Audio",
            "description": [
                {
                    "section": "Product Overview",
                    "text": "PUI Audio is proud to release a line of premium, high-fidelity MEMS wide-band microphones that cover the entire audio band from 20 Hz up to 18 kHz -and up to 20 kHz on some models-while featuring industry-best consistency of \u00b11 dB across the entire frequency response."
                },
                {
                    "section": "Evaluation Board",
                    "text": "Quickly test and prototype the bottom-firing AMM-2738-B-R with this evaluation board. Solder pads with pre-punched through-holes make wiring to the evaluation board quick-and-easy!"
                }
            ],
            "key_value_pairs": [
                {
                    "section": "Specifications",
                    "property": "Sensitivity (1 kHz @ 50cm)",
                    "value": "-38",
                    "unit": "dB"
                },
                {
                    "section": "Specifications",
                    "property": "Rated Voltage",
                    "value": "2",
                    "unit": "VDC"
                },
                {
                    "section": "Specifications",
                    "property": "Operating Voltage Range",
                    "value": "1.5 to 3.6",
                    "unit": "VDC"
                },
                {
                    "section": "Specifications",
                    "property": "Output Impedance (@ 1 kHz)",
                    "value": "300",
                    "unit": "\u03a9"
                },
                {
                    "section": "Specifications",
                    "property": "Current consumption (at 2 VDC)",
                    "value": "130",
                    "unit": "\u03bcA"
                },
                {
                    "section": "Specifications",
                    "property": "Current consumption (at 3.6 VDC)",
                    "value": "150",
                    "unit": "\u03bcA"
                },
                {
                    "section": "Specifications",
                    "property": "Signal-to-Noise Ratio (1kHz, 94 dB input, A-weighted)",
                    "value": "64",
                    "unit": "dB"
                },
                {
                    "section": "Specifications",
                    "property": "Decreasing Voltage (0 dB=1 V/Pa, 3.6 to 1.5 VDC)",
                    "value": "0.5",
                    "unit": "dB"
                },
                {
                    "section": "Specifications",
                    "property": "Frequency Range",
                    "value": "20-20,000",
                    "unit": "Hz"
                },
                {
                    "section": "Specifications",
                    "property": "Total Harmonic Distortion (94 dB @ 50cm, 1 kHz)",
                    "value": "0.5",
                    "unit": "%"
                },
                {
                    "section": "Specifications",
                    "property": "Acoustic Overload Point (AOP) (50cm, 1kHz, 10% THD)",
                    "value": "123",
                    "unit": "dB"
                },
                {
                    "section": "Specifications",
                    "property": "Directivity",
                    "value": "Omnidirectional",
                    "unit": ""
                },
                {
                    "section": "Specifications",
                    "property": "Environmental Compliances",
                    "value": "RoHS/Halogen Free",
                    "unit": ""
                },
                {
                    "section": "Specifications",
                    "property": "Power Supply Rejection (PSR, 100 mVpp Square Wave @ 217 Hz, A-weighted)",
                    "value": "-98",
                    "unit": "dB"
                },
                {
                    "section": "Specifications",
                    "property": "Operating Temperature (VDD < 3 VDC)",
                    "value": "-40 to +100",
                    "unit": "\u00b0C"
                },
                {
                    "section": "Specifications",
                    "property": "Operating Temperature (VDD > 3 VDC)",
                    "value": "-40 to +70",
                    "unit": "\u00b0C"
                },
                {
                    "section": "Specifications",
                    "property": "Storage Temperature",
                    "value": "-40 to +125",
                    "unit": "\u00b0C"
                },
                {
                    "section": "Absolute Maximum Ratings",
                    "property": "Max Voltage on Any Pin",
                    "value": "4",
                    "unit": "VDC"
                },
                {
                    "section": "Absolute Maximum Ratings",
                    "property": "Max Sound Pressure Level",
                    "value": "160",
                    "unit": "dB"
                },
                {
                    "section": "Absolute Maximum Ratings",
                    "property": "Max Mechanical Shock",
                    "value": "10,000",
                    "unit": "Gs"
                },
                {
                    "section": "Absolute Maximum Ratings",
                    "property": "Max Vibration",
                    "value": "Pre-MIL-STD-883 Method 2007, Test Condition B",
                    "unit": ""
                },
                {
                    "section": "Frequency Response Mask",
                    "property": "Frequency (Hz)",
                    "value": "20",
                    "unit": ""
                },
                {
                    "section": "Frequency Response Mask",
                    "property": "Upper",
                    "value": "1",
                    "unit": ""
                },
                {
                    "section": "Frequency Response Mask",
                    "property": "Limit",
                    "value": "-1",
                    "unit": ""
                },
                {
                    "section": "Frequency Response Mask",
                    "property": "Frequency (Hz)",
                    "value": "50",
                    "unit": ""
                },
                {
                    "section": "Frequency Response Mask",
                    "property": "Upper",
                    "value": "1",
                    "unit": ""
                },
                {
                    "section": "Frequency Response Mask",
                    "property": "Limit",
                    "value": "-1",
                    "unit": ""
                },
                {
                    "section": "Frequency Response Mask",
                    "property": "Frequency (Hz)",
                    "value": "100",
                    "unit": ""
                },
                {
                    "section": "Frequency Response Mask",
                    "property": "Upper",
                    "value": "1",
                    "unit": ""
                },
                {
                    "section": "Frequency Response Mask",
                    "property": "Limit",
                    "value": "-1",
                    "unit": ""
                },
                {
                    "section": "Frequency Response Mask",
                    "property": "Frequency (Hz)",
                    "value": "900",
                    "unit": ""
                },
                {
                    "section": "Frequency Response Mask",
                    "property": "Upper",
                    "value": "1",
                    "unit": ""
                },
                {
                    "section": "Frequency Response Mask",
                    "property": "Limit",
                    "value": "-1",
                    "unit": ""
                },
                {
                    "section": "Frequency Response Mask",
                    "property": "Frequency (Hz)",
                    "value": "1000",
                    "unit": ""
                },
                {
                    "section": "Frequency Response Mask",
                    "property": "Upper",
                    "value": "0",
                    "unit": ""
                },
                {
                    "section": "Frequency Response Mask",
                    "property": "Limit",
                    "value": "0",
                    "unit": ""
                },
                {
                    "section": "Frequency Response Mask",
                    "property": "Frequency (Hz)",
                    "value": "1100",
                    "unit": ""
                },
                {
                    "section": "Frequency Response Mask",
                    "property": "Upper",
                    "value": "1",
                    "unit": ""
                },
                {
                    "section": "Frequency Response Mask",
                    "property": "Limit",
                    "value": "-1",
                    "unit": ""
                },
                {
                    "section": "Frequency Response Mask",
                    "property": "Frequency (Hz)",
                    "value": "2000",
                    "unit": ""
                },
                {
                    "section": "Frequency Response Mask",
                    "property": "Upper",
                    "value": "1",
                    "unit": ""
                },
                {
                    "section": "Frequency Response Mask",
                    "property": "Limit",
                    "value": "-1",
                    "unit": ""
                },
                {
                    "section": "Frequency Response Mask",
                    "property": "Frequency (Hz)",
                    "value": "5000",
                    "unit": ""
                },
                {
                    "section": "Frequency Response Mask",
                    "property": "Upper",
                    "value": "1",
                    "unit": ""
                },
                {
                    "section": "Frequency Response Mask",
                    "property": "Limit",
                    "value": "-1",
                    "unit": ""
                },
                {
                    "section": "Frequency Response Mask",
                    "property": "Frequency (Hz)",
                    "value": "10000",
                    "unit": ""
                },
                {
                    "section": "Frequency Response Mask",
                    "property": "Upper",
                    "value": "2",
                    "unit": ""
                },
                {
                    "section": "Frequency Response Mask",
                    "property": "Limit",
                    "value": "0",
                    "unit": ""
                },
                {
                    "section": "Frequency Response Mask",
                    "property": "Frequency (Hz)",
                    "value": "15000",
                    "unit": ""
                },
                {
                    "section": "Frequency Response Mask",
                    "property": "Upper",
                    "value": "6",
                    "unit": ""
                },
                {
                    "section": "Frequency Response Mask",
                    "property": "Limit",
                    "value": "4",
                    "unit": ""
                },
                {
                    "section": "Frequency Response Mask",
                    "property": "Frequency (Hz)",
                    "value": "20000",
                    "unit": ""
                },
                {
                    "section": "Frequency Response Mask",
                    "property": "Upper",
                    "value": "8",
                    "unit": ""
                },
                {
                    "section": "Frequency Response Mask",
                    "property": "Limit",
                    "value": "6",
                    "unit": ""
                },
                {
                    "section": "Reliability Testing",
                    "property": "Type of Test",
                    "value": "Simulated Reflow (Without Solder)",
                    "unit": ""
                },
                {
                    "section": "Reliability Testing",
                    "property": "Test Specifications",
                    "value": "Samples for qualification testing require 3 passes 260 \u00b1 5\u00b0C reflow solder profiles. 2 hours of setting time is required between each reflow profile test.",
                    "unit": ""
                },
                {
                    "section": "Reliability Testing",
                    "property": "Type of Test",
                    "value": "Static Humidity",
                    "unit": ""
                },
                {
                    "section": "Reliability Testing",
                    "property": "Test Specifications",
                    "value": "Precondition at +25\u00b0C for 1 hour. Expose to +85\u00b0C with 85% relative humidity for 1000 hours. Finally, dry at room ambient for 3 \u00b1 1 hour before taking final measurement.",
                    "unit": ""
                },
                {
                    "section": "Reliability Testing",
                    "property": "Type of Test",
                    "value": "Temperature Shock",
                    "unit": ""
                },
                {
                    "section": "Reliability Testing",
                    "property": "Test Specifications",
                    "value": "Each cycle shall consist of 30 minutes at -40\u00b0C, 30 minutes at +125\u00b0C with 5 minutes transition time. Test duration is for 30 cycles, starting from cold to hot temperature.",
                    "unit": ""
                },
                {
                    "section": "Reliability Testing",
                    "property": "Type of Test",
                    "value": "ESD Sensitivity",
                    "unit": ""
                },
                {
                    "section": "Reliability Testing",
                    "property": "Test Specifications",
                    "value": "Perform ESD sensitivity threshold measurements for each contact according to MIL-STD-883G, Method 3015.7 for Human Body Model. Identify the ESD threshold levels indicating passage of 8000V Human Body Model.",
                    "unit": ""
                },
                {
                    "section": "Reliability Testing",
                    "property": "Type of Test",
                    "value": "Vibration Test",
                    "unit": ""
                },
                {
                    "section": "Reliability Testing",
                    "property": "Test Specifications",
                    "value": "Vibrate randomly along three perpendicular directions for 30 minutes in each direction, 4 cycles from 20 ~ 2000 Hz with a peak acceleration of 20 Gs.",
                    "unit": ""
                },
                {
                    "section": "Reliability Testing",
                    "property": "Type of Test",
                    "value": "Shock Test",
                    "unit": ""
                },
                {
                    "section": "Reliability Testing",
                    "property": "Test Specifications",
                    "value": "Subject samples to half-sine shock pulses (3000 \u00b1 15% Gs for 0.3 ms) in each direction, for a total of 18 shocks.",
                    "unit": ""
                },
                {
                    "section": "Reliability Testing",
                    "property": "Type of Test",
                    "value": "Drop Test",
                    "unit": ""
                },
                {
                    "section": "Reliability Testing",
                    "property": "Test Specifications",
                    "value": "Drop samples from 1.5 m height onto a steel surface, total 18 times and inspected for mechanical damage.",
                    "unit": ""
                },
                {
                    "section": "Reliability Testing",
                    "property": "Type of Test",
                    "value": "Operation Life",
                    "unit": ""
                },
                {
                    "section": "Reliability Testing",
                    "property": "Test Specifications",
                    "value": "Subject samples to +125\u00b0C for 168 hours under full maximum rated voltage.",
                    "unit": ""
                },
                {
                    "section": "Specifications Revisions",
                    "property": "Revision",
                    "value": "-",
                    "unit": ""
                },
                {
                    "section": "Specifications Revisions",
                    "property": "Description",
                    "value": "Released from Engineering",
                    "unit": ""
                },
                {
                    "section": "Specifications Revisions",
                    "property": "Date",
                    "value": "1/30/2020",
                    "unit": ""
                },
                {
                    "section": "Specifications Revisions",
                    "property": "Revision",
                    "value": "A",
                    "unit": ""
                },
                {
                    "section": "Specifications Revisions",
                    "property": "Description",
                    "value": "Added Ultrasonic Response",
                    "unit": ""
                },
                {
                    "section": "Specifications Revisions",
                    "property": "Date",
                    "value": "5/19/2020",
                    "unit": ""
                }
            ]
        }
    ]
}