{
    "parts": [
        {
            "reference": "NO_REF",
            "brand": "PUI Audio",
            "description": [
                {
                    "section": "Features",
                    "text": "Custom-molded poly cone designed for voice articulation High 116 dB output with 800 mV in Artificial Ear (1 cm) High energy neodymium motor Only 2 mm thick Dustproof and waterproof IP67-rated face"
                },
                {
                    "section": "Reliability Testing",
                    "text": "High Temperature Test: 96 hours at +80\u00b0C \u00b1 3\u00b0C followed by three hours in normal room temperature Low Temperature Test: 96 hours at -40\u00b0C \u00b1 3\u00b0C followed by three hours in normal room temperature Humidity Test: 96 hours at +40\u00b0C \u00b1 3\u00b0C with relative humidity at 95% followed by 3 hours in normal room temperature Temperature Cycle Testing: The part shall be subjected to 5 cycles using the following procedure: Low temperature: -40\u00b0C \u00b1 3\u00b0C High temperature: +80\u00b0C \u00b1 3\u00b0C Cycle: 1 hour/cycle each Vibration Test: 10 to 55 to 10 Hz sine sweep, 15 minutes per cycle @ 5 G constant. 2 hours in each axis X, Y, and Z. Drop Test: Drop the speakers onto a 20 mm thick board 10 times from a height of 100 cm, once each side Load Test and Max Power Test: White noise is applied at the speakers rated power for 96 hours at room temperature; max power is applied for 1 minute on, 2 minutes off; 10 cycles. After each test, the speaker's SPL shall be \u00b13 dB of the original SPL"
                }
            ],
            "key_value_pairs": [
                {
                    "section": "Specifications",
                    "property": "Rated Input Power",
                    "value": "20",
                    "unit": "mWatts"
                },
                {
                    "section": "Specifications",
                    "property": "Max Input Power",
                    "value": "30",
                    "unit": "mWatts"
                },
                {
                    "section": "Specifications",
                    "property": "Impedance",
                    "value": "32",
                    "unit": "Ohms"
                },
                {
                    "section": "Specifications",
                    "property": "Sensitivity (SPL @ 1kHz)",
                    "value": "117",
                    "unit": "dB Pa/V"
                },
                {
                    "section": "Specifications",
                    "property": "Resonant Frequency",
                    "value": "450",
                    "unit": "Hz"
                },
                {
                    "section": "Specifications",
                    "property": "Frequency Range",
                    "value": "300-7000",
                    "unit": "Hz"
                },
                {
                    "section": "Specifications",
                    "property": "Frame Material",
                    "value": "PPA",
                    "unit": ""
                },
                {
                    "section": "Specifications",
                    "property": "Magnet Material",
                    "value": "NdFeB",
                    "unit": ""
                },
                {
                    "section": "Specifications",
                    "property": "Diaphragm Material",
                    "value": "Mylar",
                    "unit": ""
                },
                {
                    "section": "Specifications",
                    "property": "Weight",
                    "value": "0.4",
                    "unit": "Grams"
                },
                {
                    "section": "Specifications",
                    "property": "Environmental Protection Rating",
                    "value": "ROHS/REACH",
                    "unit": ""
                },
                {
                    "section": "Specifications",
                    "property": "Ingress Protection",
                    "value": "IP67",
                    "unit": ""
                },
                {
                    "section": "Specifications",
                    "property": "Buzz, Rattle, etc.",
                    "value": "Should not be audible with 20 mW sine wave from 300 Hz to 7 kHz",
                    "unit": ""
                },
                {
                    "section": "Specifications",
                    "property": "Polarity",
                    "value": "When positive voltage is applied to the positive terminal, the diaphragm will move outward",
                    "unit": ""
                },
                {
                    "section": "Specifications",
                    "property": "Operating Temperature",
                    "value": "-40 to 80",
                    "unit": "\u00b0C"
                },
                {
                    "section": "Frequency Response",
                    "property": "Frequency (Hz)",
                    "value": "200",
                    "unit": ""
                },
                {
                    "section": "Frequency Response",
                    "property": "Lower limit (dB)",
                    "value": "93",
                    "unit": ""
                },
                {
                    "section": "Frequency Response",
                    "property": "Frequency (Hz)",
                    "value": "400",
                    "unit": ""
                },
                {
                    "section": "Frequency Response",
                    "property": "Lower limit (dB)",
                    "value": "103",
                    "unit": ""
                },
                {
                    "section": "Frequency Response",
                    "property": "Frequency (Hz)",
                    "value": "600",
                    "unit": ""
                },
                {
                    "section": "Frequency Response",
                    "property": "Lower limit (dB)",
                    "value": "108",
                    "unit": ""
                },
                {
                    "section": "Frequency Response",
                    "property": "Frequency (Hz)",
                    "value": "900",
                    "unit": ""
                },
                {
                    "section": "Frequency Response",
                    "property": "Lower limit (dB)",
                    "value": "112",
                    "unit": ""
                },
                {
                    "section": "Frequency Response",
                    "property": "Frequency (Hz)",
                    "value": "1000",
                    "unit": ""
                },
                {
                    "section": "Frequency Response",
                    "property": "Lower limit (dB)",
                    "value": "114",
                    "unit": ""
                },
                {
                    "section": "Frequency Response",
                    "property": "Frequency (Hz)",
                    "value": "1180",
                    "unit": ""
                },
                {
                    "section": "Frequency Response",
                    "property": "Lower limit (dB)",
                    "value": "116",
                    "unit": ""
                },
                {
                    "section": "Frequency Response",
                    "property": "Frequency (Hz)",
                    "value": "1500",
                    "unit": ""
                },
                {
                    "section": "Frequency Response",
                    "property": "Lower limit (dB)",
                    "value": "130",
                    "unit": ""
                },
                {
                    "section": "Frequency Response",
                    "property": "Frequency (Hz)",
                    "value": "1800",
                    "unit": ""
                },
                {
                    "section": "Frequency Response",
                    "property": "Lower limit (dB)",
                    "value": "130",
                    "unit": ""
                },
                {
                    "section": "Frequency Response",
                    "property": "Frequency (Hz)",
                    "value": "2500",
                    "unit": ""
                },
                {
                    "section": "Frequency Response",
                    "property": "Lower limit (dB)",
                    "value": "111",
                    "unit": ""
                },
                {
                    "section": "Frequency Response",
                    "property": "Frequency (Hz)",
                    "value": "3500",
                    "unit": ""
                },
                {
                    "section": "Frequency Response",
                    "property": "Lower limit (dB)",
                    "value": "106",
                    "unit": ""
                },
                {
                    "section": "Frequency Response",
                    "property": "Frequency (Hz)",
                    "value": "5000",
                    "unit": ""
                },
                {
                    "section": "Frequency Response",
                    "property": "Lower limit (dB)",
                    "value": "97",
                    "unit": ""
                },
                {
                    "section": "Frequency Response",
                    "property": "Frequency (Hz)",
                    "value": "6000",
                    "unit": ""
                },
                {
                    "section": "Frequency Response",
                    "property": "Lower limit (dB)",
                    "value": "93",
                    "unit": ""
                },
                {
                    "section": "Frequency Response",
                    "property": "Frequency (Hz)",
                    "value": "7000",
                    "unit": ""
                },
                {
                    "section": "Frequency Response",
                    "property": "Lower limit (dB)",
                    "value": "93",
                    "unit": ""
                },
                {
                    "section": "Frequency Response",
                    "property": "Frequency (Hz)",
                    "value": "200",
                    "unit": ""
                },
                {
                    "section": "Frequency Response",
                    "property": "Upper limit (dB)",
                    "value": "102",
                    "unit": ""
                },
                {
                    "section": "Frequency Response",
                    "property": "Frequency (Hz)",
                    "value": "400",
                    "unit": ""
                },
                {
                    "section": "Frequency Response",
                    "property": "Upper limit (dB)",
                    "value": "110",
                    "unit": ""
                },
                {
                    "section": "Frequency Response",
                    "property": "Frequency (Hz)",
                    "value": "600",
                    "unit": ""
                },
                {
                    "section": "Frequency Response",
                    "property": "Upper limit (dB)",
                    "value": "115",
                    "unit": ""
                },
                {
                    "section": "Frequency Response",
                    "property": "Frequency (Hz)",
                    "value": "900",
                    "unit": ""
                },
                {
                    "section": "Frequency Response",
                    "property": "Upper limit (dB)",
                    "value": "119",
                    "unit": ""
                },
                {
                    "section": "Frequency Response",
                    "property": "Frequency (Hz)",
                    "value": "1000",
                    "unit": ""
                },
                {
                    "section": "Frequency Response",
                    "property": "Upper limit (dB)",
                    "value": "120",
                    "unit": ""
                },
                {
                    "section": "Frequency Response",
                    "property": "Frequency (Hz)",
                    "value": "1180",
                    "unit": ""
                },
                {
                    "section": "Frequency Response",
                    "property": "Upper limit (dB)",
                    "value": "122",
                    "unit": ""
                },
                {
                    "section": "Frequency Response",
                    "property": "Frequency (Hz)",
                    "value": "1500",
                    "unit": ""
                },
                {
                    "section": "Frequency Response",
                    "property": "Upper limit (dB)",
                    "value": "130",
                    "unit": ""
                },
                {
                    "section": "Frequency Response",
                    "property": "Frequency (Hz)",
                    "value": "1800",
                    "unit": ""
                },
                {
                    "section": "Frequency Response",
                    "property": "Upper limit (dB)",
                    "value": "130",
                    "unit": ""
                },
                {
                    "section": "Frequency Response",
                    "property": "Frequency (Hz)",
                    "value": "2500",
                    "unit": ""
                },
                {
                    "section": "Frequency Response",
                    "property": "Upper limit (dB)",
                    "value": "121",
                    "unit": ""
                },
                {
                    "section": "Frequency Response",
                    "property": "Frequency (Hz)",
                    "value": "3500",
                    "unit": ""
                },
                {
                    "section": "Frequency Response",
                    "property": "Upper limit (dB)",
                    "value": "116",
                    "unit": ""
                },
                {
                    "section": "Frequency Response",
                    "property": "Frequency (Hz)",
                    "value": "5000",
                    "unit": ""
                },
                {
                    "section": "Frequency Response",
                    "property": "Upper limit (dB)",
                    "value": "107",
                    "unit": ""
                },
                {
                    "section": "Frequency Response",
                    "property": "Frequency (Hz)",
                    "value": "6000",
                    "unit": ""
                },
                {
                    "section": "Frequency Response",
                    "property": "Upper limit (dB)",
                    "value": "103",
                    "unit": ""
                },
                {
                    "section": "Frequency Response",
                    "property": "Frequency (Hz)",
                    "value": "7000",
                    "unit": ""
                },
                {
                    "section": "Frequency Response",
                    "property": "Upper limit (dB)",
                    "value": "103",
                    "unit": ""
                },
                {
                    "section": "Specifications Revisions",
                    "property": "Revision",
                    "value": "-",
                    "unit": ""
                },
                {
                    "section": "Specifications Revisions",
                    "property": "Description",
                    "value": "Released from Engineering",
                    "unit": ""
                },
                {
                    "section": "Specifications Revisions",
                    "property": "Date",
                    "value": "11/20/2017",
                    "unit": ""
                },
                {
                    "section": "Specifications Revisions",
                    "property": "Revision",
                    "value": "A",
                    "unit": ""
                },
                {
                    "section": "Specifications Revisions",
                    "property": "Description",
                    "value": "Revised SPL Rating",
                    "unit": ""
                },
                {
                    "section": "Specifications Revisions",
                    "property": "Date",
                    "value": "2/27/2020",
                    "unit": ""
                }
            ]
        }
    ]
}