{
    "parts": [
        {
            "reference": "AT-0927-TT-2-R",
            "brand": "PUI Audio",
            "description": [
                {
                    "section": "Features",
                    "text": "3V0-pk, 2730 Hz Magnetic Transducer, Pin Type, Wave Solder Allowed, Washing NOT Allowed"
                },
                {
                    "section": "Measurement Method",
                    "text": "Standard Test Fixture (Distance: 10cm, 3V0-p, 2730Hz square wave)"
                },
                {
                    "section": "Reliability Testing",
                    "text": "The appearance and performance should remain the same after testing. SPL may vary within \u00b110 dBA of the original measurement."
                }
            ],
            "key_value_pairs": [
                {
                    "section": "Specifications",
                    "property": "Rated Voltage",
                    "value": "3",
                    "unit": "V0-p"
                },
                {
                    "section": "Specifications",
                    "property": "Operating Voltage Range",
                    "value": "2~4",
                    "unit": "V0-p"
                },
                {
                    "section": "Specifications",
                    "property": "Current Draw at Rated Voltage",
                    "value": "70 (Max.)",
                    "unit": "mA"
                },
                {
                    "section": "Specifications",
                    "property": "Coil Resistance",
                    "value": "20 \u00b1 3",
                    "unit": "Ohms"
                },
                {
                    "section": "Specifications",
                    "property": "Minimum SPL @ 10cm",
                    "value": "86",
                    "unit": "dBA"
                },
                {
                    "section": "Specifications",
                    "property": "Resonant Frequency",
                    "value": "2,730 \u00b1 500",
                    "unit": "Hz"
                },
                {
                    "section": "Specifications",
                    "property": "Housing Material",
                    "value": "PBT",
                    "unit": ""
                },
                {
                    "section": "Specifications",
                    "property": "Terminal Material",
                    "value": "Au Plated Phosphor Bronze",
                    "unit": ""
                },
                {
                    "section": "Specifications",
                    "property": "Weight",
                    "value": "0.7",
                    "unit": "Grams"
                },
                {
                    "section": "Specifications",
                    "property": "Acceptable Soldering Methods",
                    "value": "Hand Solder, Wave Solder",
                    "unit": ""
                },
                {
                    "section": "Specifications",
                    "property": "Environmental Compliances",
                    "value": "RoHS/REACH",
                    "unit": ""
                },
                {
                    "section": "Specifications",
                    "property": "Storage Temperature",
                    "value": "-30 ~ +80",
                    "unit": "\u00b0C"
                },
                {
                    "section": "Specifications",
                    "property": "Operating Temperature",
                    "value": "-20 ~ +70",
                    "unit": "\u00b0C"
                },
                {
                    "section": "Reliability Testing",
                    "property": "High Temperature Test",
                    "value": "96 hours at +80\u00b0C. Rest for 4 hours before retesting.",
                    "unit": ""
                },
                {
                    "section": "Reliability Testing",
                    "property": "Low Temperature Test",
                    "value": "96 hours at -30\u00b0C. Rest for 4 hours before retesting.",
                    "unit": ""
                },
                {
                    "section": "Reliability Testing",
                    "property": "Temperature Cycle Testing",
                    "value": "10 cycles, 24 hrs each, 90-98% RH, 80-98% RH, 24 hours",
                    "unit": ""
                },
                {
                    "section": "Reliability Testing",
                    "property": "Vibration Test",
                    "value": "A vibration of 10 ~ 55 Hz with an amplitude of 1.5 mm shall be applied to each of the 3 directions for 2 hours.",
                    "unit": ""
                },
                {
                    "section": "Reliability Testing",
                    "property": "Drop Test",
                    "value": "Dropped from a height of 75 cm onto a 40 mm thick wooden board. It shall be dropped 3 times on each axis (X,Y,Z).",
                    "unit": ""
                },
                {
                    "section": "Dimensions",
                    "property": "Diameter",
                    "value": "9.0",
                    "unit": "mm"
                },
                {
                    "section": "Dimensions",
                    "property": "Height",
                    "value": "4.0 \u00b1 0.2",
                    "unit": "mm"
                },
                {
                    "section": "Dimensions",
                    "property": "Sound Emission Hole Diameter",
                    "value": "0.6 \u00b1 0.1",
                    "unit": "mm"
                },
                {
                    "section": "Packaging",
                    "property": "Tray",
                    "value": "184mm x 184mm x 23mm, 10x10PCS = 100PCS",
                    "unit": ""
                },
                {
                    "section": "Packaging",
                    "property": "Out Box",
                    "value": "200mm x 190mm x 100mm, 7LAYER x 100PCS = 700PCS",
                    "unit": ""
                },
                {
                    "section": "Packaging",
                    "property": "Carton Box",
                    "value": "440mm x 400mm x 310mm, 700PCS x 12 = 8400PCS",
                    "unit": ""
                }
            ]
        }
    ]
}