{
    "parts": [
        {
            "reference": "BP 104 FAS-Z",
            "brand": "OSRAM",
            "description": [
                {
                    "section": "DIL SMT",
                    "text": "Silicon PIN Photodiode with Daylight Blocking Filter"
                },
                {
                    "section": "Applications",
                    "text": "LIDAR, Pre-Crash, ACC, Rain Sensors"
                },
                {
                    "section": "Features",
                    "text": "Package: black epoxy, Qualifications: The product qualification test plan is based on the guidelines of AEC-Q101-REV-C, Stress Test Qualification for Automotive Grade Discrete Semiconductors., ESD: 2 kV acc. to ANSI/ESDA/JEDEC JS-001 (HBM, Class 2), Especially suitable for applications from 730 nm to 1100 nm, Short switching time (typ. 20 ns), Suitable for SMT"
                },
                {
                    "section": "Ordering Information",
                    "text": "Type: BP 104 FAS-Z, Photocurrent: \u2265 25 \u03bcA, Photocurrent typ.: 34 \u03bcA, Ordering Code: Q65110A2672"
                },
                {
                    "section": "Further Information",
                    "text": "Approximate Weight: 44.0 mg, Package marking: Cathode"
                }
            ],
            "key_value_pairs": [
                {
                    "section": "Maximum Ratings",
                    "property": "Operating Temperature",
                    "value": "-40\u00b0C to 100\u00b0C",
                    "unit": "\u00b0C"
                },
                {
                    "section": "Maximum Ratings",
                    "property": "Storage temperature",
                    "value": "-40\u00b0C to 100\u00b0C",
                    "unit": "\u00b0C"
                },
                {
                    "section": "Maximum Ratings",
                    "property": "Reverse voltage",
                    "value": "20",
                    "unit": "V"
                },
                {
                    "section": "Maximum Ratings",
                    "property": "Total power dissipation",
                    "value": "150",
                    "unit": "mW"
                },
                {
                    "section": "Maximum Ratings",
                    "property": "ESD withstand voltage acc. to ANSI/ESDA/JEDEC JS-001 - HBM",
                    "value": "2",
                    "unit": "kV"
                },
                {
                    "section": "Characteristics",
                    "property": "Wavelength of max sensitivity",
                    "value": "880",
                    "unit": "nm"
                },
                {
                    "section": "Characteristics",
                    "property": "Spectral range of sensitivity",
                    "value": "730 to 1100",
                    "unit": "nm"
                },
                {
                    "section": "Characteristics",
                    "property": "Radiant sensitive area",
                    "value": "4.84",
                    "unit": "mm\u00b2"
                },
                {
                    "section": "Characteristics",
                    "property": "Dimensions of active chip area",
                    "value": "2.2 x 2.2",
                    "unit": "mm x mm"
                },
                {
                    "section": "Characteristics",
                    "property": "Half angle",
                    "value": "60",
                    "unit": "\u00b0"
                },
                {
                    "section": "Characteristics",
                    "property": "Dark current",
                    "value": "2 to 30",
                    "unit": "nA"
                },
                {
                    "section": "Characteristics",
                    "property": "Spectral sensitivity of the chip",
                    "value": "0.63",
                    "unit": "A/W"
                },
                {
                    "section": "Characteristics",
                    "property": "Quantum yield of the chip",
                    "value": "0.90",
                    "unit": "Electrons/Photon"
                },
                {
                    "section": "Characteristics",
                    "property": "Open-circuit voltage",
                    "value": "250 to 330",
                    "unit": "mV"
                },
                {
                    "section": "Characteristics",
                    "property": "Short-circuit current",
                    "value": "16",
                    "unit": "\u03bcA"
                },
                {
                    "section": "Characteristics",
                    "property": "Rise time",
                    "value": "0.02",
                    "unit": "\u03bcs"
                },
                {
                    "section": "Characteristics",
                    "property": "Fall time",
                    "value": "0.02",
                    "unit": "\u03bcs"
                },
                {
                    "section": "Characteristics",
                    "property": "Forward voltage",
                    "value": "1.3",
                    "unit": "V"
                },
                {
                    "section": "Characteristics",
                    "property": "Capacitance",
                    "value": "48",
                    "unit": "pF"
                },
                {
                    "section": "Characteristics",
                    "property": "Temperature coefficient of voltage",
                    "value": "-2.6",
                    "unit": "mV/K"
                },
                {
                    "section": "Characteristics",
                    "property": "Temperature coefficient of short-circuit current",
                    "value": "0.03",
                    "unit": "%/K"
                },
                {
                    "section": "Characteristics",
                    "property": "Noise equivalent power",
                    "value": "0.040",
                    "unit": "pW/Hz^(1/2)"
                },
                {
                    "section": "Characteristics",
                    "property": "Detection limit",
                    "value": "5.5e12",
                    "unit": "cm x Hz^(1/2)/W"
                }
            ]
        }
    ]
}