{
    "parts": [
        {
            "reference": "BPW 34",
            "brand": "OSRAM",
            "description": [
                {
                    "section": "DIL",
                    "text": "Silicon PIN Photodiode"
                },
                {
                    "section": "Applications",
                    "text": "Electronic Equipment, Industrial Automation (Machine Controls, Light Barriers, Vision Controls)"
                },
                {
                    "section": "Features",
                    "text": "Package: Epoxy, diffuse, Corrosion Robustness Class: 3B, ESD: 2 kV acc. to ANSI/ESDA/JEDEC JS-001 (HBM, Class 2), Especially suitable for applications from 400 nm to 1100 nm, Short switching time (typ. 20 ns), DIL plastic package with high packing density"
                },
                {
                    "section": "Ordering Information",
                    "text": "Type: BPW 34, Photocurrent: >= 55 \u00b5A, Photocurrent typ.: 80 \u00b5A, Ordering Code: Q62702P0073"
                }
            ],
            "key_value_pairs": [
                {
                    "section": "Maximum Ratings",
                    "property": "Operating Temperature",
                    "value": "-40 to 100",
                    "unit": "\u00b0C"
                },
                {
                    "section": "Maximum Ratings",
                    "property": "Storage temperature",
                    "value": "-40 to 100",
                    "unit": "\u00b0C"
                },
                {
                    "section": "Maximum Ratings",
                    "property": "Reverse voltage",
                    "value": "32",
                    "unit": "V"
                },
                {
                    "section": "Maximum Ratings",
                    "property": "Total power dissipation",
                    "value": "150",
                    "unit": "mW"
                },
                {
                    "section": "Maximum Ratings",
                    "property": "ESD withstand voltage",
                    "value": "2",
                    "unit": "kV"
                },
                {
                    "section": "Characteristics",
                    "property": "Spectral sensitivity",
                    "value": "80",
                    "unit": "nA/lx"
                },
                {
                    "section": "Characteristics",
                    "property": "Wavelength of max sensitivity",
                    "value": "850",
                    "unit": "nm"
                },
                {
                    "section": "Characteristics",
                    "property": "Spectral range of sensitivity",
                    "value": "420 to 1120",
                    "unit": "nm"
                },
                {
                    "section": "Characteristics",
                    "property": "Radiant sensitive area",
                    "value": "7.02",
                    "unit": "mm\u00b2"
                },
                {
                    "section": "Characteristics",
                    "property": "Dimensions of active chip area",
                    "value": "2.65 x 2.65",
                    "unit": "mm x mm"
                },
                {
                    "section": "Characteristics",
                    "property": "Half angle",
                    "value": "60",
                    "unit": "\u00b0"
                },
                {
                    "section": "Characteristics",
                    "property": "Dark current",
                    "value": "2",
                    "unit": "nA"
                },
                {
                    "section": "Characteristics",
                    "property": "Spectral sensitivity of the chip",
                    "value": "0.62",
                    "unit": "A/W"
                },
                {
                    "section": "Characteristics",
                    "property": "Quantum yield of the chip",
                    "value": "0.90",
                    "unit": "Electrons/Photon"
                },
                {
                    "section": "Characteristics",
                    "property": "Open-circuit voltage",
                    "value": "300 to 365",
                    "unit": "mV"
                },
                {
                    "section": "Characteristics",
                    "property": "Short-circuit current",
                    "value": "80",
                    "unit": "\u00b5A"
                },
                {
                    "section": "Characteristics",
                    "property": "Rise time",
                    "value": "0.02",
                    "unit": "\u00b5s"
                },
                {
                    "section": "Characteristics",
                    "property": "Fall time",
                    "value": "0.02",
                    "unit": "\u00b5s"
                },
                {
                    "section": "Characteristics",
                    "property": "Forward voltage",
                    "value": "1.3",
                    "unit": "V"
                },
                {
                    "section": "Characteristics",
                    "property": "Capacitance",
                    "value": "72",
                    "unit": "pF"
                },
                {
                    "section": "Characteristics",
                    "property": "Temperature coefficient of voltage",
                    "value": "-2.6",
                    "unit": "mV/K"
                },
                {
                    "section": "Characteristics",
                    "property": "Temperature coefficient of short-circuit current",
                    "value": "0.18",
                    "unit": "%/K"
                },
                {
                    "section": "Characteristics",
                    "property": "Noise equivalent power",
                    "value": "0.041",
                    "unit": "pW/Hz^(1/2)"
                },
                {
                    "section": "Characteristics",
                    "property": "Detection limit",
                    "value": "6.5e12",
                    "unit": "cm x Hz^(1/2)/W"
                },
                {
                    "section": "Further Information",
                    "property": "Approximate Weight",
                    "value": "78.0",
                    "unit": "mg"
                },
                {
                    "section": "Further Information",
                    "property": "Package marking",
                    "value": "Cathode"
                },
                {
                    "section": "Further Information",
                    "property": "Corrosion test",
                    "value": "Class: 3B"
                },
                {
                    "section": "Further Information",
                    "property": "Test condition",
                    "value": "40\u00b0C / 90% RH / 15 ppm H2S / 14 days (stricter than IEC 60068-2-43)"
                }
            ]
        }
    ]
}