{
    "parts": [
        {
            "reference": "DOM-3027L-HD-R",
            "brand": "PUI Audio",
            "description": [
                {
                    "section": "Features",
                    "text": "8 mm diameter, 3 mm height, -27 dB sensitivity, 77 dB signal-to-noise ratio, True 20 Hz to 20 kHz performance"
                },
                {
                    "section": "Description",
                    "text": "PUI Audio's all-new HD Series microphones use premium-grade FETs and diaphragms for high sensitivity and superior signal-to-noise ratio. Each microphone features GSM buzz-blocking capacitors. Upgrade the ECM microphone that you use today with a PUI Audio HD Series microphone."
                }
            ],
            "key_value_pairs": [
                {
                    "section": "Specifications",
                    "property": "Sensitivity (1 kHz @ 50cm)",
                    "value": "-27 \u00b1 3",
                    "unit": "dB"
                },
                {
                    "section": "Specifications",
                    "property": "Rated Voltage",
                    "value": "3",
                    "unit": "VDC"
                },
                {
                    "section": "Specifications",
                    "property": "Output Impedance (@ 1 kHz)",
                    "value": "2.2",
                    "unit": "k\u03a9"
                },
                {
                    "section": "Specifications",
                    "property": "Current consumption (3VS with 2.2 k\u03a9 RL)",
                    "value": "500",
                    "unit": "\u03bcA"
                },
                {
                    "section": "Specifications",
                    "property": "Signal-to-Noise Ratio (1kHz, 94 dB input, A-weighted)",
                    "value": "77",
                    "unit": "dB"
                },
                {
                    "section": "Specifications",
                    "property": "Decreasing Voltage (3VS to 2VS)",
                    "value": "-3",
                    "unit": "dB"
                },
                {
                    "section": "Specifications",
                    "property": "Frequency Range",
                    "value": "20 ~ 20,000",
                    "unit": "Hz"
                },
                {
                    "section": "Specifications",
                    "property": "Operating Voltage Range",
                    "value": "1 ~ 10",
                    "unit": "VDC"
                },
                {
                    "section": "Specifications",
                    "property": "Maximum SPL Input (THD<3%)",
                    "value": "110",
                    "unit": "dB"
                },
                {
                    "section": "Specifications",
                    "property": "Directivity",
                    "value": "Omni-directional",
                    "unit": ""
                },
                {
                    "section": "Specifications (continued)",
                    "property": "Operating Temperature",
                    "value": "-20 ~ +70",
                    "unit": "\u00b0C"
                },
                {
                    "section": "Specifications (continued)",
                    "property": "Storage Temperature",
                    "value": "-40 ~ +85",
                    "unit": "\u00b0C"
                },
                {
                    "section": "Specifications (continued)",
                    "property": "Weight",
                    "value": "<0.3",
                    "unit": "Grams"
                },
                {
                    "section": "Dimensions",
                    "property": "Diameter",
                    "value": "8 \u00b1 0.1",
                    "unit": "mm"
                },
                {
                    "section": "Dimensions",
                    "property": "Height",
                    "value": "3 \u00b1 0.2",
                    "unit": "mm"
                },
                {
                    "section": "Dimensions",
                    "property": "Hole Diameter",
                    "value": "0.4 (19)",
                    "unit": "mm"
                },
                {
                    "section": "Dimensions",
                    "property": "Mounting Hole Diameter",
                    "value": "3.2",
                    "unit": "mm"
                },
                {
                    "section": "Dimensions",
                    "property": "Mounting Hole Spacing",
                    "value": "1.5",
                    "unit": "mm"
                }
            ]
        }
    ]
}