{
    "parts": [
        {
            "reference": "Fig. 9701",
            "brand": "WEFLO",
            "description": [
                {
                    "section": "Specifications",
                    "text": "Small orifice release air under pressure during normal pipeline operation. The float is connected to the vent via a linkage mechanism which is capable of operating the vent under full pipeline pressure."
                },
                {
                    "section": "Corrosion Protection",
                    "text": "Fusion Bonded Coating Interior and Exterior meet or exceed all applicable of AWWA C550 Standard."
                }
            ],
            "key_value_pairs": [
                {
                    "section": "Specifications",
                    "property": "Rated Working Pressure",
                    "value": "300",
                    "unit": "psi"
                },
                {
                    "section": "Specifications",
                    "property": "Approval",
                    "value": "FM 1344",
                    "unit": ""
                },
                {
                    "section": "Main Dimensions",
                    "property": "Size",
                    "value": "1/2\"",
                    "unit": ""
                },
                {
                    "section": "Main Dimensions",
                    "property": "Inlet Size",
                    "value": "1/2\"",
                    "unit": ""
                },
                {
                    "section": "Main Dimensions",
                    "property": "Outlet Size",
                    "value": "1/2\"",
                    "unit": ""
                },
                {
                    "section": "Main Dimensions",
                    "property": "Size",
                    "value": "3/4\"",
                    "unit": ""
                },
                {
                    "section": "Main Dimensions",
                    "property": "Inlet Size",
                    "value": "3/4\"",
                    "unit": ""
                },
                {
                    "section": "Main Dimensions",
                    "property": "Outlet Size",
                    "value": "1/2\"",
                    "unit": ""
                },
                {
                    "section": "Main Dimensions",
                    "property": "Size",
                    "value": "1\"",
                    "unit": ""
                },
                {
                    "section": "Main Dimensions",
                    "property": "Inlet Size",
                    "value": "1\"",
                    "unit": ""
                },
                {
                    "section": "Main Dimensions",
                    "property": "Outlet Size",
                    "value": "1/2\"",
                    "unit": ""
                },
                {
                    "section": "Material Specifications",
                    "property": "Body",
                    "value": "Ductile Iron",
                    "unit": ""
                },
                {
                    "section": "Material Specifications",
                    "property": "Body EN Specification",
                    "value": "EN 1563 EN-GJS-450-10",
                    "unit": ""
                },
                {
                    "section": "Material Specifications",
                    "property": "Body ASTM Specification",
                    "value": "A536 Grade 65-45-12",
                    "unit": ""
                },
                {
                    "section": "Material Specifications",
                    "property": "Cover",
                    "value": "Ductile Iron",
                    "unit": ""
                },
                {
                    "section": "Material Specifications",
                    "property": "Cover EN Specification",
                    "value": "EN 1563 EN-GJS-450-10",
                    "unit": ""
                },
                {
                    "section": "Material Specifications",
                    "property": "Cover ASTM Specification",
                    "value": "A536 Grade 65-45-12",
                    "unit": ""
                },
                {
                    "section": "Material Specifications",
                    "property": "Lever Frame",
                    "value": "Stainless Steel",
                    "unit": ""
                },
                {
                    "section": "Material Specifications",
                    "property": "Lever Frame EN Specification",
                    "value": "EN 10088 X5CrNi18-10",
                    "unit": ""
                },
                {
                    "section": "Material Specifications",
                    "property": "Lever Frame ASTM Specification",
                    "value": "A276 Type 304",
                    "unit": ""
                },
                {
                    "section": "Material Specifications",
                    "property": "Exhaust Nozzle",
                    "value": "Stainless Steel",
                    "unit": ""
                },
                {
                    "section": "Material Specifications",
                    "property": "Exhaust Nozzle EN Specification",
                    "value": "EN 10088 X5CrNi18-10",
                    "unit": ""
                },
                {
                    "section": "Material Specifications",
                    "property": "Exhaust Nozzle ASTM Specification",
                    "value": "A276 Type 304",
                    "unit": ""
                },
                {
                    "section": "Material Specifications",
                    "property": "Exhaust Nozzle Seat",
                    "value": "Rubber",
                    "unit": ""
                },
                {
                    "section": "Material Specifications",
                    "property": "Exhaust Nozzle Seat EN Specification",
                    "value": "EN 681 EPDM",
                    "unit": ""
                },
                {
                    "section": "Material Specifications",
                    "property": "Exhaust Nozzle Seat ASTM Specification",
                    "value": "D2000 EPDM",
                    "unit": ""
                },
                {
                    "section": "Material Specifications",
                    "property": "Float Ball",
                    "value": "Stainless Steel",
                    "unit": ""
                },
                {
                    "section": "Material Specifications",
                    "property": "Float Ball EN Specification",
                    "value": "EN 10088 X5CrNi18-10",
                    "unit": ""
                },
                {
                    "section": "Material Specifications",
                    "property": "Float Ball ASTM Specification",
                    "value": "A276 Type 304",
                    "unit": ""
                },
                {
                    "section": "Material Specifications",
                    "property": "Ball Locator",
                    "value": "Stainless Steel",
                    "unit": ""
                },
                {
                    "section": "Material Specifications",
                    "property": "Ball Locator EN Specification",
                    "value": "EN 10088 X5CrNi18-10",
                    "unit": ""
                },
                {
                    "section": "Material Specifications",
                    "property": "Ball Locator ASTM Specification",
                    "value": "A276 Type 304",
                    "unit": ""
                },
                {
                    "section": "Material Specifications",
                    "property": "Float Arm",
                    "value": "Stainless Steel",
                    "unit": ""
                },
                {
                    "section": "Material Specifications",
                    "property": "Float Arm EN Specification",
                    "value": "EN 10088 X5CrNi18-10",
                    "unit": ""
                },
                {
                    "section": "Material Specifications",
                    "property": "Float Arm ASTM Specification",
                    "value": "A276 Type 304",
                    "unit": ""
                },
                {
                    "section": "Material Specifications",
                    "property": "Pivot Pin",
                    "value": "Stainless Steel",
                    "unit": ""
                },
                {
                    "section": "Material Specifications",
                    "property": "Pivot Pin EN Specification",
                    "value": "EN 10088 X5CrNi18-10",
                    "unit": ""
                },
                {
                    "section": "Material Specifications",
                    "property": "Pivot Pin ASTM Specification",
                    "value": "A276 Type 304",
                    "unit": ""
                },
                {
                    "section": "Material Specifications",
                    "property": "Body/Cover Gasket",
                    "value": "Rubber",
                    "unit": ""
                },
                {
                    "section": "Material Specifications",
                    "property": "Body/Cover Gasket EN Specification",
                    "value": "EN 681 EPDM",
                    "unit": ""
                },
                {
                    "section": "Material Specifications",
                    "property": "Body/Cover Gasket ASTM Specification",
                    "value": "D2000 EPDM",
                    "unit": ""
                }
            ]
        }
    ]
}