{
    "parts": [
        {
            "reference": "NO_REF",
            "brand": "",
            "description": [
                {
                    "section": "Interrupts/diagnostics/status information",
                    "text": "Alarms"
                },
                {
                    "section": "Interrupts/diagnostics/status information",
                    "text": "Diagnoses"
                },
                {
                    "section": "Interrupts/diagnostics/status information",
                    "text": "Diagnostics indication LED"
                },
                {
                    "section": "Potential separation",
                    "text": "Potential separation analog inputs"
                },
                {
                    "section": "Permissible potential difference",
                    "text": "between different circuits"
                },
                {
                    "section": "Standards, approvals, certificates",
                    "text": "CE mark"
                },
                {
                    "section": "Highest safety class achievable in safety mode",
                    "text": "Performance level according to ISO 13849-1"
                },
                {
                    "section": "Highest safety class achievable in safety mode",
                    "text": "SIL acc. to IEC 61508"
                },
                {
                    "section": "Use in hazardous areas",
                    "text": "ATEX marking"
                },
                {
                    "section": "Use in hazardous areas",
                    "text": "ATEX certificate"
                },
                {
                    "section": "Dimensions",
                    "text": "Width"
                },
                {
                    "section": "Dimensions",
                    "text": "Height"
                },
                {
                    "section": "Dimensions",
                    "text": "Depth"
                },
                {
                    "section": "Weights",
                    "text": "Weight, approx."
                }
            ],
            "key_value_pairs": [
                {
                    "section": "Linearity error (relative to input range), (+/-)",
                    "property": "Linearity error (relative to input range), (+/-)",
                    "value": "0.015",
                    "unit": "%"
                },
                {
                    "section": "Temperature error (relative to input range), (+/-)",
                    "property": "Temperature error (relative to input range), (+/-)",
                    "value": "0.005",
                    "unit": "%/K"
                },
                {
                    "section": "Crosstalk between the inputs, min.",
                    "property": "Crosstalk between the inputs, min.",
                    "value": "-50",
                    "unit": "dB"
                },
                {
                    "section": "Repeat accuracy in steady state at 25\u00b0C (relative to input range), (+/-)",
                    "property": "Repeat accuracy in steady state at 25\u00b0C (relative to input range), (+/-)",
                    "value": "0.015",
                    "unit": "%"
                },
                {
                    "section": "Operational error limit in overall temperature range",
                    "property": "Current, relative to input range, (+/-)",
                    "value": "0.35",
                    "unit": "%"
                },
                {
                    "section": "Basic error limit (operational limit at 25\u00b0C)",
                    "property": "Current, relative to input range, (+/-)",
                    "value": "0.1",
                    "unit": "%"
                },
                {
                    "section": "Interference voltage suppression for f=n\u00d7(f1+/-1%), f1= interference frequency",
                    "property": "Series mode interference (peak value of interference < rated value of input range), min.",
                    "value": "40",
                    "unit": "dB"
                },
                {
                    "section": "Interference voltage suppression for f=n\u00d7(f1+/-1%), f1= interference frequency",
                    "property": "Common mode interference, min.",
                    "value": "50",
                    "unit": "dB"
                },
                {
                    "section": "Interrupts/diagnostics/status information",
                    "property": "Diagnostic alarm",
                    "value": "Yes; Parameterizable",
                    "unit": ""
                },
                {
                    "section": "Interrupts/diagnostics/status information",
                    "property": "Diagnostic information readable",
                    "value": "Yes",
                    "unit": ""
                },
                {
                    "section": "Interrupts/diagnostics/status information",
                    "property": "Wire-break",
                    "value": "Yes",
                    "unit": ""
                },
                {
                    "section": "Interrupts/diagnostics/status information",
                    "property": "Short-circuit",
                    "value": "Yes",
                    "unit": ""
                },
                {
                    "section": "Interrupts/diagnostics/status information",
                    "property": "Group error SF (red)",
                    "value": "Yes",
                    "unit": ""
                },
                {
                    "section": "Potential separation analog inputs",
                    "property": "between the channels",
                    "value": "No",
                    "unit": ""
                },
                {
                    "section": "Potential separation analog inputs",
                    "property": "between the channels and backplane bus",
                    "value": "Yes",
                    "unit": ""
                },
                {
                    "section": "Potential separation analog inputs",
                    "property": "Between the channels and load voltage L+",
                    "value": "Yes; Power bus",
                    "unit": ""
                },
                {
                    "section": "Permissible potential difference",
                    "property": "between different circuits",
                    "value": "60",
                    "unit": "V DC/30 V AC"
                },
                {
                    "section": "Standards, approvals, certificates",
                    "property": "CE mark",
                    "value": "Yes",
                    "unit": ""
                },
                {
                    "section": "Highest safety class achievable in safety mode",
                    "property": "Performance level according to ISO 13849-1",
                    "value": "PLe",
                    "unit": ""
                },
                {
                    "section": "Highest safety class achievable in safety mode",
                    "property": "SIL acc. to IEC 61508",
                    "value": "SIL 3",
                    "unit": ""
                },
                {
                    "section": "Use in hazardous areas",
                    "property": "ATEX marking",
                    "value": "II 2 G (1) GD Ex ib[ia Ga][ia IIIC Da] IIC T4 GB and I M2 Ex ib[ia Ma] I Mb",
                    "unit": ""
                },
                {
                    "section": "Use in hazardous areas",
                    "property": "ATEX certificate",
                    "value": "10 ATEX 0058",
                    "unit": ""
                },
                {
                    "section": "Dimensions",
                    "property": "Width",
                    "value": "30",
                    "unit": "mm"
                },
                {
                    "section": "Dimensions",
                    "property": "Height",
                    "value": "129",
                    "unit": "mm"
                },
                {
                    "section": "Dimensions",
                    "property": "Depth",
                    "value": "136.5",
                    "unit": "mm"
                },
                {
                    "section": "Weights",
                    "property": "Weight, approx.",
                    "value": "299",
                    "unit": "g"
                },
                {
                    "section": "last modified:",
                    "property": "last modified:",
                    "value": "4/25/2024",
                    "unit": ""
                }
            ]
        }
    ]
}