{
    "parts": [
        {
            "reference": "FD1771-01",
            "brand": "Western Digital",
            "description": [
                {
                    "section": "FEATURES",
                    "text": "SOFT SECTOR FORMAT COMPATIBILITY, AUTOMATIC TRACK SEEK WITH VERIFICATION, READ MODE, Single/Multiple Sector Write with Automatic Sector Search or Entire Track Read, Selectable 128 Byte or Variable Length Sector, WRITE MODE, Single/Multiple Sector Write with Automatic Sector Search, Entire Track Write for Diskette Formatting, PROGRAMMABLE CONTROLS, Selectable Track-to-Track Stepping Time, Selectable Head Settling and Head Engage Times, Selectable Three Phase or Step and Direction and Head Positioning Motor Controls, SYSTEM COMPATIBILITY, Double Buffering of Data 8-Bit Bi-Directional Bus for Data, Control and Status, DMA or Programmed Data Transfers, All Inputs and Outputs are TTL Compatible"
                },
                {
                    "section": "APPLICATIONS",
                    "text": "FLOPPY DISK DRIVE INTERFACE, SINGLE OR MULTIPLE DRIVE CONTROLLER/FORMATTER, NEW MINI-FLOPPY CONTROLLER"
                },
                {
                    "section": "GENERAL DESCRIPTION",
                    "text": "The FD1771 is a MOS/LSI device that performs the functions of a Floppy Disk Controller/Formatter. The device is designed to be included in the disk drive electronics, and contains a flexible interface."
                }
            ],
            "key_value_pairs": [
                {
                    "section": "PIN CONNECTIONS",
                    "property": "Pin 1",
                    "value": "VBB (-5V)",
                    "unit": ""
                },
                {
                    "section": "PIN CONNECTIONS",
                    "property": "Pin 2",
                    "value": "WE",
                    "unit": ""
                },
                {
                    "section": "PIN CONNECTIONS",
                    "property": "Pin 3",
                    "value": "CS",
                    "unit": ""
                },
                {
                    "section": "PIN CONNECTIONS",
                    "property": "Pin 4",
                    "value": "RE",
                    "unit": ""
                },
                {
                    "section": "PIN CONNECTIONS",
                    "property": "Pin 5",
                    "value": "A0",
                    "unit": ""
                },
                {
                    "section": "PIN CONNECTIONS",
                    "property": "Pin 6",
                    "value": "A1",
                    "unit": ""
                },
                {
                    "section": "PIN CONNECTIONS",
                    "property": "Pin 7",
                    "value": "DAL0",
                    "unit": ""
                },
                {
                    "section": "PIN CONNECTIONS",
                    "property": "Pin 8",
                    "value": "DAL1",
                    "unit": ""
                },
                {
                    "section": "PIN CONNECTIONS",
                    "property": "Pin 9",
                    "value": "DAL2",
                    "unit": ""
                },
                {
                    "section": "PIN CONNECTIONS",
                    "property": "Pin 10",
                    "value": "DAL3",
                    "unit": ""
                },
                {
                    "section": "PIN CONNECTIONS",
                    "property": "Pin 11",
                    "value": "DAL4",
                    "unit": ""
                },
                {
                    "section": "PIN CONNECTIONS",
                    "property": "Pin 12",
                    "value": "DAL5",
                    "unit": ""
                },
                {
                    "section": "PIN CONNECTIONS",
                    "property": "Pin 13",
                    "value": "DAL6",
                    "unit": ""
                },
                {
                    "section": "PIN CONNECTIONS",
                    "property": "Pin 14",
                    "value": "DAL7",
                    "unit": ""
                },
                {
                    "section": "PIN CONNECTIONS",
                    "property": "Pin 15",
                    "value": "PH1/STEP",
                    "unit": ""
                },
                {
                    "section": "PIN CONNECTIONS",
                    "property": "Pin 16",
                    "value": "PH2/DIRC",
                    "unit": ""
                },
                {
                    "section": "PIN CONNECTIONS",
                    "property": "Pin 17",
                    "value": "PH3",
                    "unit": ""
                },
                {
                    "section": "PIN CONNECTIONS",
                    "property": "Pin 18",
                    "value": "3PM",
                    "unit": ""
                },
                {
                    "section": "PIN CONNECTIONS",
                    "property": "Pin 19",
                    "value": "MR",
                    "unit": ""
                },
                {
                    "section": "PIN CONNECTIONS",
                    "property": "Pin 20",
                    "value": "GND/VSS",
                    "unit": ""
                },
                {
                    "section": "PIN CONNECTIONS",
                    "property": "Pin 21",
                    "value": "VC (-5V)",
                    "unit": ""
                },
                {
                    "section": "PIN CONNECTIONS",
                    "property": "Pin 22",
                    "value": "TEST",
                    "unit": ""
                },
                {
                    "section": "PIN CONNECTIONS",
                    "property": "Pin 23",
                    "value": "HLT",
                    "unit": ""
                },
                {
                    "section": "PIN CONNECTIONS",
                    "property": "Pin 24",
                    "value": "CLK",
                    "unit": ""
                },
                {
                    "section": "PIN CONNECTIONS",
                    "property": "Pin 25",
                    "value": "XTDS",
                    "unit": ""
                },
                {
                    "section": "PIN CONNECTIONS",
                    "property": "Pin 26",
                    "value": "FDCLK",
                    "unit": ""
                },
                {
                    "section": "PIN CONNECTIONS",
                    "property": "Pin 27",
                    "value": "FDATA",
                    "unit": ""
                },
                {
                    "section": "PIN CONNECTIONS",
                    "property": "Pin 28",
                    "value": "HLD",
                    "unit": ""
                },
                {
                    "section": "PIN CONNECTIONS",
                    "property": "Pin 29",
                    "value": "TG43",
                    "unit": ""
                },
                {
                    "section": "PIN CONNECTIONS",
                    "property": "Pin 30",
                    "value": "WG",
                    "unit": ""
                },
                {
                    "section": "PIN CONNECTIONS",
                    "property": "Pin 31",
                    "value": "WD",
                    "unit": ""
                },
                {
                    "section": "PIN CONNECTIONS",
                    "property": "Pin 32",
                    "value": "READY",
                    "unit": ""
                },
                {
                    "section": "PIN CONNECTIONS",
                    "property": "Pin 33",
                    "value": "WF",
                    "unit": ""
                },
                {
                    "section": "PIN CONNECTIONS",
                    "property": "Pin 34",
                    "value": "TROO",
                    "unit": ""
                },
                {
                    "section": "PIN CONNECTIONS",
                    "property": "Pin 35",
                    "value": "IP",
                    "unit": ""
                },
                {
                    "section": "PIN CONNECTIONS",
                    "property": "Pin 36",
                    "value": "WPRT",
                    "unit": ""
                },
                {
                    "section": "PIN CONNECTIONS",
                    "property": "Pin 37",
                    "value": "MR",
                    "unit": ""
                },
                {
                    "section": "PIN CONNECTIONS",
                    "property": "Pin 38",
                    "value": "DRO",
                    "unit": ""
                },
                {
                    "section": "PIN CONNECTIONS",
                    "property": "Pin 39",
                    "value": "INTRO",
                    "unit": ""
                },
                {
                    "section": "PIN CONNECTIONS",
                    "property": "Pin 40",
                    "value": "VDD (+12V)",
                    "unit": ""
                }
            ]
        }
    ]
}