{
    "parts": [
        {
            "reference": "HD-EM0602-LW15-R",
            "brand": "PUIaudio",
            "description": [
                {
                    "section": "Features",
                    "text": "Designed to be driven with 3 VDC. Brushless smallest motor with a built-in IC driver. High Reliability. Lead wire motor attached for easy assembly. Generates 15,000 RPMs with no more than 50 dBA acoustic noise."
                },
                {
                    "section": "Reliability Testing",
                    "text": "After testing, each motor must achieve the listed Pass/Fail Criteria for the appropriate test."
                },
                {
                    "section": "Measurement Methods",
                    "text": "Vibration and noise measurement methods are illustrated."
                },
                {
                    "section": "Packaging",
                    "text": "100pcs per tray, 25 trays per stack, 2500pcs. 2 stacks per carton, 5000pcs."
                }
            ],
            "key_value_pairs": [
                {
                    "section": "Specifications",
                    "property": "Rated Voltage",
                    "value": "3.0",
                    "unit": "V_DC"
                },
                {
                    "section": "Specifications",
                    "property": "Starting Voltage",
                    "value": "<= 2.5",
                    "unit": "V_DC"
                },
                {
                    "section": "Specifications",
                    "property": "Operating Voltage Range",
                    "value": "2.7 ~ 3.3",
                    "unit": "V_DC"
                },
                {
                    "section": "Specifications",
                    "property": "Vibration Strength",
                    "value": "0.4",
                    "unit": "G"
                },
                {
                    "section": "Specifications",
                    "property": "Insulation Resistance",
                    "value": ">10",
                    "unit": "M_Ohms"
                },
                {
                    "section": "Specifications",
                    "property": "Rated Speed",
                    "value": "15,000 \u00b1 3,000",
                    "unit": "RPM (@3 VDC)"
                },
                {
                    "section": "Specifications",
                    "property": "Rated Current (Max)",
                    "value": "80",
                    "unit": "mA (@ 3 V_DC)"
                },
                {
                    "section": "Specifications",
                    "property": "Starting Current (Max)",
                    "value": "175",
                    "unit": "mA (@ 3 V_DC)"
                },
                {
                    "section": "Specifications",
                    "property": "Mechanical Noise (Max)",
                    "value": "50",
                    "unit": "dBA"
                },
                {
                    "section": "Specifications",
                    "property": "Environmental Compliances",
                    "value": "RoHS/REACH",
                    "unit": ""
                },
                {
                    "section": "Specifications",
                    "property": "Actuator Mass",
                    "value": "0.33",
                    "unit": "Grams"
                },
                {
                    "section": "Specifications",
                    "property": "Storage Temperature",
                    "value": "-30 ~ +85",
                    "unit": "\u00b0C"
                },
                {
                    "section": "Specifications",
                    "property": "Operating Temperature",
                    "value": "-20 ~ +60",
                    "unit": "\u00b0C"
                },
                {
                    "section": "Reliability Testing",
                    "property": "High Temperature",
                    "value": "Switch on, Functionality check, Power off",
                    "unit": ""
                },
                {
                    "section": "Reliability Testing",
                    "property": "Low Temperature",
                    "value": "Switch on, Functionality check, Power off",
                    "unit": ""
                },
                {
                    "section": "Reliability Testing",
                    "property": "High Temperature Storage",
                    "value": "Storage, Check performance, function, characteristics",
                    "unit": ""
                },
                {
                    "section": "Reliability Testing",
                    "property": "Low Temperature Storage",
                    "value": "Storage, Check performance, function, characteristics",
                    "unit": ""
                },
                {
                    "section": "Reliability Testing",
                    "property": "Thermal Shock",
                    "value": "Cycled 256 times, power off, dwell times 30 min including transition times of 0 - 5 min",
                    "unit": ""
                },
                {
                    "section": "Reliability Testing",
                    "property": "Free Drop",
                    "value": "Drop from listed drop height: Jig Mass: 100 grams (including motor), Drop Height: 1.53 meters, Test Cycles: 6 Faces, 8 Corners, 12 edges (3 x each)",
                    "unit": ""
                },
                {
                    "section": "Reliability Testing",
                    "property": "Vibration",
                    "value": "Frequency: 10 ~ 125 Hz, Cycle Time: 5 min log sweep, Test Orientation: X, Y, Z, Test Duration: 2 hour XY, 4 hour Z",
                    "unit": ""
                },
                {
                    "section": "Reliability Testing",
                    "property": "Lifetime",
                    "value": "Test Cycles: 500,000 (@ 3 V_DC), Test Time: 6 days (on duration), Cycle: 0.5 s on, 0.5 s off = 1 cycle (1s)",
                    "unit": ""
                },
                {
                    "section": "Dimensions",
                    "property": "Diameter",
                    "value": "6 \u00b1 0.1",
                    "unit": "mm"
                },
                {
                    "section": "Dimensions",
                    "property": "Height",
                    "value": "12 \u00b1 2",
                    "unit": "mm"
                },
                {
                    "section": "Dimensions",
                    "property": "Wire Length",
                    "value": "1.5 \u00b1 0.5",
                    "unit": "mm"
                },
                {
                    "section": "Dimensions",
                    "property": "Diameter (Top)",
                    "value": "5 \u00b1 0.2",
                    "unit": "mm"
                },
                {
                    "section": "Dimensions",
                    "property": "Diameter (Bottom)",
                    "value": "5 \u00b1 0.2",
                    "unit": "mm"
                },
                {
                    "section": "Dimensions",
                    "property": "Diameter (Middle)",
                    "value": "2.5 \u00b1 0.1",
                    "unit": "mm"
                },
                {
                    "section": "Specifications Revisions",
                    "property": "Revision",
                    "value": "A",
                    "unit": ""
                },
                {
                    "section": "Specifications Revisions",
                    "property": "Description",
                    "value": "RELEASED FROM ENGINEERING",
                    "unit": ""
                },
                {
                    "section": "Specifications Revisions",
                    "property": "Date",
                    "value": "2/24/2023",
                    "unit": ""
                }
            ]
        }
    ]
}