{
    "parts": [
        {
            "reference": "HD-EMB1005-LW25-R",
            "brand": "PUiaudio",
            "description": [
                {
                    "section": "Features",
                    "text": "- Designed to be driven with 3 VDC\n- 25 mm lead wires for easy implementation\n- Generates 17,000 RPMs with no more than 50 dBA acoustic noise"
                },
                {
                    "section": "Measurement Methods",
                    "text": "Vibration and noise measurement methods are illustrated with diagrams."
                },
                {
                    "section": "Reliability Testing",
                    "text": "Testing includes high temperature, low temperature, humidity, temperature cycle, vibration, and load tests. Acceleration, resistance, rated current, and noise must meet specifications after testing."
                },
                {
                    "section": "Dimensions",
                    "text": "Dimensions are provided in a diagram format."
                },
                {
                    "section": "Packaging",
                    "text": "Packaging details include tray, inner box, and outer box dimensions and quantities."
                },
                {
                    "section": "Specifications Revisions",
                    "text": "Revision history includes release from engineering on 04/07/2022."
                }
            ],
            "key_value_pairs": [
                {
                    "section": "Specifications",
                    "property": "Rated Voltage",
                    "value": "3",
                    "unit": "VDC"
                },
                {
                    "section": "Specifications",
                    "property": "Operating Voltage Range",
                    "value": "2.5~3.7",
                    "unit": "VDC"
                },
                {
                    "section": "Specifications",
                    "property": "Direction of Rotation",
                    "value": "CW/CCW",
                    "unit": ""
                },
                {
                    "section": "Specifications",
                    "property": "Terminal Resistance",
                    "value": "43 \u00b1 20%",
                    "unit": "Ohms"
                },
                {
                    "section": "Specifications",
                    "property": "Rated Speed (at 3 VDC)",
                    "value": "17,000 \u00b1 3,000",
                    "unit": "RPMs"
                },
                {
                    "section": "Specifications",
                    "property": "Rated Current (at 3 VDC)",
                    "value": "50",
                    "unit": "mA"
                },
                {
                    "section": "Specifications",
                    "property": "Locked Current (Max)",
                    "value": "90",
                    "unit": "mA"
                },
                {
                    "section": "Specifications",
                    "property": "Shaft Pull Strength",
                    "value": "3",
                    "unit": "Kg"
                },
                {
                    "section": "Specifications",
                    "property": "Shaft End Play (Max)",
                    "value": "0.3",
                    "unit": "mm"
                },
                {
                    "section": "Specifications",
                    "property": "Mechanical Noise (Max)",
                    "value": "50",
                    "unit": "dBA"
                },
                {
                    "section": "Specifications",
                    "property": "Housing Material",
                    "value": "SPC",
                    "unit": ""
                },
                {
                    "section": "Specifications",
                    "property": "Environmental Compliances",
                    "value": "RoHS/REACH",
                    "unit": ""
                },
                {
                    "section": "Specifications",
                    "property": "Weight",
                    "value": "0.8",
                    "unit": "Grams"
                },
                {
                    "section": "Specifications",
                    "property": "Storage Temperature",
                    "value": "-40~+85",
                    "unit": "\u00b0C"
                },
                {
                    "section": "Specifications",
                    "property": "Operating Temperature",
                    "value": "-20~+60",
                    "unit": "\u00b0C"
                },
                {
                    "section": "Reliability Testing",
                    "property": "High Temperature Test",
                    "value": "Temperature: 85\u00b0C, Test Duration Time: 96 hours",
                    "unit": ""
                },
                {
                    "section": "Reliability Testing",
                    "property": "Low Temperature Test",
                    "value": "Temperature: -40\u00b0C, Test Duration Time: 96 hours",
                    "unit": ""
                },
                {
                    "section": "Reliability Testing",
                    "property": "Humidity Test",
                    "value": "Temperature: 70\u00b0C, Room Humidity: 90%, Test Duration Time: 96 hours",
                    "unit": ""
                },
                {
                    "section": "Reliability Testing",
                    "property": "Temperature Cycle Testing",
                    "value": "Run for two cycles with the motor driving for 0.5 seconds on 0.5 seconds off: 1cycle Temperature 3 mm deflection at 1000 cycles per minute, for 10 minutes in each axis (X, Y, Z).",
                    "unit": ""
                },
                {
                    "section": "Reliability Testing",
                    "property": "Vibration Test",
                    "value": "Weight: Set linear vibration motor to ~100 g (including linear vibration motor) weight of block. Drop Height: 150 cm Floor Material: Steel Test Axis: \u00b1X, \u00b1Y, \u00b1Z; total 6 faces Test Repetition: 2 time per face (12 total)",
                    "unit": ""
                },
                {
                    "section": "Reliability Testing",
                    "property": "Load Test",
                    "value": "1,000,000 operating cycles at room temperature Test Cycle: 0.5 seconds on, 0.5 second off",
                    "unit": ""
                },
                {
                    "section": "Packaging",
                    "property": "Tray",
                    "value": "PET",
                    "unit": ""
                },
                {
                    "section": "Packaging",
                    "property": "Tray Dimension",
                    "value": "141(L) x 150(W) x 11(H)",
                    "unit": ""
                },
                {
                    "section": "Packaging",
                    "property": "Tray Quantity",
                    "value": "50ea",
                    "unit": ""
                },
                {
                    "section": "Packaging",
                    "property": "Inner Box",
                    "value": "Carton box",
                    "unit": ""
                },
                {
                    "section": "Packaging",
                    "property": "Inner Box Dimension",
                    "value": "150(L) x 160(W) x 115(H)",
                    "unit": ""
                },
                {
                    "section": "Packaging",
                    "property": "Inner Box Quantity",
                    "value": "1,000ea",
                    "unit": ""
                },
                {
                    "section": "Packaging",
                    "property": "Outer Box",
                    "value": "Carton box",
                    "unit": ""
                },
                {
                    "section": "Packaging",
                    "property": "Outer Box Dimension",
                    "value": "330(L) x 330(W) x 270(H)",
                    "unit": ""
                },
                {
                    "section": "Packaging",
                    "property": "Outer Box Quantity",
                    "value": "8,000ea",
                    "unit": ""
                },
                {
                    "section": "Specifications Revisions",
                    "property": "Revision A",
                    "value": "RELEASED FROM ENGINEERING",
                    "unit": ""
                },
                {
                    "section": "Specifications Revisions",
                    "property": "Revision Date",
                    "value": "04/07/2022",
                    "unit": ""
                }
            ]
        }
    ]
}