{
    "parts": [
        {
            "reference": "290-065, 23-290-065, 751-610, 23-751-610, 751-628, 23-751-628, 25065A",
            "brand": "Thermo Fisher SCIENTIFIC",
            "description": [
                {
                    "section": "1. PRODUCT AND COMPANY IDENTIFICATION",
                    "text": "Product Name: Deionized Water. Synonyms: No information available. Recommended Use: In vitro diagnostic. Company: Fisher Diagnostics, A Division of Fisher Scientific Company, LLC, A Part of Thermo Fisher Scientific, Inc. Address: 8365 Valley Pike, Middletown, VA 22645-1905. Tel: (800) 528-0494."
                },
                {
                    "section": "2. HAZARDS IDENTIFICATION",
                    "text": "The product contains no substances which at their given concentration are considered to be hazardous to health. Target Organs: None known. Aggravated Medical Conditions: No information available."
                },
                {
                    "section": "2. HAZARDS IDENTIFICATION",
                    "text": "Potential Health Effects: Acute Effects: Principle Routes of Exposure: Eyes: No hazard from product as supplied. Skin: No hazard from product as supplied. Inhalation: Low hazard for usual industrial or commercial handling. Ingestion: Low hazard for usual industrial or commercial handling. Chronic Effects: None known."
                }
            ],
            "key_value_pairs": [
                {
                    "section": "1. PRODUCT AND COMPANY IDENTIFICATION",
                    "property": "Product Name",
                    "value": "Deionized Water",
                    "unit": ""
                },
                {
                    "section": "1. PRODUCT AND COMPANY IDENTIFICATION",
                    "property": "Cat No.",
                    "value": "290-065, 23-290-065, 751-610, 23-751-610, 751-628, 23-751-628, 25065A",
                    "unit": ""
                },
                {
                    "section": "1. PRODUCT AND COMPANY IDENTIFICATION",
                    "property": "Synonyms",
                    "value": "No information available.",
                    "unit": ""
                },
                {
                    "section": "1. PRODUCT AND COMPANY IDENTIFICATION",
                    "property": "Recommended Use",
                    "value": "In vitro diagnostic",
                    "unit": ""
                },
                {
                    "section": "1. PRODUCT AND COMPANY IDENTIFICATION",
                    "property": "Company",
                    "value": "Fisher Diagnostics, A Division of Fisher Scientific Company, LLC, A Part of Thermo Fisher Scientific, Inc.",
                    "unit": ""
                },
                {
                    "section": "1. PRODUCT AND COMPANY IDENTIFICATION",
                    "property": "Address",
                    "value": "8365 Valley Pike, Middletown, VA 22645-1905",
                    "unit": ""
                },
                {
                    "section": "1. PRODUCT AND COMPANY IDENTIFICATION",
                    "property": "Tel",
                    "value": "(800) 528-0494",
                    "unit": ""
                },
                {
                    "section": "2. HAZARDS IDENTIFICATION",
                    "property": "Appearance",
                    "value": "Color",
                    "unit": ""
                },
                {
                    "section": "2. HAZARDS IDENTIFICATION",
                    "property": "Physical State",
                    "value": "Liquid",
                    "unit": ""
                },
                {
                    "section": "2. HAZARDS IDENTIFICATION",
                    "property": "Odor",
                    "value": "Odor odorless",
                    "unit": ""
                },
                {
                    "section": "2. HAZARDS IDENTIFICATION",
                    "property": "Target Organs",
                    "value": "None known.",
                    "unit": ""
                },
                {
                    "section": "2. HAZARDS IDENTIFICATION",
                    "property": "Eyes",
                    "value": "No hazard from product as supplied.",
                    "unit": ""
                },
                {
                    "section": "2. HAZARDS IDENTIFICATION",
                    "property": "Skin",
                    "value": "No hazard from product as supplied.",
                    "unit": ""
                },
                {
                    "section": "2. HAZARDS IDENTIFICATION",
                    "property": "Inhalation",
                    "value": "Low hazard for usual industrial or commercial handling.",
                    "unit": ""
                },
                {
                    "section": "2. HAZARDS IDENTIFICATION",
                    "property": "Ingestion",
                    "value": "Low hazard for usual industrial or commercial handling.",
                    "unit": ""
                },
                {
                    "section": "2. HAZARDS IDENTIFICATION",
                    "property": "Chronic Effects",
                    "value": "None known.",
                    "unit": ""
                },
                {
                    "section": "2. HAZARDS IDENTIFICATION",
                    "property": "Aggravated Medical Conditions",
                    "value": "No information available.",
                    "unit": ""
                }
            ]
        }
    ]
}