{
    "parts": [
        {
            "reference": "BVIRF-M",
            "brand": "PMAFIX",
            "description": [
                {
                    "section": "General Description",
                    "text": "Straight, for FCI connectors with metric female thread"
                },
                {
                    "section": "Product Type",
                    "text": "IP68, polyamide fitting for flexible nonmetallic conduit"
                },
                {
                    "section": "Conforms to",
                    "text": "EN 45545-2 HL3 (R22 & R23), NFPA 130, UL 94 (V0)"
                },
                {
                    "section": "Weathering resistance",
                    "text": "Very good UV resistance and weathering characteristics"
                },
                {
                    "section": "Colour",
                    "text": "Black"
                },
                {
                    "section": "Chemical properties",
                    "text": "Please refer to www.pma.ch (Technical Information / Chemical Resistance)"
                },
                {
                    "section": "Environmental properties",
                    "text": "Free from halogens and cadmium, RoHS and REACH compliant"
                },
                {
                    "section": "Content of delivery",
                    "text": "Fitting with conduit locking clip (OVN2), Conduit gasket (NVN3)"
                },
                {
                    "section": "Assembly Instructions",
                    "text": "Please consider the appropriate assembly instructions on www.pma.ch"
                }
            ],
            "key_value_pairs": [
                {
                    "section": "Mechanical Properties",
                    "property": "Tensile modulus",
                    "value": "1200 ... 3700",
                    "unit": "N/mm\u00b2"
                },
                {
                    "section": "Mechanical Properties",
                    "property": "Tensile strength",
                    "value": "45 ... 65",
                    "unit": "N/mm\u00b2"
                },
                {
                    "section": "Mechanical Properties",
                    "property": "Notched bar impact test",
                    "value": "4 ... 20",
                    "unit": "kJ/m\u00b2"
                },
                {
                    "section": "Mechanical Properties",
                    "property": "Vibration and shock standard",
                    "value": "Cat. 2",
                    "unit": ""
                },
                {
                    "section": "Thermal properties",
                    "property": "Continuous application temperature",
                    "value": "-50 ... +105",
                    "unit": "\u00b0C"
                },
                {
                    "section": "Thermal properties",
                    "property": "Upper application temperature",
                    "value": "+120",
                    "unit": "\u00b0C"
                },
                {
                    "section": "Thermal properties",
                    "property": "Short-term",
                    "value": "+160",
                    "unit": "\u00b0C"
                },
                {
                    "section": "Fire safety properties",
                    "property": "Fire performance",
                    "value": "non flame-propagating",
                    "unit": ""
                },
                {
                    "section": "Fire safety properties",
                    "property": "Flame class",
                    "value": "V0",
                    "unit": ""
                },
                {
                    "section": "Fire hazard level (R22)",
                    "property": "Oxygen index",
                    "value": "> 32",
                    "unit": "%"
                },
                {
                    "section": "Fire hazard level (R22)",
                    "property": "Smoke density",
                    "value": "< 150",
                    "unit": "Ds max."
                },
                {
                    "section": "Fire hazard level (R22)",
                    "property": "Toxicity",
                    "value": "< 0.75",
                    "unit": "CIT_{N,P}"
                },
                {
                    "section": "Fire hazard level (R23)",
                    "property": "Oxygen index",
                    "value": "> 32",
                    "unit": "%"
                },
                {
                    "section": "Fire hazard level (R23)",
                    "property": "Smoke density",
                    "value": "< 300",
                    "unit": "Ds max."
                },
                {
                    "section": "Fire hazard level (R23)",
                    "property": "Toxicity",
                    "value": "< 1.5",
                    "unit": "CIT_{N,P}"
                },
                {
                    "section": "Fire performance NFPA 130",
                    "property": "Flammability",
                    "value": "compliant",
                    "unit": ""
                },
                {
                    "section": "Fire performance NFPA 130",
                    "property": "Smoke density",
                    "value": "compliant",
                    "unit": ""
                },
                {
                    "section": "Heat and visible smoke",
                    "property": "Heat and visible smoke",
                    "value": "26.00",
                    "unit": "MJ/kg"
                },
                {
                    "section": "Smoke emission toxicity",
                    "property": "Smoke emission toxicity (Bombardier SMP 800-C)",
                    "value": "compliant",
                    "unit": ""
                },
                {
                    "section": "Smoke emission toxicity",
                    "property": "Smoke emission toxicity (Boeing BSS 7241)",
                    "value": "compliant",
                    "unit": ""
                }
            ]
        }
    ]
}