[
    {
        "parts": [
            {
                "reference": "LV563308",
                "brand": "Schneider Electric",
                "description": [
                    {
                        "section": "Main",
                        "text": "circuit breaker, EasyPact CVS630F, 36kA at 415VAC, 500A, TM-D trip unit, 4P3d"
                    },
                    {
                        "section": "Main",
                        "text": "Range: EasyPact"
                    },
                    {
                        "section": "Main",
                        "text": "Range of product: EasyPact CVS400...630"
                    },
                    {
                        "section": "Main",
                        "text": "Product name: EasyPact CVS"
                    },
                    {
                        "section": "Main",
                        "text": "Device short name: CVS630F"
                    },
                    {
                        "section": "Main",
                        "text": "product or component type: Circuit breaker"
                    },
                    {
                        "section": "Main",
                        "text": "Device application: Distribution"
                    },
                    {
                        "section": "Main",
                        "text": "poles description: 4P"
                    },
                    {
                        "section": "Main",
                        "text": "Protected poles description: 3D"
                    },
                    {
                        "section": "Main",
                        "text": "Earth leakage protection (Vigi add on): Without"
                    },
                    {
                        "section": "Main",
                        "text": "Trip unit name: TM-D"
                    },
                    {
                        "section": "Main",
                        "text": "Trip unit technology: Thermal-magnetic"
                    },
                    {
                        "section": "Main",
                        "text": "Protection type: Short-circuit protection (magnetic), Overload protection (thermal)"
                    },
                    {
                        "section": "Complementary",
                        "text": "Breaking capacity code: F"
                    },
                    {
                        "section": "Complementary",
                        "text": "Neutral position: Left"
                    },
                    {
                        "section": "Complementary",
                        "text": "Mechanical durability: 15000 cycles"
                    },
                    {
                        "section": "Complementary",
                        "text": "Electrical durability: 4000 cycles 415 V In conforming to IEC 60947-2"
                    },
                    {
                        "section": "Complementary",
                        "text": "Control type: Toggle"
                    },
                    {
                        "section": "Complementary",
                        "text": "Thermal protection adjustment range: 350\u2026500 A"
                    },
                    {
                        "section": "Complementary",
                        "text": "Neutral protection setting: No protection (3D)"
                    },
                    {
                        "section": "Complementary",
                        "text": "Long time pick-up adjustment type I/:"
                    },
                    {
                        "section": "Complementary",
                        "text": "long time pick-up adjustment range: 0.7\u20261 \u00d7 In"
                    },
                    {
                        "section": "Complementary",
                        "text": "Long time delay adjustment type: Fixed"
                    },
                    {
                        "section": "Complementary",
                        "text": "Instantaneous pick-up adjustment type II:"
                    },
                    {
                        "section": "Complementary",
                        "text": "instantaneous pick-up adjustment range: 5\u202610 \u00d7 In"
                    },
                    {
                        "section": "Complementary",
                        "text": "Contact position indicator: Yes"
                    },
                    {
                        "section": "Complementary",
                        "text": "mounting support: Backplate"
                    },
                    {
                        "section": "Complementary",
                        "text": "mounting mode: Fixed"
                    },
                    {
                        "section": "Complementary",
                        "text": "Upside connection: Front"
                    },
                    {
                        "section": "Complementary",
                        "text": "downside connection: Front"
                    },
                    {
                        "section": "Complementary",
                        "text": "Connections - terminals: Screw connection"
                    },
                    {
                        "section": "Complementary",
                        "text": "Connection pitch: 45 mm"
                    },
                    {
                        "section": "Complementary",
                        "text": "Compatibility code: CVS630"
                    },
                    {
                        "section": "Complementary",
                        "text": "Width: 185 mm"
                    },
                    {
                        "section": "Complementary",
                        "text": "Depth: 110 mm"
                    },
                    {
                        "section": "Complementary",
                        "text": "Height: 255 mm"
                    },
                    {
                        "section": "Complementary",
                        "text": "net weight: 7.1 kg"
                    },
                    {
                        "section": "Environment",
                        "text": "Standards: IEC 60947-2, EN 60947-2"
                    },
                    {
                        "section": "Environment",
                        "text": "Product certifications: IEC, GOST"
                    },
                    {
                        "section": "Environment",
                        "text": "Electrical shock protection class: Class II"
                    },
                    {
                        "section": "Environment",
                        "text": "Pollution degree: 3 conforming to IEC 60664-1"
                    },
                    {
                        "section": "Environment",
                        "text": "IP degree of protection: IP40"
                    },
                    {
                        "section": "Environment",
                        "text": "Ambient air temperature for operation: -25\u202670\u00b0C"
                    },
                    {
                        "section": "Environment",
                        "text": "Ambient air temperature for storage: -50\u202685\u00b0C"
                    },
                    {
                        "section": "Packing Units",
                        "text": "Unit Type of Package 1: PCE"
                    },
                    {
                        "section": "Packing Units",
                        "text": "Number of Units in Package 1: 1"
                    },
                    {
                        "section": "Packing Units",
                        "text": "Package 1 Height: 24.4 cm"
                    },
                    {
                        "section": "Packing Units",
                        "text": "Package 1 Width: 21.0 cm"
                    },
                    {
                        "section": "Packing Units",
                        "text": "Package 1 Length: 30.0 cm"
                    },
                    {
                        "section": "Packing Units",
                        "text": "Package 1 Weight: 8.039 kg"
                    },
                    {
                        "section": "Packing Units",
                        "text": "Unit Type of Package 2: S03"
                    },
                    {
                        "section": "Packing Units",
                        "text": "Number of Units in Package 2: 2"
                    },
                    {
                        "section": "Packing Units",
                        "text": "Package 2 Height: 30 cm"
                    },
                    {
                        "section": "Packing Units",
                        "text": "Package 2 Width: 30 cm"
                    },
                    {
                        "section": "Packing Units",
                        "text": "Package 2 Length: 40 cm"
                    },
                    {
                        "section": "Packing Units",
                        "text": "Package 2 Weight: 16.078 kg"
                    }
                ],
                "key_value_pairs": [
                    {
                        "section": "Main",
                        "property": "In rated current",
                        "value": "500",
                        "unit": "A at 40\u00b0C"
                    },
                    {
                        "section": "Main",
                        "property": "Network type",
                        "value": "AC",
                        "unit": ""
                    },
                    {
                        "section": "Main",
                        "property": "Utilisation category",
                        "value": "Category A",
                        "unit": ""
                    },
                    {
                        "section": "Main",
                        "property": "Icu Breaking capacity",
                        "value": "40 kA Icu at 220/240 V AC 50/60 Hz conforming to IEC 60947-2",
                        "unit": ""
                    },
                    {
                        "section": "Main",
                        "property": "Icu Breaking capacity",
                        "value": "36 kA Icu at 380/415 V AC 50/60 Hz conforming to IEC 60947-2",
                        "unit": ""
                    },
                    {
                        "section": "Main",
                        "property": "Icu Breaking capacity",
                        "value": "30 kA Icu at 440 V AC 50/60 Hz conforming to IEC 60947-2",
                        "unit": ""
                    },
                    {
                        "section": "Main",
                        "property": "Trip unit rating",
                        "value": "500",
                        "unit": "A at 40\u00b0C"
                    },
                    {
                        "section": "Complementary",
                        "property": "Uimp rated impulse withstand voltage",
                        "value": "8 kV",
                        "unit": "conforming to EN/IEC 60947-2"
                    },
                    {
                        "section": "Complementary",
                        "property": "Network frequency",
                        "value": "50/60",
                        "unit": "Hz"
                    },
                    {
                        "section": "Complementary",
                        "property": "Ics rated service breaking capacity",
                        "value": "40 kA at 220/240 V AC 50/60 Hz conforming to IEC 60947-2",
                        "unit": ""
                    },
                    {
                        "section": "Complementary",
                        "property": "Ics rated service breaking capacity",
                        "value": "36 kA at 380/415 V AC 50/60 Hz conforming to IEC 60947-2",
                        "unit": ""
                    },
                    {
                        "section": "Complementary",
                        "property": "Ics rated service breaking capacity",
                        "value": "23 kA at 440 V AC 50/60 Hz conforming to IEC 60947-2",
                        "unit": ""
                    },
                    {
                        "section": "Complementary",
                        "property": "Thermal protection adjustment range",
                        "value": "350\u2026500",
                        "unit": "A"
                    },
                    {
                        "section": "Complementary",
                        "property": "long time pick-up adjustment range",
                        "value": "0.7\u20261",
                        "unit": "\u00d7 In"
                    },
                    {
                        "section": "Complementary",
                        "property": "instantaneous pick-up adjustment range",
                        "value": "5\u202610",
                        "unit": "\u00d7 In"
                    },
                    {
                        "section": "Complementary",
                        "property": "Width",
                        "value": "185",
                        "unit": "mm"
                    },
                    {
                        "section": "Complementary",
                        "property": "Depth",
                        "value": "110",
                        "unit": "mm"
                    },
                    {
                        "section": "Complementary",
                        "property": "Height",
                        "value": "255",
                        "unit": "mm"
                    },
                    {
                        "section": "Complementary",
                        "property": "net weight",
                        "value": "7.1",
                        "unit": "kg"
                    },
                    {
                        "section": "Environment",
                        "property": "Ambient air temperature for operation",
                        "value": "-25\u202670",
                        "unit": "\u00b0C"
                    },
                    {
                        "section": "Environment",
                        "property": "Ambient air temperature for storage",
                        "value": "-50\u202685",
                        "unit": "\u00b0C"
                    },
                    {
                        "section": "Packing Units",
                        "property": "Package 1 Height",
                        "value": "24.4",
                        "unit": "cm"
                    },
                    {
                        "section": "Packing Units",
                        "property": "Package 1 Width",
                        "value": "21.0",
                        "unit": "cm"
                    },
                    {
                        "section": "Packing Units",
                        "property": "Package 1 Length",
                        "value": "30.0",
                        "unit": "cm"
                    },
                    {
                        "section": "Packing Units",
                        "property": "Package 1 Weight",
                        "value": "8.039",
                        "unit": "kg"
                    },
                    {
                        "section": "Packing Units",
                        "property": "Package 2 Height",
                        "value": "30",
                        "unit": "cm"
                    },
                    {
                        "section": "Packing Units",
                        "property": "Package 2 Width",
                        "value": "30",
                        "unit": "cm"
                    },
                    {
                        "section": "Packing Units",
                        "property": "Package 2 Length",
                        "value": "40",
                        "unit": "cm"
                    },
                    {
                        "section": "Packing Units",
                        "property": "Package 2 Weight",
                        "value": "16.078",
                        "unit": "kg"
                    }
                ]
            }
        ]
    }
]