{
    "parts": [
        {
            "reference": "RTT80",
            "brand": "FOXBORO",
            "description": [
                {
                    "section": "Main",
                    "text": "Temperature transmitter with advanced diagnostics, dual 3-wire RTD channels, and SIL 2/3 certification."
                }
            ],
            "key_value_pairs": [
                {
                    "section": "Main",
                    "property": "Range of product",
                    "value": "Temperature",
                    "unit": ""
                },
                {
                    "section": "Main",
                    "property": "Product or component type",
                    "value": "Temperature transmitter",
                    "unit": ""
                },
                {
                    "section": "Main",
                    "property": "Type of measurement",
                    "value": "Temperature",
                    "unit": ""
                },
                {
                    "section": "Main",
                    "property": "Product specific application",
                    "value": "Water and waste water",
                    "unit": ""
                },
                {
                    "section": "Main",
                    "property": "Market segment",
                    "value": "Oil and gas, Paper and pulp, Chemical, Pharmaceutical",
                    "unit": ""
                },
                {
                    "section": "Complementary",
                    "property": "Analogue input type",
                    "value": "RTD, Thermocouple, Resistor, Voltage",
                    "unit": ""
                },
                {
                    "section": "Complementary",
                    "property": "Communication port protocol",
                    "value": "HART, 4... 20 mA, FOUNDATION fieldbus",
                    "unit": ""
                },
                {
                    "section": "Complementary",
                    "property": "Measurement range",
                    "value": "-270 ... 1300",
                    "unit": "\u00b0C"
                },
                {
                    "section": "Complementary",
                    "property": "Measurement range",
                    "value": "-454 ... 2372",
                    "unit": "\u00b0F"
                },
                {
                    "section": "Complementary",
                    "property": "Network and machine diagnosis type",
                    "value": "Sensor broken, Sensor shorted, Sensor corrosion, Drift detection",
                    "unit": ""
                },
                {
                    "section": "Complementary",
                    "property": "Measurement accuracy",
                    "value": "+/-0.32",
                    "unit": "\u00b0C"
                },
                {
                    "section": "Complementary",
                    "property": "Measurement accuracy",
                    "value": "+/-14",
                    "unit": "\u00b0C"
                },
                {
                    "section": "Complementary",
                    "property": "Safety level",
                    "value": "SIL 2",
                    "unit": ""
                },
                {
                    "section": "Environment",
                    "property": "Product certifications",
                    "value": "FM, CSA, ATEX, IECEx",
                    "unit": ""
                },
                {
                    "section": "Environment",
                    "property": "Standards",
                    "value": "DIN",
                    "unit": ""
                },
                {
                    "section": "Offer Sustainability",
                    "property": "Sustainable offer status",
                    "value": "Green Premium product",
                    "unit": ""
                },
                {
                    "section": "Offer Sustainability",
                    "property": "REACh Regulation",
                    "value": "REACh Declaration",
                    "unit": ""
                },
                {
                    "section": "Offer Sustainability",
                    "property": "EU RoHS Directive",
                    "value": "Compliant, EU RoHS Declaration",
                    "unit": ""
                },
                {
                    "section": "Offer Sustainability",
                    "property": "Mercury free",
                    "value": "Yes",
                    "unit": ""
                },
                {
                    "section": "Offer Sustainability",
                    "property": "RoHS exemption information",
                    "value": "Yes",
                    "unit": ""
                },
                {
                    "section": "Offer Sustainability",
                    "property": "China RoHS Regulation",
                    "value": "China RoHS declaration",
                    "unit": ""
                },
                {
                    "section": "Offer Sustainability",
                    "property": "Environmental Disclosure",
                    "value": "Product Environmental Profile",
                    "unit": ""
                },
                {
                    "section": "Offer Sustainability",
                    "property": "Circularity Profile",
                    "value": "End of Life Information",
                    "unit": ""
                },
                {
                    "section": "Offer Sustainability",
                    "property": "WEEE",
                    "value": "The product must be disposed on European Union markets following specific waste collection and never end up in rubbish bins",
                    "unit": ""
                },
                {
                    "section": "Offer Sustainability",
                    "property": "California proposition 65",
                    "value": "WARNING: This product can expose you to chemicals including: Lead and lead compounds, which is known to the State of California to cause cancer and birth defects or other reproductive harm. For more information go to www.P65Warnings.ca.gov",
                    "unit": ""
                }
            ]
        }
    ]
}