{
    "brand": "pumpa",
    "parts": [
        {
            "reference": "ZB00001039",
            "description": [
                {
                    "section": "",
                    "text": "PUMPA BLUE LINE 3SKM"
                },
                {
                    "section": "",
                    "text": "3\" submersible pump for boreholes"
                },
                {
                    "section": "",
                    "text": "BLUE LINE 3SKM"
                },
                {
                    "section": "",
                    "text": "Submersible 3\" pump for wells and boreholes for pumping clean water, irrigation."
                },
                {
                    "section": "Application",
                    "text": "For boreholes from 125 mm"
                },
                {
                    "section": "Application",
                    "text": "Power supply of pressure systems"
                },
                {
                    "section": "Application",
                    "text": "Pumping clean water into households"
                },
                {
                    "section": "Application",
                    "text": "Filling and emptying tanks"
                },
                {
                    "section": "Application",
                    "text": "Water circulation in fountains"
                },
                {
                    "section": "Characteristic design features",
                    "text": "Stainless steel shaft, casing and hydraulics"
                },
                {
                    "section": "Characteristic design features",
                    "text": "Brass impeller"
                },
                {
                    "section": "Characteristic design features",
                    "text": "Oil-cooled engine with compensating membrane"
                },
                {
                    "section": "Characteristic design features",
                    "text": "Graphite seal protected by a ring against sand"
                },
                {
                    "section": "Model",
                    "text": "blue line 3SKM 100"
                }
            ],
            "key_value_pairs": [
                {
                    "section": "Model",
                    "property": "Maximum flow",
                    "value": "2,5",
                    "unit": "[m^3/hod]"
                },
                {
                    "section": "Model",
                    "property": "Maximum discharge head",
                    "value": "57",
                    "unit": "[m]"
                },
                {
                    "section": "Model",
                    "property": "Pump diameter",
                    "value": "3\"",
                    "unit": ""
                },
                {
                    "section": "Model",
                    "property": "Voltage / frequency",
                    "value": "230 / 50",
                    "unit": "[V/Hz]"
                },
                {
                    "section": "Model",
                    "property": "Power",
                    "value": "750",
                    "unit": "[W]"
                },
                {
                    "section": "Model",
                    "property": "Maximum immersion depth",
                    "value": "40",
                    "unit": "[m]"
                },
                {
                    "section": "Model",
                    "property": "Maximum fluid temperature",
                    "value": "35",
                    "unit": "[\u00b0C]"
                },
                {
                    "section": "Model",
                    "property": "Cable length",
                    "value": "25",
                    "unit": "[m]"
                },
                {
                    "section": "Model",
                    "property": "Degree of protection",
                    "value": "IP 68",
                    "unit": ""
                },
                {
                    "section": "Model",
                    "property": "Weight",
                    "value": "12,1",
                    "unit": "[kg]"
                },
                {
                    "section": "Model",
                    "property": "Dimension - length",
                    "value": "535",
                    "unit": "[mm]"
                },
                {
                    "section": "Model",
                    "property": "Connection",
                    "value": "1\"",
                    "unit": ""
                },
                {
                    "section": "Model",
                    "property": "Insulation class",
                    "value": "B",
                    "unit": ""
                },
                null
            ]
        },
        {
            "reference": "ZB00048409",
            "description": [
                {
                    "section": "",
                    "text": "PUMPA BLUE LINE 3SKM"
                },
                {
                    "section": "",
                    "text": "3\" submersible pump for boreholes"
                },
                {
                    "section": "",
                    "text": "BLUE LINE 3SKM"
                },
                {
                    "section": "",
                    "text": "Submersible 3\" pump for wells and boreholes for pumping clean water, irrigation."
                },
                {
                    "section": "Application",
                    "text": "For boreholes from 125 mm"
                },
                {
                    "section": "Application",
                    "text": "Power supply of pressure systems"
                },
                {
                    "section": "Application",
                    "text": "Pumping clean water into households"
                },
                {
                    "section": "Application",
                    "text": "Filling and emptying tanks"
                },
                {
                    "section": "Application",
                    "text": "Water circulation in fountains"
                },
                {
                    "section": "Characteristic design features",
                    "text": "Stainless steel shaft, casing and hydraulics"
                },
                {
                    "section": "Characteristic design features",
                    "text": "Brass impeller"
                },
                {
                    "section": "Characteristic design features",
                    "text": "Oil-cooled engine with compensating membrane"
                },
                {
                    "section": "Characteristic design features",
                    "text": "Graphite seal protected by a ring against sand"
                },
                {
                    "section": "Model",
                    "text": "blue line 3SKM 150"
                }
            ],
            "key_value_pairs": [
                {
                    "section": "Model",
                    "property": "Maximum flow",
                    "value": "2,5",
                    "unit": "[m^3/hod]"
                },
                {
                    "section": "Model",
                    "property": "Maximum discharge head",
                    "value": "73",
                    "unit": "[m]"
                },
                {
                    "section": "Model",
                    "property": "Pump diameter",
                    "value": "3\"",
                    "unit": ""
                },
                {
                    "section": "Model",
                    "property": "Voltage / frequency",
                    "value": "230 / 50",
                    "unit": "[V/Hz]"
                },
                {
                    "section": "Model",
                    "property": "Power",
                    "value": "1100",
                    "unit": "[W]"
                },
                {
                    "section": "Model",
                    "property": "Maximum immersion depth",
                    "value": "40",
                    "unit": "[m]"
                },
                {
                    "section": "Model",
                    "property": "Maximum fluid temperature",
                    "value": "35",
                    "unit": "[\u00b0C]"
                },
                {
                    "section": "Model",
                    "property": "Cable length",
                    "value": "30",
                    "unit": "[m]"
                },
                {
                    "section": "Model",
                    "property": "Degree of protection",
                    "value": "IP 68",
                    "unit": ""
                },
                {
                    "section": "Model",
                    "property": "Weight",
                    "value": "12,6",
                    "unit": "[kg]"
                },
                {
                    "section": "Model",
                    "property": "Dimension - length",
                    "value": "602",
                    "unit": "[mm]"
                },
                {
                    "section": "Model",
                    "property": "Connection",
                    "value": "1\"",
                    "unit": ""
                },
                {
                    "section": "Model",
                    "property": "Insulation class",
                    "value": "B",
                    "unit": ""
                },
                null
            ]
        }
    ]
}