{
    "brand": "pumpa",
    "parts": [
        {
            "reference": "ZB00001299",
            "description": [
                {
                    "section": "",
                    "text": "PUMPA BLUE LINE 5PCSm1300P-G - PUMPA"
                },
                {
                    "section": "",
                    "text": "pressure booster pump"
                },
                {
                    "section": "",
                    "text": "BLUE LINE 5PCSm 1300P-G - PUMPA"
                },
                {
                    "section": "",
                    "text": "Pressure booster pump with Pumpa vessel."
                },
                {
                    "section": "",
                    "text": "For water supply from wells, for use in recreational facilities, in gardens and for irrigation. Maximum suction capacity 8 m."
                },
                {
                    "section": "Application",
                    "text": "suitable for water supply from wells"
                },
                {
                    "section": "Application",
                    "text": "for use in recreational facilities, in gardens and for irrigation"
                },
                {
                    "section": "Application",
                    "text": "suction capacity up to 8 meters"
                }
            ],
            "key_value_pairs": [
                {
                    "section": "Model",
                    "property": "Maximum operating pressure",
                    "value": "10",
                    "unit": "[bar]"
                },
                {
                    "section": "Model",
                    "property": "Maximum flow",
                    "value": "5,4",
                    "unit": "[m3/hod]"
                },
                {
                    "section": "Model",
                    "property": "Maximum discharge head",
                    "value": "55",
                    "unit": "(m]"
                },
                {
                    "section": "Model",
                    "property": "Maximum suction height",
                    "value": "8",
                    "unit": "[m]"
                },
                {
                    "section": "Model",
                    "property": "Voltage / frequency",
                    "value": "230 / 50",
                    "unit": "[V/Hz]"
                },
                {
                    "section": "Model",
                    "property": "Power",
                    "value": "1300",
                    "unit": "[W]"
                },
                {
                    "section": "Model",
                    "property": "Connection",
                    "value": "1\"x 1\"",
                    "unit": ""
                },
                {
                    "section": "Model",
                    "property": "Maximum fluid temperature",
                    "value": "35",
                    "unit": "[\u00b0C]"
                },
                {
                    "section": "Model",
                    "property": "Switch-on pressure",
                    "value": "2,8",
                    "unit": "(bar]"
                },
                {
                    "section": "Model",
                    "property": "Switch-off pressure",
                    "value": "4,2",
                    "unit": "[bar]"
                },
                {
                    "section": "Model",
                    "property": "Rated current",
                    "value": "5,5",
                    "unit": "[A]"
                },
                {
                    "section": "Model",
                    "property": "Weight",
                    "value": "25",
                    "unit": "[kg]"
                },
                {
                    "section": "Model",
                    "property": "Dimension L x H x W mm]",
                    "value": "250 \u00d7 500 x 600",
                    "unit": ""
                }
            ]
        },
        {
            "reference": "ZB00001300",
            "description": [
                {
                    "section": "",
                    "text": "PUMPA BLUE LINE 5PCSm1300P-G - PUMPA"
                },
                {
                    "section": "",
                    "text": "pressure booster pump"
                },
                {
                    "section": "",
                    "text": "BLUE LINE 5PCSm 1300P-G - PUMPA"
                },
                {
                    "section": "",
                    "text": "Pressure booster pump with Pumpa vessel."
                },
                {
                    "section": "",
                    "text": "For water supply from wells, for use in recreational facilities, in gardens and for irrigation. Maximum suction capacity 8 m."
                },
                {
                    "section": "Application",
                    "text": "suitable for water supply from wells"
                },
                {
                    "section": "Application",
                    "text": "for use in recreational facilities, in gardens and for irrigation"
                },
                {
                    "section": "Application",
                    "text": "suction capacity up to 8 meters"
                }
            ],
            "key_value_pairs": [
                {
                    "section": "Model",
                    "property": "Maximum flow",
                    "value": "5,4",
                    "unit": "[m3/hod]"
                },
                {
                    "section": "Model",
                    "property": "Maximum discharge head",
                    "value": "55",
                    "unit": "(m]"
                },
                {
                    "section": "Model",
                    "property": "Maximum suction height",
                    "value": "8",
                    "unit": "[m]"
                },
                {
                    "section": "Model",
                    "property": "Voltage / frequency",
                    "value": "230 / 50",
                    "unit": "[V/Hz]"
                },
                {
                    "section": "Model",
                    "property": "Power",
                    "value": "1300",
                    "unit": "[W]"
                },
                {
                    "section": "Model",
                    "property": "Connection",
                    "value": "1\"x 1\"",
                    "unit": ""
                },
                {
                    "section": "Model",
                    "property": "Maximum fluid temperature",
                    "value": "35",
                    "unit": "[\u00b0C]"
                },
                {
                    "section": "Model",
                    "property": "Maximum operating pressure",
                    "value": "10",
                    "unit": "[bar]"
                },
                {
                    "section": "Model",
                    "property": "Switch-on pressure",
                    "value": "2,8",
                    "unit": "(bar]"
                },
                {
                    "section": "Model",
                    "property": "Switch-off pressure",
                    "value": "4,2",
                    "unit": "[bar]"
                },
                {
                    "section": "Model",
                    "property": "Rated current",
                    "value": "5,5",
                    "unit": "[A]"
                },
                {
                    "section": "Model",
                    "property": "Weight",
                    "value": "28",
                    "unit": "[kg]"
                },
                {
                    "section": "Model",
                    "property": "Dimension L x H x W mm]",
                    "value": "400 \u00d7 650 x 750",
                    "unit": ""
                }
            ]
        },
        {
            "reference": "ZB00001301",
            "description": [
                {
                    "section": "",
                    "text": "PUMPA BLUE LINE 5PCSm1300P-G - PUMPA"
                },
                {
                    "section": "",
                    "text": "pressure booster pump"
                },
                {
                    "section": "",
                    "text": "BLUE LINE 5PCSm 1300P-G - PUMPA"
                },
                {
                    "section": "",
                    "text": "Pressure booster pump with Pumpa vessel."
                },
                {
                    "section": "",
                    "text": "For water supply from wells, for use in recreational facilities, in gardens and for irrigation. Maximum suction capacity 8 m."
                },
                {
                    "section": "Application",
                    "text": "suitable for water supply from wells"
                },
                {
                    "section": "Application",
                    "text": "for use in recreational facilities, in gardens and for irrigation"
                },
                {
                    "section": "Application",
                    "text": "suction capacity up to 8 meters"
                }
            ],
            "key_value_pairs": [
                {
                    "section": "Model",
                    "property": "Maximum flow",
                    "value": "5,4",
                    "unit": "[m3/hod]"
                },
                {
                    "section": "Model",
                    "property": "Maximum discharge head",
                    "value": "55",
                    "unit": "(m]"
                },
                {
                    "section": "Model",
                    "property": "Voltage / frequency",
                    "value": "230 / 50",
                    "unit": "[V/Hz]"
                },
                {
                    "section": "Model",
                    "property": "Power",
                    "value": "1300",
                    "unit": "[W]"
                },
                {
                    "section": "Model",
                    "property": "Connection",
                    "value": "1\"x 1\"",
                    "unit": ""
                },
                {
                    "section": "Model",
                    "property": "Maximum fluid temperature",
                    "value": "35",
                    "unit": "[\u00b0C]"
                },
                {
                    "section": "Model",
                    "property": "Maximum operating pressure",
                    "value": "10",
                    "unit": "[bar]"
                },
                {
                    "section": "Model",
                    "property": "Switch-on pressure",
                    "value": "2,8",
                    "unit": "(bar]"
                },
                {
                    "section": "Model",
                    "property": "Switch-off pressure",
                    "value": "4,2",
                    "unit": "[bar]"
                },
                {
                    "section": "Model",
                    "property": "Rated current",
                    "value": "5,5",
                    "unit": "[A]"
                },
                {
                    "section": "Model",
                    "property": "Weight",
                    "value": "32",
                    "unit": "[kg]"
                },
                {
                    "section": "Model",
                    "property": "Dimension L x H x W mm]",
                    "value": "450 x 700 x 800",
                    "unit": ""
                }
            ]
        }
    ]
}