{
    "datasheet": [
        {
            "index": 0,
            "bbox": [
                [
                    61,
                    78
                ],
                [
                    61,
                    102
                ],
                [
                    199,
                    102
                ],
                [
                    199,
                    78
                ]
            ],
            "text": "AUTOMATION",
            "label": "Out",
            "links": []
        },
        {
            "index": 1,
            "bbox": [
                [
                    202,
                    78
                ],
                [
                    202,
                    102
                ],
                [
                    220,
                    102
                ],
                [
                    220,
                    78
                ]
            ],
            "text": "&",
            "label": "Out",
            "links": []
        },
        {
            "index": 2,
            "bbox": [
                [
                    223,
                    78
                ],
                [
                    223,
                    102
                ],
                [
                    325,
                    102
                ],
                [
                    325,
                    78
                ]
            ],
            "text": "CONTROL",
            "label": "Out",
            "links": []
        },
        {
            "index": 3,
            "bbox": [
                [
                    328,
                    78
                ],
                [
                    328,
                    102
                ],
                [
                    340,
                    102
                ],
                [
                    340,
                    78
                ]
            ],
            "text": "›",
            "label": "Out",
            "links": []
        },
        {
            "index": 4,
            "bbox": [
                [
                    343,
                    78
                ],
                [
                    343,
                    102
                ],
                [
                    421,
                    102
                ],
                [
                    421,
                    78
                ]
            ],
            "text": "MOTOR",
            "label": "Out",
            "links": []
        },
        {
            "index": 5,
            "bbox": [
                [
                    424,
                    78
                ],
                [
                    424,
                    102
                ],
                [
                    523,
                    102
                ],
                [
                    523,
                    78
                ]
            ],
            "text": "CONTROL",
            "label": "Out",
            "links": []
        },
        {
            "index": 6,
            "bbox": [
                [
                    526,
                    78
                ],
                [
                    526,
                    102
                ],
                [
                    544,
                    102
                ],
                [
                    544,
                    78
                ]
            ],
            "text": "&",
            "label": "Out",
            "links": []
        },
        {
            "index": 7,
            "bbox": [
                [
                    547,
                    78
                ],
                [
                    547,
                    102
                ],
                [
                    676,
                    102
                ],
                [
                    676,
                    78
                ]
            ],
            "text": "PROTECTION",
            "label": "Out",
            "links": []
        },
        {
            "index": 8,
            "bbox": [
                [
                    679,
                    78
                ],
                [
                    679,
                    102
                ],
                [
                    694,
                    102
                ],
                [
                    694,
                    78
                ]
            ],
            "text": "›",
            "label": "Out",
            "links": []
        },
        {
            "index": 9,
            "bbox": [
                [
                    697,
                    78
                ],
                [
                    697,
                    102
                ],
                [
                    844,
                    102
                ],
                [
                    844,
                    78
                ]
            ],
            "text": "CONTACTORS",
            "label": "Out",
            "links": []
        },
        {
            "index": 10,
            "bbox": [
                [
                    847,
                    78
                ],
                [
                    847,
                    102
                ],
                [
                    856,
                    102
                ],
                [
                    856,
                    78
                ]
            ],
            "text": ">",
            "label": "Out",
            "links": []
        },
        {
            "index": 11,
            "bbox": [
                [
                    859,
                    78
                ],
                [
                    859,
                    102
                ],
                [
                    901,
                    102
                ],
                [
                    901,
                    78
                ]
            ],
            "text": "IPD",
            "label": "Out",
            "links": []
        },
        {
            "index": 12,
            "bbox": [
                [
                    904,
                    78
                ],
                [
                    904,
                    102
                ],
                [
                    916,
                    102
                ],
                [
                    916,
                    78
                ]
            ],
            "text": "›",
            "label": "Out",
            "links": []
        },
        {
            "index": 13,
            "bbox": [
                [
                    919,
                    78
                ],
                [
                    919,
                    102
                ],
                [
                    1060,
                    102
                ],
                [
                    1060,
                    78
                ]
            ],
            "text": "AUTOMATION",
            "label": "Out",
            "links": []
        },
        {
            "index": 14,
            "bbox": [
                [
                    1063,
                    78
                ],
                [
                    1063,
                    102
                ],
                [
                    1081,
                    102
                ],
                [
                    1081,
                    78
                ]
            ],
            "text": "&",
            "label": "Out",
            "links": []
        },
        {
            "index": 15,
            "bbox": [
                [
                    1084,
                    78
                ],
                [
                    1084,
                    102
                ],
                [
                    1183,
                    102
                ],
                [
                    1183,
                    78
                ]
            ],
            "text": "CONTROL",
            "label": "Out",
            "links": []
        },
        {
            "index": 16,
            "bbox": [
                [
                    1186,
                    78
                ],
                [
                    1186,
                    102
                ],
                [
                    1200,
                    102
                ],
                [
                    1200,
                    78
                ]
            ],
            "text": ">",
            "label": "Out",
            "links": []
        },
        {
            "index": 17,
            "bbox": [
                [
                    65,
                    112
                ],
                [
                    65,
                    133
                ],
                [
                    160,
                    133
                ],
                [
                    160,
                    112
                ]
            ],
            "text": "CONTROL",
            "label": "Out",
            "links": []
        },
        {
            "index": 18,
            "bbox": [
                [
                    162,
                    112
                ],
                [
                    162,
                    133
                ],
                [
                    257,
                    133
                ],
                [
                    257,
                    112
                ]
            ],
            "text": "DEVICES",
            "label": "Out",
            "links": []
        },
        {
            "index": 19,
            "bbox": [
                [
                    259,
                    112
                ],
                [
                    259,
                    133
                ],
                [
                    270,
                    133
                ],
                [
                    270,
                    112
                ]
            ],
            "text": ">",
            "label": "Out",
            "links": []
        },
        {
            "index": 20,
            "bbox": [
                [
                    272,
                    112
                ],
                [
                    272,
                    133
                ],
                [
                    350,
                    133
                ],
                [
                    350,
                    112
                ]
            ],
            "text": "RELAYS",
            "label": "Out",
            "links": []
        },
        {
            "index": 21,
            "bbox": [
                [
                    1316,
                    75
                ],
                [
                    1316,
                    164
                ],
                [
                    1472,
                    164
                ],
                [
                    1472,
                    75
                ]
            ],
            "text": "ipd",
            "label": "Out",
            "links": []
        },
        {
            "index": 22,
            "bbox": [
                [
                    99,
                    245
                ],
                [
                    99,
                    279
                ],
                [
                    248,
                    279
                ],
                [
                    248,
                    245
                ]
            ],
            "text": "Product",
            "label": "B_Section",
            "links": []
        },
        {
            "index": 23,
            "bbox": [
                [
                    252,
                    245
                ],
                [
                    252,
                    279
                ],
                [
                    311,
                    279
                ],
                [
                    311,
                    245
                ]
            ],
            "text": "No:",
            "label": "I_Section",
            "links": []
        },
        {
            "index": 24,
            "bbox": [
                [
                    316,
                    245
                ],
                [
                    316,
                    279
                ],
                [
                    534,
                    279
                ],
                [
                    534,
                    245
                ]
            ],
            "text": "ESB2504N06",
            "label": "B_Ref",
            "links": []
        },
        {
            "index": 25,
            "bbox": [
                [
                    105,
                    313
                ],
                [
                    105,
                    344
                ],
                [
                    163,
                    344
                ],
                [
                    163,
                    313
                ]
            ],
            "text": "ABB",
            "label": "B_Descri",
            "links": []
        },
        {
            "index": 26,
            "bbox": [
                [
                    167,
                    313
                ],
                [
                    167,
                    344
                ],
                [
                    403,
                    344
                ],
                [
                    403,
                    313
                ]
            ],
            "text": "ESB25-04N-06",
            "label": "I_Descri",
            "links": []
        },
        {
            "index": 27,
            "bbox": [
                [
                    407,
                    313
                ],
                [
                    407,
                    344
                ],
                [
                    628,
                    344
                ],
                [
                    628,
                    313
                ]
            ],
            "text": "INSTALLATION",
            "label": "I_Descri",
            "links": []
        },
        {
            "index": 28,
            "bbox": [
                [
                    632,
                    313
                ],
                [
                    632,
                    344
                ],
                [
                    721,
                    344
                ],
                [
                    721,
                    313
                ]
            ],
            "text": "CONT",
            "label": "I_Descri",
            "links": []
        },
        {
            "index": 29,
            "bbox": [
                [
                    725,
                    313
                ],
                [
                    725,
                    344
                ],
                [
                    837,
                    344
                ],
                [
                    837,
                    313
                ]
            ],
            "text": "ACTOR",
            "label": "I_Descri",
            "links": []
        },
        {
            "index": 30,
            "bbox": [
                [
                    841,
                    313
                ],
                [
                    841,
                    344
                ],
                [
                    915,
                    344
                ],
                [
                    915,
                    313
                ]
            ],
            "text": "(NC)",
            "label": "I_Descri",
            "links": []
        },
        {
            "index": 31,
            "bbox": [
                [
                    919,
                    313
                ],
                [
                    919,
                    344
                ],
                [
                    962,
                    344
                ],
                [
                    962,
                    313
                ]
            ],
            "text": "25",
            "label": "I_Descri",
            "links": []
        },
        {
            "index": 32,
            "bbox": [
                [
                    965,
                    313
                ],
                [
                    965,
                    344
                ],
                [
                    988,
                    344
                ],
                [
                    988,
                    313
                ]
            ],
            "text": "A",
            "label": "I_Descri",
            "links": []
        },
        {
            "index": 33,
            "bbox": [
                [
                    992,
                    313
                ],
                [
                    992,
                    344
                ],
                [
                    1007,
                    344
                ],
                [
                    1007,
                    313
                ]
            ],
            "text": "-",
            "label": "I_Descri",
            "links": []
        },
        {
            "index": 34,
            "bbox": [
                [
                    1012,
                    313
                ],
                [
                    1012,
                    344
                ],
                [
                    1034,
                    344
                ],
                [
                    1034,
                    313
                ]
            ],
            "text": "0",
            "label": "I_Descri",
            "links": []
        },
        {
            "index": 35,
            "bbox": [
                [
                    102,
                    357
                ],
                [
                    102,
                    388
                ],
                [
                    152,
                    388
                ],
                [
                    152,
                    357
                ]
            ],
            "text": "NO",
            "label": "I_Descri",
            "links": []
        },
        {
            "index": 36,
            "bbox": [
                [
                    156,
                    357
                ],
                [
                    156,
                    388
                ],
                [
                    172,
                    388
                ],
                [
                    172,
                    357
                ]
            ],
            "text": "-",
            "label": "I_Descri",
            "links": []
        },
        {
            "index": 37,
            "bbox": [
                [
                    176,
                    357
                ],
                [
                    176,
                    388
                ],
                [
                    199,
                    388
                ],
                [
                    199,
                    357
                ]
            ],
            "text": "4",
            "label": "I_Descri",
            "links": []
        },
        {
            "index": 38,
            "bbox": [
                [
                    203,
                    357
                ],
                [
                    203,
                    388
                ],
                [
                    253,
                    388
                ],
                [
                    253,
                    357
                ]
            ],
            "text": "NC",
            "label": "I_Descri",
            "links": []
        },
        {
            "index": 39,
            "bbox": [
                [
                    257,
                    357
                ],
                [
                    257,
                    388
                ],
                [
                    273,
                    388
                ],
                [
                    273,
                    357
                ]
            ],
            "text": "-",
            "label": "I_Descri",
            "links": []
        },
        {
            "index": 40,
            "bbox": [
                [
                    276,
                    357
                ],
                [
                    276,
                    388
                ],
                [
                    338,
                    388
                ],
                [
                    338,
                    357
                ]
            ],
            "text": "230",
            "label": "I_Descri",
            "links": []
        },
        {
            "index": 41,
            "bbox": [
                [
                    342,
                    357
                ],
                [
                    342,
                    388
                ],
                [
                    373,
                    388
                ],
                [
                    373,
                    357
                ]
            ],
            "text": "...",
            "label": "I_Descri",
            "links": []
        },
        {
            "index": 42,
            "bbox": [
                [
                    377,
                    357
                ],
                [
                    377,
                    388
                ],
                [
                    439,
                    388
                ],
                [
                    439,
                    357
                ]
            ],
            "text": "240",
            "label": "I_Descri",
            "links": []
        },
        {
            "index": 43,
            "bbox": [
                [
                    443,
                    357
                ],
                [
                    443,
                    388
                ],
                [
                    466,
                    388
                ],
                [
                    466,
                    357
                ]
            ],
            "text": "V",
            "label": "I_Descri",
            "links": []
        },
        {
            "index": 44,
            "bbox": [
                [
                    470,
                    357
                ],
                [
                    470,
                    388
                ],
                [
                    485,
                    388
                ],
                [
                    485,
                    357
                ]
            ],
            "text": "-",
            "label": "I_Descri",
            "links": []
        },
        {
            "index": 45,
            "bbox": [
                [
                    489,
                    357
                ],
                [
                    489,
                    388
                ],
                [
                    644,
                    388
                ],
                [
                    644,
                    357
                ]
            ],
            "text": "CONTROL",
            "label": "I_Descri",
            "links": []
        },
        {
            "index": 46,
            "bbox": [
                [
                    648,
                    357
                ],
                [
                    648,
                    388
                ],
                [
                    772,
                    388
                ],
                [
                    772,
                    357
                ]
            ],
            "text": "CIRCUIT",
            "label": "I_Descri",
            "links": []
        },
        {
            "index": 47,
            "bbox": [
                [
                    776,
                    357
                ],
                [
                    776,
                    388
                ],
                [
                    842,
                    388
                ],
                [
                    842,
                    357
                ]
            ],
            "text": "400",
            "label": "I_Descri",
            "links": []
        },
        {
            "index": 48,
            "bbox": [
                [
                    846,
                    357
                ],
                [
                    846,
                    388
                ],
                [
                    888,
                    388
                ],
                [
                    888,
                    357
                ]
            ],
            "text": "HZ",
            "label": "I_Descri",
            "links": []
        },
        {
            "index": 49,
            "bbox": [
                [
                    99,
                    408
                ],
                [
                    99,
                    435
                ],
                [
                    303,
                    435
                ],
                [
                    303,
                    408
                ]
            ],
            "text": "ESB2504N06",
            "label": "I_Descri",
            "links": []
        },
        {
            "index": 50,
            "bbox": [
                [
                    105,
                    493
                ],
                [
                    105,
                    517
                ],
                [
                    244,
                    517
                ],
                [
                    244,
                    493
                ]
            ],
            "text": "FEATURES",
            "label": "B_Section",
            "links": []
        },
        {
            "index": 51,
            "bbox": [
                [
                    147,
                    551
                ],
                [
                    147,
                    579
                ],
                [
                    266,
                    579
                ],
                [
                    266,
                    551
                ]
            ],
            "text": "Operates",
            "label": "B_Descri",
            "links": []
        },
        {
            "index": 52,
            "bbox": [
                [
                    269,
                    551
                ],
                [
                    269,
                    579
                ],
                [
                    412,
                    579
                ],
                [
                    412,
                    551
                ]
            ],
            "text": "seamlessy",
            "label": "I_Descri",
            "links": []
        },
        {
            "index": 53,
            "bbox": [
                [
                    416,
                    551
                ],
                [
                    416,
                    579
                ],
                [
                    468,
                    579
                ],
                [
                    468,
                    551
                ]
            ],
            "text": "with",
            "label": "I_Descri",
            "links": []
        },
        {
            "index": 54,
            "bbox": [
                [
                    472,
                    551
                ],
                [
                    472,
                    579
                ],
                [
                    535,
                    579
                ],
                [
                    535,
                    551
                ]
            ],
            "text": "both",
            "label": "I_Descri",
            "links": []
        },
        {
            "index": 55,
            "bbox": [
                [
                    539,
                    551
                ],
                [
                    539,
                    579
                ],
                [
                    577,
                    579
                ],
                [
                    577,
                    551
                ]
            ],
            "text": "AC",
            "label": "I_Descri",
            "links": []
        },
        {
            "index": 56,
            "bbox": [
                [
                    581,
                    551
                ],
                [
                    581,
                    579
                ],
                [
                    640,
                    579
                ],
                [
                    640,
                    551
                ]
            ],
            "text": "and",
            "label": "I_Descri",
            "links": []
        },
        {
            "index": 57,
            "bbox": [
                [
                    644,
                    551
                ],
                [
                    644,
                    579
                ],
                [
                    682,
                    579
                ],
                [
                    682,
                    551
                ]
            ],
            "text": "DC",
            "label": "I_Descri",
            "links": []
        },
        {
            "index": 58,
            "bbox": [
                [
                    686,
                    551
                ],
                [
                    686,
                    579
                ],
                [
                    772,
                    579
                ],
                [
                    772,
                    551
                ]
            ],
            "text": "power",
            "label": "I_Descri",
            "links": []
        },
        {
            "index": 59,
            "bbox": [
                [
                    146,
                    592
                ],
                [
                    146,
                    614
                ],
                [
                    258,
                    614
                ],
                [
                    258,
                    592
                ]
            ],
            "text": "sources",
            "label": "I_Descri",
            "links": []
        },
        {
            "index": 60,
            "bbox": [
                [
                    149,
                    623
                ],
                [
                    149,
                    650
                ],
                [
                    217,
                    650
                ],
                [
                    217,
                    623
                ]
            ],
            "text": "Quiet",
            "label": "B_Descri",
            "links": []
        },
        {
            "index": 61,
            "bbox": [
                [
                    220,
                    623
                ],
                [
                    220,
                    650
                ],
                [
                    277,
                    650
                ],
                [
                    277,
                    623
                ]
            ],
            "text": "and",
            "label": "I_Descri",
            "links": []
        },
        {
            "index": 62,
            "bbox": [
                [
                    281,
                    623
                ],
                [
                    281,
                    650
                ],
                [
                    386,
                    650
                ],
                [
                    386,
                    623
                ]
            ],
            "text": "efficient",
            "label": "I_Descri",
            "links": []
        },
        {
            "index": 63,
            "bbox": [
                [
                    389,
                    623
                ],
                [
                    389,
                    650
                ],
                [
                    513,
                    650
                ],
                [
                    513,
                    623
                ]
            ],
            "text": "operation",
            "label": "I_Descri",
            "links": []
        },
        {
            "index": 64,
            "bbox": [
                [
                    147,
                    660
                ],
                [
                    147,
                    688
                ],
                [
                    283,
                    688
                ],
                [
                    283,
                    660
                ]
            ],
            "text": "Integrated",
            "label": "B_Descri",
            "links": []
        },
        {
            "index": 65,
            "bbox": [
                [
                    287,
                    660
                ],
                [
                    287,
                    688
                ],
                [
                    444,
                    688
                ],
                [
                    444,
                    660
                ]
            ],
            "text": "overvoltage",
            "label": "I_Descri",
            "links": []
        },
        {
            "index": 66,
            "bbox": [
                [
                    448,
                    660
                ],
                [
                    448,
                    688
                ],
                [
                    578,
                    688
                ],
                [
                    578,
                    660
                ]
            ],
            "text": "protection",
            "label": "I_Descri",
            "links": []
        },
        {
            "index": 67,
            "bbox": [
                [
                    149,
                    698
                ],
                [
                    149,
                    725
                ],
                [
                    335,
                    725
                ],
                [
                    335,
                    698
                ]
            ],
            "text": "Customisable",
            "label": "B_Descri",
            "links": []
        },
        {
            "index": 68,
            "bbox": [
                [
                    338,
                    698
                ],
                [
                    338,
                    725
                ],
                [
                    513,
                    725
                ],
                [
                    513,
                    698
                ]
            ],
            "text": "configuration",
            "label": "I_Descri",
            "links": []
        },
        {
            "index": 69,
            "bbox": [
                [
                    114,
                    858
                ],
                [
                    114,
                    882
                ],
                [
                    216,
                    882
                ],
                [
                    216,
                    858
                ]
            ],
            "text": "General",
            "label": "B_Section",
            "links": []
        },
        {
            "index": 70,
            "bbox": [
                [
                    221,
                    858
                ],
                [
                    221,
                    882
                ],
                [
                    377,
                    882
                ],
                [
                    377,
                    858
                ]
            ],
            "text": "Information",
            "label": "I_Section",
            "links": []
        },
        {
            "index": 71,
            "bbox": [
                [
                    116,
                    916
                ],
                [
                    116,
                    936
                ],
                [
                    194,
                    936
                ],
                [
                    194,
                    916
                ]
            ],
            "text": "Brand",
            "label": "B_Prop",
            "links": []
        },
        {
            "index": 72,
            "bbox": [
                [
                    116,
                    973
                ],
                [
                    116,
                    1001
                ],
                [
                    214,
                    1001
                ],
                [
                    214,
                    973
                ]
            ],
            "text": "Product",
            "label": "B_Prop",
            "links": []
        },
        {
            "index": 73,
            "bbox": [
                [
                    217,
                    974
                ],
                [
                    217,
                    1002
                ],
                [
                    282,
                    1002
                ],
                [
                    282,
                    974
                ]
            ],
            "text": "Type",
            "label": "I_Prop",
            "links": []
        },
        {
            "index": 74,
            "bbox": [
                [
                    116,
                    1035
                ],
                [
                    116,
                    1055
                ],
                [
                    191,
                    1055
                ],
                [
                    191,
                    1035
                ]
            ],
            "text": "Series",
            "label": "B_Prop",
            "links": []
        },
        {
            "index": 75,
            "bbox": [
                [
                    908,
                    916
                ],
                [
                    908,
                    940
                ],
                [
                    959,
                    940
                ],
                [
                    959,
                    916
                ]
            ],
            "text": "ABB",
            "label": "B_Value",
            "links": []
        },
        {
            "index": 76,
            "bbox": [
                [
                    908,
                    974
                ],
                [
                    908,
                    994
                ],
                [
                    951,
                    994
                ],
                [
                    951,
                    974
                ]
            ],
            "text": "DIN",
            "label": "B_Value",
            "links": []
        },
        {
            "index": 77,
            "bbox": [
                [
                    953,
                    974
                ],
                [
                    953,
                    994
                ],
                [
                    1088,
                    994
                ],
                [
                    1088,
                    974
                ]
            ],
            "text": "Contactor",
            "label": "I_Value",
            "links": []
        },
        {
            "index": 78,
            "bbox": [
                [
                    908,
                    1035
                ],
                [
                    908,
                    1055
                ],
                [
                    938,
                    1055
                ],
                [
                    938,
                    1035
                ]
            ],
            "text": "ES",
            "label": "B_Value",
            "links": []
        },
        {
            "index": 79,
            "bbox": [
                [
                    941,
                    1035
                ],
                [
                    941,
                    1055
                ],
                [
                    953,
                    1055
                ],
                [
                    953,
                    1035
                ]
            ],
            "text": "B",
            "label": "I_Value",
            "links": []
        },
        {
            "index": 80,
            "bbox": [
                [
                    116,
                    1151
                ],
                [
                    116,
                    1171
                ],
                [
                    241,
                    1171
                ],
                [
                    241,
                    1151
                ]
            ],
            "text": "Technical",
            "label": "B_Section",
            "links": []
        },
        {
            "index": 81,
            "bbox": [
                [
                    244,
                    1151
                ],
                [
                    244,
                    1171
                ],
                [
                    381,
                    1171
                ],
                [
                    381,
                    1151
                ]
            ],
            "text": "Attributes",
            "label": "I_Section",
            "links": []
        },
        {
            "index": 82,
            "bbox": [
                [
                    116,
                    1208
                ],
                [
                    116,
                    1236
                ],
                [
                    239,
                    1236
                ],
                [
                    239,
                    1208
                ]
            ],
            "text": "Excitation",
            "label": "B_Prop",
            "links": []
        },
        {
            "index": 83,
            "bbox": [
                [
                    242,
                    1208
                ],
                [
                    242,
                    1236
                ],
                [
                    347,
                    1236
                ],
                [
                    347,
                    1208
                ]
            ],
            "text": "Voltage",
            "label": "I_Prop",
            "links": []
        },
        {
            "index": 84,
            "bbox": [
                [
                    350,
                    1208
                ],
                [
                    350,
                    1236
                ],
                [
                    411,
                    1236
                ],
                [
                    411,
                    1208
                ]
            ],
            "text": "Type",
            "label": "I_Prop",
            "links": []
        },
        {
            "index": 85,
            "bbox": [
                [
                    116,
                    1266
                ],
                [
                    116,
                    1286
                ],
                [
                    238,
                    1286
                ],
                [
                    238,
                    1266
                ]
            ],
            "text": "Hum-free",
            "label": "B_Prop",
            "links": []
        },
        {
            "index": 86,
            "bbox": [
                [
                    116,
                    1324
                ],
                [
                    116,
                    1351
                ],
                [
                    157,
                    1351
                ],
                [
                    157,
                    1324
                ]
            ],
            "text": "No.",
            "label": "B_Prop",
            "links": []
        },
        {
            "index": 87,
            "bbox": [
                [
                    160,
                    1324
                ],
                [
                    160,
                    1351
                ],
                [
                    187,
                    1351
                ],
                [
                    187,
                    1324
                ]
            ],
            "text": "of",
            "label": "I_Prop",
            "links": []
        },
        {
            "index": 88,
            "bbox": [
                [
                    190,
                    1324
                ],
                [
                    190,
                    1351
                ],
                [
                    409,
                    1351
                ],
                [
                    409,
                    1324
                ]
            ],
            "text": "Normally-closed",
            "label": "I_Prop",
            "links": []
        },
        {
            "index": 89,
            "bbox": [
                [
                    413,
                    1324
                ],
                [
                    413,
                    1351
                ],
                [
                    534,
                    1351
                ],
                [
                    534,
                    1324
                ]
            ],
            "text": "Contacts",
            "label": "I_Prop",
            "links": []
        },
        {
            "index": 90,
            "bbox": [
                [
                    116,
                    1385
                ],
                [
                    116,
                    1409
                ],
                [
                    156,
                    1409
                ],
                [
                    156,
                    1385
                ]
            ],
            "text": "No.",
            "label": "B_Prop",
            "links": []
        },
        {
            "index": 91,
            "bbox": [
                [
                    159,
                    1385
                ],
                [
                    159,
                    1408
                ],
                [
                    188,
                    1408
                ],
                [
                    188,
                    1385
                ]
            ],
            "text": "of",
            "label": "I_Prop",
            "links": []
        },
        {
            "index": 92,
            "bbox": [
                [
                    190,
                    1385
                ],
                [
                    190,
                    1409
                ],
                [
                    255,
                    1409
                ],
                [
                    255,
                    1385
                ]
            ],
            "text": "Poles",
            "label": "I_Prop",
            "links": []
        },
        {
            "index": 93,
            "bbox": [
                [
                    116,
                    1447
                ],
                [
                    116,
                    1471
                ],
                [
                    245,
                    1471
                ],
                [
                    245,
                    1447
                ]
            ],
            "text": "Operating",
            "label": "B_Prop",
            "links": []
        },
        {
            "index": 94,
            "bbox": [
                [
                    248,
                    1447
                ],
                [
                    248,
                    1471
                ],
                [
                    350,
                    1471
                ],
                [
                    350,
                    1447
                ]
            ],
            "text": "Voltage",
            "label": "I_Prop",
            "links": []
        },
        {
            "index": 95,
            "bbox": [
                [
                    353,
                    1447
                ],
                [
                    353,
                    1471
                ],
                [
                    415,
                    1471
                ],
                [
                    415,
                    1447
                ]
            ],
            "text": "Type",
            "label": "I_Prop",
            "links": []
        },
        {
            "index": 96,
            "bbox": [
                [
                    116,
                    1501
                ],
                [
                    116,
                    1532
                ],
                [
                    194,
                    1532
                ],
                [
                    194,
                    1501
                ]
            ],
            "text": "Rated",
            "label": "B_Prop",
            "links": []
        },
        {
            "index": 97,
            "bbox": [
                [
                    197,
                    1501
                ],
                [
                    197,
                    1532
                ],
                [
                    294,
                    1532
                ],
                [
                    294,
                    1501
                ]
            ],
            "text": "Control",
            "label": "I_Prop",
            "links": []
        },
        {
            "index": 98,
            "bbox": [
                [
                    298,
                    1501
                ],
                [
                    298,
                    1532
                ],
                [
                    383,
                    1532
                ],
                [
                    383,
                    1501
                ]
            ],
            "text": "Circuit",
            "label": "I_Prop",
            "links": []
        },
        {
            "index": 99,
            "bbox": [
                [
                    387,
                    1501
                ],
                [
                    387,
                    1532
                ],
                [
                    488,
                    1532
                ],
                [
                    488,
                    1501
                ]
            ],
            "text": "Voltage",
            "label": "I_Prop",
            "links": []
        },
        {
            "index": 100,
            "bbox": [
                [
                    492,
                    1501
                ],
                [
                    492,
                    1532
                ],
                [
                    534,
                    1532
                ],
                [
                    534,
                    1501
                ]
            ],
            "text": "(V)",
            "label": "B_Unit",
            "links": []
        },
        {
            "index": 101,
            "bbox": [
                [
                    109,
                    1559
                ],
                [
                    109,
                    1593
                ],
                [
                    194,
                    1593
                ],
                [
                    194,
                    1559
                ]
            ],
            "text": "Rated",
            "label": "B_Prop",
            "links": []
        },
        {
            "index": 102,
            "bbox": [
                [
                    198,
                    1559
                ],
                [
                    198,
                    1593
                ],
                [
                    292,
                    1593
                ],
                [
                    292,
                    1559
                ]
            ],
            "text": "Control",
            "label": "I_Prop",
            "links": []
        },
        {
            "index": 103,
            "bbox": [
                [
                    296,
                    1559
                ],
                [
                    296,
                    1593
                ],
                [
                    385,
                    1593
                ],
                [
                    385,
                    1559
                ]
            ],
            "text": "Circuit",
            "label": "I_Prop",
            "links": []
        },
        {
            "index": 104,
            "bbox": [
                [
                    390,
                    1559
                ],
                [
                    390,
                    1593
                ],
                [
                    488,
                    1593
                ],
                [
                    488,
                    1559
                ]
            ],
            "text": "Voltage",
            "label": "I_Prop",
            "links": []
        },
        {
            "index": 105,
            "bbox": [
                [
                    492,
                    1559
                ],
                [
                    492,
                    1593
                ],
                [
                    581,
                    1593
                ],
                [
                    581,
                    1559
                ]
            ],
            "text": "AC/DC",
            "label": "I_Prop",
            "links": []
        },
        {
            "index": 106,
            "bbox": [
                [
                    585,
                    1559
                ],
                [
                    585,
                    1593
                ],
                [
                    626,
                    1593
                ],
                [
                    626,
                    1559
                ]
            ],
            "text": "(V)",
            "label": "B_Unit",
            "links": []
        },
        {
            "index": 107,
            "bbox": [
                [
                    116,
                    1620
                ],
                [
                    116,
                    1651
                ],
                [
                    194,
                    1651
                ],
                [
                    194,
                    1620
                ]
            ],
            "text": "Rated",
            "label": "B_Prop",
            "links": []
        },
        {
            "index": 108,
            "bbox": [
                [
                    197,
                    1620
                ],
                [
                    197,
                    1651
                ],
                [
                    333,
                    1651
                ],
                [
                    333,
                    1620
                ]
            ],
            "text": "Frequency",
            "label": "I_Prop",
            "links": []
        },
        {
            "index": 109,
            "bbox": [
                [
                    337,
                    1620
                ],
                [
                    337,
                    1651
                ],
                [
                    391,
                    1651
                ],
                [
                    391,
                    1620
                ]
            ],
            "text": "(Hz)",
            "label": "B_Unit",
            "links": []
        },
        {
            "index": 110,
            "bbox": [
                [
                    112,
                    1682
                ],
                [
                    112,
                    1713
                ],
                [
                    191,
                    1713
                ],
                [
                    191,
                    1682
                ]
            ],
            "text": "Rated",
            "label": "B_Prop",
            "links": []
        },
        {
            "index": 111,
            "bbox": [
                [
                    194,
                    1682
                ],
                [
                    194,
                    1712
                ],
                [
                    299,
                    1712
                ],
                [
                    299,
                    1682
                ]
            ],
            "text": "Impulse",
            "label": "I_Prop",
            "links": []
        },
        {
            "index": 112,
            "bbox": [
                [
                    303,
                    1682
                ],
                [
                    303,
                    1712
                ],
                [
                    438,
                    1712
                ],
                [
                    438,
                    1682
                ]
            ],
            "text": "Withstand",
            "label": "I_Prop",
            "links": []
        },
        {
            "index": 113,
            "bbox": [
                [
                    442,
                    1682
                ],
                [
                    442,
                    1712
                ],
                [
                    547,
                    1712
                ],
                [
                    547,
                    1682
                ]
            ],
            "text": "Voltage",
            "label": "I_Prop",
            "links": []
        },
        {
            "index": 114,
            "bbox": [
                [
                    551,
                    1682
                ],
                [
                    551,
                    1713
                ],
                [
                    602,
                    1713
                ],
                [
                    602,
                    1682
                ]
            ],
            "text": "(kV)",
            "label": "B_Unit",
            "links": []
        },
        {
            "index": 115,
            "bbox": [
                [
                    116,
                    1739
                ],
                [
                    116,
                    1770
                ],
                [
                    190,
                    1770
                ],
                [
                    190,
                    1739
                ]
            ],
            "text": "Rated",
            "label": "B_Prop",
            "links": []
        },
        {
            "index": 116,
            "bbox": [
                [
                    194,
                    1739
                ],
                [
                    194,
                    1770
                ],
                [
                    326,
                    1770
                ],
                [
                    326,
                    1739
                ]
            ],
            "text": "Insulation",
            "label": "I_Prop",
            "links": []
        },
        {
            "index": 117,
            "bbox": [
                [
                    329,
                    1739
                ],
                [
                    329,
                    1770
                ],
                [
                    434,
                    1770
                ],
                [
                    434,
                    1739
                ]
            ],
            "text": "Voltage",
            "label": "I_Prop",
            "links": []
        },
        {
            "index": 118,
            "bbox": [
                [
                    438,
                    1739
                ],
                [
                    438,
                    1770
                ],
                [
                    476,
                    1770
                ],
                [
                    476,
                    1739
                ]
            ],
            "text": "(V)",
            "label": "B_Unit",
            "links": []
        },
        {
            "index": 119,
            "bbox": [
                [
                    116,
                    1801
                ],
                [
                    116,
                    1828
                ],
                [
                    194,
                    1828
                ],
                [
                    194,
                    1801
                ]
            ],
            "text": "Rated",
            "label": "B_Prop",
            "links": []
        },
        {
            "index": 120,
            "bbox": [
                [
                    197,
                    1801
                ],
                [
                    197,
                    1828
                ],
                [
                    349,
                    1828
                ],
                [
                    349,
                    1801
                ]
            ],
            "text": "Operational",
            "label": "I_Prop",
            "links": []
        },
        {
            "index": 121,
            "bbox": [
                [
                    352,
                    1801
                ],
                [
                    352,
                    1828
                ],
                [
                    453,
                    1828
                ],
                [
                    453,
                    1801
                ]
            ],
            "text": "Current",
            "label": "I_Prop",
            "links": []
        },
        {
            "index": 122,
            "bbox": [
                [
                    457,
                    1801
                ],
                [
                    457,
                    1828
                ],
                [
                    493,
                    1828
                ],
                [
                    493,
                    1801
                ]
            ],
            "text": "(A)",
            "label": "B_Unit",
            "links": []
        },
        {
            "index": 123,
            "bbox": [
                [
                    116,
                    1859
                ],
                [
                    116,
                    1886
                ],
                [
                    194,
                    1886
                ],
                [
                    194,
                    1859
                ]
            ],
            "text": "Rated",
            "label": "B_Prop",
            "links": []
        },
        {
            "index": 124,
            "bbox": [
                [
                    197,
                    1859
                ],
                [
                    197,
                    1886
                ],
                [
                    349,
                    1886
                ],
                [
                    349,
                    1859
                ]
            ],
            "text": "Operational",
            "label": "I_Prop",
            "links": []
        },
        {
            "index": 125,
            "bbox": [
                [
                    352,
                    1859
                ],
                [
                    352,
                    1886
                ],
                [
                    450,
                    1886
                ],
                [
                    450,
                    1859
                ]
            ],
            "text": "Current",
            "label": "I_Prop",
            "links": []
        },
        {
            "index": 126,
            "bbox": [
                [
                    454,
                    1859
                ],
                [
                    454,
                    1886
                ],
                [
                    518,
                    1886
                ],
                [
                    518,
                    1859
                ]
            ],
            "text": "AC-1",
            "label": "I_Prop",
            "links": []
        },
        {
            "index": 127,
            "bbox": [
                [
                    521,
                    1859
                ],
                [
                    521,
                    1886
                ],
                [
                    561,
                    1886
                ],
                [
                    561,
                    1859
                ]
            ],
            "text": "(A)",
            "label": "B_Unit",
            "links": []
        },
        {
            "index": 128,
            "bbox": [
                [
                    116,
                    1920
                ],
                [
                    116,
                    1947
                ],
                [
                    194,
                    1947
                ],
                [
                    194,
                    1920
                ]
            ],
            "text": "Rated",
            "label": "B_Prop",
            "links": []
        },
        {
            "index": 129,
            "bbox": [
                [
                    197,
                    1920
                ],
                [
                    197,
                    1947
                ],
                [
                    349,
                    1947
                ],
                [
                    349,
                    1920
                ]
            ],
            "text": "Operational",
            "label": "I_Prop",
            "links": []
        },
        {
            "index": 130,
            "bbox": [
                [
                    352,
                    1920
                ],
                [
                    352,
                    1947
                ],
                [
                    450,
                    1947
                ],
                [
                    450,
                    1920
                ]
            ],
            "text": "Current",
            "label": "I_Prop",
            "links": []
        },
        {
            "index": 131,
            "bbox": [
                [
                    454,
                    1920
                ],
                [
                    454,
                    1947
                ],
                [
                    522,
                    1947
                ],
                [
                    522,
                    1920
                ]
            ],
            "text": "AC-3",
            "label": "I_Prop",
            "links": []
        },
        {
            "index": 132,
            "bbox": [
                [
                    524,
                    1920
                ],
                [
                    524,
                    1947
                ],
                [
                    592,
                    1947
                ],
                [
                    592,
                    1920
                ]
            ],
            "text": "230V",
            "label": "I_Prop",
            "links": []
        },
        {
            "index": 133,
            "bbox": [
                [
                    595,
                    1920
                ],
                [
                    595,
                    1947
                ],
                [
                    636,
                    1947
                ],
                [
                    636,
                    1920
                ]
            ],
            "text": "(A)",
            "label": "B_Unit",
            "links": []
        },
        {
            "index": 134,
            "bbox": [
                [
                    116,
                    1981
                ],
                [
                    116,
                    2008
                ],
                [
                    194,
                    2008
                ],
                [
                    194,
                    1981
                ]
            ],
            "text": "Rated",
            "label": "B_Prop",
            "links": []
        },
        {
            "index": 135,
            "bbox": [
                [
                    197,
                    1981
                ],
                [
                    197,
                    2008
                ],
                [
                    349,
                    2008
                ],
                [
                    349,
                    1981
                ]
            ],
            "text": "Operational",
            "label": "I_Prop",
            "links": []
        },
        {
            "index": 136,
            "bbox": [
                [
                    352,
                    1981
                ],
                [
                    352,
                    2008
                ],
                [
                    430,
                    2008
                ],
                [
                    430,
                    1981
                ]
            ],
            "text": "Power",
            "label": "I_Prop",
            "links": []
        },
        {
            "index": 137,
            "bbox": [
                [
                    433,
                    1981
                ],
                [
                    433,
                    2008
                ],
                [
                    500,
                    2008
                ],
                [
                    500,
                    1981
                ]
            ],
            "text": "AC-3",
            "label": "I_Prop",
            "links": []
        },
        {
            "index": 138,
            "bbox": [
                [
                    504,
                    1981
                ],
                [
                    504,
                    2008
                ],
                [
                    572,
                    2008
                ],
                [
                    572,
                    1981
                ]
            ],
            "text": "230V",
            "label": "I_Prop",
            "links": []
        },
        {
            "index": 139,
            "bbox": [
                [
                    575,
                    1981
                ],
                [
                    575,
                    2008
                ],
                [
                    636,
                    2008
                ],
                [
                    636,
                    1981
                ]
            ],
            "text": "(kW)",
            "label": "B_Unit",
            "links": []
        },
        {
            "index": 140,
            "bbox": [
                [
                    116,
                    2039
                ],
                [
                    116,
                    2066
                ],
                [
                    194,
                    2066
                ],
                [
                    194,
                    2039
                ]
            ],
            "text": "Rated",
            "label": "B_Prop",
            "links": []
        },
        {
            "index": 141,
            "bbox": [
                [
                    197,
                    2039
                ],
                [
                    197,
                    2066
                ],
                [
                    349,
                    2066
                ],
                [
                    349,
                    2039
                ]
            ],
            "text": "Operational",
            "label": "I_Prop",
            "links": []
        },
        {
            "index": 142,
            "bbox": [
                [
                    352,
                    2039
                ],
                [
                    352,
                    2066
                ],
                [
                    457,
                    2066
                ],
                [
                    457,
                    2039
                ]
            ],
            "text": "Voltage",
            "label": "I_Prop",
            "links": []
        },
        {
            "index": 143,
            "bbox": [
                [
                    460,
                    2039
                ],
                [
                    460,
                    2066
                ],
                [
                    500,
                    2066
                ],
                [
                    500,
                    2039
                ]
            ],
            "text": "AC",
            "label": "I_Prop",
            "links": []
        },
        {
            "index": 144,
            "bbox": [
                [
                    504,
                    2039
                ],
                [
                    504,
                    2066
                ],
                [
                    544,
                    2066
                ],
                [
                    544,
                    2039
                ]
            ],
            "text": "(V)",
            "label": "B_Unit",
            "links": []
        },
        {
            "index": 145,
            "bbox": [
                [
                    904,
                    1201
                ],
                [
                    904,
                    1236
                ],
                [
                    993,
                    1236
                ],
                [
                    993,
                    1201
                ]
            ],
            "text": "AC/DC",
            "label": "B_Value",
            "links": []
        },
        {
            "index": 146,
            "bbox": [
                [
                    905,
                    1266
                ],
                [
                    905,
                    1286
                ],
                [
                    953,
                    1286
                ],
                [
                    953,
                    1266
                ]
            ],
            "text": "Yes",
            "label": "B_Value",
            "links": []
        },
        {
            "index": 147,
            "bbox": [
                [
                    908,
                    1324
                ],
                [
                    908,
                    1348
                ],
                [
                    925,
                    1348
                ],
                [
                    925,
                    1324
                ]
            ],
            "text": "4",
            "label": "B_Value",
            "links": []
        },
        {
            "index": 148,
            "bbox": [
                [
                    905,
                    1382
                ],
                [
                    905,
                    1409
                ],
                [
                    929,
                    1409
                ],
                [
                    929,
                    1382
                ]
            ],
            "text": "4",
            "label": "B_Value",
            "links": []
        },
        {
            "index": 149,
            "bbox": [
                [
                    905,
                    1440
                ],
                [
                    905,
                    1474
                ],
                [
                    993,
                    1474
                ],
                [
                    993,
                    1440
                ]
            ],
            "text": "AC/DC",
            "label": "B_Value",
            "links": []
        },
        {
            "index": 150,
            "bbox": [
                [
                    901,
                    1505
                ],
                [
                    901,
                    1532
                ],
                [
                    955,
                    1532
                ],
                [
                    955,
                    1505
                ]
            ],
            "text": "230",
            "label": "B_Value",
            "links": []
        },
        {
            "index": 151,
            "bbox": [
                [
                    901,
                    1563
                ],
                [
                    901,
                    1591
                ],
                [
                    955,
                    1591
                ],
                [
                    955,
                    1563
                ]
            ],
            "text": "230",
            "label": "B_Value",
            "links": []
        },
        {
            "index": 152,
            "bbox": [
                [
                    958,
                    1562
                ],
                [
                    958,
                    1589
                ],
                [
                    975,
                    1589
                ],
                [
                    975,
                    1562
                ]
            ],
            "text": "-",
            "label": "I_Value",
            "links": []
        },
        {
            "index": 153,
            "bbox": [
                [
                    979,
                    1562
                ],
                [
                    979,
                    1590
                ],
                [
                    1031,
                    1590
                ],
                [
                    1031,
                    1562
                ]
            ],
            "text": "240",
            "label": "I_Value",
            "links": []
        },
        {
            "index": 154,
            "bbox": [
                [
                    901,
                    1620
                ],
                [
                    901,
                    1651
                ],
                [
                    986,
                    1651
                ],
                [
                    986,
                    1620
                ]
            ],
            "text": "50/60",
            "label": "B_Value",
            "links": []
        },
        {
            "index": 155,
            "bbox": [
                [
                    905,
                    1682
                ],
                [
                    905,
                    1713
                ],
                [
                    929,
                    1713
                ],
                [
                    929,
                    1682
                ]
            ],
            "text": "6",
            "label": "B_Value",
            "links": []
        },
        {
            "index": 156,
            "bbox": [
                [
                    906,
                    1739
                ],
                [
                    906,
                    1769
                ],
                [
                    960,
                    1769
                ],
                [
                    960,
                    1739
                ]
            ],
            "text": "500",
            "label": "B_Value",
            "links": []
        },
        {
            "index": 157,
            "bbox": [
                [
                    901,
                    1801
                ],
                [
                    901,
                    1828
                ],
                [
                    938,
                    1828
                ],
                [
                    938,
                    1801
                ]
            ],
            "text": "25",
            "label": "B_Value",
            "links": []
        },
        {
            "index": 158,
            "bbox": [
                [
                    904,
                    1859
                ],
                [
                    904,
                    1890
                ],
                [
                    942,
                    1890
                ],
                [
                    942,
                    1859
                ]
            ],
            "text": "25",
            "label": "B_Value",
            "links": []
        },
        {
            "index": 159,
            "bbox": [
                [
                    946,
                    1858
                ],
                [
                    946,
                    1889
                ],
                [
                    1007,
                    1889
                ],
                [
                    1007,
                    1858
                ]
            ],
            "text": "(NC)",
            "label": "I_Value",
            "links": []
        },
        {
            "index": 160,
            "bbox": [
                [
                    905,
                    1916
                ],
                [
                    905,
                    1951
                ],
                [
                    927,
                    1951
                ],
                [
                    927,
                    1916
                ]
            ],
            "text": "6",
            "label": "B_Value",
            "links": []
        },
        {
            "index": 161,
            "bbox": [
                [
                    931,
                    1916
                ],
                [
                    931,
                    1951
                ],
                [
                    993,
                    1951
                ],
                [
                    993,
                    1916
                ]
            ],
            "text": "(NC)",
            "label": "I_Value",
            "links": []
        },
        {
            "index": 162,
            "bbox": [
                [
                    904,
                    1978
                ],
                [
                    904,
                    2009
                ],
                [
                    949,
                    2009
                ],
                [
                    949,
                    1978
                ]
            ],
            "text": "0.9",
            "label": "B_Value",
            "links": []
        },
        {
            "index": 163,
            "bbox": [
                [
                    953,
                    1978
                ],
                [
                    953,
                    2009
                ],
                [
                    1013,
                    2009
                ],
                [
                    1013,
                    1978
                ]
            ],
            "text": "(NC)",
            "label": "I_Value",
            "links": []
        },
        {
            "index": 164,
            "bbox": [
                [
                    905,
                    2039
                ],
                [
                    905,
                    2070
                ],
                [
                    959,
                    2070
                ],
                [
                    959,
                    2039
                ]
            ],
            "text": "400",
            "label": "B_Value",
            "links": []
        },
        {
            "index": 165,
            "bbox": [
                [
                    673,
                    2213
                ],
                [
                    673,
                    2233
                ],
                [
                    713,
                    2233
                ],
                [
                    713,
                    2213
                ]
            ],
            "text": "1300",
            "label": "Out",
            "links": []
        },
        {
            "index": 166,
            "bbox": [
                [
                    716,
                    2213
                ],
                [
                    716,
                    2233
                ],
                [
                    746,
                    2233
                ],
                [
                    746,
                    2213
                ]
            ],
            "text": "556",
            "label": "Out",
            "links": []
        },
        {
            "index": 167,
            "bbox": [
                [
                    748,
                    2213
                ],
                [
                    748,
                    2233
                ],
                [
                    771,
                    2233
                ],
                [
                    771,
                    2213
                ]
            ],
            "text": "601",
            "label": "Out",
            "links": []
        },
        {
            "index": 168,
            "bbox": [
                [
                    773,
                    2213
                ],
                [
                    773,
                    2233
                ],
                [
                    780,
                    2233
                ],
                [
                    780,
                    2213
                ]
            ],
            "text": "|",
            "label": "Out",
            "links": []
        },
        {
            "index": 169,
            "bbox": [
                [
                    783,
                    2213
                ],
                [
                    783,
                    2233
                ],
                [
                    878,
                    2233
                ],
                [
                    878,
                    2213
                ]
            ],
            "text": "ipd.comau",
            "label": "Out",
            "links": []
        },
        {
            "index": 170,
            "bbox": [
                [
                    881,
                    2213
                ],
                [
                    881,
                    2233
                ],
                [
                    886,
                    2233
                ],
                [
                    886,
                    2213
                ]
            ],
            "text": "|",
            "label": "Out",
            "links": []
        },
        {
            "index": 171,
            "bbox": [
                [
                    888,
                    2213
                ],
                [
                    888,
                    2233
                ],
                [
                    976,
                    2233
                ],
                [
                    976,
                    2213
                ]
            ],
            "text": "19-02-2024",
            "label": "Out",
            "links": []
        }
    ]
}