{
    "datasheet": [
        {
            "index": 0,
            "bbox": [
                [
                    61,
                    78
                ],
                [
                    61,
                    102
                ],
                [
                    199,
                    102
                ],
                [
                    199,
                    78
                ]
            ],
            "text": "AUTOMATION",
            "label": "Out",
            "links": []
        },
        {
            "index": 1,
            "bbox": [
                [
                    202,
                    78
                ],
                [
                    202,
                    102
                ],
                [
                    220,
                    102
                ],
                [
                    220,
                    78
                ]
            ],
            "text": "&",
            "label": "Out",
            "links": []
        },
        {
            "index": 2,
            "bbox": [
                [
                    223,
                    78
                ],
                [
                    223,
                    102
                ],
                [
                    325,
                    102
                ],
                [
                    325,
                    78
                ]
            ],
            "text": "CONTROL",
            "label": "Out",
            "links": []
        },
        {
            "index": 3,
            "bbox": [
                [
                    328,
                    78
                ],
                [
                    328,
                    102
                ],
                [
                    340,
                    102
                ],
                [
                    340,
                    78
                ]
            ],
            "text": "›",
            "label": "Out",
            "links": []
        },
        {
            "index": 4,
            "bbox": [
                [
                    343,
                    78
                ],
                [
                    343,
                    102
                ],
                [
                    421,
                    102
                ],
                [
                    421,
                    78
                ]
            ],
            "text": "MOTOR",
            "label": "Out",
            "links": []
        },
        {
            "index": 5,
            "bbox": [
                [
                    424,
                    78
                ],
                [
                    424,
                    102
                ],
                [
                    523,
                    102
                ],
                [
                    523,
                    78
                ]
            ],
            "text": "CONTROL",
            "label": "Out",
            "links": []
        },
        {
            "index": 6,
            "bbox": [
                [
                    526,
                    78
                ],
                [
                    526,
                    102
                ],
                [
                    544,
                    102
                ],
                [
                    544,
                    78
                ]
            ],
            "text": "&",
            "label": "Out",
            "links": []
        },
        {
            "index": 7,
            "bbox": [
                [
                    547,
                    78
                ],
                [
                    547,
                    102
                ],
                [
                    676,
                    102
                ],
                [
                    676,
                    78
                ]
            ],
            "text": "PROTECTION",
            "label": "Out",
            "links": []
        },
        {
            "index": 8,
            "bbox": [
                [
                    679,
                    78
                ],
                [
                    679,
                    102
                ],
                [
                    694,
                    102
                ],
                [
                    694,
                    78
                ]
            ],
            "text": "›",
            "label": "Out",
            "links": []
        },
        {
            "index": 9,
            "bbox": [
                [
                    697,
                    78
                ],
                [
                    697,
                    102
                ],
                [
                    844,
                    102
                ],
                [
                    844,
                    78
                ]
            ],
            "text": "CONTACTORS",
            "label": "Out",
            "links": []
        },
        {
            "index": 10,
            "bbox": [
                [
                    847,
                    78
                ],
                [
                    847,
                    102
                ],
                [
                    856,
                    102
                ],
                [
                    856,
                    78
                ]
            ],
            "text": ">",
            "label": "Out",
            "links": []
        },
        {
            "index": 11,
            "bbox": [
                [
                    859,
                    78
                ],
                [
                    859,
                    102
                ],
                [
                    901,
                    102
                ],
                [
                    901,
                    78
                ]
            ],
            "text": "IPD",
            "label": "Out",
            "links": []
        },
        {
            "index": 12,
            "bbox": [
                [
                    904,
                    78
                ],
                [
                    904,
                    102
                ],
                [
                    916,
                    102
                ],
                [
                    916,
                    78
                ]
            ],
            "text": "›",
            "label": "Out",
            "links": []
        },
        {
            "index": 13,
            "bbox": [
                [
                    919,
                    78
                ],
                [
                    919,
                    102
                ],
                [
                    1060,
                    102
                ],
                [
                    1060,
                    78
                ]
            ],
            "text": "AUTOMATION",
            "label": "Out",
            "links": []
        },
        {
            "index": 14,
            "bbox": [
                [
                    1063,
                    78
                ],
                [
                    1063,
                    102
                ],
                [
                    1081,
                    102
                ],
                [
                    1081,
                    78
                ]
            ],
            "text": "&",
            "label": "Out",
            "links": []
        },
        {
            "index": 15,
            "bbox": [
                [
                    1084,
                    78
                ],
                [
                    1084,
                    102
                ],
                [
                    1183,
                    102
                ],
                [
                    1183,
                    78
                ]
            ],
            "text": "CONTROL",
            "label": "Out",
            "links": []
        },
        {
            "index": 16,
            "bbox": [
                [
                    1186,
                    78
                ],
                [
                    1186,
                    102
                ],
                [
                    1200,
                    102
                ],
                [
                    1200,
                    78
                ]
            ],
            "text": ">",
            "label": "Out",
            "links": []
        },
        {
            "index": 17,
            "bbox": [
                [
                    61,
                    112
                ],
                [
                    61,
                    133
                ],
                [
                    161,
                    133
                ],
                [
                    161,
                    112
                ]
            ],
            "text": "CONTROL",
            "label": "Out",
            "links": []
        },
        {
            "index": 18,
            "bbox": [
                [
                    163,
                    112
                ],
                [
                    163,
                    133
                ],
                [
                    255,
                    133
                ],
                [
                    255,
                    112
                ]
            ],
            "text": "DEVICES",
            "label": "Out",
            "links": []
        },
        {
            "index": 19,
            "bbox": [
                [
                    258,
                    112
                ],
                [
                    258,
                    133
                ],
                [
                    271,
                    133
                ],
                [
                    271,
                    112
                ]
            ],
            "text": ">",
            "label": "Out",
            "links": []
        },
        {
            "index": 20,
            "bbox": [
                [
                    274,
                    112
                ],
                [
                    274,
                    133
                ],
                [
                    351,
                    133
                ],
                [
                    351,
                    112
                ]
            ],
            "text": "RELAYS",
            "label": "Out",
            "links": []
        },
        {
            "index": 21,
            "bbox": [
                [
                    1313,
                    75
                ],
                [
                    1313,
                    160
                ],
                [
                    1476,
                    160
                ],
                [
                    1476,
                    75
                ]
            ],
            "text": "ipd",
            "label": "Out",
            "links": []
        },
        {
            "index": 22,
            "bbox": [
                [
                    112,
                    252
                ],
                [
                    112,
                    279
                ],
                [
                    230,
                    279
                ],
                [
                    230,
                    252
                ]
            ],
            "text": "Terminal",
            "label": "B_Prop",
            "links": []
        },
        {
            "index": 23,
            "bbox": [
                [
                    234,
                    252
                ],
                [
                    234,
                    279
                ],
                [
                    296,
                    279
                ],
                [
                    296,
                    252
                ]
            ],
            "text": "Type",
            "label": "I_Prop",
            "links": []
        },
        {
            "index": 24,
            "bbox": [
                [
                    116,
                    313
                ],
                [
                    116,
                    340
                ],
                [
                    238,
                    340
                ],
                [
                    238,
                    313
                ]
            ],
            "text": "Utilization",
            "label": "B_Prop",
            "links": []
        },
        {
            "index": 25,
            "bbox": [
                [
                    241,
                    313
                ],
                [
                    241,
                    340
                ],
                [
                    367,
                    340
                ],
                [
                    367,
                    313
                ]
            ],
            "text": "Category",
            "label": "I_Prop",
            "links": []
        },
        {
            "index": 26,
            "bbox": [
                [
                    908,
                    252
                ],
                [
                    908,
                    276
                ],
                [
                    986,
                    276
                ],
                [
                    986,
                    252
                ]
            ],
            "text": "Screw",
            "label": "B_Value",
            "links": []
        },
        {
            "index": 27,
            "bbox": [
                [
                    908,
                    313
                ],
                [
                    908,
                    340
                ],
                [
                    972,
                    340
                ],
                [
                    972,
                    313
                ]
            ],
            "text": "AC-1",
            "label": "B_Value",
            "links": []
        },
        {
            "index": 28,
            "bbox": [
                [
                    976,
                    313
                ],
                [
                    976,
                    340
                ],
                [
                    1111,
                    340
                ],
                [
                    1111,
                    313
                ]
            ],
            "text": "According",
            "label": "I_Value",
            "links": []
        },
        {
            "index": 29,
            "bbox": [
                [
                    1114,
                    313
                ],
                [
                    1114,
                    340
                ],
                [
                    1144,
                    340
                ],
                [
                    1144,
                    313
                ]
            ],
            "text": "to",
            "label": "I_Value",
            "links": []
        },
        {
            "index": 30,
            "bbox": [
                [
                    1148,
                    313
                ],
                [
                    1148,
                    340
                ],
                [
                    1178,
                    340
                ],
                [
                    1178,
                    313
                ]
            ],
            "text": "EN",
            "label": "I_Value",
            "links": []
        },
        {
            "index": 31,
            "bbox": [
                [
                    1181,
                    313
                ],
                [
                    1181,
                    340
                ],
                [
                    1225,
                    340
                ],
                [
                    1225,
                    313
                ]
            ],
            "text": "IEC",
            "label": "I_Value",
            "links": []
        },
        {
            "index": 32,
            "bbox": [
                [
                    1229,
                    313
                ],
                [
                    1229,
                    340
                ],
                [
                    1364,
                    340
                ],
                [
                    1364,
                    313
                ]
            ],
            "text": "60947-4-1",
            "label": "I_Value",
            "links": []
        },
        {
            "index": 33,
            "bbox": [
                [
                    116,
                    429
                ],
                [
                    116,
                    453
                ],
                [
                    221,
                    453
                ],
                [
                    221,
                    429
                ]
            ],
            "text": "Physical",
            "label": "B_Section",
            "links": []
        },
        {
            "index": 34,
            "bbox": [
                [
                    224,
                    429
                ],
                [
                    224,
                    453
                ],
                [
                    360,
                    453
                ],
                [
                    360,
                    429
                ]
            ],
            "text": "Attributes",
            "label": "I_Section",
            "links": []
        },
        {
            "index": 35,
            "bbox": [
                [
                    116,
                    487
                ],
                [
                    116,
                    514
                ],
                [
                    238,
                    514
                ],
                [
                    238,
                    487
                ]
            ],
            "text": "Mounting",
            "label": "B_Prop",
            "links": []
        },
        {
            "index": 36,
            "bbox": [
                [
                    241,
                    487
                ],
                [
                    241,
                    514
                ],
                [
                    306,
                    514
                ],
                [
                    306,
                    487
                ]
            ],
            "text": "Type",
            "label": "I_Prop",
            "links": []
        },
        {
            "index": 37,
            "bbox": [
                [
                    116,
                    545
                ],
                [
                    116,
                    569
                ],
                [
                    157,
                    569
                ],
                [
                    157,
                    545
                ]
            ],
            "text": "No.",
            "label": "B_Prop",
            "links": []
        },
        {
            "index": 38,
            "bbox": [
                [
                    159,
                    545
                ],
                [
                    159,
                    568
                ],
                [
                    188,
                    568
                ],
                [
                    188,
                    545
                ]
            ],
            "text": "of",
            "label": "I_Prop",
            "links": []
        },
        {
            "index": 39,
            "bbox": [
                [
                    191,
                    545
                ],
                [
                    191,
                    568
                ],
                [
                    303,
                    568
                ],
                [
                    303,
                    545
                ]
            ],
            "text": "Modules",
            "label": "I_Prop",
            "links": []
        },
        {
            "index": 40,
            "bbox": [
                [
                    306,
                    545
                ],
                [
                    306,
                    568
                ],
                [
                    320,
                    568
                ],
                [
                    320,
                    545
                ]
            ],
            "text": "-",
            "label": "I_Prop",
            "links": []
        },
        {
            "index": 41,
            "bbox": [
                [
                    323,
                    545
                ],
                [
                    323,
                    568
                ],
                [
                    403,
                    568
                ],
                [
                    403,
                    545
                ]
            ],
            "text": "Width",
            "label": "I_Prop",
            "links": []
        },
        {
            "index": 42,
            "bbox": [
                [
                    406,
                    545
                ],
                [
                    406,
                    568
                ],
                [
                    455,
                    568
                ],
                [
                    455,
                    545
                ]
            ],
            "text": "17.5",
            "label": "I_Prop",
            "links": []
        },
        {
            "index": 43,
            "bbox": [
                [
                    458,
                    545
                ],
                [
                    458,
                    569
                ],
                [
                    513,
                    569
                ],
                [
                    513,
                    545
                ]
            ],
            "text": "mm",
            "label": "I_Prop",
            "links": []
        },
        {
            "index": 44,
            "bbox": [
                [
                    116,
                    603
                ],
                [
                    116,
                    634
                ],
                [
                    266,
                    634
                ],
                [
                    266,
                    603
                ]
            ],
            "text": "Operational",
            "label": "B_Prop",
            "links": []
        },
        {
            "index": 45,
            "bbox": [
                [
                    270,
                    603
                ],
                [
                    270,
                    633
                ],
                [
                    435,
                    633
                ],
                [
                    435,
                    603
                ]
            ],
            "text": "Temperature",
            "label": "I_Prop",
            "links": []
        },
        {
            "index": 46,
            "bbox": [
                [
                    438,
                    603
                ],
                [
                    438,
                    633
                ],
                [
                    528,
                    633
                ],
                [
                    528,
                    603
                ]
            ],
            "text": "Range",
            "label": "I_Prop",
            "links": []
        },
        {
            "index": 47,
            "bbox": [
                [
                    532,
                    603
                ],
                [
                    532,
                    634
                ],
                [
                    585,
                    634
                ],
                [
                    585,
                    603
                ]
            ],
            "text": "(°C)",
            "label": "I_Prop",
            "links": []
        },
        {
            "index": 48,
            "bbox": [
                [
                    112,
                    664
                ],
                [
                    112,
                    691
                ],
                [
                    189,
                    691
                ],
                [
                    189,
                    664
                ]
            ],
            "text": "Width",
            "label": "B_Prop",
            "links": []
        },
        {
            "index": 49,
            "bbox": [
                [
                    193,
                    664
                ],
                [
                    193,
                    691
                ],
                [
                    220,
                    691
                ],
                [
                    220,
                    664
                ]
            ],
            "text": "in",
            "label": "I_Prop",
            "links": []
        },
        {
            "index": 50,
            "bbox": [
                [
                    223,
                    664
                ],
                [
                    223,
                    691
                ],
                [
                    328,
                    691
                ],
                [
                    328,
                    664
                ]
            ],
            "text": "Number",
            "label": "I_Prop",
            "links": []
        },
        {
            "index": 51,
            "bbox": [
                [
                    331,
                    664
                ],
                [
                    331,
                    691
                ],
                [
                    358,
                    691
                ],
                [
                    358,
                    664
                ]
            ],
            "text": "of",
            "label": "I_Prop",
            "links": []
        },
        {
            "index": 52,
            "bbox": [
                [
                    362,
                    664
                ],
                [
                    362,
                    691
                ],
                [
                    470,
                    691
                ],
                [
                    470,
                    664
                ]
            ],
            "text": "Modular",
            "label": "I_Prop",
            "links": []
        },
        {
            "index": 53,
            "bbox": [
                [
                    474,
                    660
                ],
                [
                    474,
                    687
                ],
                [
                    603,
                    687
                ],
                [
                    603,
                    660
                ]
            ],
            "text": "Spacings",
            "label": "I_Prop",
            "links": []
        },
        {
            "index": 54,
            "bbox": [
                [
                    908,
                    486
                ],
                [
                    908,
                    507
                ],
                [
                    951,
                    507
                ],
                [
                    951,
                    486
                ]
            ],
            "text": "DIN",
            "label": "B_Value",
            "links": []
        },
        {
            "index": 55,
            "bbox": [
                [
                    953,
                    487
                ],
                [
                    953,
                    508
                ],
                [
                    1003,
                    508
                ],
                [
                    1003,
                    487
                ]
            ],
            "text": "Rail",
            "label": "I_Value",
            "links": []
        },
        {
            "index": 56,
            "bbox": [
                [
                    905,
                    545
                ],
                [
                    905,
                    569
                ],
                [
                    925,
                    569
                ],
                [
                    925,
                    545
                ]
            ],
            "text": "2",
            "label": "B_Value",
            "links": []
        },
        {
            "index": 57,
            "bbox": [
                [
                    905,
                    606
                ],
                [
                    905,
                    626
                ],
                [
                    958,
                    626
                ],
                [
                    958,
                    606
                ]
            ],
            "text": "-25",
            "label": "B_Value",
            "links": []
        },
        {
            "index": 58,
            "bbox": [
                [
                    960,
                    606
                ],
                [
                    960,
                    626
                ],
                [
                    990,
                    626
                ],
                [
                    990,
                    606
                ]
            ],
            "text": "to",
            "label": "I_Value",
            "links": []
        },
        {
            "index": 59,
            "bbox": [
                [
                    993,
                    606
                ],
                [
                    993,
                    626
                ],
                [
                    1044,
                    626
                ],
                [
                    1044,
                    606
                ]
            ],
            "text": "+55",
            "label": "I_Value",
            "links": []
        },
        {
            "index": 60,
            "bbox": [
                [
                    905,
                    664
                ],
                [
                    905,
                    688
                ],
                [
                    925,
                    688
                ],
                [
                    925,
                    664
                ]
            ],
            "text": "2",
            "label": "B_Value",
            "links": []
        },
        {
            "index": 61,
            "bbox": [
                [
                    116,
                    776
                ],
                [
                    116,
                    800
                ],
                [
                    269,
                    800
                ],
                [
                    269,
                    776
                ]
            ],
            "text": "Dimensions",
            "label": "B_Section",
            "links": []
        },
        {
            "index": 62,
            "bbox": [
                [
                    116,
                    834
                ],
                [
                    116,
                    861
                ],
                [
                    208,
                    861
                ],
                [
                    208,
                    834
                ]
            ],
            "text": "Built-in",
            "label": "B_Prop",
            "links": []
        },
        {
            "index": 63,
            "bbox": [
                [
                    211,
                    834
                ],
                [
                    211,
                    861
                ],
                [
                    289,
                    861
                ],
                [
                    289,
                    834
                ]
            ],
            "text": "Depth",
            "label": "I_Prop",
            "links": []
        },
        {
            "index": 64,
            "bbox": [
                [
                    292,
                    834
                ],
                [
                    292,
                    861
                ],
                [
                    368,
                    861
                ],
                [
                    368,
                    834
                ]
            ],
            "text": "(mm)",
            "label": "I_Prop",
            "links": []
        },
        {
            "index": 65,
            "bbox": [
                [
                    116,
                    892
                ],
                [
                    116,
                    919
                ],
                [
                    265,
                    919
                ],
                [
                    265,
                    892
                ]
            ],
            "text": "Dimensions",
            "label": "B_Prop",
            "links": []
        },
        {
            "index": 66,
            "bbox": [
                [
                    268,
                    892
                ],
                [
                    268,
                    919
                ],
                [
                    347,
                    919
                ],
                [
                    347,
                    892
                ]
            ],
            "text": "(mm)",
            "label": "I_Prop",
            "links": []
        },
        {
            "index": 67,
            "bbox": [
                [
                    905,
                    837
                ],
                [
                    905,
                    861
                ],
                [
                    942,
                    861
                ],
                [
                    942,
                    837
                ]
            ],
            "text": "58",
            "label": "B_Value",
            "links": []
        },
        {
            "index": 68,
            "bbox": [
                [
                    908,
                    895
                ],
                [
                    908,
                    919
                ],
                [
                    965,
                    919
                ],
                [
                    965,
                    895
                ]
            ],
            "text": "36W",
            "label": "B_Value",
            "links": []
        },
        {
            "index": 69,
            "bbox": [
                [
                    968,
                    895
                ],
                [
                    968,
                    919
                ],
                [
                    986,
                    919
                ],
                [
                    986,
                    895
                ]
            ],
            "text": "x",
            "label": "I_Value",
            "links": []
        },
        {
            "index": 70,
            "bbox": [
                [
                    989,
                    895
                ],
                [
                    989,
                    919
                ],
                [
                    1043,
                    919
                ],
                [
                    1043,
                    895
                ]
            ],
            "text": "85H",
            "label": "I_Value",
            "links": []
        },
        {
            "index": 71,
            "bbox": [
                [
                    1046,
                    895
                ],
                [
                    1046,
                    919
                ],
                [
                    1061,
                    919
                ],
                [
                    1061,
                    895
                ]
            ],
            "text": "x",
            "label": "Out",
            "links": []
        },
        {
            "index": 72,
            "bbox": [
                [
                    1064,
                    895
                ],
                [
                    1064,
                    919
                ],
                [
                    1115,
                    919
                ],
                [
                    1115,
                    895
                ]
            ],
            "text": "65D",
            "label": "I_Value",
            "links": []
        },
        {
            "index": 73,
            "bbox": [
                [
                    116,
                    1011
                ],
                [
                    116,
                    1035
                ],
                [
                    251,
                    1035
                ],
                [
                    251,
                    1011
                ]
            ],
            "text": "Protection",
            "label": "B_Section",
            "links": []
        },
        {
            "index": 74,
            "bbox": [
                [
                    254,
                    1011
                ],
                [
                    254,
                    1035
                ],
                [
                    278,
                    1035
                ],
                [
                    278,
                    1011
                ]
            ],
            "text": "&",
            "label": "I_Section",
            "links": []
        },
        {
            "index": 75,
            "bbox": [
                [
                    281,
                    1011
                ],
                [
                    281,
                    1035
                ],
                [
                    415,
                    1035
                ],
                [
                    415,
                    1011
                ]
            ],
            "text": "Standards",
            "label": "I_Section",
            "links": []
        },
        {
            "index": 76,
            "bbox": [
                [
                    116,
                    1069
                ],
                [
                    116,
                    1096
                ],
                [
                    204,
                    1096
                ],
                [
                    204,
                    1069
                ]
            ],
            "text": "Degree",
            "label": "B_Prop",
            "links": []
        },
        {
            "index": 77,
            "bbox": [
                [
                    207,
                    1069
                ],
                [
                    207,
                    1096
                ],
                [
                    234,
                    1096
                ],
                [
                    234,
                    1069
                ]
            ],
            "text": "of",
            "label": "I_Prop",
            "links": []
        },
        {
            "index": 78,
            "bbox": [
                [
                    238,
                    1069
                ],
                [
                    238,
                    1096
                ],
                [
                    364,
                    1096
                ],
                [
                    364,
                    1069
                ]
            ],
            "text": "Protection",
            "label": "I_Prop",
            "links": []
        },
        {
            "index": 79,
            "bbox": [
                [
                    116,
                    1127
                ],
                [
                    116,
                    1154
                ],
                [
                    221,
                    1154
                ],
                [
                    221,
                    1127
                ]
            ],
            "text": "Pollution",
            "label": "B_Prop",
            "links": []
        },
        {
            "index": 80,
            "bbox": [
                [
                    224,
                    1127
                ],
                [
                    224,
                    1154
                ],
                [
                    316,
                    1154
                ],
                [
                    316,
                    1127
                ]
            ],
            "text": "Degree",
            "label": "I_Prop",
            "links": []
        },
        {
            "index": 81,
            "bbox": [
                [
                    898,
                    1069
                ],
                [
                    898,
                    1093
                ],
                [
                    959,
                    1093
                ],
                [
                    959,
                    1069
                ]
            ],
            "text": "IP20",
            "label": "B_Value",
            "links": []
        },
        {
            "index": 82,
            "bbox": [
                [
                    905,
                    1127
                ],
                [
                    905,
                    1151
                ],
                [
                    925,
                    1151
                ],
                [
                    925,
                    1127
                ]
            ],
            "text": "3",
            "label": "B_Value",
            "links": []
        },
        {
            "index": 83,
            "bbox": [
                [
                    112,
                    1242
                ],
                [
                    112,
                    1267
                ],
                [
                    248,
                    1267
                ],
                [
                    248,
                    1242
                ]
            ],
            "text": "Resources",
            "label": "B_Section",
            "links": []
        },
        {
            "index": 84,
            "bbox": [
                [
                    116,
                    1297
                ],
                [
                    116,
                    1328
                ],
                [
                    213,
                    1328
                ],
                [
                    213,
                    1297
                ]
            ],
            "text": "Product",
            "label": "B_Prop",
            "links": []
        },
        {
            "index": 85,
            "bbox": [
                [
                    217,
                    1297
                ],
                [
                    217,
                    1328
                ],
                [
                    357,
                    1328
                ],
                [
                    357,
                    1297
                ]
            ],
            "text": "catalogue",
            "label": "I_Prop",
            "links": []
        },
        {
            "index": 86,
            "bbox": [
                [
                    360,
                    1297
                ],
                [
                    360,
                    1328
                ],
                [
                    486,
                    1328
                ],
                [
                    486,
                    1297
                ]
            ],
            "text": "(Flipbook)",
            "label": "I_Prop",
            "links": []
        },
        {
            "index": 87,
            "bbox": [
                [
                    908,
                    1300
                ],
                [
                    908,
                    1324
                ],
                [
                    1040,
                    1324
                ],
                [
                    1040,
                    1300
                ]
            ],
            "text": "Download",
            "label": "B_Value",
            "links": []
        },
        {
            "index": 88,
            "bbox": [
                [
                    1043,
                    1300
                ],
                [
                    1043,
                    1324
                ],
                [
                    1109,
                    1324
                ],
                [
                    1109,
                    1300
                ]
            ],
            "text": "from",
            "label": "I_Value",
            "links": []
        },
        {
            "index": 89,
            "bbox": [
                [
                    1112,
                    1300
                ],
                [
                    1112,
                    1324
                ],
                [
                    1170,
                    1324
                ],
                [
                    1170,
                    1300
                ]
            ],
            "text": "here",
            "label": "I_Value",
            "links": []
        },
        {
            "index": 90,
            "bbox": [
                [
                    677,
                    2213
                ],
                [
                    677,
                    2233
                ],
                [
                    712,
                    2233
                ],
                [
                    712,
                    2213
                ]
            ],
            "text": "1300",
            "label": "Out",
            "links": []
        },
        {
            "index": 91,
            "bbox": [
                [
                    715,
                    2213
                ],
                [
                    715,
                    2233
                ],
                [
                    748,
                    2233
                ],
                [
                    748,
                    2213
                ]
            ],
            "text": "556",
            "label": "Out",
            "links": []
        },
        {
            "index": 92,
            "bbox": [
                [
                    750,
                    2213
                ],
                [
                    750,
                    2233
                ],
                [
                    773,
                    2233
                ],
                [
                    773,
                    2213
                ]
            ],
            "text": "601",
            "label": "Out",
            "links": []
        },
        {
            "index": 93,
            "bbox": [
                [
                    775,
                    2213
                ],
                [
                    775,
                    2233
                ],
                [
                    780,
                    2233
                ],
                [
                    780,
                    2213
                ]
            ],
            "text": "|",
            "label": "Out",
            "links": []
        },
        {
            "index": 94,
            "bbox": [
                [
                    782,
                    2213
                ],
                [
                    782,
                    2233
                ],
                [
                    877,
                    2233
                ],
                [
                    877,
                    2213
                ]
            ],
            "text": "ipd.comau",
            "label": "Out",
            "links": []
        },
        {
            "index": 95,
            "bbox": [
                [
                    880,
                    2213
                ],
                [
                    880,
                    2233
                ],
                [
                    885,
                    2233
                ],
                [
                    885,
                    2213
                ]
            ],
            "text": "|",
            "label": "Out",
            "links": []
        },
        {
            "index": 96,
            "bbox": [
                [
                    887,
                    2213
                ],
                [
                    887,
                    2233
                ],
                [
                    976,
                    2233
                ],
                [
                    976,
                    2213
                ]
            ],
            "text": "19-02-2024",
            "label": "Out",
            "links": []
        }
    ]
}