{
    "datasheet": [
        {
            "index": 0,
            "bbox": [
                [
                    64,
                    143
                ],
                [
                    64,
                    163
                ],
                [
                    128,
                    163
                ],
                [
                    128,
                    143
                ]
            ],
            "text": "ETIM",
            "label": "B_Prop",
            "links": []
        },
        {
            "index": 1,
            "bbox": [
                [
                    68,
                    180
                ],
                [
                    68,
                    205
                ],
                [
                    184,
                    205
                ],
                [
                    184,
                    180
                ]
            ],
            "text": "One-piece",
            "label": "B_Prop",
            "links": []
        },
        {
            "index": 2,
            "bbox": [
                [
                    64,
                    218
                ],
                [
                    64,
                    249
                ],
                [
                    162,
                    249
                ],
                [
                    162,
                    218
                ]
            ],
            "text": "Material",
            "label": "B_Prop",
            "links": []
        },
        {
            "index": 3,
            "bbox": [
                [
                    166,
                    218
                ],
                [
                    166,
                    249
                ],
                [
                    254,
                    249
                ],
                [
                    254,
                    218
                ]
            ],
            "text": "housing",
            "label": "I_Prop",
            "links": []
        },
        {
            "index": 4,
            "bbox": [
                [
                    64,
                    255
                ],
                [
                    64,
                    286
                ],
                [
                    154,
                    286
                ],
                [
                    154,
                    255
                ]
            ],
            "text": "Surface",
            "label": "B_Prop",
            "links": []
        },
        {
            "index": 5,
            "bbox": [
                [
                    158,
                    255
                ],
                [
                    158,
                    286
                ],
                [
                    278,
                    286
                ],
                [
                    278,
                    255
                ]
            ],
            "text": "protection",
            "label": "I_Prop",
            "links": []
        },
        {
            "index": 6,
            "bbox": [
                [
                    64,
                    296
                ],
                [
                    64,
                    327
                ],
                [
                    177,
                    327
                ],
                [
                    177,
                    296
                ]
            ],
            "text": "Approved",
            "label": "B_Prop",
            "links": []
        },
        {
            "index": 7,
            "bbox": [
                [
                    181,
                    296
                ],
                [
                    181,
                    327
                ],
                [
                    204,
                    327
                ],
                [
                    204,
                    296
                ]
            ],
            "text": "in",
            "label": "I_Prop",
            "links": []
        },
        {
            "index": 8,
            "bbox": [
                [
                    208,
                    296
                ],
                [
                    208,
                    327
                ],
                [
                    351,
                    327
                ],
                [
                    351,
                    296
                ]
            ],
            "text": "combination",
            "label": "I_Prop",
            "links": []
        },
        {
            "index": 9,
            "bbox": [
                [
                    355,
                    296
                ],
                [
                    355,
                    327
                ],
                [
                    401,
                    327
                ],
                [
                    401,
                    296
                ]
            ],
            "text": "with",
            "label": "I_Prop",
            "links": []
        },
        {
            "index": 10,
            "bbox": [
                [
                    407,
                    296
                ],
                [
                    407,
                    327
                ],
                [
                    523,
                    327
                ],
                [
                    523,
                    296
                ]
            ],
            "text": "protective",
            "label": "I_Prop",
            "links": []
        },
        {
            "index": 11,
            "bbox": [
                [
                    526,
                    296
                ],
                [
                    526,
                    327
                ],
                [
                    615,
                    327
                ],
                [
                    615,
                    296
                ]
            ],
            "text": "conduit",
            "label": "I_Prop",
            "links": []
        },
        {
            "index": 12,
            "bbox": [
                [
                    619,
                    296
                ],
                [
                    619,
                    327
                ],
                [
                    666,
                    327
                ],
                [
                    666,
                    296
                ]
            ],
            "text": "CSA",
            "label": "I_Prop",
            "links": []
        },
        {
            "index": 13,
            "bbox": [
                [
                    68,
                    333
                ],
                [
                    68,
                    361
                ],
                [
                    177,
                    361
                ],
                [
                    177,
                    333
                ]
            ],
            "text": "Approved",
            "label": "B_Prop",
            "links": []
        },
        {
            "index": 14,
            "bbox": [
                [
                    180,
                    333
                ],
                [
                    180,
                    361
                ],
                [
                    204,
                    361
                ],
                [
                    204,
                    333
                ]
            ],
            "text": "in",
            "label": "I_Prop",
            "links": []
        },
        {
            "index": 15,
            "bbox": [
                [
                    208,
                    333
                ],
                [
                    208,
                    361
                ],
                [
                    351,
                    361
                ],
                [
                    351,
                    333
                ]
            ],
            "text": "combination",
            "label": "I_Prop",
            "links": []
        },
        {
            "index": 16,
            "bbox": [
                [
                    355,
                    333
                ],
                [
                    355,
                    361
                ],
                [
                    404,
                    361
                ],
                [
                    404,
                    333
                ]
            ],
            "text": "with",
            "label": "I_Prop",
            "links": []
        },
        {
            "index": 17,
            "bbox": [
                [
                    407,
                    333
                ],
                [
                    407,
                    361
                ],
                [
                    522,
                    361
                ],
                [
                    522,
                    333
                ]
            ],
            "text": "protective",
            "label": "I_Prop",
            "links": []
        },
        {
            "index": 18,
            "bbox": [
                [
                    526,
                    333
                ],
                [
                    526,
                    361
                ],
                [
                    613,
                    361
                ],
                [
                    613,
                    333
                ]
            ],
            "text": "conduit",
            "label": "I_Prop",
            "links": []
        },
        {
            "index": 19,
            "bbox": [
                [
                    617,
                    333
                ],
                [
                    617,
                    361
                ],
                [
                    652,
                    361
                ],
                [
                    652,
                    333
                ]
            ],
            "text": "UL",
            "label": "I_Prop",
            "links": []
        },
        {
            "index": 20,
            "bbox": [
                [
                    845,
                    143
                ],
                [
                    845,
                    167
                ],
                [
                    965,
                    167
                ],
                [
                    965,
                    143
                ]
            ],
            "text": "EC001180",
            "label": "B_Value",
            "links": []
        },
        {
            "index": 21,
            "bbox": [
                [
                    968,
                    143
                ],
                [
                    968,
                    167
                ],
                [
                    1037,
                    167
                ],
                [
                    1037,
                    143
                ]
            ],
            "text": "Screw",
            "label": "I_Value",
            "links": []
        },
        {
            "index": 22,
            "bbox": [
                [
                    1040,
                    143
                ],
                [
                    1040,
                    167
                ],
                [
                    1166,
                    167
                ],
                [
                    1166,
                    143
                ]
            ],
            "text": "connection",
            "label": "I_Value",
            "links": []
        },
        {
            "index": 23,
            "bbox": [
                [
                    1169,
                    143
                ],
                [
                    1169,
                    167
                ],
                [
                    1205,
                    167
                ],
                [
                    1205,
                    143
                ]
            ],
            "text": "for",
            "label": "I_Value",
            "links": []
        },
        {
            "index": 24,
            "bbox": [
                [
                    1208,
                    143
                ],
                [
                    1208,
                    167
                ],
                [
                    1325,
                    167
                ],
                [
                    1325,
                    143
                ]
            ],
            "text": "protective",
            "label": "I_Value",
            "links": []
        },
        {
            "index": 25,
            "bbox": [
                [
                    1328,
                    143
                ],
                [
                    1328,
                    167
                ],
                [
                    1421,
                    167
                ],
                [
                    1421,
                    143
                ]
            ],
            "text": "metallic",
            "label": "I_Value",
            "links": []
        },
        {
            "index": 26,
            "bbox": [
                [
                    1424,
                    143
                ],
                [
                    1424,
                    167
                ],
                [
                    1476,
                    167
                ],
                [
                    1476,
                    143
                ]
            ],
            "text": "hose",
            "label": "I_Value",
            "links": []
        },
        {
            "index": 27,
            "bbox": [
                [
                    842,
                    180
                ],
                [
                    842,
                    204
                ],
                [
                    866,
                    204
                ],
                [
                    866,
                    180
                ]
            ],
            "text": "N",
            "label": "B_Value",
            "links": []
        },
        {
            "index": 28,
            "bbox": [
                [
                    842,
                    218
                ],
                [
                    842,
                    245
                ],
                [
                    913,
                    245
                ],
                [
                    913,
                    218
                ]
            ],
            "text": "Other",
            "label": "B_Value",
            "links": []
        },
        {
            "index": 29,
            "bbox": [
                [
                    842,
                    258
                ],
                [
                    842,
                    285
                ],
                [
                    913,
                    285
                ],
                [
                    913,
                    258
                ]
            ],
            "text": "Other",
            "label": "B_Value",
            "links": []
        },
        {
            "index": 30,
            "bbox": [
                [
                    842,
                    296
                ],
                [
                    842,
                    323
                ],
                [
                    862,
                    323
                ],
                [
                    862,
                    296
                ]
            ],
            "text": "Y",
            "label": "B_Value",
            "links": []
        },
        {
            "index": 31,
            "bbox": [
                [
                    838,
                    333
                ],
                [
                    838,
                    360
                ],
                [
                    865,
                    360
                ],
                [
                    865,
                    333
                ]
            ],
            "text": "Y",
            "label": "B_Value",
            "links": []
        },
        {
            "index": 32,
            "bbox": [
                [
                    92,
                    2206
                ],
                [
                    92,
                    2226
                ],
                [
                    381,
                    2226
                ],
                [
                    381,
                    2206
                ]
            ],
            "text": "electrification.us.abb.com",
            "label": "Out",
            "links": []
        },
        {
            "index": 33,
            "bbox": [
                [
                    92,
                    2244
                ],
                [
                    92,
                    2268
                ],
                [
                    179,
                    2268
                ],
                [
                    179,
                    2244
                ]
            ],
            "text": "Catalog",
            "label": "Out",
            "links": []
        },
        {
            "index": 34,
            "bbox": [
                [
                    182,
                    2244
                ],
                [
                    182,
                    2268
                ],
                [
                    221,
                    2268
                ],
                [
                    221,
                    2244
                ]
            ],
            "text": "No.",
            "label": "Out",
            "links": []
        },
        {
            "index": 35,
            "bbox": [
                [
                    224,
                    2244
                ],
                [
                    224,
                    2268
                ],
                [
                    289,
                    2268
                ],
                [
                    289,
                    2244
                ]
            ],
            "text": "5252",
            "label": "Out",
            "links": []
        },
        {
            "index": 36,
            "bbox": [
                [
                    1334,
                    2206
                ],
                [
                    1334,
                    2227
                ],
                [
                    1429,
                    2227
                ],
                [
                    1429,
                    2206
                ]
            ],
            "text": "Created",
            "label": "Out",
            "links": []
        },
        {
            "index": 37,
            "bbox": [
                [
                    1431,
                    2206
                ],
                [
                    1431,
                    2227
                ],
                [
                    1470,
                    2227
                ],
                [
                    1470,
                    2206
                ]
            ],
            "text": "on:",
            "label": "Out",
            "links": []
        },
        {
            "index": 38,
            "bbox": [
                [
                    1473,
                    2206
                ],
                [
                    1473,
                    2227
                ],
                [
                    1595,
                    2227
                ],
                [
                    1595,
                    2206
                ]
            ],
            "text": "05/31/2024",
            "label": "Out",
            "links": []
        },
        {
            "index": 39,
            "bbox": [
                [
                    1487,
                    2240
                ],
                [
                    1487,
                    2261
                ],
                [
                    1543,
                    2261
                ],
                [
                    1543,
                    2240
                ]
            ],
            "text": "Page",
            "label": "Out",
            "links": []
        },
        {
            "index": 40,
            "bbox": [
                [
                    1545,
                    2240
                ],
                [
                    1545,
                    2261
                ],
                [
                    1582,
                    2261
                ],
                [
                    1582,
                    2240
                ]
            ],
            "text": "No.",
            "label": "Out",
            "links": []
        },
        {
            "index": 41,
            "bbox": [
                [
                    1584,
                    2240
                ],
                [
                    1584,
                    2261
                ],
                [
                    1595,
                    2261
                ],
                [
                    1595,
                    2240
                ]
            ],
            "text": "2",
            "label": "Out",
            "links": []
        }
    ]
}