{
    "datasheet": [
        {
            "index": 0,
            "bbox": [
                [
                    77,
                    147
                ],
                [
                    77,
                    202
                ],
                [
                    237,
                    202
                ],
                [
                    237,
                    147
                ]
            ],
            "text": "D-DD",
            "label": "Out",
            "links": []
        },
        {
            "index": 1,
            "bbox": [
                [
                    169,
                    262
                ],
                [
                    169,
                    291
                ],
                [
                    194,
                    291
                ],
                [
                    194,
                    262
                ]
            ],
            "text": "D",
            "label": "Out",
            "links": []
        },
        {
            "index": 2,
            "bbox": [
                [
                    198,
                    262
                ],
                [
                    198,
                    291
                ],
                [
                    214,
                    291
                ],
                [
                    214,
                    262
                ]
            ],
            "text": "-",
            "label": "Out",
            "links": []
        },
        {
            "index": 3,
            "bbox": [
                [
                    323,
                    262
                ],
                [
                    323,
                    288
                ],
                [
                    339,
                    288
                ],
                [
                    339,
                    262
                ]
            ],
            "text": "D",
            "label": "Out",
            "links": []
        },
        {
            "index": 4,
            "bbox": [
                [
                    348,
                    262
                ],
                [
                    348,
                    291
                ],
                [
                    370,
                    291
                ],
                [
                    370,
                    262
                ]
            ],
            "text": "D",
            "label": "Out",
            "links": []
        },
        {
            "index": 5,
            "bbox": [
                [
                    93,
                    1324
                ],
                [
                    93,
                    1366
                ],
                [
                    232,
                    1366
                ],
                [
                    232,
                    1324
                ]
            ],
            "text": "Material",
            "label": "B_Section",
            "links": []
        },
        {
            "index": 6,
            "bbox": [
                [
                    236,
                    1324
                ],
                [
                    236,
                    1366
                ],
                [
                    476,
                    1366
                ],
                [
                    476,
                    1324
                ]
            ],
            "text": "Specifications",
            "label": "I_Section",
            "links": []
        },
        {
            "index": 7,
            "bbox": [
                [
                    89,
                    1391
                ],
                [
                    89,
                    1413
                ],
                [
                    168,
                    1413
                ],
                [
                    168,
                    1391
                ]
            ],
            "text": "Jacket",
            "label": "B_Prop",
            "links": []
        },
        {
            "index": 8,
            "bbox": [
                [
                    171,
                    1391
                ],
                [
                    171,
                    1413
                ],
                [
                    268,
                    1413
                ],
                [
                    268,
                    1391
                ]
            ],
            "text": "Material",
            "label": "I_Prop",
            "links": []
        },
        {
            "index": 9,
            "bbox": [
                [
                    89,
                    1442
                ],
                [
                    89,
                    1465
                ],
                [
                    152,
                    1465
                ],
                [
                    152,
                    1442
                ]
            ],
            "text": "Inner",
            "label": "B_Prop",
            "links": []
        },
        {
            "index": 10,
            "bbox": [
                [
                    155,
                    1442
                ],
                [
                    155,
                    1465
                ],
                [
                    233,
                    1465
                ],
                [
                    233,
                    1442
                ]
            ],
            "text": "Jacket",
            "label": "I_Prop",
            "links": []
        },
        {
            "index": 11,
            "bbox": [
                [
                    236,
                    1442
                ],
                [
                    236,
                    1465
                ],
                [
                    336,
                    1465
                ],
                [
                    336,
                    1442
                ]
            ],
            "text": "Material",
            "label": "I_Prop",
            "links": []
        },
        {
            "index": 12,
            "bbox": [
                [
                    543,
                    1391
                ],
                [
                    543,
                    1423
                ],
                [
                    599,
                    1423
                ],
                [
                    599,
                    1391
                ]
            ],
            "text": "High",
            "label": "B_Value",
            "links": []
        },
        {
            "index": 13,
            "bbox": [
                [
                    603,
                    1391
                ],
                [
                    603,
                    1423
                ],
                [
                    683,
                    1423
                ],
                [
                    683,
                    1391
                ]
            ],
            "text": "density",
            "label": "I_Value",
            "links": []
        },
        {
            "index": 14,
            "bbox": [
                [
                    687,
                    1391
                ],
                [
                    687,
                    1423
                ],
                [
                    823,
                    1423
                ],
                [
                    823,
                    1391
                ]
            ],
            "text": "polyethylene",
            "label": "I_Value",
            "links": []
        },
        {
            "index": 15,
            "bbox": [
                [
                    827,
                    1391
                ],
                [
                    827,
                    1423
                ],
                [
                    914,
                    1423
                ],
                [
                    914,
                    1391
                ]
            ],
            "text": "(HDPE)",
            "label": "I_Value",
            "links": []
        },
        {
            "index": 16,
            "bbox": [
                [
                    540,
                    1442
                ],
                [
                    540,
                    1474
                ],
                [
                    592,
                    1474
                ],
                [
                    592,
                    1442
                ]
            ],
            "text": "Low",
            "label": "B_Value",
            "links": []
        },
        {
            "index": 17,
            "bbox": [
                [
                    596,
                    1442
                ],
                [
                    596,
                    1474
                ],
                [
                    676,
                    1474
                ],
                [
                    676,
                    1442
                ]
            ],
            "text": "Smoke",
            "label": "I_Value",
            "links": []
        },
        {
            "index": 18,
            "bbox": [
                [
                    680,
                    1442
                ],
                [
                    680,
                    1474
                ],
                [
                    732,
                    1474
                ],
                [
                    732,
                    1442
                ]
            ],
            "text": "Zero",
            "label": "I_Value",
            "links": []
        },
        {
            "index": 19,
            "bbox": [
                [
                    736,
                    1442
                ],
                [
                    736,
                    1474
                ],
                [
                    828,
                    1474
                ],
                [
                    828,
                    1442
                ]
            ],
            "text": "Halogen",
            "label": "I_Value",
            "links": []
        },
        {
            "index": 20,
            "bbox": [
                [
                    832,
                    1442
                ],
                [
                    832,
                    1474
                ],
                [
                    914,
                    1474
                ],
                [
                    914,
                    1442
                ]
            ],
            "text": "(LSZH)",
            "label": "I_Value",
            "links": []
        },
        {
            "index": 21,
            "bbox": [
                [
                    89,
                    1554
                ],
                [
                    89,
                    1596
                ],
                [
                    346,
                    1596
                ],
                [
                    346,
                    1554
                ]
            ],
            "text": "Environmental",
            "label": "B_Section",
            "links": []
        },
        {
            "index": 22,
            "bbox": [
                [
                    351,
                    1554
                ],
                [
                    351,
                    1596
                ],
                [
                    587,
                    1596
                ],
                [
                    587,
                    1554
                ]
            ],
            "text": "Specifications",
            "label": "I_Section",
            "links": []
        },
        {
            "index": 23,
            "bbox": [
                [
                    93,
                    1621
                ],
                [
                    93,
                    1647
                ],
                [
                    204,
                    1647
                ],
                [
                    204,
                    1621
                ]
            ],
            "text": "Operating",
            "label": "B_Prop",
            "links": []
        },
        {
            "index": 24,
            "bbox": [
                [
                    207,
                    1621
                ],
                [
                    207,
                    1647
                ],
                [
                    358,
                    1647
                ],
                [
                    358,
                    1621
                ]
            ],
            "text": "Temperature",
            "label": "I_Prop",
            "links": []
        },
        {
            "index": 25,
            "bbox": [
                [
                    93,
                    1672
                ],
                [
                    93,
                    1698
                ],
                [
                    181,
                    1698
                ],
                [
                    181,
                    1672
                ]
            ],
            "text": "Storage",
            "label": "B_Prop",
            "links": []
        },
        {
            "index": 26,
            "bbox": [
                [
                    184,
                    1672
                ],
                [
                    184,
                    1698
                ],
                [
                    336,
                    1698
                ],
                [
                    336,
                    1672
                ]
            ],
            "text": "Temperature",
            "label": "I_Prop",
            "links": []
        },
        {
            "index": 27,
            "bbox": [
                [
                    89,
                    1724
                ],
                [
                    89,
                    1750
                ],
                [
                    157,
                    1750
                ],
                [
                    157,
                    1724
                ]
            ],
            "text": "Cable",
            "label": "B_Prop",
            "links": []
        },
        {
            "index": 28,
            "bbox": [
                [
                    161,
                    1724
                ],
                [
                    161,
                    1749
                ],
                [
                    308,
                    1749
                ],
                [
                    308,
                    1724
                ]
            ],
            "text": "Qualification",
            "label": "I_Prop",
            "links": []
        },
        {
            "index": 29,
            "bbox": [
                [
                    311,
                    1724
                ],
                [
                    311,
                    1750
                ],
                [
                    428,
                    1750
                ],
                [
                    428,
                    1724
                ]
            ],
            "text": "Standards",
            "label": "I_Prop",
            "links": []
        },
        {
            "index": 30,
            "bbox": [
                [
                    89,
                    1778
                ],
                [
                    89,
                    1797
                ],
                [
                    169,
                    1797
                ],
                [
                    169,
                    1778
                ]
            ],
            "text": "Jacket",
            "label": "B_Prop",
            "links": []
        },
        {
            "index": 31,
            "bbox": [
                [
                    172,
                    1778
                ],
                [
                    172,
                    1797
                ],
                [
                    208,
                    1797
                ],
                [
                    208,
                    1778
                ]
            ],
            "text": "UV",
            "label": "I_Prop",
            "links": []
        },
        {
            "index": 32,
            "bbox": [
                [
                    210,
                    1778
                ],
                [
                    210,
                    1797
                ],
                [
                    339,
                    1797
                ],
                [
                    339,
                    1778
                ]
            ],
            "text": "Resistance",
            "label": "I_Prop",
            "links": []
        },
        {
            "index": 33,
            "bbox": [
                [
                    77,
                    1842
                ],
                [
                    77,
                    1884
                ],
                [
                    98,
                    1884
                ],
                [
                    98,
                    1842
                ]
            ],
            "text": "*",
            "label": "Out",
            "links": []
        },
        {
            "index": 34,
            "bbox": [
                [
                    102,
                    1842
                ],
                [
                    102,
                    1884
                ],
                [
                    294,
                    1884
                ],
                [
                    294,
                    1842
                ]
            ],
            "text": "Footnotes",
            "label": "Out",
            "links": []
        },
        {
            "index": 35,
            "bbox": [
                [
                    546,
                    1618
                ],
                [
                    546,
                    1647
                ],
                [
                    582,
                    1647
                ],
                [
                    582,
                    1618
                ]
            ],
            "text": "-40",
            "label": "B_Value",
            "links": []
        },
        {
            "index": 36,
            "bbox": [
                [
                    586,
                    1618
                ],
                [
                    586,
                    1647
                ],
                [
                    611,
                    1647
                ],
                [
                    611,
                    1618
                ]
            ],
            "text": "°C",
            "label": "I_Value",
            "links": []
        },
        {
            "index": 37,
            "bbox": [
                [
                    615,
                    1618
                ],
                [
                    615,
                    1647
                ],
                [
                    644,
                    1647
                ],
                [
                    644,
                    1618
                ]
            ],
            "text": "to",
            "label": "I_Value",
            "links": []
        },
        {
            "index": 38,
            "bbox": [
                [
                    648,
                    1618
                ],
                [
                    648,
                    1647
                ],
                [
                    692,
                    1647
                ],
                [
                    692,
                    1618
                ]
            ],
            "text": "+70",
            "label": "I_Value",
            "links": []
        },
        {
            "index": 39,
            "bbox": [
                [
                    695,
                    1618
                ],
                [
                    695,
                    1647
                ],
                [
                    720,
                    1647
                ],
                [
                    720,
                    1618
                ]
            ],
            "text": "°C",
            "label": "I_Value",
            "links": []
        },
        {
            "index": 40,
            "bbox": [
                [
                    724,
                    1618
                ],
                [
                    724,
                    1647
                ],
                [
                    771,
                    1647
                ],
                [
                    771,
                    1618
                ]
            ],
            "text": "(-40",
            "label": "I_Value",
            "links": []
        },
        {
            "index": 41,
            "bbox": [
                [
                    774,
                    1618
                ],
                [
                    774,
                    1647
                ],
                [
                    799,
                    1647
                ],
                [
                    799,
                    1618
                ]
            ],
            "text": "°F",
            "label": "I_Value",
            "links": []
        },
        {
            "index": 42,
            "bbox": [
                [
                    803,
                    1618
                ],
                [
                    803,
                    1647
                ],
                [
                    828,
                    1647
                ],
                [
                    828,
                    1618
                ]
            ],
            "text": "to",
            "label": "I_Value",
            "links": []
        },
        {
            "index": 43,
            "bbox": [
                [
                    832,
                    1618
                ],
                [
                    832,
                    1647
                ],
                [
                    890,
                    1647
                ],
                [
                    890,
                    1618
                ]
            ],
            "text": "+158",
            "label": "I_Value",
            "links": []
        },
        {
            "index": 44,
            "bbox": [
                [
                    894,
                    1618
                ],
                [
                    894,
                    1647
                ],
                [
                    927,
                    1647
                ],
                [
                    927,
                    1618
                ]
            ],
            "text": "°F)",
            "label": "I_Value",
            "links": []
        },
        {
            "index": 45,
            "bbox": [
                [
                    546,
                    1672
                ],
                [
                    546,
                    1698
                ],
                [
                    585,
                    1698
                ],
                [
                    585,
                    1672
                ]
            ],
            "text": "-40",
            "label": "B_Value",
            "links": []
        },
        {
            "index": 46,
            "bbox": [
                [
                    588,
                    1672
                ],
                [
                    588,
                    1698
                ],
                [
                    614,
                    1698
                ],
                [
                    614,
                    1672
                ]
            ],
            "text": "°C",
            "label": "I_Value",
            "links": []
        },
        {
            "index": 47,
            "bbox": [
                [
                    617,
                    1672
                ],
                [
                    617,
                    1698
                ],
                [
                    643,
                    1698
                ],
                [
                    643,
                    1672
                ]
            ],
            "text": "to",
            "label": "I_Value",
            "links": []
        },
        {
            "index": 48,
            "bbox": [
                [
                    651,
                    1670
                ],
                [
                    651,
                    1696
                ],
                [
                    696,
                    1696
                ],
                [
                    696,
                    1670
                ]
            ],
            "text": "+70",
            "label": "I_Value",
            "links": []
        },
        {
            "index": 49,
            "bbox": [
                [
                    695,
                    1672
                ],
                [
                    695,
                    1698
                ],
                [
                    721,
                    1698
                ],
                [
                    721,
                    1672
                ]
            ],
            "text": "°C",
            "label": "I_Value",
            "links": []
        },
        {
            "index": 50,
            "bbox": [
                [
                    725,
                    1672
                ],
                [
                    725,
                    1698
                ],
                [
                    774,
                    1698
                ],
                [
                    774,
                    1672
                ]
            ],
            "text": "(-40",
            "label": "I_Value",
            "links": []
        },
        {
            "index": 51,
            "bbox": [
                [
                    777,
                    1672
                ],
                [
                    777,
                    1698
                ],
                [
                    800,
                    1698
                ],
                [
                    800,
                    1672
                ]
            ],
            "text": "°F",
            "label": "I_Value",
            "links": []
        },
        {
            "index": 52,
            "bbox": [
                [
                    803,
                    1672
                ],
                [
                    803,
                    1698
                ],
                [
                    829,
                    1698
                ],
                [
                    829,
                    1672
                ]
            ],
            "text": "to",
            "label": "I_Value",
            "links": []
        },
        {
            "index": 53,
            "bbox": [
                [
                    832,
                    1672
                ],
                [
                    832,
                    1698
                ],
                [
                    894,
                    1698
                ],
                [
                    894,
                    1672
                ]
            ],
            "text": "+158",
            "label": "I_Value",
            "links": []
        },
        {
            "index": 54,
            "bbox": [
                [
                    897,
                    1672
                ],
                [
                    897,
                    1698
                ],
                [
                    927,
                    1698
                ],
                [
                    927,
                    1672
                ]
            ],
            "text": "°F)",
            "label": "I_Value",
            "links": []
        },
        {
            "index": 55,
            "bbox": [
                [
                    540,
                    1724
                ],
                [
                    540,
                    1750
                ],
                [
                    584,
                    1750
                ],
                [
                    584,
                    1724
                ]
            ],
            "text": "IEC",
            "label": "B_Value",
            "links": []
        },
        {
            "index": 56,
            "bbox": [
                [
                    587,
                    1724
                ],
                [
                    587,
                    1750
                ],
                [
                    703,
                    1750
                ],
                [
                    703,
                    1724
                ]
            ],
            "text": "60794-1-2",
            "label": "I_Value",
            "links": []
        },
        {
            "index": 57,
            "bbox": [
                [
                    543,
                    1775
                ],
                [
                    543,
                    1804
                ],
                [
                    578,
                    1804
                ],
                [
                    578,
                    1775
                ]
            ],
            "text": "UV",
            "label": "B_Value",
            "links": []
        },
        {
            "index": 58,
            "bbox": [
                [
                    582,
                    1775
                ],
                [
                    582,
                    1804
                ],
                [
                    691,
                    1804
                ],
                [
                    691,
                    1775
                ]
            ],
            "text": "stabilized",
            "label": "I_Value",
            "links": []
        },
        {
            "index": 59,
            "bbox": [
                [
                    1553,
                    1941
                ],
                [
                    1553,
                    1957
                ],
                [
                    1593,
                    1957
                ],
                [
                    1593,
                    1941
                ]
            ],
            "text": "Page",
            "label": "Out",
            "links": []
        },
        {
            "index": 60,
            "bbox": [
                [
                    1595,
                    1941
                ],
                [
                    1595,
                    1957
                ],
                [
                    1607,
                    1957
                ],
                [
                    1607,
                    1941
                ]
            ],
            "text": "2",
            "label": "Out",
            "links": []
        },
        {
            "index": 61,
            "bbox": [
                [
                    1609,
                    1941
                ],
                [
                    1609,
                    1957
                ],
                [
                    1627,
                    1957
                ],
                [
                    1627,
                    1941
                ]
            ],
            "text": "of",
            "label": "Out",
            "links": []
        },
        {
            "index": 62,
            "bbox": [
                [
                    1629,
                    1941
                ],
                [
                    1629,
                    1957
                ],
                [
                    1639,
                    1957
                ],
                [
                    1639,
                    1941
                ]
            ],
            "text": "3",
            "label": "Out",
            "links": []
        },
        {
            "index": 63,
            "bbox": [
                [
                    86,
                    2078
                ],
                [
                    86,
                    2101
                ],
                [
                    146,
                    2101
                ],
                [
                    146,
                    2078
                ]
            ],
            "text": "©2024",
            "label": "Out",
            "links": []
        },
        {
            "index": 64,
            "bbox": [
                [
                    149,
                    2078
                ],
                [
                    149,
                    2101
                ],
                [
                    261,
                    2101
                ],
                [
                    261,
                    2078
                ]
            ],
            "text": "CommScope,",
            "label": "Out",
            "links": []
        },
        {
            "index": 65,
            "bbox": [
                [
                    264,
                    2078
                ],
                [
                    264,
                    2101
                ],
                [
                    296,
                    2101
                ],
                [
                    296,
                    2078
                ]
            ],
            "text": "Inc.",
            "label": "Out",
            "links": []
        },
        {
            "index": 66,
            "bbox": [
                [
                    299,
                    2078
                ],
                [
                    299,
                    2101
                ],
                [
                    322,
                    2101
                ],
                [
                    322,
                    2078
                ]
            ],
            "text": "All",
            "label": "Out",
            "links": []
        },
        {
            "index": 67,
            "bbox": [
                [
                    325,
                    2078
                ],
                [
                    325,
                    2101
                ],
                [
                    374,
                    2101
                ],
                [
                    374,
                    2078
                ]
            ],
            "text": "rights",
            "label": "Out",
            "links": []
        },
        {
            "index": 68,
            "bbox": [
                [
                    376,
                    2078
                ],
                [
                    376,
                    2101
                ],
                [
                    456,
                    2101
                ],
                [
                    456,
                    2078
                ]
            ],
            "text": "reserved.",
            "label": "Out",
            "links": []
        },
        {
            "index": 69,
            "bbox": [
                [
                    460,
                    2078
                ],
                [
                    460,
                    2101
                ],
                [
                    566,
                    2101
                ],
                [
                    566,
                    2078
                ]
            ],
            "text": "CommScope",
            "label": "Out",
            "links": []
        },
        {
            "index": 70,
            "bbox": [
                [
                    569,
                    2078
                ],
                [
                    569,
                    2101
                ],
                [
                    603,
                    2101
                ],
                [
                    603,
                    2078
                ]
            ],
            "text": "and",
            "label": "Out",
            "links": []
        },
        {
            "index": 71,
            "bbox": [
                [
                    606,
                    2078
                ],
                [
                    606,
                    2101
                ],
                [
                    635,
                    2101
                ],
                [
                    635,
                    2078
                ]
            ],
            "text": "the",
            "label": "Out",
            "links": []
        },
        {
            "index": 72,
            "bbox": [
                [
                    638,
                    2078
                ],
                [
                    638,
                    2101
                ],
                [
                    747,
                    2101
                ],
                [
                    747,
                    2078
                ]
            ],
            "text": "CommScope",
            "label": "Out",
            "links": []
        },
        {
            "index": 73,
            "bbox": [
                [
                    750,
                    2078
                ],
                [
                    750,
                    2101
                ],
                [
                    787,
                    2101
                ],
                [
                    787,
                    2078
                ]
            ],
            "text": "logo",
            "label": "Out",
            "links": []
        },
        {
            "index": 74,
            "bbox": [
                [
                    790,
                    2078
                ],
                [
                    790,
                    2101
                ],
                [
                    819,
                    2101
                ],
                [
                    819,
                    2078
                ]
            ],
            "text": "are",
            "label": "Out",
            "links": []
        },
        {
            "index": 75,
            "bbox": [
                [
                    822,
                    2078
                ],
                [
                    822,
                    2101
                ],
                [
                    905,
                    2101
                ],
                [
                    905,
                    2078
                ]
            ],
            "text": "registered",
            "label": "Out",
            "links": []
        },
        {
            "index": 76,
            "bbox": [
                [
                    908,
                    2078
                ],
                [
                    908,
                    2101
                ],
                [
                    1009,
                    2101
                ],
                [
                    1009,
                    2078
                ]
            ],
            "text": "trademarks",
            "label": "Out",
            "links": []
        },
        {
            "index": 77,
            "bbox": [
                [
                    1012,
                    2078
                ],
                [
                    1012,
                    2101
                ],
                [
                    1029,
                    2101
                ],
                [
                    1029,
                    2078
                ]
            ],
            "text": "of",
            "label": "Out",
            "links": []
        },
        {
            "index": 78,
            "bbox": [
                [
                    1032,
                    2078
                ],
                [
                    1032,
                    2101
                ],
                [
                    1141,
                    2101
                ],
                [
                    1141,
                    2078
                ]
            ],
            "text": "CommScope",
            "label": "Out",
            "links": []
        },
        {
            "index": 79,
            "bbox": [
                [
                    1144,
                    2078
                ],
                [
                    1144,
                    2101
                ],
                [
                    1201,
                    2101
                ],
                [
                    1201,
                    2078
                ]
            ],
            "text": "and/or",
            "label": "Out",
            "links": []
        },
        {
            "index": 80,
            "bbox": [
                [
                    1204,
                    2078
                ],
                [
                    1204,
                    2101
                ],
                [
                    1230,
                    2101
                ],
                [
                    1230,
                    2078
                ]
            ],
            "text": "its",
            "label": "Out",
            "links": []
        },
        {
            "index": 81,
            "bbox": [
                [
                    86,
                    2104
                ],
                [
                    86,
                    2123
                ],
                [
                    159,
                    2123
                ],
                [
                    159,
                    2104
                ]
            ],
            "text": "affiliates",
            "label": "Out",
            "links": []
        },
        {
            "index": 82,
            "bbox": [
                [
                    162,
                    2104
                ],
                [
                    162,
                    2123
                ],
                [
                    179,
                    2123
                ],
                [
                    179,
                    2104
                ]
            ],
            "text": "in",
            "label": "Out",
            "links": []
        },
        {
            "index": 83,
            "bbox": [
                [
                    181,
                    2104
                ],
                [
                    181,
                    2123
                ],
                [
                    212,
                    2123
                ],
                [
                    212,
                    2104
                ]
            ],
            "text": "the",
            "label": "Out",
            "links": []
        },
        {
            "index": 84,
            "bbox": [
                [
                    214,
                    2104
                ],
                [
                    214,
                    2123
                ],
                [
                    250,
                    2123
                ],
                [
                    250,
                    2104
                ]
            ],
            "text": "U.S.",
            "label": "Out",
            "links": []
        },
        {
            "index": 85,
            "bbox": [
                [
                    252,
                    2104
                ],
                [
                    252,
                    2123
                ],
                [
                    285,
                    2123
                ],
                [
                    285,
                    2104
                ]
            ],
            "text": "and",
            "label": "Out",
            "links": []
        },
        {
            "index": 86,
            "bbox": [
                [
                    288,
                    2104
                ],
                [
                    288,
                    2123
                ],
                [
                    333,
                    2123
                ],
                [
                    333,
                    2104
                ]
            ],
            "text": "other",
            "label": "Out",
            "links": []
        },
        {
            "index": 87,
            "bbox": [
                [
                    335,
                    2104
                ],
                [
                    335,
                    2123
                ],
                [
                    421,
                    2123
                ],
                [
                    421,
                    2104
                ]
            ],
            "text": "countries.",
            "label": "Out",
            "links": []
        },
        {
            "index": 88,
            "bbox": [
                [
                    423,
                    2104
                ],
                [
                    423,
                    2123
                ],
                [
                    452,
                    2123
                ],
                [
                    452,
                    2104
                ]
            ],
            "text": "For",
            "label": "Out",
            "links": []
        },
        {
            "index": 89,
            "bbox": [
                [
                    454,
                    2104
                ],
                [
                    454,
                    2123
                ],
                [
                    540,
                    2123
                ],
                [
                    540,
                    2104
                ]
            ],
            "text": "additional",
            "label": "Out",
            "links": []
        },
        {
            "index": 90,
            "bbox": [
                [
                    542,
                    2104
                ],
                [
                    542,
                    2123
                ],
                [
                    630,
                    2123
                ],
                [
                    630,
                    2104
                ]
            ],
            "text": "trademark",
            "label": "Out",
            "links": []
        },
        {
            "index": 91,
            "bbox": [
                [
                    632,
                    2104
                ],
                [
                    632,
                    2123
                ],
                [
                    732,
                    2123
                ],
                [
                    732,
                    2104
                ]
            ],
            "text": "information",
            "label": "Out",
            "links": []
        },
        {
            "index": 92,
            "bbox": [
                [
                    734,
                    2104
                ],
                [
                    734,
                    2123
                ],
                [
                    765,
                    2123
                ],
                [
                    765,
                    2104
                ]
            ],
            "text": "see",
            "label": "Out",
            "links": []
        },
        {
            "index": 93,
            "bbox": [
                [
                    768,
                    2104
                ],
                [
                    768,
                    2123
                ],
                [
                    1134,
                    2123
                ],
                [
                    1134,
                    2104
                ]
            ],
            "text": "https://www.commscope.com/trademarks.",
            "label": "Out",
            "links": []
        },
        {
            "index": 94,
            "bbox": [
                [
                    1136,
                    2104
                ],
                [
                    1136,
                    2123
                ],
                [
                    1160,
                    2123
                ],
                [
                    1160,
                    2104
                ]
            ],
            "text": "All",
            "label": "Out",
            "links": []
        },
        {
            "index": 95,
            "bbox": [
                [
                    1162,
                    2104
                ],
                [
                    1162,
                    2123
                ],
                [
                    1228,
                    2123
                ],
                [
                    1228,
                    2104
                ]
            ],
            "text": "product",
            "label": "Out",
            "links": []
        },
        {
            "index": 96,
            "bbox": [
                [
                    1231,
                    2104
                ],
                [
                    1231,
                    2123
                ],
                [
                    1294,
                    2123
                ],
                [
                    1294,
                    2104
                ]
            ],
            "text": "names,",
            "label": "Out",
            "links": []
        },
        {
            "index": 97,
            "bbox": [
                [
                    83,
                    2130
                ],
                [
                    83,
                    2152
                ],
                [
                    182,
                    2152
                ],
                [
                    182,
                    2130
                ]
            ],
            "text": "trademarks",
            "label": "Out",
            "links": []
        },
        {
            "index": 98,
            "bbox": [
                [
                    185,
                    2130
                ],
                [
                    185,
                    2152
                ],
                [
                    218,
                    2152
                ],
                [
                    218,
                    2130
                ]
            ],
            "text": "and",
            "label": "Out",
            "links": []
        },
        {
            "index": 99,
            "bbox": [
                [
                    221,
                    2130
                ],
                [
                    221,
                    2152
                ],
                [
                    306,
                    2152
                ],
                [
                    306,
                    2130
                ]
            ],
            "text": "registered",
            "label": "Out",
            "links": []
        },
        {
            "index": 100,
            "bbox": [
                [
                    309,
                    2130
                ],
                [
                    309,
                    2152
                ],
                [
                    408,
                    2152
                ],
                [
                    408,
                    2130
                ]
            ],
            "text": "trademarks",
            "label": "Out",
            "links": []
        },
        {
            "index": 101,
            "bbox": [
                [
                    410,
                    2130
                ],
                [
                    410,
                    2152
                ],
                [
                    437,
                    2152
                ],
                [
                    437,
                    2130
                ]
            ],
            "text": "are",
            "label": "Out",
            "links": []
        },
        {
            "index": 102,
            "bbox": [
                [
                    440,
                    2130
                ],
                [
                    440,
                    2152
                ],
                [
                    511,
                    2152
                ],
                [
                    511,
                    2130
                ]
            ],
            "text": "property",
            "label": "Out",
            "links": []
        },
        {
            "index": 103,
            "bbox": [
                [
                    515,
                    2130
                ],
                [
                    515,
                    2152
                ],
                [
                    534,
                    2152
                ],
                [
                    534,
                    2130
                ]
            ],
            "text": "of",
            "label": "Out",
            "links": []
        },
        {
            "index": 104,
            "bbox": [
                [
                    537,
                    2130
                ],
                [
                    537,
                    2152
                ],
                [
                    575,
                    2152
                ],
                [
                    575,
                    2130
                ]
            ],
            "text": "their",
            "label": "Out",
            "links": []
        },
        {
            "index": 105,
            "bbox": [
                [
                    578,
                    2130
                ],
                [
                    578,
                    2152
                ],
                [
                    666,
                    2152
                ],
                [
                    666,
                    2130
                ]
            ],
            "text": "respective",
            "label": "Out",
            "links": []
        },
        {
            "index": 106,
            "bbox": [
                [
                    669,
                    2130
                ],
                [
                    669,
                    2152
                ],
                [
                    738,
                    2152
                ],
                [
                    738,
                    2130
                ]
            ],
            "text": "owners.",
            "label": "Out",
            "links": []
        },
        {
            "index": 107,
            "bbox": [
                [
                    740,
                    2130
                ],
                [
                    740,
                    2152
                ],
                [
                    811,
                    2152
                ],
                [
                    811,
                    2130
                ]
            ],
            "text": "Revised:",
            "label": "Out",
            "links": []
        },
        {
            "index": 108,
            "bbox": [
                [
                    815,
                    2130
                ],
                [
                    815,
                    2152
                ],
                [
                    889,
                    2152
                ],
                [
                    889,
                    2130
                ]
            ],
            "text": "February",
            "label": "Out",
            "links": []
        },
        {
            "index": 109,
            "bbox": [
                [
                    892,
                    2130
                ],
                [
                    892,
                    2152
                ],
                [
                    919,
                    2152
                ],
                [
                    919,
                    2130
                ]
            ],
            "text": "22,",
            "label": "Out",
            "links": []
        },
        {
            "index": 110,
            "bbox": [
                [
                    922,
                    2130
                ],
                [
                    922,
                    2152
                ],
                [
                    968,
                    2152
                ],
                [
                    968,
                    2130
                ]
            ],
            "text": "2024",
            "label": "Out",
            "links": []
        },
        {
            "index": 111,
            "bbox": [
                [
                    1333,
                    2085
                ],
                [
                    1333,
                    2133
                ],
                [
                    1649,
                    2133
                ],
                [
                    1649,
                    2085
                ]
            ],
            "text": "COMMSCOPE®",
            "label": "Out",
            "links": []
        }
    ]
}