{
    "datasheet": [
        {
            "index": 0,
            "bbox": [
                [
                    1398,
                    102
                ],
                [
                    1398,
                    173
                ],
                [
                    1578,
                    173
                ],
                [
                    1578,
                    102
                ]
            ],
            "text": "ABB",
            "label": "Out",
            "links": []
        },
        {
            "index": 1,
            "bbox": [
                [
                    516,
                    289
                ],
                [
                    516,
                    323
                ],
                [
                    643,
                    323
                ],
                [
                    643,
                    289
                ]
            ],
            "text": "Catalog",
            "label": "B_Descri",
            "links": []
        },
        {
            "index": 2,
            "bbox": [
                [
                    647,
                    289
                ],
                [
                    647,
                    323
                ],
                [
                    702,
                    323
                ],
                [
                    702,
                    289
                ]
            ],
            "text": "No.",
            "label": "I_Descri",
            "links": []
        },
        {
            "index": 3,
            "bbox": [
                [
                    707,
                    289
                ],
                [
                    707,
                    323
                ],
                [
                    788,
                    323
                ],
                [
                    788,
                    289
                ]
            ],
            "text": "5252",
            "label": "I_Descri",
            "links": []
        },
        {
            "index": 4,
            "bbox": [
                [
                    519,
                    347
                ],
                [
                    519,
                    367
                ],
                [
                    654,
                    367
                ],
                [
                    654,
                    347
                ]
            ],
            "text": "Description:",
            "label": "B_Descri",
            "links": []
        },
        {
            "index": 5,
            "bbox": [
                [
                    657,
                    347
                ],
                [
                    657,
                    367
                ],
                [
                    697,
                    367
                ],
                [
                    697,
                    347
                ]
            ],
            "text": "1/2",
            "label": "I_Descri",
            "links": []
        },
        {
            "index": 6,
            "bbox": [
                [
                    700,
                    347
                ],
                [
                    700,
                    367
                ],
                [
                    827,
                    367
                ],
                [
                    827,
                    347
                ]
            ],
            "text": "NON-INSUL",
            "label": "I_Descri",
            "links": []
        },
        {
            "index": 7,
            "bbox": [
                [
                    829,
                    347
                ],
                [
                    829,
                    367
                ],
                [
                    859,
                    367
                ],
                [
                    859,
                    347
                ]
            ],
            "text": "90",
            "label": "I_Descri",
            "links": []
        },
        {
            "index": 8,
            "bbox": [
                [
                    862,
                    347
                ],
                [
                    862,
                    367
                ],
                [
                    912,
                    367
                ],
                [
                    912,
                    347
                ]
            ],
            "text": "DEG",
            "label": "I_Descri",
            "links": []
        },
        {
            "index": 9,
            "bbox": [
                [
                    914,
                    347
                ],
                [
                    914,
                    367
                ],
                [
                    944,
                    367
                ],
                [
                    944,
                    347
                ]
            ],
            "text": "LT",
            "label": "I_Descri",
            "links": []
        },
        {
            "index": 10,
            "bbox": [
                [
                    947,
                    347
                ],
                [
                    947,
                    367
                ],
                [
                    1012,
                    367
                ],
                [
                    1012,
                    347
                ]
            ],
            "text": "CONN",
            "label": "I_Descri",
            "links": []
        },
        {
            "index": 11,
            "bbox": [
                [
                    516,
                    408
                ],
                [
                    516,
                    429
                ],
                [
                    566,
                    429
                ],
                [
                    566,
                    408
                ]
            ],
            "text": "UPC",
            "label": "B_Descri",
            "links": []
        },
        {
            "index": 12,
            "bbox": [
                [
                    568,
                    408
                ],
                [
                    568,
                    429
                ],
                [
                    602,
                    429
                ],
                [
                    602,
                    408
                ]
            ],
            "text": "No",
            "label": "I_Descri",
            "links": []
        },
        {
            "index": 13,
            "bbox": [
                [
                    605,
                    408
                ],
                [
                    605,
                    429
                ],
                [
                    771,
                    429
                ],
                [
                    771,
                    408
                ]
            ],
            "text": "786210052526",
            "label": "B_Ref",
            "links": []
        },
        {
            "index": 14,
            "bbox": [
                [
                    519,
                    476
                ],
                [
                    519,
                    500
                ],
                [
                    585,
                    500
                ],
                [
                    585,
                    476
                ]
            ],
            "text": "Home",
            "label": "B_Descri",
            "links": []
        },
        {
            "index": 15,
            "bbox": [
                [
                    589,
                    476
                ],
                [
                    589,
                    500
                ],
                [
                    607,
                    500
                ],
                [
                    607,
                    476
                ]
            ],
            "text": ">",
            "label": "I_Descri",
            "links": []
        },
        {
            "index": 16,
            "bbox": [
                [
                    610,
                    476
                ],
                [
                    610,
                    500
                ],
                [
                    676,
                    500
                ],
                [
                    676,
                    476
                ]
            ],
            "text": "Cable",
            "label": "I_Descri",
            "links": []
        },
        {
            "index": 17,
            "bbox": [
                [
                    679,
                    476
                ],
                [
                    679,
                    500
                ],
                [
                    799,
                    500
                ],
                [
                    799,
                    476
                ]
            ],
            "text": "Protection",
            "label": "I_Descri",
            "links": []
        },
        {
            "index": 18,
            "bbox": [
                [
                    802,
                    476
                ],
                [
                    802,
                    500
                ],
                [
                    898,
                    500
                ],
                [
                    898,
                    476
                ]
            ],
            "text": "Systems",
            "label": "I_Descri",
            "links": []
        },
        {
            "index": 19,
            "bbox": [
                [
                    900,
                    476
                ],
                [
                    900,
                    500
                ],
                [
                    918,
                    500
                ],
                [
                    918,
                    476
                ]
            ],
            "text": ">",
            "label": "I_Descri",
            "links": []
        },
        {
            "index": 20,
            "bbox": [
                [
                    921,
                    476
                ],
                [
                    921,
                    500
                ],
                [
                    969,
                    500
                ],
                [
                    969,
                    476
                ]
            ],
            "text": "T&B",
            "label": "I_Descri",
            "links": []
        },
        {
            "index": 21,
            "bbox": [
                [
                    972,
                    476
                ],
                [
                    972,
                    500
                ],
                [
                    1098,
                    500
                ],
                [
                    1098,
                    476
                ]
            ],
            "text": "Liquidtight",
            "label": "I_Descri",
            "links": []
        },
        {
            "index": 22,
            "bbox": [
                [
                    1101,
                    476
                ],
                [
                    1101,
                    500
                ],
                [
                    1191,
                    500
                ],
                [
                    1191,
                    476
                ]
            ],
            "text": "Fittings",
            "label": "I_Descri",
            "links": []
        },
        {
            "index": 23,
            "bbox": [
                [
                    1194,
                    476
                ],
                [
                    1194,
                    500
                ],
                [
                    1209,
                    500
                ],
                [
                    1209,
                    476
                ]
            ],
            "text": ">",
            "label": "I_Descri",
            "links": []
        },
        {
            "index": 24,
            "bbox": [
                [
                    1212,
                    476
                ],
                [
                    1212,
                    500
                ],
                [
                    1284,
                    500
                ],
                [
                    1284,
                    476
                ]
            ],
            "text": "Liquid",
            "label": "I_Descri",
            "links": []
        },
        {
            "index": 25,
            "bbox": [
                [
                    1287,
                    476
                ],
                [
                    1287,
                    500
                ],
                [
                    1344,
                    500
                ],
                [
                    1344,
                    476
                ]
            ],
            "text": "tight",
            "label": "I_Descri",
            "links": []
        },
        {
            "index": 26,
            "bbox": [
                [
                    1347,
                    476
                ],
                [
                    1347,
                    500
                ],
                [
                    1473,
                    500
                ],
                [
                    1473,
                    476
                ]
            ],
            "text": "connectors",
            "label": "I_Descri",
            "links": []
        },
        {
            "index": 27,
            "bbox": [
                [
                    516,
                    547
                ],
                [
                    516,
                    571
                ],
                [
                    625,
                    571
                ],
                [
                    625,
                    547
                ]
            ],
            "text": "Liquidtight",
            "label": "B_Descri",
            "links": []
        },
        {
            "index": 28,
            "bbox": [
                [
                    628,
                    548
                ],
                [
                    628,
                    571
                ],
                [
                    708,
                    571
                ],
                [
                    708,
                    548
                ]
            ],
            "text": "Conduit",
            "label": "I_Descri",
            "links": []
        },
        {
            "index": 29,
            "bbox": [
                [
                    711,
                    548
                ],
                [
                    711,
                    571
                ],
                [
                    780,
                    571
                ],
                [
                    780,
                    548
                ]
            ],
            "text": "Fitting,",
            "label": "I_Descri",
            "links": []
        },
        {
            "index": 30,
            "bbox": [
                [
                    783,
                    548
                ],
                [
                    783,
                    571
                ],
                [
                    812,
                    571
                ],
                [
                    812,
                    548
                ]
            ],
            "text": "90",
            "label": "I_Descri",
            "links": []
        },
        {
            "index": 31,
            "bbox": [
                [
                    815,
                    548
                ],
                [
                    815,
                    571
                ],
                [
                    890,
                    571
                ],
                [
                    890,
                    548
                ]
            ],
            "text": "Degree",
            "label": "I_Descri",
            "links": []
        },
        {
            "index": 32,
            "bbox": [
                [
                    892,
                    548
                ],
                [
                    892,
                    571
                ],
                [
                    926,
                    571
                ],
                [
                    926,
                    548
                ]
            ],
            "text": "1/2",
            "label": "I_Descri",
            "links": []
        },
        {
            "index": 33,
            "bbox": [
                [
                    929,
                    548
                ],
                [
                    929,
                    571
                ],
                [
                    978,
                    571
                ],
                [
                    978,
                    548
                ]
            ],
            "text": "Inch,",
            "label": "I_Descri",
            "links": []
        },
        {
            "index": 34,
            "bbox": [
                [
                    981,
                    548
                ],
                [
                    981,
                    571
                ],
                [
                    1122,
                    571
                ],
                [
                    1122,
                    548
                ]
            ],
            "text": "Non-Insulated",
            "label": "I_Descri",
            "links": []
        },
        {
            "index": 35,
            "bbox": [
                [
                    1125,
                    548
                ],
                [
                    1125,
                    571
                ],
                [
                    1220,
                    571
                ],
                [
                    1220,
                    548
                ]
            ],
            "text": "Malleable",
            "label": "I_Descri",
            "links": []
        },
        {
            "index": 36,
            "bbox": [
                [
                    1223,
                    547
                ],
                [
                    1223,
                    571
                ],
                [
                    1267,
                    571
                ],
                [
                    1267,
                    547
                ]
            ],
            "text": "Iron",
            "label": "I_Descri",
            "links": []
        },
        {
            "index": 37,
            "bbox": [
                [
                    75,
                    619
                ],
                [
                    75,
                    643
                ],
                [
                    225,
                    643
                ],
                [
                    225,
                    619
                ]
            ],
            "text": "Representative",
            "label": "Out",
            "links": []
        },
        {
            "index": 38,
            "bbox": [
                [
                    228,
                    619
                ],
                [
                    228,
                    643
                ],
                [
                    295,
                    643
                ],
                [
                    295,
                    619
                ]
            ],
            "text": "Image",
            "label": "Out",
            "links": []
        },
        {
            "index": 39,
            "bbox": [
                [
                    68,
                    758
                ],
                [
                    68,
                    778
                ],
                [
                    217,
                    778
                ],
                [
                    217,
                    758
                ]
            ],
            "text": "Descriptors",
            "label": "B_Section",
            "links": []
        },
        {
            "index": 40,
            "bbox": [
                [
                    67,
                    821
                ],
                [
                    67,
                    846
                ],
                [
                    173,
                    846
                ],
                [
                    173,
                    821
                ]
            ],
            "text": "Category",
            "label": "B_Prop",
            "links": []
        },
        {
            "index": 41,
            "bbox": [
                [
                    68,
                    860
                ],
                [
                    68,
                    887
                ],
                [
                    126,
                    887
                ],
                [
                    126,
                    860
                ]
            ],
            "text": "Туре",
            "label": "B_Prop",
            "links": []
        },
        {
            "index": 42,
            "bbox": [
                [
                    68,
                    904
                ],
                [
                    68,
                    929
                ],
                [
                    194,
                    929
                ],
                [
                    194,
                    904
                ]
            ],
            "text": "Application",
            "label": "B_Prop",
            "links": []
        },
        {
            "index": 43,
            "bbox": [
                [
                    842,
                    819
                ],
                [
                    842,
                    850
                ],
                [
                    913,
                    850
                ],
                [
                    913,
                    819
                ]
            ],
            "text": "Liquid",
            "label": "B_Value",
            "links": []
        },
        {
            "index": 44,
            "bbox": [
                [
                    916,
                    820
                ],
                [
                    916,
                    850
                ],
                [
                    972,
                    850
                ],
                [
                    972,
                    820
                ]
            ],
            "text": "tight",
            "label": "I_Value",
            "links": []
        },
        {
            "index": 45,
            "bbox": [
                [
                    976,
                    819
                ],
                [
                    976,
                    850
                ],
                [
                    1103,
                    850
                ],
                [
                    1103,
                    819
                ]
            ],
            "text": "connectors",
            "label": "I_Value",
            "links": []
        },
        {
            "index": 46,
            "bbox": [
                [
                    838,
                    857
                ],
                [
                    838,
                    888
                ],
                [
                    1012,
                    888
                ],
                [
                    1012,
                    857
                ]
            ],
            "text": "Connectors-90",
            "label": "B_Value",
            "links": []
        },
        {
            "index": 47,
            "bbox": [
                [
                    1017,
                    857
                ],
                [
                    1017,
                    888
                ],
                [
                    1100,
                    888
                ],
                [
                    1100,
                    857
                ]
            ],
            "text": "Degree",
            "label": "B_Unit",
            "links": []
        },
        {
            "index": 48,
            "bbox": [
                [
                    838,
                    887
                ],
                [
                    838,
                    918
                ],
                [
                    902,
                    918
                ],
                [
                    902,
                    887
                ]
            ],
            "text": "Used",
            "label": "B_Value",
            "links": []
        },
        {
            "index": 49,
            "bbox": [
                [
                    906,
                    888
                ],
                [
                    906,
                    918
                ],
                [
                    977,
                    918
                ],
                [
                    977,
                    888
                ]
            ],
            "text": "where",
            "label": "I_Value",
            "links": []
        },
        {
            "index": 50,
            "bbox": [
                [
                    981,
                    888
                ],
                [
                    981,
                    918
                ],
                [
                    1067,
                    918
                ],
                [
                    1067,
                    888
                ]
            ],
            "text": "flexible",
            "label": "I_Value",
            "links": []
        },
        {
            "index": 51,
            "bbox": [
                [
                    1071,
                    888
                ],
                [
                    1071,
                    918
                ],
                [
                    1138,
                    918
                ],
                [
                    1138,
                    888
                ]
            ],
            "text": "metal",
            "label": "I_Value",
            "links": []
        },
        {
            "index": 52,
            "bbox": [
                [
                    1142,
                    888
                ],
                [
                    1142,
                    918
                ],
                [
                    1239,
                    918
                ],
                [
                    1239,
                    888
                ]
            ],
            "text": "raceway",
            "label": "I_Value",
            "links": []
        },
        {
            "index": 53,
            "bbox": [
                [
                    1243,
                    888
                ],
                [
                    1243,
                    918
                ],
                [
                    1262,
                    918
                ],
                [
                    1262,
                    888
                ]
            ],
            "text": "is",
            "label": "I_Value",
            "links": []
        },
        {
            "index": 54,
            "bbox": [
                [
                    1266,
                    888
                ],
                [
                    1266,
                    918
                ],
                [
                    1363,
                    918
                ],
                [
                    1363,
                    888
                ]
            ],
            "text": "installed",
            "label": "I_Value",
            "links": []
        },
        {
            "index": 55,
            "bbox": [
                [
                    1367,
                    888
                ],
                [
                    1367,
                    918
                ],
                [
                    1393,
                    918
                ],
                [
                    1393,
                    888
                ]
            ],
            "text": "in",
            "label": "I_Value",
            "links": []
        },
        {
            "index": 56,
            "bbox": [
                [
                    1397,
                    888
                ],
                [
                    1397,
                    918
                ],
                [
                    1487,
                    918
                ],
                [
                    1487,
                    888
                ]
            ],
            "text": "outdoor",
            "label": "I_Value",
            "links": []
        },
        {
            "index": 57,
            "bbox": [
                [
                    1491,
                    888
                ],
                [
                    1491,
                    918
                ],
                [
                    1517,
                    918
                ],
                [
                    1517,
                    888
                ]
            ],
            "text": "or",
            "label": "I_Value",
            "links": []
        },
        {
            "index": 58,
            "bbox": [
                [
                    1521,
                    887
                ],
                [
                    1521,
                    918
                ],
                [
                    1592,
                    918
                ],
                [
                    1592,
                    887
                ]
            ],
            "text": "indoor",
            "label": "I_Value",
            "links": []
        },
        {
            "index": 59,
            "bbox": [
                [
                    838,
                    915
                ],
                [
                    838,
                    939
                ],
                [
                    949,
                    939
                ],
                [
                    949,
                    915
                ]
            ],
            "text": "locations",
            "label": "I_Value",
            "links": []
        },
        {
            "index": 60,
            "bbox": [
                [
                    952,
                    915
                ],
                [
                    952,
                    939
                ],
                [
                    1024,
                    939
                ],
                [
                    1024,
                    915
                ]
            ],
            "text": "where",
            "label": "I_Value",
            "links": []
        },
        {
            "index": 61,
            "bbox": [
                [
                    1027,
                    915
                ],
                [
                    1027,
                    939
                ],
                [
                    1126,
                    939
                ],
                [
                    1126,
                    915
                ]
            ],
            "text": "exposed",
            "label": "I_Value",
            "links": []
        },
        {
            "index": 62,
            "bbox": [
                [
                    1129,
                    915
                ],
                [
                    1129,
                    939
                ],
                [
                    1153,
                    939
                ],
                [
                    1153,
                    915
                ]
            ],
            "text": "to",
            "label": "I_Value",
            "links": []
        },
        {
            "index": 63,
            "bbox": [
                [
                    1156,
                    915
                ],
                [
                    1156,
                    939
                ],
                [
                    1285,
                    939
                ],
                [
                    1285,
                    915
                ]
            ],
            "text": "continuous",
            "label": "I_Value",
            "links": []
        },
        {
            "index": 64,
            "bbox": [
                [
                    1288,
                    915
                ],
                [
                    1288,
                    939
                ],
                [
                    1312,
                    939
                ],
                [
                    1312,
                    915
                ]
            ],
            "text": "or",
            "label": "I_Value",
            "links": []
        },
        {
            "index": 65,
            "bbox": [
                [
                    1315,
                    915
                ],
                [
                    1315,
                    939
                ],
                [
                    1453,
                    939
                ],
                [
                    1453,
                    915
                ]
            ],
            "text": "intermittent",
            "label": "I_Value",
            "links": []
        },
        {
            "index": 66,
            "bbox": [
                [
                    1456,
                    915
                ],
                [
                    1456,
                    939
                ],
                [
                    1565,
                    939
                ],
                [
                    1565,
                    915
                ]
            ],
            "text": "moisture.",
            "label": "I_Value",
            "links": []
        },
        {
            "index": 67,
            "bbox": [
                [
                    68,
                    1000
                ],
                [
                    68,
                    1024
                ],
                [
                    248,
                    1024
                ],
                [
                    248,
                    1000
                ]
            ],
            "text": "Specifications",
            "label": "B_Section",
            "links": []
        },
        {
            "index": 68,
            "bbox": [
                [
                    68,
                    1064
                ],
                [
                    68,
                    1084
                ],
                [
                    163,
                    1084
                ],
                [
                    163,
                    1064
                ]
            ],
            "text": "Material",
            "label": "B_Prop",
            "links": []
        },
        {
            "index": 69,
            "bbox": [
                [
                    68,
                    1102
                ],
                [
                    68,
                    1122
                ],
                [
                    136,
                    1122
                ],
                [
                    136,
                    1102
                ]
            ],
            "text": "Finish",
            "label": "B_Prop",
            "links": []
        },
        {
            "index": 70,
            "bbox": [
                [
                    71,
                    1193
                ],
                [
                    71,
                    1217
                ],
                [
                    251,
                    1217
                ],
                [
                    251,
                    1193
                ]
            ],
            "text": "Classifications",
            "label": "B_Section",
            "links": []
        },
        {
            "index": 71,
            "bbox": [
                [
                    68,
                    1257
                ],
                [
                    68,
                    1281
                ],
                [
                    137,
                    1281
                ],
                [
                    137,
                    1257
                ]
            ],
            "text": "Brand",
            "label": "B_Prop",
            "links": []
        },
        {
            "index": 72,
            "bbox": [
                [
                    140,
                    1257
                ],
                [
                    140,
                    1281
                ],
                [
                    211,
                    1281
                ],
                [
                    211,
                    1257
                ]
            ],
            "text": "Name",
            "label": "I_Prop",
            "links": []
        },
        {
            "index": 73,
            "bbox": [
                [
                    68,
                    1298
                ],
                [
                    68,
                    1319
                ],
                [
                    173,
                    1319
                ],
                [
                    173,
                    1298
                ]
            ],
            "text": "Standard",
            "label": "B_Prop",
            "links": []
        },
        {
            "index": 74,
            "bbox": [
                [
                    842,
                    1061
                ],
                [
                    842,
                    1085
                ],
                [
                    956,
                    1085
                ],
                [
                    956,
                    1061
                ]
            ],
            "text": "Malleable",
            "label": "B_Value",
            "links": []
        },
        {
            "index": 75,
            "bbox": [
                [
                    958,
                    1061
                ],
                [
                    958,
                    1085
                ],
                [
                    1004,
                    1085
                ],
                [
                    1004,
                    1061
                ]
            ],
            "text": "Iron",
            "label": "I_Value",
            "links": []
        },
        {
            "index": 76,
            "bbox": [
                [
                    842,
                    1098
                ],
                [
                    842,
                    1132
                ],
                [
                    927,
                    1132
                ],
                [
                    927,
                    1098
                ]
            ],
            "text": "Electro",
            "label": "B_Value",
            "links": []
        },
        {
            "index": 77,
            "bbox": [
                [
                    931,
                    1099
                ],
                [
                    931,
                    1133
                ],
                [
                    982,
                    1133
                ],
                [
                    982,
                    1099
                ]
            ],
            "text": "Zinc",
            "label": "I_Value",
            "links": []
        },
        {
            "index": 78,
            "bbox": [
                [
                    986,
                    1099
                ],
                [
                    986,
                    1133
                ],
                [
                    1177,
                    1133
                ],
                [
                    1177,
                    1099
                ]
            ],
            "text": "Plated/Chromate",
            "label": "I_Value",
            "links": []
        },
        {
            "index": 79,
            "bbox": [
                [
                    1181,
                    1098
                ],
                [
                    1181,
                    1132
                ],
                [
                    1266,
                    1132
                ],
                [
                    1266,
                    1098
                ]
            ],
            "text": "Coating",
            "label": "I_Value",
            "links": []
        },
        {
            "index": 80,
            "bbox": [
                [
                    828,
                    1254
                ],
                [
                    828,
                    1285
                ],
                [
                    894,
                    1285
                ],
                [
                    894,
                    1254
                ]
            ],
            "text": "T&B",
            "label": "B_Value",
            "links": []
        },
        {
            "index": 81,
            "bbox": [
                [
                    898,
                    1254
                ],
                [
                    898,
                    1285
                ],
                [
                    1022,
                    1285
                ],
                [
                    1022,
                    1254
                ]
            ],
            "text": "Liquidtight",
            "label": "I_Value",
            "links": []
        },
        {
            "index": 82,
            "bbox": [
                [
                    1026,
                    1254
                ],
                [
                    1026,
                    1285
                ],
                [
                    1110,
                    1285
                ],
                [
                    1110,
                    1254
                ]
            ],
            "text": "Fittings",
            "label": "I_Value",
            "links": []
        },
        {
            "index": 83,
            "bbox": [
                [
                    842,
                    1295
                ],
                [
                    842,
                    1326
                ],
                [
                    879,
                    1326
                ],
                [
                    879,
                    1295
                ]
            ],
            "text": "UL",
            "label": "B_Value",
            "links": []
        },
        {
            "index": 84,
            "bbox": [
                [
                    883,
                    1295
                ],
                [
                    883,
                    1325
                ],
                [
                    977,
                    1325
                ],
                [
                    977,
                    1295
                ]
            ],
            "text": "E23018,",
            "label": "I_Value",
            "links": []
        },
        {
            "index": 85,
            "bbox": [
                [
                    980,
                    1295
                ],
                [
                    980,
                    1326
                ],
                [
                    1028,
                    1326
                ],
                [
                    1028,
                    1295
                ]
            ],
            "text": "CSA",
            "label": "I_Value",
            "links": []
        },
        {
            "index": 86,
            "bbox": [
                [
                    71,
                    1390
                ],
                [
                    71,
                    1410
                ],
                [
                    217,
                    1410
                ],
                [
                    217,
                    1390
                ]
            ],
            "text": "Dimensions",
            "label": "B_Section",
            "links": []
        },
        {
            "index": 87,
            "bbox": [
                [
                    68,
                    1452
                ],
                [
                    68,
                    1472
                ],
                [
                    119,
                    1472
                ],
                [
                    119,
                    1452
                ]
            ],
            "text": "Size",
            "label": "B_Prop",
            "links": []
        },
        {
            "index": 88,
            "bbox": [
                [
                    835,
                    1451
                ],
                [
                    835,
                    1475
                ],
                [
                    882,
                    1475
                ],
                [
                    882,
                    1451
                ]
            ],
            "text": "1/2",
            "label": "B_Value",
            "links": []
        },
        {
            "index": 89,
            "bbox": [
                [
                    885,
                    1451
                ],
                [
                    885,
                    1475
                ],
                [
                    940,
                    1475
                ],
                [
                    940,
                    1451
                ]
            ],
            "text": "Inch",
            "label": "B_Unit",
            "links": []
        },
        {
            "index": 90,
            "bbox": [
                [
                    71,
                    1543
                ],
                [
                    71,
                    1567
                ],
                [
                    218,
                    1567
                ],
                [
                    218,
                    1543
                ]
            ],
            "text": "Compliance",
            "label": "B_Section",
            "links": []
        },
        {
            "index": 91,
            "bbox": [
                [
                    221,
                    1543
                ],
                [
                    221,
                    1567
                ],
                [
                    272,
                    1567
                ],
                [
                    272,
                    1543
                ]
            ],
            "text": "and",
            "label": "I_Section",
            "links": []
        },
        {
            "index": 92,
            "bbox": [
                [
                    275,
                    1543
                ],
                [
                    275,
                    1567
                ],
                [
                    445,
                    1567
                ],
                [
                    445,
                    1543
                ]
            ],
            "text": "Certifications",
            "label": "I_Section",
            "links": []
        },
        {
            "index": 93,
            "bbox": [
                [
                    68,
                    1608
                ],
                [
                    68,
                    1628
                ],
                [
                    132,
                    1628
                ],
                [
                    132,
                    1608
                ]
            ],
            "text": "ROHS",
            "label": "B_Prop",
            "links": []
        },
        {
            "index": 94,
            "bbox": [
                [
                    68,
                    1649
                ],
                [
                    68,
                    1669
                ],
                [
                    129,
                    1669
                ],
                [
                    129,
                    1649
                ]
            ],
            "text": "TSCA",
            "label": "B_Prop",
            "links": []
        },
        {
            "index": 95,
            "bbox": [
                [
                    839,
                    1604
                ],
                [
                    839,
                    1635
                ],
                [
                    924,
                    1635
                ],
                [
                    924,
                    1604
                ]
            ],
            "text": "RoHS3",
            "label": "B_Value",
            "links": []
        },
        {
            "index": 96,
            "bbox": [
                [
                    928,
                    1604
                ],
                [
                    928,
                    1635
                ],
                [
                    1046,
                    1635
                ],
                [
                    1046,
                    1604
                ]
            ],
            "text": "Compliant",
            "label": "I_Value",
            "links": []
        },
        {
            "index": 97,
            "bbox": [
                [
                    842,
                    1645
                ],
                [
                    842,
                    1676
                ],
                [
                    908,
                    1676
                ],
                [
                    908,
                    1645
                ]
            ],
            "text": "TSCA",
            "label": "B_Value",
            "links": []
        },
        {
            "index": 98,
            "bbox": [
                [
                    911,
                    1645
                ],
                [
                    911,
                    1676
                ],
                [
                    996,
                    1676
                ],
                [
                    996,
                    1645
                ]
            ],
            "text": "Section",
            "label": "I_Value",
            "links": []
        },
        {
            "index": 99,
            "bbox": [
                [
                    1000,
                    1646
                ],
                [
                    1000,
                    1677
                ],
                [
                    1050,
                    1677
                ],
                [
                    1050,
                    1646
                ]
            ],
            "text": "6(h)",
            "label": "I_Value",
            "links": []
        },
        {
            "index": 100,
            "bbox": [
                [
                    1054,
                    1645
                ],
                [
                    1054,
                    1676
                ],
                [
                    1171,
                    1676
                ],
                [
                    1171,
                    1645
                ]
            ],
            "text": "Compliant",
            "label": "I_Value",
            "links": []
        },
        {
            "index": 101,
            "bbox": [
                [
                    71,
                    1737
                ],
                [
                    71,
                    1761
                ],
                [
                    134,
                    1761
                ],
                [
                    134,
                    1737
                ]
            ],
            "text": "ETIM",
            "label": "B_Section",
            "links": []
        },
        {
            "index": 102,
            "bbox": [
                [
                    137,
                    1737
                ],
                [
                    137,
                    1761
                ],
                [
                    306,
                    1761
                ],
                [
                    306,
                    1737
                ]
            ],
            "text": "Classification",
            "label": "I_Section",
            "links": []
        },
        {
            "index": 103,
            "bbox": [
                [
                    68,
                    1788
                ],
                [
                    68,
                    1805
                ],
                [
                    126,
                    1805
                ],
                [
                    126,
                    1788
                ]
            ],
            "text": "ETIM",
            "label": "B_Prop",
            "links": []
        },
        {
            "index": 104,
            "bbox": [
                [
                    68,
                    1825
                ],
                [
                    68,
                    1846
                ],
                [
                    165,
                    1846
                ],
                [
                    165,
                    1825
                ]
            ],
            "text": "Nominal",
            "label": "B_Prop",
            "links": []
        },
        {
            "index": 105,
            "bbox": [
                [
                    168,
                    1825
                ],
                [
                    168,
                    1846
                ],
                [
                    213,
                    1846
                ],
                [
                    213,
                    1825
                ]
            ],
            "text": "size",
            "label": "I_Prop",
            "links": []
        },
        {
            "index": 106,
            "bbox": [
                [
                    215,
                    1825
                ],
                [
                    215,
                    1846
                ],
                [
                    241,
                    1846
                ],
                [
                    241,
                    1825
                ]
            ],
            "text": "in",
            "label": "I_Prop",
            "links": []
        },
        {
            "index": 107,
            "bbox": [
                [
                    244,
                    1825
                ],
                [
                    244,
                    1846
                ],
                [
                    296,
                    1846
                ],
                [
                    296,
                    1825
                ]
            ],
            "text": "inch",
            "label": "I_Prop",
            "links": []
        },
        {
            "index": 108,
            "bbox": [
                [
                    64,
                    1864
                ],
                [
                    64,
                    1885
                ],
                [
                    135,
                    1885
                ],
                [
                    135,
                    1864
                ]
            ],
            "text": "Model",
            "label": "B_Prop",
            "links": []
        },
        {
            "index": 109,
            "bbox": [
                [
                    68,
                    1904
                ],
                [
                    68,
                    1928
                ],
                [
                    180,
                    1928
                ],
                [
                    180,
                    1904
                ]
            ],
            "text": "Revolving",
            "label": "B_Prop",
            "links": []
        },
        {
            "index": 110,
            "bbox": [
                [
                    183,
                    1904
                ],
                [
                    183,
                    1928
                ],
                [
                    261,
                    1928
                ],
                [
                    261,
                    1904
                ]
            ],
            "text": "thread",
            "label": "I_Prop",
            "links": []
        },
        {
            "index": 111,
            "bbox": [
                [
                    68,
                    1941
                ],
                [
                    68,
                    1965
                ],
                [
                    212,
                    1965
                ],
                [
                    212,
                    1941
                ]
            ],
            "text": "Construction",
            "label": "B_Prop",
            "links": []
        },
        {
            "index": 112,
            "bbox": [
                [
                    215,
                    1941
                ],
                [
                    215,
                    1965
                ],
                [
                    272,
                    1965
                ],
                [
                    272,
                    1941
                ]
            ],
            "text": "type",
            "label": "I_Prop",
            "links": []
        },
        {
            "index": 113,
            "bbox": [
                [
                    68,
                    1983
                ],
                [
                    68,
                    2007
                ],
                [
                    197,
                    2007
                ],
                [
                    197,
                    1983
                ]
            ],
            "text": "Connection",
            "label": "B_Prop",
            "links": []
        },
        {
            "index": 114,
            "bbox": [
                [
                    200,
                    1982
                ],
                [
                    200,
                    2006
                ],
                [
                    254,
                    2006
                ],
                [
                    254,
                    1982
                ]
            ],
            "text": "type",
            "label": "I_Prop",
            "links": []
        },
        {
            "index": 115,
            "bbox": [
                [
                    257,
                    1982
                ],
                [
                    257,
                    2006
                ],
                [
                    326,
                    2006
                ],
                [
                    326,
                    1982
                ]
            ],
            "text": "screw",
            "label": "I_Prop",
            "links": []
        },
        {
            "index": 116,
            "bbox": [
                [
                    329,
                    1982
                ],
                [
                    329,
                    2006
                ],
                [
                    455,
                    2006
                ],
                [
                    455,
                    1982
                ]
            ],
            "text": "connection",
            "label": "I_Prop",
            "links": []
        },
        {
            "index": 117,
            "bbox": [
                [
                    458,
                    1982
                ],
                [
                    458,
                    2006
                ],
                [
                    485,
                    2006
                ],
                [
                    485,
                    1982
                ]
            ],
            "text": "to",
            "label": "I_Prop",
            "links": []
        },
        {
            "index": 118,
            "bbox": [
                [
                    488,
                    1982
                ],
                [
                    488,
                    2006
                ],
                [
                    577,
                    2006
                ],
                [
                    577,
                    1982
                ]
            ],
            "text": "housing",
            "label": "I_Prop",
            "links": []
        },
        {
            "index": 119,
            "bbox": [
                [
                    68,
                    2019
                ],
                [
                    68,
                    2045
                ],
                [
                    149,
                    2045
                ],
                [
                    149,
                    2019
                ]
            ],
            "text": "Thread",
            "label": "B_Prop",
            "links": []
        },
        {
            "index": 120,
            "bbox": [
                [
                    151,
                    2017
                ],
                [
                    151,
                    2042
                ],
                [
                    208,
                    2042
                ],
                [
                    208,
                    2017
                ]
            ],
            "text": "type",
            "label": "I_Prop",
            "links": []
        },
        {
            "index": 121,
            "bbox": [
                [
                    68,
                    2060
                ],
                [
                    68,
                    2081
                ],
                [
                    149,
                    2081
                ],
                [
                    149,
                    2060
                ]
            ],
            "text": "Thread",
            "label": "B_Prop",
            "links": []
        },
        {
            "index": 122,
            "bbox": [
                [
                    152,
                    2060
                ],
                [
                    152,
                    2081
                ],
                [
                    281,
                    2081
                ],
                [
                    281,
                    2060
                ]
            ],
            "text": "connection",
            "label": "I_Prop",
            "links": []
        },
        {
            "index": 123,
            "bbox": [
                [
                    283,
                    2060
                ],
                [
                    283,
                    2081
                ],
                [
                    329,
                    2081
                ],
                [
                    329,
                    2060
                ]
            ],
            "text": "size",
            "label": "I_Prop",
            "links": []
        },
        {
            "index": 124,
            "bbox": [
                [
                    845,
                    1785
                ],
                [
                    845,
                    1809
                ],
                [
                    963,
                    1809
                ],
                [
                    963,
                    1785
                ]
            ],
            "text": "EC001180",
            "label": "B_Value",
            "links": []
        },
        {
            "index": 125,
            "bbox": [
                [
                    966,
                    1785
                ],
                [
                    966,
                    1808
                ],
                [
                    1038,
                    1808
                ],
                [
                    1038,
                    1785
                ]
            ],
            "text": "Screw",
            "label": "I_Value",
            "links": []
        },
        {
            "index": 126,
            "bbox": [
                [
                    1041,
                    1785
                ],
                [
                    1041,
                    1808
                ],
                [
                    1167,
                    1808
                ],
                [
                    1167,
                    1785
                ]
            ],
            "text": "connection",
            "label": "I_Value",
            "links": []
        },
        {
            "index": 127,
            "bbox": [
                [
                    1170,
                    1785
                ],
                [
                    1170,
                    1808
                ],
                [
                    1204,
                    1808
                ],
                [
                    1204,
                    1785
                ]
            ],
            "text": "for",
            "label": "I_Value",
            "links": []
        },
        {
            "index": 128,
            "bbox": [
                [
                    1208,
                    1785
                ],
                [
                    1208,
                    1808
                ],
                [
                    1326,
                    1808
                ],
                [
                    1326,
                    1785
                ]
            ],
            "text": "protective",
            "label": "I_Value",
            "links": []
        },
        {
            "index": 129,
            "bbox": [
                [
                    1328,
                    1785
                ],
                [
                    1328,
                    1808
                ],
                [
                    1420,
                    1808
                ],
                [
                    1420,
                    1785
                ]
            ],
            "text": "metallic",
            "label": "I_Value",
            "links": []
        },
        {
            "index": 130,
            "bbox": [
                [
                    1423,
                    1785
                ],
                [
                    1423,
                    1809
                ],
                [
                    1476,
                    1809
                ],
                [
                    1476,
                    1785
                ]
            ],
            "text": "hose",
            "label": "I_Value",
            "links": []
        },
        {
            "index": 131,
            "bbox": [
                [
                    842,
                    1822
                ],
                [
                    842,
                    1850
                ],
                [
                    883,
                    1850
                ],
                [
                    883,
                    1822
                ]
            ],
            "text": "1/2",
            "label": "B_Value",
            "links": []
        },
        {
            "index": 132,
            "bbox": [
                [
                    885,
                    1821
                ],
                [
                    885,
                    1849
                ],
                [
                    940,
                    1849
                ],
                [
                    940,
                    1821
                ]
            ],
            "text": "inch",
            "label": "B_Unit",
            "links": []
        },
        {
            "index": 133,
            "bbox": [
                [
                    842,
                    1860
                ],
                [
                    842,
                    1891
                ],
                [
                    961,
                    1891
                ],
                [
                    961,
                    1860
                ]
            ],
            "text": "90°-elbow",
            "label": "B_Value",
            "links": []
        },
        {
            "index": 134,
            "bbox": [
                [
                    842,
                    1900
                ],
                [
                    842,
                    1927
                ],
                [
                    866,
                    1927
                ],
                [
                    866,
                    1900
                ]
            ],
            "text": "N",
            "label": "B_Value",
            "links": []
        },
        {
            "index": 135,
            "bbox": [
                [
                    838,
                    1938
                ],
                [
                    838,
                    1969
                ],
                [
                    939,
                    1969
                ],
                [
                    939,
                    1938
                ]
            ],
            "text": "External",
            "label": "B_Value",
            "links": []
        },
        {
            "index": 136,
            "bbox": [
                [
                    943,
                    1938
                ],
                [
                    943,
                    1969
                ],
                [
                    1021,
                    1969
                ],
                [
                    1021,
                    1938
                ]
            ],
            "text": "thread",
            "label": "I_Value",
            "links": []
        },
        {
            "index": 137,
            "bbox": [
                [
                    838,
                    1977
                ],
                [
                    838,
                    2011
                ],
                [
                    927,
                    2011
                ],
                [
                    927,
                    1977
                ]
            ],
            "text": "Thread",
            "label": "B_Value",
            "links": []
        },
        {
            "index": 138,
            "bbox": [
                [
                    838,
                    2019
                ],
                [
                    838,
                    2046
                ],
                [
                    892,
                    2046
                ],
                [
                    892,
                    2019
                ]
            ],
            "text": "NPT",
            "label": "B_Value",
            "links": []
        },
        {
            "index": 139,
            "bbox": [
                [
                    842,
                    2057
                ],
                [
                    842,
                    2084
                ],
                [
                    913,
                    2084
                ],
                [
                    913,
                    2057
                ]
            ],
            "text": "Other",
            "label": "B_Value",
            "links": []
        },
        {
            "index": 140,
            "bbox": [
                [
                    92,
                    2206
                ],
                [
                    92,
                    2226
                ],
                [
                    377,
                    2226
                ],
                [
                    377,
                    2206
                ]
            ],
            "text": "electrification.us.abb.com",
            "label": "Out",
            "links": []
        },
        {
            "index": 141,
            "bbox": [
                [
                    92,
                    2244
                ],
                [
                    92,
                    2268
                ],
                [
                    179,
                    2268
                ],
                [
                    179,
                    2244
                ]
            ],
            "text": "Catalog",
            "label": "Out",
            "links": []
        },
        {
            "index": 142,
            "bbox": [
                [
                    182,
                    2244
                ],
                [
                    182,
                    2268
                ],
                [
                    224,
                    2268
                ],
                [
                    224,
                    2244
                ]
            ],
            "text": "No.",
            "label": "Out",
            "links": []
        },
        {
            "index": 143,
            "bbox": [
                [
                    227,
                    2244
                ],
                [
                    227,
                    2268
                ],
                [
                    285,
                    2268
                ],
                [
                    285,
                    2244
                ]
            ],
            "text": "5252",
            "label": "Out",
            "links": []
        },
        {
            "index": 144,
            "bbox": [
                [
                    1337,
                    2206
                ],
                [
                    1337,
                    2227
                ],
                [
                    1429,
                    2227
                ],
                [
                    1429,
                    2206
                ]
            ],
            "text": "Created",
            "label": "Out",
            "links": []
        },
        {
            "index": 145,
            "bbox": [
                [
                    1432,
                    2206
                ],
                [
                    1432,
                    2227
                ],
                [
                    1471,
                    2227
                ],
                [
                    1471,
                    2206
                ]
            ],
            "text": "on:",
            "label": "Out",
            "links": []
        },
        {
            "index": 146,
            "bbox": [
                [
                    1474,
                    2206
                ],
                [
                    1474,
                    2227
                ],
                [
                    1596,
                    2227
                ],
                [
                    1596,
                    2206
                ]
            ],
            "text": "05/31/2024",
            "label": "Out",
            "links": []
        },
        {
            "index": 147,
            "bbox": [
                [
                    1487,
                    2240
                ],
                [
                    1487,
                    2261
                ],
                [
                    1540,
                    2261
                ],
                [
                    1540,
                    2240
                ]
            ],
            "text": "Page",
            "label": "Out",
            "links": []
        },
        {
            "index": 148,
            "bbox": [
                [
                    1542,
                    2240
                ],
                [
                    1542,
                    2261
                ],
                [
                    1581,
                    2261
                ],
                [
                    1581,
                    2240
                ]
            ],
            "text": "No.",
            "label": "Out",
            "links": []
        },
        {
            "index": 149,
            "bbox": [
                [
                    1584,
                    2240
                ],
                [
                    1584,
                    2261
                ],
                [
                    1599,
                    2261
                ],
                [
                    1599,
                    2240
                ]
            ],
            "text": "1",
            "label": "Out",
            "links": []
        }
    ]
}