{
    "datasheet": [
        {
            "index": 0,
            "bbox": [
                [
                    58,
                    95
                ],
                [
                    58,
                    116
                ],
                [
                    100,
                    116
                ],
                [
                    100,
                    95
                ]
            ],
            "text": "IPD",
            "label": "Out",
            "links": []
        },
        {
            "index": 1,
            "bbox": [
                [
                    103,
                    95
                ],
                [
                    103,
                    116
                ],
                [
                    116,
                    116
                ],
                [
                    116,
                    95
                ]
            ],
            "text": ">",
            "label": "Out",
            "links": []
        },
        {
            "index": 2,
            "bbox": [
                [
                    118,
                    95
                ],
                [
                    118,
                    116
                ],
                [
                    147,
                    116
                ],
                [
                    147,
                    95
                ]
            ],
            "text": "EV",
            "label": "Out",
            "links": []
        },
        {
            "index": 3,
            "bbox": [
                [
                    150,
                    95
                ],
                [
                    150,
                    116
                ],
                [
                    168,
                    116
                ],
                [
                    168,
                    95
                ]
            ],
            "text": "&",
            "label": "Out",
            "links": []
        },
        {
            "index": 4,
            "bbox": [
                [
                    171,
                    95
                ],
                [
                    171,
                    116
                ],
                [
                    203,
                    116
                ],
                [
                    203,
                    95
                ]
            ],
            "text": "PV",
            "label": "Out",
            "links": []
        },
        {
            "index": 5,
            "bbox": [
                [
                    205,
                    95
                ],
                [
                    205,
                    116
                ],
                [
                    328,
                    116
                ],
                [
                    328,
                    95
                ]
            ],
            "text": "SOLUTIONS",
            "label": "Out",
            "links": []
        },
        {
            "index": 6,
            "bbox": [
                [
                    331,
                    95
                ],
                [
                    331,
                    116
                ],
                [
                    344,
                    116
                ],
                [
                    344,
                    95
                ]
            ],
            "text": "›",
            "label": "Out",
            "links": []
        },
        {
            "index": 7,
            "bbox": [
                [
                    347,
                    95
                ],
                [
                    347,
                    116
                ],
                [
                    379,
                    116
                ],
                [
                    379,
                    95
                ]
            ],
            "text": "PV",
            "label": "Out",
            "links": []
        },
        {
            "index": 8,
            "bbox": [
                [
                    381,
                    95
                ],
                [
                    381,
                    116
                ],
                [
                    504,
                    116
                ],
                [
                    504,
                    95
                ]
            ],
            "text": "SOLUTIONS",
            "label": "Out",
            "links": []
        },
        {
            "index": 9,
            "bbox": [
                [
                    507,
                    95
                ],
                [
                    507,
                    116
                ],
                [
                    520,
                    116
                ],
                [
                    520,
                    95
                ]
            ],
            "text": "›",
            "label": "Out",
            "links": []
        },
        {
            "index": 10,
            "bbox": [
                [
                    523,
                    95
                ],
                [
                    523,
                    116
                ],
                [
                    678,
                    116
                ],
                [
                    678,
                    95
                ]
            ],
            "text": "PHOTOVOLTAIC",
            "label": "Out",
            "links": []
        },
        {
            "index": 11,
            "bbox": [
                [
                    680,
                    95
                ],
                [
                    680,
                    116
                ],
                [
                    798,
                    116
                ],
                [
                    798,
                    95
                ]
            ],
            "text": "ISOLATORS",
            "label": "Out",
            "links": []
        },
        {
            "index": 12,
            "bbox": [
                [
                    801,
                    95
                ],
                [
                    801,
                    116
                ],
                [
                    819,
                    116
                ],
                [
                    819,
                    95
                ]
            ],
            "text": "&",
            "label": "Out",
            "links": []
        },
        {
            "index": 13,
            "bbox": [
                [
                    822,
                    95
                ],
                [
                    822,
                    116
                ],
                [
                    949,
                    116
                ],
                [
                    949,
                    95
                ]
            ],
            "text": "PROTECTION",
            "label": "Out",
            "links": []
        },
        {
            "index": 14,
            "bbox": [
                [
                    1316,
                    75
                ],
                [
                    1316,
                    164
                ],
                [
                    1486,
                    164
                ],
                [
                    1486,
                    75
                ]
            ],
            "text": "ipd",
            "label": "Out",
            "links": []
        },
        {
            "index": 15,
            "bbox": [
                [
                    99,
                    245
                ],
                [
                    99,
                    279
                ],
                [
                    248,
                    279
                ],
                [
                    248,
                    245
                ]
            ],
            "text": "Product",
            "label": "B_Section",
            "links": []
        },
        {
            "index": 16,
            "bbox": [
                [
                    252,
                    245
                ],
                [
                    252,
                    279
                ],
                [
                    311,
                    279
                ],
                [
                    311,
                    245
                ]
            ],
            "text": "No:",
            "label": "I_Section",
            "links": []
        },
        {
            "index": 17,
            "bbox": [
                [
                    316,
                    245
                ],
                [
                    316,
                    279
                ],
                [
                    446,
                    279
                ],
                [
                    446,
                    245
                ]
            ],
            "text": "HP15M6",
            "label": "B_Ref",
            "links": []
        },
        {
            "index": 18,
            "bbox": [
                [
                    102,
                    313
                ],
                [
                    102,
                    347
                ],
                [
                    225,
                    347
                ],
                [
                    225,
                    313
                ]
            ],
            "text": "MERSEN",
            "label": "B_Descri",
            "links": []
        },
        {
            "index": 19,
            "bbox": [
                [
                    230,
                    313
                ],
                [
                    230,
                    347
                ],
                [
                    302,
                    347
                ],
                [
                    302,
                    313
                ]
            ],
            "text": "FUSE",
            "label": "I_Descri",
            "links": []
        },
        {
            "index": 20,
            "bbox": [
                [
                    306,
                    313
                ],
                [
                    306,
                    347
                ],
                [
                    374,
                    347
                ],
                [
                    374,
                    313
                ]
            ],
            "text": "LINK",
            "label": "I_Descri",
            "links": []
        },
        {
            "index": 21,
            "bbox": [
                [
                    378,
                    313
                ],
                [
                    378,
                    347
                ],
                [
                    421,
                    347
                ],
                [
                    421,
                    313
                ]
            ],
            "text": "6A",
            "label": "I_Descri",
            "links": []
        },
        {
            "index": 22,
            "bbox": [
                [
                    425,
                    313
                ],
                [
                    425,
                    347
                ],
                [
                    519,
                    347
                ],
                [
                    519,
                    313
                ]
            ],
            "text": "1500V",
            "label": "I_Descri",
            "links": []
        },
        {
            "index": 23,
            "bbox": [
                [
                    523,
                    313
                ],
                [
                    523,
                    347
                ],
                [
                    570,
                    347
                ],
                [
                    570,
                    313
                ]
            ],
            "text": "DC",
            "label": "I_Descri",
            "links": []
        },
        {
            "index": 24,
            "bbox": [
                [
                    574,
                    313
                ],
                [
                    574,
                    347
                ],
                [
                    638,
                    347
                ],
                [
                    638,
                    313
                ]
            ],
            "text": "gPV",
            "label": "I_Descri",
            "links": []
        },
        {
            "index": 25,
            "bbox": [
                [
                    642,
                    313
                ],
                [
                    642,
                    347
                ],
                [
                    795,
                    347
                ],
                [
                    795,
                    313
                ]
            ],
            "text": "10X85mm",
            "label": "I_Descri",
            "links": []
        },
        {
            "index": 26,
            "bbox": [
                [
                    799,
                    313
                ],
                [
                    799,
                    347
                ],
                [
                    927,
                    347
                ],
                [
                    927,
                    313
                ]
            ],
            "text": "FERRULE",
            "label": "I_Descri",
            "links": []
        },
        {
            "index": 27,
            "bbox": [
                [
                    931,
                    313
                ],
                [
                    931,
                    347
                ],
                [
                    1007,
                    347
                ],
                [
                    1007,
                    313
                ]
            ],
            "text": "TYPE",
            "label": "I_Descri",
            "links": []
        },
        {
            "index": 28,
            "bbox": [
                [
                    99,
                    360
                ],
                [
                    99,
                    388
                ],
                [
                    218,
                    388
                ],
                [
                    218,
                    360
                ]
            ],
            "text": "HP15M6",
            "label": "I_Descri",
            "links": []
        },
        {
            "index": 29,
            "bbox": [
                [
                    105,
                    446
                ],
                [
                    105,
                    470
                ],
                [
                    244,
                    470
                ],
                [
                    244,
                    446
                ]
            ],
            "text": "FEATURES",
            "label": "B_Section",
            "links": []
        },
        {
            "index": 30,
            "bbox": [
                [
                    149,
                    507
                ],
                [
                    149,
                    531
                ],
                [
                    200,
                    531
                ],
                [
                    200,
                    507
                ]
            ],
            "text": "Low",
            "label": "B_Descri",
            "links": []
        },
        {
            "index": 31,
            "bbox": [
                [
                    203,
                    507
                ],
                [
                    203,
                    531
                ],
                [
                    272,
                    531
                ],
                [
                    272,
                    507
                ]
            ],
            "text": "Fault",
            "label": "I_Descri",
            "links": []
        },
        {
            "index": 32,
            "bbox": [
                [
                    275,
                    507
                ],
                [
                    275,
                    531
                ],
                [
                    368,
                    531
                ],
                [
                    368,
                    507
                ]
            ],
            "text": "Current",
            "label": "I_Descri",
            "links": []
        },
        {
            "index": 33,
            "bbox": [
                [
                    371,
                    507
                ],
                [
                    371,
                    531
                ],
                [
                    517,
                    531
                ],
                [
                    517,
                    507
                ]
            ],
            "text": "Interruption",
            "label": "I_Descri",
            "links": []
        },
        {
            "index": 34,
            "bbox": [
                [
                    149,
                    541
                ],
                [
                    149,
                    568
                ],
                [
                    314,
                    568
                ],
                [
                    314,
                    541
                ]
            ],
            "text": "Temperature",
            "label": "B_Descri",
            "links": []
        },
        {
            "index": 35,
            "bbox": [
                [
                    318,
                    541
                ],
                [
                    318,
                    568
                ],
                [
                    389,
                    568
                ],
                [
                    389,
                    541
                ]
            ],
            "text": "cycle",
            "label": "I_Descri",
            "links": []
        },
        {
            "index": 36,
            "bbox": [
                [
                    392,
                    541
                ],
                [
                    392,
                    568
                ],
                [
                    524,
                    568
                ],
                [
                    524,
                    541
                ]
            ],
            "text": "withstand",
            "label": "I_Descri",
            "links": []
        },
        {
            "index": 37,
            "bbox": [
                [
                    527,
                    541
                ],
                [
                    527,
                    568
                ],
                [
                    663,
                    568
                ],
                [
                    663,
                    541
                ]
            ],
            "text": "capability",
            "label": "I_Descri",
            "links": []
        },
        {
            "index": 38,
            "bbox": [
                [
                    149,
                    579
                ],
                [
                    149,
                    606
                ],
                [
                    250,
                    606
                ],
                [
                    250,
                    579
                ]
            ],
            "text": "Durable",
            "label": "B_Descri",
            "links": []
        },
        {
            "index": 39,
            "bbox": [
                [
                    254,
                    579
                ],
                [
                    254,
                    606
                ],
                [
                    419,
                    606
                ],
                [
                    419,
                    579
                ]
            ],
            "text": "construction",
            "label": "I_Descri",
            "links": []
        },
        {
            "index": 40,
            "bbox": [
                [
                    423,
                    579
                ],
                [
                    423,
                    606
                ],
                [
                    460,
                    606
                ],
                [
                    460,
                    579
                ]
            ],
            "text": "for",
            "label": "I_Descri",
            "links": []
        },
        {
            "index": 41,
            "bbox": [
                [
                    463,
                    579
                ],
                [
                    463,
                    606
                ],
                [
                    598,
                    606
                ],
                [
                    598,
                    579
                ]
            ],
            "text": "enhanced",
            "label": "I_Descri",
            "links": []
        },
        {
            "index": 42,
            "bbox": [
                [
                    602,
                    579
                ],
                [
                    602,
                    606
                ],
                [
                    697,
                    606
                ],
                [
                    697,
                    579
                ]
            ],
            "text": "system",
            "label": "I_Descri",
            "links": []
        },
        {
            "index": 43,
            "bbox": [
                [
                    146,
                    616
                ],
                [
                    146,
                    640
                ],
                [
                    272,
                    640
                ],
                [
                    272,
                    616
                ]
            ],
            "text": "longevity",
            "label": "I_Descri",
            "links": []
        },
        {
            "index": 44,
            "bbox": [
                [
                    149,
                    650
                ],
                [
                    149,
                    677
                ],
                [
                    264,
                    677
                ],
                [
                    264,
                    650
                ]
            ],
            "text": "Breaking",
            "label": "B_Descri",
            "links": []
        },
        {
            "index": 45,
            "bbox": [
                [
                    268,
                    650
                ],
                [
                    268,
                    677
                ],
                [
                    389,
                    677
                ],
                [
                    389,
                    650
                ]
            ],
            "text": "capacity",
            "label": "I_Descri",
            "links": []
        },
        {
            "index": 46,
            "bbox": [
                [
                    392,
                    650
                ],
                [
                    392,
                    677
                ],
                [
                    455,
                    677
                ],
                [
                    455,
                    650
                ]
            ],
            "text": "50kA",
            "label": "I_Descri",
            "links": []
        },
        {
            "index": 47,
            "bbox": [
                [
                    149,
                    688
                ],
                [
                    149,
                    708
                ],
                [
                    276,
                    708
                ],
                [
                    276,
                    688
                ]
            ],
            "text": "Standard",
            "label": "B_Descri",
            "links": []
        },
        {
            "index": 48,
            "bbox": [
                [
                    279,
                    688
                ],
                [
                    279,
                    708
                ],
                [
                    362,
                    708
                ],
                [
                    362,
                    688
                ]
            ],
            "text": "ferrule",
            "label": "I_Descri",
            "links": []
        },
        {
            "index": 49,
            "bbox": [
                [
                    364,
                    688
                ],
                [
                    364,
                    708
                ],
                [
                    476,
                    708
                ],
                [
                    476,
                    688
                ]
            ],
            "text": "terminal",
            "label": "I_Descri",
            "links": []
        },
        {
            "index": 50,
            "bbox": [
                [
                    150,
                    725
                ],
                [
                    150,
                    745
                ],
                [
                    293,
                    745
                ],
                [
                    293,
                    725
                ]
            ],
            "text": "Standards",
            "label": "B_Descri",
            "links": []
        },
        {
            "index": 51,
            "bbox": [
                [
                    295,
                    725
                ],
                [
                    295,
                    745
                ],
                [
                    337,
                    745
                ],
                [
                    337,
                    725
                ]
            ],
            "text": "IEC",
            "label": "I_Descri",
            "links": []
        },
        {
            "index": 52,
            "bbox": [
                [
                    340,
                    725
                ],
                [
                    340,
                    745
                ],
                [
                    456,
                    745
                ],
                [
                    456,
                    725
                ]
            ],
            "text": "60269-6",
            "label": "I_Descri",
            "links": []
        },
        {
            "index": 53,
            "bbox": [
                [
                    116,
                    882
                ],
                [
                    116,
                    909
                ],
                [
                    218,
                    909
                ],
                [
                    218,
                    882
                ]
            ],
            "text": "General",
            "label": "B_Section",
            "links": []
        },
        {
            "index": 54,
            "bbox": [
                [
                    221,
                    882
                ],
                [
                    221,
                    909
                ],
                [
                    378,
                    909
                ],
                [
                    378,
                    882
                ]
            ],
            "text": "Information",
            "label": "I_Section",
            "links": []
        },
        {
            "index": 55,
            "bbox": [
                [
                    116,
                    940
                ],
                [
                    116,
                    964
                ],
                [
                    194,
                    964
                ],
                [
                    194,
                    940
                ]
            ],
            "text": "Brand",
            "label": "B_Prop",
            "links": []
        },
        {
            "index": 56,
            "bbox": [
                [
                    112,
                    1001
                ],
                [
                    112,
                    1028
                ],
                [
                    176,
                    1028
                ],
                [
                    176,
                    1001
                ]
            ],
            "text": "Pack",
            "label": "B_Prop",
            "links": []
        },
        {
            "index": 57,
            "bbox": [
                [
                    180,
                    1001
                ],
                [
                    180,
                    1028
                ],
                [
                    290,
                    1028
                ],
                [
                    290,
                    1001
                ]
            ],
            "text": "Quantity",
            "label": "I_Prop",
            "links": []
        },
        {
            "index": 58,
            "bbox": [
                [
                    116,
                    1062
                ],
                [
                    116,
                    1089
                ],
                [
                    214,
                    1089
                ],
                [
                    214,
                    1062
                ]
            ],
            "text": "Product",
            "label": "B_Prop",
            "links": []
        },
        {
            "index": 59,
            "bbox": [
                [
                    217,
                    1062
                ],
                [
                    217,
                    1089
                ],
                [
                    282,
                    1089
                ],
                [
                    282,
                    1062
                ]
            ],
            "text": "Type",
            "label": "I_Prop",
            "links": []
        },
        {
            "index": 60,
            "bbox": [
                [
                    901,
                    939
                ],
                [
                    901,
                    967
                ],
                [
                    1007,
                    967
                ],
                [
                    1007,
                    939
                ]
            ],
            "text": "MERSEN",
            "label": "B_Value",
            "links": []
        },
        {
            "index": 61,
            "bbox": [
                [
                    905,
                    1001
                ],
                [
                    905,
                    1021
                ],
                [
                    932,
                    1021
                ],
                [
                    932,
                    1001
                ]
            ],
            "text": "10",
            "label": "B_Value",
            "links": []
        },
        {
            "index": 62,
            "bbox": [
                [
                    905,
                    1062
                ],
                [
                    905,
                    1082
                ],
                [
                    970,
                    1082
                ],
                [
                    970,
                    1062
                ]
            ],
            "text": "Fuse",
            "label": "B_Value",
            "links": []
        },
        {
            "index": 63,
            "bbox": [
                [
                    973,
                    1062
                ],
                [
                    973,
                    1082
                ],
                [
                    1024,
                    1082
                ],
                [
                    1024,
                    1062
                ]
            ],
            "text": "Link",
            "label": "I_Value",
            "links": []
        },
        {
            "index": 64,
            "bbox": [
                [
                    112,
                    1174
                ],
                [
                    112,
                    1198
                ],
                [
                    241,
                    1198
                ],
                [
                    241,
                    1174
                ]
            ],
            "text": "Technical",
            "label": "B_Section",
            "links": []
        },
        {
            "index": 65,
            "bbox": [
                [
                    244,
                    1174
                ],
                [
                    244,
                    1198
                ],
                [
                    381,
                    1198
                ],
                [
                    381,
                    1174
                ]
            ],
            "text": "Attributes",
            "label": "I_Section",
            "links": []
        },
        {
            "index": 66,
            "bbox": [
                [
                    112,
                    1229
                ],
                [
                    112,
                    1260
                ],
                [
                    259,
                    1260
                ],
                [
                    259,
                    1229
                ]
            ],
            "text": "Interrupting",
            "label": "B_Prop",
            "links": []
        },
        {
            "index": 67,
            "bbox": [
                [
                    261,
                    1230
                ],
                [
                    261,
                    1261
                ],
                [
                    350,
                    1261
                ],
                [
                    350,
                    1230
                ]
            ],
            "text": "Rating",
            "label": "I_Prop",
            "links": []
        },
        {
            "index": 68,
            "bbox": [
                [
                    356,
                    1229
                ],
                [
                    356,
                    1260
                ],
                [
                    411,
                    1260
                ],
                [
                    411,
                    1229
                ]
            ],
            "text": "(kA)",
            "label": "B_Unit",
            "links": []
        },
        {
            "index": 69,
            "bbox": [
                [
                    116,
                    1286
                ],
                [
                    116,
                    1317
                ],
                [
                    187,
                    1317
                ],
                [
                    187,
                    1286
                ]
            ],
            "text": "Power",
            "label": "B_Prop",
            "links": []
        },
        {
            "index": 70,
            "bbox": [
                [
                    191,
                    1287
                ],
                [
                    191,
                    1317
                ],
                [
                    251,
                    1317
                ],
                [
                    251,
                    1287
                ]
            ],
            "text": "Loss",
            "label": "I_Prop",
            "links": []
        },
        {
            "index": 71,
            "bbox": [
                [
                    254,
                    1287
                ],
                [
                    254,
                    1318
                ],
                [
                    306,
                    1318
                ],
                [
                    306,
                    1287
                ]
            ],
            "text": "(W)",
            "label": "B_Unit",
            "links": []
        },
        {
            "index": 72,
            "bbox": [
                [
                    116,
                    1351
                ],
                [
                    116,
                    1379
                ],
                [
                    193,
                    1379
                ],
                [
                    193,
                    1351
                ]
            ],
            "text": "Rated",
            "label": "B_Prop",
            "links": []
        },
        {
            "index": 73,
            "bbox": [
                [
                    196,
                    1351
                ],
                [
                    196,
                    1379
                ],
                [
                    294,
                    1379
                ],
                [
                    294,
                    1351
                ]
            ],
            "text": "Current",
            "label": "I_Prop",
            "links": []
        },
        {
            "index": 74,
            "bbox": [
                [
                    298,
                    1351
                ],
                [
                    298,
                    1379
                ],
                [
                    340,
                    1379
                ],
                [
                    340,
                    1351
                ]
            ],
            "text": "(A)",
            "label": "B_Unit",
            "links": []
        },
        {
            "index": 75,
            "bbox": [
                [
                    116,
                    1409
                ],
                [
                    116,
                    1440
                ],
                [
                    190,
                    1440
                ],
                [
                    190,
                    1409
                ]
            ],
            "text": "Rated",
            "label": "B_Prop",
            "links": []
        },
        {
            "index": 76,
            "bbox": [
                [
                    194,
                    1409
                ],
                [
                    194,
                    1440
                ],
                [
                    299,
                    1440
                ],
                [
                    299,
                    1409
                ]
            ],
            "text": "Voltage",
            "label": "I_Prop",
            "links": []
        },
        {
            "index": 77,
            "bbox": [
                [
                    302,
                    1409
                ],
                [
                    302,
                    1440
                ],
                [
                    341,
                    1440
                ],
                [
                    341,
                    1409
                ]
            ],
            "text": "DC",
            "label": "I_Prop",
            "links": []
        },
        {
            "index": 78,
            "bbox": [
                [
                    345,
                    1409
                ],
                [
                    345,
                    1440
                ],
                [
                    388,
                    1440
                ],
                [
                    388,
                    1409
                ]
            ],
            "text": "(V)",
            "label": "B_Unit",
            "links": []
        },
        {
            "index": 79,
            "bbox": [
                [
                    112,
                    1471
                ],
                [
                    112,
                    1498
                ],
                [
                    230,
                    1498
                ],
                [
                    230,
                    1471
                ]
            ],
            "text": "Terminal",
            "label": "B_Prop",
            "links": []
        },
        {
            "index": 80,
            "bbox": [
                [
                    234,
                    1471
                ],
                [
                    234,
                    1498
                ],
                [
                    296,
                    1498
                ],
                [
                    296,
                    1471
                ]
            ],
            "text": "Type",
            "label": "I_Prop",
            "links": []
        },
        {
            "index": 81,
            "bbox": [
                [
                    116,
                    1532
                ],
                [
                    116,
                    1559
                ],
                [
                    238,
                    1559
                ],
                [
                    238,
                    1532
                ]
            ],
            "text": "Utilization",
            "label": "B_Prop",
            "links": []
        },
        {
            "index": 82,
            "bbox": [
                [
                    241,
                    1532
                ],
                [
                    241,
                    1559
                ],
                [
                    364,
                    1559
                ],
                [
                    364,
                    1532
                ]
            ],
            "text": "Category",
            "label": "I_Prop",
            "links": []
        },
        {
            "index": 83,
            "bbox": [
                [
                    905,
                    1232
                ],
                [
                    905,
                    1259
                ],
                [
                    942,
                    1259
                ],
                [
                    942,
                    1232
                ]
            ],
            "text": "50",
            "label": "B_Value",
            "links": []
        },
        {
            "index": 84,
            "bbox": [
                [
                    908,
                    1294
                ],
                [
                    908,
                    1314
                ],
                [
                    962,
                    1314
                ],
                [
                    962,
                    1294
                ]
            ],
            "text": "2.44",
            "label": "B_Value",
            "links": []
        },
        {
            "index": 85,
            "bbox": [
                [
                    908,
                    1351
                ],
                [
                    908,
                    1375
                ],
                [
                    925,
                    1375
                ],
                [
                    925,
                    1351
                ]
            ],
            "text": "6",
            "label": "B_Value",
            "links": []
        },
        {
            "index": 86,
            "bbox": [
                [
                    905,
                    1413
                ],
                [
                    905,
                    1433
                ],
                [
                    966,
                    1433
                ],
                [
                    966,
                    1413
                ]
            ],
            "text": "1500",
            "label": "B_Value",
            "links": []
        },
        {
            "index": 87,
            "bbox": [
                [
                    904,
                    1474
                ],
                [
                    904,
                    1495
                ],
                [
                    989,
                    1495
                ],
                [
                    989,
                    1474
                ]
            ],
            "text": "Ferrule",
            "label": "B_Value",
            "links": []
        },
        {
            "index": 88,
            "bbox": [
                [
                    905,
                    1532
                ],
                [
                    905,
                    1563
                ],
                [
                    928,
                    1563
                ],
                [
                    928,
                    1532
                ]
            ],
            "text": "g",
            "label": "B_Value",
            "links": []
        },
        {
            "index": 89,
            "bbox": [
                [
                    931,
                    1532
                ],
                [
                    931,
                    1563
                ],
                [
                    959,
                    1563
                ],
                [
                    959,
                    1532
                ]
            ],
            "text": "PV",
            "label": "I_Value",
            "links": []
        },
        {
            "index": 90,
            "bbox": [
                [
                    112,
                    1644
                ],
                [
                    112,
                    1675
                ],
                [
                    220,
                    1675
                ],
                [
                    220,
                    1644
                ]
            ],
            "text": "Physical",
            "label": "B_Section",
            "links": []
        },
        {
            "index": 91,
            "bbox": [
                [
                    224,
                    1644
                ],
                [
                    224,
                    1675
                ],
                [
                    360,
                    1675
                ],
                [
                    360,
                    1644
                ]
            ],
            "text": "Attributes",
            "label": "I_Section",
            "links": []
        },
        {
            "index": 92,
            "bbox": [
                [
                    112,
                    1702
                ],
                [
                    112,
                    1726
                ],
                [
                    229,
                    1726
                ],
                [
                    229,
                    1702
                ]
            ],
            "text": "Terminal",
            "label": "B_Prop",
            "links": []
        },
        {
            "index": 93,
            "bbox": [
                [
                    232,
                    1702
                ],
                [
                    232,
                    1726
                ],
                [
                    340,
                    1726
                ],
                [
                    340,
                    1702
                ]
            ],
            "text": "Material",
            "label": "I_Prop",
            "links": []
        },
        {
            "index": 94,
            "bbox": [
                [
                    908,
                    1702
                ],
                [
                    908,
                    1729
                ],
                [
                    1043,
                    1729
                ],
                [
                    1043,
                    1702
                ]
            ],
            "text": "Tin-Plated",
            "label": "B_Value",
            "links": []
        },
        {
            "index": 95,
            "bbox": [
                [
                    1046,
                    1702
                ],
                [
                    1046,
                    1729
                ],
                [
                    1142,
                    1729
                ],
                [
                    1142,
                    1702
                ]
            ],
            "text": "Copper",
            "label": "I_Value",
            "links": []
        },
        {
            "index": 96,
            "bbox": [
                [
                    116,
                    1818
                ],
                [
                    116,
                    1842
                ],
                [
                    269,
                    1842
                ],
                [
                    269,
                    1818
                ]
            ],
            "text": "Dimensions",
            "label": "B_Section",
            "links": []
        },
        {
            "index": 97,
            "bbox": [
                [
                    116,
                    1869
                ],
                [
                    116,
                    1900
                ],
                [
                    233,
                    1900
                ],
                [
                    233,
                    1869
                ]
            ],
            "text": "Diameter",
            "label": "B_Prop",
            "links": []
        },
        {
            "index": 98,
            "bbox": [
                [
                    236,
                    1869
                ],
                [
                    236,
                    1900
                ],
                [
                    313,
                    1900
                ],
                [
                    313,
                    1869
                ]
            ],
            "text": "(mm)",
            "label": "B_Unit",
            "links": []
        },
        {
            "index": 99,
            "bbox": [
                [
                    112,
                    1930
                ],
                [
                    112,
                    1961
                ],
                [
                    202,
                    1961
                ],
                [
                    202,
                    1930
                ]
            ],
            "text": "Length",
            "label": "B_Prop",
            "links": []
        },
        {
            "index": 100,
            "bbox": [
                [
                    206,
                    1930
                ],
                [
                    206,
                    1961
                ],
                [
                    282,
                    1961
                ],
                [
                    282,
                    1930
                ]
            ],
            "text": "(mm)",
            "label": "B_Unit",
            "links": []
        },
        {
            "index": 101,
            "bbox": [
                [
                    905,
                    1876
                ],
                [
                    905,
                    1896
                ],
                [
                    932,
                    1896
                ],
                [
                    932,
                    1876
                ]
            ],
            "text": "10",
            "label": "B_Value",
            "links": []
        },
        {
            "index": 102,
            "bbox": [
                [
                    905,
                    1934
                ],
                [
                    905,
                    1961
                ],
                [
                    942,
                    1961
                ],
                [
                    942,
                    1934
                ]
            ],
            "text": "85",
            "label": "B_Value",
            "links": []
        },
        {
            "index": 103,
            "bbox": [
                [
                    116,
                    2053
                ],
                [
                    116,
                    2073
                ],
                [
                    254,
                    2073
                ],
                [
                    254,
                    2053
                ]
            ],
            "text": "Protection",
            "label": "B_Section",
            "links": []
        },
        {
            "index": 104,
            "bbox": [
                [
                    256,
                    2053
                ],
                [
                    256,
                    2073
                ],
                [
                    279,
                    2073
                ],
                [
                    279,
                    2053
                ]
            ],
            "text": "&",
            "label": "I_Section",
            "links": []
        },
        {
            "index": 105,
            "bbox": [
                [
                    281,
                    2053
                ],
                [
                    281,
                    2073
                ],
                [
                    415,
                    2073
                ],
                [
                    415,
                    2053
                ]
            ],
            "text": "Standards",
            "label": "I_Section",
            "links": []
        },
        {
            "index": 106,
            "bbox": [
                [
                    673,
                    2216
                ],
                [
                    673,
                    2236
                ],
                [
                    710,
                    2236
                ],
                [
                    710,
                    2216
                ]
            ],
            "text": "1300",
            "label": "Out",
            "links": []
        },
        {
            "index": 107,
            "bbox": [
                [
                    713,
                    2216
                ],
                [
                    713,
                    2236
                ],
                [
                    745,
                    2236
                ],
                [
                    745,
                    2216
                ]
            ],
            "text": "556",
            "label": "Out",
            "links": []
        },
        {
            "index": 108,
            "bbox": [
                [
                    748,
                    2216
                ],
                [
                    748,
                    2236
                ],
                [
                    771,
                    2236
                ],
                [
                    771,
                    2216
                ]
            ],
            "text": "601",
            "label": "Out",
            "links": []
        },
        {
            "index": 109,
            "bbox": [
                [
                    773,
                    2216
                ],
                [
                    773,
                    2236
                ],
                [
                    780,
                    2236
                ],
                [
                    780,
                    2216
                ]
            ],
            "text": "|",
            "label": "Out",
            "links": []
        },
        {
            "index": 110,
            "bbox": [
                [
                    783,
                    2216
                ],
                [
                    783,
                    2236
                ],
                [
                    875,
                    2236
                ],
                [
                    875,
                    2216
                ]
            ],
            "text": "ipd.comau",
            "label": "Out",
            "links": []
        },
        {
            "index": 111,
            "bbox": [
                [
                    878,
                    2216
                ],
                [
                    878,
                    2236
                ],
                [
                    885,
                    2236
                ],
                [
                    885,
                    2216
                ]
            ],
            "text": "|",
            "label": "Out",
            "links": []
        },
        {
            "index": 112,
            "bbox": [
                [
                    888,
                    2216
                ],
                [
                    888,
                    2236
                ],
                [
                    976,
                    2236
                ],
                [
                    976,
                    2216
                ]
            ],
            "text": "10-04-2024",
            "label": "Out",
            "links": []
        }
    ]
}