{
    "datasheet": [
        {
            "index": 0,
            "bbox": [
                [
                    144,
                    26
                ],
                [
                    144,
                    52
                ],
                [
                    185,
                    52
                ],
                [
                    185,
                    26
                ]
            ],
            "text": "This",
            "label": "Out",
            "links": []
        },
        {
            "index": 1,
            "bbox": [
                [
                    188,
                    26
                ],
                [
                    188,
                    51
                ],
                [
                    294,
                    51
                ],
                [
                    294,
                    26
                ]
            ],
            "text": "document",
            "label": "Out",
            "links": []
        },
        {
            "index": 2,
            "bbox": [
                [
                    297,
                    26
                ],
                [
                    297,
                    51
                ],
                [
                    388,
                    51
                ],
                [
                    388,
                    26
                ]
            ],
            "text": "contains",
            "label": "Out",
            "links": []
        },
        {
            "index": 3,
            "bbox": [
                [
                    391,
                    26
                ],
                [
                    391,
                    51
                ],
                [
                    438,
                    51
                ],
                [
                    438,
                    26
                ]
            ],
            "text": "data",
            "label": "Out",
            "links": []
        },
        {
            "index": 4,
            "bbox": [
                [
                    441,
                    26
                ],
                [
                    441,
                    51
                ],
                [
                    560,
                    51
                ],
                [
                    560,
                    26
                ]
            ],
            "text": "proprietary",
            "label": "Out",
            "links": []
        },
        {
            "index": 5,
            "bbox": [
                [
                    563,
                    26
                ],
                [
                    563,
                    51
                ],
                [
                    588,
                    51
                ],
                [
                    588,
                    26
                ]
            ],
            "text": "to",
            "label": "Out",
            "links": []
        },
        {
            "index": 6,
            "bbox": [
                [
                    591,
                    26
                ],
                [
                    591,
                    51
                ],
                [
                    628,
                    51
                ],
                [
                    628,
                    26
                ]
            ],
            "text": "PUI",
            "label": "Out",
            "links": []
        },
        {
            "index": 7,
            "bbox": [
                [
                    632,
                    26
                ],
                [
                    632,
                    51
                ],
                [
                    691,
                    51
                ],
                [
                    691,
                    26
                ]
            ],
            "text": "Audio",
            "label": "Out",
            "links": []
        },
        {
            "index": 8,
            "bbox": [
                [
                    694,
                    26
                ],
                [
                    694,
                    51
                ],
                [
                    735,
                    51
                ],
                [
                    735,
                    26
                ]
            ],
            "text": "Inc.",
            "label": "Out",
            "links": []
        },
        {
            "index": 9,
            "bbox": [
                [
                    738,
                    26
                ],
                [
                    738,
                    51
                ],
                [
                    779,
                    51
                ],
                [
                    779,
                    26
                ]
            ],
            "text": "Any",
            "label": "Out",
            "links": []
        },
        {
            "index": 10,
            "bbox": [
                [
                    782,
                    26
                ],
                [
                    782,
                    51
                ],
                [
                    819,
                    51
                ],
                [
                    819,
                    26
                ]
            ],
            "text": "use",
            "label": "Out",
            "links": []
        },
        {
            "index": 11,
            "bbox": [
                [
                    822,
                    26
                ],
                [
                    822,
                    51
                ],
                [
                    847,
                    51
                ],
                [
                    847,
                    26
                ]
            ],
            "text": "or",
            "label": "Out",
            "links": []
        },
        {
            "index": 12,
            "bbox": [
                [
                    850,
                    26
                ],
                [
                    850,
                    51
                ],
                [
                    991,
                    51
                ],
                [
                    991,
                    26
                ]
            ],
            "text": "reproduction,",
            "label": "Out",
            "links": []
        },
        {
            "index": 13,
            "bbox": [
                [
                    994,
                    26
                ],
                [
                    994,
                    51
                ],
                [
                    1019,
                    51
                ],
                [
                    1019,
                    26
                ]
            ],
            "text": "in",
            "label": "Out",
            "links": []
        },
        {
            "index": 14,
            "bbox": [
                [
                    1022,
                    26
                ],
                [
                    1022,
                    51
                ],
                [
                    1060,
                    51
                ],
                [
                    1060,
                    26
                ]
            ],
            "text": "any",
            "label": "Out",
            "links": []
        },
        {
            "index": 15,
            "bbox": [
                [
                    1063,
                    26
                ],
                [
                    1063,
                    51
                ],
                [
                    1122,
                    51
                ],
                [
                    1122,
                    26
                ]
            ],
            "text": "form,",
            "label": "Out",
            "links": []
        },
        {
            "index": 16,
            "bbox": [
                [
                    1125,
                    26
                ],
                [
                    1125,
                    51
                ],
                [
                    1206,
                    51
                ],
                [
                    1206,
                    26
                ]
            ],
            "text": "without",
            "label": "Out",
            "links": []
        },
        {
            "index": 17,
            "bbox": [
                [
                    1210,
                    26
                ],
                [
                    1210,
                    51
                ],
                [
                    1263,
                    51
                ],
                [
                    1263,
                    26
                ]
            ],
            "text": "prior",
            "label": "Out",
            "links": []
        },
        {
            "index": 18,
            "bbox": [
                [
                    1266,
                    26
                ],
                [
                    1266,
                    51
                ],
                [
                    1341,
                    51
                ],
                [
                    1341,
                    26
                ]
            ],
            "text": "written",
            "label": "Out",
            "links": []
        },
        {
            "index": 19,
            "bbox": [
                [
                    1344,
                    26
                ],
                [
                    1344,
                    52
                ],
                [
                    1460,
                    52
                ],
                [
                    1460,
                    26
                ]
            ],
            "text": "permission",
            "label": "Out",
            "links": []
        },
        {
            "index": 20,
            "bbox": [
                [
                    645,
                    58
                ],
                [
                    645,
                    80
                ],
                [
                    669,
                    80
                ],
                [
                    669,
                    58
                ]
            ],
            "text": "of",
            "label": "Out",
            "links": []
        },
        {
            "index": 21,
            "bbox": [
                [
                    673,
                    58
                ],
                [
                    673,
                    80
                ],
                [
                    711,
                    80
                ],
                [
                    711,
                    58
                ]
            ],
            "text": "PUI",
            "label": "Out",
            "links": []
        },
        {
            "index": 22,
            "bbox": [
                [
                    714,
                    58
                ],
                [
                    714,
                    80
                ],
                [
                    774,
                    80
                ],
                [
                    774,
                    58
                ]
            ],
            "text": "Audio",
            "label": "Out",
            "links": []
        },
        {
            "index": 23,
            "bbox": [
                [
                    777,
                    58
                ],
                [
                    777,
                    80
                ],
                [
                    818,
                    80
                ],
                [
                    818,
                    58
                ]
            ],
            "text": "Inc.",
            "label": "Out",
            "links": []
        },
        {
            "index": 24,
            "bbox": [
                [
                    821,
                    58
                ],
                [
                    821,
                    80
                ],
                [
                    837,
                    80
                ],
                [
                    837,
                    58
                ]
            ],
            "text": "is",
            "label": "Out",
            "links": []
        },
        {
            "index": 25,
            "bbox": [
                [
                    840,
                    58
                ],
                [
                    840,
                    80
                ],
                [
                    955,
                    80
                ],
                [
                    955,
                    58
                ]
            ],
            "text": "prohibited.",
            "label": "Out",
            "links": []
        },
        {
            "index": 26,
            "bbox": [
                [
                    690,
                    86
                ],
                [
                    690,
                    112
                ],
                [
                    768,
                    112
                ],
                [
                    768,
                    86
                ]
            ],
            "text": "©2024,",
            "label": "Out",
            "links": []
        },
        {
            "index": 27,
            "bbox": [
                [
                    771,
                    86
                ],
                [
                    771,
                    112
                ],
                [
                    810,
                    112
                ],
                [
                    810,
                    86
                ]
            ],
            "text": "PUI",
            "label": "Out",
            "links": []
        },
        {
            "index": 28,
            "bbox": [
                [
                    813,
                    86
                ],
                [
                    813,
                    112
                ],
                [
                    871,
                    112
                ],
                [
                    871,
                    86
                ]
            ],
            "text": "Audio",
            "label": "Out",
            "links": []
        },
        {
            "index": 29,
            "bbox": [
                [
                    875,
                    86
                ],
                [
                    875,
                    112
                ],
                [
                    914,
                    112
                ],
                [
                    914,
                    86
                ]
            ],
            "text": "Inc.",
            "label": "Out",
            "links": []
        },
        {
            "index": 30,
            "bbox": [
                [
                    147,
                    377
                ],
                [
                    147,
                    412
                ],
                [
                    230,
                    412
                ],
                [
                    230,
                    377
                ]
            ],
            "text": "Data",
            "label": "Out",
            "links": []
        },
        {
            "index": 31,
            "bbox": [
                [
                    234,
                    377
                ],
                [
                    234,
                    412
                ],
                [
                    332,
                    412
                ],
                [
                    332,
                    377
                ]
            ],
            "text": "Sheet",
            "label": "Out",
            "links": []
        },
        {
            "index": 32,
            "bbox": [
                [
                    1029,
                    377
                ],
                [
                    1029,
                    412
                ],
                [
                    1419,
                    412
                ],
                [
                    1419,
                    377
                ]
            ],
            "text": "AI-1027-TWT-5V-HT-R",
            "label": "B_Ref",
            "links": []
        },
        {
            "index": 33,
            "bbox": [
                [
                    134,
                    473
                ],
                [
                    134,
                    518
                ],
                [
                    196,
                    518
                ],
                [
                    196,
                    473
                ]
            ],
            "text": "PUI",
            "label": "B_Descri",
            "links": []
        },
        {
            "index": 34,
            "bbox": [
                [
                    202,
                    473
                ],
                [
                    202,
                    518
                ],
                [
                    331,
                    518
                ],
                [
                    331,
                    473
                ]
            ],
            "text": "Audio’s",
            "label": "I_Descri",
            "links": []
        },
        {
            "index": 35,
            "bbox": [
                [
                    337,
                    473
                ],
                [
                    337,
                    518
                ],
                [
                    540,
                    518
                ],
                [
                    540,
                    473
                ]
            ],
            "text": "High-Temp",
            "label": "I_Descri",
            "links": []
        },
        {
            "index": 36,
            "bbox": [
                [
                    545,
                    473
                ],
                [
                    545,
                    518
                ],
                [
                    607,
                    518
                ],
                [
                    607,
                    473
                ]
            ],
            "text": "line",
            "label": "I_Descri",
            "links": []
        },
        {
            "index": 37,
            "bbox": [
                [
                    612,
                    473
                ],
                [
                    612,
                    518
                ],
                [
                    651,
                    518
                ],
                [
                    651,
                    473
                ]
            ],
            "text": "of",
            "label": "I_Descri",
            "links": []
        },
        {
            "index": 38,
            "bbox": [
                [
                    657,
                    473
                ],
                [
                    657,
                    518
                ],
                [
                    803,
                    518
                ],
                [
                    803,
                    473
                ]
            ],
            "text": "products",
            "label": "I_Descri",
            "links": []
        },
        {
            "index": 39,
            "bbox": [
                [
                    809,
                    473
                ],
                [
                    809,
                    518
                ],
                [
                    843,
                    518
                ],
                [
                    843,
                    473
                ]
            ],
            "text": "is",
            "label": "I_Descri",
            "links": []
        },
        {
            "index": 40,
            "bbox": [
                [
                    848,
                    473
                ],
                [
                    848,
                    518
                ],
                [
                    1000,
                    518
                ],
                [
                    1000,
                    473
                ]
            ],
            "text": "designed",
            "label": "I_Descri",
            "links": []
        },
        {
            "index": 41,
            "bbox": [
                [
                    1006,
                    473
                ],
                [
                    1006,
                    518
                ],
                [
                    1085,
                    518
                ],
                [
                    1085,
                    473
                ]
            ],
            "text": "with",
            "label": "I_Descri",
            "links": []
        },
        {
            "index": 42,
            "bbox": [
                [
                    1090,
                    473
                ],
                [
                    1090,
                    518
                ],
                [
                    1270,
                    518
                ],
                [
                    1270,
                    473
                ]
            ],
            "text": "ultra-wide",
            "label": "I_Descri",
            "links": []
        },
        {
            "index": 43,
            "bbox": [
                [
                    1276,
                    473
                ],
                [
                    1276,
                    518
                ],
                [
                    1438,
                    518
                ],
                [
                    1438,
                    473
                ]
            ],
            "text": "operating",
            "label": "I_Descri",
            "links": []
        },
        {
            "index": 44,
            "bbox": [
                [
                    134,
                    518
                ],
                [
                    134,
                    560
                ],
                [
                    375,
                    560
                ],
                [
                    375,
                    518
                ]
            ],
            "text": "temperatures.",
            "label": "I_Descri",
            "links": []
        },
        {
            "index": 45,
            "bbox": [
                [
                    381,
                    518
                ],
                [
                    381,
                    560
                ],
                [
                    444,
                    560
                ],
                [
                    444,
                    518
                ]
            ],
            "text": "The",
            "label": "I_Descri",
            "links": []
        },
        {
            "index": 46,
            "bbox": [
                [
                    449,
                    518
                ],
                [
                    449,
                    560
                ],
                [
                    859,
                    560
                ],
                [
                    859,
                    518
                ]
            ],
            "text": "AI-1027-TWT-5V-HT-R",
            "label": "I_Descri",
            "links": []
        },
        {
            "index": 47,
            "bbox": [
                [
                    864,
                    518
                ],
                [
                    864,
                    560
                ],
                [
                    901,
                    560
                ],
                [
                    901,
                    518
                ]
            ],
            "text": "is",
            "label": "I_Descri",
            "links": []
        },
        {
            "index": 48,
            "bbox": [
                [
                    906,
                    518
                ],
                [
                    906,
                    560
                ],
                [
                    985,
                    560
                ],
                [
                    985,
                    518
                ]
            ],
            "text": "built",
            "label": "I_Descri",
            "links": []
        },
        {
            "index": 49,
            "bbox": [
                [
                    990,
                    518
                ],
                [
                    990,
                    560
                ],
                [
                    1043,
                    560
                ],
                [
                    1043,
                    518
                ]
            ],
            "text": "for",
            "label": "I_Descri",
            "links": []
        },
        {
            "index": 50,
            "bbox": [
                [
                    1048,
                    518
                ],
                [
                    1048,
                    560
                ],
                [
                    1121,
                    560
                ],
                [
                    1121,
                    518
                ]
            ],
            "text": "high",
            "label": "I_Descri",
            "links": []
        },
        {
            "index": 51,
            "bbox": [
                [
                    1126,
                    518
                ],
                [
                    1126,
                    560
                ],
                [
                    1242,
                    560
                ],
                [
                    1242,
                    518
                ]
            ],
            "text": "output",
            "label": "I_Descri",
            "links": []
        },
        {
            "index": 52,
            "bbox": [
                [
                    1247,
                    518
                ],
                [
                    1247,
                    560
                ],
                [
                    1284,
                    560
                ],
                [
                    1284,
                    518
                ]
            ],
            "text": "at",
            "label": "I_Descri",
            "links": []
        },
        {
            "index": 53,
            "bbox": [
                [
                    1289,
                    518
                ],
                [
                    1289,
                    560
                ],
                [
                    1378,
                    560
                ],
                [
                    1378,
                    518
                ]
            ],
            "text": "2700",
            "label": "I_Descri",
            "links": []
        },
        {
            "index": 54,
            "bbox": [
                [
                    1384,
                    518
                ],
                [
                    1384,
                    560
                ],
                [
                    1432,
                    560
                ],
                [
                    1432,
                    518
                ]
            ],
            "text": "Hz",
            "label": "I_Descri",
            "links": []
        },
        {
            "index": 55,
            "bbox": [
                [
                    131,
                    566
                ],
                [
                    131,
                    608
                ],
                [
                    168,
                    608
                ],
                [
                    168,
                    566
                ]
            ],
            "text": "in",
            "label": "I_Descri",
            "links": []
        },
        {
            "index": 56,
            "bbox": [
                [
                    173,
                    566
                ],
                [
                    173,
                    608
                ],
                [
                    194,
                    608
                ],
                [
                    194,
                    566
                ]
            ],
            "text": "a",
            "label": "I_Descri",
            "links": []
        },
        {
            "index": 57,
            "bbox": [
                [
                    199,
                    566
                ],
                [
                    199,
                    608
                ],
                [
                    294,
                    608
                ],
                [
                    294,
                    566
                ]
            ],
            "text": "small",
            "label": "I_Descri",
            "links": []
        },
        {
            "index": 58,
            "bbox": [
                [
                    299,
                    566
                ],
                [
                    299,
                    608
                ],
                [
                    451,
                    608
                ],
                [
                    451,
                    566
                ]
            ],
            "text": "package.",
            "label": "I_Descri",
            "links": []
        },
        {
            "index": 59,
            "bbox": [
                [
                    195,
                    614
                ],
                [
                    195,
                    656
                ],
                [
                    237,
                    656
                ],
                [
                    237,
                    614
                ]
            ],
            "text": "•",
            "label": "Out",
            "links": []
        },
        {
            "index": 60,
            "bbox": [
                [
                    242,
                    614
                ],
                [
                    242,
                    656
                ],
                [
                    337,
                    656
                ],
                [
                    337,
                    614
                ]
            ],
            "text": "Light",
            "label": "B_Descri",
            "links": []
        },
        {
            "index": 61,
            "bbox": [
                [
                    342,
                    614
                ],
                [
                    342,
                    656
                ],
                [
                    457,
                    656
                ],
                [
                    457,
                    614
                ]
            ],
            "text": "weight",
            "label": "I_Descri",
            "links": []
        },
        {
            "index": 62,
            "bbox": [
                [
                    463,
                    614
                ],
                [
                    463,
                    656
                ],
                [
                    500,
                    656
                ],
                [
                    500,
                    614
                ]
            ],
            "text": "of",
            "label": "I_Descri",
            "links": []
        },
        {
            "index": 63,
            "bbox": [
                [
                    505,
                    614
                ],
                [
                    505,
                    656
                ],
                [
                    584,
                    656
                ],
                [
                    584,
                    614
                ]
            ],
            "text": "only",
            "label": "I_Descri",
            "links": []
        },
        {
            "index": 64,
            "bbox": [
                [
                    589,
                    614
                ],
                [
                    589,
                    656
                ],
                [
                    610,
                    656
                ],
                [
                    610,
                    614
                ]
            ],
            "text": "1",
            "label": "I_Descri",
            "links": []
        },
        {
            "index": 65,
            "bbox": [
                [
                    615,
                    614
                ],
                [
                    615,
                    656
                ],
                [
                    703,
                    656
                ],
                [
                    703,
                    614
                ]
            ],
            "text": "gram",
            "label": "I_Descri",
            "links": []
        },
        {
            "index": 66,
            "bbox": [
                [
                    195,
                    653
                ],
                [
                    195,
                    694
                ],
                [
                    240,
                    694
                ],
                [
                    240,
                    653
                ]
            ],
            "text": "•",
            "label": "Out",
            "links": []
        },
        {
            "index": 67,
            "bbox": [
                [
                    245,
                    653
                ],
                [
                    245,
                    694
                ],
                [
                    320,
                    694
                ],
                [
                    320,
                    653
                ]
            ],
            "text": "Low",
            "label": "B_Descri",
            "links": []
        },
        {
            "index": 68,
            "bbox": [
                [
                    325,
                    654
                ],
                [
                    325,
                    695
                ],
                [
                    455,
                    695
                ],
                [
                    455,
                    654
                ]
            ],
            "text": "current",
            "label": "I_Descri",
            "links": []
        },
        {
            "index": 69,
            "bbox": [
                [
                    460,
                    655
                ],
                [
                    460,
                    696
                ],
                [
                    550,
                    696
                ],
                [
                    550,
                    655
                ]
            ],
            "text": "draw",
            "label": "I_Descri",
            "links": []
        },
        {
            "index": 70,
            "bbox": [
                [
                    555,
                    655
                ],
                [
                    555,
                    695
                ],
                [
                    590,
                    695
                ],
                [
                    590,
                    655
                ]
            ],
            "text": "of",
            "label": "I_Descri",
            "links": []
        },
        {
            "index": 71,
            "bbox": [
                [
                    595,
                    656
                ],
                [
                    595,
                    697
                ],
                [
                    665,
                    697
                ],
                [
                    665,
                    656
                ]
            ],
            "text": "less",
            "label": "I_Descri",
            "links": []
        },
        {
            "index": 72,
            "bbox": [
                [
                    670,
                    656
                ],
                [
                    670,
                    697
                ],
                [
                    745,
                    697
                ],
                [
                    745,
                    656
                ]
            ],
            "text": "than",
            "label": "I_Descri",
            "links": []
        },
        {
            "index": 73,
            "bbox": [
                [
                    750,
                    657
                ],
                [
                    750,
                    698
                ],
                [
                    855,
                    698
                ],
                [
                    855,
                    657
                ]
            ],
            "text": "30mA",
            "label": "I_Descri",
            "links": []
        },
        {
            "index": 74,
            "bbox": [
                [
                    860,
                    658
                ],
                [
                    860,
                    699
                ],
                [
                    940,
                    699
                ],
                [
                    940,
                    658
                ]
            ],
            "text": "with",
            "label": "I_Descri",
            "links": []
        },
        {
            "index": 75,
            "bbox": [
                [
                    945,
                    658
                ],
                [
                    945,
                    698
                ],
                [
                    970,
                    698
                ],
                [
                    970,
                    658
                ]
            ],
            "text": "5",
            "label": "I_Descri",
            "links": []
        },
        {
            "index": 76,
            "bbox": [
                [
                    975,
                    659
                ],
                [
                    975,
                    700
                ],
                [
                    1045,
                    700
                ],
                [
                    1045,
                    659
                ]
            ],
            "text": "VDC",
            "label": "I_Descri",
            "links": []
        },
        {
            "index": 77,
            "bbox": [
                [
                    1050,
                    659
                ],
                [
                    1050,
                    701
                ],
                [
                    1148,
                    701
                ],
                [
                    1148,
                    659
                ]
            ],
            "text": "input",
            "label": "I_Descri",
            "links": []
        },
        {
            "index": 78,
            "bbox": [
                [
                    192,
                    707
                ],
                [
                    192,
                    749
                ],
                [
                    238,
                    749
                ],
                [
                    238,
                    707
                ]
            ],
            "text": "•",
            "label": "Out",
            "links": []
        },
        {
            "index": 79,
            "bbox": [
                [
                    243,
                    707
                ],
                [
                    243,
                    748
                ],
                [
                    294,
                    748
                ],
                [
                    294,
                    707
                ]
            ],
            "text": "85",
            "label": "B_Descri",
            "links": []
        },
        {
            "index": 80,
            "bbox": [
                [
                    300,
                    707
                ],
                [
                    300,
                    748
                ],
                [
                    356,
                    748
                ],
                [
                    356,
                    707
                ]
            ],
            "text": "dB,",
            "label": "I_Descri",
            "links": []
        },
        {
            "index": 81,
            "bbox": [
                [
                    361,
                    707
                ],
                [
                    361,
                    748
                ],
                [
                    453,
                    748
                ],
                [
                    453,
                    707
                ]
            ],
            "text": "2700",
            "label": "I_Descri",
            "links": []
        },
        {
            "index": 82,
            "bbox": [
                [
                    459,
                    707
                ],
                [
                    459,
                    748
                ],
                [
                    505,
                    748
                ],
                [
                    505,
                    707
                ]
            ],
            "text": "Hz",
            "label": "I_Descri",
            "links": []
        },
        {
            "index": 83,
            "bbox": [
                [
                    510,
                    707
                ],
                [
                    510,
                    748
                ],
                [
                    628,
                    748
                ],
                [
                    628,
                    707
                ]
            ],
            "text": "output",
            "label": "I_Descri",
            "links": []
        },
        {
            "index": 84,
            "bbox": [
                [
                    633,
                    707
                ],
                [
                    633,
                    748
                ],
                [
                    669,
                    748
                ],
                [
                    669,
                    707
                ]
            ],
            "text": "at",
            "label": "I_Descri",
            "links": []
        },
        {
            "index": 85,
            "bbox": [
                [
                    674,
                    707
                ],
                [
                    674,
                    749
                ],
                [
                    770,
                    749
                ],
                [
                    770,
                    707
                ]
            ],
            "text": "10cm",
            "label": "I_Descri",
            "links": []
        },
        {
            "index": 86,
            "bbox": [
                [
                    134,
                    803
                ],
                [
                    134,
                    841
                ],
                [
                    386,
                    841
                ],
                [
                    386,
                    803
                ]
            ],
            "text": "Specifications",
            "label": "B_Section",
            "links": []
        },
        {
            "index": 87,
            "bbox": [
                [
                    147,
                    892
                ],
                [
                    147,
                    921
                ],
                [
                    320,
                    921
                ],
                [
                    320,
                    892
                ]
            ],
            "text": "Parameters",
            "label": "Out",
            "links": []
        },
        {
            "index": 88,
            "bbox": [
                [
                    147,
                    934
                ],
                [
                    147,
                    966
                ],
                [
                    227,
                    966
                ],
                [
                    227,
                    934
                ]
            ],
            "text": "Rated",
            "label": "B_Prop",
            "links": []
        },
        {
            "index": 89,
            "bbox": [
                [
                    231,
                    934
                ],
                [
                    231,
                    966
                ],
                [
                    336,
                    966
                ],
                [
                    336,
                    934
                ]
            ],
            "text": "Voltage",
            "label": "I_Prop",
            "links": []
        },
        {
            "index": 90,
            "bbox": [
                [
                    147,
                    975
                ],
                [
                    147,
                    1010
                ],
                [
                    283,
                    1010
                ],
                [
                    283,
                    975
                ]
            ],
            "text": "Operating",
            "label": "B_Prop",
            "links": []
        },
        {
            "index": 91,
            "bbox": [
                [
                    287,
                    975
                ],
                [
                    287,
                    1010
                ],
                [
                    388,
                    1010
                ],
                [
                    388,
                    975
                ]
            ],
            "text": "Voltage",
            "label": "I_Prop",
            "links": []
        },
        {
            "index": 92,
            "bbox": [
                [
                    392,
                    975
                ],
                [
                    392,
                    1010
                ],
                [
                    476,
                    1010
                ],
                [
                    476,
                    975
                ]
            ],
            "text": "Range",
            "label": "I_Prop",
            "links": []
        },
        {
            "index": 93,
            "bbox": [
                [
                    147,
                    1014
                ],
                [
                    147,
                    1049
                ],
                [
                    256,
                    1049
                ],
                [
                    256,
                    1014
                ]
            ],
            "text": "Current",
            "label": "B_Prop",
            "links": []
        },
        {
            "index": 94,
            "bbox": [
                [
                    261,
                    1014
                ],
                [
                    261,
                    1049
                ],
                [
                    331,
                    1049
                ],
                [
                    331,
                    1014
                ]
            ],
            "text": "Draw",
            "label": "I_Prop",
            "links": []
        },
        {
            "index": 95,
            "bbox": [
                [
                    335,
                    1014
                ],
                [
                    335,
                    1049
                ],
                [
                    366,
                    1049
                ],
                [
                    366,
                    1014
                ]
            ],
            "text": "at",
            "label": "I_Prop",
            "links": []
        },
        {
            "index": 96,
            "bbox": [
                [
                    370,
                    1014
                ],
                [
                    370,
                    1049
                ],
                [
                    449,
                    1049
                ],
                [
                    449,
                    1014
                ]
            ],
            "text": "Rated",
            "label": "I_Prop",
            "links": []
        },
        {
            "index": 97,
            "bbox": [
                [
                    453,
                    1014
                ],
                [
                    453,
                    1049
                ],
                [
                    553,
                    1049
                ],
                [
                    553,
                    1014
                ]
            ],
            "text": "Voltage",
            "label": "I_Prop",
            "links": []
        },
        {
            "index": 98,
            "bbox": [
                [
                    150,
                    1058
                ],
                [
                    150,
                    1087
                ],
                [
                    280,
                    1087
                ],
                [
                    280,
                    1058
                ]
            ],
            "text": "Minimum",
            "label": "B_Prop",
            "links": []
        },
        {
            "index": 99,
            "bbox": [
                [
                    284,
                    1058
                ],
                [
                    284,
                    1087
                ],
                [
                    338,
                    1087
                ],
                [
                    338,
                    1058
                ]
            ],
            "text": "SPL",
            "label": "I_Prop",
            "links": []
        },
        {
            "index": 100,
            "bbox": [
                [
                    342,
                    1058
                ],
                [
                    342,
                    1087
                ],
                [
                    367,
                    1087
                ],
                [
                    367,
                    1058
                ]
            ],
            "text": "@",
            "label": "I_Prop",
            "links": []
        },
        {
            "index": 101,
            "bbox": [
                [
                    371,
                    1058
                ],
                [
                    371,
                    1087
                ],
                [
                    450,
                    1087
                ],
                [
                    450,
                    1058
                ]
            ],
            "text": "10cm",
            "label": "I_Prop",
            "links": []
        },
        {
            "index": 102,
            "bbox": [
                [
                    150,
                    1100
                ],
                [
                    150,
                    1132
                ],
                [
                    274,
                    1132
                ],
                [
                    274,
                    1100
                ]
            ],
            "text": "Resonant",
            "label": "B_Prop",
            "links": []
        },
        {
            "index": 103,
            "bbox": [
                [
                    278,
                    1100
                ],
                [
                    278,
                    1132
                ],
                [
                    422,
                    1132
                ],
                [
                    422,
                    1100
                ]
            ],
            "text": "Frequency",
            "label": "I_Prop",
            "links": []
        },
        {
            "index": 104,
            "bbox": [
                [
                    150,
                    1138
                ],
                [
                    150,
                    1174
                ],
                [
                    258,
                    1174
                ],
                [
                    258,
                    1138
                ]
            ],
            "text": "Housing",
            "label": "B_Prop",
            "links": []
        },
        {
            "index": 105,
            "bbox": [
                [
                    263,
                    1138
                ],
                [
                    263,
                    1174
                ],
                [
                    378,
                    1174
                ],
                [
                    378,
                    1138
                ]
            ],
            "text": "Material",
            "label": "I_Prop",
            "links": []
        },
        {
            "index": 106,
            "bbox": [
                [
                    147,
                    1179
                ],
                [
                    147,
                    1215
                ],
                [
                    250,
                    1215
                ],
                [
                    250,
                    1179
                ]
            ],
            "text": "Weight",
            "label": "B_Prop",
            "links": []
        },
        {
            "index": 107,
            "bbox": [
                [
                    751,
                    882
                ],
                [
                    751,
                    924
                ],
                [
                    857,
                    924
                ],
                [
                    857,
                    882
                ]
            ],
            "text": "Values",
            "label": "Out",
            "links": []
        },
        {
            "index": 108,
            "bbox": [
                [
                    783,
                    931
                ],
                [
                    783,
                    963
                ],
                [
                    815,
                    963
                ],
                [
                    815,
                    931
                ]
            ],
            "text": "5",
            "label": "B_Value",
            "links": []
        },
        {
            "index": 109,
            "bbox": [
                [
                    751,
                    965
                ],
                [
                    751,
                    1007
                ],
                [
                    772,
                    1007
                ],
                [
                    772,
                    965
                ]
            ],
            "text": "3",
            "label": "B_Value",
            "links": []
        },
        {
            "index": 110,
            "bbox": [
                [
                    776,
                    966
                ],
                [
                    776,
                    1007
                ],
                [
                    797,
                    1007
                ],
                [
                    797,
                    966
                ]
            ],
            "text": "~",
            "label": "I_Value",
            "links": []
        },
        {
            "index": 111,
            "bbox": [
                [
                    802,
                    966
                ],
                [
                    802,
                    1008
                ],
                [
                    853,
                    1008
                ],
                [
                    853,
                    966
                ]
            ],
            "text": "6.5",
            "label": "I_Value",
            "links": []
        },
        {
            "index": 112,
            "bbox": [
                [
                    773,
                    1010
                ],
                [
                    773,
                    1048
                ],
                [
                    834,
                    1048
                ],
                [
                    834,
                    1010
                ]
            ],
            "text": "≤30",
            "label": "B_Value",
            "links": []
        },
        {
            "index": 113,
            "bbox": [
                [
                    764,
                    1055
                ],
                [
                    764,
                    1087
                ],
                [
                    831,
                    1087
                ],
                [
                    831,
                    1055
                ]
            ],
            "text": "≥85",
            "label": "B_Value",
            "links": []
        },
        {
            "index": 114,
            "bbox": [
                [
                    729,
                    1093
                ],
                [
                    729,
                    1132
                ],
                [
                    876,
                    1132
                ],
                [
                    876,
                    1093
                ]
            ],
            "text": "2700+/-300",
            "label": "B_Value",
            "links": []
        },
        {
            "index": 115,
            "bbox": [
                [
                    773,
                    1132
                ],
                [
                    773,
                    1170
                ],
                [
                    834,
                    1170
                ],
                [
                    834,
                    1132
                ]
            ],
            "text": "PBT",
            "label": "B_Value",
            "links": []
        },
        {
            "index": 116,
            "bbox": [
                [
                    796,
                    1180
                ],
                [
                    796,
                    1209
                ],
                [
                    812,
                    1209
                ],
                [
                    812,
                    1180
                ]
            ],
            "text": "1",
            "label": "B_Value",
            "links": []
        },
        {
            "index": 117,
            "bbox": [
                [
                    630,
                    1222
                ],
                [
                    630,
                    1260
                ],
                [
                    706,
                    1260
                ],
                [
                    706,
                    1222
                ]
            ],
            "text": "Hand",
            "label": "B_Value",
            "links": []
        },
        {
            "index": 118,
            "bbox": [
                [
                    711,
                    1222
                ],
                [
                    711,
                    1260
                ],
                [
                    801,
                    1260
                ],
                [
                    801,
                    1222
                ]
            ],
            "text": "Solder,",
            "label": "I_Value",
            "links": []
        },
        {
            "index": 119,
            "bbox": [
                [
                    806,
                    1222
                ],
                [
                    806,
                    1260
                ],
                [
                    882,
                    1260
                ],
                [
                    882,
                    1222
                ]
            ],
            "text": "Wave",
            "label": "I_Value",
            "links": []
        },
        {
            "index": 120,
            "bbox": [
                [
                    886,
                    1222
                ],
                [
                    886,
                    1260
                ],
                [
                    974,
                    1260
                ],
                [
                    974,
                    1222
                ]
            ],
            "text": "Solder",
            "label": "I_Value",
            "links": []
        },
        {
            "index": 121,
            "bbox": [
                [
                    1195,
                    886
                ],
                [
                    1195,
                    922
                ],
                [
                    1278,
                    922
                ],
                [
                    1278,
                    886
                ]
            ],
            "text": "Units",
            "label": "Out",
            "links": []
        },
        {
            "index": 122,
            "bbox": [
                [
                    1204,
                    927
                ],
                [
                    1204,
                    963
                ],
                [
                    1272,
                    963
                ],
                [
                    1272,
                    927
                ]
            ],
            "text": "VDC",
            "label": "B_Unit",
            "links": []
        },
        {
            "index": 123,
            "bbox": [
                [
                    1205,
                    969
                ],
                [
                    1205,
                    1004
                ],
                [
                    1272,
                    1004
                ],
                [
                    1272,
                    969
                ]
            ],
            "text": "VDC",
            "label": "B_Unit",
            "links": []
        },
        {
            "index": 124,
            "bbox": [
                [
                    1208,
                    1010
                ],
                [
                    1208,
                    1048
                ],
                [
                    1266,
                    1048
                ],
                [
                    1266,
                    1010
                ]
            ],
            "text": "mA",
            "label": "B_Unit",
            "links": []
        },
        {
            "index": 125,
            "bbox": [
                [
                    1205,
                    1052
                ],
                [
                    1205,
                    1087
                ],
                [
                    1272,
                    1087
                ],
                [
                    1272,
                    1052
                ]
            ],
            "text": "dBA",
            "label": "B_Unit",
            "links": []
        },
        {
            "index": 126,
            "bbox": [
                [
                    1211,
                    1094
                ],
                [
                    1211,
                    1129
                ],
                [
                    1262,
                    1129
                ],
                [
                    1262,
                    1094
                ]
            ],
            "text": "Hz",
            "label": "B_Unit",
            "links": []
        },
        {
            "index": 127,
            "bbox": [
                [
                    1185,
                    1173
                ],
                [
                    1185,
                    1212
                ],
                [
                    1287,
                    1212
                ],
                [
                    1287,
                    1173
                ]
            ],
            "text": "Grams",
            "label": "B_Unit",
            "links": []
        },
        {
            "index": 128,
            "bbox": [
                [
                    1058,
                    1218
                ],
                [
                    1058,
                    1257
                ],
                [
                    1107,
                    1257
                ],
                [
                    1107,
                    1218
                ]
            ],
            "text": "See",
            "label": "B_Unit",
            "links": []
        },
        {
            "index": 129,
            "bbox": [
                [
                    1112,
                    1218
                ],
                [
                    1112,
                    1257
                ],
                [
                    1180,
                    1257
                ],
                [
                    1180,
                    1218
                ]
            ],
            "text": "page",
            "label": "I_Unit",
            "links": []
        },
        {
            "index": 130,
            "bbox": [
                [
                    1185,
                    1218
                ],
                [
                    1185,
                    1257
                ],
                [
                    1200,
                    1257
                ],
                [
                    1200,
                    1218
                ]
            ],
            "text": "3",
            "label": "I_Unit",
            "links": []
        },
        {
            "index": 131,
            "bbox": [
                [
                    1204,
                    1218
                ],
                [
                    1204,
                    1257
                ],
                [
                    1248,
                    1257
                ],
                [
                    1248,
                    1218
                ]
            ],
            "text": "for",
            "label": "I_Unit",
            "links": []
        },
        {
            "index": 132,
            "bbox": [
                [
                    1253,
                    1218
                ],
                [
                    1253,
                    1257
                ],
                [
                    1321,
                    1257
                ],
                [
                    1321,
                    1218
                ]
            ],
            "text": "wave",
            "label": "I_Unit",
            "links": []
        },
        {
            "index": 133,
            "bbox": [
                [
                    1326,
                    1218
                ],
                [
                    1326,
                    1257
                ],
                [
                    1415,
                    1257
                ],
                [
                    1415,
                    1218
                ]
            ],
            "text": "solder",
            "label": "I_Unit",
            "links": []
        },
        {
            "index": 134,
            "bbox": [
                [
                    1147,
                    1253
                ],
                [
                    1147,
                    1288
                ],
                [
                    1320,
                    1288
                ],
                [
                    1320,
                    1253
                ]
            ],
            "text": "information",
            "label": "I_Unit",
            "links": []
        },
        {
            "index": 135,
            "bbox": [
                [
                    150,
                    1257
                ],
                [
                    150,
                    1295
                ],
                [
                    292,
                    1295
                ],
                [
                    292,
                    1257
                ]
            ],
            "text": "Acceptable",
            "label": "B_Prop",
            "links": []
        },
        {
            "index": 136,
            "bbox": [
                [
                    297,
                    1257
                ],
                [
                    297,
                    1295
                ],
                [
                    425,
                    1295
                ],
                [
                    425,
                    1257
                ]
            ],
            "text": "Soldering",
            "label": "I_Prop",
            "links": []
        },
        {
            "index": 137,
            "bbox": [
                [
                    430,
                    1257
                ],
                [
                    430,
                    1295
                ],
                [
                    549,
                    1295
                ],
                [
                    549,
                    1257
                ]
            ],
            "text": "Methods",
            "label": "I_Prop",
            "links": []
        },
        {
            "index": 138,
            "bbox": [
                [
                    150,
                    1298
                ],
                [
                    150,
                    1333
                ],
                [
                    347,
                    1333
                ],
                [
                    347,
                    1298
                ]
            ],
            "text": "Environmental",
            "label": "B_Prop",
            "links": []
        },
        {
            "index": 139,
            "bbox": [
                [
                    351,
                    1298
                ],
                [
                    351,
                    1333
                ],
                [
                    521,
                    1333
                ],
                [
                    521,
                    1298
                ]
            ],
            "text": "Compliances",
            "label": "I_Prop",
            "links": []
        },
        {
            "index": 140,
            "bbox": [
                [
                    147,
                    1340
                ],
                [
                    147,
                    1375
                ],
                [
                    252,
                    1375
                ],
                [
                    252,
                    1340
                ]
            ],
            "text": "Storage",
            "label": "B_Prop",
            "links": []
        },
        {
            "index": 141,
            "bbox": [
                [
                    256,
                    1340
                ],
                [
                    256,
                    1375
                ],
                [
                    431,
                    1375
                ],
                [
                    431,
                    1340
                ]
            ],
            "text": "Temperature",
            "label": "I_Prop",
            "links": []
        },
        {
            "index": 142,
            "bbox": [
                [
                    147,
                    1381
                ],
                [
                    147,
                    1417
                ],
                [
                    282,
                    1417
                ],
                [
                    282,
                    1381
                ]
            ],
            "text": "Operating",
            "label": "B_Prop",
            "links": []
        },
        {
            "index": 143,
            "bbox": [
                [
                    287,
                    1381
                ],
                [
                    287,
                    1417
                ],
                [
                    464,
                    1417
                ],
                [
                    464,
                    1381
                ]
            ],
            "text": "Temperature",
            "label": "I_Prop",
            "links": []
        },
        {
            "index": 144,
            "bbox": [
                [
                    764,
                    1295
                ],
                [
                    764,
                    1330
                ],
                [
                    844,
                    1330
                ],
                [
                    844,
                    1295
                ]
            ],
            "text": "RoHS",
            "label": "B_Value",
            "links": []
        },
        {
            "index": 145,
            "bbox": [
                [
                    732,
                    1340
                ],
                [
                    732,
                    1372
                ],
                [
                    786,
                    1372
                ],
                [
                    786,
                    1340
                ]
            ],
            "text": "-40",
            "label": "B_Value",
            "links": []
        },
        {
            "index": 146,
            "bbox": [
                [
                    790,
                    1340
                ],
                [
                    790,
                    1371
                ],
                [
                    809,
                    1371
                ],
                [
                    809,
                    1340
                ]
            ],
            "text": "~",
            "label": "I_Value",
            "links": []
        },
        {
            "index": 147,
            "bbox": [
                [
                    813,
                    1340
                ],
                [
                    813,
                    1372
                ],
                [
                    869,
                    1372
                ],
                [
                    869,
                    1340
                ]
            ],
            "text": "+90",
            "label": "I_Value",
            "links": []
        },
        {
            "index": 148,
            "bbox": [
                [
                    732,
                    1381
                ],
                [
                    732,
                    1413
                ],
                [
                    782,
                    1413
                ],
                [
                    782,
                    1381
                ]
            ],
            "text": "-40",
            "label": "B_Value",
            "links": []
        },
        {
            "index": 149,
            "bbox": [
                [
                    787,
                    1382
                ],
                [
                    787,
                    1413
                ],
                [
                    810,
                    1413
                ],
                [
                    810,
                    1382
                ]
            ],
            "text": "~",
            "label": "I_Value",
            "links": []
        },
        {
            "index": 150,
            "bbox": [
                [
                    813,
                    1381
                ],
                [
                    813,
                    1413
                ],
                [
                    869,
                    1413
                ],
                [
                    869,
                    1381
                ]
            ],
            "text": "+85",
            "label": "I_Value",
            "links": []
        },
        {
            "index": 151,
            "bbox": [
                [
                    134,
                    1471
                ],
                [
                    134,
                    1513
                ],
                [
                    386,
                    1513
                ],
                [
                    386,
                    1471
                ]
            ],
            "text": "Measurement",
            "label": "B_Section",
            "links": []
        },
        {
            "index": 152,
            "bbox": [
                [
                    391,
                    1471
                ],
                [
                    391,
                    1513
                ],
                [
                    533,
                    1513
                ],
                [
                    533,
                    1471
                ]
            ],
            "text": "Method",
            "label": "I_Section",
            "links": []
        },
        {
            "index": 153,
            "bbox": [
                [
                    840,
                    1484
                ],
                [
                    840,
                    1516
                ],
                [
                    904,
                    1516
                ],
                [
                    904,
                    1484
                ]
            ],
            "text": "10cm",
            "label": "Out",
            "links": []
        },
        {
            "index": 154,
            "bbox": [
                [
                    917,
                    1516
                ],
                [
                    917,
                    1545
                ],
                [
                    978,
                    1545
                ],
                [
                    978,
                    1516
                ]
            ],
            "text": "-",
            "label": "Out",
            "links": []
        },
        {
            "index": 155,
            "bbox": [
                [
                    914,
                    1624
                ],
                [
                    914,
                    1682
                ],
                [
                    1010,
                    1682
                ],
                [
                    1010,
                    1624
                ]
            ],
            "text": "ПитС",
            "label": "Out",
            "links": []
        },
        {
            "index": 156,
            "bbox": [
                [
                    163,
                    1714
                ],
                [
                    163,
                    1749
                ],
                [
                    217,
                    1749
                ],
                [
                    217,
                    1714
                ]
            ],
            "text": "VDC",
            "label": "Out",
            "links": []
        },
        {
            "index": 157,
            "bbox": [
                [
                    617,
                    1791
                ],
                [
                    617,
                    1829
                ],
                [
                    719,
                    1829
                ],
                [
                    719,
                    1791
                ]
            ],
            "text": "Buzzer",
            "label": "Out",
            "links": []
        },
        {
            "index": 158,
            "bbox": [
                [
                    1086,
                    1746
                ],
                [
                    1086,
                    1791
                ],
                [
                    1221,
                    1791
                ],
                [
                    1221,
                    1746
                ]
            ],
            "text": "Acoustic",
            "label": "Out",
            "links": []
        },
        {
            "index": 159,
            "bbox": [
                [
                    1227,
                    1746
                ],
                [
                    1227,
                    1791
                ],
                [
                    1378,
                    1791
                ],
                [
                    1378,
                    1746
                ]
            ],
            "text": "Component",
            "label": "Out",
            "links": []
        },
        {
            "index": 160,
            "bbox": [
                [
                    1086,
                    1813
                ],
                [
                    1086,
                    1851
                ],
                [
                    1223,
                    1851
                ],
                [
                    1223,
                    1813
                ]
            ],
            "text": "Computer",
            "label": "Out",
            "links": []
        },
        {
            "index": 161,
            "bbox": [
                [
                    1229,
                    1813
                ],
                [
                    1229,
                    1851
                ],
                [
                    1300,
                    1851
                ],
                [
                    1300,
                    1813
                ]
            ],
            "text": "test",
            "label": "Out",
            "links": []
        },
        {
            "index": 162,
            "bbox": [
                [
                    1305,
                    1813
                ],
                [
                    1305,
                    1851
                ],
                [
                    1403,
                    1851
                ],
                [
                    1403,
                    1813
                ]
            ],
            "text": "system",
            "label": "Out",
            "links": []
        },
        {
            "index": 163,
            "bbox": [
                [
                    894,
                    1840
                ],
                [
                    894,
                    1882
                ],
                [
                    998,
                    1882
                ],
                [
                    998,
                    1840
                ]
            ],
            "text": "Buzzer",
            "label": "Out",
            "links": []
        },
        {
            "index": 164,
            "bbox": [
                [
                    738,
                    1880
                ],
                [
                    738,
                    1906
                ],
                [
                    764,
                    1906
                ],
                [
                    764,
                    1880
                ]
            ],
            "text": "+",
            "label": "Out",
            "links": []
        },
        {
            "index": 165,
            "bbox": [
                [
                    687,
                    2174
                ],
                [
                    687,
                    2196
                ],
                [
                    911,
                    2196
                ],
                [
                    911,
                    2174
                ]
            ],
            "text": "www.puiaudio.com",
            "label": "Out",
            "links": []
        },
        {
            "index": 166,
            "bbox": [
                [
                    1218,
                    1335
                ],
                [
                    1218,
                    1369
                ],
                [
                    1252,
                    1369
                ],
                [
                    1252,
                    1335
                ]
            ],
            "text": "°C",
            "label": "B_Unit",
            "links": []
        },
        {
            "index": 167,
            "bbox": [
                [
                    1217,
                    1375
                ],
                [
                    1217,
                    1410
                ],
                [
                    1252,
                    1410
                ],
                [
                    1252,
                    1375
                ]
            ],
            "text": "°C",
            "label": "B_Unit",
            "links": []
        }
    ]
}