{
    "datasheet": [
        {
            "index": 0,
            "bbox": [
                [
                    144,
                    26
                ],
                [
                    144,
                    52
                ],
                [
                    185,
                    52
                ],
                [
                    185,
                    26
                ]
            ],
            "text": "This",
            "label": "Out",
            "links": []
        },
        {
            "index": 1,
            "bbox": [
                [
                    188,
                    26
                ],
                [
                    188,
                    51
                ],
                [
                    294,
                    51
                ],
                [
                    294,
                    26
                ]
            ],
            "text": "document",
            "label": "Out",
            "links": []
        },
        {
            "index": 2,
            "bbox": [
                [
                    297,
                    26
                ],
                [
                    297,
                    51
                ],
                [
                    388,
                    51
                ],
                [
                    388,
                    26
                ]
            ],
            "text": "contains",
            "label": "Out",
            "links": []
        },
        {
            "index": 3,
            "bbox": [
                [
                    391,
                    26
                ],
                [
                    391,
                    51
                ],
                [
                    438,
                    51
                ],
                [
                    438,
                    26
                ]
            ],
            "text": "data",
            "label": "Out",
            "links": []
        },
        {
            "index": 4,
            "bbox": [
                [
                    441,
                    26
                ],
                [
                    441,
                    51
                ],
                [
                    560,
                    51
                ],
                [
                    560,
                    26
                ]
            ],
            "text": "proprietary",
            "label": "Out",
            "links": []
        },
        {
            "index": 5,
            "bbox": [
                [
                    563,
                    26
                ],
                [
                    563,
                    51
                ],
                [
                    588,
                    51
                ],
                [
                    588,
                    26
                ]
            ],
            "text": "to",
            "label": "Out",
            "links": []
        },
        {
            "index": 6,
            "bbox": [
                [
                    591,
                    26
                ],
                [
                    591,
                    51
                ],
                [
                    628,
                    51
                ],
                [
                    628,
                    26
                ]
            ],
            "text": "PUI",
            "label": "Out",
            "links": []
        },
        {
            "index": 7,
            "bbox": [
                [
                    632,
                    26
                ],
                [
                    632,
                    51
                ],
                [
                    691,
                    51
                ],
                [
                    691,
                    26
                ]
            ],
            "text": "Audio",
            "label": "Out",
            "links": []
        },
        {
            "index": 8,
            "bbox": [
                [
                    694,
                    26
                ],
                [
                    694,
                    51
                ],
                [
                    735,
                    51
                ],
                [
                    735,
                    26
                ]
            ],
            "text": "Inc.",
            "label": "Out",
            "links": []
        },
        {
            "index": 9,
            "bbox": [
                [
                    738,
                    26
                ],
                [
                    738,
                    51
                ],
                [
                    779,
                    51
                ],
                [
                    779,
                    26
                ]
            ],
            "text": "Any",
            "label": "Out",
            "links": []
        },
        {
            "index": 10,
            "bbox": [
                [
                    782,
                    26
                ],
                [
                    782,
                    51
                ],
                [
                    819,
                    51
                ],
                [
                    819,
                    26
                ]
            ],
            "text": "use",
            "label": "Out",
            "links": []
        },
        {
            "index": 11,
            "bbox": [
                [
                    822,
                    26
                ],
                [
                    822,
                    51
                ],
                [
                    847,
                    51
                ],
                [
                    847,
                    26
                ]
            ],
            "text": "or",
            "label": "Out",
            "links": []
        },
        {
            "index": 12,
            "bbox": [
                [
                    850,
                    26
                ],
                [
                    850,
                    51
                ],
                [
                    991,
                    51
                ],
                [
                    991,
                    26
                ]
            ],
            "text": "reproduction,",
            "label": "Out",
            "links": []
        },
        {
            "index": 13,
            "bbox": [
                [
                    994,
                    26
                ],
                [
                    994,
                    51
                ],
                [
                    1019,
                    51
                ],
                [
                    1019,
                    26
                ]
            ],
            "text": "in",
            "label": "Out",
            "links": []
        },
        {
            "index": 14,
            "bbox": [
                [
                    1022,
                    26
                ],
                [
                    1022,
                    51
                ],
                [
                    1060,
                    51
                ],
                [
                    1060,
                    26
                ]
            ],
            "text": "any",
            "label": "Out",
            "links": []
        },
        {
            "index": 15,
            "bbox": [
                [
                    1063,
                    26
                ],
                [
                    1063,
                    51
                ],
                [
                    1122,
                    51
                ],
                [
                    1122,
                    26
                ]
            ],
            "text": "form,",
            "label": "Out",
            "links": []
        },
        {
            "index": 16,
            "bbox": [
                [
                    1125,
                    26
                ],
                [
                    1125,
                    51
                ],
                [
                    1206,
                    51
                ],
                [
                    1206,
                    26
                ]
            ],
            "text": "without",
            "label": "Out",
            "links": []
        },
        {
            "index": 17,
            "bbox": [
                [
                    1210,
                    26
                ],
                [
                    1210,
                    51
                ],
                [
                    1263,
                    51
                ],
                [
                    1263,
                    26
                ]
            ],
            "text": "prior",
            "label": "Out",
            "links": []
        },
        {
            "index": 18,
            "bbox": [
                [
                    1266,
                    26
                ],
                [
                    1266,
                    51
                ],
                [
                    1341,
                    51
                ],
                [
                    1341,
                    26
                ]
            ],
            "text": "written",
            "label": "Out",
            "links": []
        },
        {
            "index": 19,
            "bbox": [
                [
                    1344,
                    26
                ],
                [
                    1344,
                    52
                ],
                [
                    1460,
                    52
                ],
                [
                    1460,
                    26
                ]
            ],
            "text": "permission",
            "label": "Out",
            "links": []
        },
        {
            "index": 20,
            "bbox": [
                [
                    645,
                    54
                ],
                [
                    645,
                    80
                ],
                [
                    667,
                    80
                ],
                [
                    667,
                    54
                ]
            ],
            "text": "of",
            "label": "Out",
            "links": []
        },
        {
            "index": 21,
            "bbox": [
                [
                    671,
                    54
                ],
                [
                    671,
                    80
                ],
                [
                    710,
                    80
                ],
                [
                    710,
                    54
                ]
            ],
            "text": "PUI",
            "label": "Out",
            "links": []
        },
        {
            "index": 22,
            "bbox": [
                [
                    713,
                    54
                ],
                [
                    713,
                    80
                ],
                [
                    775,
                    80
                ],
                [
                    775,
                    54
                ]
            ],
            "text": "Audio",
            "label": "Out",
            "links": []
        },
        {
            "index": 23,
            "bbox": [
                [
                    778,
                    54
                ],
                [
                    778,
                    80
                ],
                [
                    817,
                    80
                ],
                [
                    817,
                    54
                ]
            ],
            "text": "Inc.",
            "label": "Out",
            "links": []
        },
        {
            "index": 24,
            "bbox": [
                [
                    820,
                    54
                ],
                [
                    820,
                    80
                ],
                [
                    836,
                    80
                ],
                [
                    836,
                    54
                ]
            ],
            "text": "is",
            "label": "Out",
            "links": []
        },
        {
            "index": 25,
            "bbox": [
                [
                    840,
                    54
                ],
                [
                    840,
                    80
                ],
                [
                    959,
                    80
                ],
                [
                    959,
                    54
                ]
            ],
            "text": "prohibited.",
            "label": "Out",
            "links": []
        },
        {
            "index": 26,
            "bbox": [
                [
                    690,
                    86
                ],
                [
                    690,
                    112
                ],
                [
                    768,
                    112
                ],
                [
                    768,
                    86
                ]
            ],
            "text": "©2021,",
            "label": "Out",
            "links": []
        },
        {
            "index": 27,
            "bbox": [
                [
                    771,
                    86
                ],
                [
                    771,
                    112
                ],
                [
                    810,
                    112
                ],
                [
                    810,
                    86
                ]
            ],
            "text": "PUI",
            "label": "Out",
            "links": []
        },
        {
            "index": 28,
            "bbox": [
                [
                    813,
                    86
                ],
                [
                    813,
                    112
                ],
                [
                    871,
                    112
                ],
                [
                    871,
                    86
                ]
            ],
            "text": "Audio",
            "label": "Out",
            "links": []
        },
        {
            "index": 29,
            "bbox": [
                [
                    875,
                    86
                ],
                [
                    875,
                    112
                ],
                [
                    914,
                    112
                ],
                [
                    914,
                    86
                ]
            ],
            "text": "Inc.",
            "label": "Out",
            "links": []
        },
        {
            "index": 30,
            "bbox": [
                [
                    150,
                    377
                ],
                [
                    150,
                    412
                ],
                [
                    229,
                    412
                ],
                [
                    229,
                    377
                ]
            ],
            "text": "Data",
            "label": "Out",
            "links": []
        },
        {
            "index": 31,
            "bbox": [
                [
                    233,
                    377
                ],
                [
                    233,
                    412
                ],
                [
                    332,
                    412
                ],
                [
                    332,
                    377
                ]
            ],
            "text": "Sheet",
            "label": "Out",
            "links": []
        },
        {
            "index": 32,
            "bbox": [
                [
                    134,
                    466
                ],
                [
                    134,
                    496
                ],
                [
                    281,
                    496
                ],
                [
                    281,
                    466
                ]
            ],
            "text": "Features:",
            "label": "B_Section",
            "links": []
        },
        {
            "index": 33,
            "bbox": [
                [
                    195,
                    508
                ],
                [
                    195,
                    544
                ],
                [
                    240,
                    544
                ],
                [
                    240,
                    508
                ]
            ],
            "text": "•",
            "label": "Out",
            "links": []
        },
        {
            "index": 34,
            "bbox": [
                [
                    246,
                    508
                ],
                [
                    246,
                    544
                ],
                [
                    363,
                    544
                ],
                [
                    363,
                    508
                ]
            ],
            "text": "3V0-pk,",
            "label": "B_Descri",
            "links": []
        },
        {
            "index": 35,
            "bbox": [
                [
                    366,
                    508
                ],
                [
                    366,
                    544
                ],
                [
                    443,
                    544
                ],
                [
                    443,
                    508
                ]
            ],
            "text": "2730",
            "label": "I_Descri",
            "links": []
        },
        {
            "index": 36,
            "bbox": [
                [
                    447,
                    508
                ],
                [
                    447,
                    544
                ],
                [
                    487,
                    544
                ],
                [
                    487,
                    508
                ]
            ],
            "text": "Hz",
            "label": "I_Descri",
            "links": []
        },
        {
            "index": 37,
            "bbox": [
                [
                    492,
                    508
                ],
                [
                    492,
                    544
                ],
                [
                    627,
                    544
                ],
                [
                    627,
                    508
                ]
            ],
            "text": "Magnetic",
            "label": "I_Descri",
            "links": []
        },
        {
            "index": 38,
            "bbox": [
                [
                    631,
                    508
                ],
                [
                    631,
                    544
                ],
                [
                    795,
                    544
                ],
                [
                    795,
                    508
                ]
            ],
            "text": "Transducer",
            "label": "I_Descri",
            "links": []
        },
        {
            "index": 39,
            "bbox": [
                [
                    198,
                    546
                ],
                [
                    198,
                    581
                ],
                [
                    242,
                    581
                ],
                [
                    242,
                    546
                ]
            ],
            "text": "•",
            "label": "Out",
            "links": []
        },
        {
            "index": 40,
            "bbox": [
                [
                    246,
                    547
                ],
                [
                    246,
                    582
                ],
                [
                    294,
                    582
                ],
                [
                    294,
                    547
                ]
            ],
            "text": "Pin",
            "label": "B_Descri",
            "links": []
        },
        {
            "index": 41,
            "bbox": [
                [
                    299,
                    547
                ],
                [
                    299,
                    582
                ],
                [
                    377,
                    582
                ],
                [
                    377,
                    547
                ]
            ],
            "text": "Type",
            "label": "I_Descri",
            "links": []
        },
        {
            "index": 42,
            "bbox": [
                [
                    195,
                    585
                ],
                [
                    195,
                    624
                ],
                [
                    239,
                    624
                ],
                [
                    239,
                    585
                ]
            ],
            "text": "•",
            "label": "Out",
            "links": []
        },
        {
            "index": 43,
            "bbox": [
                [
                    244,
                    585
                ],
                [
                    244,
                    624
                ],
                [
                    332,
                    624
                ],
                [
                    332,
                    585
                ]
            ],
            "text": "Wave",
            "label": "B_Descri",
            "links": []
        },
        {
            "index": 44,
            "bbox": [
                [
                    336,
                    585
                ],
                [
                    336,
                    624
                ],
                [
                    429,
                    624
                ],
                [
                    429,
                    585
                ]
            ],
            "text": "Solder",
            "label": "I_Descri",
            "links": []
        },
        {
            "index": 45,
            "bbox": [
                [
                    434,
                    585
                ],
                [
                    434,
                    624
                ],
                [
                    561,
                    624
                ],
                [
                    561,
                    585
                ]
            ],
            "text": "Allowed,",
            "label": "I_Descri",
            "links": []
        },
        {
            "index": 46,
            "bbox": [
                [
                    566,
                    585
                ],
                [
                    566,
                    624
                ],
                [
                    693,
                    624
                ],
                [
                    693,
                    585
                ]
            ],
            "text": "Washing",
            "label": "I_Descri",
            "links": []
        },
        {
            "index": 47,
            "bbox": [
                [
                    697,
                    585
                ],
                [
                    697,
                    624
                ],
                [
                    765,
                    624
                ],
                [
                    765,
                    585
                ]
            ],
            "text": "NOT",
            "label": "I_Descri",
            "links": []
        },
        {
            "index": 48,
            "bbox": [
                [
                    770,
                    585
                ],
                [
                    770,
                    624
                ],
                [
                    885,
                    624
                ],
                [
                    885,
                    585
                ]
            ],
            "text": "Allowed",
            "label": "I_Descri",
            "links": []
        },
        {
            "index": 49,
            "bbox": [
                [
                    134,
                    678
                ],
                [
                    134,
                    716
                ],
                [
                    383,
                    716
                ],
                [
                    383,
                    678
                ]
            ],
            "text": "Specifications",
            "label": "B_Section",
            "links": []
        },
        {
            "index": 50,
            "bbox": [
                [
                    147,
                    714
                ],
                [
                    147,
                    756
                ],
                [
                    324,
                    756
                ],
                [
                    324,
                    714
                ]
            ],
            "text": "Parameters",
            "label": "Out",
            "links": []
        },
        {
            "index": 51,
            "bbox": [
                [
                    150,
                    760
                ],
                [
                    150,
                    799
                ],
                [
                    226,
                    799
                ],
                [
                    226,
                    760
                ]
            ],
            "text": "Rated",
            "label": "B_Prop",
            "links": []
        },
        {
            "index": 52,
            "bbox": [
                [
                    231,
                    761
                ],
                [
                    231,
                    800
                ],
                [
                    339,
                    800
                ],
                [
                    339,
                    761
                ]
            ],
            "text": "Voltage",
            "label": "I_Prop",
            "links": []
        },
        {
            "index": 53,
            "bbox": [
                [
                    147,
                    796
                ],
                [
                    147,
                    844
                ],
                [
                    279,
                    844
                ],
                [
                    279,
                    796
                ]
            ],
            "text": "Operating",
            "label": "B_Prop",
            "links": []
        },
        {
            "index": 54,
            "bbox": [
                [
                    285,
                    796
                ],
                [
                    285,
                    844
                ],
                [
                    387,
                    844
                ],
                [
                    387,
                    796
                ]
            ],
            "text": "Voltage",
            "label": "I_Prop",
            "links": []
        },
        {
            "index": 55,
            "bbox": [
                [
                    393,
                    796
                ],
                [
                    393,
                    844
                ],
                [
                    479,
                    844
                ],
                [
                    479,
                    796
                ]
            ],
            "text": "Range",
            "label": "I_Prop",
            "links": []
        },
        {
            "index": 56,
            "bbox": [
                [
                    147,
                    844
                ],
                [
                    147,
                    883
                ],
                [
                    254,
                    883
                ],
                [
                    254,
                    844
                ]
            ],
            "text": "Current",
            "label": "B_Prop",
            "links": []
        },
        {
            "index": 57,
            "bbox": [
                [
                    259,
                    844
                ],
                [
                    259,
                    883
                ],
                [
                    332,
                    883
                ],
                [
                    332,
                    844
                ]
            ],
            "text": "Draw",
            "label": "I_Prop",
            "links": []
        },
        {
            "index": 58,
            "bbox": [
                [
                    337,
                    844
                ],
                [
                    337,
                    883
                ],
                [
                    361,
                    883
                ],
                [
                    361,
                    844
                ]
            ],
            "text": "at",
            "label": "I_Prop",
            "links": []
        },
        {
            "index": 59,
            "bbox": [
                [
                    366,
                    844
                ],
                [
                    366,
                    883
                ],
                [
                    444,
                    883
                ],
                [
                    444,
                    844
                ]
            ],
            "text": "Rated",
            "label": "I_Prop",
            "links": []
        },
        {
            "index": 60,
            "bbox": [
                [
                    449,
                    844
                ],
                [
                    449,
                    883
                ],
                [
                    556,
                    883
                ],
                [
                    556,
                    844
                ]
            ],
            "text": "Voltage",
            "label": "I_Prop",
            "links": []
        },
        {
            "index": 61,
            "bbox": [
                [
                    150,
                    889
                ],
                [
                    150,
                    921
                ],
                [
                    202,
                    921
                ],
                [
                    202,
                    889
                ]
            ],
            "text": "Coil",
            "label": "B_Prop",
            "links": []
        },
        {
            "index": 62,
            "bbox": [
                [
                    206,
                    889
                ],
                [
                    206,
                    921
                ],
                [
                    352,
                    921
                ],
                [
                    352,
                    889
                ]
            ],
            "text": "Resistance",
            "label": "I_Prop",
            "links": []
        },
        {
            "index": 63,
            "bbox": [
                [
                    150,
                    931
                ],
                [
                    150,
                    963
                ],
                [
                    278,
                    963
                ],
                [
                    278,
                    931
                ]
            ],
            "text": "Minimum",
            "label": "B_Prop",
            "links": []
        },
        {
            "index": 64,
            "bbox": [
                [
                    282,
                    931
                ],
                [
                    282,
                    962
                ],
                [
                    336,
                    962
                ],
                [
                    336,
                    931
                ]
            ],
            "text": "SPL",
            "label": "I_Prop",
            "links": []
        },
        {
            "index": 65,
            "bbox": [
                [
                    340,
                    931
                ],
                [
                    340,
                    962
                ],
                [
                    367,
                    962
                ],
                [
                    367,
                    931
                ]
            ],
            "text": "@",
            "label": "I_Prop",
            "links": []
        },
        {
            "index": 66,
            "bbox": [
                [
                    371,
                    931
                ],
                [
                    371,
                    963
                ],
                [
                    447,
                    963
                ],
                [
                    447,
                    931
                ]
            ],
            "text": "10cm",
            "label": "I_Prop",
            "links": []
        },
        {
            "index": 67,
            "bbox": [
                [
                    150,
                    969
                ],
                [
                    150,
                    1007
                ],
                [
                    273,
                    1007
                ],
                [
                    273,
                    969
                ]
            ],
            "text": "Resonant",
            "label": "B_Prop",
            "links": []
        },
        {
            "index": 68,
            "bbox": [
                [
                    278,
                    969
                ],
                [
                    278,
                    1007
                ],
                [
                    425,
                    1007
                ],
                [
                    425,
                    969
                ]
            ],
            "text": "Frequency",
            "label": "I_Prop",
            "links": []
        },
        {
            "index": 69,
            "bbox": [
                [
                    147,
                    1006
                ],
                [
                    147,
                    1049
                ],
                [
                    260,
                    1049
                ],
                [
                    260,
                    1006
                ]
            ],
            "text": "Housing",
            "label": "B_Prop",
            "links": []
        },
        {
            "index": 70,
            "bbox": [
                [
                    265,
                    1007
                ],
                [
                    265,
                    1050
                ],
                [
                    384,
                    1050
                ],
                [
                    384,
                    1007
                ]
            ],
            "text": "Material",
            "label": "I_Prop",
            "links": []
        },
        {
            "index": 71,
            "bbox": [
                [
                    147,
                    1055
                ],
                [
                    147,
                    1087
                ],
                [
                    271,
                    1087
                ],
                [
                    271,
                    1055
                ]
            ],
            "text": "Terminal",
            "label": "B_Prop",
            "links": []
        },
        {
            "index": 72,
            "bbox": [
                [
                    275,
                    1055
                ],
                [
                    275,
                    1087
                ],
                [
                    393,
                    1087
                ],
                [
                    393,
                    1055
                ]
            ],
            "text": "Material",
            "label": "I_Prop",
            "links": []
        },
        {
            "index": 73,
            "bbox": [
                [
                    147,
                    1093
                ],
                [
                    147,
                    1132
                ],
                [
                    253,
                    1132
                ],
                [
                    253,
                    1093
                ]
            ],
            "text": "Weight",
            "label": "B_Prop",
            "links": []
        },
        {
            "index": 74,
            "bbox": [
                [
                    147,
                    1135
                ],
                [
                    147,
                    1174
                ],
                [
                    293,
                    1174
                ],
                [
                    293,
                    1135
                ]
            ],
            "text": "Acceptable",
            "label": "B_Prop",
            "links": []
        },
        {
            "index": 75,
            "bbox": [
                [
                    298,
                    1135
                ],
                [
                    298,
                    1174
                ],
                [
                    425,
                    1174
                ],
                [
                    425,
                    1135
                ]
            ],
            "text": "Soldering",
            "label": "I_Prop",
            "links": []
        },
        {
            "index": 76,
            "bbox": [
                [
                    430,
                    1135
                ],
                [
                    430,
                    1174
                ],
                [
                    547,
                    1174
                ],
                [
                    547,
                    1135
                ]
            ],
            "text": "Methods",
            "label": "I_Prop",
            "links": []
        },
        {
            "index": 77,
            "bbox": [
                [
                    147,
                    1167
                ],
                [
                    147,
                    1215
                ],
                [
                    345,
                    1215
                ],
                [
                    345,
                    1167
                ]
            ],
            "text": "Environmental",
            "label": "B_Prop",
            "links": []
        },
        {
            "index": 78,
            "bbox": [
                [
                    351,
                    1167
                ],
                [
                    351,
                    1215
                ],
                [
                    524,
                    1215
                ],
                [
                    524,
                    1167
                ]
            ],
            "text": "Compliances",
            "label": "I_Prop",
            "links": []
        },
        {
            "index": 79,
            "bbox": [
                [
                    147,
                    1222
                ],
                [
                    147,
                    1254
                ],
                [
                    252,
                    1254
                ],
                [
                    252,
                    1222
                ]
            ],
            "text": "Storage",
            "label": "B_Prop",
            "links": []
        },
        {
            "index": 80,
            "bbox": [
                [
                    256,
                    1222
                ],
                [
                    256,
                    1254
                ],
                [
                    432,
                    1254
                ],
                [
                    432,
                    1222
                ]
            ],
            "text": "Temperature",
            "label": "I_Prop",
            "links": []
        },
        {
            "index": 81,
            "bbox": [
                [
                    147,
                    1263
                ],
                [
                    147,
                    1295
                ],
                [
                    283,
                    1295
                ],
                [
                    283,
                    1263
                ]
            ],
            "text": "Operating",
            "label": "B_Prop",
            "links": []
        },
        {
            "index": 82,
            "bbox": [
                [
                    287,
                    1263
                ],
                [
                    287,
                    1295
                ],
                [
                    463,
                    1295
                ],
                [
                    463,
                    1263
                ]
            ],
            "text": "Temperature",
            "label": "I_Prop",
            "links": []
        },
        {
            "index": 83,
            "bbox": [
                [
                    760,
                    722
                ],
                [
                    760,
                    755
                ],
                [
                    863,
                    755
                ],
                [
                    863,
                    722
                ]
            ],
            "text": "Values",
            "label": "Out",
            "links": []
        },
        {
            "index": 84,
            "bbox": [
                [
                    796,
                    764
                ],
                [
                    796,
                    796
                ],
                [
                    822,
                    796
                ],
                [
                    822,
                    764
                ]
            ],
            "text": "3",
            "label": "B_Value",
            "links": []
        },
        {
            "index": 85,
            "bbox": [
                [
                    773,
                    806
                ],
                [
                    773,
                    838
                ],
                [
                    797,
                    838
                ],
                [
                    797,
                    806
                ]
            ],
            "text": "2",
            "label": "B_Value",
            "links": []
        },
        {
            "index": 86,
            "bbox": [
                [
                    801,
                    806
                ],
                [
                    801,
                    838
                ],
                [
                    847,
                    838
                ],
                [
                    847,
                    806
                ]
            ],
            "text": "~ 4",
            "label": "I_Value",
            "links": []
        },
        {
            "index": 87,
            "bbox": [
                [
                    747,
                    848
                ],
                [
                    747,
                    884
                ],
                [
                    783,
                    884
                ],
                [
                    783,
                    848
                ]
            ],
            "text": "70",
            "label": "B_Value",
            "links": []
        },
        {
            "index": 88,
            "bbox": [
                [
                    787,
                    846
                ],
                [
                    787,
                    883
                ],
                [
                    876,
                    883
                ],
                [
                    876,
                    846
                ]
            ],
            "text": "(",
            "label": "I_Value",
            "links": []
        },
        {
            "index": 89,
            "bbox": [
                [
                    787,
                    846
                ],
                [
                    787,
                    884
                ],
                [
                    876,
                    884
                ],
                [
                    876,
                    846
                ]
            ],
            "text": "Max.)",
            "label": "I_Value",
            "links": []
        },
        {
            "index": 90,
            "bbox": [
                [
                    767,
                    886
                ],
                [
                    767,
                    921
                ],
                [
                    806,
                    921
                ],
                [
                    806,
                    886
                ]
            ],
            "text": "20",
            "label": "B_Value",
            "links": []
        },
        {
            "index": 91,
            "bbox": [
                [
                    811,
                    886
                ],
                [
                    811,
                    921
                ],
                [
                    828,
                    921
                ],
                [
                    828,
                    886
                ]
            ],
            "text": "+/-",
            "label": "I_Value",
            "links": []
        },
        {
            "index": 92,
            "bbox": [
                [
                    833,
                    886
                ],
                [
                    833,
                    921
                ],
                [
                    857,
                    921
                ],
                [
                    857,
                    886
                ]
            ],
            "text": "3",
            "label": "I_Value",
            "links": []
        },
        {
            "index": 93,
            "bbox": [
                [
                    789,
                    931
                ],
                [
                    789,
                    960
                ],
                [
                    831,
                    960
                ],
                [
                    831,
                    931
                ]
            ],
            "text": "86",
            "label": "B_Value",
            "links": []
        },
        {
            "index": 94,
            "bbox": [
                [
                    729,
                    969
                ],
                [
                    729,
                    1008
                ],
                [
                    810,
                    1008
                ],
                [
                    810,
                    969
                ]
            ],
            "text": "2,730",
            "label": "B_Value",
            "links": []
        },
        {
            "index": 95,
            "bbox": [
                [
                    814,
                    969
                ],
                [
                    814,
                    1007
                ],
                [
                    833,
                    1007
                ],
                [
                    833,
                    969
                ]
            ],
            "text": "+/-",
            "label": "I_Value",
            "links": []
        },
        {
            "index": 96,
            "bbox": [
                [
                    838,
                    969
                ],
                [
                    838,
                    1008
                ],
                [
                    892,
                    1008
                ],
                [
                    892,
                    969
                ]
            ],
            "text": "500",
            "label": "I_Value",
            "links": []
        },
        {
            "index": 97,
            "bbox": [
                [
                    777,
                    1007
                ],
                [
                    777,
                    1045
                ],
                [
                    844,
                    1045
                ],
                [
                    844,
                    1007
                ]
            ],
            "text": "PBT",
            "label": "B_Value",
            "links": []
        },
        {
            "index": 98,
            "bbox": [
                [
                    631,
                    1055
                ],
                [
                    631,
                    1087
                ],
                [
                    671,
                    1087
                ],
                [
                    671,
                    1055
                ]
            ],
            "text": "Au",
            "label": "B_Value",
            "links": []
        },
        {
            "index": 99,
            "bbox": [
                [
                    674,
                    1055
                ],
                [
                    674,
                    1087
                ],
                [
                    758,
                    1087
                ],
                [
                    758,
                    1055
                ]
            ],
            "text": "Plated",
            "label": "I_Value",
            "links": []
        },
        {
            "index": 100,
            "bbox": [
                [
                    762,
                    1055
                ],
                [
                    762,
                    1087
                ],
                [
                    894,
                    1087
                ],
                [
                    894,
                    1055
                ]
            ],
            "text": "Phosphor",
            "label": "I_Value",
            "links": []
        },
        {
            "index": 101,
            "bbox": [
                [
                    898,
                    1055
                ],
                [
                    898,
                    1087
                ],
                [
                    994,
                    1087
                ],
                [
                    994,
                    1055
                ]
            ],
            "text": "Bronze",
            "label": "I_Value",
            "links": []
        },
        {
            "index": 102,
            "bbox": [
                [
                    786,
                    1094
                ],
                [
                    786,
                    1126
                ],
                [
                    837,
                    1126
                ],
                [
                    837,
                    1094
                ]
            ],
            "text": "0.7",
            "label": "B_Value",
            "links": []
        },
        {
            "index": 103,
            "bbox": [
                [
                    639,
                    1135
                ],
                [
                    639,
                    1174
                ],
                [
                    712,
                    1174
                ],
                [
                    712,
                    1135
                ]
            ],
            "text": "Hand",
            "label": "B_Value",
            "links": []
        },
        {
            "index": 104,
            "bbox": [
                [
                    717,
                    1135
                ],
                [
                    717,
                    1174
                ],
                [
                    810,
                    1174
                ],
                [
                    810,
                    1135
                ]
            ],
            "text": "Solder,",
            "label": "I_Value",
            "links": []
        },
        {
            "index": 105,
            "bbox": [
                [
                    815,
                    1135
                ],
                [
                    815,
                    1174
                ],
                [
                    888,
                    1174
                ],
                [
                    888,
                    1135
                ]
            ],
            "text": "Wave",
            "label": "I_Value",
            "links": []
        },
        {
            "index": 106,
            "bbox": [
                [
                    893,
                    1135
                ],
                [
                    893,
                    1174
                ],
                [
                    985,
                    1174
                ],
                [
                    985,
                    1135
                ]
            ],
            "text": "Solder",
            "label": "I_Value",
            "links": []
        },
        {
            "index": 107,
            "bbox": [
                [
                    709,
                    1180
                ],
                [
                    709,
                    1212
                ],
                [
                    901,
                    1212
                ],
                [
                    901,
                    1180
                ]
            ],
            "text": "RoHS/REACH",
            "label": "B_Value",
            "links": []
        },
        {
            "index": 108,
            "bbox": [
                [
                    738,
                    1218
                ],
                [
                    738,
                    1250
                ],
                [
                    794,
                    1250
                ],
                [
                    794,
                    1218
                ]
            ],
            "text": "-30",
            "label": "B_Value",
            "links": []
        },
        {
            "index": 109,
            "bbox": [
                [
                    798,
                    1218
                ],
                [
                    798,
                    1250
                ],
                [
                    818,
                    1250
                ],
                [
                    818,
                    1218
                ]
            ],
            "text": "~",
            "label": "I_Value",
            "links": []
        },
        {
            "index": 110,
            "bbox": [
                [
                    822,
                    1218
                ],
                [
                    822,
                    1250
                ],
                [
                    879,
                    1250
                ],
                [
                    879,
                    1218
                ]
            ],
            "text": "+80",
            "label": "I_Value",
            "links": []
        },
        {
            "index": 111,
            "bbox": [
                [
                    741,
                    1262
                ],
                [
                    741,
                    1291
                ],
                [
                    790,
                    1291
                ],
                [
                    790,
                    1262
                ]
            ],
            "text": "-20",
            "label": "B_Value",
            "links": []
        },
        {
            "index": 112,
            "bbox": [
                [
                    794,
                    1263
                ],
                [
                    794,
                    1291
                ],
                [
                    819,
                    1291
                ],
                [
                    819,
                    1263
                ]
            ],
            "text": "~",
            "label": "I_Value",
            "links": []
        },
        {
            "index": 113,
            "bbox": [
                [
                    822,
                    1263
                ],
                [
                    822,
                    1292
                ],
                [
                    879,
                    1292
                ],
                [
                    879,
                    1263
                ]
            ],
            "text": "+70",
            "label": "I_Value",
            "links": []
        },
        {
            "index": 114,
            "bbox": [
                [
                    134,
                    1356
                ],
                [
                    134,
                    1398
                ],
                [
                    385,
                    1398
                ],
                [
                    385,
                    1356
                ]
            ],
            "text": "Measurement",
            "label": "B_Section",
            "links": []
        },
        {
            "index": 115,
            "bbox": [
                [
                    390,
                    1356
                ],
                [
                    390,
                    1397
                ],
                [
                    528,
                    1397
                ],
                [
                    528,
                    1356
                ]
            ],
            "text": "Method",
            "label": "I_Section",
            "links": []
        },
        {
            "index": 116,
            "bbox": [
                [
                    534,
                    1356
                ],
                [
                    534,
                    1397
                ],
                [
                    708,
                    1397
                ],
                [
                    708,
                    1356
                ]
            ],
            "text": "(Temperature:",
            "label": "Out",
            "links": []
        },
        {
            "index": 117,
            "bbox": [
                [
                    713,
                    1356
                ],
                [
                    713,
                    1397
                ],
                [
                    805,
                    1397
                ],
                [
                    805,
                    1356
                ]
            ],
            "text": "25±3°C;",
            "label": "Out",
            "links": []
        },
        {
            "index": 118,
            "bbox": [
                [
                    811,
                    1356
                ],
                [
                    811,
                    1397
                ],
                [
                    903,
                    1397
                ],
                [
                    903,
                    1356
                ]
            ],
            "text": "Relative",
            "label": "Out",
            "links": []
        },
        {
            "index": 119,
            "bbox": [
                [
                    908,
                    1356
                ],
                [
                    908,
                    1397
                ],
                [
                    1026,
                    1397
                ],
                [
                    1026,
                    1356
                ]
            ],
            "text": "Humidity:",
            "label": "Out",
            "links": []
        },
        {
            "index": 120,
            "bbox": [
                [
                    1031,
                    1356
                ],
                [
                    1031,
                    1397
                ],
                [
                    1082,
                    1397
                ],
                [
                    1082,
                    1356
                ]
            ],
            "text": "60%",
            "label": "Out",
            "links": []
        },
        {
            "index": 121,
            "bbox": [
                [
                    1087,
                    1356
                ],
                [
                    1087,
                    1398
                ],
                [
                    1172,
                    1398
                ],
                [
                    1172,
                    1356
                ]
            ],
            "text": "~ 70%)",
            "label": "Out",
            "links": []
        },
        {
            "index": 122,
            "bbox": [
                [
                    131,
                    1401
                ],
                [
                    131,
                    1439
                ],
                [
                    254,
                    1439
                ],
                [
                    254,
                    1401
                ]
            ],
            "text": "Standard",
            "label": "Out",
            "links": []
        },
        {
            "index": 123,
            "bbox": [
                [
                    259,
                    1401
                ],
                [
                    259,
                    1439
                ],
                [
                    316,
                    1439
                ],
                [
                    316,
                    1401
                ]
            ],
            "text": "Test",
            "label": "Out",
            "links": []
        },
        {
            "index": 124,
            "bbox": [
                [
                    321,
                    1401
                ],
                [
                    321,
                    1439
                ],
                [
                    421,
                    1439
                ],
                [
                    421,
                    1401
                ]
            ],
            "text": "Fixture",
            "label": "Out",
            "links": []
        },
        {
            "index": 125,
            "bbox": [
                [
                    426,
                    1401
                ],
                [
                    426,
                    1439
                ],
                [
                    559,
                    1439
                ],
                [
                    559,
                    1401
                ]
            ],
            "text": "(Distance:",
            "label": "Out",
            "links": []
        },
        {
            "index": 126,
            "bbox": [
                [
                    563,
                    1401
                ],
                [
                    563,
                    1439
                ],
                [
                    644,
                    1439
                ],
                [
                    644,
                    1401
                ]
            ],
            "text": "10cm,",
            "label": "Out",
            "links": []
        },
        {
            "index": 127,
            "bbox": [
                [
                    649,
                    1401
                ],
                [
                    649,
                    1439
                ],
                [
                    739,
                    1439
                ],
                [
                    739,
                    1401
                ]
            ],
            "text": "3V0-p,",
            "label": "Out",
            "links": []
        },
        {
            "index": 128,
            "bbox": [
                [
                    744,
                    1401
                ],
                [
                    744,
                    1439
                ],
                [
                    848,
                    1439
                ],
                [
                    848,
                    1401
                ]
            ],
            "text": "2730Hz",
            "label": "Out",
            "links": []
        },
        {
            "index": 129,
            "bbox": [
                [
                    853,
                    1401
                ],
                [
                    853,
                    1439
                ],
                [
                    939,
                    1439
                ],
                [
                    939,
                    1401
                ]
            ],
            "text": "square",
            "label": "Out",
            "links": []
        },
        {
            "index": 130,
            "bbox": [
                [
                    943,
                    1401
                ],
                [
                    943,
                    1439
                ],
                [
                    1029,
                    1439
                ],
                [
                    1029,
                    1401
                ]
            ],
            "text": "wave)",
            "label": "Out",
            "links": []
        },
        {
            "index": 131,
            "bbox": [
                [
                    403,
                    1564
                ],
                [
                    403,
                    1586
                ],
                [
                    438,
                    1586
                ],
                [
                    438,
                    1564
                ]
            ],
            "text": "VDC",
            "label": "Out",
            "links": []
        },
        {
            "index": 132,
            "bbox": [
                [
                    1138,
                    381
                ],
                [
                    1138,
                    413
                ],
                [
                    1419,
                    413
                ],
                [
                    1419,
                    381
                ]
            ],
            "text": "AT-0927-TT-2-R",
            "label": "B_Ref",
            "links": []
        },
        {
            "index": 133,
            "bbox": [
                [
                    1211,
                    719
                ],
                [
                    1211,
                    754
                ],
                [
                    1291,
                    754
                ],
                [
                    1291,
                    719
                ]
            ],
            "text": "Units",
            "label": "Out",
            "links": []
        },
        {
            "index": 134,
            "bbox": [
                [
                    1214,
                    761
                ],
                [
                    1214,
                    799
                ],
                [
                    1284,
                    799
                ],
                [
                    1284,
                    761
                ]
            ],
            "text": "V0-p",
            "label": "B_Unit",
            "links": []
        },
        {
            "index": 135,
            "bbox": [
                [
                    1214,
                    803
                ],
                [
                    1214,
                    841
                ],
                [
                    1284,
                    841
                ],
                [
                    1284,
                    803
                ]
            ],
            "text": "V0-p",
            "label": "B_Unit",
            "links": []
        },
        {
            "index": 136,
            "bbox": [
                [
                    1214,
                    844
                ],
                [
                    1214,
                    879
                ],
                [
                    1278,
                    879
                ],
                [
                    1278,
                    844
                ]
            ],
            "text": "mA",
            "label": "B_Unit",
            "links": []
        },
        {
            "index": 137,
            "bbox": [
                [
                    1208,
                    885
                ],
                [
                    1208,
                    921
                ],
                [
                    1295,
                    921
                ],
                [
                    1295,
                    885
                ]
            ],
            "text": "Ohms",
            "label": "B_Unit",
            "links": []
        },
        {
            "index": 138,
            "bbox": [
                [
                    1217,
                    927
                ],
                [
                    1217,
                    962
                ],
                [
                    1281,
                    962
                ],
                [
                    1281,
                    927
                ]
            ],
            "text": "dBA",
            "label": "B_Unit",
            "links": []
        },
        {
            "index": 139,
            "bbox": [
                [
                    1227,
                    969
                ],
                [
                    1227,
                    1004
                ],
                [
                    1272,
                    1004
                ],
                [
                    1272,
                    969
                ]
            ],
            "text": "Hz",
            "label": "B_Unit",
            "links": []
        },
        {
            "index": 140,
            "bbox": [
                [
                    1205,
                    1087
                ],
                [
                    1205,
                    1129
                ],
                [
                    1298,
                    1129
                ],
                [
                    1298,
                    1087
                ]
            ],
            "text": "Grams",
            "label": "B_Unit",
            "links": []
        },
        {
            "index": 141,
            "bbox": [
                [
                    387,
                    1666
                ],
                [
                    387,
                    1685
                ],
                [
                    403,
                    1685
                ],
                [
                    403,
                    1666
                ]
            ],
            "text": "+",
            "label": "Out",
            "links": []
        },
        {
            "index": 142,
            "bbox": [
                [
                    808,
                    1676
                ],
                [
                    808,
                    1695
                ],
                [
                    824,
                    1695
                ],
                [
                    824,
                    1676
                ]
            ],
            "text": "≥",
            "label": "Out",
            "links": []
        },
        {
            "index": 143,
            "bbox": [
                [
                    827,
                    1676
                ],
                [
                    827,
                    1695
                ],
                [
                    863,
                    1695
                ],
                [
                    863,
                    1676
                ]
            ],
            "text": "40cm",
            "label": "Out",
            "links": []
        },
        {
            "index": 144,
            "bbox": [
                [
                    1013,
                    1816
                ],
                [
                    1013,
                    1823
                ],
                [
                    1023,
                    1823
                ],
                [
                    1023,
                    1816
                ]
            ],
            "text": "0",
            "label": "Out",
            "links": []
        },
        {
            "index": 145,
            "bbox": [
                [
                    1013,
                    1803
                ],
                [
                    1013,
                    1814
                ],
                [
                    1023,
                    1814
                ],
                [
                    1023,
                    1803
                ]
            ],
            "text": "cm.",
            "label": "Out",
            "links": []
        },
        {
            "index": 146,
            "bbox": [
                [
                    1233,
                    1787
                ],
                [
                    1233,
                    1816
                ],
                [
                    1313,
                    1816
                ],
                [
                    1313,
                    1787
                ]
            ],
            "text": "000.0",
            "label": "Out",
            "links": []
        },
        {
            "index": 147,
            "bbox": [
                [
                    195,
                    1848
                ],
                [
                    195,
                    1867
                ],
                [
                    216,
                    1867
                ],
                [
                    216,
                    1848
                ]
            ],
            "text": "Vin",
            "label": "Out",
            "links": []
        },
        {
            "index": 148,
            "bbox": [
                [
                    219,
                    1848
                ],
                [
                    219,
                    1867
                ],
                [
                    234,
                    1867
                ],
                [
                    234,
                    1848
                ]
            ],
            "text": "o",
            "label": "Out",
            "links": []
        },
        {
            "index": 149,
            "bbox": [
                [
                    278,
                    1871
                ],
                [
                    278,
                    1890
                ],
                [
                    299,
                    1890
                ],
                [
                    299,
                    1871
                ]
            ],
            "text": "180",
            "label": "Out",
            "links": []
        },
        {
            "index": 150,
            "bbox": [
                [
                    302,
                    1871
                ],
                [
                    302,
                    1890
                ],
                [
                    317,
                    1890
                ],
                [
                    317,
                    1871
                ]
            ],
            "text": "2",
            "label": "Out",
            "links": []
        },
        {
            "index": 151,
            "bbox": [
                [
                    412,
                    1842
                ],
                [
                    412,
                    1858
                ],
                [
                    504,
                    1858
                ],
                [
                    504,
                    1842
                ]
            ],
            "text": "Tr.2SC1741AS",
            "label": "Out",
            "links": []
        },
        {
            "index": 152,
            "bbox": [
                [
                    506,
                    1842
                ],
                [
                    506,
                    1858
                ],
                [
                    518,
                    1858
                ],
                [
                    518,
                    1842
                ]
            ],
            "text": "or",
            "label": "Out",
            "links": []
        },
        {
            "index": 153,
            "bbox": [
                [
                    520,
                    1842
                ],
                [
                    520,
                    1858
                ],
                [
                    582,
                    1858
                ],
                [
                    582,
                    1842
                ]
            ],
            "text": "Equivalent",
            "label": "Out",
            "links": []
        },
        {
            "index": 154,
            "bbox": [
                [
                    390,
                    1864
                ],
                [
                    390,
                    1893
                ],
                [
                    416,
                    1893
                ],
                [
                    416,
                    1864
                ]
            ],
            "text": "*",
            "label": "Out",
            "links": []
        },
        {
            "index": 155,
            "bbox": [
                [
                    419,
                    1864
                ],
                [
                    419,
                    1893
                ],
                [
                    452,
                    1893
                ],
                [
                    452,
                    1864
                ]
            ],
            "text": "Voor",
            "label": "Out",
            "links": []
        },
        {
            "index": 156,
            "bbox": [
                [
                    455,
                    1864
                ],
                [
                    455,
                    1893
                ],
                [
                    492,
                    1893
                ],
                [
                    492,
                    1864
                ]
            ],
            "text": "0.15V",
            "label": "Out",
            "links": []
        },
        {
            "index": 157,
            "bbox": [
                [
                    690,
                    2136
                ],
                [
                    690,
                    2158
                ],
                [
                    910,
                    2158
                ],
                [
                    910,
                    2136
                ]
            ],
            "text": "www.puiaudio.com",
            "label": "Out",
            "links": []
        },
        {
            "index": 158,
            "bbox": [
                [
                    1232,
                    1219
                ],
                [
                    1232,
                    1247
                ],
                [
                    1267,
                    1247
                ],
                [
                    1267,
                    1219
                ]
            ],
            "text": "°C",
            "label": "B_Unit",
            "links": []
        },
        {
            "index": 159,
            "bbox": [
                [
                    1232,
                    1259
                ],
                [
                    1232,
                    1290
                ],
                [
                    1268,
                    1290
                ],
                [
                    1268,
                    1259
                ]
            ],
            "text": "°C",
            "label": "B_Unit",
            "links": []
        }
    ]
}