{
    "datasheet": [
        {
            "index": 0,
            "bbox": [
                [
                    115,
                    133
                ],
                [
                    115,
                    160
                ],
                [
                    162,
                    160
                ],
                [
                    162,
                    133
                ]
            ],
            "text": "BP",
            "label": "B_Ref",
            "links": []
        },
        {
            "index": 1,
            "bbox": [
                [
                    166,
                    133
                ],
                [
                    166,
                    160
                ],
                [
                    220,
                    160
                ],
                [
                    220,
                    133
                ]
            ],
            "text": "104",
            "label": "I_Ref",
            "links": []
        },
        {
            "index": 2,
            "bbox": [
                [
                    223,
                    133
                ],
                [
                    223,
                    160
                ],
                [
                    282,
                    160
                ],
                [
                    282,
                    133
                ]
            ],
            "text": "FAS",
            "label": "I_Ref",
            "links": []
        },
        {
            "index": 3,
            "bbox": [
                [
                    115,
                    275
                ],
                [
                    115,
                    313
                ],
                [
                    290,
                    313
                ],
                [
                    290,
                    275
                ]
            ],
            "text": "Maximum",
            "label": "B_Section",
            "links": []
        },
        {
            "index": 4,
            "bbox": [
                [
                    296,
                    275
                ],
                [
                    296,
                    313
                ],
                [
                    435,
                    313
                ],
                [
                    435,
                    275
                ]
            ],
            "text": "Ratings",
            "label": "I_Section",
            "links": []
        },
        {
            "index": 5,
            "bbox": [
                [
                    115,
                    325
                ],
                [
                    115,
                    366
                ],
                [
                    151,
                    366
                ],
                [
                    151,
                    325
                ]
            ],
            "text": "TA",
            "label": "Out",
            "links": []
        },
        {
            "index": 6,
            "bbox": [
                [
                    155,
                    326
                ],
                [
                    155,
                    366
                ],
                [
                    171,
                    366
                ],
                [
                    171,
                    326
                ]
            ],
            "text": "=",
            "label": "Out",
            "links": []
        },
        {
            "index": 7,
            "bbox": [
                [
                    175,
                    326
                ],
                [
                    175,
                    368
                ],
                [
                    248,
                    368
                ],
                [
                    248,
                    326
                ]
            ],
            "text": "25 °C",
            "label": "Out",
            "links": []
        },
        {
            "index": 8,
            "bbox": [
                [
                    119,
                    377
                ],
                [
                    119,
                    405
                ],
                [
                    252,
                    405
                ],
                [
                    252,
                    377
                ]
            ],
            "text": "Parameter",
            "label": "Out",
            "links": []
        },
        {
            "index": 9,
            "bbox": [
                [
                    115,
                    445
                ],
                [
                    115,
                    479
                ],
                [
                    246,
                    479
                ],
                [
                    246,
                    445
                ]
            ],
            "text": "Operating",
            "label": "B_Prop",
            "links": []
        },
        {
            "index": 10,
            "bbox": [
                [
                    251,
                    445
                ],
                [
                    251,
                    479
                ],
                [
                    425,
                    479
                ],
                [
                    425,
                    445
                ]
            ],
            "text": "Temperature",
            "label": "I_Prop",
            "links": []
        },
        {
            "index": 11,
            "bbox": [
                [
                    119,
                    537
                ],
                [
                    119,
                    568
                ],
                [
                    220,
                    568
                ],
                [
                    220,
                    537
                ]
            ],
            "text": "Storage",
            "label": "B_Prop",
            "links": []
        },
        {
            "index": 12,
            "bbox": [
                [
                    224,
                    537
                ],
                [
                    224,
                    568
                ],
                [
                    388,
                    568
                ],
                [
                    388,
                    537
                ]
            ],
            "text": "temperature",
            "label": "I_Prop",
            "links": []
        },
        {
            "index": 13,
            "bbox": [
                [
                    119,
                    629
                ],
                [
                    119,
                    656
                ],
                [
                    227,
                    656
                ],
                [
                    227,
                    629
                ]
            ],
            "text": "Reverse",
            "label": "B_Prop",
            "links": []
        },
        {
            "index": 14,
            "bbox": [
                [
                    230,
                    629
                ],
                [
                    230,
                    656
                ],
                [
                    329,
                    656
                ],
                [
                    329,
                    629
                ]
            ],
            "text": "voltage",
            "label": "I_Prop",
            "links": []
        },
        {
            "index": 15,
            "bbox": [
                [
                    115,
                    680
                ],
                [
                    115,
                    714
                ],
                [
                    183,
                    714
                ],
                [
                    183,
                    680
                ]
            ],
            "text": "Total",
            "label": "B_Prop",
            "links": []
        },
        {
            "index": 16,
            "bbox": [
                [
                    187,
                    680
                ],
                [
                    187,
                    714
                ],
                [
                    272,
                    714
                ],
                [
                    272,
                    680
                ]
            ],
            "text": "power",
            "label": "I_Prop",
            "links": []
        },
        {
            "index": 17,
            "bbox": [
                [
                    277,
                    680
                ],
                [
                    277,
                    714
                ],
                [
                    418,
                    714
                ],
                [
                    418,
                    680
                ]
            ],
            "text": "dissipation",
            "label": "I_Prop",
            "links": []
        },
        {
            "index": 18,
            "bbox": [
                [
                    115,
                    731
                ],
                [
                    115,
                    765
                ],
                [
                    178,
                    765
                ],
                [
                    178,
                    731
                ]
            ],
            "text": "ESD",
            "label": "B_Prop",
            "links": []
        },
        {
            "index": 19,
            "bbox": [
                [
                    183,
                    731
                ],
                [
                    183,
                    765
                ],
                [
                    310,
                    765
                ],
                [
                    310,
                    731
                ]
            ],
            "text": "withstand",
            "label": "I_Prop",
            "links": []
        },
        {
            "index": 20,
            "bbox": [
                [
                    315,
                    731
                ],
                [
                    315,
                    765
                ],
                [
                    415,
                    765
                ],
                [
                    415,
                    731
                ]
            ],
            "text": "voltage",
            "label": "I_Prop",
            "links": []
        },
        {
            "index": 21,
            "bbox": [
                [
                    115,
                    771
                ],
                [
                    115,
                    806
                ],
                [
                    171,
                    806
                ],
                [
                    171,
                    771
                ]
            ],
            "text": "acc.",
            "label": "I_Prop",
            "links": []
        },
        {
            "index": 22,
            "bbox": [
                [
                    175,
                    771
                ],
                [
                    175,
                    805
                ],
                [
                    205,
                    805
                ],
                [
                    205,
                    771
                ]
            ],
            "text": "to",
            "label": "I_Prop",
            "links": []
        },
        {
            "index": 23,
            "bbox": [
                [
                    209,
                    770
                ],
                [
                    209,
                    805
                ],
                [
                    290,
                    805
                ],
                [
                    290,
                    770
                ]
            ],
            "text": "ANSI/",
            "label": "I_Prop",
            "links": []
        },
        {
            "index": 24,
            "bbox": [
                [
                    294,
                    768
                ],
                [
                    294,
                    803
                ],
                [
                    388,
                    803
                ],
                [
                    388,
                    768
                ]
            ],
            "text": "ESDA/",
            "label": "I_Prop",
            "links": []
        },
        {
            "index": 25,
            "bbox": [
                [
                    391,
                    767
                ],
                [
                    391,
                    802
                ],
                [
                    489,
                    802
                ],
                [
                    489,
                    767
                ]
            ],
            "text": "JEDEC",
            "label": "I_Prop",
            "links": []
        },
        {
            "index": 26,
            "bbox": [
                [
                    493,
                    766
                ],
                [
                    493,
                    801
                ],
                [
                    591,
                    801
                ],
                [
                    591,
                    766
                ]
            ],
            "text": "JS-001",
            "label": "I_Prop",
            "links": []
        },
        {
            "index": 27,
            "bbox": [
                [
                    595,
                    765
                ],
                [
                    595,
                    799
                ],
                [
                    604,
                    799
                ],
                [
                    604,
                    765
                ]
            ],
            "text": "-",
            "label": "I_Prop",
            "links": []
        },
        {
            "index": 28,
            "bbox": [
                [
                    608,
                    764
                ],
                [
                    608,
                    799
                ],
                [
                    680,
                    799
                ],
                [
                    680,
                    764
                ]
            ],
            "text": "HBM",
            "label": "I_Prop",
            "links": []
        },
        {
            "index": 29,
            "bbox": [
                [
                    139,
                    2200
                ],
                [
                    139,
                    2227
                ],
                [
                    169,
                    2227
                ],
                [
                    169,
                    2200
                ]
            ],
            "text": "2",
            "label": "Out",
            "links": []
        },
        {
            "index": 30,
            "bbox": [
                [
                    173,
                    2200
                ],
                [
                    173,
                    2227
                ],
                [
                    278,
                    2227
                ],
                [
                    278,
                    2200
                ]
            ],
            "text": "Version",
            "label": "Out",
            "links": []
        },
        {
            "index": 31,
            "bbox": [
                [
                    281,
                    2200
                ],
                [
                    281,
                    2227
                ],
                [
                    328,
                    2227
                ],
                [
                    328,
                    2200
                ]
            ],
            "text": "1.5",
            "label": "Out",
            "links": []
        },
        {
            "index": 32,
            "bbox": [
                [
                    331,
                    2200
                ],
                [
                    331,
                    2227
                ],
                [
                    341,
                    2227
                ],
                [
                    341,
                    2200
                ]
            ],
            "text": "|",
            "label": "Out",
            "links": []
        },
        {
            "index": 33,
            "bbox": [
                [
                    345,
                    2200
                ],
                [
                    345,
                    2227
                ],
                [
                    499,
                    2227
                ],
                [
                    499,
                    2200
                ]
            ],
            "text": "2021-05-25",
            "label": "Out",
            "links": []
        },
        {
            "index": 34,
            "bbox": [
                [
                    940,
                    376
                ],
                [
                    940,
                    412
                ],
                [
                    1039,
                    412
                ],
                [
                    1039,
                    376
                ]
            ],
            "text": "Symbol",
            "label": "Out",
            "links": []
        },
        {
            "index": 35,
            "bbox": [
                [
                    937,
                    442
                ],
                [
                    937,
                    486
                ],
                [
                    988,
                    486
                ],
                [
                    988,
                    442
                ]
            ],
            "text": "Top",
            "label": "Out",
            "links": []
        },
        {
            "index": 36,
            "bbox": [
                [
                    934,
                    530
                ],
                [
                    934,
                    584
                ],
                [
                    992,
                    584
                ],
                [
                    992,
                    530
                ]
            ],
            "text": "Tais",
            "label": "Out",
            "links": []
        },
        {
            "index": 37,
            "bbox": [
                [
                    937,
                    677
                ],
                [
                    937,
                    721
                ],
                [
                    991,
                    721
                ],
                [
                    991,
                    677
                ]
            ],
            "text": "Prot",
            "label": "Out",
            "links": []
        },
        {
            "index": 38,
            "bbox": [
                [
                    934,
                    728
                ],
                [
                    934,
                    776
                ],
                [
                    1005,
                    776
                ],
                [
                    1005,
                    728
                ]
            ],
            "text": "VESD",
            "label": "Out",
            "links": []
        },
        {
            "index": 39,
            "bbox": [
                [
                    1131,
                    445
                ],
                [
                    1131,
                    476
                ],
                [
                    1199,
                    476
                ],
                [
                    1199,
                    445
                ]
            ],
            "text": "min.",
            "label": "B_Prop",
            "links": []
        },
        {
            "index": 40,
            "bbox": [
                [
                    1138,
                    490
                ],
                [
                    1138,
                    514
                ],
                [
                    1203,
                    514
                ],
                [
                    1203,
                    490
                ]
            ],
            "text": "max.",
            "label": "B_Prop",
            "links": []
        },
        {
            "index": 41,
            "bbox": [
                [
                    1138,
                    537
                ],
                [
                    1138,
                    568
                ],
                [
                    1196,
                    568
                ],
                [
                    1196,
                    537
                ]
            ],
            "text": "min.",
            "label": "B_Prop",
            "links": []
        },
        {
            "index": 42,
            "bbox": [
                [
                    1134,
                    578
                ],
                [
                    1134,
                    605
                ],
                [
                    1202,
                    605
                ],
                [
                    1202,
                    578
                ]
            ],
            "text": "max.",
            "label": "B_Prop",
            "links": []
        },
        {
            "index": 43,
            "bbox": [
                [
                    1134,
                    632
                ],
                [
                    1134,
                    659
                ],
                [
                    1202,
                    659
                ],
                [
                    1202,
                    632
                ]
            ],
            "text": "max.",
            "label": "B_Prop",
            "links": []
        },
        {
            "index": 44,
            "bbox": [
                [
                    1134,
                    683
                ],
                [
                    1134,
                    710
                ],
                [
                    1202,
                    710
                ],
                [
                    1202,
                    683
                ]
            ],
            "text": "max.",
            "label": "B_Prop",
            "links": []
        },
        {
            "index": 45,
            "bbox": [
                [
                    1138,
                    734
                ],
                [
                    1138,
                    761
                ],
                [
                    1203,
                    761
                ],
                [
                    1203,
                    734
                ]
            ],
            "text": "max.",
            "label": "B_Prop",
            "links": []
        },
        {
            "index": 46,
            "bbox": [
                [
                    1443,
                    377
                ],
                [
                    1443,
                    408
                ],
                [
                    1535,
                    408
                ],
                [
                    1535,
                    377
                ]
            ],
            "text": "Values",
            "label": "Out",
            "links": []
        },
        {
            "index": 47,
            "bbox": [
                [
                    1443,
                    432
                ],
                [
                    1443,
                    476
                ],
                [
                    1498,
                    476
                ],
                [
                    1498,
                    432
                ]
            ],
            "text": "-40",
            "label": "B_Value",
            "links": []
        },
        {
            "index": 48,
            "bbox": [
                [
                    1504,
                    432
                ],
                [
                    1504,
                    476
                ],
                [
                    1539,
                    476
                ],
                [
                    1539,
                    432
                ]
            ],
            "text": "°C",
            "label": "B_Unit",
            "links": []
        },
        {
            "index": 49,
            "bbox": [
                [
                    1440,
                    479
                ],
                [
                    1440,
                    516
                ],
                [
                    1500,
                    516
                ],
                [
                    1500,
                    479
                ]
            ],
            "text": "100",
            "label": "B_Value",
            "links": []
        },
        {
            "index": 50,
            "bbox": [
                [
                    1505,
                    479
                ],
                [
                    1505,
                    516
                ],
                [
                    1535,
                    516
                ],
                [
                    1535,
                    479
                ]
            ],
            "text": "°C",
            "label": "B_Unit",
            "links": []
        },
        {
            "index": 51,
            "bbox": [
                [
                    1443,
                    534
                ],
                [
                    1443,
                    568
                ],
                [
                    1498,
                    568
                ],
                [
                    1498,
                    534
                ]
            ],
            "text": "-40",
            "label": "B_Value",
            "links": []
        },
        {
            "index": 52,
            "bbox": [
                [
                    1503,
                    534
                ],
                [
                    1503,
                    568
                ],
                [
                    1536,
                    568
                ],
                [
                    1536,
                    534
                ]
            ],
            "text": "°C",
            "label": "B_Unit",
            "links": []
        },
        {
            "index": 53,
            "bbox": [
                [
                    1440,
                    571
                ],
                [
                    1440,
                    605
                ],
                [
                    1495,
                    605
                ],
                [
                    1495,
                    571
                ]
            ],
            "text": "100",
            "label": "B_Value",
            "links": []
        },
        {
            "index": 54,
            "bbox": [
                [
                    1500,
                    571
                ],
                [
                    1500,
                    605
                ],
                [
                    1536,
                    605
                ],
                [
                    1536,
                    571
                ]
            ],
            "text": "°C",
            "label": "B_Unit",
            "links": []
        },
        {
            "index": 55,
            "bbox": [
                [
                    1467,
                    619
                ],
                [
                    1467,
                    656
                ],
                [
                    1508,
                    656
                ],
                [
                    1508,
                    619
                ]
            ],
            "text": "20",
            "label": "B_Value",
            "links": []
        },
        {
            "index": 56,
            "bbox": [
                [
                    1513,
                    619
                ],
                [
                    1513,
                    656
                ],
                [
                    1538,
                    656
                ],
                [
                    1538,
                    619
                ]
            ],
            "text": "V",
            "label": "B_Unit",
            "links": []
        },
        {
            "index": 57,
            "bbox": [
                [
                    1420,
                    680
                ],
                [
                    1420,
                    711
                ],
                [
                    1478,
                    711
                ],
                [
                    1478,
                    680
                ]
            ],
            "text": "150",
            "label": "B_Value",
            "links": []
        },
        {
            "index": 58,
            "bbox": [
                [
                    1482,
                    680
                ],
                [
                    1482,
                    711
                ],
                [
                    1535,
                    711
                ],
                [
                    1535,
                    680
                ]
            ],
            "text": "mW",
            "label": "B_Unit",
            "links": []
        },
        {
            "index": 59,
            "bbox": [
                [
                    1471,
                    731
                ],
                [
                    1471,
                    762
                ],
                [
                    1495,
                    762
                ],
                [
                    1495,
                    731
                ]
            ],
            "text": "2",
            "label": "B_Value",
            "links": []
        },
        {
            "index": 60,
            "bbox": [
                [
                    1498,
                    727
                ],
                [
                    1498,
                    762
                ],
                [
                    1538,
                    762
                ],
                [
                    1538,
                    727
                ]
            ],
            "text": "kV",
            "label": "B_Unit",
            "links": []
        },
        {
            "index": 61,
            "bbox": [
                [
                    1318,
                    2217
                ],
                [
                    1318,
                    2271
                ],
                [
                    1535,
                    2271
                ],
                [
                    1535,
                    2217
                ]
            ],
            "text": "OSRAM",
            "label": "Out",
            "links": []
        },
        {
            "index": 62,
            "bbox": [
                [
                    1321,
                    2278
                ],
                [
                    1321,
                    2298
                ],
                [
                    1373,
                    2298
                ],
                [
                    1373,
                    2278
                ]
            ],
            "text": "Opto",
            "label": "Out",
            "links": []
        },
        {
            "index": 63,
            "bbox": [
                [
                    1376,
                    2278
                ],
                [
                    1376,
                    2298
                ],
                [
                    1535,
                    2298
                ],
                [
                    1535,
                    2278
                ]
            ],
            "text": "Semiconductors",
            "label": "Out",
            "links": []
        }
    ]
}