{
    "datasheet": [
        {
            "index": 0,
            "bbox": [
                [
                    115,
                    132
                ],
                [
                    115,
                    160
                ],
                [
                    186,
                    160
                ],
                [
                    186,
                    132
                ]
            ],
            "text": "BPW",
            "label": "B_Ref",
            "links": []
        },
        {
            "index": 1,
            "bbox": [
                [
                    190,
                    132
                ],
                [
                    190,
                    160
                ],
                [
                    232,
                    160
                ],
                [
                    232,
                    132
                ]
            ],
            "text": "34",
            "label": "I_Ref",
            "links": []
        },
        {
            "index": 2,
            "bbox": [
                [
                    115,
                    275
                ],
                [
                    115,
                    313
                ],
                [
                    290,
                    313
                ],
                [
                    290,
                    275
                ]
            ],
            "text": "Maximum",
            "label": "B_Section",
            "links": []
        },
        {
            "index": 3,
            "bbox": [
                [
                    296,
                    275
                ],
                [
                    296,
                    313
                ],
                [
                    435,
                    313
                ],
                [
                    435,
                    275
                ]
            ],
            "text": "Ratings",
            "label": "I_Section",
            "links": []
        },
        {
            "index": 4,
            "bbox": [
                [
                    115,
                    326
                ],
                [
                    115,
                    367
                ],
                [
                    150,
                    367
                ],
                [
                    150,
                    326
                ]
            ],
            "text": "T_A",
            "label": "Out",
            "links": []
        },
        {
            "index": 5,
            "bbox": [
                [
                    155,
                    327
                ],
                [
                    155,
                    367
                ],
                [
                    170,
                    367
                ],
                [
                    170,
                    327
                ]
            ],
            "text": "=",
            "label": "Out",
            "links": []
        },
        {
            "index": 6,
            "bbox": [
                [
                    175,
                    326
                ],
                [
                    175,
                    367
                ],
                [
                    248,
                    367
                ],
                [
                    248,
                    326
                ]
            ],
            "text": "25 °C",
            "label": "Out",
            "links": []
        },
        {
            "index": 7,
            "bbox": [
                [
                    119,
                    377
                ],
                [
                    119,
                    405
                ],
                [
                    252,
                    405
                ],
                [
                    252,
                    377
                ]
            ],
            "text": "Parameter",
            "label": "Out",
            "links": []
        },
        {
            "index": 8,
            "bbox": [
                [
                    119,
                    445
                ],
                [
                    119,
                    476
                ],
                [
                    250,
                    476
                ],
                [
                    250,
                    445
                ]
            ],
            "text": "Operating",
            "label": "B_Prop",
            "links": []
        },
        {
            "index": 9,
            "bbox": [
                [
                    254,
                    445
                ],
                [
                    254,
                    476
                ],
                [
                    425,
                    476
                ],
                [
                    425,
                    445
                ]
            ],
            "text": "Temperature",
            "label": "I_Prop",
            "links": []
        },
        {
            "index": 10,
            "bbox": [
                [
                    119,
                    537
                ],
                [
                    119,
                    568
                ],
                [
                    220,
                    568
                ],
                [
                    220,
                    537
                ]
            ],
            "text": "Storage",
            "label": "B_Prop",
            "links": []
        },
        {
            "index": 11,
            "bbox": [
                [
                    224,
                    537
                ],
                [
                    224,
                    568
                ],
                [
                    388,
                    568
                ],
                [
                    388,
                    537
                ]
            ],
            "text": "temperature",
            "label": "I_Prop",
            "links": []
        },
        {
            "index": 12,
            "bbox": [
                [
                    119,
                    629
                ],
                [
                    119,
                    656
                ],
                [
                    227,
                    656
                ],
                [
                    227,
                    629
                ]
            ],
            "text": "Reverse",
            "label": "B_Prop",
            "links": []
        },
        {
            "index": 13,
            "bbox": [
                [
                    230,
                    629
                ],
                [
                    230,
                    656
                ],
                [
                    329,
                    656
                ],
                [
                    329,
                    629
                ]
            ],
            "text": "voltage",
            "label": "I_Prop",
            "links": []
        },
        {
            "index": 14,
            "bbox": [
                [
                    115,
                    680
                ],
                [
                    115,
                    714
                ],
                [
                    183,
                    714
                ],
                [
                    183,
                    680
                ]
            ],
            "text": "Total",
            "label": "B_Prop",
            "links": []
        },
        {
            "index": 15,
            "bbox": [
                [
                    187,
                    680
                ],
                [
                    187,
                    714
                ],
                [
                    272,
                    714
                ],
                [
                    272,
                    680
                ]
            ],
            "text": "power",
            "label": "I_Prop",
            "links": []
        },
        {
            "index": 16,
            "bbox": [
                [
                    276,
                    680
                ],
                [
                    276,
                    714
                ],
                [
                    417,
                    714
                ],
                [
                    417,
                    680
                ]
            ],
            "text": "dissipation",
            "label": "I_Prop",
            "links": []
        },
        {
            "index": 17,
            "bbox": [
                [
                    115,
                    734
                ],
                [
                    115,
                    765
                ],
                [
                    178,
                    765
                ],
                [
                    178,
                    734
                ]
            ],
            "text": "ESD",
            "label": "B_Prop",
            "links": []
        },
        {
            "index": 18,
            "bbox": [
                [
                    182,
                    735
                ],
                [
                    182,
                    765
                ],
                [
                    309,
                    765
                ],
                [
                    309,
                    735
                ]
            ],
            "text": "withstand",
            "label": "I_Prop",
            "links": []
        },
        {
            "index": 19,
            "bbox": [
                [
                    314,
                    734
                ],
                [
                    314,
                    765
                ],
                [
                    411,
                    765
                ],
                [
                    411,
                    734
                ]
            ],
            "text": "voltage",
            "label": "I_Prop",
            "links": []
        },
        {
            "index": 20,
            "bbox": [
                [
                    115,
                    772
                ],
                [
                    115,
                    806
                ],
                [
                    174,
                    806
                ],
                [
                    174,
                    772
                ]
            ],
            "text": "acc.",
            "label": "I_Prop",
            "links": []
        },
        {
            "index": 21,
            "bbox": [
                [
                    179,
                    772
                ],
                [
                    179,
                    806
                ],
                [
                    204,
                    806
                ],
                [
                    204,
                    772
                ]
            ],
            "text": "to",
            "label": "I_Prop",
            "links": []
        },
        {
            "index": 22,
            "bbox": [
                [
                    209,
                    772
                ],
                [
                    209,
                    806
                ],
                [
                    477,
                    806
                ],
                [
                    477,
                    772
                ]
            ],
            "text": "ANSI/ESDA/JEDEC",
            "label": "I_Prop",
            "links": []
        },
        {
            "index": 23,
            "bbox": [
                [
                    481,
                    772
                ],
                [
                    481,
                    806
                ],
                [
                    575,
                    806
                ],
                [
                    575,
                    772
                ]
            ],
            "text": "JS-001",
            "label": "I_Prop",
            "links": []
        },
        {
            "index": 24,
            "bbox": [
                [
                    578,
                    772
                ],
                [
                    578,
                    806
                ],
                [
                    667,
                    806
                ],
                [
                    667,
                    772
                ]
            ],
            "text": "(HBM,",
            "label": "I_Prop",
            "links": []
        },
        {
            "index": 25,
            "bbox": [
                [
                    672,
                    772
                ],
                [
                    672,
                    806
                ],
                [
                    744,
                    806
                ],
                [
                    744,
                    772
                ]
            ],
            "text": "Class",
            "label": "I_Prop",
            "links": []
        },
        {
            "index": 26,
            "bbox": [
                [
                    748,
                    772
                ],
                [
                    748,
                    806
                ],
                [
                    778,
                    806
                ],
                [
                    778,
                    772
                ]
            ],
            "text": "2)",
            "label": "I_Prop",
            "links": []
        },
        {
            "index": 27,
            "bbox": [
                [
                    139,
                    2200
                ],
                [
                    139,
                    2227
                ],
                [
                    169,
                    2227
                ],
                [
                    169,
                    2200
                ]
            ],
            "text": "2",
            "label": "Out",
            "links": []
        },
        {
            "index": 28,
            "bbox": [
                [
                    173,
                    2200
                ],
                [
                    173,
                    2227
                ],
                [
                    278,
                    2227
                ],
                [
                    278,
                    2200
                ]
            ],
            "text": "Version",
            "label": "Out",
            "links": []
        },
        {
            "index": 29,
            "bbox": [
                [
                    281,
                    2200
                ],
                [
                    281,
                    2227
                ],
                [
                    328,
                    2227
                ],
                [
                    328,
                    2200
                ]
            ],
            "text": "1.5",
            "label": "Out",
            "links": []
        },
        {
            "index": 30,
            "bbox": [
                [
                    331,
                    2200
                ],
                [
                    331,
                    2227
                ],
                [
                    341,
                    2227
                ],
                [
                    341,
                    2200
                ]
            ],
            "text": "|",
            "label": "Out",
            "links": []
        },
        {
            "index": 31,
            "bbox": [
                [
                    345,
                    2200
                ],
                [
                    345,
                    2227
                ],
                [
                    499,
                    2227
                ],
                [
                    499,
                    2200
                ]
            ],
            "text": "2020-01-08",
            "label": "Out",
            "links": []
        },
        {
            "index": 32,
            "bbox": [
                [
                    940,
                    376
                ],
                [
                    940,
                    412
                ],
                [
                    1039,
                    412
                ],
                [
                    1039,
                    376
                ]
            ],
            "text": "Symbol",
            "label": "Out",
            "links": []
        },
        {
            "index": 33,
            "bbox": [
                [
                    937,
                    442
                ],
                [
                    937,
                    490
                ],
                [
                    988,
                    490
                ],
                [
                    988,
                    442
                ]
            ],
            "text": "Top",
            "label": "Out",
            "links": []
        },
        {
            "index": 34,
            "bbox": [
                [
                    934,
                    530
                ],
                [
                    934,
                    584
                ],
                [
                    992,
                    584
                ],
                [
                    992,
                    530
                ]
            ],
            "text": "Tais",
            "label": "Out",
            "links": []
        },
        {
            "index": 35,
            "bbox": [
                [
                    937,
                    677
                ],
                [
                    937,
                    721
                ],
                [
                    991,
                    721
                ],
                [
                    991,
                    677
                ]
            ],
            "text": "Plot",
            "label": "Out",
            "links": []
        },
        {
            "index": 36,
            "bbox": [
                [
                    934,
                    728
                ],
                [
                    934,
                    776
                ],
                [
                    1005,
                    776
                ],
                [
                    1005,
                    728
                ]
            ],
            "text": "VESD",
            "label": "Out",
            "links": []
        },
        {
            "index": 37,
            "bbox": [
                [
                    1131,
                    445
                ],
                [
                    1131,
                    476
                ],
                [
                    1199,
                    476
                ],
                [
                    1199,
                    445
                ]
            ],
            "text": "min.",
            "label": "B_Prop",
            "links": []
        },
        {
            "index": 38,
            "bbox": [
                [
                    1138,
                    486
                ],
                [
                    1138,
                    513
                ],
                [
                    1203,
                    513
                ],
                [
                    1203,
                    486
                ]
            ],
            "text": "max.",
            "label": "B_Prop",
            "links": []
        },
        {
            "index": 39,
            "bbox": [
                [
                    1138,
                    537
                ],
                [
                    1138,
                    568
                ],
                [
                    1196,
                    568
                ],
                [
                    1196,
                    537
                ]
            ],
            "text": "min.",
            "label": "B_Prop",
            "links": []
        },
        {
            "index": 40,
            "bbox": [
                [
                    1134,
                    578
                ],
                [
                    1134,
                    605
                ],
                [
                    1202,
                    605
                ],
                [
                    1202,
                    578
                ]
            ],
            "text": "max.",
            "label": "B_Prop",
            "links": []
        },
        {
            "index": 41,
            "bbox": [
                [
                    1134,
                    632
                ],
                [
                    1134,
                    659
                ],
                [
                    1202,
                    659
                ],
                [
                    1202,
                    632
                ]
            ],
            "text": "max.",
            "label": "B_Prop",
            "links": []
        },
        {
            "index": 42,
            "bbox": [
                [
                    1134,
                    683
                ],
                [
                    1134,
                    710
                ],
                [
                    1202,
                    710
                ],
                [
                    1202,
                    683
                ]
            ],
            "text": "max.",
            "label": "B_Prop",
            "links": []
        },
        {
            "index": 43,
            "bbox": [
                [
                    1134,
                    734
                ],
                [
                    1134,
                    761
                ],
                [
                    1202,
                    761
                ],
                [
                    1202,
                    734
                ]
            ],
            "text": "max.",
            "label": "B_Prop",
            "links": []
        },
        {
            "index": 44,
            "bbox": [
                [
                    1443,
                    377
                ],
                [
                    1443,
                    408
                ],
                [
                    1535,
                    408
                ],
                [
                    1535,
                    377
                ]
            ],
            "text": "Values",
            "label": "Out",
            "links": []
        },
        {
            "index": 45,
            "bbox": [
                [
                    1443,
                    432
                ],
                [
                    1443,
                    477
                ],
                [
                    1493,
                    477
                ],
                [
                    1493,
                    432
                ]
            ],
            "text": "-40",
            "label": "B_Value",
            "links": []
        },
        {
            "index": 46,
            "bbox": [
                [
                    1498,
                    431
                ],
                [
                    1498,
                    475
                ],
                [
                    1538,
                    475
                ],
                [
                    1538,
                    431
                ]
            ],
            "text": "°C",
            "label": "B_Unit",
            "links": []
        },
        {
            "index": 47,
            "bbox": [
                [
                    1440,
                    479
                ],
                [
                    1440,
                    516
                ],
                [
                    1500,
                    516
                ],
                [
                    1500,
                    479
                ]
            ],
            "text": "100",
            "label": "B_Value",
            "links": []
        },
        {
            "index": 48,
            "bbox": [
                [
                    1505,
                    479
                ],
                [
                    1505,
                    516
                ],
                [
                    1535,
                    516
                ],
                [
                    1535,
                    479
                ]
            ],
            "text": "°C",
            "label": "B_Unit",
            "links": []
        },
        {
            "index": 49,
            "bbox": [
                [
                    1443,
                    534
                ],
                [
                    1443,
                    568
                ],
                [
                    1498,
                    568
                ],
                [
                    1498,
                    534
                ]
            ],
            "text": "-40",
            "label": "B_Value",
            "links": []
        },
        {
            "index": 50,
            "bbox": [
                [
                    1503,
                    534
                ],
                [
                    1503,
                    568
                ],
                [
                    1536,
                    568
                ],
                [
                    1536,
                    534
                ]
            ],
            "text": "°С",
            "label": "B_Unit",
            "links": []
        },
        {
            "index": 51,
            "bbox": [
                [
                    1440,
                    571
                ],
                [
                    1440,
                    605
                ],
                [
                    1495,
                    605
                ],
                [
                    1495,
                    571
                ]
            ],
            "text": "100",
            "label": "B_Value",
            "links": []
        },
        {
            "index": 52,
            "bbox": [
                [
                    1500,
                    571
                ],
                [
                    1500,
                    605
                ],
                [
                    1536,
                    605
                ],
                [
                    1536,
                    571
                ]
            ],
            "text": "°C",
            "label": "B_Unit",
            "links": []
        },
        {
            "index": 53,
            "bbox": [
                [
                    1467,
                    615
                ],
                [
                    1467,
                    659
                ],
                [
                    1511,
                    659
                ],
                [
                    1511,
                    615
                ]
            ],
            "text": "32",
            "label": "B_Value",
            "links": []
        },
        {
            "index": 54,
            "bbox": [
                [
                    1517,
                    615
                ],
                [
                    1517,
                    659
                ],
                [
                    1539,
                    659
                ],
                [
                    1539,
                    615
                ]
            ],
            "text": "V",
            "label": "B_Unit",
            "links": []
        },
        {
            "index": 55,
            "bbox": [
                [
                    1420,
                    680
                ],
                [
                    1420,
                    711
                ],
                [
                    1478,
                    711
                ],
                [
                    1478,
                    680
                ]
            ],
            "text": "150",
            "label": "B_Value",
            "links": []
        },
        {
            "index": 56,
            "bbox": [
                [
                    1482,
                    680
                ],
                [
                    1482,
                    711
                ],
                [
                    1535,
                    711
                ],
                [
                    1535,
                    680
                ]
            ],
            "text": "mW",
            "label": "B_Unit",
            "links": []
        },
        {
            "index": 57,
            "bbox": [
                [
                    1471,
                    731
                ],
                [
                    1471,
                    762
                ],
                [
                    1495,
                    762
                ],
                [
                    1495,
                    731
                ]
            ],
            "text": "2",
            "label": "B_Value",
            "links": []
        },
        {
            "index": 58,
            "bbox": [
                [
                    1498,
                    731
                ],
                [
                    1498,
                    762
                ],
                [
                    1535,
                    762
                ],
                [
                    1535,
                    731
                ]
            ],
            "text": "kV",
            "label": "B_Unit",
            "links": []
        },
        {
            "index": 59,
            "bbox": [
                [
                    1318,
                    2217
                ],
                [
                    1318,
                    2271
                ],
                [
                    1535,
                    2271
                ],
                [
                    1535,
                    2217
                ]
            ],
            "text": "OSRAM",
            "label": "Out",
            "links": []
        },
        {
            "index": 60,
            "bbox": [
                [
                    1321,
                    2278
                ],
                [
                    1321,
                    2298
                ],
                [
                    1373,
                    2298
                ],
                [
                    1373,
                    2278
                ]
            ],
            "text": "Opto",
            "label": "Out",
            "links": []
        },
        {
            "index": 61,
            "bbox": [
                [
                    1376,
                    2278
                ],
                [
                    1376,
                    2298
                ],
                [
                    1535,
                    2298
                ],
                [
                    1535,
                    2278
                ]
            ],
            "text": "Semiconductors",
            "label": "Out",
            "links": []
        }
    ]
}