{
    "datasheet": [
        {
            "index": 0,
            "bbox": [
                [
                    149,
                    99
                ],
                [
                    149,
                    119
                ],
                [
                    404,
                    119
                ],
                [
                    404,
                    99
                ]
            ],
            "text": "www.osram-os.com",
            "label": "Out",
            "links": []
        },
        {
            "index": 1,
            "bbox": [
                [
                    123,
                    231
                ],
                [
                    123,
                    279
                ],
                [
                    252,
                    279
                ],
                [
                    252,
                    231
                ]
            ],
            "text": "BPW",
            "label": "B_Ref",
            "links": []
        },
        {
            "index": 2,
            "bbox": [
                [
                    254,
                    231
                ],
                [
                    254,
                    279
                ],
                [
                    326,
                    279
                ],
                [
                    326,
                    231
                ]
            ],
            "text": "34",
            "label": "I_Ref",
            "links": []
        },
        {
            "index": 3,
            "bbox": [
                [
                    115,
                    340
                ],
                [
                    115,
                    374
                ],
                [
                    180,
                    374
                ],
                [
                    180,
                    340
                ]
            ],
            "text": "DIL",
            "label": "B_Section",
            "links": []
        },
        {
            "index": 4,
            "bbox": [
                [
                    115,
                    391
                ],
                [
                    115,
                    422
                ],
                [
                    208,
                    422
                ],
                [
                    208,
                    391
                ]
            ],
            "text": "Silicon",
            "label": "B_Descri",
            "links": []
        },
        {
            "index": 5,
            "bbox": [
                [
                    212,
                    391
                ],
                [
                    212,
                    422
                ],
                [
                    262,
                    422
                ],
                [
                    262,
                    391
                ]
            ],
            "text": "PIN",
            "label": "I_Descri",
            "links": []
        },
        {
            "index": 6,
            "bbox": [
                [
                    266,
                    391
                ],
                [
                    266,
                    422
                ],
                [
                    418,
                    422
                ],
                [
                    418,
                    391
                ]
            ],
            "text": "Photodiode",
            "label": "I_Descri",
            "links": []
        },
        {
            "index": 7,
            "bbox": [
                [
                    115,
                    724
                ],
                [
                    115,
                    765
                ],
                [
                    336,
                    765
                ],
                [
                    336,
                    724
                ]
            ],
            "text": "Applications",
            "label": "B_Section",
            "links": []
        },
        {
            "index": 8,
            "bbox": [
                [
                    149,
                    786
                ],
                [
                    149,
                    823
                ],
                [
                    288,
                    823
                ],
                [
                    288,
                    786
                ]
            ],
            "text": "Electronic",
            "label": "B_Descri",
            "links": []
        },
        {
            "index": 9,
            "bbox": [
                [
                    292,
                    785
                ],
                [
                    292,
                    822
                ],
                [
                    441,
                    822
                ],
                [
                    441,
                    785
                ]
            ],
            "text": "Equipment",
            "label": "I_Descri",
            "links": []
        },
        {
            "index": 10,
            "bbox": [
                [
                    900,
                    786
                ],
                [
                    900,
                    823
                ],
                [
                    1030,
                    823
                ],
                [
                    1030,
                    786
                ]
            ],
            "text": "Industrial",
            "label": "B_Descri",
            "links": []
        },
        {
            "index": 11,
            "bbox": [
                [
                    1034,
                    786
                ],
                [
                    1034,
                    823
                ],
                [
                    1187,
                    823
                ],
                [
                    1187,
                    786
                ]
            ],
            "text": "Automation",
            "label": "I_Descri",
            "links": []
        },
        {
            "index": 12,
            "bbox": [
                [
                    1191,
                    786
                ],
                [
                    1191,
                    823
                ],
                [
                    1321,
                    823
                ],
                [
                    1321,
                    786
                ]
            ],
            "text": "(Machine",
            "label": "I_Descri",
            "links": []
        },
        {
            "index": 13,
            "bbox": [
                [
                    1326,
                    786
                ],
                [
                    1326,
                    823
                ],
                [
                    1446,
                    823
                ],
                [
                    1446,
                    786
                ]
            ],
            "text": "Controls,",
            "label": "I_Descri",
            "links": []
        },
        {
            "index": 14,
            "bbox": [
                [
                    1450,
                    785
                ],
                [
                    1450,
                    822
                ],
                [
                    1521,
                    822
                ],
                [
                    1521,
                    785
                ]
            ],
            "text": "Light",
            "label": "I_Descri",
            "links": []
        },
        {
            "index": 15,
            "bbox": [
                [
                    897,
                    826
                ],
                [
                    897,
                    857
                ],
                [
                    1021,
                    857
                ],
                [
                    1021,
                    826
                ]
            ],
            "text": "Barriers,",
            "label": "I_Descri",
            "links": []
        },
        {
            "index": 16,
            "bbox": [
                [
                    1025,
                    826
                ],
                [
                    1025,
                    857
                ],
                [
                    1110,
                    857
                ],
                [
                    1110,
                    826
                ]
            ],
            "text": "Vision",
            "label": "I_Descri",
            "links": []
        },
        {
            "index": 17,
            "bbox": [
                [
                    1114,
                    826
                ],
                [
                    1114,
                    857
                ],
                [
                    1240,
                    857
                ],
                [
                    1240,
                    826
                ]
            ],
            "text": "Controls)",
            "label": "I_Descri",
            "links": []
        },
        {
            "index": 18,
            "bbox": [
                [
                    115,
                    941
                ],
                [
                    115,
                    976
                ],
                [
                    288,
                    976
                ],
                [
                    288,
                    941
                ]
            ],
            "text": "Features:",
            "label": "B_Section",
            "links": []
        },
        {
            "index": 19,
            "bbox": [
                [
                    150,
                    1003
                ],
                [
                    150,
                    1034
                ],
                [
                    282,
                    1034
                ],
                [
                    282,
                    1003
                ]
            ],
            "text": "Package:",
            "label": "B_Descri",
            "links": []
        },
        {
            "index": 20,
            "bbox": [
                [
                    286,
                    1003
                ],
                [
                    286,
                    1034
                ],
                [
                    379,
                    1034
                ],
                [
                    379,
                    1003
                ]
            ],
            "text": "Epoxy,",
            "label": "I_Descri",
            "links": []
        },
        {
            "index": 21,
            "bbox": [
                [
                    382,
                    1003
                ],
                [
                    382,
                    1034
                ],
                [
                    472,
                    1034
                ],
                [
                    472,
                    1003
                ]
            ],
            "text": "diffuse",
            "label": "I_Descri",
            "links": []
        },
        {
            "index": 22,
            "bbox": [
                [
                    150,
                    1054
                ],
                [
                    150,
                    1082
                ],
                [
                    286,
                    1082
                ],
                [
                    286,
                    1054
                ]
            ],
            "text": "Corrosion",
            "label": "B_Descri",
            "links": []
        },
        {
            "index": 23,
            "bbox": [
                [
                    290,
                    1054
                ],
                [
                    290,
                    1082
                ],
                [
                    454,
                    1082
                ],
                [
                    454,
                    1054
                ]
            ],
            "text": "Robustness",
            "label": "I_Descri",
            "links": []
        },
        {
            "index": 24,
            "bbox": [
                [
                    458,
                    1054
                ],
                [
                    458,
                    1082
                ],
                [
                    545,
                    1082
                ],
                [
                    545,
                    1054
                ]
            ],
            "text": "Class:",
            "label": "I_Descri",
            "links": []
        },
        {
            "index": 25,
            "bbox": [
                [
                    549,
                    1054
                ],
                [
                    549,
                    1082
                ],
                [
                    588,
                    1082
                ],
                [
                    588,
                    1054
                ]
            ],
            "text": "3B",
            "label": "I_Descri",
            "links": []
        },
        {
            "index": 26,
            "bbox": [
                [
                    150,
                    1105
                ],
                [
                    150,
                    1143
                ],
                [
                    221,
                    1143
                ],
                [
                    221,
                    1105
                ]
            ],
            "text": "ESD:",
            "label": "B_Descri",
            "links": []
        },
        {
            "index": 27,
            "bbox": [
                [
                    226,
                    1105
                ],
                [
                    226,
                    1143
                ],
                [
                    250,
                    1143
                ],
                [
                    250,
                    1105
                ]
            ],
            "text": "2",
            "label": "I_Descri",
            "links": []
        },
        {
            "index": 28,
            "bbox": [
                [
                    255,
                    1105
                ],
                [
                    255,
                    1143
                ],
                [
                    293,
                    1143
                ],
                [
                    293,
                    1105
                ]
            ],
            "text": "kV",
            "label": "I_Descri",
            "links": []
        },
        {
            "index": 29,
            "bbox": [
                [
                    297,
                    1105
                ],
                [
                    297,
                    1143
                ],
                [
                    354,
                    1143
                ],
                [
                    354,
                    1105
                ]
            ],
            "text": "acc.",
            "label": "I_Descri",
            "links": []
        },
        {
            "index": 30,
            "bbox": [
                [
                    359,
                    1105
                ],
                [
                    359,
                    1143
                ],
                [
                    387,
                    1143
                ],
                [
                    387,
                    1105
                ]
            ],
            "text": "to",
            "label": "I_Descri",
            "links": []
        },
        {
            "index": 31,
            "bbox": [
                [
                    392,
                    1105
                ],
                [
                    392,
                    1143
                ],
                [
                    668,
                    1143
                ],
                [
                    668,
                    1105
                ]
            ],
            "text": "ANSI/ESDA/JEDEC",
            "label": "I_Descri",
            "links": []
        },
        {
            "index": 32,
            "bbox": [
                [
                    673,
                    1105
                ],
                [
                    673,
                    1143
                ],
                [
                    773,
                    1143
                ],
                [
                    773,
                    1105
                ]
            ],
            "text": "JS-001",
            "label": "I_Descri",
            "links": []
        },
        {
            "index": 33,
            "bbox": [
                [
                    777,
                    1105
                ],
                [
                    777,
                    1143
                ],
                [
                    867,
                    1143
                ],
                [
                    867,
                    1105
                ]
            ],
            "text": "(HBM,",
            "label": "I_Descri",
            "links": []
        },
        {
            "index": 34,
            "bbox": [
                [
                    872,
                    1105
                ],
                [
                    872,
                    1143
                ],
                [
                    948,
                    1143
                ],
                [
                    948,
                    1105
                ]
            ],
            "text": "Class",
            "label": "I_Descri",
            "links": []
        },
        {
            "index": 35,
            "bbox": [
                [
                    953,
                    1105
                ],
                [
                    953,
                    1143
                ],
                [
                    982,
                    1143
                ],
                [
                    982,
                    1105
                ]
            ],
            "text": "2)",
            "label": "I_Descri",
            "links": []
        },
        {
            "index": 36,
            "bbox": [
                [
                    149,
                    1160
                ],
                [
                    149,
                    1190
                ],
                [
                    291,
                    1190
                ],
                [
                    291,
                    1160
                ]
            ],
            "text": "Especially",
            "label": "B_Descri",
            "links": []
        },
        {
            "index": 37,
            "bbox": [
                [
                    295,
                    1160
                ],
                [
                    295,
                    1190
                ],
                [
                    404,
                    1190
                ],
                [
                    404,
                    1160
                ]
            ],
            "text": "suitable",
            "label": "I_Descri",
            "links": []
        },
        {
            "index": 38,
            "bbox": [
                [
                    407,
                    1160
                ],
                [
                    407,
                    1190
                ],
                [
                    448,
                    1190
                ],
                [
                    448,
                    1160
                ]
            ],
            "text": "for",
            "label": "I_Descri",
            "links": []
        },
        {
            "index": 39,
            "bbox": [
                [
                    452,
                    1160
                ],
                [
                    452,
                    1190
                ],
                [
                    613,
                    1190
                ],
                [
                    613,
                    1160
                ]
            ],
            "text": "applications",
            "label": "I_Descri",
            "links": []
        },
        {
            "index": 40,
            "bbox": [
                [
                    617,
                    1160
                ],
                [
                    617,
                    1190
                ],
                [
                    684,
                    1190
                ],
                [
                    684,
                    1160
                ]
            ],
            "text": "from",
            "label": "I_Descri",
            "links": []
        },
        {
            "index": 41,
            "bbox": [
                [
                    689,
                    1160
                ],
                [
                    689,
                    1190
                ],
                [
                    745,
                    1190
                ],
                [
                    745,
                    1160
                ]
            ],
            "text": "400",
            "label": "I_Descri",
            "links": []
        },
        {
            "index": 42,
            "bbox": [
                [
                    749,
                    1160
                ],
                [
                    749,
                    1190
                ],
                [
                    794,
                    1190
                ],
                [
                    794,
                    1160
                ]
            ],
            "text": "nm",
            "label": "I_Descri",
            "links": []
        },
        {
            "index": 43,
            "bbox": [
                [
                    797,
                    1160
                ],
                [
                    797,
                    1190
                ],
                [
                    827,
                    1190
                ],
                [
                    827,
                    1160
                ]
            ],
            "text": "to",
            "label": "I_Descri",
            "links": []
        },
        {
            "index": 44,
            "bbox": [
                [
                    831,
                    1160
                ],
                [
                    831,
                    1190
                ],
                [
                    898,
                    1190
                ],
                [
                    898,
                    1160
                ]
            ],
            "text": "1100",
            "label": "I_Descri",
            "links": []
        },
        {
            "index": 45,
            "bbox": [
                [
                    902,
                    1159
                ],
                [
                    902,
                    1190
                ],
                [
                    947,
                    1190
                ],
                [
                    947,
                    1159
                ]
            ],
            "text": "nm",
            "label": "I_Descri",
            "links": []
        },
        {
            "index": 46,
            "bbox": [
                [
                    150,
                    1203
                ],
                [
                    150,
                    1234
                ],
                [
                    227,
                    1234
                ],
                [
                    227,
                    1203
                ]
            ],
            "text": "Short",
            "label": "B_Descri",
            "links": []
        },
        {
            "index": 47,
            "bbox": [
                [
                    231,
                    1203
                ],
                [
                    231,
                    1234
                ],
                [
                    359,
                    1234
                ],
                [
                    359,
                    1203
                ]
            ],
            "text": "switching",
            "label": "I_Descri",
            "links": []
        },
        {
            "index": 48,
            "bbox": [
                [
                    363,
                    1203
                ],
                [
                    363,
                    1234
                ],
                [
                    425,
                    1234
                ],
                [
                    425,
                    1203
                ]
            ],
            "text": "time",
            "label": "I_Descri",
            "links": []
        },
        {
            "index": 49,
            "bbox": [
                [
                    429,
                    1203
                ],
                [
                    429,
                    1234
                ],
                [
                    491,
                    1234
                ],
                [
                    491,
                    1203
                ]
            ],
            "text": "(typ.",
            "label": "I_Descri",
            "links": []
        },
        {
            "index": 50,
            "bbox": [
                [
                    495,
                    1203
                ],
                [
                    495,
                    1234
                ],
                [
                    534,
                    1234
                ],
                [
                    534,
                    1203
                ]
            ],
            "text": "20",
            "label": "I_Descri",
            "links": []
        },
        {
            "index": 51,
            "bbox": [
                [
                    537,
                    1203
                ],
                [
                    537,
                    1234
                ],
                [
                    584,
                    1234
                ],
                [
                    584,
                    1203
                ]
            ],
            "text": "ns",
            "label": "I_Descri",
            "links": []
        },
        {
            "index": 52,
            "bbox": [
                [
                    538,
                    1203
                ],
                [
                    538,
                    1234
                ],
                [
                    585,
                    1234
                ],
                [
                    585,
                    1203
                ]
            ],
            "text": ")",
            "label": "I_Descri",
            "links": []
        },
        {
            "index": 53,
            "bbox": [
                [
                    149,
                    1251
                ],
                [
                    149,
                    1281
                ],
                [
                    201,
                    1281
                ],
                [
                    201,
                    1251
                ]
            ],
            "text": "DIL",
            "label": "B_Descri",
            "links": []
        },
        {
            "index": 54,
            "bbox": [
                [
                    206,
                    1251
                ],
                [
                    206,
                    1281
                ],
                [
                    296,
                    1281
                ],
                [
                    296,
                    1251
                ]
            ],
            "text": "plastic",
            "label": "I_Descri",
            "links": []
        },
        {
            "index": 55,
            "bbox": [
                [
                    299,
                    1251
                ],
                [
                    299,
                    1281
                ],
                [
                    419,
                    1281
                ],
                [
                    419,
                    1251
                ]
            ],
            "text": "package",
            "label": "I_Descri",
            "links": []
        },
        {
            "index": 56,
            "bbox": [
                [
                    423,
                    1251
                ],
                [
                    423,
                    1281
                ],
                [
                    479,
                    1281
                ],
                [
                    479,
                    1251
                ]
            ],
            "text": "with",
            "label": "I_Descri",
            "links": []
        },
        {
            "index": 57,
            "bbox": [
                [
                    483,
                    1251
                ],
                [
                    483,
                    1281
                ],
                [
                    547,
                    1281
                ],
                [
                    547,
                    1251
                ]
            ],
            "text": "high",
            "label": "I_Descri",
            "links": []
        },
        {
            "index": 58,
            "bbox": [
                [
                    551,
                    1251
                ],
                [
                    551,
                    1281
                ],
                [
                    660,
                    1281
                ],
                [
                    660,
                    1251
                ]
            ],
            "text": "packing",
            "label": "I_Descri",
            "links": []
        },
        {
            "index": 59,
            "bbox": [
                [
                    663,
                    1251
                ],
                [
                    663,
                    1282
                ],
                [
                    761,
                    1282
                ],
                [
                    761,
                    1251
                ]
            ],
            "text": "density",
            "label": "I_Descri",
            "links": []
        },
        {
            "index": 60,
            "bbox": [
                [
                    115,
                    1322
                ],
                [
                    115,
                    1363
                ],
                [
                    273,
                    1363
                ],
                [
                    273,
                    1322
                ]
            ],
            "text": "Ordering",
            "label": "B_Section",
            "links": []
        },
        {
            "index": 61,
            "bbox": [
                [
                    279,
                    1322
                ],
                [
                    279,
                    1363
                ],
                [
                    486,
                    1363
                ],
                [
                    486,
                    1322
                ]
            ],
            "text": "Information",
            "label": "I_Section",
            "links": []
        },
        {
            "index": 62,
            "bbox": [
                [
                    115,
                    1384
                ],
                [
                    115,
                    1418
                ],
                [
                    180,
                    1418
                ],
                [
                    180,
                    1384
                ]
            ],
            "text": "Type",
            "label": "Out",
            "links": []
        },
        {
            "index": 63,
            "bbox": [
                [
                    295,
                    1380
                ],
                [
                    295,
                    1407
                ],
                [
                    453,
                    1407
                ],
                [
                    453,
                    1380
                ]
            ],
            "text": "Photocurrent",
            "label": "B_Prop",
            "links": []
        },
        {
            "index": 64,
            "bbox": [
                [
                    292,
                    1462
                ],
                [
                    292,
                    1503
                ],
                [
                    322,
                    1503
                ],
                [
                    322,
                    1462
                ]
            ],
            "text": "E,",
            "label": "Out",
            "links": []
        },
        {
            "index": 65,
            "bbox": [
                [
                    327,
                    1462
                ],
                [
                    327,
                    1502
                ],
                [
                    347,
                    1502
                ],
                [
                    347,
                    1462
                ]
            ],
            "text": "=",
            "label": "Out",
            "links": []
        },
        {
            "index": 66,
            "bbox": [
                [
                    352,
                    1462
                ],
                [
                    352,
                    1502
                ],
                [
                    417,
                    1502
                ],
                [
                    417,
                    1462
                ]
            ],
            "text": "1000",
            "label": "Out",
            "links": []
        },
        {
            "index": 67,
            "bbox": [
                [
                    422,
                    1462
                ],
                [
                    422,
                    1502
                ],
                [
                    462,
                    1502
                ],
                [
                    462,
                    1462
                ]
            ],
            "text": "Ix;",
            "label": "Out",
            "links": []
        },
        {
            "index": 68,
            "bbox": [
                [
                    467,
                    1462
                ],
                [
                    467,
                    1502
                ],
                [
                    517,
                    1502
                ],
                [
                    517,
                    1462
                ]
            ],
            "text": "Std.",
            "label": "Out",
            "links": []
        },
        {
            "index": 69,
            "bbox": [
                [
                    522,
                    1462
                ],
                [
                    522,
                    1502
                ],
                [
                    592,
                    1502
                ],
                [
                    592,
                    1462
                ]
            ],
            "text": "Light",
            "label": "Out",
            "links": []
        },
        {
            "index": 70,
            "bbox": [
                [
                    597,
                    1462
                ],
                [
                    597,
                    1502
                ],
                [
                    627,
                    1502
                ],
                [
                    627,
                    1462
                ]
            ],
            "text": "A;",
            "label": "Out",
            "links": []
        },
        {
            "index": 71,
            "bbox": [
                [
                    632,
                    1462
                ],
                [
                    632,
                    1502
                ],
                [
                    667,
                    1502
                ],
                [
                    667,
                    1462
                ]
            ],
            "text": "VR",
            "label": "Out",
            "links": []
        },
        {
            "index": 72,
            "bbox": [
                [
                    672,
                    1462
                ],
                [
                    672,
                    1502
                ],
                [
                    687,
                    1502
                ],
                [
                    687,
                    1462
                ]
            ],
            "text": "=",
            "label": "Out",
            "links": []
        },
        {
            "index": 73,
            "bbox": [
                [
                    692,
                    1462
                ],
                [
                    692,
                    1502
                ],
                [
                    717,
                    1502
                ],
                [
                    717,
                    1462
                ]
            ],
            "text": "5",
            "label": "Out",
            "links": []
        },
        {
            "index": 74,
            "bbox": [
                [
                    722,
                    1462
                ],
                [
                    722,
                    1503
                ],
                [
                    740,
                    1503
                ],
                [
                    740,
                    1462
                ]
            ],
            "text": "V",
            "label": "Out",
            "links": []
        },
        {
            "index": 75,
            "bbox": [
                [
                    115,
                    1560
                ],
                [
                    115,
                    1588
                ],
                [
                    186,
                    1588
                ],
                [
                    186,
                    1560
                ]
            ],
            "text": "BPW",
            "label": "B_Ref",
            "links": []
        },
        {
            "index": 76,
            "bbox": [
                [
                    190,
                    1561
                ],
                [
                    190,
                    1589
                ],
                [
                    228,
                    1589
                ],
                [
                    228,
                    1561
                ]
            ],
            "text": "34",
            "label": "I_Ref",
            "links": []
        },
        {
            "index": 77,
            "bbox": [
                [
                    289,
                    1561
                ],
                [
                    289,
                    1595
                ],
                [
                    310,
                    1595
                ],
                [
                    310,
                    1561
                ]
            ],
            "text": "≥",
            "label": "B_Value",
            "links": []
        },
        {
            "index": 78,
            "bbox": [
                [
                    314,
                    1560
                ],
                [
                    314,
                    1594
                ],
                [
                    352,
                    1594
                ],
                [
                    352,
                    1560
                ]
            ],
            "text": "55",
            "label": "I_Value",
            "links": []
        },
        {
            "index": 79,
            "bbox": [
                [
                    357,
                    1560
                ],
                [
                    357,
                    1594
                ],
                [
                    394,
                    1594
                ],
                [
                    394,
                    1560
                ]
            ],
            "text": "нА",
            "label": "B_Unit",
            "links": []
        },
        {
            "index": 80,
            "bbox": [
                [
                    781,
                    1380
                ],
                [
                    781,
                    1414
                ],
                [
                    947,
                    1414
                ],
                [
                    947,
                    1380
                ]
            ],
            "text": "Photocurrent",
            "label": "B_Prop",
            "links": []
        },
        {
            "index": 81,
            "bbox": [
                [
                    781,
                    1422
                ],
                [
                    781,
                    1453
                ],
                [
                    835,
                    1453
                ],
                [
                    835,
                    1422
                ]
            ],
            "text": "typ.",
            "label": "I_Prop",
            "links": []
        },
        {
            "index": 82,
            "bbox": [
                [
                    781,
                    1458
                ],
                [
                    781,
                    1502
                ],
                [
                    814,
                    1502
                ],
                [
                    814,
                    1458
                ]
            ],
            "text": "E,",
            "label": "Out",
            "links": []
        },
        {
            "index": 83,
            "bbox": [
                [
                    820,
                    1458
                ],
                [
                    820,
                    1502
                ],
                [
                    842,
                    1502
                ],
                [
                    842,
                    1458
                ]
            ],
            "text": "=",
            "label": "Out",
            "links": []
        },
        {
            "index": 84,
            "bbox": [
                [
                    847,
                    1458
                ],
                [
                    847,
                    1502
                ],
                [
                    913,
                    1502
                ],
                [
                    913,
                    1458
                ]
            ],
            "text": "1000",
            "label": "Out",
            "links": []
        },
        {
            "index": 85,
            "bbox": [
                [
                    919,
                    1458
                ],
                [
                    919,
                    1502
                ],
                [
                    952,
                    1502
                ],
                [
                    952,
                    1458
                ]
            ],
            "text": "Ix;",
            "label": "Out",
            "links": []
        },
        {
            "index": 86,
            "bbox": [
                [
                    957,
                    1458
                ],
                [
                    957,
                    1502
                ],
                [
                    1012,
                    1502
                ],
                [
                    1012,
                    1458
                ]
            ],
            "text": "Std.",
            "label": "Out",
            "links": []
        },
        {
            "index": 87,
            "bbox": [
                [
                    1018,
                    1458
                ],
                [
                    1018,
                    1502
                ],
                [
                    1084,
                    1502
                ],
                [
                    1084,
                    1458
                ]
            ],
            "text": "Light",
            "label": "Out",
            "links": []
        },
        {
            "index": 88,
            "bbox": [
                [
                    1089,
                    1458
                ],
                [
                    1089,
                    1502
                ],
                [
                    1117,
                    1502
                ],
                [
                    1117,
                    1458
                ]
            ],
            "text": "A;",
            "label": "Out",
            "links": []
        },
        {
            "index": 89,
            "bbox": [
                [
                    1122,
                    1458
                ],
                [
                    1122,
                    1502
                ],
                [
                    1155,
                    1502
                ],
                [
                    1155,
                    1458
                ]
            ],
            "text": "Vp",
            "label": "Out",
            "links": []
        },
        {
            "index": 90,
            "bbox": [
                [
                    1161,
                    1458
                ],
                [
                    1161,
                    1502
                ],
                [
                    1183,
                    1502
                ],
                [
                    1183,
                    1458
                ]
            ],
            "text": "=",
            "label": "Out",
            "links": []
        },
        {
            "index": 91,
            "bbox": [
                [
                    1188,
                    1458
                ],
                [
                    1188,
                    1502
                ],
                [
                    1205,
                    1502
                ],
                [
                    1205,
                    1458
                ]
            ],
            "text": "5",
            "label": "Out",
            "links": []
        },
        {
            "index": 92,
            "bbox": [
                [
                    1210,
                    1458
                ],
                [
                    1210,
                    1502
                ],
                [
                    1233,
                    1502
                ],
                [
                    1233,
                    1458
                ]
            ],
            "text": "V",
            "label": "Out",
            "links": []
        },
        {
            "index": 93,
            "bbox": [
                [
                    829,
                    1560
                ],
                [
                    829,
                    1594
                ],
                [
                    868,
                    1594
                ],
                [
                    868,
                    1560
                ]
            ],
            "text": "80",
            "label": "B_Value",
            "links": []
        },
        {
            "index": 94,
            "bbox": [
                [
                    872,
                    1560
                ],
                [
                    872,
                    1594
                ],
                [
                    914,
                    1594
                ],
                [
                    914,
                    1560
                ]
            ],
            "text": "MA",
            "label": "B_Unit",
            "links": []
        },
        {
            "index": 95,
            "bbox": [
                [
                    1274,
                    1383
                ],
                [
                    1274,
                    1417
                ],
                [
                    1389,
                    1417
                ],
                [
                    1389,
                    1383
                ]
            ],
            "text": "Ordering",
            "label": "B_Prop",
            "links": []
        },
        {
            "index": 96,
            "bbox": [
                [
                    1393,
                    1384
                ],
                [
                    1393,
                    1418
                ],
                [
                    1458,
                    1418
                ],
                [
                    1458,
                    1384
                ]
            ],
            "text": "Code",
            "label": "I_Prop",
            "links": []
        },
        {
            "index": 97,
            "bbox": [
                [
                    1274,
                    1560
                ],
                [
                    1274,
                    1591
                ],
                [
                    1468,
                    1591
                ],
                [
                    1468,
                    1560
                ]
            ],
            "text": "Q62702P0073",
            "label": "B_Value",
            "links": []
        },
        {
            "index": 98,
            "bbox": [
                [
                    139,
                    2196
                ],
                [
                    139,
                    2223
                ],
                [
                    166,
                    2223
                ],
                [
                    166,
                    2196
                ]
            ],
            "text": "1",
            "label": "Out",
            "links": []
        },
        {
            "index": 99,
            "bbox": [
                [
                    169,
                    2196
                ],
                [
                    169,
                    2223
                ],
                [
                    277,
                    2223
                ],
                [
                    277,
                    2196
                ]
            ],
            "text": "Version",
            "label": "Out",
            "links": []
        },
        {
            "index": 100,
            "bbox": [
                [
                    281,
                    2196
                ],
                [
                    281,
                    2223
                ],
                [
                    328,
                    2223
                ],
                [
                    328,
                    2196
                ]
            ],
            "text": "1.5",
            "label": "Out",
            "links": []
        },
        {
            "index": 101,
            "bbox": [
                [
                    331,
                    2196
                ],
                [
                    331,
                    2223
                ],
                [
                    341,
                    2223
                ],
                [
                    341,
                    2196
                ]
            ],
            "text": "|",
            "label": "Out",
            "links": []
        },
        {
            "index": 102,
            "bbox": [
                [
                    345,
                    2196
                ],
                [
                    345,
                    2223
                ],
                [
                    496,
                    2223
                ],
                [
                    496,
                    2196
                ]
            ],
            "text": "2020-01-08",
            "label": "Out",
            "links": []
        },
        {
            "index": 103,
            "bbox": [
                [
                    1318,
                    2216
                ],
                [
                    1318,
                    2271
                ],
                [
                    1536,
                    2271
                ],
                [
                    1536,
                    2216
                ]
            ],
            "text": "OSRAM",
            "label": "Out",
            "links": []
        },
        {
            "index": 104,
            "bbox": [
                [
                    1321,
                    2278
                ],
                [
                    1321,
                    2298
                ],
                [
                    1373,
                    2298
                ],
                [
                    1373,
                    2278
                ]
            ],
            "text": "Opto",
            "label": "Out",
            "links": []
        },
        {
            "index": 105,
            "bbox": [
                [
                    1376,
                    2278
                ],
                [
                    1376,
                    2298
                ],
                [
                    1535,
                    2298
                ],
                [
                    1535,
                    2278
                ]
            ],
            "text": "Semiconductors",
            "label": "Out",
            "links": []
        }
    ]
}