{
    "datasheet": [
        {
            "index": 0,
            "bbox": [
                [
                    144,
                    26
                ],
                [
                    144,
                    52
                ],
                [
                    185,
                    52
                ],
                [
                    185,
                    26
                ]
            ],
            "text": "This",
            "label": "Out",
            "links": []
        },
        {
            "index": 1,
            "bbox": [
                [
                    188,
                    26
                ],
                [
                    188,
                    51
                ],
                [
                    294,
                    51
                ],
                [
                    294,
                    26
                ]
            ],
            "text": "document",
            "label": "Out",
            "links": []
        },
        {
            "index": 2,
            "bbox": [
                [
                    297,
                    26
                ],
                [
                    297,
                    51
                ],
                [
                    388,
                    51
                ],
                [
                    388,
                    26
                ]
            ],
            "text": "contains",
            "label": "Out",
            "links": []
        },
        {
            "index": 3,
            "bbox": [
                [
                    391,
                    26
                ],
                [
                    391,
                    51
                ],
                [
                    438,
                    51
                ],
                [
                    438,
                    26
                ]
            ],
            "text": "data",
            "label": "Out",
            "links": []
        },
        {
            "index": 4,
            "bbox": [
                [
                    441,
                    26
                ],
                [
                    441,
                    51
                ],
                [
                    560,
                    51
                ],
                [
                    560,
                    26
                ]
            ],
            "text": "proprietary",
            "label": "Out",
            "links": []
        },
        {
            "index": 5,
            "bbox": [
                [
                    563,
                    26
                ],
                [
                    563,
                    51
                ],
                [
                    588,
                    51
                ],
                [
                    588,
                    26
                ]
            ],
            "text": "to",
            "label": "Out",
            "links": []
        },
        {
            "index": 6,
            "bbox": [
                [
                    591,
                    26
                ],
                [
                    591,
                    51
                ],
                [
                    628,
                    51
                ],
                [
                    628,
                    26
                ]
            ],
            "text": "PUI",
            "label": "Out",
            "links": []
        },
        {
            "index": 7,
            "bbox": [
                [
                    632,
                    26
                ],
                [
                    632,
                    51
                ],
                [
                    691,
                    51
                ],
                [
                    691,
                    26
                ]
            ],
            "text": "Audio",
            "label": "Out",
            "links": []
        },
        {
            "index": 8,
            "bbox": [
                [
                    694,
                    26
                ],
                [
                    694,
                    51
                ],
                [
                    735,
                    51
                ],
                [
                    735,
                    26
                ]
            ],
            "text": "Inc.",
            "label": "Out",
            "links": []
        },
        {
            "index": 9,
            "bbox": [
                [
                    738,
                    26
                ],
                [
                    738,
                    51
                ],
                [
                    779,
                    51
                ],
                [
                    779,
                    26
                ]
            ],
            "text": "Any",
            "label": "Out",
            "links": []
        },
        {
            "index": 10,
            "bbox": [
                [
                    782,
                    26
                ],
                [
                    782,
                    51
                ],
                [
                    819,
                    51
                ],
                [
                    819,
                    26
                ]
            ],
            "text": "use",
            "label": "Out",
            "links": []
        },
        {
            "index": 11,
            "bbox": [
                [
                    822,
                    26
                ],
                [
                    822,
                    51
                ],
                [
                    847,
                    51
                ],
                [
                    847,
                    26
                ]
            ],
            "text": "or",
            "label": "Out",
            "links": []
        },
        {
            "index": 12,
            "bbox": [
                [
                    850,
                    26
                ],
                [
                    850,
                    51
                ],
                [
                    991,
                    51
                ],
                [
                    991,
                    26
                ]
            ],
            "text": "reproduction,",
            "label": "Out",
            "links": []
        },
        {
            "index": 13,
            "bbox": [
                [
                    994,
                    26
                ],
                [
                    994,
                    51
                ],
                [
                    1019,
                    51
                ],
                [
                    1019,
                    26
                ]
            ],
            "text": "in",
            "label": "Out",
            "links": []
        },
        {
            "index": 14,
            "bbox": [
                [
                    1022,
                    26
                ],
                [
                    1022,
                    51
                ],
                [
                    1060,
                    51
                ],
                [
                    1060,
                    26
                ]
            ],
            "text": "any",
            "label": "Out",
            "links": []
        },
        {
            "index": 15,
            "bbox": [
                [
                    1063,
                    26
                ],
                [
                    1063,
                    51
                ],
                [
                    1122,
                    51
                ],
                [
                    1122,
                    26
                ]
            ],
            "text": "form,",
            "label": "Out",
            "links": []
        },
        {
            "index": 16,
            "bbox": [
                [
                    1125,
                    26
                ],
                [
                    1125,
                    51
                ],
                [
                    1206,
                    51
                ],
                [
                    1206,
                    26
                ]
            ],
            "text": "without",
            "label": "Out",
            "links": []
        },
        {
            "index": 17,
            "bbox": [
                [
                    1210,
                    26
                ],
                [
                    1210,
                    51
                ],
                [
                    1263,
                    51
                ],
                [
                    1263,
                    26
                ]
            ],
            "text": "prior",
            "label": "Out",
            "links": []
        },
        {
            "index": 18,
            "bbox": [
                [
                    1266,
                    26
                ],
                [
                    1266,
                    51
                ],
                [
                    1341,
                    51
                ],
                [
                    1341,
                    26
                ]
            ],
            "text": "written",
            "label": "Out",
            "links": []
        },
        {
            "index": 19,
            "bbox": [
                [
                    1344,
                    26
                ],
                [
                    1344,
                    52
                ],
                [
                    1460,
                    52
                ],
                [
                    1460,
                    26
                ]
            ],
            "text": "permission",
            "label": "Out",
            "links": []
        },
        {
            "index": 20,
            "bbox": [
                [
                    645,
                    58
                ],
                [
                    645,
                    80
                ],
                [
                    669,
                    80
                ],
                [
                    669,
                    58
                ]
            ],
            "text": "of",
            "label": "Out",
            "links": []
        },
        {
            "index": 21,
            "bbox": [
                [
                    673,
                    58
                ],
                [
                    673,
                    80
                ],
                [
                    711,
                    80
                ],
                [
                    711,
                    58
                ]
            ],
            "text": "PUI",
            "label": "Out",
            "links": []
        },
        {
            "index": 22,
            "bbox": [
                [
                    714,
                    58
                ],
                [
                    714,
                    80
                ],
                [
                    774,
                    80
                ],
                [
                    774,
                    58
                ]
            ],
            "text": "Audio",
            "label": "Out",
            "links": []
        },
        {
            "index": 23,
            "bbox": [
                [
                    777,
                    58
                ],
                [
                    777,
                    80
                ],
                [
                    818,
                    80
                ],
                [
                    818,
                    58
                ]
            ],
            "text": "Inc.",
            "label": "Out",
            "links": []
        },
        {
            "index": 24,
            "bbox": [
                [
                    821,
                    58
                ],
                [
                    821,
                    80
                ],
                [
                    837,
                    80
                ],
                [
                    837,
                    58
                ]
            ],
            "text": "is",
            "label": "Out",
            "links": []
        },
        {
            "index": 25,
            "bbox": [
                [
                    840,
                    58
                ],
                [
                    840,
                    80
                ],
                [
                    958,
                    80
                ],
                [
                    958,
                    58
                ]
            ],
            "text": "prohibited.",
            "label": "Out",
            "links": []
        },
        {
            "index": 26,
            "bbox": [
                [
                    690,
                    86
                ],
                [
                    690,
                    112
                ],
                [
                    768,
                    112
                ],
                [
                    768,
                    86
                ]
            ],
            "text": "©2022,",
            "label": "Out",
            "links": []
        },
        {
            "index": 27,
            "bbox": [
                [
                    771,
                    86
                ],
                [
                    771,
                    112
                ],
                [
                    807,
                    112
                ],
                [
                    807,
                    86
                ]
            ],
            "text": "PUI",
            "label": "Out",
            "links": []
        },
        {
            "index": 28,
            "bbox": [
                [
                    810,
                    86
                ],
                [
                    810,
                    112
                ],
                [
                    872,
                    112
                ],
                [
                    872,
                    86
                ]
            ],
            "text": "Audio",
            "label": "Out",
            "links": []
        },
        {
            "index": 29,
            "bbox": [
                [
                    875,
                    86
                ],
                [
                    875,
                    112
                ],
                [
                    914,
                    112
                ],
                [
                    914,
                    86
                ]
            ],
            "text": "Inc.",
            "label": "Out",
            "links": []
        },
        {
            "index": 30,
            "bbox": [
                [
                    150,
                    377
                ],
                [
                    150,
                    412
                ],
                [
                    250,
                    412
                ],
                [
                    250,
                    377
                ]
            ],
            "text": "Data",
            "label": "Out",
            "links": []
        },
        {
            "index": 31,
            "bbox": [
                [
                    255,
                    377
                ],
                [
                    255,
                    412
                ],
                [
                    364,
                    412
                ],
                [
                    364,
                    377
                ]
            ],
            "text": "Sheet",
            "label": "Out",
            "links": []
        },
        {
            "index": 32,
            "bbox": [
                [
                    1061,
                    374
                ],
                [
                    1061,
                    409
                ],
                [
                    1425,
                    409
                ],
                [
                    1425,
                    374
                ]
            ],
            "text": "HD-EM0602-LW15-R",
            "label": "B_Ref",
            "links": []
        },
        {
            "index": 33,
            "bbox": [
                [
                    134,
                    469
                ],
                [
                    134,
                    503
                ],
                [
                    285,
                    503
                ],
                [
                    285,
                    469
                ]
            ],
            "text": "Features:",
            "label": "B_Section",
            "links": []
        },
        {
            "index": 34,
            "bbox": [
                [
                    195,
                    512
                ],
                [
                    195,
                    547
                ],
                [
                    243,
                    547
                ],
                [
                    243,
                    512
                ]
            ],
            "text": "•",
            "label": "Out",
            "links": []
        },
        {
            "index": 35,
            "bbox": [
                [
                    248,
                    512
                ],
                [
                    248,
                    547
                ],
                [
                    405,
                    547
                ],
                [
                    405,
                    512
                ]
            ],
            "text": "Designed",
            "label": "B_Descri",
            "links": []
        },
        {
            "index": 36,
            "bbox": [
                [
                    409,
                    512
                ],
                [
                    409,
                    547
                ],
                [
                    448,
                    547
                ],
                [
                    448,
                    512
                ]
            ],
            "text": "to",
            "label": "I_Descri",
            "links": []
        },
        {
            "index": 37,
            "bbox": [
                [
                    453,
                    512
                ],
                [
                    453,
                    547
                ],
                [
                    501,
                    547
                ],
                [
                    501,
                    512
                ]
            ],
            "text": "be",
            "label": "I_Descri",
            "links": []
        },
        {
            "index": 38,
            "bbox": [
                [
                    506,
                    512
                ],
                [
                    506,
                    547
                ],
                [
                    611,
                    547
                ],
                [
                    611,
                    512
                ]
            ],
            "text": "driven",
            "label": "I_Descri",
            "links": []
        },
        {
            "index": 39,
            "bbox": [
                [
                    615,
                    512
                ],
                [
                    615,
                    547
                ],
                [
                    685,
                    547
                ],
                [
                    685,
                    512
                ]
            ],
            "text": "with",
            "label": "I_Descri",
            "links": []
        },
        {
            "index": 40,
            "bbox": [
                [
                    689,
                    512
                ],
                [
                    689,
                    547
                ],
                [
                    715,
                    547
                ],
                [
                    715,
                    512
                ]
            ],
            "text": "3",
            "label": "I_Descri",
            "links": []
        },
        {
            "index": 41,
            "bbox": [
                [
                    720,
                    512
                ],
                [
                    720,
                    547
                ],
                [
                    796,
                    547
                ],
                [
                    796,
                    512
                ]
            ],
            "text": "VDC",
            "label": "I_Descri",
            "links": []
        },
        {
            "index": 42,
            "bbox": [
                [
                    249,
                    553
                ],
                [
                    249,
                    585
                ],
                [
                    389,
                    585
                ],
                [
                    389,
                    553
                ]
            ],
            "text": "Brushless",
            "label": "B_Descri",
            "links": []
        },
        {
            "index": 43,
            "bbox": [
                [
                    393,
                    553
                ],
                [
                    393,
                    585
                ],
                [
                    525,
                    585
                ],
                [
                    525,
                    553
                ]
            ],
            "text": "smallest",
            "label": "I_Descri",
            "links": []
        },
        {
            "index": 44,
            "bbox": [
                [
                    529,
                    553
                ],
                [
                    529,
                    585
                ],
                [
                    629,
                    585
                ],
                [
                    629,
                    553
                ]
            ],
            "text": "motor",
            "label": "I_Descri",
            "links": []
        },
        {
            "index": 45,
            "bbox": [
                [
                    633,
                    553
                ],
                [
                    633,
                    585
                ],
                [
                    705,
                    585
                ],
                [
                    705,
                    553
                ]
            ],
            "text": "with",
            "label": "I_Descri",
            "links": []
        },
        {
            "index": 46,
            "bbox": [
                [
                    709,
                    553
                ],
                [
                    709,
                    585
                ],
                [
                    737,
                    585
                ],
                [
                    737,
                    553
                ]
            ],
            "text": "a",
            "label": "I_Descri",
            "links": []
        },
        {
            "index": 47,
            "bbox": [
                [
                    741,
                    553
                ],
                [
                    741,
                    585
                ],
                [
                    849,
                    585
                ],
                [
                    849,
                    553
                ]
            ],
            "text": "built-in",
            "label": "I_Descri",
            "links": []
        },
        {
            "index": 48,
            "bbox": [
                [
                    853,
                    553
                ],
                [
                    853,
                    585
                ],
                [
                    897,
                    585
                ],
                [
                    897,
                    553
                ]
            ],
            "text": "IC",
            "label": "I_Descri",
            "links": []
        },
        {
            "index": 49,
            "bbox": [
                [
                    901,
                    553
                ],
                [
                    901,
                    585
                ],
                [
                    994,
                    585
                ],
                [
                    994,
                    553
                ]
            ],
            "text": "driver",
            "label": "I_Descri",
            "links": []
        },
        {
            "index": 50,
            "bbox": [
                [
                    195,
                    595
                ],
                [
                    195,
                    630
                ],
                [
                    239,
                    630
                ],
                [
                    239,
                    595
                ]
            ],
            "text": "•",
            "label": "Out",
            "links": []
        },
        {
            "index": 51,
            "bbox": [
                [
                    243,
                    595
                ],
                [
                    243,
                    630
                ],
                [
                    322,
                    630
                ],
                [
                    322,
                    595
                ]
            ],
            "text": "High",
            "label": "B_Descri",
            "links": []
        },
        {
            "index": 52,
            "bbox": [
                [
                    326,
                    595
                ],
                [
                    326,
                    630
                ],
                [
                    482,
                    630
                ],
                [
                    482,
                    595
                ]
            ],
            "text": "Reliability",
            "label": "I_Descri",
            "links": []
        },
        {
            "index": 53,
            "bbox": [
                [
                    198,
                    627
                ],
                [
                    198,
                    664
                ],
                [
                    240,
                    664
                ],
                [
                    240,
                    627
                ]
            ],
            "text": "•",
            "label": "Out",
            "links": []
        },
        {
            "index": 54,
            "bbox": [
                [
                    244,
                    628
                ],
                [
                    244,
                    666
                ],
                [
                    332,
                    666
                ],
                [
                    332,
                    628
                ]
            ],
            "text": "Lead",
            "label": "B_Descri",
            "links": []
        },
        {
            "index": 55,
            "bbox": [
                [
                    337,
                    629
                ],
                [
                    337,
                    667
                ],
                [
                    407,
                    667
                ],
                [
                    407,
                    629
                ]
            ],
            "text": "wire",
            "label": "I_Descri",
            "links": []
        },
        {
            "index": 56,
            "bbox": [
                [
                    411,
                    630
                ],
                [
                    411,
                    668
                ],
                [
                    518,
                    668
                ],
                [
                    518,
                    630
                ]
            ],
            "text": "motor",
            "label": "I_Descri",
            "links": []
        },
        {
            "index": 57,
            "bbox": [
                [
                    522,
                    631
                ],
                [
                    522,
                    670
                ],
                [
                    675,
                    670
                ],
                [
                    675,
                    631
                ]
            ],
            "text": "attached",
            "label": "I_Descri",
            "links": []
        },
        {
            "index": 58,
            "bbox": [
                [
                    679,
                    633
                ],
                [
                    679,
                    671
                ],
                [
                    730,
                    671
                ],
                [
                    730,
                    633
                ]
            ],
            "text": "for",
            "label": "I_Descri",
            "links": []
        },
        {
            "index": 59,
            "bbox": [
                [
                    734,
                    634
                ],
                [
                    734,
                    672
                ],
                [
                    813,
                    672
                ],
                [
                    813,
                    634
                ]
            ],
            "text": "easy",
            "label": "I_Descri",
            "links": []
        },
        {
            "index": 60,
            "bbox": [
                [
                    818,
                    635
                ],
                [
                    818,
                    674
                ],
                [
                    972,
                    674
                ],
                [
                    972,
                    635
                ]
            ],
            "text": "assembly",
            "label": "I_Descri",
            "links": []
        },
        {
            "index": 61,
            "bbox": [
                [
                    195,
                    675
                ],
                [
                    195,
                    710
                ],
                [
                    239,
                    710
                ],
                [
                    239,
                    675
                ]
            ],
            "text": "•",
            "label": "Out",
            "links": []
        },
        {
            "index": 62,
            "bbox": [
                [
                    243,
                    675
                ],
                [
                    243,
                    710
                ],
                [
                    427,
                    710
                ],
                [
                    427,
                    675
                ]
            ],
            "text": "Generates",
            "label": "B_Descri",
            "links": []
        },
        {
            "index": 63,
            "bbox": [
                [
                    431,
                    675
                ],
                [
                    431,
                    710
                ],
                [
                    536,
                    710
                ],
                [
                    536,
                    675
                ]
            ],
            "text": "15,000",
            "label": "I_Descri",
            "links": []
        },
        {
            "index": 64,
            "bbox": [
                [
                    541,
                    675
                ],
                [
                    541,
                    710
                ],
                [
                    629,
                    710
                ],
                [
                    629,
                    675
                ]
            ],
            "text": "RPMs",
            "label": "I_Descri",
            "links": []
        },
        {
            "index": 65,
            "bbox": [
                [
                    633,
                    675
                ],
                [
                    633,
                    710
                ],
                [
                    707,
                    710
                ],
                [
                    707,
                    675
                ]
            ],
            "text": "with",
            "label": "I_Descri",
            "links": []
        },
        {
            "index": 66,
            "bbox": [
                [
                    711,
                    675
                ],
                [
                    711,
                    710
                ],
                [
                    755,
                    710
                ],
                [
                    755,
                    675
                ]
            ],
            "text": "no",
            "label": "I_Descri",
            "links": []
        },
        {
            "index": 67,
            "bbox": [
                [
                    759,
                    675
                ],
                [
                    759,
                    710
                ],
                [
                    851,
                    710
                ],
                [
                    851,
                    675
                ]
            ],
            "text": "more",
            "label": "I_Descri",
            "links": []
        },
        {
            "index": 68,
            "bbox": [
                [
                    856,
                    675
                ],
                [
                    856,
                    710
                ],
                [
                    939,
                    710
                ],
                [
                    939,
                    675
                ]
            ],
            "text": "than",
            "label": "I_Descri",
            "links": []
        },
        {
            "index": 69,
            "bbox": [
                [
                    943,
                    675
                ],
                [
                    943,
                    710
                ],
                [
                    982,
                    710
                ],
                [
                    982,
                    675
                ]
            ],
            "text": "50",
            "label": "I_Descri",
            "links": []
        },
        {
            "index": 70,
            "bbox": [
                [
                    987,
                    675
                ],
                [
                    987,
                    710
                ],
                [
                    1057,
                    710
                ],
                [
                    1057,
                    675
                ]
            ],
            "text": "dBA",
            "label": "I_Descri",
            "links": []
        },
        {
            "index": 71,
            "bbox": [
                [
                    1061,
                    675
                ],
                [
                    1061,
                    710
                ],
                [
                    1205,
                    710
                ],
                [
                    1205,
                    675
                ]
            ],
            "text": "acoustic",
            "label": "I_Descri",
            "links": []
        },
        {
            "index": 72,
            "bbox": [
                [
                    1210,
                    675
                ],
                [
                    1210,
                    710
                ],
                [
                    1301,
                    710
                ],
                [
                    1301,
                    675
                ]
            ],
            "text": "noise",
            "label": "I_Descri",
            "links": []
        },
        {
            "index": 73,
            "bbox": [
                [
                    134,
                    873
                ],
                [
                    134,
                    911
                ],
                [
                    399,
                    911
                ],
                [
                    399,
                    873
                ]
            ],
            "text": "Specifications",
            "label": "B_Section",
            "links": []
        },
        {
            "index": 74,
            "bbox": [
                [
                    150,
                    923
                ],
                [
                    150,
                    957
                ],
                [
                    320,
                    957
                ],
                [
                    320,
                    923
                ]
            ],
            "text": "Parameters",
            "label": "Out",
            "links": []
        },
        {
            "index": 75,
            "bbox": [
                [
                    150,
                    966
                ],
                [
                    150,
                    1001
                ],
                [
                    246,
                    1001
                ],
                [
                    246,
                    966
                ]
            ],
            "text": "Rated",
            "label": "B_Prop",
            "links": []
        },
        {
            "index": 76,
            "bbox": [
                [
                    251,
                    966
                ],
                [
                    251,
                    1001
                ],
                [
                    371,
                    1001
                ],
                [
                    371,
                    966
                ]
            ],
            "text": "Voltage",
            "label": "I_Prop",
            "links": []
        },
        {
            "index": 77,
            "bbox": [
                [
                    147,
                    1007
                ],
                [
                    147,
                    1042
                ],
                [
                    265,
                    1042
                ],
                [
                    265,
                    1007
                ]
            ],
            "text": "Starting",
            "label": "B_Prop",
            "links": []
        },
        {
            "index": 78,
            "bbox": [
                [
                    269,
                    1007
                ],
                [
                    269,
                    1042
                ],
                [
                    389,
                    1042
                ],
                [
                    389,
                    1007
                ]
            ],
            "text": "Voltage",
            "label": "I_Prop",
            "links": []
        },
        {
            "index": 79,
            "bbox": [
                [
                    150,
                    1052
                ],
                [
                    150,
                    1087
                ],
                [
                    307,
                    1087
                ],
                [
                    307,
                    1052
                ]
            ],
            "text": "Operating",
            "label": "B_Prop",
            "links": []
        },
        {
            "index": 80,
            "bbox": [
                [
                    312,
                    1052
                ],
                [
                    312,
                    1087
                ],
                [
                    434,
                    1087
                ],
                [
                    434,
                    1052
                ]
            ],
            "text": "Voltage",
            "label": "I_Prop",
            "links": []
        },
        {
            "index": 81,
            "bbox": [
                [
                    439,
                    1052
                ],
                [
                    439,
                    1087
                ],
                [
                    540,
                    1087
                ],
                [
                    540,
                    1052
                ]
            ],
            "text": "Range",
            "label": "I_Prop",
            "links": []
        },
        {
            "index": 82,
            "bbox": [
                [
                    150,
                    1094
                ],
                [
                    150,
                    1129
                ],
                [
                    285,
                    1129
                ],
                [
                    285,
                    1094
                ]
            ],
            "text": "Vibration",
            "label": "B_Prop",
            "links": []
        },
        {
            "index": 83,
            "bbox": [
                [
                    290,
                    1094
                ],
                [
                    290,
                    1129
                ],
                [
                    419,
                    1129
                ],
                [
                    419,
                    1094
                ]
            ],
            "text": "Strength",
            "label": "I_Prop",
            "links": []
        },
        {
            "index": 84,
            "bbox": [
                [
                    147,
                    1138
                ],
                [
                    147,
                    1167
                ],
                [
                    292,
                    1167
                ],
                [
                    292,
                    1138
                ]
            ],
            "text": "Insulation",
            "label": "B_Prop",
            "links": []
        },
        {
            "index": 85,
            "bbox": [
                [
                    296,
                    1138
                ],
                [
                    296,
                    1167
                ],
                [
                    457,
                    1167
                ],
                [
                    457,
                    1138
                ]
            ],
            "text": "Resistance",
            "label": "I_Prop",
            "links": []
        },
        {
            "index": 86,
            "bbox": [
                [
                    150,
                    1180
                ],
                [
                    150,
                    1216
                ],
                [
                    242,
                    1216
                ],
                [
                    242,
                    1180
                ]
            ],
            "text": "Rated",
            "label": "B_Prop",
            "links": []
        },
        {
            "index": 87,
            "bbox": [
                [
                    246,
                    1179
                ],
                [
                    246,
                    1215
                ],
                [
                    348,
                    1215
                ],
                [
                    348,
                    1179
                ]
            ],
            "text": "Speed",
            "label": "I_Prop",
            "links": []
        },
        {
            "index": 88,
            "bbox": [
                [
                    150,
                    1225
                ],
                [
                    150,
                    1257
                ],
                [
                    246,
                    1257
                ],
                [
                    246,
                    1225
                ]
            ],
            "text": "Rated",
            "label": "B_Prop",
            "links": []
        },
        {
            "index": 89,
            "bbox": [
                [
                    250,
                    1225
                ],
                [
                    250,
                    1257
                ],
                [
                    366,
                    1257
                ],
                [
                    366,
                    1225
                ]
            ],
            "text": "Current",
            "label": "I_Prop",
            "links": []
        },
        {
            "index": 90,
            "bbox": [
                [
                    370,
                    1225
                ],
                [
                    370,
                    1257
                ],
                [
                    454,
                    1257
                ],
                [
                    454,
                    1225
                ]
            ],
            "text": "(Max)",
            "label": "I_Prop",
            "links": []
        },
        {
            "index": 91,
            "bbox": [
                [
                    147,
                    1266
                ],
                [
                    147,
                    1301
                ],
                [
                    265,
                    1301
                ],
                [
                    265,
                    1266
                ]
            ],
            "text": "Starting",
            "label": "B_Prop",
            "links": []
        },
        {
            "index": 92,
            "bbox": [
                [
                    270,
                    1266
                ],
                [
                    270,
                    1301
                ],
                [
                    388,
                    1301
                ],
                [
                    388,
                    1266
                ]
            ],
            "text": "Current",
            "label": "I_Prop",
            "links": []
        },
        {
            "index": 93,
            "bbox": [
                [
                    392,
                    1266
                ],
                [
                    392,
                    1301
                ],
                [
                    476,
                    1301
                ],
                [
                    476,
                    1266
                ]
            ],
            "text": "(Max)",
            "label": "I_Prop",
            "links": []
        },
        {
            "index": 94,
            "bbox": [
                [
                    150,
                    1308
                ],
                [
                    150,
                    1343
                ],
                [
                    334,
                    1343
                ],
                [
                    334,
                    1308
                ]
            ],
            "text": "Mechanical",
            "label": "B_Prop",
            "links": []
        },
        {
            "index": 95,
            "bbox": [
                [
                    338,
                    1308
                ],
                [
                    338,
                    1343
                ],
                [
                    421,
                    1343
                ],
                [
                    421,
                    1308
                ]
            ],
            "text": "Noise",
            "label": "I_Prop",
            "links": []
        },
        {
            "index": 96,
            "bbox": [
                [
                    426,
                    1308
                ],
                [
                    426,
                    1343
                ],
                [
                    515,
                    1343
                ],
                [
                    515,
                    1308
                ]
            ],
            "text": "(Max)",
            "label": "I_Prop",
            "links": []
        },
        {
            "index": 97,
            "bbox": [
                [
                    150,
                    1353
                ],
                [
                    150,
                    1385
                ],
                [
                    366,
                    1385
                ],
                [
                    366,
                    1353
                ]
            ],
            "text": "Environmental",
            "label": "B_Prop",
            "links": []
        },
        {
            "index": 98,
            "bbox": [
                [
                    370,
                    1353
                ],
                [
                    370,
                    1385
                ],
                [
                    572,
                    1385
                ],
                [
                    572,
                    1353
                ]
            ],
            "text": "Compliances",
            "label": "I_Prop",
            "links": []
        },
        {
            "index": 99,
            "bbox": [
                [
                    150,
                    1397
                ],
                [
                    150,
                    1429
                ],
                [
                    286,
                    1429
                ],
                [
                    286,
                    1397
                ]
            ],
            "text": "Actuator",
            "label": "B_Prop",
            "links": []
        },
        {
            "index": 100,
            "bbox": [
                [
                    290,
                    1397
                ],
                [
                    290,
                    1429
                ],
                [
                    367,
                    1429
                ],
                [
                    367,
                    1397
                ]
            ],
            "text": "Mass",
            "label": "I_Prop",
            "links": []
        },
        {
            "index": 101,
            "bbox": [
                [
                    147,
                    1439
                ],
                [
                    147,
                    1471
                ],
                [
                    271,
                    1471
                ],
                [
                    271,
                    1439
                ]
            ],
            "text": "Storage",
            "label": "B_Prop",
            "links": []
        },
        {
            "index": 102,
            "bbox": [
                [
                    275,
                    1439
                ],
                [
                    275,
                    1471
                ],
                [
                    467,
                    1471
                ],
                [
                    467,
                    1439
                ]
            ],
            "text": "Temperature",
            "label": "I_Prop",
            "links": []
        },
        {
            "index": 103,
            "bbox": [
                [
                    150,
                    1481
                ],
                [
                    150,
                    1516
                ],
                [
                    307,
                    1516
                ],
                [
                    307,
                    1481
                ]
            ],
            "text": "Operating",
            "label": "B_Prop",
            "links": []
        },
        {
            "index": 104,
            "bbox": [
                [
                    312,
                    1481
                ],
                [
                    312,
                    1516
                ],
                [
                    502,
                    1516
                ],
                [
                    502,
                    1481
                ]
            ],
            "text": "Temperature",
            "label": "I_Prop",
            "links": []
        },
        {
            "index": 105,
            "bbox": [
                [
                    767,
                    917
                ],
                [
                    767,
                    953
                ],
                [
                    876,
                    953
                ],
                [
                    876,
                    917
                ]
            ],
            "text": "Values",
            "label": "Out",
            "links": []
        },
        {
            "index": 106,
            "bbox": [
                [
                    796,
                    959
                ],
                [
                    796,
                    997
                ],
                [
                    847,
                    997
                ],
                [
                    847,
                    959
                ]
            ],
            "text": "3.0",
            "label": "B_Value",
            "links": []
        },
        {
            "index": 107,
            "bbox": [
                [
                    783,
                    1001
                ],
                [
                    783,
                    1043
                ],
                [
                    804,
                    1043
                ],
                [
                    804,
                    1001
                ]
            ],
            "text": "≤",
            "label": "B_Value",
            "links": []
        },
        {
            "index": 108,
            "bbox": [
                [
                    809,
                    1001
                ],
                [
                    809,
                    1043
                ],
                [
                    860,
                    1043
                ],
                [
                    860,
                    1001
                ]
            ],
            "text": "2.5",
            "label": "I_Value",
            "links": []
        },
        {
            "index": 109,
            "bbox": [
                [
                    754,
                    1048
                ],
                [
                    754,
                    1087
                ],
                [
                    807,
                    1087
                ],
                [
                    807,
                    1048
                ]
            ],
            "text": "2.7",
            "label": "B_Value",
            "links": []
        },
        {
            "index": 110,
            "bbox": [
                [
                    811,
                    1049
                ],
                [
                    811,
                    1087
                ],
                [
                    830,
                    1087
                ],
                [
                    830,
                    1049
                ]
            ],
            "text": "~",
            "label": "I_Value",
            "links": []
        },
        {
            "index": 111,
            "bbox": [
                [
                    835,
                    1049
                ],
                [
                    835,
                    1088
                ],
                [
                    886,
                    1088
                ],
                [
                    886,
                    1049
                ]
            ],
            "text": "3.3",
            "label": "I_Value",
            "links": []
        },
        {
            "index": 112,
            "bbox": [
                [
                    796,
                    1087
                ],
                [
                    796,
                    1129
                ],
                [
                    850,
                    1129
                ],
                [
                    850,
                    1087
                ]
            ],
            "text": "0.4",
            "label": "B_Value",
            "links": []
        },
        {
            "index": 113,
            "bbox": [
                [
                    770,
                    1138
                ],
                [
                    770,
                    1167
                ],
                [
                    799,
                    1167
                ],
                [
                    799,
                    1138
                ]
            ],
            "text": ">",
            "label": "B_Value",
            "links": []
        },
        {
            "index": 114,
            "bbox": [
                [
                    803,
                    1138
                ],
                [
                    803,
                    1167
                ],
                [
                    866,
                    1167
                ],
                [
                    866,
                    1138
                ]
            ],
            "text": "10M",
            "label": "I_Value",
            "links": []
        },
        {
            "index": 115,
            "bbox": [
                [
                    709,
                    1180
                ],
                [
                    709,
                    1215
                ],
                [
                    814,
                    1215
                ],
                [
                    814,
                    1180
                ]
            ],
            "text": "15,000",
            "label": "B_Value",
            "links": []
        },
        {
            "index": 116,
            "bbox": [
                [
                    818,
                    1180
                ],
                [
                    818,
                    1215
                ],
                [
                    840,
                    1215
                ],
                [
                    840,
                    1180
                ]
            ],
            "text": "+/-",
            "label": "I_Value",
            "links": []
        },
        {
            "index": 117,
            "bbox": [
                [
                    845,
                    1180
                ],
                [
                    845,
                    1215
                ],
                [
                    924,
                    1215
                ],
                [
                    924,
                    1180
                ]
            ],
            "text": "3,000",
            "label": "I_Value",
            "links": []
        },
        {
            "index": 118,
            "bbox": [
                [
                    799,
                    1222
                ],
                [
                    799,
                    1254
                ],
                [
                    844,
                    1254
                ],
                [
                    844,
                    1222
                ]
            ],
            "text": "80",
            "label": "B_Value",
            "links": []
        },
        {
            "index": 119,
            "bbox": [
                [
                    792,
                    1266
                ],
                [
                    792,
                    1295
                ],
                [
                    846,
                    1295
                ],
                [
                    846,
                    1266
                ]
            ],
            "text": "175",
            "label": "B_Value",
            "links": []
        },
        {
            "index": 120,
            "bbox": [
                [
                    792,
                    1311
                ],
                [
                    792,
                    1340
                ],
                [
                    840,
                    1340
                ],
                [
                    840,
                    1311
                ]
            ],
            "text": "50",
            "label": "B_Value",
            "links": []
        },
        {
            "index": 121,
            "bbox": [
                [
                    722,
                    1353
                ],
                [
                    722,
                    1385
                ],
                [
                    917,
                    1385
                ],
                [
                    917,
                    1353
                ]
            ],
            "text": "RoHS/REACH",
            "label": "B_Value",
            "links": []
        },
        {
            "index": 122,
            "bbox": [
                [
                    786,
                    1391
                ],
                [
                    786,
                    1426
                ],
                [
                    856,
                    1426
                ],
                [
                    856,
                    1391
                ]
            ],
            "text": "0.33",
            "label": "B_Value",
            "links": []
        },
        {
            "index": 123,
            "bbox": [
                [
                    748,
                    1439
                ],
                [
                    748,
                    1471
                ],
                [
                    802,
                    1471
                ],
                [
                    802,
                    1439
                ]
            ],
            "text": "-30",
            "label": "B_Value",
            "links": []
        },
        {
            "index": 124,
            "bbox": [
                [
                    806,
                    1439
                ],
                [
                    806,
                    1470
                ],
                [
                    826,
                    1470
                ],
                [
                    826,
                    1439
                ]
            ],
            "text": "~",
            "label": "I_Value",
            "links": []
        },
        {
            "index": 125,
            "bbox": [
                [
                    829,
                    1439
                ],
                [
                    829,
                    1471
                ],
                [
                    888,
                    1471
                ],
                [
                    888,
                    1439
                ]
            ],
            "text": "+85",
            "label": "I_Value",
            "links": []
        },
        {
            "index": 126,
            "bbox": [
                [
                    748,
                    1481
                ],
                [
                    748,
                    1513
                ],
                [
                    803,
                    1513
                ],
                [
                    803,
                    1481
                ]
            ],
            "text": "-20",
            "label": "B_Value",
            "links": []
        },
        {
            "index": 127,
            "bbox": [
                [
                    806,
                    1480
                ],
                [
                    806,
                    1511
                ],
                [
                    826,
                    1511
                ],
                [
                    826,
                    1480
                ]
            ],
            "text": "~",
            "label": "I_Value",
            "links": []
        },
        {
            "index": 128,
            "bbox": [
                [
                    829,
                    1480
                ],
                [
                    829,
                    1512
                ],
                [
                    888,
                    1512
                ],
                [
                    888,
                    1480
                ]
            ],
            "text": "+60",
            "label": "I_Value",
            "links": []
        },
        {
            "index": 129,
            "bbox": [
                [
                    1230,
                    924
                ],
                [
                    1230,
                    957
                ],
                [
                    1304,
                    957
                ],
                [
                    1304,
                    924
                ]
            ],
            "text": "Units",
            "label": "Out",
            "links": []
        },
        {
            "index": 130,
            "bbox": [
                [
                    1240,
                    962
                ],
                [
                    1240,
                    997
                ],
                [
                    1301,
                    997
                ],
                [
                    1301,
                    962
                ]
            ],
            "text": "VDC",
            "label": "B_Unit",
            "links": []
        },
        {
            "index": 131,
            "bbox": [
                [
                    1240,
                    1007
                ],
                [
                    1240,
                    1039
                ],
                [
                    1298,
                    1039
                ],
                [
                    1298,
                    1007
                ]
            ],
            "text": "VDC",
            "label": "B_Unit",
            "links": []
        },
        {
            "index": 132,
            "bbox": [
                [
                    1240,
                    1052
                ],
                [
                    1240,
                    1084
                ],
                [
                    1298,
                    1084
                ],
                [
                    1298,
                    1052
                ]
            ],
            "text": "VDC",
            "label": "B_Unit",
            "links": []
        },
        {
            "index": 133,
            "bbox": [
                [
                    1253,
                    1094
                ],
                [
                    1253,
                    1126
                ],
                [
                    1282,
                    1126
                ],
                [
                    1282,
                    1094
                ]
            ],
            "text": "G",
            "label": "B_Unit",
            "links": []
        },
        {
            "index": 134,
            "bbox": [
                [
                    1224,
                    1138
                ],
                [
                    1224,
                    1167
                ],
                [
                    1313,
                    1167
                ],
                [
                    1313,
                    1138
                ]
            ],
            "text": "Ohms",
            "label": "B_Unit",
            "links": []
        },
        {
            "index": 135,
            "bbox": [
                [
                    1179,
                    1179
                ],
                [
                    1179,
                    1212
                ],
                [
                    1249,
                    1212
                ],
                [
                    1249,
                    1179
                ]
            ],
            "text": "RPM",
            "label": "B_Unit",
            "links": []
        },
        {
            "index": 136,
            "bbox": [
                [
                    1253,
                    1180
                ],
                [
                    1253,
                    1211
                ],
                [
                    1284,
                    1211
                ],
                [
                    1284,
                    1180
                ]
            ],
            "text": "(@",
            "label": "I_Unit",
            "links": []
        },
        {
            "index": 137,
            "bbox": [
                [
                    1287,
                    1180
                ],
                [
                    1287,
                    1211
                ],
                [
                    1303,
                    1211
                ],
                [
                    1303,
                    1180
                ]
            ],
            "text": "3",
            "label": "I_Unit",
            "links": []
        },
        {
            "index": 138,
            "bbox": [
                [
                    1307,
                    1180
                ],
                [
                    1307,
                    1213
                ],
                [
                    1355,
                    1213
                ],
                [
                    1355,
                    1180
                ]
            ],
            "text": "Vdc)",
            "label": "I_Unit",
            "links": []
        },
        {
            "index": 139,
            "bbox": [
                [
                    1185,
                    1222
                ],
                [
                    1185,
                    1256
                ],
                [
                    1244,
                    1256
                ],
                [
                    1244,
                    1222
                ]
            ],
            "text": "mA",
            "label": "B_Unit",
            "links": []
        },
        {
            "index": 140,
            "bbox": [
                [
                    1247,
                    1224
                ],
                [
                    1247,
                    1256
                ],
                [
                    1279,
                    1256
                ],
                [
                    1279,
                    1224
                ]
            ],
            "text": "(@",
            "label": "I_Unit",
            "links": []
        },
        {
            "index": 141,
            "bbox": [
                [
                    1282,
                    1225
                ],
                [
                    1282,
                    1256
                ],
                [
                    1298,
                    1256
                ],
                [
                    1298,
                    1225
                ]
            ],
            "text": "3",
            "label": "I_Unit",
            "links": []
        },
        {
            "index": 142,
            "bbox": [
                [
                    1301,
                    1226
                ],
                [
                    1301,
                    1259
                ],
                [
                    1349,
                    1259
                ],
                [
                    1349,
                    1226
                ]
            ],
            "text": "Vdc)",
            "label": "I_Unit",
            "links": []
        },
        {
            "index": 143,
            "bbox": [
                [
                    1189,
                    1266
                ],
                [
                    1189,
                    1301
                ],
                [
                    1242,
                    1301
                ],
                [
                    1242,
                    1266
                ]
            ],
            "text": "mA",
            "label": "B_Unit",
            "links": []
        },
        {
            "index": 144,
            "bbox": [
                [
                    1246,
                    1266
                ],
                [
                    1246,
                    1301
                ],
                [
                    1277,
                    1301
                ],
                [
                    1277,
                    1266
                ]
            ],
            "text": "(@",
            "label": "I_Unit",
            "links": []
        },
        {
            "index": 145,
            "bbox": [
                [
                    1281,
                    1266
                ],
                [
                    1281,
                    1301
                ],
                [
                    1299,
                    1301
                ],
                [
                    1299,
                    1266
                ]
            ],
            "text": "3",
            "label": "I_Unit",
            "links": []
        },
        {
            "index": 146,
            "bbox": [
                [
                    1303,
                    1266
                ],
                [
                    1303,
                    1301
                ],
                [
                    1349,
                    1301
                ],
                [
                    1349,
                    1266
                ]
            ],
            "text": "Vdc)",
            "label": "I_Unit",
            "links": []
        },
        {
            "index": 147,
            "bbox": [
                [
                    1237,
                    1311
                ],
                [
                    1237,
                    1340
                ],
                [
                    1301,
                    1340
                ],
                [
                    1301,
                    1311
                ]
            ],
            "text": "dBA",
            "label": "B_Unit",
            "links": []
        },
        {
            "index": 148,
            "bbox": [
                [
                    1217,
                    1394
                ],
                [
                    1217,
                    1426
                ],
                [
                    1319,
                    1426
                ],
                [
                    1319,
                    1394
                ]
            ],
            "text": "Grams",
            "label": "B_Unit",
            "links": []
        },
        {
            "index": 149,
            "bbox": [
                [
                    687,
                    2158
                ],
                [
                    687,
                    2187
                ],
                [
                    914,
                    2187
                ],
                [
                    914,
                    2158
                ]
            ],
            "text": "www.puiaudio.com",
            "label": "Out",
            "links": []
        },
        {
            "index": 150,
            "bbox": [
                [
                    1248,
                    1480
                ],
                [
                    1248,
                    1510
                ],
                [
                    1289,
                    1510
                ],
                [
                    1289,
                    1480
                ]
            ],
            "text": "°C",
            "label": "B_Unit",
            "links": []
        },
        {
            "index": 151,
            "bbox": [
                [
                    1248,
                    1435
                ],
                [
                    1248,
                    1468
                ],
                [
                    1289,
                    1468
                ],
                [
                    1289,
                    1435
                ]
            ],
            "text": "°C",
            "label": "B_Unit",
            "links": []
        }
    ]
}