{
    "datasheet": [
        {
            "index": 0,
            "bbox": [
                [
                    1352,
                    77
                ],
                [
                    1573,
                    77
                ],
                [
                    1573,
                    171
                ],
                [
                    1352,
                    171
                ]
            ],
            "text": "ABB",
            "label": "Out"
        },
        {
            "index": 1,
            "bbox": [
                [
                    77,
                    322
                ],
                [
                    262,
                    322
                ],
                [
                    262,
                    351
                ],
                [
                    77,
                    351
                ]
            ],
            "text": "TECHNICAL",
            "label": "B_Section"
        },
        {
            "index": 2,
            "bbox": [
                [
                    269,
                    324
                ],
                [
                    351,
                    324
                ],
                [
                    351,
                    351
                ],
                [
                    269,
                    351
                ]
            ],
            "text": "DATA",
            "label": "I_Section"
        },
        {
            "index": 3,
            "bbox": [
                [
                    356,
                    322
                ],
                [
                    461,
                    322
                ],
                [
                    461,
                    351
                ],
                [
                    356,
                    351
                ]
            ],
            "text": "SHEET",
            "label": "I_Section"
        },
        {
            "index": 4,
            "bbox": [
                [
                    86,
                    372
                ],
                [
                    287,
                    372
                ],
                [
                    287,
                    413
                ],
                [
                    86,
                    413
                ]
            ],
            "text": "PMAFIX",
            "label": "Out"
        },
        {
            "index": 5,
            "bbox": [
                [
                    301,
                    372
                ],
                [
                    418,
                    372
                ],
                [
                    418,
                    415
                ],
                [
                    301,
                    415
                ]
            ],
            "text": "IP68",
            "label": "Out"
        },
        {
            "index": 6,
            "bbox": [
                [
                    427,
                    383
                ],
                [
                    459,
                    383
                ],
                [
                    459,
                    411
                ],
                [
                    427,
                    411
                ]
            ],
            "text": "-",
            "label": "Out"
        },
        {
            "index": 7,
            "bbox": [
                [
                    468,
                    372
                ],
                [
                    687,
                    372
                ],
                [
                    687,
                    413
                ],
                [
                    468,
                    413
                ]
            ],
            "text": "BVIRF-M",
            "label": "B_Ref"
        },
        {
            "index": 8,
            "bbox": [
                [
                    696,
                    383
                ],
                [
                    728,
                    383
                ],
                [
                    728,
                    411
                ],
                [
                    696,
                    411
                ]
            ],
            "text": "-",
            "label": "Out"
        },
        {
            "index": 9,
            "bbox": [
                [
                    740,
                    370
                ],
                [
                    916,
                    370
                ],
                [
                    916,
                    424
                ],
                [
                    740,
                    424
                ]
            ],
            "text": "Fitting",
            "label": "Out"
        },
        {
            "index": 10,
            "bbox": [
                [
                    86,
                    438
                ],
                [
                    299,
                    438
                ],
                [
                    299,
                    491
                ],
                [
                    86,
                    491
                ]
            ],
            "text": "Straight,",
            "label": "B_Descri"
        },
        {
            "index": 11,
            "bbox": [
                [
                    317,
                    436
                ],
                [
                    397,
                    436
                ],
                [
                    397,
                    484
                ],
                [
                    317,
                    484
                ]
            ],
            "text": "for",
            "label": "I_Descri"
        },
        {
            "index": 12,
            "bbox": [
                [
                    408,
                    438
                ],
                [
                    488,
                    438
                ],
                [
                    488,
                    484
                ],
                [
                    408,
                    484
                ]
            ],
            "text": "FCI",
            "label": "I_Descri"
        },
        {
            "index": 13,
            "bbox": [
                [
                    507,
                    440
                ],
                [
                    792,
                    440
                ],
                [
                    792,
                    481
                ],
                [
                    507,
                    481
                ]
            ],
            "text": "connectors",
            "label": "I_Descri"
        },
        {
            "index": 14,
            "bbox": [
                [
                    804,
                    433
                ],
                [
                    922,
                    433
                ],
                [
                    922,
                    486
                ],
                [
                    804,
                    486
                ]
            ],
            "text": "with",
            "label": "I_Descri"
        },
        {
            "index": 15,
            "bbox": [
                [
                    938,
                    438
                ],
                [
                    1105,
                    438
                ],
                [
                    1105,
                    481
                ],
                [
                    938,
                    481
                ]
            ],
            "text": "metric",
            "label": "I_Descri"
        },
        {
            "index": 16,
            "bbox": [
                [
                    1114,
                    438
                ],
                [
                    1290,
                    438
                ],
                [
                    1290,
                    479
                ],
                [
                    1114,
                    479
                ]
            ],
            "text": "female",
            "label": "I_Descri"
        },
        {
            "index": 17,
            "bbox": [
                [
                    1304,
                    438
                ],
                [
                    1471,
                    438
                ],
                [
                    1471,
                    481
                ],
                [
                    1304,
                    481
                ]
            ],
            "text": "thread",
            "label": "I_Descri"
        },
        {
            "index": 18,
            "bbox": [
                [
                    80,
                    619
                ],
                [
                    235,
                    619
                ],
                [
                    235,
                    680
                ],
                [
                    80,
                    680
                ]
            ],
            "text": "PMA",
            "label": "Out"
        },
        {
            "index": 19,
            "bbox": [
                [
                    847,
                    708
                ],
                [
                    932,
                    708
                ],
                [
                    932,
                    744
                ],
                [
                    847,
                    744
                ]
            ],
            "text": "IP68,",
            "label": "B_Descri"
        },
        {
            "index": 20,
            "bbox": [
                [
                    938,
                    705
                ],
                [
                    1114,
                    705
                ],
                [
                    1114,
                    746
                ],
                [
                    938,
                    746
                ]
            ],
            "text": "polyamide",
            "label": "I_Descri"
        },
        {
            "index": 21,
            "bbox": [
                [
                    1119,
                    705
                ],
                [
                    1229,
                    705
                ],
                [
                    1229,
                    746
                ],
                [
                    1119,
                    746
                ]
            ],
            "text": "fitting",
            "label": "I_Descri"
        },
        {
            "index": 22,
            "bbox": [
                [
                    1231,
                    703
                ],
                [
                    1288,
                    703
                ],
                [
                    1288,
                    740
                ],
                [
                    1231,
                    740
                ]
            ],
            "text": "for",
            "label": "I_Descri"
        },
        {
            "index": 23,
            "bbox": [
                [
                    1290,
                    705
                ],
                [
                    1414,
                    705
                ],
                [
                    1414,
                    740
                ],
                [
                    1290,
                    740
                ]
            ],
            "text": "flexible",
            "label": "I_Descri"
        },
        {
            "index": 24,
            "bbox": [
                [
                    1416,
                    710
                ],
                [
                    1503,
                    710
                ],
                [
                    1503,
                    740
                ],
                [
                    1416,
                    740
                ]
            ],
            "text": "non-",
            "label": "I_Descri"
        },
        {
            "index": 25,
            "bbox": [
                [
                    847,
                    756
                ],
                [
                    982,
                    756
                ],
                [
                    982,
                    790
                ],
                [
                    847,
                    790
                ]
            ],
            "text": "metallic",
            "label": "I_Descri"
        },
        {
            "index": 26,
            "bbox": [
                [
                    986,
                    756
                ],
                [
                    1119,
                    756
                ],
                [
                    1119,
                    790
                ],
                [
                    986,
                    790
                ]
            ],
            "text": "conduit",
            "label": "I_Descri"
        },
        {
            "index": 27,
            "bbox": [
                [
                    495,
                    929
                ],
                [
                    719,
                    929
                ],
                [
                    719,
                    1030
                ],
                [
                    495,
                    1030
                ]
            ],
            "text": "AG",
            "label": "Out"
        },
        {
            "index": 28,
            "bbox": [
                [
                    852,
                    952
                ],
                [
                    929,
                    952
                ],
                [
                    929,
                    1014
                ],
                [
                    852,
                    1014
                ]
            ],
            "text": "CE",
            "label": "Out"
        },
        {
            "index": 29,
            "bbox": [
                [
                    1155,
                    957
                ],
                [
                    1210,
                    957
                ],
                [
                    1210,
                    1018
                ],
                [
                    1155,
                    1018
                ]
            ],
            "text": "UK",
            "label": "Out"
        },
        {
            "index": 30,
            "bbox": [
                [
                    310,
                    995
                ],
                [
                    347,
                    995
                ],
                [
                    347,
                    1032
                ],
                [
                    310,
                    1032
                ]
            ],
            "text": "-",
            "label": "Out"
        },
        {
            "index": 31,
            "bbox": [
                [
                    310,
                    881
                ],
                [
                    543,
                    881
                ],
                [
                    543,
                    1046
                ],
                [
                    310,
                    1046
                ]
            ],
            "text": "084",
            "label": "Out"
        },
        {
            "index": 32,
            "bbox": [
                [
                    84,
                    1283
                ],
                [
                    242,
                    1283
                ],
                [
                    242,
                    1315
                ],
                [
                    84,
                    1315
                ]
            ],
            "text": "Applications:",
            "label": "B_Section"
        },
        {
            "index": 33,
            "bbox": [
                [
                    842,
                    1281
                ],
                [
                    964,
                    1281
                ],
                [
                    964,
                    1311
                ],
                [
                    842,
                    1311
                ]
            ],
            "text": "Conforms",
            "label": "B_Section"
        },
        {
            "index": 34,
            "bbox": [
                [
                    961,
                    1285
                ],
                [
                    1000,
                    1285
                ],
                [
                    1000,
                    1311
                ],
                [
                    961,
                    1311
                ]
            ],
            "text": "to:",
            "label": "I_Section"
        },
        {
            "index": 35,
            "bbox": [
                [
                    100,
                    1313
                ],
                [
                    150,
                    1313
                ],
                [
                    150,
                    1347
                ],
                [
                    100,
                    1347
                ]
            ],
            "text": "For",
            "label": "B_Descri"
        },
        {
            "index": 36,
            "bbox": [
                [
                    144,
                    1313
                ],
                [
                    214,
                    1313
                ],
                [
                    214,
                    1345
                ],
                [
                    144,
                    1345
                ]
            ],
            "text": "cable",
            "label": "I_Descri"
        },
        {
            "index": 37,
            "bbox": [
                [
                    210,
                    1315
                ],
                [
                    331,
                    1315
                ],
                [
                    331,
                    1347
                ],
                [
                    210,
                    1347
                ]
            ],
            "text": "protection",
            "label": "I_Descri"
        },
        {
            "index": 38,
            "bbox": [
                [
                    329,
                    1317
                ],
                [
                    429,
                    1317
                ],
                [
                    429,
                    1347
                ],
                [
                    329,
                    1347
                ]
            ],
            "text": "systems",
            "label": "I_Descri"
        },
        {
            "index": 39,
            "bbox": [
                [
                    427,
                    1315
                ],
                [
                    454,
                    1315
                ],
                [
                    454,
                    1345
                ],
                [
                    427,
                    1345
                ]
            ],
            "text": "in",
            "label": "I_Descri"
        },
        {
            "index": 40,
            "bbox": [
                [
                    450,
                    1317
                ],
                [
                    477,
                    1317
                ],
                [
                    477,
                    1345
                ],
                [
                    450,
                    1345
                ]
            ],
            "text": "a",
            "label": "I_Descri"
        },
        {
            "index": 41,
            "bbox": [
                [
                    468,
                    1313
                ],
                [
                    534,
                    1313
                ],
                [
                    534,
                    1345
                ],
                [
                    468,
                    1345
                ]
            ],
            "text": "wide",
            "label": "I_Descri"
        },
        {
            "index": 42,
            "bbox": [
                [
                    530,
                    1317
                ],
                [
                    603,
                    1317
                ],
                [
                    603,
                    1349
                ],
                [
                    530,
                    1349
                ]
            ],
            "text": "range",
            "label": "I_Descri"
        },
        {
            "index": 43,
            "bbox": [
                [
                    598,
                    1315
                ],
                [
                    630,
                    1315
                ],
                [
                    630,
                    1345
                ],
                [
                    598,
                    1345
                ]
            ],
            "text": "of",
            "label": "I_Descri"
        },
        {
            "index": 44,
            "bbox": [
                [
                    628,
                    1317
                ],
                [
                    769,
                    1317
                ],
                [
                    769,
                    1347
                ],
                [
                    628,
                    1347
                ]
            ],
            "text": "applications",
            "label": "I_Descri"
        },
        {
            "index": 45,
            "bbox": [
                [
                    863,
                    1315
                ],
                [
                    902,
                    1315
                ],
                [
                    902,
                    1343
                ],
                [
                    863,
                    1343
                ]
            ],
            "text": "EN",
            "label": "B_Descri"
        },
        {
            "index": 46,
            "bbox": [
                [
                    897,
                    1315
                ],
                [
                    998,
                    1315
                ],
                [
                    998,
                    1345
                ],
                [
                    897,
                    1345
                ]
            ],
            "text": "45545-2",
            "label": "I_Descri"
        },
        {
            "index": 47,
            "bbox": [
                [
                    996,
                    1315
                ],
                [
                    1043,
                    1315
                ],
                [
                    1043,
                    1343
                ],
                [
                    996,
                    1343
                ]
            ],
            "text": "HL3",
            "label": "I_Descri"
        },
        {
            "index": 48,
            "bbox": [
                [
                    1041,
                    1315
                ],
                [
                    1101,
                    1315
                ],
                [
                    1101,
                    1347
                ],
                [
                    1041,
                    1347
                ]
            ],
            "text": "(R22",
            "label": "I_Descri"
        },
        {
            "index": 49,
            "bbox": [
                [
                    1094,
                    1315
                ],
                [
                    1121,
                    1315
                ],
                [
                    1121,
                    1345
                ],
                [
                    1094,
                    1345
                ]
            ],
            "text": "&",
            "label": "I_Descri"
        },
        {
            "index": 50,
            "bbox": [
                [
                    1117,
                    1313
                ],
                [
                    1174,
                    1313
                ],
                [
                    1174,
                    1349
                ],
                [
                    1117,
                    1349
                ]
            ],
            "text": "R23)",
            "label": "I_Descri"
        },
        {
            "index": 51,
            "bbox": [
                [
                    861,
                    1347
                ],
                [
                    973,
                    1347
                ],
                [
                    973,
                    1381
                ],
                [
                    861,
                    1381
                ]
            ],
            "text": "NFPA130",
            "label": "B_Descri"
        },
        {
            "index": 52,
            "bbox": [
                [
                    82,
                    1372
                ],
                [
                    191,
                    1372
                ],
                [
                    191,
                    1402
                ],
                [
                    82,
                    1402
                ]
            ],
            "text": "Features",
            "label": "B_Section"
        },
        {
            "index": 53,
            "bbox": [
                [
                    187,
                    1372
                ],
                [
                    212,
                    1372
                ],
                [
                    212,
                    1402
                ],
                [
                    187,
                    1402
                ]
            ],
            "text": "&",
            "label": "I_Section"
        },
        {
            "index": 54,
            "bbox": [
                [
                    207,
                    1372
                ],
                [
                    322,
                    1372
                ],
                [
                    322,
                    1402
                ],
                [
                    207,
                    1402
                ]
            ],
            "text": "Benefits:",
            "label": "I_Section"
        },
        {
            "index": 55,
            "bbox": [
                [
                    863,
                    1381
                ],
                [
                    900,
                    1381
                ],
                [
                    900,
                    1411
                ],
                [
                    863,
                    1411
                ]
            ],
            "text": "UL",
            "label": "B_Descri"
        },
        {
            "index": 56,
            "bbox": [
                [
                    897,
                    1381
                ],
                [
                    934,
                    1381
                ],
                [
                    934,
                    1411
                ],
                [
                    897,
                    1411
                ]
            ],
            "text": "94",
            "label": "I_Descri"
        },
        {
            "index": 57,
            "bbox": [
                [
                    929,
                    1381
                ],
                [
                    986,
                    1381
                ],
                [
                    986,
                    1416
                ],
                [
                    929,
                    1416
                ]
            ],
            "text": "(VO)",
            "label": "I_Descri"
        },
        {
            "index": 58,
            "bbox": [
                [
                    102,
                    1404
                ],
                [
                    164,
                    1404
                ],
                [
                    164,
                    1439
                ],
                [
                    102,
                    1439
                ]
            ],
            "text": "Easy",
            "label": "B_Descri"
        },
        {
            "index": 59,
            "bbox": [
                [
                    157,
                    1404
                ],
                [
                    294,
                    1404
                ],
                [
                    294,
                    1434
                ],
                [
                    157,
                    1434
                ]
            ],
            "text": "installation:",
            "label": "I_Descri"
        },
        {
            "index": 60,
            "bbox": [
                [
                    292,
                    1404
                ],
                [
                    374,
                    1404
                ],
                [
                    374,
                    1439
                ],
                [
                    292,
                    1439
                ]
            ],
            "text": "simple",
            "label": "I_Descri"
        },
        {
            "index": 61,
            "bbox": [
                [
                    370,
                    1404
                ],
                [
                    434,
                    1404
                ],
                [
                    434,
                    1439
                ],
                [
                    370,
                    1439
                ]
            ],
            "text": "push",
            "label": "I_Descri"
        },
        {
            "index": 62,
            "bbox": [
                [
                    431,
                    1407
                ],
                [
                    463,
                    1407
                ],
                [
                    463,
                    1434
                ],
                [
                    431,
                    1434
                ]
            ],
            "text": "fit",
            "label": "I_Descri"
        },
        {
            "index": 63,
            "bbox": [
                [
                    461,
                    1407
                ],
                [
                    573,
                    1407
                ],
                [
                    573,
                    1439
                ],
                [
                    461,
                    1439
                ]
            ],
            "text": "assembly",
            "label": "I_Descri"
        },
        {
            "index": 64,
            "bbox": [
                [
                    100,
                    1436
                ],
                [
                    162,
                    1436
                ],
                [
                    162,
                    1475
                ],
                [
                    100,
                    1475
                ]
            ],
            "text": "Very",
            "label": "B_Descri"
        },
        {
            "index": 65,
            "bbox": [
                [
                    155,
                    1439
                ],
                [
                    212,
                    1439
                ],
                [
                    212,
                    1473
                ],
                [
                    155,
                    1473
                ]
            ],
            "text": "high",
            "label": "I_Descri"
        },
        {
            "index": 66,
            "bbox": [
                [
                    210,
                    1439
                ],
                [
                    294,
                    1439
                ],
                [
                    294,
                    1471
                ],
                [
                    210,
                    1471
                ]
            ],
            "text": "impact",
            "label": "I_Descri"
        },
        {
            "index": 67,
            "bbox": [
                [
                    292,
                    1439
                ],
                [
                    413,
                    1439
                ],
                [
                    413,
                    1468
                ],
                [
                    292,
                    1468
                ]
            ],
            "text": "resistance",
            "label": "I_Descri"
        },
        {
            "index": 68,
            "bbox": [
                [
                    842,
                    1441
                ],
                [
                    982,
                    1441
                ],
                [
                    982,
                    1471
                ],
                [
                    842,
                    1471
                ]
            ],
            "text": "Weathering",
            "label": "B_Section"
        },
        {
            "index": 69,
            "bbox": [
                [
                    980,
                    1439
                ],
                [
                    1112,
                    1439
                ],
                [
                    1112,
                    1468
                ],
                [
                    980,
                    1468
                ]
            ],
            "text": "resistance:",
            "label": "I_Section"
        },
        {
            "index": 70,
            "bbox": [
                [
                    102,
                    1473
                ],
                [
                    281,
                    1473
                ],
                [
                    281,
                    1505
                ],
                [
                    102,
                    1505
                ]
            ],
            "text": "Vibration-proof",
            "label": "B_Descri"
        },
        {
            "index": 71,
            "bbox": [
                [
                    278,
                    1471
                ],
                [
                    408,
                    1471
                ],
                [
                    408,
                    1502
                ],
                [
                    278,
                    1502
                ]
            ],
            "text": "connection",
            "label": "I_Descri"
        },
        {
            "index": 72,
            "bbox": [
                [
                    404,
                    1475
                ],
                [
                    438,
                    1475
                ],
                [
                    438,
                    1500
                ],
                [
                    404,
                    1500
                ]
            ],
            "text": "to",
            "label": "I_Descri"
        },
        {
            "index": 73,
            "bbox": [
                [
                    434,
                    1471
                ],
                [
                    495,
                    1471
                ],
                [
                    495,
                    1502
                ],
                [
                    434,
                    1502
                ]
            ],
            "text": "PMA",
            "label": "I_Descri"
        },
        {
            "index": 74,
            "bbox": [
                [
                    491,
                    1471
                ],
                [
                    594,
                    1471
                ],
                [
                    594,
                    1500
                ],
                [
                    491,
                    1500
                ]
            ],
            "text": "conduits",
            "label": "I_Descri"
        },
        {
            "index": 75,
            "bbox": [
                [
                    861,
                    1473
                ],
                [
                    920,
                    1473
                ],
                [
                    920,
                    1507
                ],
                [
                    861,
                    1507
                ]
            ],
            "text": "Very",
            "label": "B_Descri"
        },
        {
            "index": 76,
            "bbox": [
                [
                    913,
                    1473
                ],
                [
                    980,
                    1473
                ],
                [
                    980,
                    1505
                ],
                [
                    913,
                    1505
                ]
            ],
            "text": "good",
            "label": "I_Descri"
        },
        {
            "index": 77,
            "bbox": [
                [
                    980,
                    1473
                ],
                [
                    1016,
                    1473
                ],
                [
                    1016,
                    1500
                ],
                [
                    980,
                    1500
                ]
            ],
            "text": "UV",
            "label": "I_Descri"
        },
        {
            "index": 78,
            "bbox": [
                [
                    1016,
                    1475
                ],
                [
                    1133,
                    1475
                ],
                [
                    1133,
                    1498
                ],
                [
                    1016,
                    1498
                ]
            ],
            "text": "resistance",
            "label": "I_Descri"
        },
        {
            "index": 79,
            "bbox": [
                [
                    1130,
                    1473
                ],
                [
                    1181,
                    1473
                ],
                [
                    1181,
                    1500
                ],
                [
                    1130,
                    1500
                ]
            ],
            "text": "and",
            "label": "I_Descri"
        },
        {
            "index": 80,
            "bbox": [
                [
                    1181,
                    1473
                ],
                [
                    1311,
                    1473
                ],
                [
                    1311,
                    1505
                ],
                [
                    1181,
                    1505
                ]
            ],
            "text": "weathering",
            "label": "I_Descri"
        },
        {
            "index": 81,
            "bbox": [
                [
                    1311,
                    1475
                ],
                [
                    1475,
                    1475
                ],
                [
                    1475,
                    1498
                ],
                [
                    1311,
                    1498
                ]
            ],
            "text": "characteristics",
            "label": "I_Descri"
        },
        {
            "index": 82,
            "bbox": [
                [
                    102,
                    1502
                ],
                [
                    166,
                    1502
                ],
                [
                    166,
                    1539
                ],
                [
                    102,
                    1539
                ]
            ],
            "text": "High",
            "label": "B_Descri"
        },
        {
            "index": 83,
            "bbox": [
                [
                    160,
                    1505
                ],
                [
                    253,
                    1505
                ],
                [
                    253,
                    1534
                ],
                [
                    160,
                    1534
                ]
            ],
            "text": "conduit",
            "label": "I_Descri"
        },
        {
            "index": 84,
            "bbox": [
                [
                    253,
                    1505
                ],
                [
                    345,
                    1505
                ],
                [
                    345,
                    1537
                ],
                [
                    253,
                    1537
                ]
            ],
            "text": "pull-out",
            "label": "I_Descri"
        },
        {
            "index": 85,
            "bbox": [
                [
                    342,
                    1505
                ],
                [
                    443,
                    1505
                ],
                [
                    443,
                    1539
                ],
                [
                    342,
                    1539
                ]
            ],
            "text": "strength",
            "label": "I_Descri"
        },
        {
            "index": 86,
            "bbox": [
                [
                    102,
                    1537
                ],
                [
                    157,
                    1537
                ],
                [
                    157,
                    1571
                ],
                [
                    102,
                    1571
                ]
            ],
            "text": "Can",
            "label": "B_Descri"
        },
        {
            "index": 87,
            "bbox": [
                [
                    150,
                    1539
                ],
                [
                    189,
                    1539
                ],
                [
                    189,
                    1569
                ],
                [
                    150,
                    1569
                ]
            ],
            "text": "be",
            "label": "I_Descri"
        },
        {
            "index": 88,
            "bbox": [
                [
                    185,
                    1539
                ],
                [
                    253,
                    1539
                ],
                [
                    253,
                    1571
                ],
                [
                    185,
                    1571
                ]
            ],
            "text": "easily",
            "label": "I_Descri"
        },
        {
            "index": 89,
            "bbox": [
                [
                    251,
                    1541
                ],
                [
                    372,
                    1541
                ],
                [
                    372,
                    1571
                ],
                [
                    251,
                    1571
                ]
            ],
            "text": "re-opened",
            "label": "I_Descri"
        },
        {
            "index": 90,
            "bbox": [
                [
                    370,
                    1541
                ],
                [
                    424,
                    1541
                ],
                [
                    424,
                    1566
                ],
                [
                    370,
                    1566
                ]
            ],
            "text": "with",
            "label": "I_Descri"
        },
        {
            "index": 91,
            "bbox": [
                [
                    420,
                    1541
                ],
                [
                    447,
                    1541
                ],
                [
                    447,
                    1569
                ],
                [
                    420,
                    1569
                ]
            ],
            "text": "a",
            "label": "I_Descri"
        },
        {
            "index": 92,
            "bbox": [
                [
                    443,
                    1539
                ],
                [
                    578,
                    1539
                ],
                [
                    578,
                    1569
                ],
                [
                    443,
                    1569
                ]
            ],
            "text": "screwdriver",
            "label": "I_Descri"
        },
        {
            "index": 93,
            "bbox": [
                [
                    840,
                    1528
                ],
                [
                    934,
                    1528
                ],
                [
                    934,
                    1560
                ],
                [
                    840,
                    1560
                ]
            ],
            "text": "Colour:",
            "label": "B_Section"
        },
        {
            "index": 94,
            "bbox": [
                [
                    100,
                    1571
                ],
                [
                    162,
                    1571
                ],
                [
                    162,
                    1608
                ],
                [
                    100,
                    1608
                ]
            ],
            "text": "Very",
            "label": "B_Descri"
        },
        {
            "index": 95,
            "bbox": [
                [
                    155,
                    1573
                ],
                [
                    221,
                    1573
                ],
                [
                    221,
                    1605
                ],
                [
                    155,
                    1605
                ]
            ],
            "text": "good",
            "label": "I_Descri"
        },
        {
            "index": 96,
            "bbox": [
                [
                    219,
                    1571
                ],
                [
                    326,
                    1571
                ],
                [
                    326,
                    1603
                ],
                [
                    219,
                    1603
                ]
            ],
            "text": "chemical",
            "label": "I_Descri"
        },
        {
            "index": 97,
            "bbox": [
                [
                    322,
                    1573
                ],
                [
                    443,
                    1573
                ],
                [
                    443,
                    1605
                ],
                [
                    322,
                    1605
                ]
            ],
            "text": "properties",
            "label": "I_Descri"
        },
        {
            "index": 98,
            "bbox": [
                [
                    861,
                    1560
                ],
                [
                    932,
                    1560
                ],
                [
                    932,
                    1594
                ],
                [
                    861,
                    1594
                ]
            ],
            "text": "Black",
            "label": "B_Descri"
        },
        {
            "index": 99,
            "bbox": [
                [
                    102,
                    1603
                ],
                [
                    155,
                    1603
                ],
                [
                    155,
                    1637
                ],
                [
                    102,
                    1637
                ]
            ],
            "text": "Fits",
            "label": "B_Descri"
        },
        {
            "index": 100,
            "bbox": [
                [
                    148,
                    1603
                ],
                [
                    212,
                    1603
                ],
                [
                    212,
                    1635
                ],
                [
                    148,
                    1635
                ]
            ],
            "text": "both",
            "label": "I_Descri"
        },
        {
            "index": 101,
            "bbox": [
                [
                    207,
                    1605
                ],
                [
                    301,
                    1605
                ],
                [
                    301,
                    1635
                ],
                [
                    207,
                    1635
                ]
            ],
            "text": "conduit",
            "label": "I_Descri"
        },
        {
            "index": 102,
            "bbox": [
                [
                    299,
                    1605
                ],
                [
                    388,
                    1605
                ],
                [
                    388,
                    1637
                ],
                [
                    299,
                    1637
                ]
            ],
            "text": "profiles",
            "label": "I_Descri"
        },
        {
            "index": 103,
            "bbox": [
                [
                    402,
                    1605
                ],
                [
                    450,
                    1605
                ],
                [
                    450,
                    1633
                ],
                [
                    402,
                    1633
                ]
            ],
            "text": "fine",
            "label": "I_Descri"
        },
        {
            "index": 104,
            "bbox": [
                [
                    450,
                    1605
                ],
                [
                    486,
                    1605
                ],
                [
                    486,
                    1637
                ],
                [
                    450,
                    1637
                ]
            ],
            "text": "(T)",
            "label": "I_Descri"
        },
        {
            "index": 105,
            "bbox": [
                [
                    486,
                    1605
                ],
                [
                    536,
                    1605
                ],
                [
                    536,
                    1633
                ],
                [
                    486,
                    1633
                ]
            ],
            "text": "and",
            "label": "I_Descri"
        },
        {
            "index": 106,
            "bbox": [
                [
                    530,
                    1605
                ],
                [
                    616,
                    1605
                ],
                [
                    616,
                    1637
                ],
                [
                    530,
                    1637
                ]
            ],
            "text": "coarse",
            "label": "I_Descri"
        },
        {
            "index": 107,
            "bbox": [
                [
                    610,
                    1603
                ],
                [
                    653,
                    1603
                ],
                [
                    653,
                    1640
                ],
                [
                    610,
                    1640
                ]
            ],
            "text": "(G)",
            "label": "I_Descri"
        },
        {
            "index": 108,
            "bbox": [
                [
                    842,
                    1619
                ],
                [
                    957,
                    1619
                ],
                [
                    957,
                    1649
                ],
                [
                    842,
                    1649
                ]
            ],
            "text": "Chemical",
            "label": "B_Section"
        },
        {
            "index": 109,
            "bbox": [
                [
                    952,
                    1621
                ],
                [
                    1087,
                    1621
                ],
                [
                    1087,
                    1653
                ],
                [
                    952,
                    1653
                ]
            ],
            "text": "properties:",
            "label": "I_Section"
        },
        {
            "index": 110,
            "bbox": [
                [
                    102,
                    1640
                ],
                [
                    148,
                    1640
                ],
                [
                    148,
                    1667
                ],
                [
                    102,
                    1667
                ]
            ],
            "text": "FCI",
            "label": "B_Descri"
        },
        {
            "index": 111,
            "bbox": [
                [
                    144,
                    1640
                ],
                [
                    265,
                    1640
                ],
                [
                    265,
                    1669
                ],
                [
                    144,
                    1669
                ]
            ],
            "text": "connector",
            "label": "I_Descri"
        },
        {
            "index": 112,
            "bbox": [
                [
                    258,
                    1637
                ],
                [
                    335,
                    1637
                ],
                [
                    335,
                    1669
                ],
                [
                    258,
                    1669
                ]
            ],
            "text": "series",
            "label": "I_Descri"
        },
        {
            "index": 113,
            "bbox": [
                [
                    331,
                    1637
                ],
                [
                    424,
                    1637
                ],
                [
                    424,
                    1669
                ],
                [
                    331,
                    1669
                ]
            ],
            "text": "Souriau",
            "label": "I_Descri"
        },
        {
            "index": 114,
            "bbox": [
                [
                    422,
                    1640
                ],
                [
                    470,
                    1640
                ],
                [
                    470,
                    1667
                ],
                [
                    422,
                    1667
                ]
            ],
            "text": "838",
            "label": "I_Descri"
        },
        {
            "index": 115,
            "bbox": [
                [
                    468,
                    1640
                ],
                [
                    495,
                    1640
                ],
                [
                    495,
                    1669
                ],
                [
                    468,
                    1669
                ]
            ],
            "text": "is",
            "label": "I_Descri"
        },
        {
            "index": 116,
            "bbox": [
                [
                    491,
                    1640
                ],
                [
                    612,
                    1640
                ],
                [
                    612,
                    1669
                ],
                [
                    491,
                    1669
                ]
            ],
            "text": "additional",
            "label": "I_Descri"
        },
        {
            "index": 117,
            "bbox": [
                [
                    607,
                    1637
                ],
                [
                    689,
                    1637
                ],
                [
                    689,
                    1669
                ],
                [
                    607,
                    1669
                ]
            ],
            "text": "sealed",
            "label": "I_Descri"
        },
        {
            "index": 118,
            "bbox": [
                [
                    683,
                    1637
                ],
                [
                    744,
                    1637
                ],
                [
                    744,
                    1669
                ],
                [
                    683,
                    1669
                ]
            ],
            "text": "with",
            "label": "I_Descri"
        },
        {
            "index": 119,
            "bbox": [
                [
                    861,
                    1651
                ],
                [
                    943,
                    1651
                ],
                [
                    943,
                    1683
                ],
                [
                    861,
                    1683
                ]
            ],
            "text": "Please",
            "label": "B_Descri"
        },
        {
            "index": 120,
            "bbox": [
                [
                    936,
                    1651
                ],
                [
                    1000,
                    1651
                ],
                [
                    1000,
                    1683
                ],
                [
                    936,
                    1683
                ]
            ],
            "text": "refer",
            "label": "I_Descri"
        },
        {
            "index": 121,
            "bbox": [
                [
                    993,
                    1653
                ],
                [
                    1028,
                    1653
                ],
                [
                    1028,
                    1683
                ],
                [
                    993,
                    1683
                ]
            ],
            "text": "to",
            "label": "I_Descri"
        },
        {
            "index": 122,
            "bbox": [
                [
                    1023,
                    1653
                ],
                [
                    1174,
                    1653
                ],
                [
                    1174,
                    1685
                ],
                [
                    1023,
                    1685
                ]
            ],
            "text": "www.pma.ch",
            "label": "I_Descri"
        },
        {
            "index": 123,
            "bbox": [
                [
                    102,
                    1672
                ],
                [
                    182,
                    1672
                ],
                [
                    182,
                    1706
                ],
                [
                    102,
                    1706
                ]
            ],
            "text": "O-ring",
            "label": "B_Descri"
        },
        {
            "index": 124,
            "bbox": [
                [
                    180,
                    1672
                ],
                [
                    251,
                    1672
                ],
                [
                    251,
                    1706
                ],
                [
                    180,
                    1706
                ]
            ],
            "text": "(IP68)",
            "label": "I_Descri"
        },
        {
            "index": 125,
            "bbox": [
                [
                    863,
                    1685
                ],
                [
                    980,
                    1685
                ],
                [
                    980,
                    1715
                ],
                [
                    863,
                    1715
                ]
            ],
            "text": "(Technical",
            "label": "I_Descri"
        },
        {
            "index": 126,
            "bbox": [
                [
                    977,
                    1685
                ],
                [
                    1117,
                    1685
                ],
                [
                    1117,
                    1715
                ],
                [
                    977,
                    1715
                ]
            ],
            "text": "Information",
            "label": "I_Descri"
        },
        {
            "index": 127,
            "bbox": [
                [
                    1112,
                    1685
                ],
                [
                    1137,
                    1685
                ],
                [
                    1137,
                    1717
                ],
                [
                    1112,
                    1717
                ]
            ],
            "text": "/",
            "label": "I_Descri"
        },
        {
            "index": 128,
            "bbox": [
                [
                    1133,
                    1685
                ],
                [
                    1242,
                    1685
                ],
                [
                    1242,
                    1715
                ],
                [
                    1133,
                    1715
                ]
            ],
            "text": "Chemical",
            "label": "I_Descri"
        },
        {
            "index": 129,
            "bbox": [
                [
                    1240,
                    1685
                ],
                [
                    1370,
                    1685
                ],
                [
                    1370,
                    1717
                ],
                [
                    1240,
                    1717
                ]
            ],
            "text": "Resistance)",
            "label": "I_Descri"
        },
        {
            "index": 130,
            "bbox": [
                [
                    84,
                    1731
                ],
                [
                    176,
                    1731
                ],
                [
                    176,
                    1763
                ],
                [
                    84,
                    1763
                ]
            ],
            "text": "Ingress",
            "label": "B_Section"
        },
        {
            "index": 131,
            "bbox": [
                [
                    173,
                    1731
                ],
                [
                    306,
                    1731
                ],
                [
                    306,
                    1761
                ],
                [
                    173,
                    1761
                ]
            ],
            "text": "protection:",
            "label": "I_Section"
        },
        {
            "index": 132,
            "bbox": [
                [
                    842,
                    1742
                ],
                [
                    1016,
                    1742
                ],
                [
                    1016,
                    1772
                ],
                [
                    842,
                    1772
                ]
            ],
            "text": "Environmental",
            "label": "B_Section"
        },
        {
            "index": 133,
            "bbox": [
                [
                    1014,
                    1745
                ],
                [
                    1149,
                    1745
                ],
                [
                    1149,
                    1777
                ],
                [
                    1014,
                    1777
                ]
            ],
            "text": "properties:",
            "label": "I_Section"
        },
        {
            "index": 134,
            "bbox": [
                [
                    102,
                    1761
                ],
                [
                    166,
                    1761
                ],
                [
                    166,
                    1795
                ],
                [
                    102,
                    1795
                ]
            ],
            "text": "IP66,",
            "label": "B_Descri"
        },
        {
            "index": 135,
            "bbox": [
                [
                    162,
                    1761
                ],
                [
                    221,
                    1761
                ],
                [
                    221,
                    1793
                ],
                [
                    162,
                    1793
                ]
            ],
            "text": "IP68",
            "label": "I_Descri"
        },
        {
            "index": 136,
            "bbox": [
                [
                    217,
                    1763
                ],
                [
                    242,
                    1763
                ],
                [
                    242,
                    1793
                ],
                [
                    217,
                    1793
                ]
            ],
            "text": "&",
            "label": "I_Descri"
        },
        {
            "index": 137,
            "bbox": [
                [
                    235,
                    1761
                ],
                [
                    294,
                    1761
                ],
                [
                    294,
                    1793
                ],
                [
                    235,
                    1793
                ]
            ],
            "text": "IP69",
            "label": "I_Descri"
        },
        {
            "index": 138,
            "bbox": [
                [
                    292,
                    1763
                ],
                [
                    388,
                    1763
                ],
                [
                    388,
                    1795
                ],
                [
                    292,
                    1795
                ]
            ],
            "text": "(EN/IEC",
            "label": "I_Descri"
        },
        {
            "index": 139,
            "bbox": [
                [
                    386,
                    1765
                ],
                [
                    468,
                    1765
                ],
                [
                    468,
                    1793
                ],
                [
                    386,
                    1793
                ]
            ],
            "text": "60529)",
            "label": "I_Descri"
        },
        {
            "index": 140,
            "bbox": [
                [
                    861,
                    1774
                ],
                [
                    920,
                    1774
                ],
                [
                    920,
                    1806
                ],
                [
                    861,
                    1806
                ]
            ],
            "text": "Free",
            "label": "B_Descri"
        },
        {
            "index": 141,
            "bbox": [
                [
                    913,
                    1772
                ],
                [
                    980,
                    1772
                ],
                [
                    980,
                    1806
                ],
                [
                    913,
                    1806
                ]
            ],
            "text": "from",
            "label": "I_Descri"
        },
        {
            "index": 142,
            "bbox": [
                [
                    975,
                    1777
                ],
                [
                    1082,
                    1777
                ],
                [
                    1082,
                    1809
                ],
                [
                    975,
                    1809
                ]
            ],
            "text": "halogens",
            "label": "I_Descri"
        },
        {
            "index": 143,
            "bbox": [
                [
                    1078,
                    1772
                ],
                [
                    1133,
                    1772
                ],
                [
                    1133,
                    1806
                ],
                [
                    1078,
                    1806
                ]
            ],
            "text": "and",
            "label": "I_Descri"
        },
        {
            "index": 144,
            "bbox": [
                [
                    1126,
                    1774
                ],
                [
                    1238,
                    1774
                ],
                [
                    1238,
                    1804
                ],
                [
                    1126,
                    1804
                ]
            ],
            "text": "cadmium",
            "label": "I_Descri"
        },
        {
            "index": 145,
            "bbox": [
                [
                    100,
                    1795
                ],
                [
                    166,
                    1795
                ],
                [
                    166,
                    1827
                ],
                [
                    100,
                    1827
                ]
            ],
            "text": "IP69,",
            "label": "B_Descri"
        },
        {
            "index": 146,
            "bbox": [
                [
                    164,
                    1797
                ],
                [
                    207,
                    1797
                ],
                [
                    207,
                    1822
                ],
                [
                    164,
                    1822
                ]
            ],
            "text": "100",
            "label": "I_Descri"
        },
        {
            "index": 147,
            "bbox": [
                [
                    207,
                    1797
                ],
                [
                    249,
                    1797
                ],
                [
                    249,
                    1822
                ],
                [
                    207,
                    1822
                ]
            ],
            "text": "bar",
            "label": "I_Descri"
        },
        {
            "index": 148,
            "bbox": [
                [
                    249,
                    1797
                ],
                [
                    303,
                    1797
                ],
                [
                    303,
                    1822
                ],
                [
                    249,
                    1822
                ]
            ],
            "text": "with",
            "label": "I_Descri"
        },
        {
            "index": 149,
            "bbox": [
                [
                    303,
                    1797
                ],
                [
                    374,
                    1797
                ],
                [
                    374,
                    1822
                ],
                [
                    303,
                    1822
                ]
            ],
            "text": "Water",
            "label": "I_Descri"
        },
        {
            "index": 150,
            "bbox": [
                [
                    372,
                    1795
                ],
                [
                    459,
                    1795
                ],
                [
                    459,
                    1827
                ],
                [
                    372,
                    1827
                ]
            ],
            "text": "impact",
            "label": "I_Descri"
        },
        {
            "index": 151,
            "bbox": [
                [
                    454,
                    1797
                ],
                [
                    578,
                    1797
                ],
                [
                    578,
                    1827
                ],
                [
                    454,
                    1827
                ]
            ],
            "text": "protection",
            "label": "I_Descri"
        },
        {
            "index": 152,
            "bbox": [
                [
                    575,
                    1797
                ],
                [
                    701,
                    1797
                ],
                [
                    701,
                    1827
                ],
                [
                    575,
                    1827
                ]
            ],
            "text": "(WPS-ring)",
            "label": "I_Descri"
        },
        {
            "index": 153,
            "bbox": [
                [
                    861,
                    1806
                ],
                [
                    934,
                    1806
                ],
                [
                    934,
                    1841
                ],
                [
                    861,
                    1841
                ]
            ],
            "text": "RoHS",
            "label": "B_Descri"
        },
        {
            "index": 154,
            "bbox": [
                [
                    927,
                    1809
                ],
                [
                    977,
                    1809
                ],
                [
                    977,
                    1836
                ],
                [
                    927,
                    1836
                ]
            ],
            "text": "and",
            "label": "I_Descri"
        },
        {
            "index": 155,
            "bbox": [
                [
                    977,
                    1811
                ],
                [
                    1059,
                    1811
                ],
                [
                    1059,
                    1838
                ],
                [
                    977,
                    1838
                ]
            ],
            "text": "REACH",
            "label": "I_Descri"
        },
        {
            "index": 156,
            "bbox": [
                [
                    1057,
                    1809
                ],
                [
                    1174,
                    1809
                ],
                [
                    1174,
                    1841
                ],
                [
                    1057,
                    1841
                ]
            ],
            "text": "compliant",
            "label": "I_Descri"
        },
        {
            "index": 157,
            "bbox": [
                [
                    82,
                    1852
                ],
                [
                    205,
                    1852
                ],
                [
                    205,
                    1882
                ],
                [
                    82,
                    1882
                ]
            ],
            "text": "Materials:",
            "label": "B_Section"
        },
        {
            "index": 158,
            "bbox": [
                [
                    86,
                    1898
                ],
                [
                    100,
                    1898
                ],
                [
                    100,
                    1911
                ],
                [
                    86,
                    1911
                ]
            ],
            "text": ".",
            "label": "Out"
        },
        {
            "index": 159,
            "bbox": [
                [
                    105,
                    1886
                ],
                [
                    242,
                    1886
                ],
                [
                    242,
                    1918
                ],
                [
                    105,
                    1918
                ]
            ],
            "text": "High-grade,",
            "label": "B_Descri"
        },
        {
            "index": 160,
            "bbox": [
                [
                    239,
                    1886
                ],
                [
                    340,
                    1886
                ],
                [
                    340,
                    1918
                ],
                [
                    239,
                    1918
                ]
            ],
            "text": "specially",
            "label": "I_Descri"
        },
        {
            "index": 161,
            "bbox": [
                [
                    338,
                    1886
                ],
                [
                    468,
                    1886
                ],
                [
                    468,
                    1916
                ],
                [
                    338,
                    1916
                ]
            ],
            "text": "formulated",
            "label": "I_Descri"
        },
        {
            "index": 162,
            "bbox": [
                [
                    468,
                    1886
                ],
                [
                    589,
                    1886
                ],
                [
                    589,
                    1918
                ],
                [
                    468,
                    1918
                ]
            ],
            "text": "polyamide",
            "label": "I_Descri"
        },
        {
            "index": 163,
            "bbox": [
                [
                    584,
                    1884
                ],
                [
                    610,
                    1884
                ],
                [
                    610,
                    1914
                ],
                [
                    584,
                    1914
                ]
            ],
            "text": "6",
            "label": "I_Descri"
        },
        {
            "index": 164,
            "bbox": [
                [
                    84,
                    1943
                ],
                [
                    223,
                    1943
                ],
                [
                    223,
                    1975
                ],
                [
                    84,
                    1975
                ]
            ],
            "text": "Compatible",
            "label": "B_Section"
        },
        {
            "index": 165,
            "bbox": [
                [
                    219,
                    1941
                ],
                [
                    287,
                    1941
                ],
                [
                    287,
                    1973
                ],
                [
                    219,
                    1973
                ]
            ],
            "text": "with:",
            "label": "I_Section"
        },
        {
            "index": 166,
            "bbox": [
                [
                    1583,
                    1950
                ],
                [
                    1599,
                    1950
                ],
                [
                    1599,
                    1968
                ],
                [
                    1583,
                    1968
                ]
            ],
            "text": "00",
            "label": "Out"
        },
        {
            "index": 167,
            "bbox": [
                [
                    102,
                    1975
                ],
                [
                    217,
                    1975
                ],
                [
                    217,
                    2005
                ],
                [
                    102,
                    2005
                ]
            ],
            "text": "PMAFLEX",
            "label": "B_Descri"
        },
        {
            "index": 168,
            "bbox": [
                [
                    214,
                    1978
                ],
                [
                    258,
                    1978
                ],
                [
                    258,
                    2003
                ],
                [
                    214,
                    2003
                ]
            ],
            "text": "Pro",
            "label": "I_Descri"
        },
        {
            "index": 169,
            "bbox": [
                [
                    255,
                    1975
                ],
                [
                    365,
                    1975
                ],
                [
                    365,
                    2005
                ],
                [
                    255,
                    2005
                ]
            ],
            "text": "Conduits",
            "label": "I_Descri"
        },
        {
            "index": 170,
            "bbox": [
                [
                    1585,
                    1989
                ],
                [
                    1599,
                    1989
                ],
                [
                    1599,
                    2023
                ],
                [
                    1585,
                    2023
                ]
            ],
            "text": "N",
            "label": "Out"
        },
        {
            "index": 171,
            "bbox": [
                [
                    102,
                    2010
                ],
                [
                    219,
                    2010
                ],
                [
                    219,
                    2039
                ],
                [
                    102,
                    2039
                ]
            ],
            "text": "PMAFLEX",
            "label": "B_Descri"
        },
        {
            "index": 172,
            "bbox": [
                [
                    214,
                    2010
                ],
                [
                    326,
                    2010
                ],
                [
                    326,
                    2042
                ],
                [
                    214,
                    2042
                ]
            ],
            "text": "Multilayer",
            "label": "I_Descri"
        },
        {
            "index": 173,
            "bbox": [
                [
                    324,
                    2007
                ],
                [
                    434,
                    2007
                ],
                [
                    434,
                    2037
                ],
                [
                    324,
                    2037
                ]
            ],
            "text": "Conduits",
            "label": "I_Descri"
        },
        {
            "index": 174,
            "bbox": [
                [
                    105,
                    2042
                ],
                [
                    217,
                    2042
                ],
                [
                    217,
                    2071
                ],
                [
                    105,
                    2071
                ]
            ],
            "text": "PMAFLEX",
            "label": "B_Descri"
        },
        {
            "index": 175,
            "bbox": [
                [
                    214,
                    2042
                ],
                [
                    322,
                    2042
                ],
                [
                    322,
                    2071
                ],
                [
                    214,
                    2071
                ]
            ],
            "text": "Conduits",
            "label": "I_Descri"
        },
        {
            "index": 176,
            "bbox": [
                [
                    103,
                    2074
                ],
                [
                    103,
                    2106
                ],
                [
                    165,
                    2106
                ],
                [
                    165,
                    2074
                ]
            ],
            "text": "PMA",
            "label": "B_Descri"
        },
        {
            "index": 177,
            "bbox": [
                [
                    157,
                    2074
                ],
                [
                    235,
                    2074
                ],
                [
                    235,
                    2106
                ],
                [
                    157,
                    2106
                ]
            ],
            "text": "Smart",
            "label": "I_Descri"
        },
        {
            "index": 178,
            "bbox": [
                [
                    230,
                    2074
                ],
                [
                    287,
                    2074
                ],
                [
                    287,
                    2106
                ],
                [
                    230,
                    2106
                ]
            ],
            "text": "Line",
            "label": "I_Descri"
        },
        {
            "index": 179,
            "bbox": [
                [
                    283,
                    2076
                ],
                [
                    390,
                    2076
                ],
                [
                    390,
                    2106
                ],
                [
                    283,
                    2106
                ]
            ],
            "text": "Conduits",
            "label": "I_Descri"
        },
        {
            "index": 180,
            "bbox": [
                [
                    1580,
                    2032
                ],
                [
                    1601,
                    2032
                ],
                [
                    1601,
                    2106
                ],
                [
                    1580,
                    2106
                ]
            ],
            "text": "I",
            "label": "Out"
        },
        {
            "index": 181,
            "bbox": [
                [
                    100,
                    2108
                ],
                [
                    150,
                    2108
                ],
                [
                    150,
                    2142
                ],
                [
                    100,
                    2142
                ]
            ],
            "text": "FCI",
            "label": "B_Descri"
        },
        {
            "index": 182,
            "bbox": [
                [
                    141,
                    2110
                ],
                [
                    265,
                    2110
                ],
                [
                    265,
                    2140
                ],
                [
                    141,
                    2140
                ]
            ],
            "text": "connector",
            "label": "I_Descri"
        },
        {
            "index": 183,
            "bbox": [
                [
                    260,
                    2108
                ],
                [
                    335,
                    2108
                ],
                [
                    335,
                    2140
                ],
                [
                    260,
                    2140
                ]
            ],
            "text": "series",
            "label": "I_Descri"
        },
        {
            "index": 184,
            "bbox": [
                [
                    331,
                    2108
                ],
                [
                    424,
                    2108
                ],
                [
                    424,
                    2137
                ],
                [
                    331,
                    2137
                ]
            ],
            "text": "Souriau",
            "label": "I_Descri"
        },
        {
            "index": 185,
            "bbox": [
                [
                    422,
                    2110
                ],
                [
                    470,
                    2110
                ],
                [
                    470,
                    2137
                ],
                [
                    422,
                    2137
                ]
            ],
            "text": "838",
            "label": "I_Descri"
        },
        {
            "index": 186,
            "bbox": [
                [
                    1580,
                    2112
                ],
                [
                    1603,
                    2112
                ],
                [
                    1603,
                    2153
                ],
                [
                    1580,
                    2153
                ]
            ],
            "text": "8",
            "label": "Out"
        }
    ]
}