{
    "datasheet": [
        {
            "index": 0,
            "bbox": [
                [
                    146,
                    105
                ],
                [
                    405,
                    105
                ],
                [
                    405,
                    156
                ],
                [
                    146,
                    156
                ]
            ],
            "text": "Product",
            "label": "Out"
        },
        {
            "index": 1,
            "bbox": [
                [
                    427,
                    100
                ],
                [
                    577,
                    100
                ],
                [
                    577,
                    161
                ],
                [
                    427,
                    161
                ]
            ],
            "text": "data",
            "label": "Out"
        },
        {
            "index": 2,
            "bbox": [
                [
                    596,
                    103
                ],
                [
                    786,
                    103
                ],
                [
                    786,
                    161
                ],
                [
                    596,
                    161
                ]
            ],
            "text": "sheet",
            "label": "Out"
        },
        {
            "index": 3,
            "bbox": [
                [
                    136,
                    182
                ],
                [
                    300,
                    182
                ],
                [
                    300,
                    219
                ],
                [
                    136,
                    219
                ]
            ],
            "text": "Specifications",
            "label": "B_Section"
        },
        {
            "index": 4,
            "bbox": [
                [
                    159,
                    304
                ],
                [
                    183,
                    304
                ],
                [
                    183,
                    322
                ],
                [
                    159,
                    322
                ]
            ],
            "text": "A",
            "label": "Out"
        },
        {
            "index": 5,
            "bbox": [
                [
                    183,
                    296
                ],
                [
                    268,
                    296
                ],
                [
                    268,
                    333
                ],
                [
                    183,
                    333
                ]
            ],
            "text": "Green",
            "label": "Out"
        },
        {
            "index": 6,
            "bbox": [
                [
                    680,
                    296
                ],
                [
                    998,
                    296
                ],
                [
                    998,
                    343
                ],
                [
                    680,
                    343
                ]
            ],
            "text": "Temperature",
            "label": "B_Descri"
        },
        {
            "index": 7,
            "bbox": [
                [
                    1011,
                    291
                ],
                [
                    1278,
                    291
                ],
                [
                    1278,
                    338
                ],
                [
                    1011,
                    338
                ]
            ],
            "text": "transmitter",
            "label": "I_Descri"
        },
        {
            "index": 8,
            "bbox": [
                [
                    1286,
                    288
                ],
                [
                    1389,
                    288
                ],
                [
                    1389,
                    338
                ],
                [
                    1286,
                    338
                ]
            ],
            "text": "with",
            "label": "I_Descri"
        },
        {
            "index": 9,
            "bbox": [
                [
                    183,
                    317
                ],
                [
                    300,
                    317
                ],
                [
                    300,
                    357
                ],
                [
                    183,
                    357
                ]
            ],
            "text": "Premium\"",
            "label": "Out"
        },
        {
            "index": 10,
            "bbox": [
                [
                    680,
                    359
                ],
                [
                    921,
                    359
                ],
                [
                    921,
                    404
                ],
                [
                    680,
                    404
                ]
            ],
            "text": "advanced",
            "label": "I_Descri"
        },
        {
            "index": 11,
            "bbox": [
                [
                    937,
                    359
                ],
                [
                    1228,
                    359
                ],
                [
                    1228,
                    415
                ],
                [
                    937,
                    415
                ]
            ],
            "text": "diagnostics,",
            "label": "I_Descri"
        },
        {
            "index": 12,
            "bbox": [
                [
                    1241,
                    357
                ],
                [
                    1350,
                    357
                ],
                [
                    1350,
                    407
                ],
                [
                    1241,
                    407
                ]
            ],
            "text": "dual",
            "label": "I_Descri"
        },
        {
            "index": 13,
            "bbox": [
                [
                    1363,
                    354
                ],
                [
                    1419,
                    354
                ],
                [
                    1419,
                    407
                ],
                [
                    1363,
                    407
                ]
            ],
            "text": "3-",
            "label": "I_Descri"
        },
        {
            "index": 14,
            "bbox": [
                [
                    675,
                    423
                ],
                [
                    786,
                    423
                ],
                [
                    786,
                    476
                ],
                [
                    675,
                    476
                ]
            ],
            "text": "wire",
            "label": "I_Descri"
        },
        {
            "index": 15,
            "bbox": [
                [
                    797,
                    423
                ],
                [
                    913,
                    423
                ],
                [
                    913,
                    473
                ],
                [
                    797,
                    473
                ]
            ],
            "text": "RTD",
            "label": "I_Descri"
        },
        {
            "index": 16,
            "bbox": [
                [
                    929,
                    425
                ],
                [
                    1162,
                    425
                ],
                [
                    1162,
                    476
                ],
                [
                    929,
                    476
                ]
            ],
            "text": "channels,",
            "label": "I_Descri"
        },
        {
            "index": 17,
            "bbox": [
                [
                    1175,
                    423
                ],
                [
                    1273,
                    423
                ],
                [
                    1273,
                    473
                ],
                [
                    1175,
                    473
                ]
            ],
            "text": "and",
            "label": "I_Descri"
        },
        {
            "index": 18,
            "bbox": [
                [
                    1284,
                    420
                ],
                [
                    1374,
                    420
                ],
                [
                    1374,
                    473
                ],
                [
                    1284,
                    473
                ]
            ],
            "text": "SIL",
            "label": "I_Descri"
        },
        {
            "index": 19,
            "bbox": [
                [
                    1382,
                    420
                ],
                [
                    1466,
                    420
                ],
                [
                    1466,
                    476
                ],
                [
                    1382,
                    476
                ]
            ],
            "text": "2/3",
            "label": "I_Descri"
        },
        {
            "index": 20,
            "bbox": [
                [
                    680,
                    492
                ],
                [
                    974,
                    492
                ],
                [
                    974,
                    539
                ],
                [
                    680,
                    539
                ]
            ],
            "text": "certification.",
            "label": "I_Descri"
        },
        {
            "index": 21,
            "bbox": [
                [
                    678,
                    597
                ],
                [
                    763,
                    597
                ],
                [
                    763,
                    626
                ],
                [
                    678,
                    626
                ]
            ],
            "text": "RTT80",
            "label": "B_Ref"
        },
        {
            "index": 22,
            "bbox": [
                [
                    136,
                    804
                ],
                [
                    220,
                    804
                ],
                [
                    220,
                    843
                ],
                [
                    136,
                    843
                ]
            ],
            "text": "Main",
            "label": "B_Section"
        },
        {
            "index": 23,
            "bbox": [
                [
                    136,
                    857
                ],
                [
                    223,
                    857
                ],
                [
                    223,
                    894
                ],
                [
                    136,
                    894
                ]
            ],
            "text": "Range",
            "label": "B_Prop"
        },
        {
            "index": 24,
            "bbox": [
                [
                    220,
                    857
                ],
                [
                    255,
                    857
                ],
                [
                    255,
                    891
                ],
                [
                    220,
                    891
                ]
            ],
            "text": "of",
            "label": "I_Prop"
        },
        {
            "index": 25,
            "bbox": [
                [
                    249,
                    857
                ],
                [
                    355,
                    857
                ],
                [
                    355,
                    894
                ],
                [
                    249,
                    894
                ]
            ],
            "text": "product",
            "label": "I_Prop"
        },
        {
            "index": 26,
            "bbox": [
                [
                    564,
                    857
                ],
                [
                    704,
                    857
                ],
                [
                    704,
                    891
                ],
                [
                    564,
                    891
                ]
            ],
            "text": "Temperature",
            "label": "B_Value"
        },
        {
            "index": 27,
            "bbox": [
                [
                    133,
                    915
                ],
                [
                    244,
                    915
                ],
                [
                    244,
                    949
                ],
                [
                    133,
                    949
                ]
            ],
            "text": "Product",
            "label": "B_Prop"
        },
        {
            "index": 28,
            "bbox": [
                [
                    236,
                    920
                ],
                [
                    278,
                    920
                ],
                [
                    278,
                    949
                ],
                [
                    236,
                    949
                ]
            ],
            "text": "or",
            "label": "I_Prop"
        },
        {
            "index": 29,
            "bbox": [
                [
                    270,
                    917
                ],
                [
                    419,
                    917
                ],
                [
                    419,
                    952
                ],
                [
                    270,
                    952
                ]
            ],
            "text": "component",
            "label": "I_Prop"
        },
        {
            "index": 30,
            "bbox": [
                [
                    413,
                    915
                ],
                [
                    479,
                    915
                ],
                [
                    479,
                    955
                ],
                [
                    413,
                    955
                ]
            ],
            "text": "type",
            "label": "I_Prop"
        },
        {
            "index": 31,
            "bbox": [
                [
                    564,
                    915
                ],
                [
                    702,
                    915
                ],
                [
                    702,
                    949
                ],
                [
                    564,
                    949
                ]
            ],
            "text": "Temperature",
            "label": "B_Value"
        },
        {
            "index": 32,
            "bbox": [
                [
                    694,
                    915
                ],
                [
                    815,
                    915
                ],
                [
                    815,
                    949
                ],
                [
                    694,
                    949
                ]
            ],
            "text": "transmitter",
            "label": "I_Value"
        },
        {
            "index": 33,
            "bbox": [
                [
                    133,
                    973
                ],
                [
                    204,
                    973
                ],
                [
                    204,
                    1013
                ],
                [
                    133,
                    1013
                ]
            ],
            "text": "Type",
            "label": "B_Prop"
        },
        {
            "index": 34,
            "bbox": [
                [
                    199,
                    973
                ],
                [
                    236,
                    973
                ],
                [
                    236,
                    1005
                ],
                [
                    199,
                    1005
                ]
            ],
            "text": "of",
            "label": "I_Prop"
        },
        {
            "index": 35,
            "bbox": [
                [
                    231,
                    973
                ],
                [
                    411,
                    973
                ],
                [
                    411,
                    1007
                ],
                [
                    231,
                    1007
                ]
            ],
            "text": "measurement",
            "label": "I_Prop"
        },
        {
            "index": 36,
            "bbox": [
                [
                    564,
                    973
                ],
                [
                    704,
                    973
                ],
                [
                    704,
                    1007
                ],
                [
                    564,
                    1007
                ]
            ],
            "text": "Temperature",
            "label": "B_Value"
        },
        {
            "index": 37,
            "bbox": [
                [
                    133,
                    1031
                ],
                [
                    244,
                    1031
                ],
                [
                    244,
                    1066
                ],
                [
                    133,
                    1066
                ]
            ],
            "text": "Product",
            "label": "B_Prop"
        },
        {
            "index": 38,
            "bbox": [
                [
                    239,
                    1034
                ],
                [
                    345,
                    1034
                ],
                [
                    345,
                    1068
                ],
                [
                    239,
                    1068
                ]
            ],
            "text": "specific",
            "label": "I_Prop"
        },
        {
            "index": 39,
            "bbox": [
                [
                    342,
                    1034
                ],
                [
                    485,
                    1034
                ],
                [
                    485,
                    1071
                ],
                [
                    342,
                    1071
                ]
            ],
            "text": "application",
            "label": "I_Prop"
        },
        {
            "index": 40,
            "bbox": [
                [
                    567,
                    1034
                ],
                [
                    636,
                    1034
                ],
                [
                    636,
                    1063
                ],
                [
                    567,
                    1063
                ]
            ],
            "text": "Water",
            "label": "B_Value"
        },
        {
            "index": 41,
            "bbox": [
                [
                    630,
                    1034
                ],
                [
                    678,
                    1034
                ],
                [
                    678,
                    1063
                ],
                [
                    630,
                    1063
                ]
            ],
            "text": "and",
            "label": "I_Value"
        },
        {
            "index": 42,
            "bbox": [
                [
                    673,
                    1034
                ],
                [
                    741,
                    1034
                ],
                [
                    741,
                    1063
                ],
                [
                    673,
                    1063
                ]
            ],
            "text": "waste",
            "label": "I_Value"
        },
        {
            "index": 43,
            "bbox": [
                [
                    736,
                    1034
                ],
                [
                    802,
                    1034
                ],
                [
                    802,
                    1063
                ],
                [
                    736,
                    1063
                ]
            ],
            "text": "water",
            "label": "I_Value"
        },
        {
            "index": 44,
            "bbox": [
                [
                    136,
                    1092
                ],
                [
                    231,
                    1092
                ],
                [
                    231,
                    1124
                ],
                [
                    136,
                    1124
                ]
            ],
            "text": "Market",
            "label": "B_Prop"
        },
        {
            "index": 45,
            "bbox": [
                [
                    225,
                    1092
                ],
                [
                    342,
                    1092
                ],
                [
                    342,
                    1126
                ],
                [
                    225,
                    1126
                ]
            ],
            "text": "segment",
            "label": "I_Prop"
        },
        {
            "index": 46,
            "bbox": [
                [
                    564,
                    1089
                ],
                [
                    604,
                    1089
                ],
                [
                    604,
                    1121
                ],
                [
                    564,
                    1121
                ]
            ],
            "text": "Oil",
            "label": "B_Value"
        },
        {
            "index": 47,
            "bbox": [
                [
                    598,
                    1092
                ],
                [
                    646,
                    1092
                ],
                [
                    646,
                    1121
                ],
                [
                    598,
                    1121
                ]
            ],
            "text": "and",
            "label": "I_Value"
        },
        {
            "index": 48,
            "bbox": [
                [
                    641,
                    1095
                ],
                [
                    686,
                    1095
                ],
                [
                    686,
                    1124
                ],
                [
                    641,
                    1124
                ]
            ],
            "text": "gas",
            "label": "I_Value"
        },
        {
            "index": 49,
            "bbox": [
                [
                    564,
                    1116
                ],
                [
                    638,
                    1116
                ],
                [
                    638,
                    1153
                ],
                [
                    564,
                    1153
                ]
            ],
            "text": "Paper",
            "label": "B_Value"
        },
        {
            "index": 50,
            "bbox": [
                [
                    630,
                    1119
                ],
                [
                    678,
                    1119
                ],
                [
                    678,
                    1150
                ],
                [
                    630,
                    1150
                ]
            ],
            "text": "and",
            "label": "I_Value"
        },
        {
            "index": 51,
            "bbox": [
                [
                    675,
                    1119
                ],
                [
                    725,
                    1119
                ],
                [
                    725,
                    1150
                ],
                [
                    675,
                    1150
                ]
            ],
            "text": "pulp",
            "label": "I_Value"
        },
        {
            "index": 52,
            "bbox": [
                [
                    564,
                    1142
                ],
                [
                    670,
                    1142
                ],
                [
                    670,
                    1177
                ],
                [
                    564,
                    1177
                ]
            ],
            "text": "Chemical",
            "label": "B_Value"
        },
        {
            "index": 53,
            "bbox": [
                [
                    564,
                    1169
                ],
                [
                    731,
                    1169
                ],
                [
                    731,
                    1203
                ],
                [
                    564,
                    1203
                ]
            ],
            "text": "Pharmaceutical",
            "label": "B_Value"
        },
        {
            "index": 54,
            "bbox": [
                [
                    136,
                    1269
                ],
                [
                    403,
                    1269
                ],
                [
                    403,
                    1314
                ],
                [
                    136,
                    1314
                ]
            ],
            "text": "Complementary",
            "label": "B_Section"
        },
        {
            "index": 55,
            "bbox": [
                [
                    136,
                    1322
                ],
                [
                    260,
                    1322
                ],
                [
                    260,
                    1359
                ],
                [
                    136,
                    1359
                ]
            ],
            "text": "Analogue",
            "label": "B_Prop"
        },
        {
            "index": 56,
            "bbox": [
                [
                    255,
                    1320
                ],
                [
                    331,
                    1320
                ],
                [
                    331,
                    1359
                ],
                [
                    255,
                    1359
                ]
            ],
            "text": "input",
            "label": "I_Prop"
        },
        {
            "index": 57,
            "bbox": [
                [
                    323,
                    1322
                ],
                [
                    389,
                    1322
                ],
                [
                    389,
                    1362
                ],
                [
                    323,
                    1362
                ]
            ],
            "text": "type",
            "label": "I_Prop"
        },
        {
            "index": 58,
            "bbox": [
                [
                    564,
                    1322
                ],
                [
                    620,
                    1322
                ],
                [
                    620,
                    1351
                ],
                [
                    564,
                    1351
                ]
            ],
            "text": "RTD",
            "label": "B_Value"
        },
        {
            "index": 59,
            "bbox": [
                [
                    564,
                    1349
                ],
                [
                    718,
                    1349
                ],
                [
                    718,
                    1383
                ],
                [
                    564,
                    1383
                ]
            ],
            "text": "Thermocouple",
            "label": "B_Value"
        },
        {
            "index": 60,
            "bbox": [
                [
                    564,
                    1373
                ],
                [
                    659,
                    1373
                ],
                [
                    659,
                    1410
                ],
                [
                    564,
                    1410
                ]
            ],
            "text": "Resistor",
            "label": "B_Value"
        },
        {
            "index": 61,
            "bbox": [
                [
                    564,
                    1402
                ],
                [
                    651,
                    1402
                ],
                [
                    651,
                    1439
                ],
                [
                    564,
                    1439
                ]
            ],
            "text": "Voltage",
            "label": "B_Value"
        },
        {
            "index": 62,
            "bbox": [
                [
                    136,
                    1460
                ],
                [
                    331,
                    1460
                ],
                [
                    331,
                    1486
                ],
                [
                    136,
                    1486
                ]
            ],
            "text": "Communication",
            "label": "B_Prop"
        },
        {
            "index": 63,
            "bbox": [
                [
                    329,
                    1455
                ],
                [
                    395,
                    1455
                ],
                [
                    395,
                    1497
                ],
                [
                    329,
                    1497
                ]
            ],
            "text": "port",
            "label": "I_Prop"
        },
        {
            "index": 64,
            "bbox": [
                [
                    389,
                    1457
                ],
                [
                    503,
                    1457
                ],
                [
                    503,
                    1494
                ],
                [
                    389,
                    1494
                ]
            ],
            "text": "protocol",
            "label": "I_Prop"
        },
        {
            "index": 65,
            "bbox": [
                [
                    567,
                    1460
                ],
                [
                    638,
                    1460
                ],
                [
                    638,
                    1489
                ],
                [
                    567,
                    1489
                ]
            ],
            "text": "HART,",
            "label": "B_Value"
        },
        {
            "index": 66,
            "bbox": [
                [
                    638,
                    1457
                ],
                [
                    670,
                    1457
                ],
                [
                    670,
                    1489
                ],
                [
                    638,
                    1489
                ]
            ],
            "text": "4...",
            "label": "I_Value"
        },
        {
            "index": 67,
            "bbox": [
                [
                    662,
                    1457
                ],
                [
                    704,
                    1457
                ],
                [
                    704,
                    1489
                ],
                [
                    662,
                    1489
                ]
            ],
            "text": ".20",
            "label": "I_Value"
        },
        {
            "index": 68,
            "bbox": [
                [
                    699,
                    1457
                ],
                [
                    744,
                    1457
                ],
                [
                    744,
                    1489
                ],
                [
                    699,
                    1489
                ]
            ],
            "text": "mA",
            "label": "B_Unit"
        },
        {
            "index": 69,
            "bbox": [
                [
                    564,
                    1481
                ],
                [
                    725,
                    1481
                ],
                [
                    725,
                    1515
                ],
                [
                    564,
                    1515
                ]
            ],
            "text": "FOUNDATION",
            "label": "B_Value"
        },
        {
            "index": 70,
            "bbox": [
                [
                    718,
                    1484
                ],
                [
                    805,
                    1484
                ],
                [
                    805,
                    1513
                ],
                [
                    718,
                    1513
                ]
            ],
            "text": "fieldbus",
            "label": "I_Value"
        },
        {
            "index": 71,
            "bbox": [
                [
                    133,
                    1539
                ],
                [
                    313,
                    1539
                ],
                [
                    313,
                    1574
                ],
                [
                    133,
                    1574
                ]
            ],
            "text": "Measurement",
            "label": "B_Prop"
        },
        {
            "index": 72,
            "bbox": [
                [
                    305,
                    1542
                ],
                [
                    389,
                    1542
                ],
                [
                    389,
                    1579
                ],
                [
                    305,
                    1579
                ]
            ],
            "text": "range",
            "label": "I_Prop"
        },
        {
            "index": 73,
            "bbox": [
                [
                    575,
                    1537
                ],
                [
                    696,
                    1537
                ],
                [
                    696,
                    1571
                ],
                [
                    575,
                    1571
                ]
            ],
            "text": "270...1300",
            "label": "B_Value"
        },
        {
            "index": 74,
            "bbox": [
                [
                    688,
                    1539
                ],
                [
                    725,
                    1539
                ],
                [
                    725,
                    1568
                ],
                [
                    688,
                    1568
                ]
            ],
            "text": "°C",
            "label": "B_Unit"
        },
        {
            "index": 75,
            "bbox": [
                [
                    577,
                    1568
                ],
                [
                    694,
                    1568
                ],
                [
                    694,
                    1595
                ],
                [
                    577,
                    1595
                ]
            ],
            "text": "454...2372",
            "label": "B_Value"
        },
        {
            "index": 76,
            "bbox": [
                [
                    688,
                    1566
                ],
                [
                    723,
                    1566
                ],
                [
                    723,
                    1597
                ],
                [
                    688,
                    1597
                ]
            ],
            "text": "oF",
            "label": "B_Unit"
        },
        {
            "index": 77,
            "bbox": [
                [
                    133,
                    1619
                ],
                [
                    249,
                    1619
                ],
                [
                    249,
                    1656
                ],
                [
                    133,
                    1656
                ]
            ],
            "text": "Network",
            "label": "B_Prop"
        },
        {
            "index": 78,
            "bbox": [
                [
                    244,
                    1621
                ],
                [
                    300,
                    1621
                ],
                [
                    300,
                    1653
                ],
                [
                    244,
                    1653
                ]
            ],
            "text": "and",
            "label": "I_Prop"
        },
        {
            "index": 79,
            "bbox": [
                [
                    297,
                    1619
                ],
                [
                    413,
                    1619
                ],
                [
                    413,
                    1656
                ],
                [
                    297,
                    1656
                ]
            ],
            "text": "machine",
            "label": "I_Prop"
        },
        {
            "index": 80,
            "bbox": [
                [
                    408,
                    1621
                ],
                [
                    535,
                    1621
                ],
                [
                    535,
                    1658
                ],
                [
                    408,
                    1658
                ]
            ],
            "text": "diagnosis",
            "label": "I_Prop"
        },
        {
            "index": 81,
            "bbox": [
                [
                    567,
                    1621
                ],
                [
                    646,
                    1621
                ],
                [
                    646,
                    1650
                ],
                [
                    567,
                    1650
                ]
            ],
            "text": "Sensor",
            "label": "B_Value"
        },
        {
            "index": 82,
            "bbox": [
                [
                    641,
                    1621
                ],
                [
                    720,
                    1621
                ],
                [
                    720,
                    1650
                ],
                [
                    641,
                    1650
                ]
            ],
            "text": "broken",
            "label": "I_Value"
        },
        {
            "index": 83,
            "bbox": [
                [
                    133,
                    1650
                ],
                [
                    199,
                    1650
                ],
                [
                    199,
                    1690
                ],
                [
                    133,
                    1690
                ]
            ],
            "text": "type",
            "label": "I_Prop"
        },
        {
            "index": 84,
            "bbox": [
                [
                    564,
                    1650
                ],
                [
                    646,
                    1650
                ],
                [
                    646,
                    1679
                ],
                [
                    564,
                    1679
                ]
            ],
            "text": "Sensor",
            "label": "B_Value"
        },
        {
            "index": 85,
            "bbox": [
                [
                    641,
                    1650
                ],
                [
                    725,
                    1650
                ],
                [
                    725,
                    1677
                ],
                [
                    641,
                    1677
                ]
            ],
            "text": "shorted",
            "label": "I_Value"
        },
        {
            "index": 86,
            "bbox": [
                [
                    564,
                    1674
                ],
                [
                    646,
                    1674
                ],
                [
                    646,
                    1703
                ],
                [
                    564,
                    1703
                ]
            ],
            "text": "Sensor",
            "label": "B_Value"
        },
        {
            "index": 87,
            "bbox": [
                [
                    641,
                    1677
                ],
                [
                    741,
                    1677
                ],
                [
                    741,
                    1703
                ],
                [
                    641,
                    1703
                ]
            ],
            "text": "corrosion",
            "label": "I_Value"
        },
        {
            "index": 88,
            "bbox": [
                [
                    567,
                    1701
                ],
                [
                    617,
                    1701
                ],
                [
                    617,
                    1730
                ],
                [
                    567,
                    1730
                ]
            ],
            "text": "Drift",
            "label": "B_Value"
        },
        {
            "index": 89,
            "bbox": [
                [
                    612,
                    1703
                ],
                [
                    712,
                    1703
                ],
                [
                    712,
                    1730
                ],
                [
                    612,
                    1730
                ]
            ],
            "text": "detection",
            "label": "I_Value"
        },
        {
            "index": 90,
            "bbox": [
                [
                    133,
                    1753
                ],
                [
                    313,
                    1753
                ],
                [
                    313,
                    1791
                ],
                [
                    133,
                    1791
                ]
            ],
            "text": "Measurement",
            "label": "B_Prop"
        },
        {
            "index": 91,
            "bbox": [
                [
                    305,
                    1759
                ],
                [
                    432,
                    1759
                ],
                [
                    432,
                    1796
                ],
                [
                    305,
                    1796
                ]
            ],
            "text": "accuracy",
            "label": "I_Prop"
        },
        {
            "index": 92,
            "bbox": [
                [
                    564,
                    1756
                ],
                [
                    604,
                    1756
                ],
                [
                    604,
                    1788
                ],
                [
                    564,
                    1788
                ]
            ],
            "text": "+/-",
            "label": "B_Value"
        },
        {
            "index": 93,
            "bbox": [
                [
                    596,
                    1756
                ],
                [
                    651,
                    1756
                ],
                [
                    651,
                    1788
                ],
                [
                    596,
                    1788
                ]
            ],
            "text": "0.32",
            "label": "I_Value"
        },
        {
            "index": 94,
            "bbox": [
                [
                    646,
                    1753
                ],
                [
                    683,
                    1753
                ],
                [
                    683,
                    1788
                ],
                [
                    646,
                    1788
                ]
            ],
            "text": "°C",
            "label": "I_Value"
        },
        {
            "index": 95,
            "bbox": [
                [
                    678,
                    1756
                ],
                [
                    728,
                    1756
                ],
                [
                    728,
                    1785
                ],
                [
                    678,
                    1785
                ]
            ],
            "text": "with",
            "label": "I_Value"
        },
        {
            "index": 96,
            "bbox": [
                [
                    720,
                    1756
                ],
                [
                    871,
                    1756
                ],
                [
                    871,
                    1791
                ],
                [
                    720,
                    1791
                ]
            ],
            "text": "thermocouple",
            "label": "I_Value"
        },
        {
            "index": 97,
            "bbox": [
                [
                    860,
                    1753
                ],
                [
                    892,
                    1753
                ],
                [
                    892,
                    1788
                ],
                [
                    860,
                    1788
                ]
            ],
            "text": "K",
            "label": "I_Value"
        },
        {
            "index": 98,
            "bbox": [
                [
                    564,
                    1783
                ],
                [
                    604,
                    1783
                ],
                [
                    604,
                    1814
                ],
                [
                    564,
                    1814
                ]
            ],
            "text": "+/-",
            "label": "B_Value"
        },
        {
            "index": 99,
            "bbox": [
                [
                    596,
                    1783
                ],
                [
                    636,
                    1783
                ],
                [
                    636,
                    1814
                ],
                [
                    596,
                    1814
                ]
            ],
            "text": "14",
            "label": "I_Value"
        },
        {
            "index": 100,
            "bbox": [
                [
                    628,
                    1783
                ],
                [
                    667,
                    1783
                ],
                [
                    667,
                    1814
                ],
                [
                    628,
                    1814
                ]
            ],
            "text": "°C",
            "label": "I_Value"
        },
        {
            "index": 101,
            "bbox": [
                [
                    662,
                    1783
                ],
                [
                    707,
                    1783
                ],
                [
                    707,
                    1812
                ],
                [
                    662,
                    1812
                ]
            ],
            "text": "with",
            "label": "I_Value"
        },
        {
            "index": 102,
            "bbox": [
                [
                    704,
                    1783
                ],
                [
                    760,
                    1783
                ],
                [
                    760,
                    1814
                ],
                [
                    704,
                    1814
                ]
            ],
            "text": "RTD",
            "label": "I_Value"
        },
        {
            "index": 103,
            "bbox": [
                [
                    757,
                    1783
                ],
                [
                    831,
                    1783
                ],
                [
                    831,
                    1812
                ],
                [
                    757,
                    1812
                ]
            ],
            "text": "PT100",
            "label": "I_Value"
        },
        {
            "index": 104,
            "bbox": [
                [
                    136,
                    1838
                ],
                [
                    223,
                    1838
                ],
                [
                    223,
                    1875
                ],
                [
                    136,
                    1875
                ]
            ],
            "text": "Safety",
            "label": "B_Prop"
        },
        {
            "index": 105,
            "bbox": [
                [
                    218,
                    1835
                ],
                [
                    286,
                    1835
                ],
                [
                    286,
                    1873
                ],
                [
                    218,
                    1873
                ]
            ],
            "text": "level",
            "label": "I_Prop"
        },
        {
            "index": 106,
            "bbox": [
                [
                    564,
                    1838
                ],
                [
                    630,
                    1838
                ],
                [
                    630,
                    1867
                ],
                [
                    564,
                    1867
                ]
            ],
            "text": "SIL2",
            "label": "B_Value"
        },
        {
            "index": 107,
            "bbox": [
                [
                    138,
                    1941
                ],
                [
                    347,
                    1941
                ],
                [
                    347,
                    1976
                ],
                [
                    138,
                    1976
                ]
            ],
            "text": "Environment",
            "label": "B_Section"
        },
        {
            "index": 108,
            "bbox": [
                [
                    136,
                    1992
                ],
                [
                    244,
                    1992
                ],
                [
                    244,
                    2026
                ],
                [
                    136,
                    2026
                ]
            ],
            "text": "Product",
            "label": "B_Prop"
        },
        {
            "index": 109,
            "bbox": [
                [
                    236,
                    1992
                ],
                [
                    411,
                    1992
                ],
                [
                    411,
                    2026
                ],
                [
                    236,
                    2026
                ]
            ],
            "text": "certifications",
            "label": "I_Prop"
        },
        {
            "index": 110,
            "bbox": [
                [
                    564,
                    1992
                ],
                [
                    606,
                    1992
                ],
                [
                    606,
                    2021
                ],
                [
                    564,
                    2021
                ]
            ],
            "text": "FM",
            "label": "B_Value"
        },
        {
            "index": 111,
            "bbox": [
                [
                    564,
                    2018
                ],
                [
                    622,
                    2018
                ],
                [
                    622,
                    2050
                ],
                [
                    564,
                    2050
                ]
            ],
            "text": "CSA",
            "label": "B_Value"
        },
        {
            "index": 112,
            "bbox": [
                [
                    564,
                    2047
                ],
                [
                    633,
                    2047
                ],
                [
                    633,
                    2076
                ],
                [
                    564,
                    2076
                ]
            ],
            "text": "ATEX",
            "label": "B_Value"
        },
        {
            "index": 113,
            "bbox": [
                [
                    567,
                    2074
                ],
                [
                    638,
                    2074
                ],
                [
                    638,
                    2103
                ],
                [
                    567,
                    2103
                ]
            ],
            "text": "IECEX",
            "label": "B_Value"
        },
        {
            "index": 114,
            "bbox": [
                [
                    133,
                    2126
                ],
                [
                    270,
                    2126
                ],
                [
                    270,
                    2161
                ],
                [
                    133,
                    2161
                ]
            ],
            "text": "Standards",
            "label": "B_Prop"
        },
        {
            "index": 115,
            "bbox": [
                [
                    567,
                    2129
                ],
                [
                    612,
                    2129
                ],
                [
                    612,
                    2156
                ],
                [
                    567,
                    2156
                ]
            ],
            "text": "DIN",
            "label": "B_Value"
        },
        {
            "index": 116,
            "bbox": [
                [
                    136,
                    2227
                ],
                [
                    228,
                    2227
                ],
                [
                    228,
                    2267
                ],
                [
                    136,
                    2267
                ]
            ],
            "text": "Offer",
            "label": "B_Section"
        },
        {
            "index": 117,
            "bbox": [
                [
                    225,
                    2227
                ],
                [
                    456,
                    2227
                ],
                [
                    456,
                    2272
                ],
                [
                    225,
                    2272
                ]
            ],
            "text": "Sustainability",
            "label": "I_Section"
        },
        {
            "index": 118,
            "bbox": [
                [
                    133,
                    2280
                ],
                [
                    289,
                    2280
                ],
                [
                    289,
                    2314
                ],
                [
                    133,
                    2314
                ]
            ],
            "text": "Sustainable",
            "label": "B_Prop"
        },
        {
            "index": 119,
            "bbox": [
                [
                    281,
                    2280
                ],
                [
                    355,
                    2280
                ],
                [
                    355,
                    2317
                ],
                [
                    281,
                    2317
                ]
            ],
            "text": "offer",
            "label": "I_Prop"
        },
        {
            "index": 120,
            "bbox": [
                [
                    345,
                    2280
                ],
                [
                    434,
                    2280
                ],
                [
                    434,
                    2317
                ],
                [
                    345,
                    2317
                ]
            ],
            "text": "status",
            "label": "I_Prop"
        },
        {
            "index": 121,
            "bbox": [
                [
                    567,
                    2283
                ],
                [
                    636,
                    2283
                ],
                [
                    636,
                    2312
                ],
                [
                    567,
                    2312
                ]
            ],
            "text": "Green",
            "label": "B_Value"
        },
        {
            "index": 122,
            "bbox": [
                [
                    630,
                    2280
                ],
                [
                    733,
                    2280
                ],
                [
                    733,
                    2314
                ],
                [
                    630,
                    2314
                ]
            ],
            "text": "Premium",
            "label": "I_Value"
        },
        {
            "index": 123,
            "bbox": [
                [
                    728,
                    2285
                ],
                [
                    813,
                    2285
                ],
                [
                    813,
                    2314
                ],
                [
                    728,
                    2314
                ]
            ],
            "text": "product",
            "label": "I_Value"
        },
        {
            "index": 124,
            "bbox": [
                [
                    133,
                    2338
                ],
                [
                    233,
                    2338
                ],
                [
                    233,
                    2375
                ],
                [
                    133,
                    2375
                ]
            ],
            "text": "REACH",
            "label": "B_Prop"
        },
        {
            "index": 125,
            "bbox": [
                [
                    231,
                    2341
                ],
                [
                    366,
                    2341
                ],
                [
                    366,
                    2378
                ],
                [
                    231,
                    2378
                ]
            ],
            "text": "Regulation",
            "label": "I_Prop"
        },
        {
            "index": 126,
            "bbox": [
                [
                    564,
                    2343
                ],
                [
                    649,
                    2343
                ],
                [
                    649,
                    2373
                ],
                [
                    564,
                    2373
                ]
            ],
            "text": "REACh",
            "label": "B_Value"
        },
        {
            "index": 127,
            "bbox": [
                [
                    643,
                    2341
                ],
                [
                    770,
                    2341
                ],
                [
                    770,
                    2375
                ],
                [
                    643,
                    2375
                ]
            ],
            "text": "Declaration",
            "label": "I_Value"
        },
        {
            "index": 128,
            "bbox": [
                [
                    136,
                    2399
                ],
                [
                    180,
                    2399
                ],
                [
                    180,
                    2431
                ],
                [
                    136,
                    2431
                ]
            ],
            "text": "EU",
            "label": "B_Prop"
        },
        {
            "index": 129,
            "bbox": [
                [
                    180,
                    2402
                ],
                [
                    255,
                    2402
                ],
                [
                    255,
                    2431
                ],
                [
                    180,
                    2431
                ]
            ],
            "text": "RoHS",
            "label": "I_Prop"
        },
        {
            "index": 130,
            "bbox": [
                [
                    252,
                    2399
                ],
                [
                    374,
                    2399
                ],
                [
                    374,
                    2433
                ],
                [
                    252,
                    2433
                ]
            ],
            "text": "Directive",
            "label": "I_Prop"
        },
        {
            "index": 131,
            "bbox": [
                [
                    564,
                    2399
                ],
                [
                    688,
                    2399
                ],
                [
                    688,
                    2436
                ],
                [
                    564,
                    2436
                ]
            ],
            "text": "Compliant",
            "label": "B_Value"
        },
        {
            "index": 132,
            "bbox": [
                [
                    564,
                    2431
                ],
                [
                    606,
                    2431
                ],
                [
                    606,
                    2462
                ],
                [
                    564,
                    2462
                ]
            ],
            "text": "EU",
            "label": "B_Value"
        },
        {
            "index": 133,
            "bbox": [
                [
                    601,
                    2431
                ],
                [
                    670,
                    2431
                ],
                [
                    670,
                    2460
                ],
                [
                    601,
                    2460
                ]
            ],
            "text": "RoHS",
            "label": "I_Value"
        },
        {
            "index": 134,
            "bbox": [
                [
                    665,
                    2428
                ],
                [
                    792,
                    2428
                ],
                [
                    792,
                    2462
                ],
                [
                    665,
                    2462
                ]
            ],
            "text": "Declaration",
            "label": "I_Value"
        },
        {
            "index": 135,
            "bbox": [
                [
                    136,
                    2486
                ],
                [
                    247,
                    2486
                ],
                [
                    247,
                    2523
                ],
                [
                    136,
                    2523
                ]
            ],
            "text": "Mercury",
            "label": "B_Prop"
        },
        {
            "index": 136,
            "bbox": [
                [
                    241,
                    2486
                ],
                [
                    300,
                    2486
                ],
                [
                    300,
                    2518
                ],
                [
                    241,
                    2518
                ]
            ],
            "text": "free",
            "label": "I_Prop"
        },
        {
            "index": 137,
            "bbox": [
                [
                    564,
                    2486
                ],
                [
                    614,
                    2486
                ],
                [
                    614,
                    2518
                ],
                [
                    564,
                    2518
                ]
            ],
            "text": "Yes",
            "label": "B_Value"
        },
        {
            "index": 138,
            "bbox": [
                [
                    136,
                    2642
                ],
                [
                    186,
                    2642
                ],
                [
                    186,
                    2671
                ],
                [
                    136,
                    2671
                ]
            ],
            "text": "Sep",
            "label": "Out"
        },
        {
            "index": 139,
            "bbox": [
                [
                    183,
                    2642
                ],
                [
                    225,
                    2642
                ],
                [
                    225,
                    2671
                ],
                [
                    183,
                    2671
                ]
            ],
            "text": "28,",
            "label": "Out"
        },
        {
            "index": 140,
            "bbox": [
                [
                    223,
                    2640
                ],
                [
                    286,
                    2640
                ],
                [
                    286,
                    2669
                ],
                [
                    223,
                    2669
                ]
            ],
            "text": "2022",
            "label": "Out"
        },
        {
            "index": 141,
            "bbox": [
                [
                    691,
                    2637
                ],
                [
                    768,
                    2637
                ],
                [
                    768,
                    2674
                ],
                [
                    691,
                    2674
                ]
            ],
            "text": "Lifelson",
            "label": "Out"
        },
        {
            "index": 142,
            "bbox": [
                [
                    770,
                    2642
                ],
                [
                    863,
                    2642
                ],
                [
                    863,
                    2682
                ],
                [
                    770,
                    2682
                ]
            ],
            "text": "Schneider",
            "label": "Out"
        }
    ]
}