{
    "datasheet": [
        {
            "index": 0,
            "bbox": [
                [
                    136,
                    95
                ],
                [
                    212,
                    95
                ],
                [
                    212,
                    124
                ],
                [
                    136,
                    124
                ]
            ],
            "text": "RoHS",
            "label": "B_Prop"
        },
        {
            "index": 1,
            "bbox": [
                [
                    210,
                    95
                ],
                [
                    345,
                    95
                ],
                [
                    345,
                    129
                ],
                [
                    210,
                    129
                ]
            ],
            "text": "exemption",
            "label": "I_Prop"
        },
        {
            "index": 2,
            "bbox": [
                [
                    342,
                    92
                ],
                [
                    493,
                    92
                ],
                [
                    493,
                    126
                ],
                [
                    342,
                    126
                ]
            ],
            "text": "information",
            "label": "I_Prop"
        },
        {
            "index": 3,
            "bbox": [
                [
                    564,
                    95
                ],
                [
                    614,
                    95
                ],
                [
                    614,
                    126
                ],
                [
                    564,
                    126
                ]
            ],
            "text": "Yes",
            "label": "B_Value"
        },
        {
            "index": 4,
            "bbox": [
                [
                    136,
                    153
                ],
                [
                    215,
                    153
                ],
                [
                    215,
                    182
                ],
                [
                    136,
                    182
                ]
            ],
            "text": "China",
            "label": "B_Prop"
        },
        {
            "index": 5,
            "bbox": [
                [
                    210,
                    150
                ],
                [
                    294,
                    150
                ],
                [
                    294,
                    187
                ],
                [
                    210,
                    187
                ]
            ],
            "text": "RoHS",
            "label": "I_Prop"
        },
        {
            "index": 6,
            "bbox": [
                [
                    289,
                    153
                ],
                [
                    427,
                    153
                ],
                [
                    427,
                    187
                ],
                [
                    289,
                    187
                ]
            ],
            "text": "Regulation",
            "label": "I_Prop"
        },
        {
            "index": 7,
            "bbox": [
                [
                    567,
                    156
                ],
                [
                    633,
                    156
                ],
                [
                    633,
                    185
                ],
                [
                    567,
                    185
                ]
            ],
            "text": "China",
            "label": "B_Value"
        },
        {
            "index": 8,
            "bbox": [
                [
                    630,
                    156
                ],
                [
                    699,
                    156
                ],
                [
                    699,
                    185
                ],
                [
                    630,
                    185
                ]
            ],
            "text": "RoHS",
            "label": "I_Value"
        },
        {
            "index": 9,
            "bbox": [
                [
                    694,
                    153
                ],
                [
                    815,
                    153
                ],
                [
                    815,
                    187
                ],
                [
                    694,
                    187
                ]
            ],
            "text": "declaration",
            "label": "I_Value"
        },
        {
            "index": 10,
            "bbox": [
                [
                    136,
                    208
                ],
                [
                    321,
                    208
                ],
                [
                    321,
                    243
                ],
                [
                    136,
                    243
                ]
            ],
            "text": "Environmental",
            "label": "B_Prop"
        },
        {
            "index": 11,
            "bbox": [
                [
                    315,
                    208
                ],
                [
                    456,
                    208
                ],
                [
                    456,
                    243
                ],
                [
                    315,
                    243
                ]
            ],
            "text": "Disclosure",
            "label": "I_Prop"
        },
        {
            "index": 12,
            "bbox": [
                [
                    567,
                    214
                ],
                [
                    651,
                    214
                ],
                [
                    651,
                    243
                ],
                [
                    567,
                    243
                ]
            ],
            "text": "Product",
            "label": "B_Value"
        },
        {
            "index": 13,
            "bbox": [
                [
                    646,
                    211
                ],
                [
                    802,
                    211
                ],
                [
                    802,
                    246
                ],
                [
                    646,
                    246
                ]
            ],
            "text": "Environmental",
            "label": "I_Value"
        },
        {
            "index": 14,
            "bbox": [
                [
                    794,
                    214
                ],
                [
                    868,
                    214
                ],
                [
                    868,
                    243
                ],
                [
                    794,
                    243
                ]
            ],
            "text": "Profile",
            "label": "I_Value"
        },
        {
            "index": 15,
            "bbox": [
                [
                    136,
                    269
                ],
                [
                    270,
                    269
                ],
                [
                    270,
                    304
                ],
                [
                    136,
                    304
                ]
            ],
            "text": "Circularity",
            "label": "B_Prop"
        },
        {
            "index": 16,
            "bbox": [
                [
                    268,
                    267
                ],
                [
                    360,
                    267
                ],
                [
                    360,
                    304
                ],
                [
                    268,
                    304
                ]
            ],
            "text": "Profile",
            "label": "I_Prop"
        },
        {
            "index": 17,
            "bbox": [
                [
                    567,
                    272
                ],
                [
                    614,
                    272
                ],
                [
                    614,
                    301
                ],
                [
                    567,
                    301
                ]
            ],
            "text": "End",
            "label": "B_Value"
        },
        {
            "index": 18,
            "bbox": [
                [
                    609,
                    269
                ],
                [
                    646,
                    269
                ],
                [
                    646,
                    301
                ],
                [
                    609,
                    301
                ]
            ],
            "text": "ofL",
            "label": "I_Value"
        },
        {
            "index": 19,
            "bbox": [
                [
                    636,
                    272
                ],
                [
                    680,
                    272
                ],
                [
                    680,
                    301
                ],
                [
                    636,
                    301
                ]
            ],
            "text": "Life",
            "label": "I_Value"
        },
        {
            "index": 20,
            "bbox": [
                [
                    675,
                    269
                ],
                [
                    800,
                    269
                ],
                [
                    800,
                    304
                ],
                [
                    675,
                    304
                ]
            ],
            "text": "Information",
            "label": "I_Value"
        },
        {
            "index": 21,
            "bbox": [
                [
                    136,
                    328
                ],
                [
                    218,
                    328
                ],
                [
                    218,
                    357
                ],
                [
                    136,
                    357
                ]
            ],
            "text": "WEEE",
            "label": "B_Prop"
        },
        {
            "index": 22,
            "bbox": [
                [
                    564,
                    328
                ],
                [
                    614,
                    328
                ],
                [
                    614,
                    357
                ],
                [
                    564,
                    357
                ]
            ],
            "text": "The",
            "label": "B_Value"
        },
        {
            "index": 23,
            "bbox": [
                [
                    612,
                    330
                ],
                [
                    694,
                    330
                ],
                [
                    694,
                    359
                ],
                [
                    612,
                    359
                ]
            ],
            "text": "product",
            "label": "I_Value"
        },
        {
            "index": 24,
            "bbox": [
                [
                    688,
                    330
                ],
                [
                    749,
                    330
                ],
                [
                    749,
                    357
                ],
                [
                    688,
                    357
                ]
            ],
            "text": "must",
            "label": "I_Value"
        },
        {
            "index": 25,
            "bbox": [
                [
                    741,
                    328
                ],
                [
                    781,
                    328
                ],
                [
                    781,
                    359
                ],
                [
                    741,
                    359
                ]
            ],
            "text": "be",
            "label": "I_Value"
        },
        {
            "index": 26,
            "bbox": [
                [
                    773,
                    328
                ],
                [
                    876,
                    328
                ],
                [
                    876,
                    362
                ],
                [
                    773,
                    362
                ]
            ],
            "text": "disposed",
            "label": "I_Value"
        },
        {
            "index": 27,
            "bbox": [
                [
                    868,
                    330
                ],
                [
                    905,
                    330
                ],
                [
                    905,
                    359
                ],
                [
                    868,
                    359
                ]
            ],
            "text": "on",
            "label": "I_Value"
        },
        {
            "index": 28,
            "bbox": [
                [
                    900,
                    328
                ],
                [
                    1009,
                    328
                ],
                [
                    1009,
                    362
                ],
                [
                    900,
                    362
                ]
            ],
            "text": "European",
            "label": "I_Value"
        },
        {
            "index": 29,
            "bbox": [
                [
                    1003,
                    328
                ],
                [
                    1069,
                    328
                ],
                [
                    1069,
                    357
                ],
                [
                    1003,
                    357
                ]
            ],
            "text": "Union",
            "label": "I_Value"
        },
        {
            "index": 30,
            "bbox": [
                [
                    1067,
                    330
                ],
                [
                    1157,
                    330
                ],
                [
                    1157,
                    357
                ],
                [
                    1067,
                    357
                ]
            ],
            "text": "markets",
            "label": "I_Value"
        },
        {
            "index": 31,
            "bbox": [
                [
                    1149,
                    328
                ],
                [
                    1249,
                    328
                ],
                [
                    1249,
                    362
                ],
                [
                    1149,
                    362
                ]
            ],
            "text": "following",
            "label": "I_Value"
        },
        {
            "index": 32,
            "bbox": [
                [
                    1244,
                    330
                ],
                [
                    1329,
                    330
                ],
                [
                    1329,
                    359
                ],
                [
                    1244,
                    359
                ]
            ],
            "text": "specific",
            "label": "I_Value"
        },
        {
            "index": 33,
            "bbox": [
                [
                    1323,
                    330
                ],
                [
                    1392,
                    330
                ],
                [
                    1392,
                    357
                ],
                [
                    1323,
                    357
                ]
            ],
            "text": "waste",
            "label": "I_Value"
        },
        {
            "index": 34,
            "bbox": [
                [
                    1387,
                    325
                ],
                [
                    1493,
                    325
                ],
                [
                    1493,
                    359
                ],
                [
                    1387,
                    359
                ]
            ],
            "text": "collection",
            "label": "I_Value"
        },
        {
            "index": 35,
            "bbox": [
                [
                    1487,
                    328
                ],
                [
                    1535,
                    328
                ],
                [
                    1535,
                    357
                ],
                [
                    1487,
                    357
                ]
            ],
            "text": "and",
            "label": "I_Value"
        },
        {
            "index": 36,
            "bbox": [
                [
                    564,
                    357
                ],
                [
                    630,
                    357
                ],
                [
                    630,
                    386
                ],
                [
                    564,
                    386
                ]
            ],
            "text": "never",
            "label": "I_Value"
        },
        {
            "index": 37,
            "bbox": [
                [
                    625,
                    354
                ],
                [
                    675,
                    354
                ],
                [
                    675,
                    386
                ],
                [
                    625,
                    386
                ]
            ],
            "text": "end",
            "label": "I_Value"
        },
        {
            "index": 38,
            "bbox": [
                [
                    667,
                    357
                ],
                [
                    707,
                    357
                ],
                [
                    707,
                    386
                ],
                [
                    667,
                    386
                ]
            ],
            "text": "upi",
            "label": "I_Value"
        },
        {
            "index": 39,
            "bbox": [
                [
                    699,
                    354
                ],
                [
                    731,
                    354
                ],
                [
                    731,
                    386
                ],
                [
                    699,
                    386
                ]
            ],
            "text": "in",
            "label": "I_Value"
        },
        {
            "index": 40,
            "bbox": [
                [
                    725,
                    354
                ],
                [
                    807,
                    354
                ],
                [
                    807,
                    383
                ],
                [
                    725,
                    383
                ]
            ],
            "text": "rubbish",
            "label": "I_Value"
        },
        {
            "index": 41,
            "bbox": [
                [
                    802,
                    354
                ],
                [
                    852,
                    354
                ],
                [
                    852,
                    386
                ],
                [
                    802,
                    386
                ]
            ],
            "text": "bins",
            "label": "I_Value"
        },
        {
            "index": 42,
            "bbox": [
                [
                    133,
                    407
                ],
                [
                    265,
                    407
                ],
                [
                    265,
                    444
                ],
                [
                    133,
                    444
                ]
            ],
            "text": "California",
            "label": "B_Prop"
        },
        {
            "index": 43,
            "bbox": [
                [
                    260,
                    410
                ],
                [
                    408,
                    410
                ],
                [
                    408,
                    447
                ],
                [
                    260,
                    447
                ]
            ],
            "text": "proposition",
            "label": "I_Prop"
        },
        {
            "index": 44,
            "bbox": [
                [
                    403,
                    410
                ],
                [
                    445,
                    410
                ],
                [
                    445,
                    441
                ],
                [
                    403,
                    441
                ]
            ],
            "text": "65",
            "label": "I_Prop"
        },
        {
            "index": 45,
            "bbox": [
                [
                    564,
                    407
                ],
                [
                    688,
                    407
                ],
                [
                    688,
                    441
                ],
                [
                    564,
                    441
                ]
            ],
            "text": "WARNING:",
            "label": "B_Value"
        },
        {
            "index": 46,
            "bbox": [
                [
                    683,
                    410
                ],
                [
                    736,
                    410
                ],
                [
                    736,
                    439
                ],
                [
                    683,
                    439
                ]
            ],
            "text": "This",
            "label": "I_Value"
        },
        {
            "index": 47,
            "bbox": [
                [
                    733,
                    412
                ],
                [
                    818,
                    412
                ],
                [
                    818,
                    441
                ],
                [
                    733,
                    441
                ]
            ],
            "text": "product",
            "label": "I_Value"
        },
        {
            "index": 48,
            "bbox": [
                [
                    810,
                    412
                ],
                [
                    860,
                    412
                ],
                [
                    860,
                    441
                ],
                [
                    810,
                    441
                ]
            ],
            "text": "can",
            "label": "I_Value"
        },
        {
            "index": 49,
            "bbox": [
                [
                    850,
                    410
                ],
                [
                    940,
                    410
                ],
                [
                    940,
                    447
                ],
                [
                    850,
                    447
                ]
            ],
            "text": "expose",
            "label": "I_Value"
        },
        {
            "index": 50,
            "bbox": [
                [
                    932,
                    415
                ],
                [
                    979,
                    415
                ],
                [
                    979,
                    441
                ],
                [
                    932,
                    441
                ]
            ],
            "text": "you",
            "label": "I_Value"
        },
        {
            "index": 51,
            "bbox": [
                [
                    972,
                    410
                ],
                [
                    1006,
                    410
                ],
                [
                    1006,
                    439
                ],
                [
                    972,
                    439
                ]
            ],
            "text": "to",
            "label": "I_Value"
        },
        {
            "index": 52,
            "bbox": [
                [
                    998,
                    407
                ],
                [
                    1109,
                    407
                ],
                [
                    1109,
                    441
                ],
                [
                    998,
                    441
                ]
            ],
            "text": "chemicals",
            "label": "I_Value"
        },
        {
            "index": 53,
            "bbox": [
                [
                    1101,
                    410
                ],
                [
                    1210,
                    410
                ],
                [
                    1210,
                    444
                ],
                [
                    1101,
                    444
                ]
            ],
            "text": "including:",
            "label": "I_Value"
        },
        {
            "index": 54,
            "bbox": [
                [
                    1204,
                    412
                ],
                [
                    1263,
                    412
                ],
                [
                    1263,
                    441
                ],
                [
                    1204,
                    441
                ]
            ],
            "text": "Lead",
            "label": "I_Value"
        },
        {
            "index": 55,
            "bbox": [
                [
                    1257,
                    410
                ],
                [
                    1307,
                    410
                ],
                [
                    1307,
                    439
                ],
                [
                    1257,
                    439
                ]
            ],
            "text": "and",
            "label": "I_Value"
        },
        {
            "index": 56,
            "bbox": [
                [
                    1302,
                    410
                ],
                [
                    1352,
                    410
                ],
                [
                    1352,
                    439
                ],
                [
                    1302,
                    439
                ]
            ],
            "text": "lead",
            "label": "I_Value"
        },
        {
            "index": 57,
            "bbox": [
                [
                    1347,
                    410
                ],
                [
                    1482,
                    410
                ],
                [
                    1482,
                    444
                ],
                [
                    1347,
                    444
                ]
            ],
            "text": "compounds,",
            "label": "I_Value"
        },
        {
            "index": 58,
            "bbox": [
                [
                    1479,
                    410
                ],
                [
                    1543,
                    410
                ],
                [
                    1543,
                    439
                ],
                [
                    1479,
                    439
                ]
            ],
            "text": "which",
            "label": "I_Value"
        },
        {
            "index": 59,
            "bbox": [
                [
                    1538,
                    407
                ],
                [
                    1569,
                    407
                ],
                [
                    1569,
                    439
                ],
                [
                    1538,
                    439
                ]
            ],
            "text": "is",
            "label": "I_Value"
        },
        {
            "index": 60,
            "bbox": [
                [
                    567,
                    436
                ],
                [
                    638,
                    436
                ],
                [
                    638,
                    465
                ],
                [
                    567,
                    465
                ]
            ],
            "text": "known",
            "label": "I_Value"
        },
        {
            "index": 61,
            "bbox": [
                [
                    633,
                    433
                ],
                [
                    667,
                    433
                ],
                [
                    667,
                    468
                ],
                [
                    633,
                    468
                ]
            ],
            "text": "tot",
            "label": "I_Value"
        },
        {
            "index": 62,
            "bbox": [
                [
                    659,
                    436
                ],
                [
                    702,
                    436
                ],
                [
                    702,
                    465
                ],
                [
                    659,
                    465
                ]
            ],
            "text": "the",
            "label": "I_Value"
        },
        {
            "index": 63,
            "bbox": [
                [
                    694,
                    433
                ],
                [
                    763,
                    433
                ],
                [
                    763,
                    470
                ],
                [
                    694,
                    470
                ]
            ],
            "text": "State",
            "label": "I_Value"
        },
        {
            "index": 64,
            "bbox": [
                [
                    752,
                    436
                ],
                [
                    786,
                    436
                ],
                [
                    786,
                    468
                ],
                [
                    752,
                    468
                ]
            ],
            "text": "of",
            "label": "I_Value"
        },
        {
            "index": 65,
            "bbox": [
                [
                    778,
                    433
                ],
                [
                    884,
                    433
                ],
                [
                    884,
                    468
                ],
                [
                    778,
                    468
                ]
            ],
            "text": "California",
            "label": "I_Value"
        },
        {
            "index": 66,
            "bbox": [
                [
                    876,
                    436
                ],
                [
                    911,
                    436
                ],
                [
                    911,
                    468
                ],
                [
                    876,
                    468
                ]
            ],
            "text": "to",
            "label": "I_Value"
        },
        {
            "index": 67,
            "bbox": [
                [
                    905,
                    439
                ],
                [
                    974,
                    439
                ],
                [
                    974,
                    468
                ],
                [
                    905,
                    468
                ]
            ],
            "text": "cause",
            "label": "I_Value"
        },
        {
            "index": 68,
            "bbox": [
                [
                    969,
                    439
                ],
                [
                    1048,
                    439
                ],
                [
                    1048,
                    468
                ],
                [
                    969,
                    468
                ]
            ],
            "text": "cancer",
            "label": "I_Value"
        },
        {
            "index": 69,
            "bbox": [
                [
                    1040,
                    439
                ],
                [
                    1091,
                    439
                ],
                [
                    1091,
                    465
                ],
                [
                    1040,
                    465
                ]
            ],
            "text": "and",
            "label": "I_Value"
        },
        {
            "index": 70,
            "bbox": [
                [
                    1085,
                    436
                ],
                [
                    1138,
                    436
                ],
                [
                    1138,
                    465
                ],
                [
                    1085,
                    465
                ]
            ],
            "text": "birth",
            "label": "I_Value"
        },
        {
            "index": 71,
            "bbox": [
                [
                    1133,
                    436
                ],
                [
                    1218,
                    436
                ],
                [
                    1218,
                    465
                ],
                [
                    1133,
                    465
                ]
            ],
            "text": "defects",
            "label": "I_Value"
        },
        {
            "index": 72,
            "bbox": [
                [
                    1210,
                    439
                ],
                [
                    1247,
                    439
                ],
                [
                    1247,
                    468
                ],
                [
                    1210,
                    468
                ]
            ],
            "text": "or",
            "label": "I_Value"
        },
        {
            "index": 73,
            "bbox": [
                [
                    1236,
                    433
                ],
                [
                    1302,
                    433
                ],
                [
                    1302,
                    470
                ],
                [
                    1236,
                    470
                ]
            ],
            "text": "other",
            "label": "I_Value"
        },
        {
            "index": 74,
            "bbox": [
                [
                    1294,
                    436
                ],
                [
                    1429,
                    436
                ],
                [
                    1429,
                    470
                ],
                [
                    1294,
                    470
                ]
            ],
            "text": "reproductive",
            "label": "I_Value"
        },
        {
            "index": 75,
            "bbox": [
                [
                    1424,
                    439
                ],
                [
                    1487,
                    439
                ],
                [
                    1487,
                    465
                ],
                [
                    1424,
                    465
                ]
            ],
            "text": "harm.",
            "label": "I_Value"
        },
        {
            "index": 76,
            "bbox": [
                [
                    1485,
                    436
                ],
                [
                    1532,
                    436
                ],
                [
                    1532,
                    465
                ],
                [
                    1485,
                    465
                ]
            ],
            "text": "For",
            "label": "I_Value"
        },
        {
            "index": 77,
            "bbox": [
                [
                    1524,
                    439
                ],
                [
                    1585,
                    439
                ],
                [
                    1585,
                    468
                ],
                [
                    1524,
                    468
                ]
            ],
            "text": "more",
            "label": "I_Value"
        },
        {
            "index": 78,
            "bbox": [
                [
                    567,
                    465
                ],
                [
                    683,
                    465
                ],
                [
                    683,
                    492
                ],
                [
                    567,
                    492
                ]
            ],
            "text": "information",
            "label": "I_Value"
        },
        {
            "index": 79,
            "bbox": [
                [
                    680,
                    465
                ],
                [
                    718,
                    465
                ],
                [
                    718,
                    497
                ],
                [
                    680,
                    497
                ]
            ],
            "text": "go",
            "label": "I_Value"
        },
        {
            "index": 80,
            "bbox": [
                [
                    710,
                    462
                ],
                [
                    744,
                    462
                ],
                [
                    744,
                    497
                ],
                [
                    710,
                    497
                ]
            ],
            "text": "to",
            "label": "I_Value"
        },
        {
            "index": 81,
            "bbox": [
                [
                    733,
                    462
                ],
                [
                    1009,
                    462
                ],
                [
                    1009,
                    500
                ],
                [
                    733,
                    500
                ]
            ],
            "text": "www.P65Wamings.ca.gov",
            "label": "I_Value"
        },
        {
            "index": 82,
            "bbox": [
                [
                    167,
                    2653
                ],
                [
                    183,
                    2653
                ],
                [
                    183,
                    2669
                ],
                [
                    167,
                    2669
                ]
            ],
            "text": "L",
            "label": "Out"
        },
        {
            "index": 83,
            "bbox": [
                [
                    694,
                    2640
                ],
                [
                    765,
                    2640
                ],
                [
                    765,
                    2669
                ],
                [
                    694,
                    2669
                ]
            ],
            "text": "Lifelson",
            "label": "Out"
        },
        {
            "index": 84,
            "bbox": [
                [
                    770,
                    2637
                ],
                [
                    863,
                    2637
                ],
                [
                    863,
                    2679
                ],
                [
                    770,
                    2679
                ]
            ],
            "text": "Schneider",
            "label": "Out"
        },
        {
            "index": 85,
            "bbox": [
                [
                    1342,
                    2653
                ],
                [
                    1395,
                    2653
                ],
                [
                    1395,
                    2685
                ],
                [
                    1342,
                    2685
                ]
            ],
            "text": "Sep",
            "label": "Out"
        },
        {
            "index": 86,
            "bbox": [
                [
                    1392,
                    2653
                ],
                [
                    1432,
                    2653
                ],
                [
                    1432,
                    2685
                ],
                [
                    1392,
                    2685
                ]
            ],
            "text": "28,",
            "label": "Out"
        },
        {
            "index": 87,
            "bbox": [
                [
                    1432,
                    2653
                ],
                [
                    1493,
                    2653
                ],
                [
                    1493,
                    2682
                ],
                [
                    1432,
                    2682
                ]
            ],
            "text": "2022",
            "label": "Out"
        }
    ]
}