{
    "parts": [
        {
            "reference": "NO_REF",
            "brand": "",
            "description": [
                {
                    "section": "Design",
                    "text": "The 3/2-way roller lever valve with push-in elbow fittings is screwed onto a polymer base; the unit is mounted on the profile plate via a rotary detent system with blue triple grip nut (mounting alternative \"B\")."
                },
                {
                    "section": "Function",
                    "text": "The valve is actuated by pressing the roller lever e.g. by means of cylinder trip cam. The valve is returned to the normal position via return spring after release of the roller lever."
                },
                {
                    "section": "Modification",
                    "text": "This valve can be changed from \"normally closed\" (RS valve type) to \"normally open\" (ROS valve type)."
                },
                {
                    "section": "Normally closed (RS valve type)",
                    "text": "Actuator attachment at the left (number 1 on the actuator attachment above number 1 on housing)"
                },
                {
                    "section": "Normally open (ROS valve type)",
                    "text": "Actuator attachment at the right (number 2 on the actuator attachment above number 2 on housing)"
                }
            ],
            "key_value_pairs": [
                {
                    "section": "Technical data",
                    "property": "Medium",
                    "value": "Compressed air, filtered (lubricated or unlubricated)",
                    "unit": ""
                },
                {
                    "section": "Technical data",
                    "property": "Design",
                    "value": "Poppet valve, directly actuated on one side, with return spring",
                    "unit": ""
                },
                {
                    "section": "Technical data",
                    "property": "Pressure range",
                    "value": "350 \u2013 800",
                    "unit": "kPa (3.5 \u2013 8 bar)"
                },
                {
                    "section": "Technical data",
                    "property": "Standard nominal flow rate 1...2",
                    "value": "120",
                    "unit": "l/min"
                },
                {
                    "section": "Technical data",
                    "property": "Actuating force at 600 kPa (6 bar)",
                    "value": "1.8",
                    "unit": "N"
                },
                {
                    "section": "Technical data",
                    "property": "Connection",
                    "value": "QSML-1/8-4 fittings for plastic tubing PUN 4 x 0.75",
                    "unit": ""
                }
            ]
        }
    ]
}