{
    "parts": [
        {
            "reference": "ZB00001030",
            "brand": "blue line",
            "description": [
                {
                    "section": "Application",
                    "text": "For wells and boreholes For pumping clean water Irrigation, waterworks for residential and industrial"
                },
                {
                    "section": "Characteristic design features",
                    "text": "Pump and motor body, pump shaft - stainless steel AISI 304 Increased average engine lifespan The built-in non-return valve can be easily removed and checked"
                }
            ],
            "key_value_pairs": [
                {
                    "section": "Characteristic design features",
                    "property": "Model",
                    "value": "90QJD",
                    "unit": ""
                },
                {
                    "section": "Characteristic design features",
                    "property": "Code",
                    "value": "109-0,37",
                    "unit": ""
                },
                {
                    "section": "Characteristic design features",
                    "property": "Maximum flow",
                    "value": "2,8",
                    "unit": "m\u00b3/hod"
                },
                {
                    "section": "Characteristic design features",
                    "property": "Maximum discharge head",
                    "value": "50",
                    "unit": "m"
                },
                {
                    "section": "Characteristic design features",
                    "property": "Pump diameter",
                    "value": "3,5",
                    "unit": "inch"
                },
                {
                    "section": "Characteristic design features",
                    "property": "Voltage / frequency",
                    "value": "230 / 50",
                    "unit": "V/Hz"
                },
                {
                    "section": "Characteristic design features",
                    "property": "Power",
                    "value": "370",
                    "unit": "W"
                },
                {
                    "section": "Characteristic design features",
                    "property": "Connection",
                    "value": "5 / 4",
                    "unit": "inch"
                },
                {
                    "section": "Characteristic design features",
                    "property": "Maximum immersion depth",
                    "value": "40",
                    "unit": "m"
                },
                {
                    "section": "Characteristic design features",
                    "property": "Maximum fluid temperature",
                    "value": "35",
                    "unit": "\u00b0C"
                },
                {
                    "section": "Characteristic design features",
                    "property": "Cable length",
                    "value": "1",
                    "unit": "m"
                },
                {
                    "section": "Characteristic design features",
                    "property": "Degree of protection",
                    "value": "IP 68",
                    "unit": ""
                },
                {
                    "section": "Characteristic design features",
                    "property": "Insulation class",
                    "value": "B",
                    "unit": ""
                },
                {
                    "section": "Characteristic design features",
                    "property": "Weight",
                    "value": "10",
                    "unit": "kg"
                },
                {
                    "section": "Characteristic design features",
                    "property": "Dimension - length",
                    "value": "870",
                    "unit": "mm"
                }
            ]
        },
        {
            "reference": "ZB00001031",
            "brand": "blue line",
            "description": [
                {
                    "section": "Application",
                    "text": "For wells and boreholes For pumping clean water Irrigation, waterworks for residential and industrial"
                },
                {
                    "section": "Characteristic design features",
                    "text": "Pump and motor body, pump shaft - stainless steel AISI 304 Increased average engine lifespan The built-in non-return valve can be easily removed and checked"
                }
            ],
            "key_value_pairs": [
                {
                    "section": "Characteristic design features",
                    "property": "Model",
                    "value": "90QJD",
                    "unit": ""
                },
                {
                    "section": "Characteristic design features",
                    "property": "Code",
                    "value": "112-0,55",
                    "unit": ""
                },
                {
                    "section": "Characteristic design features",
                    "property": "Maximum flow",
                    "value": "2,8",
                    "unit": "m\u00b3/hod"
                },
                {
                    "section": "Characteristic design features",
                    "property": "Maximum discharge head",
                    "value": "67",
                    "unit": "m"
                },
                {
                    "section": "Characteristic design features",
                    "property": "Pump diameter",
                    "value": "3,5",
                    "unit": "inch"
                },
                {
                    "section": "Characteristic design features",
                    "property": "Voltage / frequency",
                    "value": "230 / 50",
                    "unit": "V/Hz"
                },
                {
                    "section": "Characteristic design features",
                    "property": "Power",
                    "value": "550",
                    "unit": "W"
                },
                {
                    "section": "Characteristic design features",
                    "property": "Connection",
                    "value": "5 / 4",
                    "unit": "inch"
                },
                {
                    "section": "Characteristic design features",
                    "property": "Maximum immersion depth",
                    "value": "40",
                    "unit": "m"
                },
                {
                    "section": "Characteristic design features",
                    "property": "Maximum fluid temperature",
                    "value": "35",
                    "unit": "\u00b0C"
                },
                {
                    "section": "Characteristic design features",
                    "property": "Cable length",
                    "value": "1",
                    "unit": "m"
                },
                {
                    "section": "Characteristic design features",
                    "property": "Degree of protection",
                    "value": "IP 68",
                    "unit": ""
                },
                {
                    "section": "Characteristic design features",
                    "property": "Insulation class",
                    "value": "B",
                    "unit": ""
                },
                {
                    "section": "Characteristic design features",
                    "property": "Weight",
                    "value": "11",
                    "unit": "kg"
                },
                {
                    "section": "Characteristic design features",
                    "property": "Dimension - length",
                    "value": "890",
                    "unit": "mm"
                }
            ]
        },
        {
            "reference": "ZB00001032",
            "brand": "blue line",
            "description": [
                {
                    "section": "Application",
                    "text": "For wells and boreholes For pumping clean water Irrigation, waterworks for residential and industrial"
                },
                {
                    "section": "Characteristic design features",
                    "text": "Pump and motor body, pump shaft - stainless steel AISI 304 Increased average engine lifespan The built-in non-return valve can be easily removed and checked"
                }
            ],
            "key_value_pairs": [
                {
                    "section": "Characteristic design features",
                    "property": "Model",
                    "value": "90QJD",
                    "unit": ""
                },
                {
                    "section": "Characteristic design features",
                    "property": "Code",
                    "value": "114-0,55",
                    "unit": ""
                },
                {
                    "section": "Characteristic design features",
                    "property": "Maximum flow",
                    "value": "2,8",
                    "unit": "m\u00b3/hod"
                },
                {
                    "section": "Characteristic design features",
                    "property": "Maximum discharge head",
                    "value": "78",
                    "unit": "m"
                },
                {
                    "section": "Characteristic design features",
                    "property": "Pump diameter",
                    "value": "3,5",
                    "unit": "inch"
                },
                {
                    "section": "Characteristic design features",
                    "property": "Voltage / frequency",
                    "value": "230 / 50",
                    "unit": "V/Hz"
                },
                {
                    "section": "Characteristic design features",
                    "property": "Power",
                    "value": "550",
                    "unit": "W"
                },
                {
                    "section": "Characteristic design features",
                    "property": "Connection",
                    "value": "5 / 4",
                    "unit": "inch"
                },
                {
                    "section": "Characteristic design features",
                    "property": "Maximum immersion depth",
                    "value": "40",
                    "unit": "m"
                },
                {
                    "section": "Characteristic design features",
                    "property": "Maximum fluid temperature",
                    "value": "35",
                    "unit": "\u00b0C"
                },
                {
                    "section": "Characteristic design features",
                    "property": "Cable length",
                    "value": "1 / 25",
                    "unit": "m"
                },
                {
                    "section": "Characteristic design features",
                    "property": "Degree of protection",
                    "value": "IP 68",
                    "unit": ""
                },
                {
                    "section": "Characteristic design features",
                    "property": "Insulation class",
                    "value": "B",
                    "unit": ""
                },
                {
                    "section": "Characteristic design features",
                    "property": "Weight",
                    "value": "12",
                    "unit": "kg"
                },
                {
                    "section": "Characteristic design features",
                    "property": "Dimension - length",
                    "value": "910",
                    "unit": "mm"
                }
            ]
        },
        {
            "reference": "ZB00001142",
            "brand": "blue line",
            "description": [
                {
                    "section": "Application",
                    "text": "For wells and boreholes For pumping clean water Irrigation, waterworks for residential and industrial"
                },
                {
                    "section": "Characteristic design features",
                    "text": "Pump and motor body, pump shaft - stainless steel AISI 304 Increased average engine lifespan The built-in non-return valve can be easily removed and checked"
                }
            ],
            "key_value_pairs": [
                {
                    "section": "Characteristic design features",
                    "property": "Model",
                    "value": "90QJD",
                    "unit": ""
                },
                {
                    "section": "Characteristic design features",
                    "property": "Code",
                    "value": "114-0,55",
                    "unit": ""
                },
                {
                    "section": "Characteristic design features",
                    "property": "Maximum flow",
                    "value": "2,8",
                    "unit": "m\u00b3/hod"
                },
                {
                    "section": "Characteristic design features",
                    "property": "Maximum discharge head",
                    "value": "78",
                    "unit": "m"
                },
                {
                    "section": "Characteristic design features",
                    "property": "Pump diameter",
                    "value": "3,5",
                    "unit": "inch"
                },
                {
                    "section": "Characteristic design features",
                    "property": "Voltage / frequency",
                    "value": "230 / 50",
                    "unit": "V/Hz"
                },
                {
                    "section": "Characteristic design features",
                    "property": "Power",
                    "value": "550",
                    "unit": "W"
                },
                {
                    "section": "Characteristic design features",
                    "property": "Connection",
                    "value": "5 / 4",
                    "unit": "inch"
                },
                {
                    "section": "Characteristic design features",
                    "property": "Maximum immersion depth",
                    "value": "40",
                    "unit": "m"
                },
                {
                    "section": "Characteristic design features",
                    "property": "Maximum fluid temperature",
                    "value": "35",
                    "unit": "\u00b0C"
                },
                {
                    "section": "Characteristic design features",
                    "property": "Cable length",
                    "value": "1 / 25",
                    "unit": "m"
                },
                {
                    "section": "Characteristic design features",
                    "property": "Degree of protection",
                    "value": "IP 68",
                    "unit": ""
                },
                {
                    "section": "Characteristic design features",
                    "property": "Insulation class",
                    "value": "B",
                    "unit": ""
                },
                {
                    "section": "Characteristic design features",
                    "property": "Weight",
                    "value": "12",
                    "unit": "kg"
                },
                {
                    "section": "Characteristic design features",
                    "property": "Dimension - length",
                    "value": "910",
                    "unit": "mm"
                }
            ]
        },
        {
            "reference": "ZB00001033",
            "brand": "blue line",
            "description": [
                {
                    "section": "Application",
                    "text": "For wells and boreholes For pumping clean water Irrigation, waterworks for residential and industrial"
                },
                {
                    "section": "Characteristic design features",
                    "text": "Pump and motor body, pump shaft - stainless steel AISI 304 Increased average engine lifespan The built-in non-return valve can be easily removed and checked"
                }
            ],
            "key_value_pairs": [
                {
                    "section": "Characteristic design features",
                    "property": "Model",
                    "value": "90QJD",
                    "unit": ""
                },
                {
                    "section": "Characteristic design features",
                    "property": "Code",
                    "value": "118-0,75",
                    "unit": ""
                },
                {
                    "section": "Characteristic design features",
                    "property": "Maximum flow",
                    "value": "2,8",
                    "unit": "m\u00b3/hod"
                },
                {
                    "section": "Characteristic design features",
                    "property": "Maximum discharge head",
                    "value": "101",
                    "unit": "m"
                },
                {
                    "section": "Characteristic design features",
                    "property": "Pump diameter",
                    "value": "3,5",
                    "unit": "inch"
                },
                {
                    "section": "Characteristic design features",
                    "property": "Voltage / frequency",
                    "value": "230 / 50",
                    "unit": "V/Hz"
                },
                {
                    "section": "Characteristic design features",
                    "property": "Power",
                    "value": "750",
                    "unit": "W"
                },
                {
                    "section": "Characteristic design features",
                    "property": "Connection",
                    "value": "5 / 4",
                    "unit": "inch"
                },
                {
                    "section": "Characteristic design features",
                    "property": "Maximum immersion depth",
                    "value": "40",
                    "unit": "m"
                },
                {
                    "section": "Characteristic design features",
                    "property": "Maximum fluid temperature",
                    "value": "35",
                    "unit": "\u00b0C"
                },
                {
                    "section": "Characteristic design features",
                    "property": "Cable length",
                    "value": "1 / 25",
                    "unit": "m"
                },
                {
                    "section": "Characteristic design features",
                    "property": "Degree of protection",
                    "value": "IP 68",
                    "unit": ""
                },
                {
                    "section": "Characteristic design features",
                    "property": "Insulation class",
                    "value": "B",
                    "unit": ""
                },
                {
                    "section": "Characteristic design features",
                    "property": "Weight",
                    "value": "13",
                    "unit": "kg"
                },
                {
                    "section": "Characteristic design features",
                    "property": "Dimension - length",
                    "value": "1005",
                    "unit": "mm"
                }
            ]
        },
        {
            "reference": "ZB00001143",
            "brand": "blue line",
            "description": [
                {
                    "section": "Application",
                    "text": "For wells and boreholes For pumping clean water Irrigation, waterworks for residential and industrial"
                },
                {
                    "section": "Characteristic design features",
                    "text": "Pump and motor body, pump shaft - stainless steel AISI 304 Increased average engine lifespan The built-in non-return valve can be easily removed and checked"
                }
            ],
            "key_value_pairs": [
                {
                    "section": "Characteristic design features",
                    "property": "Model",
                    "value": "90QJD",
                    "unit": ""
                },
                {
                    "section": "Characteristic design features",
                    "property": "Code",
                    "value": "118-0,75",
                    "unit": ""
                },
                {
                    "section": "Characteristic design features",
                    "property": "Maximum flow",
                    "value": "2,8",
                    "unit": "m\u00b3/hod"
                },
                {
                    "section": "Characteristic design features",
                    "property": "Maximum discharge head",
                    "value": "101",
                    "unit": "m"
                },
                {
                    "section": "Characteristic design features",
                    "property": "Pump diameter",
                    "value": "3,5",
                    "unit": "inch"
                },
                {
                    "section": "Characteristic design features",
                    "property": "Voltage / frequency",
                    "value": "230 / 50",
                    "unit": "V/Hz"
                },
                {
                    "section": "Characteristic design features",
                    "property": "Power",
                    "value": "750",
                    "unit": "W"
                },
                {
                    "section": "Characteristic design features",
                    "property": "Connection",
                    "value": "5 / 4",
                    "unit": "inch"
                },
                {
                    "section": "Characteristic design features",
                    "property": "Maximum immersion depth",
                    "value": "40",
                    "unit": "m"
                },
                {
                    "section": "Characteristic design features",
                    "property": "Maximum fluid temperature",
                    "value": "35",
                    "unit": "\u00b0C"
                },
                {
                    "section": "Characteristic design features",
                    "property": "Cable length",
                    "value": "1 / 25",
                    "unit": "m"
                },
                {
                    "section": "Characteristic design features",
                    "property": "Degree of protection",
                    "value": "IP 68",
                    "unit": ""
                },
                {
                    "section": "Characteristic design features",
                    "property": "Insulation class",
                    "value": "B",
                    "unit": ""
                },
                {
                    "section": "Characteristic design features",
                    "property": "Weight",
                    "value": "13",
                    "unit": "kg"
                },
                {
                    "section": "Characteristic design features",
                    "property": "Dimension - length",
                    "value": "1005",
                    "unit": "mm"
                }
            ]
        },
        {
            "reference": "ZB00001034",
            "brand": "blue line",
            "description": [
                {
                    "section": "Application",
                    "text": "For wells and boreholes For pumping clean water Irrigation, waterworks for residential and industrial"
                },
                {
                    "section": "Characteristic design features",
                    "text": "Pump and motor body, pump shaft - stainless steel AISI 304 Increased average engine lifespan The built-in non-return valve can be easily removed and checked"
                }
            ],
            "key_value_pairs": [
                {
                    "section": "Characteristic design features",
                    "property": "Model",
                    "value": "90QJD",
                    "unit": ""
                },
                {
                    "section": "Characteristic design features",
                    "property": "Code",
                    "value": "122-1,1",
                    "unit": ""
                },
                {
                    "section": "Characteristic design features",
                    "property": "Maximum flow",
                    "value": "2,8",
                    "unit": "m\u00b3/hod"
                },
                {
                    "section": "Characteristic design features",
                    "property": "Maximum discharge head",
                    "value": "123",
                    "unit": "m"
                },
                {
                    "section": "Characteristic design features",
                    "property": "Pump diameter",
                    "value": "3,5",
                    "unit": "inch"
                },
                {
                    "section": "Characteristic design features",
                    "property": "Voltage / frequency",
                    "value": "230 / 50",
                    "unit": "V/Hz"
                },
                {
                    "section": "Characteristic design features",
                    "property": "Power",
                    "value": "1100",
                    "unit": "W"
                },
                {
                    "section": "Characteristic design features",
                    "property": "Connection",
                    "value": "5 / 4",
                    "unit": "inch"
                },
                {
                    "section": "Characteristic design features",
                    "property": "Maximum immersion depth",
                    "value": "40",
                    "unit": "m"
                },
                {
                    "section": "Characteristic design features",
                    "property": "Maximum fluid temperature",
                    "value": "35",
                    "unit": "\u00b0C"
                },
                {
                    "section": "Characteristic design features",
                    "property": "Cable length",
                    "value": "1 / 30",
                    "unit": "m"
                },
                {
                    "section": "Characteristic design features",
                    "property": "Degree of protection",
                    "value": "IP 68",
                    "unit": ""
                },
                {
                    "section": "Characteristic design features",
                    "property": "Insulation class",
                    "value": "B",
                    "unit": ""
                },
                {
                    "section": "Characteristic design features",
                    "property": "Weight",
                    "value": "14",
                    "unit": "kg"
                },
                {
                    "section": "Characteristic design features",
                    "property": "Dimension - length",
                    "value": "1190",
                    "unit": "mm"
                }
            ]
        },
        {
            "reference": "ZB00001147",
            "brand": "blue line",
            "description": [
                {
                    "section": "Application",
                    "text": "For wells and boreholes For pumping clean water Irrigation, waterworks for residential and industrial"
                },
                {
                    "section": "Characteristic design features",
                    "text": "Pump and motor body, pump shaft - stainless steel AISI 304 Increased average engine lifespan The built-in non-return valve can be easily removed and checked"
                }
            ],
            "key_value_pairs": [
                {
                    "section": "Characteristic design features",
                    "property": "Model",
                    "value": "90QJD",
                    "unit": ""
                },
                {
                    "section": "Characteristic design features",
                    "property": "Code",
                    "value": "122-1,1",
                    "unit": ""
                },
                {
                    "section": "Characteristic design features",
                    "property": "Maximum flow",
                    "value": "2,8",
                    "unit": "m\u00b3/hod"
                },
                {
                    "section": "Characteristic design features",
                    "property": "Maximum discharge head",
                    "value": "123",
                    "unit": "m"
                },
                {
                    "section": "Characteristic design features",
                    "property": "Pump diameter",
                    "value": "3,5",
                    "unit": "inch"
                },
                {
                    "section": "Characteristic design features",
                    "property": "Voltage / frequency",
                    "value": "230 / 50",
                    "unit": "V/Hz"
                },
                {
                    "section": "Characteristic design features",
                    "property": "Power",
                    "value": "1100",
                    "unit": "W"
                },
                {
                    "section": "Characteristic design features",
                    "property": "Connection",
                    "value": "5 / 4",
                    "unit": "inch"
                },
                {
                    "section": "Characteristic design features",
                    "property": "Maximum immersion depth",
                    "value": "40",
                    "unit": "m"
                },
                {
                    "section": "Characteristic design features",
                    "property": "Maximum fluid temperature",
                    "value": "35",
                    "unit": "\u00b0C"
                },
                {
                    "section": "Characteristic design features",
                    "property": "Cable length",
                    "value": "1 / 30",
                    "unit": "m"
                },
                {
                    "section": "Characteristic design features",
                    "property": "Degree of protection",
                    "value": "IP 68",
                    "unit": ""
                },
                {
                    "section": "Characteristic design features",
                    "property": "Insulation class",
                    "value": "B",
                    "unit": ""
                },
                {
                    "section": "Characteristic design features",
                    "property": "Weight",
                    "value": "14",
                    "unit": "kg"
                },
                {
                    "section": "Characteristic design features",
                    "property": "Dimension - length",
                    "value": "1190",
                    "unit": "mm"
                }
            ]
        },
        {
            "reference": "ZB00001035",
            "brand": "blue line",
            "description": [
                {
                    "section": "Application",
                    "text": "For wells and boreholes For pumping clean water Irrigation, waterworks for residential and industrial"
                },
                {
                    "section": "Characteristic design features",
                    "text": "Pump and motor body, pump shaft - stainless steel AISI 304 Increased average engine lifespan The built-in non-return valve can be easily removed and checked"
                }
            ],
            "key_value_pairs": [
                {
                    "section": "Characteristic design features",
                    "property": "Model",
                    "value": "90QJD",
                    "unit": ""
                },
                {
                    "section": "Characteristic design features",
                    "property": "Code",
                    "value": "126-1,5",
                    "unit": ""
                },
                {
                    "section": "Characteristic design features",
                    "property": "Maximum flow",
                    "value": "2,8",
                    "unit": "m\u00b3/hod"
                },
                {
                    "section": "Characteristic design features",
                    "property": "Maximum discharge head",
                    "value": "143",
                    "unit": "m"
                },
                {
                    "section": "Characteristic design features",
                    "property": "Pump diameter",
                    "value": "3,5",
                    "unit": "inch"
                },
                {
                    "section": "Characteristic design features",
                    "property": "Voltage / frequency",
                    "value": "230 / 50",
                    "unit": "V/Hz"
                },
                {
                    "section": "Characteristic design features",
                    "property": "Power",
                    "value": "1500",
                    "unit": "W"
                },
                {
                    "section": "Characteristic design features",
                    "property": "Connection",
                    "value": "5 / 4",
                    "unit": "inch"
                },
                {
                    "section": "Characteristic design features",
                    "property": "Maximum immersion depth",
                    "value": "40",
                    "unit": "m"
                },
                {
                    "section": "Characteristic design features",
                    "property": "Maximum fluid temperature",
                    "value": "35",
                    "unit": "\u00b0C"
                },
                {
                    "section": "Characteristic design features",
                    "property": "Cable length",
                    "value": "1",
                    "unit": "m"
                },
                {
                    "section": "Characteristic design features",
                    "property": "Degree of protection",
                    "value": "IP 68",
                    "unit": ""
                },
                {
                    "section": "Characteristic design features",
                    "property": "Insulation class",
                    "value": "B",
                    "unit": ""
                },
                {
                    "section": "Characteristic design features",
                    "property": "Weight",
                    "value": "16",
                    "unit": "kg"
                },
                {
                    "section": "Characteristic design features",
                    "property": "Dimension - length",
                    "value": "1320",
                    "unit": "mm"
                }
            ]
        }
    ]
}