{
    "parts": [
        {
            "reference": "ZB00061165",
            "brand": "pumpa",
            "description": [
                {
                    "section": "Application",
                    "text": "For boreholes from 100 mm Rainwater irrigation Pumping clean water for households Power supply for pressure systems Water circulation in fountains Tank filling and emptying"
                },
                {
                    "section": "Characteristic design features",
                    "text": "Stainless steel shaft, casing and hydraulics Spindle in rubber stator Built-in check valve Oil-cooled motor with compensating diaphragm Graphite seal protected against sand by a ring Parts are non-toxic and non-polluting"
                }
            ],
            "key_value_pairs": [
                {
                    "section": "",
                    "property": "Maximum flow",
                    "value": "1.8",
                    "unit": "m\u00b3/hod"
                },
                {
                    "section": "",
                    "property": "Maximum head",
                    "value": "120",
                    "unit": "m"
                },
                {
                    "section": "",
                    "property": "Pump diameter",
                    "value": "3",
                    "unit": "inch"
                },
                {
                    "section": "",
                    "property": "Voltage/frequency",
                    "value": "230 / 50",
                    "unit": "V/Hz"
                },
                {
                    "section": "",
                    "property": "Power",
                    "value": "750",
                    "unit": "W"
                },
                {
                    "section": "",
                    "property": "Connection",
                    "value": "1",
                    "unit": "inch"
                },
                {
                    "section": "",
                    "property": "Maximum immersion depth",
                    "value": "40",
                    "unit": "m"
                },
                {
                    "section": "",
                    "property": "Maximum liquid temperature",
                    "value": "35",
                    "unit": "\u00b0C"
                },
                {
                    "section": "",
                    "property": "Cable length",
                    "value": "40",
                    "unit": "m"
                },
                {
                    "section": "",
                    "property": "Protection",
                    "value": "IP 68",
                    "unit": ""
                },
                {
                    "section": "",
                    "property": "Insulation class",
                    "value": "B",
                    "unit": ""
                },
                {
                    "section": "",
                    "property": "Weight",
                    "value": "14",
                    "unit": "kg"
                },
                {
                    "section": "",
                    "property": "Dimension - length",
                    "value": "687",
                    "unit": "mm"
                }
            ]
        }
    ]
}