{
    "parts": [
        {
            "reference": "ZB00001237",
            "brand": "blue line",
            "description": [
                {
                    "section": "self-priming pump",
                    "text": "Self-priming pump with a very high hydraulic output. Able to draw water from a depth of up to 8 meters. Suitable for water pumping and distribution in domestic installations with small and medium pressure vessels."
                },
                {
                    "section": "Application",
                    "text": "Home water supply Irrigation Also suitable for pressure vessels to be used as a pressure booster pump"
                }
            ],
            "key_value_pairs": [
                {
                    "section": "Model",
                    "property": "Model",
                    "value": "4PCSM1100P-G",
                    "unit": ""
                },
                {
                    "section": "Model",
                    "property": "Code",
                    "value": "2B00001237",
                    "unit": ""
                },
                {
                    "section": "Model",
                    "property": "Maximum flow",
                    "value": "5,4",
                    "unit": "m3/hod"
                },
                {
                    "section": "Model",
                    "property": "Maximum discharge head",
                    "value": "48",
                    "unit": "m"
                },
                {
                    "section": "Model",
                    "property": "Maximum suction height",
                    "value": "8",
                    "unit": "m"
                },
                {
                    "section": "Model",
                    "property": "Voltage / frequency",
                    "value": "230 / 50",
                    "unit": "V/Hz"
                },
                {
                    "section": "Model",
                    "property": "Power",
                    "value": "1100",
                    "unit": "W"
                },
                {
                    "section": "Model",
                    "property": "Suction x discharge neck",
                    "value": "1\u2032\u2032 \u00d7 1\u2032\u2032",
                    "unit": ""
                },
                {
                    "section": "Model",
                    "property": "Maximum fluid temperature",
                    "value": "35",
                    "unit": "\u00b0C"
                },
                {
                    "section": "Model",
                    "property": "Maximum ambient temperature",
                    "value": "35",
                    "unit": "\u00b0C"
                },
                {
                    "section": "Model",
                    "property": "Cable length",
                    "value": "1",
                    "unit": "m"
                },
                {
                    "section": "Model",
                    "property": "Degree of protection",
                    "value": "IP X4",
                    "unit": ""
                },
                {
                    "section": "Model",
                    "property": "Insulation class",
                    "value": "130",
                    "unit": ""
                },
                {
                    "section": "Model",
                    "property": "Weight",
                    "value": "10,5",
                    "unit": "kg"
                },
                {
                    "section": "Model",
                    "property": "Dimension L x H x W",
                    "value": "440 \u00d7 250 \u00d7 220",
                    "unit": "mm"
                }
            ]
        },
        {
            "reference": "ZB00001238",
            "brand": "blue line",
            "description": [
                {
                    "section": "self-priming pump",
                    "text": "Self-priming pump with a very high hydraulic output. Able to draw water from a depth of up to 8 meters. Suitable for water pumping and distribution in domestic installations with small and medium pressure vessels."
                },
                {
                    "section": "Application",
                    "text": "Home water supply Irrigation Also suitable for pressure vessels to be used as a pressure booster pump"
                }
            ],
            "key_value_pairs": [
                {
                    "section": "Model",
                    "property": "Model",
                    "value": "5PCSM1300P-G",
                    "unit": ""
                },
                {
                    "section": "Model",
                    "property": "Code",
                    "value": "2B00001238",
                    "unit": ""
                },
                {
                    "section": "Model",
                    "property": "Maximum flow",
                    "value": "5,4",
                    "unit": "m3/hod"
                },
                {
                    "section": "Model",
                    "property": "Maximum discharge head",
                    "value": "55",
                    "unit": "m"
                },
                {
                    "section": "Model",
                    "property": "Maximum suction height",
                    "value": "8",
                    "unit": "m"
                },
                {
                    "section": "Model",
                    "property": "Voltage / frequency",
                    "value": "230 / 50",
                    "unit": "V/Hz"
                },
                {
                    "section": "Model",
                    "property": "Power",
                    "value": "1300",
                    "unit": "W"
                },
                {
                    "section": "Model",
                    "property": "Suction x discharge neck",
                    "value": "1\u2032\u2032 \u00d7 1\u2032\u2032",
                    "unit": ""
                },
                {
                    "section": "Model",
                    "property": "Maximum fluid temperature",
                    "value": "35",
                    "unit": "\u00b0C"
                },
                {
                    "section": "Model",
                    "property": "Maximum ambient temperature",
                    "value": "35",
                    "unit": "\u00b0C"
                },
                {
                    "section": "Model",
                    "property": "Cable length",
                    "value": "1",
                    "unit": "m"
                },
                {
                    "section": "Model",
                    "property": "Degree of protection",
                    "value": "IP X4",
                    "unit": ""
                },
                {
                    "section": "Model",
                    "property": "Insulation class",
                    "value": "130",
                    "unit": ""
                },
                {
                    "section": "Model",
                    "property": "Weight",
                    "value": "12,8",
                    "unit": "kg"
                },
                {
                    "section": "Model",
                    "property": "Dimension L x H x W",
                    "value": "470 \u00d7 250 \u00d7 195",
                    "unit": "mm"
                }
            ]
        }
    ]
}