{
    "parts": [
        {
            "reference": "3SKM",
            "brand": "BLUE LINE",
            "description": [
                {
                    "section": "Title",
                    "text": "3\" submersible pump for boreholes"
                },
                {
                    "section": "Subtitle",
                    "text": "Submersible 3\" pump for wells and boreholes for pumping clean water, irrigation."
                },
                {
                    "section": "Application",
                    "text": "For boreholes from 125 mm\nPower supply of pressure systems\nPumping clean water into households\nFilling and emptying tanks\nWater circulation in fountains"
                },
                {
                    "section": "Characteristics design features",
                    "text": "Stainless steel shaft, casing and hydraulics\nBrass impeller\nOil-cooled engine with compensating membrane\nGraphite seal protected by a ring against sand"
                }
            ],
            "key_value_pairs": []
        }
    ]
}