{
    "parts": [
        {
            "reference": "ZB00062639",
            "brand": "pumpa",
            "description": [
                {
                    "section": "pressure booster pump BLUE LINE 4STE",
                    "text": "Pressure booster pump with frequency converter electronic control. Set of 4\" submersible pump 4ST $3 \\times 230 \\mathrm{~V}$ with frequency converter and 4 I pressure vessel."
                },
                {
                    "section": "Application",
                    "text": "Pumping clean water from wells and boreholes (with cooling jacket). Irrigation, household water supply."
                },
                {
                    "section": "Characteristic design features",
                    "text": "Submersible pump with impeller made of highly resistant PPO plastic. 4I GWS pressure tank. Frequency convertor PUMPA e-line Drive-04. The set includes a five-way stainless steel valve, pressure sensor, pressure gauge."
                }
            ],
            "key_value_pairs": [
                {
                    "section": "Model",
                    "property": "Model",
                    "value": "blue line 4STE 214",
                    "unit": ""
                },
                {
                    "section": "Model",
                    "property": "Maximum flow",
                    "value": "4,5",
                    "unit": "m\u00b3/hod"
                },
                {
                    "section": "Model",
                    "property": "Maximum head",
                    "value": "95",
                    "unit": "m"
                },
                {
                    "section": "Model",
                    "property": "Pump diameter",
                    "value": "4",
                    "unit": "inch"
                },
                {
                    "section": "Model",
                    "property": "Voltage/frequency",
                    "value": "3 x 230 / 50",
                    "unit": "V/Hz"
                },
                {
                    "section": "Model",
                    "property": "Power",
                    "value": "750",
                    "unit": "W"
                },
                {
                    "section": "Model",
                    "property": "Connection",
                    "value": "5 / 4",
                    "unit": "inch"
                },
                {
                    "section": "Model",
                    "property": "Maximum immersion depth",
                    "value": "40",
                    "unit": "m"
                },
                {
                    "section": "Model",
                    "property": "Maximum liquid temperature",
                    "value": "35",
                    "unit": "\u00b0C"
                },
                {
                    "section": "Model",
                    "property": "Cable length",
                    "value": "30",
                    "unit": "m"
                },
                {
                    "section": "Model",
                    "property": "Protection",
                    "value": "IP 68",
                    "unit": ""
                },
                {
                    "section": "Model",
                    "property": "Insulation class",
                    "value": "B",
                    "unit": ""
                },
                {
                    "section": "Model",
                    "property": "Weight",
                    "value": "22,4",
                    "unit": "kg"
                },
                {
                    "section": "Model",
                    "property": "Dimension - length",
                    "value": "910",
                    "unit": "mm"
                }
            ]
        },
        {
            "reference": "ZB00062640",
            "brand": "pumpa",
            "description": [
                {
                    "section": "pressure booster pump BLUE LINE 4STE",
                    "text": "Pressure booster pump with frequency converter electronic control. Set of 4\" submersible pump 4ST $3 \\times 230 \\mathrm{~V}$ with frequency converter and 4 I pressure vessel."
                },
                {
                    "section": "Application",
                    "text": "Pumping clean water from wells and boreholes (with cooling jacket). Irrigation, household water supply."
                },
                {
                    "section": "Characteristic design features",
                    "text": "Submersible pump with impeller made of highly resistant PPO plastic. 4I GWS pressure tank. Frequency convertor PUMPA e-line Drive-04. The set includes a five-way stainless steel valve, pressure sensor, pressure gauge."
                }
            ],
            "key_value_pairs": [
                {
                    "section": "Model",
                    "property": "Model",
                    "value": "blue line 4STE 219",
                    "unit": ""
                },
                {
                    "section": "Model",
                    "property": "Maximum flow",
                    "value": "4,5",
                    "unit": "m\u00b3/hod"
                },
                {
                    "section": "Model",
                    "property": "Maximum head",
                    "value": "128",
                    "unit": "m"
                },
                {
                    "section": "Model",
                    "property": "Pump diameter",
                    "value": "4",
                    "unit": "inch"
                },
                {
                    "section": "Model",
                    "property": "Voltage/frequency",
                    "value": "3 x 230 / 50",
                    "unit": "V/Hz"
                },
                {
                    "section": "Model",
                    "property": "Power",
                    "value": "1100",
                    "unit": "W"
                },
                {
                    "section": "Model",
                    "property": "Connection",
                    "value": "5 / 4",
                    "unit": "inch"
                },
                {
                    "section": "Model",
                    "property": "Maximum immersion depth",
                    "value": "40",
                    "unit": "m"
                },
                {
                    "section": "Model",
                    "property": "Maximum liquid temperature",
                    "value": "35",
                    "unit": "\u00b0C"
                },
                {
                    "section": "Model",
                    "property": "Cable length",
                    "value": "40",
                    "unit": "m"
                },
                {
                    "section": "Model",
                    "property": "Protection",
                    "value": "IP 68",
                    "unit": ""
                },
                {
                    "section": "Model",
                    "property": "Insulation class",
                    "value": "B",
                    "unit": ""
                },
                {
                    "section": "Model",
                    "property": "Weight",
                    "value": "27,2",
                    "unit": "kg"
                },
                {
                    "section": "Model",
                    "property": "Dimension - length",
                    "value": "1120",
                    "unit": "mm"
                }
            ]
        },
        {
            "reference": "ZB00062641",
            "brand": "pumpa",
            "description": [
                {
                    "section": "pressure booster pump BLUE LINE 4STE",
                    "text": "Pressure booster pump with frequency converter electronic control. Set of 4\" submersible pump 4ST $3 \\times 230 \\mathrm{~V}$ with frequency converter and 4 I pressure vessel."
                },
                {
                    "section": "Application",
                    "text": "Pumping clean water from wells and boreholes (with cooling jacket). Irrigation, household water supply."
                },
                {
                    "section": "Characteristic design features",
                    "text": "Submersible pump with impeller made of highly resistant PPO plastic. 4I GWS pressure tank. Frequency convertor PUMPA e-line Drive-04. The set includes a five-way stainless steel valve, pressure sensor, pressure gauge."
                }
            ],
            "key_value_pairs": [
                {
                    "section": "Model",
                    "property": "Model",
                    "value": "blue line 4STE 225",
                    "unit": ""
                },
                {
                    "section": "Model",
                    "property": "Maximum flow",
                    "value": "4,5",
                    "unit": "m\u00b3/hod"
                },
                {
                    "section": "Model",
                    "property": "Maximum head",
                    "value": "169",
                    "unit": "m"
                },
                {
                    "section": "Model",
                    "property": "Pump diameter",
                    "value": "4",
                    "unit": "inch"
                },
                {
                    "section": "Model",
                    "property": "Voltage/frequency",
                    "value": "3 x 230 / 50",
                    "unit": "V/Hz"
                },
                {
                    "section": "Model",
                    "property": "Power",
                    "value": "1500",
                    "unit": "W"
                },
                {
                    "section": "Model",
                    "property": "Connection",
                    "value": "5 / 4",
                    "unit": "inch"
                },
                {
                    "section": "Model",
                    "property": "Maximum immersion depth",
                    "value": "40",
                    "unit": "m"
                },
                {
                    "section": "Model",
                    "property": "Maximum liquid temperature",
                    "value": "35",
                    "unit": "\u00b0C"
                },
                {
                    "section": "Model",
                    "property": "Cable length",
                    "value": "50",
                    "unit": "m"
                },
                {
                    "section": "Model",
                    "property": "Protection",
                    "value": "IP 68",
                    "unit": ""
                },
                {
                    "section": "Model",
                    "property": "Insulation class",
                    "value": "B",
                    "unit": ""
                },
                {
                    "section": "Model",
                    "property": "Weight",
                    "value": "33,5",
                    "unit": "kg"
                },
                {
                    "section": "Model",
                    "property": "Dimension - length",
                    "value": "1318",
                    "unit": "mm"
                }
            ]
        }
    ]
}