{
    "parts": [
        {
            "reference": "ZB00048521",
            "brand": "pumpa",
            "description": [
                {
                    "section": "Application",
                    "text": "For boreholes from 100 mm Pumping clean water into the household Water circulation in fountains Rainwater irrigation Power supply for pressure systems Filling and emptying tanks"
                },
                {
                    "section": "Characteristic design features",
                    "text": "Stainless steel shaft, casing and hydraulics Screw in a rubber stator Oil-cooled engine with compensating membrane Graphite seal protected by a ring against sand The pump parts are non-toxic and do not pollute the environment"
                }
            ],
            "key_value_pairs": [
                {
                    "section": "",
                    "property": "Maximum flow",
                    "value": "1,8",
                    "unit": "m\u00b3/hod"
                },
                {
                    "section": "",
                    "property": "Maximum discharge head",
                    "value": "100",
                    "unit": "m"
                },
                {
                    "section": "",
                    "property": "Pump diameter",
                    "value": "3",
                    "unit": "inch"
                },
                {
                    "section": "",
                    "property": "Voltage / frequency",
                    "value": "230 / 50",
                    "unit": "V/Hz"
                },
                {
                    "section": "",
                    "property": "Power",
                    "value": "550",
                    "unit": "W"
                },
                {
                    "section": "",
                    "property": "Connection",
                    "value": "1",
                    "unit": "inch"
                },
                {
                    "section": "",
                    "property": "Maximum immersion depth",
                    "value": "40",
                    "unit": "m"
                },
                {
                    "section": "",
                    "property": "Maximum fluid temperature",
                    "value": "35",
                    "unit": "\u00b0C"
                },
                {
                    "section": "",
                    "property": "Cable length",
                    "value": "20",
                    "unit": "m"
                },
                {
                    "section": "",
                    "property": "Degree of protection",
                    "value": "IP 68",
                    "unit": ""
                },
                {
                    "section": "",
                    "property": "Insulation class",
                    "value": "B",
                    "unit": ""
                },
                {
                    "section": "",
                    "property": "Weight",
                    "value": "10,6",
                    "unit": "kg"
                },
                {
                    "section": "",
                    "property": "Dimension - length",
                    "value": "628",
                    "unit": "mm"
                }
            ]
        },
        {
            "reference": "ZB00048522",
            "brand": "pumpa",
            "description": [
                {
                    "section": "Application",
                    "text": "For boreholes from 100 mm Pumping clean water into the household Water circulation in fountains Rainwater irrigation Power supply for pressure systems Filling and emptying tanks"
                },
                {
                    "section": "Characteristic design features",
                    "text": "Stainless steel shaft, casing and hydraulics Screw in a rubber stator Oil-cooled engine with compensating membrane Graphite seal protected by a ring against sand The pump parts are non-toxic and do not pollute the environment"
                }
            ],
            "key_value_pairs": [
                {
                    "section": "",
                    "property": "Maximum flow",
                    "value": "1,8",
                    "unit": "m\u00b3/hod"
                },
                {
                    "section": "",
                    "property": "Maximum discharge head",
                    "value": "100",
                    "unit": "m"
                },
                {
                    "section": "",
                    "property": "Pump diameter",
                    "value": "3",
                    "unit": "inch"
                },
                {
                    "section": "",
                    "property": "Voltage / frequency",
                    "value": "230 / 50",
                    "unit": "V/Hz"
                },
                {
                    "section": "",
                    "property": "Power",
                    "value": "550",
                    "unit": "W"
                },
                {
                    "section": "",
                    "property": "Connection",
                    "value": "1",
                    "unit": "inch"
                },
                {
                    "section": "",
                    "property": "Maximum immersion depth",
                    "value": "40",
                    "unit": "m"
                },
                {
                    "section": "",
                    "property": "Maximum fluid temperature",
                    "value": "35",
                    "unit": "\u00b0C"
                },
                {
                    "section": "",
                    "property": "Cable length",
                    "value": "30",
                    "unit": "m"
                },
                {
                    "section": "",
                    "property": "Degree of protection",
                    "value": "IP 68",
                    "unit": ""
                },
                {
                    "section": "",
                    "property": "Insulation class",
                    "value": "B",
                    "unit": ""
                },
                {
                    "section": "",
                    "property": "Weight",
                    "value": "11,7",
                    "unit": "kg"
                },
                {
                    "section": "",
                    "property": "Dimension - length",
                    "value": "628",
                    "unit": "mm"
                }
            ]
        },
        {
            "reference": "ZB00048523",
            "brand": "pumpa",
            "description": [
                {
                    "section": "Application",
                    "text": "For boreholes from 100 mm Pumping clean water into the household Water circulation in fountains Rainwater irrigation Power supply for pressure systems Filling and emptying tanks"
                },
                {
                    "section": "Characteristic design features",
                    "text": "Stainless steel shaft, casing and hydraulics Screw in a rubber stator Oil-cooled engine with compensating membrane Graphite seal protected by a ring against sand The pump parts are non-toxic and do not pollute the environment"
                }
            ],
            "key_value_pairs": [
                {
                    "section": "",
                    "property": "Maximum flow",
                    "value": "1,8",
                    "unit": "m\u00b3/hod"
                },
                {
                    "section": "",
                    "property": "Maximum discharge head",
                    "value": "100",
                    "unit": "m"
                },
                {
                    "section": "",
                    "property": "Pump diameter",
                    "value": "3",
                    "unit": "inch"
                },
                {
                    "section": "",
                    "property": "Voltage / frequency",
                    "value": "230 / 50",
                    "unit": "V/Hz"
                },
                {
                    "section": "",
                    "property": "Power",
                    "value": "550",
                    "unit": "W"
                },
                {
                    "section": "",
                    "property": "Connection",
                    "value": "1",
                    "unit": "inch"
                },
                {
                    "section": "",
                    "property": "Maximum immersion depth",
                    "value": "40",
                    "unit": "m"
                },
                {
                    "section": "",
                    "property": "Maximum fluid temperature",
                    "value": "35",
                    "unit": "\u00b0C"
                },
                {
                    "section": "",
                    "property": "Cable length",
                    "value": "40",
                    "unit": "m"
                },
                {
                    "section": "",
                    "property": "Degree of protection",
                    "value": "IP 68",
                    "unit": ""
                },
                {
                    "section": "",
                    "property": "Insulation class",
                    "value": "B",
                    "unit": ""
                },
                {
                    "section": "",
                    "property": "Weight",
                    "value": "12,9",
                    "unit": "kg"
                },
                {
                    "section": "",
                    "property": "Dimension - length",
                    "value": "628",
                    "unit": "mm"
                }
            ]
        }
    ]
}