{
    "parts": [
        {
            "reference": "06942886",
            "brand": "",
            "description": [
                {
                    "section": "Features",
                    "text": "Digital temperature compensation and non-linearity correction RS 485 interface (Modbus-RTU)"
                }
            ],
            "key_value_pairs": [
                {
                    "section": "DIGITAL PRESSURE PROBE",
                    "property": "Accuracy",
                    "value": "\u00b11%",
                    "unit": ""
                },
                {
                    "section": "TECHNICAL DATE DPS 16",
                    "property": "Measuring range",
                    "value": "0...16",
                    "unit": "bar"
                },
                {
                    "section": "TECHNICAL DATE DPS 16",
                    "property": "Accuracy",
                    "value": "\u00b10.5% resp. \u00b11%",
                    "unit": ""
                },
                {
                    "section": "TECHNICAL DATE DPS 16",
                    "property": "Long-term Stability",
                    "value": "\u00b10.2%",
                    "unit": "FS/year"
                },
                {
                    "section": "TECHNICAL DATE DPS 16",
                    "property": "Temperature",
                    "value": "-30...80",
                    "unit": "\u00b0C"
                },
                {
                    "section": "TECHNICAL DATE DPS 16",
                    "property": "Protecting Rating",
                    "value": "IP65",
                    "unit": ""
                },
                {
                    "section": "TECHNICAL DATE DPS 16",
                    "property": "Power supply",
                    "value": "11...28",
                    "unit": "VDC"
                },
                {
                    "section": "TECHNICAL DATE DPS 16",
                    "property": "Components in contact with media",
                    "value": "316 L",
                    "unit": ""
                },
                {
                    "section": "TECHNICAL DATE DPS 16",
                    "property": "Process connection",
                    "value": "G 1/2\"",
                    "unit": ""
                }
            ]
        },
        {
            "reference": "06943886",
            "brand": "",
            "description": [
                {
                    "section": "Features",
                    "text": "Digital temperature compensation and non-linearity correction RS 485 interface (Modbus-RTU)"
                }
            ],
            "key_value_pairs": [
                {
                    "section": "DIGITAL PRESSURE PROBE",
                    "property": "Accuracy",
                    "value": "\u00b11%",
                    "unit": ""
                },
                {
                    "section": "TECHNICAL DATE DPS 16",
                    "property": "Measuring range",
                    "value": "0...16",
                    "unit": "bar"
                },
                {
                    "section": "TECHNICAL DATE DPS 16",
                    "property": "Accuracy",
                    "value": "\u00b10.5% resp. \u00b11%",
                    "unit": ""
                },
                {
                    "section": "TECHNICAL DATE DPS 16",
                    "property": "Long-term Stability",
                    "value": "\u00b10.2%",
                    "unit": "FS/year"
                },
                {
                    "section": "TECHNICAL DATE DPS 16",
                    "property": "Temperature",
                    "value": "-30...80",
                    "unit": "\u00b0C"
                },
                {
                    "section": "TECHNICAL DATE DPS 16",
                    "property": "Protecting Rating",
                    "value": "IP65",
                    "unit": ""
                },
                {
                    "section": "TECHNICAL DATE DPS 16",
                    "property": "Power supply",
                    "value": "11...28",
                    "unit": "VDC"
                },
                {
                    "section": "TECHNICAL DATE DPS 16",
                    "property": "Components in contact with media",
                    "value": "316 L",
                    "unit": ""
                },
                {
                    "section": "TECHNICAL DATE DPS 16",
                    "property": "Process connection",
                    "value": "NPT 1/2\"",
                    "unit": ""
                }
            ]
        },
        {
            "reference": "06941886",
            "brand": "",
            "description": [
                {
                    "section": "Features",
                    "text": "Welded measuring system with no seals 4...20 mA analogue output, 2-wire"
                }
            ],
            "key_value_pairs": [
                {
                    "section": "PRESSURE PROBES WITH 4...20 mA",
                    "property": "Accuracy",
                    "value": "\u00b11%",
                    "unit": ""
                },
                {
                    "section": "TECHNICAL DATE CS 16",
                    "property": "Measuring range",
                    "value": "-1...400",
                    "unit": "bar"
                },
                {
                    "section": "TECHNICAL DATE CS 16",
                    "property": "Accuracy",
                    "value": "\u00b10.5% resp. \u00b11%",
                    "unit": ""
                },
                {
                    "section": "TECHNICAL DATE CS 16",
                    "property": "Long-term Stability",
                    "value": "\u00b10.2%",
                    "unit": "FS/year"
                },
                {
                    "section": "TECHNICAL DATE CS 16",
                    "property": "Temperature",
                    "value": "-40...125",
                    "unit": "\u00b0C"
                },
                {
                    "section": "TECHNICAL DATE CS 16",
                    "property": "Protecting Rating",
                    "value": "IP65",
                    "unit": ""
                },
                {
                    "section": "TECHNICAL DATE CS 16",
                    "property": "Power supply",
                    "value": "8...30",
                    "unit": "VDC"
                },
                {
                    "section": "TECHNICAL DATE CS 16",
                    "property": "Components in contact with media",
                    "value": "316 L, 304",
                    "unit": ""
                },
                {
                    "section": "TECHNICAL DATE CS 16",
                    "property": "Process connection",
                    "value": "G 1/4\"",
                    "unit": ""
                }
            ]
        },
        {
            "reference": "06943556",
            "brand": "",
            "description": [
                {
                    "section": "Features",
                    "text": "Welded measuring system with no seals 4...20 mA analogue output, 2-wire"
                }
            ],
            "key_value_pairs": [
                {
                    "section": "PRESSURE PROBES WITH 4...20 mA",
                    "property": "Accuracy",
                    "value": "\u00b11%",
                    "unit": ""
                },
                {
                    "section": "TECHNICAL DATE CS 16",
                    "property": "Measuring range",
                    "value": "-1...400",
                    "unit": "bar"
                },
                {
                    "section": "TECHNICAL DATE CS 16",
                    "property": "Accuracy",
                    "value": "\u00b10.5% resp. \u00b11%",
                    "unit": ""
                },
                {
                    "section": "TECHNICAL DATE CS 16",
                    "property": "Long-term Stability",
                    "value": "\u00b10.2%",
                    "unit": "FS/year"
                },
                {
                    "section": "TECHNICAL DATE CS 16",
                    "property": "Temperature",
                    "value": "-40...125",
                    "unit": "\u00b0C"
                },
                {
                    "section": "TECHNICAL DATE CS 16",
                    "property": "Protecting Rating",
                    "value": "IP65",
                    "unit": ""
                },
                {
                    "section": "TECHNICAL DATE CS 16",
                    "property": "Power supply",
                    "value": "8...30",
                    "unit": "VDC"
                },
                {
                    "section": "TECHNICAL DATE CS 16",
                    "property": "Components in contact with media",
                    "value": "316 L, 304",
                    "unit": ""
                },
                {
                    "section": "TECHNICAL DATE CS 16",
                    "property": "Process connection",
                    "value": "G 1/4\"",
                    "unit": ""
                }
            ]
        },
        {
            "reference": "06943553",
            "brand": "",
            "description": [
                {
                    "section": "Features",
                    "text": "Welded measuring system with no seals 4...20 mA analogue output, 2-wire"
                }
            ],
            "key_value_pairs": [
                {
                    "section": "PRESSURE PROBES WITH 4...20 mA",
                    "property": "Accuracy",
                    "value": "\u00b10.5%",
                    "unit": ""
                },
                {
                    "section": "TECHNICAL DATE CS 16",
                    "property": "Measuring range",
                    "value": "-1...15",
                    "unit": "bar"
                },
                {
                    "section": "TECHNICAL DATE CS 16",
                    "property": "Accuracy",
                    "value": "\u00b10.5% resp. \u00b11%",
                    "unit": ""
                },
                {
                    "section": "TECHNICAL DATE CS 16",
                    "property": "Long-term Stability",
                    "value": "\u00b10.2%",
                    "unit": "FS/year"
                },
                {
                    "section": "TECHNICAL DATE CS 16",
                    "property": "Temperature",
                    "value": "-40...125",
                    "unit": "\u00b0C"
                },
                {
                    "section": "TECHNICAL DATE CS 16",
                    "property": "Protecting Rating",
                    "value": "IP65",
                    "unit": ""
                },
                {
                    "section": "TECHNICAL DATE CS 16",
                    "property": "Power supply",
                    "value": "8...30",
                    "unit": "VDC"
                },
                {
                    "section": "TECHNICAL DATE CS 16",
                    "property": "Components in contact with media",
                    "value": "316 L, 304",
                    "unit": ""
                },
                {
                    "section": "TECHNICAL DATE CS 16",
                    "property": "Process connection",
                    "value": "G 1/4\"",
                    "unit": ""
                }
            ]
        },
        {
            "reference": "32000004",
            "brand": "",
            "description": [
                {
                    "section": "Features",
                    "text": "Welded measuring system with no seals 4...20 mA analogue output, 2-wire"
                }
            ],
            "key_value_pairs": [
                {
                    "section": "PRESSURE PROBES WITH 4...20 mA",
                    "property": "Calibration certificate pressure",
                    "value": "5 calibration points for the whole measuring range",
                    "unit": ""
                }
            ]
        }
    ]
}