{
    "parts": [
        {
            "reference": "E13AXC",
            "brand": "",
            "description": [
                {
                    "section": "DESCRIPTION",
                    "text": "Direct acting spring return normally closed solenoid, conforming to CNOMO standards. Hazardous area approved pilot operators ExnA, Ex e mb, Exd & Exia Various international approvals ATEX, IECEx, FM/CSA & CCCEx Body material available in Aluminium (standard) Stainless Steel Brass Valve Assembly illustrated with an Exd coil for reference only."
                },
                {
                    "section": "FEATURES",
                    "text": "Direct mounting to all valves meeting CNOMO fixing dimensions Interchangeable coils, including various hazardous area options Pilot exhaust caps fitted as standard SIL 2 capable (De-energise to trip @ HFT=0), SIL 3 Capable (De-energise to trip @ HFT=1) Our manual override options are NOT currently covered by SIL Certification"
                }
            ],
            "key_value_pairs": [
                {
                    "section": "Coil",
                    "property": "Coil Options",
                    "value": "A Exia, B Terminal Box, D Exd, H Plug & Socket Exia, E MC30 Plug & Socket, F MC30 Plug & Socket with LED, F Plug & Socket, G Exia Stainless Steel Housing, H Exia Plug & Socket, J Stainless Steel Housing, K Exe mb Stainless Steel Housing",
                    "unit": ""
                },
                {
                    "section": "Standard",
                    "property": "Voltage",
                    "value": "A 2Av DC, B 2Av DC Low, C 2Av AC (50/60 Hz), D 240v AC (50/60 Hz)",
                    "unit": ""
                },
                {
                    "section": "Standard",
                    "property": "Designator",
                    "value": "A ATEX / IECEx / CCCEx, B 1/2\" NPT electrical connection, F FM / CSA*IN, H ATEX Ex e mb, J ATEX Ex e mb, K Valve body brass, L/2\" NPT electrical connection, L Low temperature duty -40\u00b0C, J Valve body stainless steel",
                    "unit": ""
                }
            ]
        }
    ]
}