{
    "parts": [
        {
            "reference": "414_GP 22 HD",
            "brand": "",
            "description": [],
            "key_value_pairs": []
        },
        {
            "reference": "416_GP 22 HD",
            "brand": "",
            "description": [],
            "key_value_pairs": []
        },
        {
            "reference": "418_GP 32 BZ",
            "brand": "",
            "description": [],
            "key_value_pairs": []
        },
        {
            "reference": "419_GP 32 A",
            "brand": "",
            "description": [],
            "key_value_pairs": []
        },
        {
            "reference": "422_GP 32 C",
            "brand": "",
            "description": [],
            "key_value_pairs": []
        },
        {
            "reference": "429_KD 32",
            "brand": "",
            "description": [],
            "key_value_pairs": []
        },
        {
            "reference": "452-460_GP 32 S",
            "brand": "",
            "description": [],
            "key_value_pairs": []
        },
        {
            "reference": "532_ESCON Module 24/2",
            "brand": "",
            "description": [],
            "key_value_pairs": []
        },
        {
            "reference": "532_ESCON 36/2 DC",
            "brand": "",
            "description": [],
            "key_value_pairs": []
        },
        {
            "reference": "533_ESCON Module 50/5",
            "brand": "",
            "description": [],
            "key_value_pairs": []
        },
        {
            "reference": "535_ESCON 50/5",
            "brand": "",
            "description": [],
            "key_value_pairs": []
        },
        {
            "reference": "541_EPOS4 Micro 24/5",
            "brand": "",
            "description": [],
            "key_value_pairs": []
        },
        {
            "reference": "542_EPOS4 Module 24/1.5",
            "brand": "",
            "description": [],
            "key_value_pairs": []
        },
        {
            "reference": "542_EPOS4 Module 50/5",
            "brand": "",
            "description": [],
            "key_value_pairs": []
        },
        {
            "reference": "543_EPOS4 Compact 24/5 3-axes",
            "brand": "",
            "description": [],
            "key_value_pairs": []
        },
        {
            "reference": "544_EPOS4 Compact 24/1.5",
            "brand": "",
            "description": [],
            "key_value_pairs": []
        },
        {
            "reference": "545_EPOS4 Compact 50/5",
            "brand": "",
            "description": [],
            "key_value_pairs": []
        },
        {
            "reference": "547_EPOS4 50/5",
            "brand": "",
            "description": [],
            "key_value_pairs": []
        }
    ]
}