{
    "parts": [
        {
            "reference": "NO_REF",
            "brand": "CommScope",
            "description": [
                {
                    "section": "Material Specifications",
                    "text": "Jacket Material Inner Jacket Material High density polyethylene (HDPE) Low Smoke Zero Halogen (LSZH)"
                }
            ],
            "key_value_pairs": [
                {
                    "section": "Environmental Specifications",
                    "property": "Operating Temperature",
                    "value": "-40 to +70",
                    "unit": "\u00b0C (-40 to +158 \u00b0F)"
                },
                {
                    "section": "Environmental Specifications",
                    "property": "Storage Temperature",
                    "value": "-40 to +70",
                    "unit": "\u00b0C (-40 to +158 \u00b0F)"
                },
                {
                    "section": "Cable Qualification Standards",
                    "property": "Standard",
                    "value": "IEC 60794-1-2",
                    "unit": ""
                },
                {
                    "section": "Jacket UV Resistance",
                    "property": "UV Resistance",
                    "value": "UV stabilized",
                    "unit": ""
                }
            ]
        }
    ]
}