{
    "objects": [
        {
            "index": 0,
            "bbox": [
                [
                    109,
                    1871
                ],
                [
                    109,
                    1952
                ],
                [
                    1540,
                    1952
                ],
                [
                    1540,
                    1871
                ]
            ],
            "label": "TableRow"
        },
        {
            "index": 1,
            "bbox": [
                [
                    794,
                    1458
                ],
                [
                    794,
                    2160
                ],
                [
                    920,
                    2160
                ],
                [
                    920,
                    1458
                ]
            ],
            "label": "TableCol"
        },
        {
            "index": 2,
            "bbox": [
                [
                    109,
                    2098
                ],
                [
                    109,
                    2133
                ],
                [
                    1540,
                    2133
                ],
                [
                    1540,
                    2098
                ]
            ],
            "label": "TableRow"
        },
        {
            "index": 3,
            "bbox": [
                [
                    109,
                    1619
                ],
                [
                    109,
                    1654
                ],
                [
                    1540,
                    1654
                ],
                [
                    1540,
                    1619
                ]
            ],
            "label": "TableRow"
        },
        {
            "index": 4,
            "bbox": [
                [
                    109,
                    1782
                ],
                [
                    109,
                    1817
                ],
                [
                    1540,
                    1817
                ],
                [
                    1540,
                    1782
                ]
            ],
            "label": "TableRow"
        },
        {
            "index": 5,
            "bbox": [
                [
                    1168,
                    1458
                ],
                [
                    1168,
                    2159
                ],
                [
                    1292,
                    2159
                ],
                [
                    1292,
                    1458
                ]
            ],
            "label": "TableCol"
        },
        {
            "index": 6,
            "bbox": [
                [
                    919,
                    1458
                ],
                [
                    919,
                    2160
                ],
                [
                    1042,
                    2160
                ],
                [
                    1042,
                    1458
                ]
            ],
            "label": "TableCol"
        },
        {
            "index": 7,
            "bbox": [
                [
                    109,
                    1816
                ],
                [
                    109,
                    1872
                ],
                [
                    1540,
                    1872
                ],
                [
                    1540,
                    1816
                ]
            ],
            "label": "TableRow"
        },
        {
            "index": 8,
            "bbox": [
                [
                    109,
                    1692
                ],
                [
                    109,
                    1746
                ],
                [
                    1540,
                    1746
                ],
                [
                    1540,
                    1692
                ]
            ],
            "label": "TableRow"
        },
        {
            "index": 9,
            "bbox": [
                [
                    1043,
                    1458
                ],
                [
                    1043,
                    2160
                ],
                [
                    1169,
                    2160
                ],
                [
                    1169,
                    1458
                ]
            ],
            "label": "TableCol"
        },
        {
            "index": 10,
            "bbox": [
                [
                    109,
                    1557
                ],
                [
                    109,
                    1618
                ],
                [
                    1540,
                    1618
                ],
                [
                    1540,
                    1557
                ]
            ],
            "label": "TableRow"
        },
        {
            "index": 11,
            "bbox": [
                [
                    109,
                    1515
                ],
                [
                    109,
                    1556
                ],
                [
                    1540,
                    1556
                ],
                [
                    1540,
                    1515
                ]
            ],
            "label": "TableRow"
        },
        {
            "index": 12,
            "bbox": [
                [
                    109,
                    1656
                ],
                [
                    109,
                    1691
                ],
                [
                    1540,
                    1691
                ],
                [
                    1540,
                    1656
                ]
            ],
            "label": "TableRow"
        },
        {
            "index": 13,
            "bbox": [
                [
                    109,
                    1458
                ],
                [
                    109,
                    2160
                ],
                [
                    291,
                    2160
                ],
                [
                    291,
                    1458
                ]
            ],
            "label": "TableCol"
        },
        {
            "index": 14,
            "bbox": [
                [
                    109,
                    1954
                ],
                [
                    109,
                    1990
                ],
                [
                    1540,
                    1990
                ],
                [
                    1540,
                    1954
                ]
            ],
            "label": "TableRow"
        },
        {
            "index": 15,
            "bbox": [
                [
                    109,
                    2060
                ],
                [
                    109,
                    2098
                ],
                [
                    1540,
                    2098
                ],
                [
                    1540,
                    2060
                ]
            ],
            "label": "TableRow"
        },
        {
            "index": 16,
            "bbox": [
                [
                    666,
                    1458
                ],
                [
                    666,
                    2160
                ],
                [
                    792,
                    2160
                ],
                [
                    792,
                    1458
                ]
            ],
            "label": "TableCol"
        },
        {
            "index": 17,
            "bbox": [
                [
                    543,
                    1458
                ],
                [
                    543,
                    2160
                ],
                [
                    667,
                    2160
                ],
                [
                    667,
                    1458
                ]
            ],
            "label": "TableCol"
        },
        {
            "index": 18,
            "bbox": [
                [
                    109,
                    1457
                ],
                [
                    109,
                    1515
                ],
                [
                    1540,
                    1515
                ],
                [
                    1540,
                    1457
                ]
            ],
            "label": "TableRow"
        },
        {
            "index": 19,
            "bbox": [
                [
                    1293,
                    1458
                ],
                [
                    1293,
                    2160
                ],
                [
                    1420,
                    2160
                ],
                [
                    1420,
                    1458
                ]
            ],
            "label": "TableCol"
        },
        {
            "index": 20,
            "bbox": [
                [
                    415,
                    1458
                ],
                [
                    415,
                    2160
                ],
                [
                    541,
                    2160
                ],
                [
                    541,
                    1458
                ]
            ],
            "label": "TableCol"
        },
        {
            "index": 21,
            "bbox": [
                [
                    1420,
                    1457
                ],
                [
                    1420,
                    2159
                ],
                [
                    1540,
                    2159
                ],
                [
                    1540,
                    1457
                ]
            ],
            "label": "TableCol"
        },
        {
            "index": 22,
            "bbox": [
                [
                    109,
                    2134
                ],
                [
                    109,
                    2159
                ],
                [
                    1540,
                    2159
                ],
                [
                    1540,
                    2134
                ]
            ],
            "label": "TableRow"
        },
        {
            "index": 23,
            "bbox": [
                [
                    109,
                    1458
                ],
                [
                    109,
                    1515
                ],
                [
                    1540,
                    1515
                ],
                [
                    1540,
                    1458
                ]
            ],
            "label": "TableColHeader"
        },
        {
            "index": 24,
            "bbox": [
                [
                    109,
                    1746
                ],
                [
                    109,
                    1782
                ],
                [
                    1540,
                    1782
                ],
                [
                    1540,
                    1746
                ]
            ],
            "label": "TableRow"
        },
        {
            "index": 25,
            "bbox": [
                [
                    292,
                    1458
                ],
                [
                    292,
                    2160
                ],
                [
                    415,
                    2160
                ],
                [
                    415,
                    1458
                ]
            ],
            "label": "TableCol"
        },
        {
            "index": 26,
            "bbox": [
                [
                    109,
                    2025
                ],
                [
                    109,
                    2060
                ],
                [
                    1540,
                    2060
                ],
                [
                    1540,
                    2025
                ]
            ],
            "label": "TableRow"
        },
        {
            "index": 27,
            "bbox": [
                [
                    109,
                    1989
                ],
                [
                    109,
                    2025
                ],
                [
                    1540,
                    2025
                ],
                [
                    1540,
                    1989
                ]
            ],
            "label": "TableRow"
        },
        {
            "index": 28,
            "bbox": [
                [
                    109,
                    1457
                ],
                [
                    109,
                    2159
                ],
                [
                    1540,
                    2159
                ],
                [
                    1540,
                    1457
                ]
            ],
            "label": "Table"
        }
    ]
}