{
    "datasheet": [
        {
            "index": 0,
            "bbox": [
                [
                    1370,
                    210
                ],
                [
                    1500,
                    210
                ],
                [
                    1500,
                    244
                ],
                [
                    1370,
                    244
                ]
            ],
            "text": "152866",
            "label": "B_Ref"
        },
        {
            "index": 1,
            "bbox": [
                [
                    981,
                    269
                ],
                [
                    1089,
                    269
                ],
                [
                    1089,
                    303
                ],
                [
                    981,
                    303
                ]
            ],
            "text": "3/2-way",
            "label": "B_Descri"
        },
        {
            "index": 2,
            "bbox": [
                [
                    1089,
                    271
                ],
                [
                    1159,
                    271
                ],
                [
                    1159,
                    296
                ],
                [
                    1089,
                    296
                ]
            ],
            "text": "roller",
            "label": "I_Descri"
        },
        {
            "index": 3,
            "bbox": [
                [
                    1157,
                    269
                ],
                [
                    1228,
                    269
                ],
                [
                    1228,
                    301
                ],
                [
                    1157,
                    301
                ]
            ],
            "text": "lever",
            "label": "I_Descri"
        },
        {
            "index": 4,
            "bbox": [
                [
                    1223,
                    269
                ],
                [
                    1303,
                    269
                ],
                [
                    1303,
                    303
                ],
                [
                    1223,
                    303
                ]
            ],
            "text": "valve,",
            "label": "I_Descri"
        },
        {
            "index": 5,
            "bbox": [
                [
                    1301,
                    269
                ],
                [
                    1415,
                    269
                ],
                [
                    1415,
                    303
                ],
                [
                    1301,
                    303
                ]
            ],
            "text": "normally",
            "label": "I_Descri"
        },
        {
            "index": 6,
            "bbox": [
                [
                    1415,
                    271
                ],
                [
                    1498,
                    271
                ],
                [
                    1498,
                    299
                ],
                [
                    1415,
                    299
                ]
            ],
            "text": "closed",
            "label": "I_Descri"
        },
        {
            "index": 7,
            "bbox": [
                [
                    154,
                    874
                ],
                [
                    244,
                    874
                ],
                [
                    244,
                    909
                ],
                [
                    154,
                    909
                ]
            ],
            "text": "Design",
            "label": "B_Section"
        },
        {
            "index": 8,
            "bbox": [
                [
                    508,
                    874
                ],
                [
                    559,
                    874
                ],
                [
                    559,
                    902
                ],
                [
                    508,
                    902
                ]
            ],
            "text": "The",
            "label": "B_Descri"
        },
        {
            "index": 9,
            "bbox": [
                [
                    559,
                    874
                ],
                [
                    662,
                    874
                ],
                [
                    662,
                    909
                ],
                [
                    559,
                    909
                ]
            ],
            "text": "3/2-way",
            "label": "I_Descri"
        },
        {
            "index": 10,
            "bbox": [
                [
                    659,
                    872
                ],
                [
                    732,
                    872
                ],
                [
                    732,
                    904
                ],
                [
                    659,
                    904
                ]
            ],
            "text": "roller",
            "label": "I_Descri"
        },
        {
            "index": 11,
            "bbox": [
                [
                    728,
                    872
                ],
                [
                    794,
                    872
                ],
                [
                    794,
                    904
                ],
                [
                    728,
                    904
                ]
            ],
            "text": "lever",
            "label": "I_Descri"
        },
        {
            "index": 12,
            "bbox": [
                [
                    787,
                    872
                ],
                [
                    860,
                    872
                ],
                [
                    860,
                    904
                ],
                [
                    787,
                    904
                ]
            ],
            "text": "valve",
            "label": "I_Descri"
        },
        {
            "index": 13,
            "bbox": [
                [
                    856,
                    872
                ],
                [
                    917,
                    872
                ],
                [
                    917,
                    904
                ],
                [
                    856,
                    904
                ]
            ],
            "text": "with",
            "label": "I_Descri"
        },
        {
            "index": 14,
            "bbox": [
                [
                    915,
                    874
                ],
                [
                    1009,
                    874
                ],
                [
                    1009,
                    906
                ],
                [
                    915,
                    906
                ]
            ],
            "text": "push-in",
            "label": "I_Descri"
        },
        {
            "index": 15,
            "bbox": [
                [
                    1009,
                    872
                ],
                [
                    1089,
                    872
                ],
                [
                    1089,
                    904
                ],
                [
                    1009,
                    904
                ]
            ],
            "text": "elbow",
            "label": "I_Descri"
        },
        {
            "index": 16,
            "bbox": [
                [
                    1086,
                    874
                ],
                [
                    1173,
                    874
                ],
                [
                    1173,
                    906
                ],
                [
                    1086,
                    906
                ]
            ],
            "text": "fittings",
            "label": "I_Descri"
        },
        {
            "index": 17,
            "bbox": [
                [
                    1171,
                    872
                ],
                [
                    1201,
                    872
                ],
                [
                    1201,
                    904
                ],
                [
                    1171,
                    904
                ]
            ],
            "text": "is",
            "label": "I_Descri"
        },
        {
            "index": 18,
            "bbox": [
                [
                    1198,
                    874
                ],
                [
                    1303,
                    874
                ],
                [
                    1303,
                    904
                ],
                [
                    1198,
                    904
                ]
            ],
            "text": "screwed",
            "label": "I_Descri"
        },
        {
            "index": 19,
            "bbox": [
                [
                    1299,
                    874
                ],
                [
                    1365,
                    874
                ],
                [
                    1365,
                    906
                ],
                [
                    1299,
                    906
                ]
            ],
            "text": "onto",
            "label": "I_Descri"
        },
        {
            "index": 20,
            "bbox": [
                [
                    1358,
                    877
                ],
                [
                    1386,
                    877
                ],
                [
                    1386,
                    904
                ],
                [
                    1358,
                    904
                ]
            ],
            "text": "a",
            "label": "I_Descri"
        },
        {
            "index": 21,
            "bbox": [
                [
                    1381,
                    874
                ],
                [
                    1484,
                    874
                ],
                [
                    1484,
                    909
                ],
                [
                    1381,
                    909
                ]
            ],
            "text": "polymer",
            "label": "I_Descri"
        },
        {
            "index": 22,
            "bbox": [
                [
                    506,
                    906
                ],
                [
                    572,
                    906
                ],
                [
                    572,
                    941
                ],
                [
                    506,
                    941
                ]
            ],
            "text": "base",
            "label": "I_Descri"
        },
        {
            "index": 23,
            "bbox": [
                [
                    568,
                    906
                ],
                [
                    618,
                    906
                ],
                [
                    618,
                    941
                ],
                [
                    568,
                    941
                ]
            ],
            "text": "the",
            "label": "I_Descri"
        },
        {
            "index": 24,
            "bbox": [
                [
                    614,
                    906
                ],
                [
                    671,
                    906
                ],
                [
                    671,
                    941
                ],
                [
                    614,
                    941
                ]
            ],
            "text": "unit",
            "label": "I_Descri"
        },
        {
            "index": 25,
            "bbox": [
                [
                    666,
                    909
                ],
                [
                    696,
                    909
                ],
                [
                    696,
                    941
                ],
                [
                    666,
                    941
                ]
            ],
            "text": "is",
            "label": "I_Descri"
        },
        {
            "index": 26,
            "bbox": [
                [
                    691,
                    909
                ],
                [
                    805,
                    909
                ],
                [
                    805,
                    938
                ],
                [
                    691,
                    938
                ]
            ],
            "text": "mounted",
            "label": "I_Descri"
        },
        {
            "index": 27,
            "bbox": [
                [
                    803,
                    913
                ],
                [
                    840,
                    913
                ],
                [
                    840,
                    938
                ],
                [
                    803,
                    938
                ]
            ],
            "text": "on",
            "label": "I_Descri"
        },
        {
            "index": 28,
            "bbox": [
                [
                    837,
                    906
                ],
                [
                    885,
                    906
                ],
                [
                    885,
                    941
                ],
                [
                    837,
                    941
                ]
            ],
            "text": "the",
            "label": "I_Descri"
        },
        {
            "index": 29,
            "bbox": [
                [
                    883,
                    909
                ],
                [
                    965,
                    909
                ],
                [
                    965,
                    943
                ],
                [
                    883,
                    943
                ]
            ],
            "text": "profile",
            "label": "I_Descri"
        },
        {
            "index": 30,
            "bbox": [
                [
                    965,
                    909
                ],
                [
                    1032,
                    909
                ],
                [
                    1032,
                    943
                ],
                [
                    965,
                    943
                ]
            ],
            "text": "plate",
            "label": "I_Descri"
        },
        {
            "index": 31,
            "bbox": [
                [
                    1029,
                    911
                ],
                [
                    1070,
                    911
                ],
                [
                    1070,
                    938
                ],
                [
                    1029,
                    938
                ]
            ],
            "text": "via",
            "label": "I_Descri"
        },
        {
            "index": 32,
            "bbox": [
                [
                    1068,
                    911
                ],
                [
                    1093,
                    911
                ],
                [
                    1093,
                    941
                ],
                [
                    1068,
                    941
                ]
            ],
            "text": "a",
            "label": "I_Descri"
        },
        {
            "index": 33,
            "bbox": [
                [
                    1091,
                    911
                ],
                [
                    1169,
                    911
                ],
                [
                    1169,
                    943
                ],
                [
                    1091,
                    943
                ]
            ],
            "text": "rotary",
            "label": "I_Descri"
        },
        {
            "index": 34,
            "bbox": [
                [
                    1166,
                    909
                ],
                [
                    1251,
                    909
                ],
                [
                    1251,
                    941
                ],
                [
                    1166,
                    941
                ]
            ],
            "text": "detent",
            "label": "I_Descri"
        },
        {
            "index": 35,
            "bbox": [
                [
                    1249,
                    911
                ],
                [
                    1338,
                    911
                ],
                [
                    1338,
                    943
                ],
                [
                    1249,
                    943
                ]
            ],
            "text": "system",
            "label": "I_Descri"
        },
        {
            "index": 36,
            "bbox": [
                [
                    1335,
                    906
                ],
                [
                    1397,
                    906
                ],
                [
                    1397,
                    941
                ],
                [
                    1335,
                    941
                ]
            ],
            "text": "with",
            "label": "I_Descri"
        },
        {
            "index": 37,
            "bbox": [
                [
                    1392,
                    906
                ],
                [
                    1454,
                    906
                ],
                [
                    1454,
                    941
                ],
                [
                    1392,
                    941
                ]
            ],
            "text": "blue",
            "label": "I_Descri"
        },
        {
            "index": 38,
            "bbox": [
                [
                    508,
                    945
                ],
                [
                    577,
                    945
                ],
                [
                    577,
                    979
                ],
                [
                    508,
                    979
                ]
            ],
            "text": "triple",
            "label": "I_Descri"
        },
        {
            "index": 39,
            "bbox": [
                [
                    575,
                    945
                ],
                [
                    630,
                    945
                ],
                [
                    630,
                    979
                ],
                [
                    575,
                    979
                ]
            ],
            "text": "grip",
            "label": "I_Descri"
        },
        {
            "index": 40,
            "bbox": [
                [
                    627,
                    947
                ],
                [
                    673,
                    947
                ],
                [
                    673,
                    975
                ],
                [
                    627,
                    975
                ]
            ],
            "text": "nut",
            "label": "I_Descri"
        },
        {
            "index": 41,
            "bbox": [
                [
                    675,
                    945
                ],
                [
                    799,
                    945
                ],
                [
                    799,
                    977
                ],
                [
                    675,
                    977
                ]
            ],
            "text": "(mounting",
            "label": "I_Descri"
        },
        {
            "index": 42,
            "bbox": [
                [
                    799,
                    943
                ],
                [
                    931,
                    943
                ],
                [
                    931,
                    975
                ],
                [
                    799,
                    975
                ]
            ],
            "text": "alternative",
            "label": "I_Descri"
        },
        {
            "index": 43,
            "bbox": [
                [
                    931,
                    943
                ],
                [
                    1000,
                    943
                ],
                [
                    1000,
                    977
                ],
                [
                    931,
                    977
                ]
            ],
            "text": "\"B\").",
            "label": "I_Descri"
        },
        {
            "index": 44,
            "bbox": [
                [
                    154,
                    1053
                ],
                [
                    262,
                    1053
                ],
                [
                    262,
                    1082
                ],
                [
                    154,
                    1082
                ]
            ],
            "text": "Function",
            "label": "B_Section"
        },
        {
            "index": 45,
            "bbox": [
                [
                    506,
                    1048
                ],
                [
                    561,
                    1048
                ],
                [
                    561,
                    1082
                ],
                [
                    506,
                    1082
                ]
            ],
            "text": "The",
            "label": "B_Descri"
        },
        {
            "index": 46,
            "bbox": [
                [
                    556,
                    1050
                ],
                [
                    627,
                    1050
                ],
                [
                    627,
                    1082
                ],
                [
                    556,
                    1082
                ]
            ],
            "text": "valve",
            "label": "I_Descri"
        },
        {
            "index": 47,
            "bbox": [
                [
                    625,
                    1050
                ],
                [
                    652,
                    1050
                ],
                [
                    652,
                    1080
                ],
                [
                    625,
                    1080
                ]
            ],
            "text": "is",
            "label": "I_Descri"
        },
        {
            "index": 48,
            "bbox": [
                [
                    648,
                    1050
                ],
                [
                    760,
                    1050
                ],
                [
                    760,
                    1080
                ],
                [
                    648,
                    1080
                ]
            ],
            "text": "actuated",
            "label": "I_Descri"
        },
        {
            "index": 49,
            "bbox": [
                [
                    760,
                    1053
                ],
                [
                    794,
                    1053
                ],
                [
                    794,
                    1082
                ],
                [
                    760,
                    1082
                ]
            ],
            "text": "by",
            "label": "I_Descri"
        },
        {
            "index": 50,
            "bbox": [
                [
                    794,
                    1050
                ],
                [
                    899,
                    1050
                ],
                [
                    899,
                    1084
                ],
                [
                    794,
                    1084
                ]
            ],
            "text": "pressing",
            "label": "I_Descri"
        },
        {
            "index": 51,
            "bbox": [
                [
                    897,
                    1048
                ],
                [
                    945,
                    1048
                ],
                [
                    945,
                    1082
                ],
                [
                    897,
                    1082
                ]
            ],
            "text": "the",
            "label": "I_Descri"
        },
        {
            "index": 52,
            "bbox": [
                [
                    945,
                    1053
                ],
                [
                    1011,
                    1053
                ],
                [
                    1011,
                    1078
                ],
                [
                    945,
                    1078
                ]
            ],
            "text": "roller",
            "label": "I_Descri"
        },
        {
            "index": 53,
            "bbox": [
                [
                    1011,
                    1048
                ],
                [
                    1077,
                    1048
                ],
                [
                    1077,
                    1082
                ],
                [
                    1011,
                    1082
                ]
            ],
            "text": "lever",
            "label": "I_Descri"
        },
        {
            "index": 54,
            "bbox": [
                [
                    1070,
                    1053
                ],
                [
                    1125,
                    1053
                ],
                [
                    1125,
                    1087
                ],
                [
                    1070,
                    1087
                ]
            ],
            "text": "e.g.",
            "label": "I_Descri"
        },
        {
            "index": 55,
            "bbox": [
                [
                    1125,
                    1050
                ],
                [
                    1159,
                    1050
                ],
                [
                    1159,
                    1082
                ],
                [
                    1125,
                    1082
                ]
            ],
            "text": "by",
            "label": "I_Descri"
        },
        {
            "index": 56,
            "bbox": [
                [
                    1157,
                    1053
                ],
                [
                    1244,
                    1053
                ],
                [
                    1244,
                    1082
                ],
                [
                    1157,
                    1082
                ]
            ],
            "text": "means",
            "label": "I_Descri"
        },
        {
            "index": 57,
            "bbox": [
                [
                    1242,
                    1050
                ],
                [
                    1274,
                    1050
                ],
                [
                    1274,
                    1080
                ],
                [
                    1242,
                    1080
                ]
            ],
            "text": "of",
            "label": "I_Descri"
        },
        {
            "index": 58,
            "bbox": [
                [
                    1269,
                    1050
                ],
                [
                    1370,
                    1050
                ],
                [
                    1370,
                    1084
                ],
                [
                    1269,
                    1084
                ]
            ],
            "text": "cylinder",
            "label": "I_Descri"
        },
        {
            "index": 59,
            "bbox": [
                [
                    1367,
                    1048
                ],
                [
                    1418,
                    1048
                ],
                [
                    1418,
                    1084
                ],
                [
                    1367,
                    1084
                ]
            ],
            "text": "trip",
            "label": "I_Descri"
        },
        {
            "index": 60,
            "bbox": [
                [
                    1415,
                    1055
                ],
                [
                    1477,
                    1055
                ],
                [
                    1477,
                    1080
                ],
                [
                    1415,
                    1080
                ]
            ],
            "text": "cam.",
            "label": "I_Descri"
        },
        {
            "index": 61,
            "bbox": [
                [
                    506,
                    1084
                ],
                [
                    561,
                    1084
                ],
                [
                    561,
                    1119
                ],
                [
                    506,
                    1119
                ]
            ],
            "text": "The",
            "label": "I_Descri"
        },
        {
            "index": 62,
            "bbox": [
                [
                    556,
                    1087
                ],
                [
                    627,
                    1087
                ],
                [
                    627,
                    1119
                ],
                [
                    556,
                    1119
                ]
            ],
            "text": "valve",
            "label": "I_Descri"
        },
        {
            "index": 63,
            "bbox": [
                [
                    623,
                    1087
                ],
                [
                    652,
                    1087
                ],
                [
                    652,
                    1119
                ],
                [
                    623,
                    1119
                ]
            ],
            "text": "is",
            "label": "I_Descri"
        },
        {
            "index": 64,
            "bbox": [
                [
                    650,
                    1087
                ],
                [
                    760,
                    1087
                ],
                [
                    760,
                    1116
                ],
                [
                    650,
                    1116
                ]
            ],
            "text": "returned",
            "label": "I_Descri"
        },
        {
            "index": 65,
            "bbox": [
                [
                    755,
                    1089
                ],
                [
                    787,
                    1089
                ],
                [
                    787,
                    1116
                ],
                [
                    755,
                    1116
                ]
            ],
            "text": "to",
            "label": "I_Descri"
        },
        {
            "index": 66,
            "bbox": [
                [
                    785,
                    1084
                ],
                [
                    835,
                    1084
                ],
                [
                    835,
                    1119
                ],
                [
                    785,
                    1119
                ]
            ],
            "text": "the",
            "label": "I_Descri"
        },
        {
            "index": 67,
            "bbox": [
                [
                    831,
                    1087
                ],
                [
                    920,
                    1087
                ],
                [
                    920,
                    1116
                ],
                [
                    831,
                    1116
                ]
            ],
            "text": "normal",
            "label": "I_Descri"
        },
        {
            "index": 68,
            "bbox": [
                [
                    920,
                    1087
                ],
                [
                    1020,
                    1087
                ],
                [
                    1020,
                    1121
                ],
                [
                    920,
                    1121
                ]
            ],
            "text": "position",
            "label": "I_Descri"
        },
        {
            "index": 69,
            "bbox": [
                [
                    1016,
                    1084
                ],
                [
                    1064,
                    1084
                ],
                [
                    1064,
                    1119
                ],
                [
                    1016,
                    1119
                ]
            ],
            "text": "via",
            "label": "I_Descri"
        },
        {
            "index": 70,
            "bbox": [
                [
                    1059,
                    1087
                ],
                [
                    1141,
                    1087
                ],
                [
                    1141,
                    1119
                ],
                [
                    1059,
                    1119
                ]
            ],
            "text": "return:",
            "label": "I_Descri"
        },
        {
            "index": 71,
            "bbox": [
                [
                    1137,
                    1087
                ],
                [
                    1219,
                    1087
                ],
                [
                    1219,
                    1121
                ],
                [
                    1137,
                    1121
                ]
            ],
            "text": "spring",
            "label": "I_Descri"
        },
        {
            "index": 72,
            "bbox": [
                [
                    1214,
                    1087
                ],
                [
                    1283,
                    1087
                ],
                [
                    1283,
                    1119
                ],
                [
                    1214,
                    1119
                ]
            ],
            "text": "after",
            "label": "I_Descri"
        },
        {
            "index": 73,
            "bbox": [
                [
                    1278,
                    1087
                ],
                [
                    1372,
                    1087
                ],
                [
                    1372,
                    1116
                ],
                [
                    1278,
                    1116
                ]
            ],
            "text": "release",
            "label": "I_Descri"
        },
        {
            "index": 74,
            "bbox": [
                [
                    1367,
                    1087
                ],
                [
                    1402,
                    1087
                ],
                [
                    1402,
                    1116
                ],
                [
                    1367,
                    1116
                ]
            ],
            "text": "of",
            "label": "I_Descri"
        },
        {
            "index": 75,
            "bbox": [
                [
                    1397,
                    1089
                ],
                [
                    1443,
                    1089
                ],
                [
                    1443,
                    1116
                ],
                [
                    1397,
                    1116
                ]
            ],
            "text": "the",
            "label": "I_Descri"
        },
        {
            "index": 76,
            "bbox": [
                [
                    506,
                    1121
                ],
                [
                    579,
                    1121
                ],
                [
                    579,
                    1153
                ],
                [
                    506,
                    1153
                ]
            ],
            "text": "roller",
            "label": "I_Descri"
        },
        {
            "index": 77,
            "bbox": [
                [
                    575,
                    1121
                ],
                [
                    650,
                    1121
                ],
                [
                    650,
                    1153
                ],
                [
                    575,
                    1153
                ]
            ],
            "text": "lever.",
            "label": "I_Descri"
        },
        {
            "index": 78,
            "bbox": [
                [
                    154,
                    1231
                ],
                [
                    307,
                    1231
                ],
                [
                    307,
                    1260
                ],
                [
                    154,
                    1260
                ]
            ],
            "text": "Modification",
            "label": "B_Section"
        },
        {
            "index": 79,
            "bbox": [
                [
                    506,
                    1228
                ],
                [
                    566,
                    1228
                ],
                [
                    566,
                    1260
                ],
                [
                    506,
                    1260
                ]
            ],
            "text": "This",
            "label": "B_Descri"
        },
        {
            "index": 80,
            "bbox": [
                [
                    561,
                    1228
                ],
                [
                    634,
                    1228
                ],
                [
                    634,
                    1260
                ],
                [
                    561,
                    1260
                ]
            ],
            "text": "valve",
            "label": "I_Descri"
        },
        {
            "index": 81,
            "bbox": [
                [
                    630,
                    1233
                ],
                [
                    680,
                    1233
                ],
                [
                    680,
                    1258
                ],
                [
                    630,
                    1258
                ]
            ],
            "text": "can",
            "label": "I_Descri"
        },
        {
            "index": 82,
            "bbox": [
                [
                    678,
                    1231
                ],
                [
                    714,
                    1231
                ],
                [
                    714,
                    1258
                ],
                [
                    678,
                    1258
                ]
            ],
            "text": "be",
            "label": "I_Descri"
        },
        {
            "index": 83,
            "bbox": [
                [
                    714,
                    1231
                ],
                [
                    819,
                    1231
                ],
                [
                    819,
                    1263
                ],
                [
                    714,
                    1263
                ]
            ],
            "text": "changed",
            "label": "I_Descri"
        },
        {
            "index": 84,
            "bbox": [
                [
                    817,
                    1228
                ],
                [
                    881,
                    1228
                ],
                [
                    881,
                    1260
                ],
                [
                    817,
                    1260
                ]
            ],
            "text": "from",
            "label": "I_Descri"
        },
        {
            "index": 85,
            "bbox": [
                [
                    876,
                    1231
                ],
                [
                    1002,
                    1231
                ],
                [
                    1002,
                    1263
                ],
                [
                    876,
                    1263
                ]
            ],
            "text": "\"normally",
            "label": "I_Descri"
        },
        {
            "index": 86,
            "bbox": [
                [
                    997,
                    1228
                ],
                [
                    1096,
                    1228
                ],
                [
                    1096,
                    1260
                ],
                [
                    997,
                    1260
                ]
            ],
            "text": "closed\"",
            "label": "I_Descri"
        },
        {
            "index": 87,
            "bbox": [
                [
                    1093,
                    1226
                ],
                [
                    1144,
                    1226
                ],
                [
                    1144,
                    1263
                ],
                [
                    1093,
                    1263
                ]
            ],
            "text": "(RS",
            "label": "I_Descri"
        },
        {
            "index": 88,
            "bbox": [
                [
                    1139,
                    1228
                ],
                [
                    1210,
                    1228
                ],
                [
                    1210,
                    1260
                ],
                [
                    1139,
                    1260
                ]
            ],
            "text": "valve",
            "label": "I_Descri"
        },
        {
            "index": 89,
            "bbox": [
                [
                    1207,
                    1228
                ],
                [
                    1274,
                    1228
                ],
                [
                    1274,
                    1263
                ],
                [
                    1207,
                    1263
                ]
            ],
            "text": "type)",
            "label": "I_Descri"
        },
        {
            "index": 90,
            "bbox": [
                [
                    1274,
                    1231
                ],
                [
                    1306,
                    1231
                ],
                [
                    1306,
                    1260
                ],
                [
                    1274,
                    1260
                ]
            ],
            "text": "to",
            "label": "I_Descri"
        },
        {
            "index": 91,
            "bbox": [
                [
                    1303,
                    1231
                ],
                [
                    1427,
                    1231
                ],
                [
                    1427,
                    1263
                ],
                [
                    1303,
                    1263
                ]
            ],
            "text": "\"normally",
            "label": "I_Descri"
        },
        {
            "index": 92,
            "bbox": [
                [
                    506,
                    1265
                ],
                [
                    588,
                    1265
                ],
                [
                    588,
                    1299
                ],
                [
                    506,
                    1299
                ]
            ],
            "text": "open\"",
            "label": "I_Descri"
        },
        {
            "index": 93,
            "bbox": [
                [
                    586,
                    1263
                ],
                [
                    655,
                    1263
                ],
                [
                    655,
                    1297
                ],
                [
                    586,
                    1297
                ]
            ],
            "text": "(ROS",
            "label": "I_Descri"
        },
        {
            "index": 94,
            "bbox": [
                [
                    648,
                    1263
                ],
                [
                    723,
                    1263
                ],
                [
                    723,
                    1295
                ],
                [
                    648,
                    1295
                ]
            ],
            "text": "valve",
            "label": "I_Descri"
        },
        {
            "index": 95,
            "bbox": [
                [
                    719,
                    1263
                ],
                [
                    794,
                    1263
                ],
                [
                    794,
                    1297
                ],
                [
                    719,
                    1297
                ]
            ],
            "text": "type).",
            "label": "I_Descri"
        },
        {
            "index": 96,
            "bbox": [
                [
                    511,
                    1336
                ],
                [
                    625,
                    1336
                ],
                [
                    625,
                    1370
                ],
                [
                    511,
                    1370
                ]
            ],
            "text": "Normally",
            "label": "B_Descri"
        },
        {
            "index": 97,
            "bbox": [
                [
                    623,
                    1333
                ],
                [
                    710,
                    1333
                ],
                [
                    710,
                    1365
                ],
                [
                    623,
                    1365
                ]
            ],
            "text": "closed",
            "label": "I_Descri"
        },
        {
            "index": 98,
            "bbox": [
                [
                    705,
                    1333
                ],
                [
                    757,
                    1333
                ],
                [
                    757,
                    1370
                ],
                [
                    705,
                    1370
                ]
            ],
            "text": "(RS",
            "label": "I_Descri"
        },
        {
            "index": 99,
            "bbox": [
                [
                    755,
                    1333
                ],
                [
                    828,
                    1333
                ],
                [
                    828,
                    1365
                ],
                [
                    755,
                    1365
                ]
            ],
            "text": "valve",
            "label": "I_Descri"
        },
        {
            "index": 100,
            "bbox": [
                [
                    826,
                    1336
                ],
                [
                    895,
                    1336
                ],
                [
                    895,
                    1370
                ],
                [
                    826,
                    1370
                ]
            ],
            "text": "type)",
            "label": "I_Descri"
        },
        {
            "index": 101,
            "bbox": [
                [
                    508,
                    1372
                ],
                [
                    618,
                    1372
                ],
                [
                    618,
                    1402
                ],
                [
                    508,
                    1402
                ]
            ],
            "text": "Actuator",
            "label": "I_Descri"
        },
        {
            "index": 102,
            "bbox": [
                [
                    614,
                    1372
                ],
                [
                    755,
                    1372
                ],
                [
                    755,
                    1402
                ],
                [
                    614,
                    1402
                ]
            ],
            "text": "attachment",
            "label": "I_Descri"
        },
        {
            "index": 103,
            "bbox": [
                [
                    751,
                    1375
                ],
                [
                    783,
                    1375
                ],
                [
                    783,
                    1402
                ],
                [
                    751,
                    1402
                ]
            ],
            "text": "at",
            "label": "I_Descri"
        },
        {
            "index": 104,
            "bbox": [
                [
                    780,
                    1370
                ],
                [
                    828,
                    1370
                ],
                [
                    828,
                    1404
                ],
                [
                    780,
                    1404
                ]
            ],
            "text": "the",
            "label": "I_Descri"
        },
        {
            "index": 105,
            "bbox": [
                [
                    824,
                    1368
                ],
                [
                    874,
                    1368
                ],
                [
                    874,
                    1404
                ],
                [
                    824,
                    1404
                ]
            ],
            "text": "left",
            "label": "I_Descri"
        },
        {
            "index": 106,
            "bbox": [
                [
                    508,
                    1407
                ],
                [
                    616,
                    1407
                ],
                [
                    616,
                    1439
                ],
                [
                    508,
                    1439
                ]
            ],
            "text": "(number",
            "label": "I_Descri"
        },
        {
            "index": 107,
            "bbox": [
                [
                    616,
                    1409
                ],
                [
                    632,
                    1409
                ],
                [
                    632,
                    1436
                ],
                [
                    616,
                    1436
                ]
            ],
            "text": "1",
            "label": "I_Descri"
        },
        {
            "index": 108,
            "bbox": [
                [
                    634,
                    1411
                ],
                [
                    673,
                    1411
                ],
                [
                    673,
                    1436
                ],
                [
                    634,
                    1436
                ]
            ],
            "text": "on",
            "label": "I_Descri"
        },
        {
            "index": 109,
            "bbox": [
                [
                    668,
                    1404
                ],
                [
                    716,
                    1404
                ],
                [
                    716,
                    1439
                ],
                [
                    668,
                    1439
                ]
            ],
            "text": "the",
            "label": "I_Descri"
        },
        {
            "index": 110,
            "bbox": [
                [
                    716,
                    1411
                ],
                [
                    819,
                    1411
                ],
                [
                    819,
                    1434
                ],
                [
                    716,
                    1434
                ]
            ],
            "text": "actuator",
            "label": "I_Descri"
        },
        {
            "index": 111,
            "bbox": [
                [
                    819,
                    1407
                ],
                [
                    961,
                    1407
                ],
                [
                    961,
                    1436
                ],
                [
                    819,
                    1436
                ]
            ],
            "text": "attachment",
            "label": "I_Descri"
        },
        {
            "index": 112,
            "bbox": [
                [
                    956,
                    1404
                ],
                [
                    1036,
                    1404
                ],
                [
                    1036,
                    1436
                ],
                [
                    956,
                    1436
                ]
            ],
            "text": "above",
            "label": "I_Descri"
        },
        {
            "index": 113,
            "bbox": [
                [
                    1034,
                    1407
                ],
                [
                    1132,
                    1407
                ],
                [
                    1132,
                    1436
                ],
                [
                    1034,
                    1436
                ]
            ],
            "text": "number",
            "label": "I_Descri"
        },
        {
            "index": 114,
            "bbox": [
                [
                    1130,
                    1407
                ],
                [
                    1153,
                    1407
                ],
                [
                    1153,
                    1439
                ],
                [
                    1130,
                    1439
                ]
            ],
            "text": "1",
            "label": "I_Descri"
        },
        {
            "index": 115,
            "bbox": [
                [
                    1153,
                    1411
                ],
                [
                    1189,
                    1411
                ],
                [
                    1189,
                    1436
                ],
                [
                    1153,
                    1436
                ]
            ],
            "text": "on",
            "label": "I_Descri"
        },
        {
            "index": 116,
            "bbox": [
                [
                    1189,
                    1407
                ],
                [
                    1297,
                    1407
                ],
                [
                    1297,
                    1441
                ],
                [
                    1189,
                    1441
                ]
            ],
            "text": "housing)",
            "label": "I_Descri"
        },
        {
            "index": 117,
            "bbox": [
                [
                    508,
                    1477
                ],
                [
                    625,
                    1477
                ],
                [
                    625,
                    1512
                ],
                [
                    508,
                    1512
                ]
            ],
            "text": "Normally",
            "label": "B_Descri"
        },
        {
            "index": 118,
            "bbox": [
                [
                    620,
                    1480
                ],
                [
                    691,
                    1480
                ],
                [
                    691,
                    1512
                ],
                [
                    620,
                    1512
                ]
            ],
            "text": "open",
            "label": "I_Descri"
        },
        {
            "index": 119,
            "bbox": [
                [
                    689,
                    1477
                ],
                [
                    757,
                    1477
                ],
                [
                    757,
                    1512
                ],
                [
                    689,
                    1512
                ]
            ],
            "text": "(ROS",
            "label": "I_Descri"
        },
        {
            "index": 120,
            "bbox": [
                [
                    755,
                    1475
                ],
                [
                    828,
                    1475
                ],
                [
                    828,
                    1509
                ],
                [
                    755,
                    1509
                ]
            ],
            "text": "valve",
            "label": "I_Descri"
        },
        {
            "index": 121,
            "bbox": [
                [
                    824,
                    1477
                ],
                [
                    895,
                    1477
                ],
                [
                    895,
                    1512
                ],
                [
                    824,
                    1512
                ]
            ],
            "text": "type)",
            "label": "I_Descri"
        },
        {
            "index": 122,
            "bbox": [
                [
                    511,
                    1518
                ],
                [
                    614,
                    1518
                ],
                [
                    614,
                    1541
                ],
                [
                    511,
                    1541
                ]
            ],
            "text": "Actuator",
            "label": "I_Descri"
        },
        {
            "index": 123,
            "bbox": [
                [
                    614,
                    1514
                ],
                [
                    753,
                    1514
                ],
                [
                    753,
                    1544
                ],
                [
                    614,
                    1544
                ]
            ],
            "text": "attachment",
            "label": "I_Descri"
        },
        {
            "index": 124,
            "bbox": [
                [
                    751,
                    1516
                ],
                [
                    783,
                    1516
                ],
                [
                    783,
                    1544
                ],
                [
                    751,
                    1544
                ]
            ],
            "text": "at",
            "label": "I_Descri"
        },
        {
            "index": 125,
            "bbox": [
                [
                    783,
                    1516
                ],
                [
                    826,
                    1516
                ],
                [
                    826,
                    1544
                ],
                [
                    783,
                    1544
                ]
            ],
            "text": "the",
            "label": "I_Descri"
        },
        {
            "index": 126,
            "bbox": [
                [
                    826,
                    1514
                ],
                [
                    888,
                    1514
                ],
                [
                    888,
                    1548
                ],
                [
                    826,
                    1548
                ]
            ],
            "text": "right",
            "label": "I_Descri"
        },
        {
            "index": 127,
            "bbox": [
                [
                    511,
                    1550
                ],
                [
                    616,
                    1550
                ],
                [
                    616,
                    1582
                ],
                [
                    511,
                    1582
                ]
            ],
            "text": "(number",
            "label": "I_Descri"
        },
        {
            "index": 128,
            "bbox": [
                [
                    614,
                    1550
                ],
                [
                    639,
                    1550
                ],
                [
                    639,
                    1582
                ],
                [
                    614,
                    1582
                ]
            ],
            "text": "2",
            "label": "I_Descri"
        },
        {
            "index": 129,
            "bbox": [
                [
                    634,
                    1553
                ],
                [
                    673,
                    1553
                ],
                [
                    673,
                    1580
                ],
                [
                    634,
                    1580
                ]
            ],
            "text": "on",
            "label": "I_Descri"
        },
        {
            "index": 130,
            "bbox": [
                [
                    668,
                    1548
                ],
                [
                    716,
                    1548
                ],
                [
                    716,
                    1582
                ],
                [
                    668,
                    1582
                ]
            ],
            "text": "the",
            "label": "I_Descri"
        },
        {
            "index": 131,
            "bbox": [
                [
                    714,
                    1550
                ],
                [
                    821,
                    1550
                ],
                [
                    821,
                    1580
                ],
                [
                    714,
                    1580
                ]
            ],
            "text": "actuator",
            "label": "I_Descri"
        },
        {
            "index": 132,
            "bbox": [
                [
                    819,
                    1550
                ],
                [
                    961,
                    1550
                ],
                [
                    961,
                    1580
                ],
                [
                    819,
                    1580
                ]
            ],
            "text": "attachment",
            "label": "I_Descri"
        },
        {
            "index": 133,
            "bbox": [
                [
                    958,
                    1553
                ],
                [
                    1034,
                    1553
                ],
                [
                    1034,
                    1578
                ],
                [
                    958,
                    1578
                ]
            ],
            "text": "above",
            "label": "I_Descri"
        },
        {
            "index": 134,
            "bbox": [
                [
                    1034,
                    1550
                ],
                [
                    1132,
                    1550
                ],
                [
                    1132,
                    1580
                ],
                [
                    1034,
                    1580
                ]
            ],
            "text": "number",
            "label": "I_Descri"
        },
        {
            "index": 135,
            "bbox": [
                [
                    1130,
                    1548
                ],
                [
                    1155,
                    1548
                ],
                [
                    1155,
                    1582
                ],
                [
                    1130,
                    1582
                ]
            ],
            "text": "2",
            "label": "I_Descri"
        },
        {
            "index": 136,
            "bbox": [
                [
                    1153,
                    1553
                ],
                [
                    1189,
                    1553
                ],
                [
                    1189,
                    1580
                ],
                [
                    1153,
                    1580
                ]
            ],
            "text": "on",
            "label": "I_Descri"
        },
        {
            "index": 137,
            "bbox": [
                [
                    1189,
                    1550
                ],
                [
                    1297,
                    1550
                ],
                [
                    1297,
                    1582
                ],
                [
                    1189,
                    1582
                ]
            ],
            "text": "housing)",
            "label": "I_Descri"
        },
        {
            "index": 138,
            "bbox": [
                [
                    154,
                    1656
                ],
                [
                    273,
                    1656
                ],
                [
                    273,
                    1685
                ],
                [
                    154,
                    1685
                ]
            ],
            "text": "Technical",
            "label": "B_Section"
        },
        {
            "index": 139,
            "bbox": [
                [
                    266,
                    1656
                ],
                [
                    333,
                    1656
                ],
                [
                    333,
                    1688
                ],
                [
                    266,
                    1688
                ]
            ],
            "text": "data",
            "label": "I_Section"
        },
        {
            "index": 140,
            "bbox": [
                [
                    524,
                    1662
                ],
                [
                    632,
                    1662
                ],
                [
                    632,
                    1685
                ],
                [
                    524,
                    1685
                ]
            ],
            "text": "Pneumatic",
            "label": "B_Prop"
        },
        {
            "index": 141,
            "bbox": [
                [
                    522,
                    1713
                ],
                [
                    611,
                    1713
                ],
                [
                    611,
                    1742
                ],
                [
                    522,
                    1742
                ]
            ],
            "text": "Medium",
            "label": "B_Prop"
        },
        {
            "index": 142,
            "bbox": [
                [
                    879,
                    1717
                ],
                [
                    1002,
                    1717
                ],
                [
                    1002,
                    1740
                ],
                [
                    879,
                    1740
                ]
            ],
            "text": "Compressed",
            "label": "B_Value"
        },
        {
            "index": 143,
            "bbox": [
                [
                    997,
                    1715
                ],
                [
                    1038,
                    1715
                ],
                [
                    1038,
                    1742
                ],
                [
                    997,
                    1742
                ]
            ],
            "text": "air,",
            "label": "I_Value"
        },
        {
            "index": 144,
            "bbox": [
                [
                    1034,
                    1715
                ],
                [
                    1109,
                    1715
                ],
                [
                    1109,
                    1740
                ],
                [
                    1034,
                    1740
                ]
            ],
            "text": "filtered",
            "label": "I_Value"
        },
        {
            "index": 145,
            "bbox": [
                [
                    1105,
                    1713
                ],
                [
                    1217,
                    1713
                ],
                [
                    1217,
                    1742
                ],
                [
                    1105,
                    1742
                ]
            ],
            "text": "(lubricated",
            "label": "I_Value"
        },
        {
            "index": 146,
            "bbox": [
                [
                    1210,
                    1715
                ],
                [
                    1239,
                    1715
                ],
                [
                    1239,
                    1742
                ],
                [
                    1210,
                    1742
                ]
            ],
            "text": "or",
            "label": "I_Value"
        },
        {
            "index": 147,
            "bbox": [
                [
                    1235,
                    1713
                ],
                [
                    1370,
                    1713
                ],
                [
                    1370,
                    1742
                ],
                [
                    1235,
                    1742
                ]
            ],
            "text": "unlubricated)",
            "label": "I_Value"
        },
        {
            "index": 148,
            "bbox": [
                [
                    522,
                    1761
                ],
                [
                    600,
                    1761
                ],
                [
                    600,
                    1793
                ],
                [
                    522,
                    1793
                ]
            ],
            "text": "Design",
            "label": "B_Prop"
        },
        {
            "index": 149,
            "bbox": [
                [
                    876,
                    1761
                ],
                [
                    954,
                    1761
                ],
                [
                    954,
                    1793
                ],
                [
                    876,
                    1793
                ]
            ],
            "text": "Poppet",
            "label": "B_Value"
        },
        {
            "index": 150,
            "bbox": [
                [
                    947,
                    1758
                ],
                [
                    1013,
                    1758
                ],
                [
                    1013,
                    1790
                ],
                [
                    947,
                    1790
                ]
            ],
            "text": "valve,",
            "label": "I_Value"
        },
        {
            "index": 151,
            "bbox": [
                [
                    1011,
                    1763
                ],
                [
                    1089,
                    1763
                ],
                [
                    1089,
                    1788
                ],
                [
                    1011,
                    1788
                ]
            ],
            "text": "directly",
            "label": "I_Value"
        },
        {
            "index": 152,
            "bbox": [
                [
                    1082,
                    1758
                ],
                [
                    1175,
                    1758
                ],
                [
                    1175,
                    1788
                ],
                [
                    1082,
                    1788
                ]
            ],
            "text": "actuated",
            "label": "I_Value"
        },
        {
            "index": 153,
            "bbox": [
                [
                    1169,
                    1761
                ],
                [
                    1203,
                    1761
                ],
                [
                    1203,
                    1788
                ],
                [
                    1169,
                    1788
                ]
            ],
            "text": "on",
            "label": "I_Value"
        },
        {
            "index": 154,
            "bbox": [
                [
                    1198,
                    1763
                ],
                [
                    1242,
                    1763
                ],
                [
                    1242,
                    1788
                ],
                [
                    1198,
                    1788
                ]
            ],
            "text": "one",
            "label": "I_Value"
        },
        {
            "index": 155,
            "bbox": [
                [
                    1237,
                    1758
                ],
                [
                    1294,
                    1758
                ],
                [
                    1294,
                    1790
                ],
                [
                    1237,
                    1790
                ]
            ],
            "text": "side,",
            "label": "I_Value"
        },
        {
            "index": 156,
            "bbox": [
                [
                    1287,
                    1761
                ],
                [
                    1335,
                    1761
                ],
                [
                    1335,
                    1786
                ],
                [
                    1287,
                    1786
                ]
            ],
            "text": "with",
            "label": "I_Value"
        },
        {
            "index": 157,
            "bbox": [
                [
                    1333,
                    1763
                ],
                [
                    1399,
                    1763
                ],
                [
                    1399,
                    1786
                ],
                [
                    1333,
                    1786
                ]
            ],
            "text": "return",
            "label": "I_Value"
        },
        {
            "index": 158,
            "bbox": [
                [
                    1392,
                    1761
                ],
                [
                    1463,
                    1761
                ],
                [
                    1463,
                    1793
                ],
                [
                    1392,
                    1793
                ]
            ],
            "text": "spring",
            "label": "I_Value"
        },
        {
            "index": 159,
            "bbox": [
                [
                    524,
                    1811
                ],
                [
                    614,
                    1811
                ],
                [
                    614,
                    1834
                ],
                [
                    524,
                    1834
                ]
            ],
            "text": "Pressure",
            "label": "B_Prop"
        },
        {
            "index": 160,
            "bbox": [
                [
                    609,
                    1809
                ],
                [
                    675,
                    1809
                ],
                [
                    675,
                    1841
                ],
                [
                    609,
                    1841
                ]
            ],
            "text": "range",
            "label": "I_Prop"
        },
        {
            "index": 161,
            "bbox": [
                [
                    879,
                    1811
                ],
                [
                    936,
                    1811
                ],
                [
                    936,
                    1834
                ],
                [
                    879,
                    1834
                ]
            ],
            "text": "350-",
            "label": "B_Value"
        },
        {
            "index": 162,
            "bbox": [
                [
                    933,
                    1809
                ],
                [
                    979,
                    1809
                ],
                [
                    979,
                    1834
                ],
                [
                    933,
                    1834
                ]
            ],
            "text": "8001",
            "label": "I_Value"
        },
        {
            "index": 163,
            "bbox": [
                [
                    974,
                    1809
                ],
                [
                    1018,
                    1809
                ],
                [
                    1018,
                    1834
                ],
                [
                    974,
                    1834
                ]
            ],
            "text": "kPa",
            "label": "I_Value"
        },
        {
            "index": 164,
            "bbox": [
                [
                    1016,
                    1809
                ],
                [
                    1059,
                    1809
                ],
                [
                    1059,
                    1836
                ],
                [
                    1016,
                    1836
                ]
            ],
            "text": "(3.5",
            "label": "I_Value"
        },
        {
            "index": 165,
            "bbox": [
                [
                    1061,
                    1806
                ],
                [
                    1137,
                    1806
                ],
                [
                    1137,
                    1838
                ],
                [
                    1061,
                    1838
                ]
            ],
            "text": "8bar)",
            "label": "I_Value"
        },
        {
            "index": 166,
            "bbox": [
                [
                    522,
                    1852
                ],
                [
                    620,
                    1852
                ],
                [
                    620,
                    1882
                ],
                [
                    522,
                    1882
                ]
            ],
            "text": "Standard",
            "label": "B_Prop"
        },
        {
            "index": 167,
            "bbox": [
                [
                    611,
                    1852
                ],
                [
                    700,
                    1852
                ],
                [
                    700,
                    1882
                ],
                [
                    611,
                    1882
                ]
            ],
            "text": "nominal",
            "label": "I_Prop"
        },
        {
            "index": 168,
            "bbox": [
                [
                    696,
                    1854
                ],
                [
                    744,
                    1854
                ],
                [
                    744,
                    1879
                ],
                [
                    696,
                    1879
                ]
            ],
            "text": "flow",
            "label": "I_Prop"
        },
        {
            "index": 169,
            "bbox": [
                [
                    739,
                    1857
                ],
                [
                    785,
                    1857
                ],
                [
                    785,
                    1882
                ],
                [
                    739,
                    1882
                ]
            ],
            "text": "rate",
            "label": "I_Prop"
        },
        {
            "index": 170,
            "bbox": [
                [
                    783,
                    1854
                ],
                [
                    831,
                    1854
                ],
                [
                    831,
                    1879
                ],
                [
                    783,
                    1879
                ]
            ],
            "text": "1...2",
            "label": "I_Prop"
        },
        {
            "index": 171,
            "bbox": [
                [
                    879,
                    1852
                ],
                [
                    979,
                    1852
                ],
                [
                    979,
                    1882
                ],
                [
                    879,
                    1882
                ]
            ],
            "text": "1201/min",
            "label": "B_Value"
        },
        {
            "index": 172,
            "bbox": [
                [
                    522,
                    1902
                ],
                [
                    623,
                    1902
                ],
                [
                    623,
                    1932
                ],
                [
                    522,
                    1932
                ]
            ],
            "text": "Actuating",
            "label": "B_Prop"
        },
        {
            "index": 173,
            "bbox": [
                [
                    616,
                    1900
                ],
                [
                    675,
                    1900
                ],
                [
                    675,
                    1932
                ],
                [
                    616,
                    1932
                ]
            ],
            "text": "force",
            "label": "I_Prop"
        },
        {
            "index": 174,
            "bbox": [
                [
                    668,
                    1902
                ],
                [
                    698,
                    1902
                ],
                [
                    698,
                    1930
                ],
                [
                    668,
                    1930
                ]
            ],
            "text": "at",
            "label": "I_Prop"
        },
        {
            "index": 175,
            "bbox": [
                [
                    694,
                    1902
                ],
                [
                    737,
                    1902
                ],
                [
                    737,
                    1930
                ],
                [
                    694,
                    1930
                ]
            ],
            "text": "600",
            "label": "I_Prop"
        },
        {
            "index": 176,
            "bbox": [
                [
                    732,
                    1902
                ],
                [
                    776,
                    1902
                ],
                [
                    776,
                    1927
                ],
                [
                    732,
                    1927
                ]
            ],
            "text": "kPa",
            "label": "I_Prop"
        },
        {
            "index": 177,
            "bbox": [
                [
                    773,
                    1900
                ],
                [
                    801,
                    1900
                ],
                [
                    801,
                    1932
                ],
                [
                    773,
                    1932
                ]
            ],
            "text": "(6",
            "label": "I_Prop"
        },
        {
            "index": 178,
            "bbox": [
                [
                    796,
                    1898
                ],
                [
                    844,
                    1898
                ],
                [
                    844,
                    1932
                ],
                [
                    796,
                    1932
                ]
            ],
            "text": "bar)",
            "label": "I_Prop"
        },
        {
            "index": 179,
            "bbox": [
                [
                    879,
                    1902
                ],
                [
                    917,
                    1902
                ],
                [
                    917,
                    1930
                ],
                [
                    879,
                    1930
                ]
            ],
            "text": "1,8",
            "label": "B_Value"
        },
        {
            "index": 180,
            "bbox": [
                [
                    911,
                    1900
                ],
                [
                    936,
                    1900
                ],
                [
                    936,
                    1930
                ],
                [
                    911,
                    1930
                ]
            ],
            "text": "N",
            "label": "B_Unit"
        },
        {
            "index": 181,
            "bbox": [
                [
                    524,
                    1950
                ],
                [
                    639,
                    1950
                ],
                [
                    639,
                    1973
                ],
                [
                    524,
                    1973
                ]
            ],
            "text": "Connection",
            "label": "B_Prop"
        },
        {
            "index": 182,
            "bbox": [
                [
                    876,
                    1948
                ],
                [
                    1002,
                    1948
                ],
                [
                    1002,
                    1978
                ],
                [
                    876,
                    1978
                ]
            ],
            "text": "QSML-1/8-4",
            "label": "B_Value"
        },
        {
            "index": 183,
            "bbox": [
                [
                    995,
                    1948
                ],
                [
                    1073,
                    1948
                ],
                [
                    1073,
                    1980
                ],
                [
                    995,
                    1980
                ]
            ],
            "text": "fittings",
            "label": "I_Value"
        },
        {
            "index": 184,
            "bbox": [
                [
                    1068,
                    1948
                ],
                [
                    1102,
                    1948
                ],
                [
                    1102,
                    1975
                ],
                [
                    1068,
                    1975
                ]
            ],
            "text": "for",
            "label": "I_Value"
        },
        {
            "index": 185,
            "bbox": [
                [
                    1098,
                    1950
                ],
                [
                    1166,
                    1950
                ],
                [
                    1166,
                    1975
                ],
                [
                    1098,
                    1975
                ]
            ],
            "text": "plastic",
            "label": "I_Value"
        },
        {
            "index": 186,
            "bbox": [
                [
                    1164,
                    1948
                ],
                [
                    1235,
                    1948
                ],
                [
                    1235,
                    1980
                ],
                [
                    1164,
                    1980
                ]
            ],
            "text": "tubing",
            "label": "I_Value"
        },
        {
            "index": 187,
            "bbox": [
                [
                    1230,
                    1950
                ],
                [
                    1278,
                    1950
                ],
                [
                    1278,
                    1975
                ],
                [
                    1230,
                    1975
                ]
            ],
            "text": "PUN",
            "label": "I_Value"
        },
        {
            "index": 188,
            "bbox": [
                [
                    1271,
                    1948
                ],
                [
                    1358,
                    1948
                ],
                [
                    1358,
                    1978
                ],
                [
                    1271,
                    1978
                ]
            ],
            "text": "4x0.75",
            "label": "I_Value"
        },
        {
            "index": 189,
            "bbox": [
                [
                    152,
                    2137
                ],
                [
                    182,
                    2137
                ],
                [
                    182,
                    2167
                ],
                [
                    152,
                    2167
                ]
            ],
            "text": "o",
            "label": "Out"
        },
        {
            "index": 190,
            "bbox": [
                [
                    175,
                    2137
                ],
                [
                    237,
                    2137
                ],
                [
                    237,
                    2169
                ],
                [
                    175,
                    2169
                ]
            ],
            "text": "Festo",
            "label": "Out"
        },
        {
            "index": 191,
            "bbox": [
                [
                    230,
                    2137
                ],
                [
                    317,
                    2137
                ],
                [
                    317,
                    2167
                ],
                [
                    230,
                    2167
                ]
            ],
            "text": "Didactic",
            "label": "Out"
        },
        {
            "index": 192,
            "bbox": [
                [
                    312,
                    2140
                ],
                [
                    378,
                    2140
                ],
                [
                    378,
                    2165
                ],
                [
                    312,
                    2165
                ]
            ],
            "text": "GmbH",
            "label": "Out"
        },
        {
            "index": 193,
            "bbox": [
                [
                    374,
                    2137
                ],
                [
                    399,
                    2137
                ],
                [
                    399,
                    2167
                ],
                [
                    374,
                    2167
                ]
            ],
            "text": "&",
            "label": "Out"
        },
        {
            "index": 194,
            "bbox": [
                [
                    394,
                    2140
                ],
                [
                    433,
                    2140
                ],
                [
                    433,
                    2167
                ],
                [
                    394,
                    2167
                ]
            ],
            "text": "Co.",
            "label": "Out"
        },
        {
            "index": 195,
            "bbox": [
                [
                    431,
                    2140
                ],
                [
                    472,
                    2140
                ],
                [
                    472,
                    2167
                ],
                [
                    431,
                    2167
                ]
            ],
            "text": "KG,",
            "label": "Out"
        },
        {
            "index": 196,
            "bbox": [
                [
                    472,
                    2137
                ],
                [
                    561,
                    2137
                ],
                [
                    561,
                    2169
                ],
                [
                    472,
                    2169
                ]
            ],
            "text": "02/2009",
            "label": "Out"
        },
        {
            "index": 197,
            "bbox": [
                [
                    904,
                    2137
                ],
                [
                    984,
                    2137
                ],
                [
                    984,
                    2169
                ],
                [
                    904,
                    2169
                ]
            ],
            "text": "Subject",
            "label": "Out"
        },
        {
            "index": 198,
            "bbox": [
                [
                    977,
                    2142
                ],
                [
                    1009,
                    2142
                ],
                [
                    1009,
                    2167
                ],
                [
                    977,
                    2167
                ]
            ],
            "text": "to",
            "label": "Out"
        },
        {
            "index": 199,
            "bbox": [
                [
                    1004,
                    2142
                ],
                [
                    1077,
                    2142
                ],
                [
                    1077,
                    2167
                ],
                [
                    1004,
                    2167
                ]
            ],
            "text": "change",
            "label": "Out"
        },
        {
            "index": 200,
            "bbox": [
                [
                    1447,
                    2135
                ],
                [
                    1500,
                    2135
                ],
                [
                    1500,
                    2172
                ],
                [
                    1447,
                    2172
                ]
            ],
            "text": "1/1",
            "label": "Out"
        }
    ]
}