{
    "datasheet": [
        {
            "index": 0,
            "bbox": [
                [
                    187,
                    148
                ],
                [
                    573,
                    148
                ],
                [
                    573,
                    219
                ],
                [
                    187,
                    219
                ]
            ],
            "text": "pumpa",
            "label": "Out"
        },
        {
            "index": 1,
            "bbox": [
                [
                    1075,
                    175
                ],
                [
                    1199,
                    175
                ],
                [
                    1199,
                    207
                ],
                [
                    1075,
                    207
                ]
            ],
            "text": "PUMPA",
            "label": "B_Descri"
        },
        {
            "index": 2,
            "bbox": [
                [
                    1201,
                    175
                ],
                [
                    1286,
                    175
                ],
                [
                    1286,
                    207
                ],
                [
                    1201,
                    207
                ]
            ],
            "text": "BLUE",
            "label": "I_Descri"
        },
        {
            "index": 3,
            "bbox": [
                [
                    1288,
                    175
                ],
                [
                    1366,
                    175
                ],
                [
                    1366,
                    207
                ],
                [
                    1288,
                    207
                ]
            ],
            "text": "LINE",
            "label": "I_Descri"
        },
        {
            "index": 4,
            "bbox": [
                [
                    1368,
                    175
                ],
                [
                    1439,
                    175
                ],
                [
                    1439,
                    207
                ],
                [
                    1368,
                    207
                ]
            ],
            "text": "PJM",
            "label": "I_Descri"
        },
        {
            "index": 5,
            "bbox": [
                [
                    1443,
                    175
                ],
                [
                    1523,
                    175
                ],
                [
                    1523,
                    207
                ],
                [
                    1443,
                    207
                ]
            ],
            "text": "101C",
            "label": "I_Descri"
        },
        {
            "index": 6,
            "bbox": [
                [
                    187,
                    296
                ],
                [
                    363,
                    296
                ],
                [
                    363,
                    363
                ],
                [
                    187,
                    363
                ]
            ],
            "text": "blue",
            "label": "Out"
        },
        {
            "index": 7,
            "bbox": [
                [
                    404,
                    296
                ],
                [
                    548,
                    296
                ],
                [
                    548,
                    365
                ],
                [
                    404,
                    365
                ]
            ],
            "text": "line",
            "label": "Out"
        },
        {
            "index": 8,
            "bbox": [
                [
                    130,
                    459
                ],
                [
                    440,
                    459
                ],
                [
                    440,
                    539
                ],
                [
                    130,
                    539
                ]
            ],
            "text": "self-priming",
            "label": "B_Descri"
        },
        {
            "index": 9,
            "bbox": [
                [
                    459,
                    468
                ],
                [
                    673,
                    468
                ],
                [
                    673,
                    520
                ],
                [
                    459,
                    520
                ]
            ],
            "text": "stainless",
            "label": "I_Descri"
        },
        {
            "index": 10,
            "bbox": [
                [
                    685,
                    468
                ],
                [
                    815,
                    468
                ],
                [
                    815,
                    523
                ],
                [
                    685,
                    523
                ]
            ],
            "text": "steel",
            "label": "I_Descri"
        },
        {
            "index": 11,
            "bbox": [
                [
                    121,
                    532
                ],
                [
                    221,
                    532
                ],
                [
                    221,
                    605
                ],
                [
                    121,
                    605
                ]
            ],
            "text": "JET",
            "label": "I_Descri"
        },
        {
            "index": 12,
            "bbox": [
                [
                    230,
                    550
                ],
                [
                    390,
                    550
                ],
                [
                    390,
                    614
                ],
                [
                    230,
                    614
                ]
            ],
            "text": "pump",
            "label": "I_Descri"
        },
        {
            "index": 13,
            "bbox": [
                [
                    139,
                    637
                ],
                [
                    331,
                    637
                ],
                [
                    331,
                    698
                ],
                [
                    139,
                    698
                ]
            ],
            "text": "BLUE",
            "label": "B_Descri"
        },
        {
            "index": 14,
            "bbox": [
                [
                    356,
                    637
                ],
                [
                    534,
                    637
                ],
                [
                    534,
                    698
                ],
                [
                    356,
                    698
                ]
            ],
            "text": "LINE",
            "label": "I_Descri"
        },
        {
            "index": 15,
            "bbox": [
                [
                    137,
                    730
                ],
                [
                    294,
                    730
                ],
                [
                    294,
                    792
                ],
                [
                    137,
                    792
                ]
            ],
            "text": "PJM",
            "label": "I_Descri"
        },
        {
            "index": 16,
            "bbox": [
                [
                    329,
                    728
                ],
                [
                    509,
                    728
                ],
                [
                    509,
                    794
                ],
                [
                    329,
                    794
                ]
            ],
            "text": "1010",
            "label": "I_Descri"
        },
        {
            "index": 17,
            "bbox": [
                [
                    130,
                    826
                ],
                [
                    196,
                    826
                ],
                [
                    196,
                    863
                ],
                [
                    130,
                    863
                ]
            ],
            "text": "The",
            "label": "B_Descri"
        },
        {
            "index": 18,
            "bbox": [
                [
                    198,
                    826
                ],
                [
                    315,
                    826
                ],
                [
                    315,
                    861
                ],
                [
                    198,
                    861
                ]
            ],
            "text": "surface",
            "label": "I_Descri"
        },
        {
            "index": 19,
            "bbox": [
                [
                    315,
                    829
                ],
                [
                    408,
                    829
                ],
                [
                    408,
                    870
                ],
                [
                    315,
                    870
                ]
            ],
            "text": "pump",
            "label": "I_Descri"
        },
        {
            "index": 20,
            "bbox": [
                [
                    406,
                    826
                ],
                [
                    477,
                    826
                ],
                [
                    477,
                    863
                ],
                [
                    406,
                    863
                ]
            ],
            "text": "with",
            "label": "I_Descri"
        },
        {
            "index": 21,
            "bbox": [
                [
                    477,
                    831
                ],
                [
                    502,
                    831
                ],
                [
                    502,
                    863
                ],
                [
                    477,
                    863
                ]
            ],
            "text": "a",
            "label": "I_Descri"
        },
        {
            "index": 22,
            "bbox": [
                [
                    502,
                    826
                ],
                [
                    641,
                    826
                ],
                [
                    641,
                    861
                ],
                [
                    502,
                    861
                ]
            ],
            "text": "stainless",
            "label": "I_Descri"
        },
        {
            "index": 23,
            "bbox": [
                [
                    644,
                    826
                ],
                [
                    721,
                    826
                ],
                [
                    721,
                    861
                ],
                [
                    644,
                    861
                ]
            ],
            "text": "steel",
            "label": "I_Descri"
        },
        {
            "index": 24,
            "bbox": [
                [
                    130,
                    867
                ],
                [
                    226,
                    867
                ],
                [
                    226,
                    909
                ],
                [
                    130,
                    909
                ]
            ],
            "text": "pump",
            "label": "I_Descri"
        },
        {
            "index": 25,
            "bbox": [
                [
                    226,
                    867
                ],
                [
                    345,
                    867
                ],
                [
                    345,
                    902
                ],
                [
                    226,
                    902
                ]
            ],
            "text": "housing",
            "label": "I_Descri"
        },
        {
            "index": 26,
            "bbox": [
                [
                    349,
                    865
                ],
                [
                    381,
                    865
                ],
                [
                    381,
                    902
                ],
                [
                    349,
                    902
                ]
            ],
            "text": "is",
            "label": "I_Descri"
        },
        {
            "index": 27,
            "bbox": [
                [
                    381,
                    863
                ],
                [
                    523,
                    863
                ],
                [
                    523,
                    906
                ],
                [
                    381,
                    906
                ]
            ],
            "text": "designed",
            "label": "I_Descri"
        },
        {
            "index": 28,
            "bbox": [
                [
                    523,
                    863
                ],
                [
                    575,
                    863
                ],
                [
                    575,
                    902
                ],
                [
                    523,
                    902
                ]
            ],
            "text": "for",
            "label": "I_Descri"
        },
        {
            "index": 29,
            "bbox": [
                [
                    575,
                    865
                ],
                [
                    717,
                    865
                ],
                [
                    717,
                    899
                ],
                [
                    575,
                    899
                ]
            ],
            "text": "domestic",
            "label": "I_Descri"
        },
        {
            "index": 30,
            "bbox": [
                [
                    130,
                    909
                ],
                [
                    201,
                    909
                ],
                [
                    201,
                    943
                ],
                [
                    130,
                    943
                ]
            ],
            "text": "use,",
            "label": "I_Descri"
        },
        {
            "index": 31,
            "bbox": [
                [
                    201,
                    904
                ],
                [
                    251,
                    904
                ],
                [
                    251,
                    941
                ],
                [
                    201,
                    941
                ]
            ],
            "text": "for",
            "label": "I_Descri"
        },
        {
            "index": 32,
            "bbox": [
                [
                    253,
                    909
                ],
                [
                    383,
                    909
                ],
                [
                    383,
                    943
                ],
                [
                    253,
                    943
                ]
            ],
            "text": "pumping",
            "label": "I_Descri"
        },
        {
            "index": 33,
            "bbox": [
                [
                    388,
                    904
                ],
                [
                    475,
                    904
                ],
                [
                    475,
                    941
                ],
                [
                    388,
                    941
                ]
            ],
            "text": "clean",
            "label": "I_Descri"
        },
        {
            "index": 34,
            "bbox": [
                [
                    475,
                    904
                ],
                [
                    564,
                    904
                ],
                [
                    564,
                    938
                ],
                [
                    475,
                    938
                ]
            ],
            "text": "water",
            "label": "I_Descri"
        },
        {
            "index": 35,
            "bbox": [
                [
                    564,
                    902
                ],
                [
                    635,
                    902
                ],
                [
                    635,
                    938
                ],
                [
                    564,
                    938
                ]
            ],
            "text": "with",
            "label": "I_Descri"
        },
        {
            "index": 36,
            "bbox": [
                [
                    632,
                    909
                ],
                [
                    660,
                    909
                ],
                [
                    660,
                    941
                ],
                [
                    632,
                    941
                ]
            ],
            "text": "a",
            "label": "I_Descri"
        },
        {
            "index": 37,
            "bbox": [
                [
                    130,
                    938
                ],
                [
                    281,
                    938
                ],
                [
                    281,
                    977
                ],
                [
                    130,
                    977
                ]
            ],
            "text": "minimum",
            "label": "I_Descri"
        },
        {
            "index": 38,
            "bbox": [
                [
                    278,
                    943
                ],
                [
                    399,
                    943
                ],
                [
                    399,
                    977
                ],
                [
                    278,
                    977
                ]
            ],
            "text": "amount",
            "label": "I_Descri"
        },
        {
            "index": 39,
            "bbox": [
                [
                    397,
                    936
                ],
                [
                    440,
                    936
                ],
                [
                    440,
                    979
                ],
                [
                    397,
                    979
                ]
            ],
            "text": "of",
            "label": "I_Descri"
        },
        {
            "index": 40,
            "bbox": [
                [
                    438,
                    941
                ],
                [
                    600,
                    941
                ],
                [
                    600,
                    982
                ],
                [
                    438,
                    982
                ]
            ],
            "text": "impurities.",
            "label": "I_Descri"
        },
        {
            "index": 41,
            "bbox": [
                [
                    130,
                    1142
                ],
                [
                    313,
                    1142
                ],
                [
                    313,
                    1180
                ],
                [
                    130,
                    1180
                ]
            ],
            "text": "Application",
            "label": "B_Section"
        },
        {
            "index": 42,
            "bbox": [
                [
                    155,
                    1185
                ],
                [
                    249,
                    1185
                ],
                [
                    249,
                    1219
                ],
                [
                    155,
                    1219
                ]
            ],
            "text": "Pumping",
            "label": "B_Descri"
        },
        {
            "index": 43,
            "bbox": [
                [
                    246,
                    1187
                ],
                [
                    308,
                    1187
                ],
                [
                    308,
                    1212
                ],
                [
                    246,
                    1212
                ]
            ],
            "text": "water",
            "label": "I_Descri"
        },
        {
            "index": 44,
            "bbox": [
                [
                    303,
                    1183
                ],
                [
                    363,
                    1183
                ],
                [
                    363,
                    1215
                ],
                [
                    303,
                    1215
                ]
            ],
            "text": "from",
            "label": "I_Descri"
        },
        {
            "index": 45,
            "bbox": [
                [
                    356,
                    1183
                ],
                [
                    418,
                    1183
                ],
                [
                    418,
                    1215
                ],
                [
                    356,
                    1215
                ]
            ],
            "text": "wells",
            "label": "I_Descri"
        },
        {
            "index": 46,
            "bbox": [
                [
                    413,
                    1187
                ],
                [
                    456,
                    1187
                ],
                [
                    456,
                    1212
                ],
                [
                    413,
                    1212
                ]
            ],
            "text": "and",
            "label": "I_Descri"
        },
        {
            "index": 47,
            "bbox": [
                [
                    454,
                    1185
                ],
                [
                    562,
                    1185
                ],
                [
                    562,
                    1215
                ],
                [
                    454,
                    1215
                ]
            ],
            "text": "reservoirs",
            "label": "I_Descri"
        },
        {
            "index": 48,
            "bbox": [
                [
                    150,
                    1222
                ],
                [
                    219,
                    1222
                ],
                [
                    219,
                    1256
                ],
                [
                    150,
                    1256
                ]
            ],
            "text": "Smalli",
            "label": "B_Descri"
        },
        {
            "index": 49,
            "bbox": [
                [
                    214,
                    1226
                ],
                [
                    308,
                    1226
                ],
                [
                    308,
                    1258
                ],
                [
                    214,
                    1258
                ]
            ],
            "text": "irrigation",
            "label": "I_Descri"
        },
        {
            "index": 50,
            "bbox": [
                [
                    150,
                    1263
                ],
                [
                    242,
                    1263
                ],
                [
                    242,
                    1295
                ],
                [
                    150,
                    1295
                ]
            ],
            "text": "Suitable",
            "label": "B_Descri"
        },
        {
            "index": 51,
            "bbox": [
                [
                    237,
                    1263
                ],
                [
                    271,
                    1263
                ],
                [
                    271,
                    1290
                ],
                [
                    237,
                    1290
                ]
            ],
            "text": "for",
            "label": "I_Descri"
        },
        {
            "index": 52,
            "bbox": [
                [
                    269,
                    1265
                ],
                [
                    365,
                    1265
                ],
                [
                    365,
                    1295
                ],
                [
                    269,
                    1295
                ]
            ],
            "text": "pressure",
            "label": "I_Descri"
        },
        {
            "index": 53,
            "bbox": [
                [
                    358,
                    1265
                ],
                [
                    429,
                    1265
                ],
                [
                    429,
                    1290
                ],
                [
                    358,
                    1290
                ]
            ],
            "text": "vessel",
            "label": "I_Descri"
        },
        {
            "index": 54,
            "bbox": [
                [
                    424,
                    1265
                ],
                [
                    463,
                    1265
                ],
                [
                    463,
                    1290
                ],
                [
                    424,
                    1290
                ]
            ],
            "text": "for",
            "label": "I_Descri"
        },
        {
            "index": 55,
            "bbox": [
                [
                    459,
                    1267
                ],
                [
                    502,
                    1267
                ],
                [
                    502,
                    1292
                ],
                [
                    459,
                    1292
                ]
            ],
            "text": "use",
            "label": "I_Descri"
        },
        {
            "index": 56,
            "bbox": [
                [
                    498,
                    1267
                ],
                [
                    534,
                    1267
                ],
                [
                    534,
                    1292
                ],
                [
                    498,
                    1292
                ]
            ],
            "text": "as",
            "label": "I_Descri"
        },
        {
            "index": 57,
            "bbox": [
                [
                    530,
                    1270
                ],
                [
                    548,
                    1270
                ],
                [
                    548,
                    1290
                ],
                [
                    530,
                    1290
                ]
            ],
            "text": "a",
            "label": "I_Descri"
        },
        {
            "index": 58,
            "bbox": [
                [
                    543,
                    1265
                ],
                [
                    639,
                    1265
                ],
                [
                    639,
                    1295
                ],
                [
                    543,
                    1295
                ]
            ],
            "text": "pressurel",
            "label": "I_Descri"
        },
        {
            "index": 59,
            "bbox": [
                [
                    632,
                    1263
                ],
                [
                    719,
                    1263
                ],
                [
                    719,
                    1295
                ],
                [
                    632,
                    1295
                ]
            ],
            "text": "booster",
            "label": "I_Descri"
        },
        {
            "index": 60,
            "bbox": [
                [
                    712,
                    1265
                ],
                [
                    781,
                    1265
                ],
                [
                    781,
                    1297
                ],
                [
                    712,
                    1297
                ]
            ],
            "text": "pump",
            "label": "I_Descri"
        },
        {
            "index": 61,
            "bbox": [
                [
                    141,
                    1386
                ],
                [
                    210,
                    1386
                ],
                [
                    210,
                    1411
                ],
                [
                    141,
                    1411
                ]
            ],
            "text": "Model",
            "label": "B_Section"
        },
        {
            "index": 62,
            "bbox": [
                [
                    550,
                    1386
                ],
                [
                    600,
                    1386
                ],
                [
                    600,
                    1411
                ],
                [
                    550,
                    1411
                ]
            ],
            "text": "blue",
            "label": "B_Descri"
        },
        {
            "index": 63,
            "bbox": [
                [
                    600,
                    1386
                ],
                [
                    644,
                    1386
                ],
                [
                    644,
                    1411
                ],
                [
                    600,
                    1411
                ]
            ],
            "text": "line",
            "label": "I_Descri"
        },
        {
            "index": 64,
            "bbox": [
                [
                    641,
                    1386
                ],
                [
                    694,
                    1386
                ],
                [
                    694,
                    1411
                ],
                [
                    641,
                    1411
                ]
            ],
            "text": "PJM",
            "label": "I_Descri"
        },
        {
            "index": 65,
            "bbox": [
                [
                    692,
                    1386
                ],
                [
                    753,
                    1386
                ],
                [
                    753,
                    1411
                ],
                [
                    692,
                    1411
                ]
            ],
            "text": "101C",
            "label": "I_Descri"
        },
        {
            "index": 66,
            "bbox": [
                [
                    141,
                    1436
                ],
                [
                    191,
                    1436
                ],
                [
                    191,
                    1461
                ],
                [
                    141,
                    1461
                ]
            ],
            "text": "Code",
            "label": "B_Prop"
        },
        {
            "index": 67,
            "bbox": [
                [
                    548,
                    1434
                ],
                [
                    651,
                    1434
                ],
                [
                    651,
                    1464
                ],
                [
                    548,
                    1464
                ]
            ],
            "text": "ZB00001156",
            "label": "B_Value"
        },
        {
            "index": 68,
            "bbox": [
                [
                    881,
                    1439
                ],
                [
                    1039,
                    1439
                ],
                [
                    1039,
                    1477
                ],
                [
                    881,
                    1477
                ]
            ],
            "text": "Hydraulic",
            "label": "B_Section"
        },
        {
            "index": 69,
            "bbox": [
                [
                    1041,
                    1446
                ],
                [
                    1041,
                    1481
                ],
                [
                    1151,
                    1481
                ],
                [
                    1151,
                    1446
                ]
            ],
            "text": "power",
            "label": "I_Section"
        },
        {
            "index": 70,
            "bbox": [
                [
                    1151,
                    1445
                ],
                [
                    1245,
                    1445
                ],
                [
                    1245,
                    1475
                ],
                [
                    1151,
                    1475
                ]
            ],
            "text": "curve",
            "label": "I_Section"
        },
        {
            "index": 71,
            "bbox": [
                [
                    137,
                    1466
                ],
                [
                    233,
                    1466
                ],
                [
                    233,
                    1496
                ],
                [
                    137,
                    1496
                ]
            ],
            "text": "Maximum",
            "label": "B_Prop"
        },
        {
            "index": 72,
            "bbox": [
                [
                    226,
                    1468
                ],
                [
                    269,
                    1468
                ],
                [
                    269,
                    1493
                ],
                [
                    226,
                    1493
                ]
            ],
            "text": "flow",
            "label": "I_Prop"
        },
        {
            "index": 73,
            "bbox": [
                [
                    265,
                    1466
                ],
                [
                    349,
                    1466
                ],
                [
                    349,
                    1498
                ],
                [
                    265,
                    1498
                ]
            ],
            "text": "[m3/hod]",
            "label": "B_Unit"
        },
        {
            "index": 74,
            "bbox": [
                [
                    550,
                    1468
                ],
                [
                    580,
                    1468
                ],
                [
                    580,
                    1496
                ],
                [
                    550,
                    1496
                ]
            ],
            "text": "3,6",
            "label": "B_Value"
        },
        {
            "index": 75,
            "bbox": [
                [
                    139,
                    1505
                ],
                [
                    230,
                    1505
                ],
                [
                    230,
                    1528
                ],
                [
                    139,
                    1528
                ]
            ],
            "text": "Maximum",
            "label": "B_Prop"
        },
        {
            "index": 76,
            "bbox": [
                [
                    223,
                    1502
                ],
                [
                    315,
                    1502
                ],
                [
                    315,
                    1532
                ],
                [
                    223,
                    1532
                ]
            ],
            "text": "discharge",
            "label": "I_Prop"
        },
        {
            "index": 77,
            "bbox": [
                [
                    310,
                    1502
                ],
                [
                    358,
                    1502
                ],
                [
                    358,
                    1528
                ],
                [
                    310,
                    1528
                ]
            ],
            "text": "head",
            "label": "I_Prop"
        },
        {
            "index": 78,
            "bbox": [
                [
                    354,
                    1502
                ],
                [
                    388,
                    1502
                ],
                [
                    388,
                    1530
                ],
                [
                    354,
                    1530
                ]
            ],
            "text": "[m]",
            "label": "B_Unit"
        },
        {
            "index": 79,
            "bbox": [
                [
                    548,
                    1502
                ],
                [
                    578,
                    1502
                ],
                [
                    578,
                    1530
                ],
                [
                    548,
                    1530
                ]
            ],
            "text": "45",
            "label": "B_Value"
        },
        {
            "index": 80,
            "bbox": [
                [
                    139,
                    1541
                ],
                [
                    230,
                    1541
                ],
                [
                    230,
                    1564
                ],
                [
                    139,
                    1564
                ]
            ],
            "text": "Maximum",
            "label": "B_Prop"
        },
        {
            "index": 81,
            "bbox": [
                [
                    226,
                    1541
                ],
                [
                    294,
                    1541
                ],
                [
                    294,
                    1564
                ],
                [
                    226,
                    1564
                ]
            ],
            "text": "suction",
            "label": "I_Prop"
        },
        {
            "index": 82,
            "bbox": [
                [
                    290,
                    1541
                ],
                [
                    349,
                    1541
                ],
                [
                    349,
                    1566
                ],
                [
                    290,
                    1566
                ]
            ],
            "text": "height",
            "label": "I_Prop"
        },
        {
            "index": 83,
            "bbox": [
                [
                    345,
                    1539
                ],
                [
                    381,
                    1539
                ],
                [
                    381,
                    1566
                ],
                [
                    345,
                    1566
                ]
            ],
            "text": "[m]",
            "label": "B_Unit"
        },
        {
            "index": 84,
            "bbox": [
                [
                    550,
                    1544
                ],
                [
                    566,
                    1544
                ],
                [
                    566,
                    1562
                ],
                [
                    550,
                    1562
                ]
            ],
            "text": "8",
            "label": "B_Value"
        },
        {
            "index": 85,
            "bbox": [
                [
                    139,
                    1576
                ],
                [
                    217,
                    1576
                ],
                [
                    217,
                    1608
                ],
                [
                    139,
                    1608
                ]
            ],
            "text": "Voltage/",
            "label": "B_Prop"
        },
        {
            "index": 86,
            "bbox": [
                [
                    214,
                    1578
                ],
                [
                    310,
                    1578
                ],
                [
                    310,
                    1608
                ],
                [
                    214,
                    1608
                ]
            ],
            "text": "frequency",
            "label": "I_Prop"
        },
        {
            "index": 87,
            "bbox": [
                [
                    303,
                    1576
                ],
                [
                    365,
                    1576
                ],
                [
                    365,
                    1608
                ],
                [
                    303,
                    1608
                ]
            ],
            "text": "[V/Hz]",
            "label": "B_Unit"
        },
        {
            "index": 88,
            "bbox": [
                [
                    550,
                    1578
                ],
                [
                    616,
                    1578
                ],
                [
                    616,
                    1603
                ],
                [
                    550,
                    1603
                ]
            ],
            "text": "230/50",
            "label": "B_Value"
        },
        {
            "index": 89,
            "bbox": [
                [
                    139,
                    1614
                ],
                [
                    201,
                    1614
                ],
                [
                    201,
                    1640
                ],
                [
                    139,
                    1640
                ]
            ],
            "text": "Power",
            "label": "B_Prop"
        },
        {
            "index": 90,
            "bbox": [
                [
                    196,
                    1612
                ],
                [
                    230,
                    1612
                ],
                [
                    230,
                    1642
                ],
                [
                    196,
                    1642
                ]
            ],
            "text": "[W]",
            "label": "B_Unit"
        },
        {
            "index": 91,
            "bbox": [
                [
                    550,
                    1614
                ],
                [
                    584,
                    1614
                ],
                [
                    584,
                    1640
                ],
                [
                    550,
                    1640
                ]
            ],
            "text": "750",
            "label": "B_Value"
        },
        {
            "index": 92,
            "bbox": [
                [
                    139,
                    1651
                ],
                [
                    210,
                    1651
                ],
                [
                    210,
                    1674
                ],
                [
                    139,
                    1674
                ]
            ],
            "text": "Suction",
            "label": "B_Prop"
        },
        {
            "index": 93,
            "bbox": [
                [
                    205,
                    1649
                ],
                [
                    310,
                    1649
                ],
                [
                    310,
                    1678
                ],
                [
                    205,
                    1678
                ]
            ],
            "text": "xdischarge",
            "label": "I_Prop"
        },
        {
            "index": 94,
            "bbox": [
                [
                    303,
                    1649
                ],
                [
                    354,
                    1649
                ],
                [
                    354,
                    1676
                ],
                [
                    303,
                    1676
                ]
            ],
            "text": "neck",
            "label": "I_Prop"
        },
        {
            "index": 95,
            "bbox": [
                [
                    550,
                    1651
                ],
                [
                    603,
                    1651
                ],
                [
                    603,
                    1676
                ],
                [
                    550,
                    1676
                ]
            ],
            "text": "1\"x1\"",
            "label": "B_Value"
        },
        {
            "index": 96,
            "bbox": [
                [
                    137,
                    1683
                ],
                [
                    233,
                    1683
                ],
                [
                    233,
                    1713
                ],
                [
                    137,
                    1713
                ]
            ],
            "text": "Maximum",
            "label": "B_Prop"
        },
        {
            "index": 97,
            "bbox": [
                [
                    226,
                    1685
                ],
                [
                    271,
                    1685
                ],
                [
                    271,
                    1710
                ],
                [
                    226,
                    1710
                ]
            ],
            "text": "fluid",
            "label": "I_Prop"
        },
        {
            "index": 98,
            "bbox": [
                [
                    265,
                    1685
                ],
                [
                    377,
                    1685
                ],
                [
                    377,
                    1715
                ],
                [
                    265,
                    1715
                ]
            ],
            "text": "temperaturel",
            "label": "I_Prop"
        },
        {
            "index": 99,
            "bbox": [
                [
                    370,
                    1685
                ],
                [
                    408,
                    1685
                ],
                [
                    408,
                    1713
                ],
                [
                    370,
                    1713
                ]
            ],
            "text": "[°C]",
            "label": "B_Unit"
        },
        {
            "index": 100,
            "bbox": [
                [
                    548,
                    1683
                ],
                [
                    578,
                    1683
                ],
                [
                    578,
                    1713
                ],
                [
                    548,
                    1713
                ]
            ],
            "text": "35",
            "label": "B_Value"
        },
        {
            "index": 101,
            "bbox": [
                [
                    139,
                    1722
                ],
                [
                    230,
                    1722
                ],
                [
                    230,
                    1745
                ],
                [
                    139,
                    1745
                ]
            ],
            "text": "Maximum",
            "label": "B_Prop"
        },
        {
            "index": 102,
            "bbox": [
                [
                    226,
                    1722
                ],
                [
                    301,
                    1722
                ],
                [
                    301,
                    1745
                ],
                [
                    226,
                    1745
                ]
            ],
            "text": "ambient",
            "label": "I_Prop"
        },
        {
            "index": 103,
            "bbox": [
                [
                    294,
                    1719
                ],
                [
                    406,
                    1719
                ],
                [
                    406,
                    1749
                ],
                [
                    294,
                    1749
                ]
            ],
            "text": "temperature",
            "label": "I_Prop"
        },
        {
            "index": 104,
            "bbox": [
                [
                    402,
                    1719
                ],
                [
                    438,
                    1719
                ],
                [
                    438,
                    1747
                ],
                [
                    402,
                    1747
                ]
            ],
            "text": "[°C]",
            "label": "B_Unit"
        },
        {
            "index": 105,
            "bbox": [
                [
                    548,
                    1719
                ],
                [
                    578,
                    1719
                ],
                [
                    578,
                    1747
                ],
                [
                    548,
                    1747
                ]
            ],
            "text": "40",
            "label": "B_Value"
        },
        {
            "index": 106,
            "bbox": [
                [
                    141,
                    1756
                ],
                [
                    196,
                    1756
                ],
                [
                    196,
                    1781
                ],
                [
                    141,
                    1781
                ]
            ],
            "text": "Cable",
            "label": "B_Prop"
        },
        {
            "index": 107,
            "bbox": [
                [
                    189,
                    1754
                ],
                [
                    253,
                    1754
                ],
                [
                    253,
                    1786
                ],
                [
                    189,
                    1786
                ]
            ],
            "text": "length",
            "label": "I_Prop"
        },
        {
            "index": 108,
            "bbox": [
                [
                    249,
                    1754
                ],
                [
                    281,
                    1754
                ],
                [
                    281,
                    1783
                ],
                [
                    249,
                    1783
                ]
            ],
            "text": "[m]",
            "label": "B_Unit"
        },
        {
            "index": 109,
            "bbox": [
                [
                    548,
                    1756
                ],
                [
                    580,
                    1756
                ],
                [
                    580,
                    1783
                ],
                [
                    548,
                    1783
                ]
            ],
            "text": "0,3",
            "label": "B_Value"
        },
        {
            "index": 110,
            "bbox": [
                [
                    139,
                    1790
                ],
                [
                    210,
                    1790
                ],
                [
                    210,
                    1822
                ],
                [
                    139,
                    1822
                ]
            ],
            "text": "Degree",
            "label": "B_Prop"
        },
        {
            "index": 111,
            "bbox": [
                [
                    201,
                    1790
                ],
                [
                    230,
                    1790
                ],
                [
                    230,
                    1818
                ],
                [
                    201,
                    1818
                ]
            ],
            "text": "of",
            "label": "I_Prop"
        },
        {
            "index": 112,
            "bbox": [
                [
                    223,
                    1790
                ],
                [
                    317,
                    1790
                ],
                [
                    317,
                    1822
                ],
                [
                    223,
                    1822
                ]
            ],
            "text": "protection",
            "label": "I_Prop"
        },
        {
            "index": 113,
            "bbox": [
                [
                    550,
                    1793
                ],
                [
                    596,
                    1793
                ],
                [
                    596,
                    1818
                ],
                [
                    550,
                    1818
                ]
            ],
            "text": "IPX4",
            "label": "B_Value"
        },
        {
            "index": 114,
            "bbox": [
                [
                    137,
                    1825
                ],
                [
                    233,
                    1825
                ],
                [
                    233,
                    1854
                ],
                [
                    137,
                    1854
                ]
            ],
            "text": "Insulation",
            "label": "B_Prop"
        },
        {
            "index": 115,
            "bbox": [
                [
                    226,
                    1827
                ],
                [
                    276,
                    1827
                ],
                [
                    276,
                    1852
                ],
                [
                    226,
                    1852
                ]
            ],
            "text": "class",
            "label": "I_Prop"
        },
        {
            "index": 116,
            "bbox": [
                [
                    550,
                    1827
                ],
                [
                    584,
                    1827
                ],
                [
                    584,
                    1854
                ],
                [
                    550,
                    1854
                ]
            ],
            "text": "130",
            "label": "B_Value"
        },
        {
            "index": 117,
            "bbox": [
                [
                    139,
                    1861
                ],
                [
                    207,
                    1861
                ],
                [
                    207,
                    1893
                ],
                [
                    139,
                    1893
                ]
            ],
            "text": "Weight",
            "label": "B_Prop"
        },
        {
            "index": 118,
            "bbox": [
                [
                    203,
                    1861
                ],
                [
                    239,
                    1861
                ],
                [
                    239,
                    1891
                ],
                [
                    203,
                    1891
                ]
            ],
            "text": "[kg]",
            "label": "B_Unit"
        },
        {
            "index": 119,
            "bbox": [
                [
                    550,
                    1863
                ],
                [
                    589,
                    1863
                ],
                [
                    589,
                    1889
                ],
                [
                    550,
                    1889
                ]
            ],
            "text": "10,4",
            "label": "B_Value"
        },
        {
            "index": 120,
            "bbox": [
                [
                    139,
                    1895
                ],
                [
                    237,
                    1895
                ],
                [
                    237,
                    1925
                ],
                [
                    139,
                    1925
                ]
            ],
            "text": "Dimension",
            "label": "B_Prop"
        },
        {
            "index": 121,
            "bbox": [
                [
                    230,
                    1898
                ],
                [
                    297,
                    1898
                ],
                [
                    297,
                    1923
                ],
                [
                    230,
                    1923
                ]
            ],
            "text": "LxHx",
            "label": "I_Prop"
        },
        {
            "index": 122,
            "bbox": [
                [
                    287,
                    1898
                ],
                [
                    317,
                    1898
                ],
                [
                    317,
                    1925
                ],
                [
                    287,
                    1925
                ]
            ],
            "text": "WI",
            "label": "I_Prop"
        },
        {
            "index": 123,
            "bbox": [
                [
                    313,
                    1898
                ],
                [
                    361,
                    1898
                ],
                [
                    361,
                    1925
                ],
                [
                    313,
                    1925
                ]
            ],
            "text": "[mm]",
            "label": "B_Unit"
        },
        {
            "index": 124,
            "bbox": [
                [
                    548,
                    1895
                ],
                [
                    671,
                    1895
                ],
                [
                    671,
                    1925
                ],
                [
                    548,
                    1925
                ]
            ],
            "text": "360x200x195",
            "label": "B_Value"
        },
        {
            "index": 125,
            "bbox": [
                [
                    134,
                    2083
                ],
                [
                    434,
                    2083
                ],
                [
                    434,
                    2115
                ],
                [
                    134,
                    2115
                ]
            ],
            "text": "www.pumpa.eu",
            "label": "Out"
        }
    ]
}