{
    "datasheet": [
        {
            "index": 0,
            "bbox": [
                [
                    57,
                    73
                ],
                [
                    201,
                    73
                ],
                [
                    201,
                    102
                ],
                [
                    57,
                    102
                ]
            ],
            "text": "AUTOMATION",
            "label": "Out"
        },
        {
            "index": 1,
            "bbox": [
                [
                    196,
                    73
                ],
                [
                    226,
                    73
                ],
                [
                    226,
                    102
                ],
                [
                    196,
                    102
                ]
            ],
            "text": "&",
            "label": "Out"
        },
        {
            "index": 2,
            "bbox": [
                [
                    219,
                    73
                ],
                [
                    324,
                    73
                ],
                [
                    324,
                    102
                ],
                [
                    219,
                    102
                ]
            ],
            "text": "CONTROL",
            "label": "Out"
        },
        {
            "index": 3,
            "bbox": [
                [
                    327,
                    77
                ],
                [
                    349,
                    77
                ],
                [
                    349,
                    100
                ],
                [
                    327,
                    100
                ]
            ],
            "text": ">I",
            "label": "Out"
        },
        {
            "index": 4,
            "bbox": [
                [
                    343,
                    75
                ],
                [
                    420,
                    75
                ],
                [
                    420,
                    100
                ],
                [
                    343,
                    100
                ]
            ],
            "text": "MOTOR",
            "label": "Out"
        },
        {
            "index": 5,
            "bbox": [
                [
                    420,
                    73
                ],
                [
                    526,
                    73
                ],
                [
                    526,
                    102
                ],
                [
                    420,
                    102
                ]
            ],
            "text": "CONTROL",
            "label": "Out"
        },
        {
            "index": 6,
            "bbox": [
                [
                    521,
                    73
                ],
                [
                    548,
                    73
                ],
                [
                    548,
                    102
                ],
                [
                    521,
                    102
                ]
            ],
            "text": "&",
            "label": "Out"
        },
        {
            "index": 7,
            "bbox": [
                [
                    542,
                    73
                ],
                [
                    677,
                    73
                ],
                [
                    677,
                    102
                ],
                [
                    542,
                    102
                ]
            ],
            "text": "PROTECTION",
            "label": "Out"
        },
        {
            "index": 8,
            "bbox": [
                [
                    679,
                    80
                ],
                [
                    695,
                    80
                ],
                [
                    695,
                    98
                ],
                [
                    679,
                    98
                ]
            ],
            "text": ">",
            "label": "Out"
        },
        {
            "index": 9,
            "bbox": [
                [
                    693,
                    73
                ],
                [
                    841,
                    73
                ],
                [
                    841,
                    102
                ],
                [
                    693,
                    102
                ]
            ],
            "text": "CONTACTORS",
            "label": "Out"
        },
        {
            "index": 10,
            "bbox": [
                [
                    844,
                    80
                ],
                [
                    860,
                    80
                ],
                [
                    860,
                    98
                ],
                [
                    844,
                    98
                ]
            ],
            "text": ">",
            "label": "Out"
        },
        {
            "index": 11,
            "bbox": [
                [
                    860,
                    75
                ],
                [
                    901,
                    75
                ],
                [
                    901,
                    100
                ],
                [
                    860,
                    100
                ]
            ],
            "text": "IPD",
            "label": "Out"
        },
        {
            "index": 12,
            "bbox": [
                [
                    901,
                    77
                ],
                [
                    924,
                    77
                ],
                [
                    924,
                    100
                ],
                [
                    901,
                    100
                ]
            ],
            "text": ">",
            "label": "Out"
        },
        {
            "index": 13,
            "bbox": [
                [
                    917,
                    73
                ],
                [
                    1061,
                    73
                ],
                [
                    1061,
                    102
                ],
                [
                    917,
                    102
                ]
            ],
            "text": "AUTOMATION",
            "label": "Out"
        },
        {
            "index": 14,
            "bbox": [
                [
                    1056,
                    73
                ],
                [
                    1086,
                    73
                ],
                [
                    1086,
                    102
                ],
                [
                    1056,
                    102
                ]
            ],
            "text": "&",
            "label": "Out"
        },
        {
            "index": 15,
            "bbox": [
                [
                    1079,
                    73
                ],
                [
                    1184,
                    73
                ],
                [
                    1184,
                    102
                ],
                [
                    1079,
                    102
                ]
            ],
            "text": "CONTROL",
            "label": "Out"
        },
        {
            "index": 16,
            "bbox": [
                [
                    57,
                    107
                ],
                [
                    164,
                    107
                ],
                [
                    164,
                    137
                ],
                [
                    57,
                    137
                ]
            ],
            "text": "CONTROL",
            "label": "Out"
        },
        {
            "index": 17,
            "bbox": [
                [
                    157,
                    107
                ],
                [
                    253,
                    107
                ],
                [
                    253,
                    137
                ],
                [
                    157,
                    137
                ]
            ],
            "text": "DEVICES",
            "label": "Out"
        },
        {
            "index": 18,
            "bbox": [
                [
                    256,
                    112
                ],
                [
                    274,
                    112
                ],
                [
                    274,
                    132
                ],
                [
                    256,
                    132
                ]
            ],
            "text": ">",
            "label": "Out"
        },
        {
            "index": 19,
            "bbox": [
                [
                    272,
                    109
                ],
                [
                    354,
                    109
                ],
                [
                    354,
                    137
                ],
                [
                    272,
                    137
                ]
            ],
            "text": "RELAYS",
            "label": "Out"
        },
        {
            "index": 20,
            "bbox": [
                [
                    100,
                    244
                ],
                [
                    247,
                    244
                ],
                [
                    247,
                    276
                ],
                [
                    100,
                    276
                ]
            ],
            "text": "Product",
            "label": "Out"
        },
        {
            "index": 21,
            "bbox": [
                [
                    251,
                    244
                ],
                [
                    535,
                    244
                ],
                [
                    535,
                    274
                ],
                [
                    251,
                    274
                ]
            ],
            "text": "No:ESB2504N06",
            "label": "B_Ref"
        },
        {
            "index": 22,
            "bbox": [
                [
                    98,
                    311
                ],
                [
                    167,
                    311
                ],
                [
                    167,
                    343
                ],
                [
                    98,
                    343
                ]
            ],
            "text": "ABB",
            "label": "B_Descri"
        },
        {
            "index": 23,
            "bbox": [
                [
                    169,
                    311
                ],
                [
                    404,
                    311
                ],
                [
                    404,
                    340
                ],
                [
                    169,
                    340
                ]
            ],
            "text": "ESB25-04N-06",
            "label": "I_Descri"
        },
        {
            "index": 24,
            "bbox": [
                [
                    404,
                    311
                ],
                [
                    480,
                    311
                ],
                [
                    480,
                    343
                ],
                [
                    404,
                    343
                ]
            ],
            "text": "INST",
            "label": "I_Descri"
        },
        {
            "index": 25,
            "bbox": [
                [
                    475,
                    311
                ],
                [
                    629,
                    311
                ],
                [
                    629,
                    343
                ],
                [
                    475,
                    343
                ]
            ],
            "text": "ALLATION",
            "label": "I_Descri"
        },
        {
            "index": 26,
            "bbox": [
                [
                    631,
                    311
                ],
                [
                    837,
                    311
                ],
                [
                    837,
                    343
                ],
                [
                    631,
                    343
                ]
            ],
            "text": "CONTACTOR",
            "label": "I_Descri"
        },
        {
            "index": 27,
            "bbox": [
                [
                    837,
                    304
                ],
                [
                    917,
                    304
                ],
                [
                    917,
                    347
                ],
                [
                    837,
                    347
                ]
            ],
            "text": "(NC)",
            "label": "I_Descri"
        },
        {
            "index": 28,
            "bbox": [
                [
                    914,
                    308
                ],
                [
                    1036,
                    308
                ],
                [
                    1036,
                    343
                ],
                [
                    914,
                    343
                ]
            ],
            "text": "25A-0",
            "label": "I_Descri"
        },
        {
            "index": 29,
            "bbox": [
                [
                    98,
                    354
                ],
                [
                    153,
                    354
                ],
                [
                    153,
                    391
                ],
                [
                    98,
                    391
                ]
            ],
            "text": "NO",
            "label": "I_Descri"
        },
        {
            "index": 30,
            "bbox": [
                [
                    151,
                    359
                ],
                [
                    178,
                    359
                ],
                [
                    178,
                    384
                ],
                [
                    151,
                    384
                ]
            ],
            "text": "-",
            "label": "I_Descri"
        },
        {
            "index": 31,
            "bbox": [
                [
                    173,
                    356
                ],
                [
                    203,
                    356
                ],
                [
                    203,
                    388
                ],
                [
                    173,
                    388
                ]
            ],
            "text": "4",
            "label": "I_Descri"
        },
        {
            "index": 32,
            "bbox": [
                [
                    201,
                    354
                ],
                [
                    256,
                    354
                ],
                [
                    256,
                    388
                ],
                [
                    201,
                    388
                ]
            ],
            "text": "NC",
            "label": "I_Descri"
        },
        {
            "index": 33,
            "bbox": [
                [
                    251,
                    359
                ],
                [
                    279,
                    359
                ],
                [
                    279,
                    384
                ],
                [
                    251,
                    384
                ]
            ],
            "text": "-",
            "label": "I_Descri"
        },
        {
            "index": 34,
            "bbox": [
                [
                    276,
                    354
                ],
                [
                    343,
                    354
                ],
                [
                    343,
                    388
                ],
                [
                    276,
                    388
                ]
            ],
            "text": "230",
            "label": "I_Descri"
        },
        {
            "index": 35,
            "bbox": [
                [
                    340,
                    365
                ],
                [
                    375,
                    365
                ],
                [
                    375,
                    391
                ],
                [
                    340,
                    391
                ]
            ],
            "text": "ese",
            "label": "I_Descri"
        },
        {
            "index": 36,
            "bbox": [
                [
                    370,
                    354
                ],
                [
                    439,
                    354
                ],
                [
                    439,
                    388
                ],
                [
                    370,
                    388
                ]
            ],
            "text": "240",
            "label": "I_Descri"
        },
        {
            "index": 37,
            "bbox": [
                [
                    439,
                    356
                ],
                [
                    471,
                    356
                ],
                [
                    471,
                    388
                ],
                [
                    439,
                    388
                ]
            ],
            "text": "V",
            "label": "I_Descri"
        },
        {
            "index": 38,
            "bbox": [
                [
                    464,
                    359
                ],
                [
                    491,
                    359
                ],
                [
                    491,
                    384
                ],
                [
                    464,
                    384
                ]
            ],
            "text": "-",
            "label": "I_Descri"
        },
        {
            "index": 39,
            "bbox": [
                [
                    489,
                    356
                ],
                [
                    647,
                    356
                ],
                [
                    647,
                    388
                ],
                [
                    489,
                    388
                ]
            ],
            "text": "CONTROL",
            "label": "I_Descri"
        },
        {
            "index": 40,
            "bbox": [
                [
                    645,
                    356
                ],
                [
                    773,
                    356
                ],
                [
                    773,
                    388
                ],
                [
                    645,
                    388
                ]
            ],
            "text": "CIRCUIT",
            "label": "I_Descri"
        },
        {
            "index": 41,
            "bbox": [
                [
                    775,
                    356
                ],
                [
                    844,
                    356
                ],
                [
                    844,
                    388
                ],
                [
                    775,
                    388
                ]
            ],
            "text": "400",
            "label": "I_Descri"
        },
        {
            "index": 42,
            "bbox": [
                [
                    844,
                    354
                ],
                [
                    892,
                    354
                ],
                [
                    892,
                    391
                ],
                [
                    844,
                    391
                ]
            ],
            "text": "HZ",
            "label": "I_Descri"
        },
        {
            "index": 43,
            "bbox": [
                [
                    100,
                    402
                ],
                [
                    301,
                    402
                ],
                [
                    301,
                    434
                ],
                [
                    100,
                    434
                ]
            ],
            "text": "ESB2504N06",
            "label": "I_Descri"
        },
        {
            "index": 44,
            "bbox": [
                [
                    103,
                    488
                ],
                [
                    103,
                    519
                ],
                [
                    248,
                    519
                ],
                [
                    248,
                    488
                ]
            ],
            "text": "FEATURES",
            "label": "B_Section"
        },
        {
            "index": 45,
            "bbox": [
                [
                    148,
                    546
                ],
                [
                    267,
                    546
                ],
                [
                    267,
                    580
                ],
                [
                    148,
                    580
                ]
            ],
            "text": "Operates",
            "label": "B_Descri"
        },
        {
            "index": 46,
            "bbox": [
                [
                    267,
                    546
                ],
                [
                    414,
                    546
                ],
                [
                    414,
                    578
                ],
                [
                    267,
                    578
                ]
            ],
            "text": "seamlessy",
            "label": "I_Descri"
        },
        {
            "index": 47,
            "bbox": [
                [
                    411,
                    544
                ],
                [
                    475,
                    544
                ],
                [
                    475,
                    576
                ],
                [
                    411,
                    576
                ]
            ],
            "text": "with",
            "label": "I_Descri"
        },
        {
            "index": 48,
            "bbox": [
                [
                    471,
                    544
                ],
                [
                    539,
                    544
                ],
                [
                    539,
                    576
                ],
                [
                    471,
                    576
                ]
            ],
            "text": "both",
            "label": "I_Descri"
        },
        {
            "index": 49,
            "bbox": [
                [
                    535,
                    544
                ],
                [
                    583,
                    544
                ],
                [
                    583,
                    578
                ],
                [
                    535,
                    578
                ]
            ],
            "text": "AC",
            "label": "I_Descri"
        },
        {
            "index": 50,
            "bbox": [
                [
                    578,
                    544
                ],
                [
                    642,
                    544
                ],
                [
                    642,
                    576
                ],
                [
                    578,
                    576
                ]
            ],
            "text": "and",
            "label": "I_Descri"
        },
        {
            "index": 51,
            "bbox": [
                [
                    642,
                    546
                ],
                [
                    683,
                    546
                ],
                [
                    683,
                    576
                ],
                [
                    642,
                    576
                ]
            ],
            "text": "DC",
            "label": "I_Descri"
        },
        {
            "index": 52,
            "bbox": [
                [
                    683,
                    551
                ],
                [
                    773,
                    551
                ],
                [
                    773,
                    583
                ],
                [
                    683,
                    583
                ]
            ],
            "text": "power",
            "label": "I_Descri"
        },
        {
            "index": 53,
            "bbox": [
                [
                    148,
                    590
                ],
                [
                    256,
                    590
                ],
                [
                    256,
                    612
                ],
                [
                    148,
                    612
                ]
            ],
            "text": "sources",
            "label": "I_Descri"
        },
        {
            "index": 54,
            "bbox": [
                [
                    146,
                    617
                ],
                [
                    221,
                    617
                ],
                [
                    221,
                    651
                ],
                [
                    146,
                    651
                ]
            ],
            "text": "Quiet",
            "label": "B_Descri"
        },
        {
            "index": 55,
            "bbox": [
                [
                    217,
                    617
                ],
                [
                    279,
                    617
                ],
                [
                    279,
                    649
                ],
                [
                    217,
                    649
                ]
            ],
            "text": "and",
            "label": "I_Descri"
        },
        {
            "index": 56,
            "bbox": [
                [
                    279,
                    619
                ],
                [
                    386,
                    619
                ],
                [
                    386,
                    649
                ],
                [
                    279,
                    649
                ]
            ],
            "text": "efficient",
            "label": "I_Descri"
        },
        {
            "index": 57,
            "bbox": [
                [
                    384,
                    619
                ],
                [
                    514,
                    619
                ],
                [
                    514,
                    654
                ],
                [
                    384,
                    654
                ]
            ],
            "text": "operation",
            "label": "I_Descri"
        },
        {
            "index": 58,
            "bbox": [
                [
                    148,
                    656
                ],
                [
                    285,
                    656
                ],
                [
                    285,
                    690
                ],
                [
                    148,
                    690
                ]
            ],
            "text": "Integrated",
            "label": "B_Descri"
        },
        {
            "index": 59,
            "bbox": [
                [
                    283,
                    654
                ],
                [
                    450,
                    654
                ],
                [
                    450,
                    692
                ],
                [
                    283,
                    692
                ]
            ],
            "text": "overvoltage",
            "label": "I_Descri"
        },
        {
            "index": 60,
            "bbox": [
                [
                    446,
                    656
                ],
                [
                    580,
                    656
                ],
                [
                    580,
                    690
                ],
                [
                    446,
                    690
                ]
            ],
            "text": "protection",
            "label": "I_Descri"
        },
        {
            "index": 61,
            "bbox": [
                [
                    146,
                    690
                ],
                [
                    338,
                    690
                ],
                [
                    338,
                    722
                ],
                [
                    146,
                    722
                ]
            ],
            "text": "Customisable",
            "label": "B_Descri"
        },
        {
            "index": 62,
            "bbox": [
                [
                    336,
                    692
                ],
                [
                    516,
                    692
                ],
                [
                    516,
                    725
                ],
                [
                    336,
                    725
                ]
            ],
            "text": "configuration",
            "label": "I_Descri"
        },
        {
            "index": 63,
            "bbox": [
                [
                    107,
                    853
                ],
                [
                    107,
                    882
                ],
                [
                    219,
                    882
                ],
                [
                    219,
                    853
                ]
            ],
            "text": "General",
            "label": "B_Section"
        },
        {
            "index": 64,
            "bbox": [
                [
                    220,
                    853
                ],
                [
                    220,
                    882
                ],
                [
                    380,
                    882
                ],
                [
                    380,
                    853
                ]
            ],
            "text": "Information",
            "label": "I_Section"
        },
        {
            "index": 65,
            "bbox": [
                [
                    112,
                    912
                ],
                [
                    194,
                    912
                ],
                [
                    194,
                    940
                ],
                [
                    112,
                    940
                ]
            ],
            "text": "Brand",
            "label": "B_Prop"
        },
        {
            "index": 66,
            "bbox": [
                [
                    903,
                    910
                ],
                [
                    962,
                    910
                ],
                [
                    962,
                    942
                ],
                [
                    903,
                    942
                ]
            ],
            "text": "ABB",
            "label": "B_Value"
        },
        {
            "index": 67,
            "bbox": [
                [
                    109,
                    969
                ],
                [
                    219,
                    969
                ],
                [
                    219,
                    1001
                ],
                [
                    109,
                    1001
                ]
            ],
            "text": "Product",
            "label": "B_Prop"
        },
        {
            "index": 68,
            "bbox": [
                [
                    212,
                    969
                ],
                [
                    283,
                    969
                ],
                [
                    283,
                    1004
                ],
                [
                    212,
                    1004
                ]
            ],
            "text": "Type",
            "label": "I_Prop"
        },
        {
            "index": 69,
            "bbox": [
                [
                    903,
                    967
                ],
                [
                    956,
                    967
                ],
                [
                    956,
                    1001
                ],
                [
                    903,
                    1001
                ]
            ],
            "text": "DIN",
            "label": "B_Value"
        },
        {
            "index": 70,
            "bbox": [
                [
                    949,
                    969
                ],
                [
                    1093,
                    969
                ],
                [
                    1093,
                    999
                ],
                [
                    949,
                    999
                ]
            ],
            "text": "Contactor",
            "label": "I_Value"
        },
        {
            "index": 71,
            "bbox": [
                [
                    109,
                    1029
                ],
                [
                    192,
                    1029
                ],
                [
                    192,
                    1061
                ],
                [
                    109,
                    1061
                ]
            ],
            "text": "Series",
            "label": "B_Prop"
        },
        {
            "index": 72,
            "bbox": [
                [
                    903,
                    1029
                ],
                [
                    960,
                    1029
                ],
                [
                    960,
                    1061
                ],
                [
                    903,
                    1061
                ]
            ],
            "text": "ESB",
            "label": "B_Value"
        },
        {
            "index": 73,
            "bbox": [
                [
                    107,
                    1143
                ],
                [
                    244,
                    1143
                ],
                [
                    244,
                    1175
                ],
                [
                    107,
                    1175
                ]
            ],
            "text": "Technical",
            "label": "B_Section"
        },
        {
            "index": 74,
            "bbox": [
                [
                    240,
                    1143
                ],
                [
                    382,
                    1143
                ],
                [
                    382,
                    1175
                ],
                [
                    240,
                    1175
                ]
            ],
            "text": "Attributes",
            "label": "I_Section"
        },
        {
            "index": 75,
            "bbox": [
                [
                    109,
                    1203
                ],
                [
                    240,
                    1203
                ],
                [
                    240,
                    1232
                ],
                [
                    109,
                    1232
                ]
            ],
            "text": "Excitation",
            "label": "B_Prop"
        },
        {
            "index": 76,
            "bbox": [
                [
                    237,
                    1203
                ],
                [
                    347,
                    1203
                ],
                [
                    347,
                    1237
                ],
                [
                    237,
                    1237
                ]
            ],
            "text": "Voltage",
            "label": "I_Prop"
        },
        {
            "index": 77,
            "bbox": [
                [
                    345,
                    1203
                ],
                [
                    416,
                    1203
                ],
                [
                    416,
                    1239
                ],
                [
                    345,
                    1239
                ]
            ],
            "text": "Type",
            "label": "I_Prop"
        },
        {
            "index": 78,
            "bbox": [
                [
                    905,
                    1200
                ],
                [
                    997,
                    1200
                ],
                [
                    997,
                    1235
                ],
                [
                    905,
                    1235
                ]
            ],
            "text": "AC/DC",
            "label": "B_Value"
        },
        {
            "index": 79,
            "bbox": [
                [
                    109,
                    1260
                ],
                [
                    240,
                    1260
                ],
                [
                    240,
                    1289
                ],
                [
                    109,
                    1289
                ]
            ],
            "text": "Hum-free",
            "label": "B_Prop"
        },
        {
            "index": 80,
            "bbox": [
                [
                    905,
                    1262
                ],
                [
                    953,
                    1262
                ],
                [
                    953,
                    1289
                ],
                [
                    905,
                    1289
                ]
            ],
            "text": "Yes",
            "label": "B_Value"
        },
        {
            "index": 81,
            "bbox": [
                [
                    109,
                    1319
                ],
                [
                    160,
                    1319
                ],
                [
                    160,
                    1353
                ],
                [
                    109,
                    1353
                ]
            ],
            "text": "No.",
            "label": "B_Prop"
        },
        {
            "index": 82,
            "bbox": [
                [
                    157,
                    1321
                ],
                [
                    189,
                    1321
                ],
                [
                    189,
                    1349
                ],
                [
                    157,
                    1349
                ]
            ],
            "text": "of",
            "label": "I_Prop"
        },
        {
            "index": 83,
            "bbox": [
                [
                    189,
                    1321
                ],
                [
                    407,
                    1321
                ],
                [
                    407,
                    1353
                ],
                [
                    189,
                    1353
                ]
            ],
            "text": "Normally-closed",
            "label": "I_Prop"
        },
        {
            "index": 84,
            "bbox": [
                [
                    409,
                    1321
                ],
                [
                    539,
                    1321
                ],
                [
                    539,
                    1351
                ],
                [
                    409,
                    1351
                ]
            ],
            "text": "Contacts",
            "label": "I_Prop"
        },
        {
            "index": 85,
            "bbox": [
                [
                    903,
                    1321
                ],
                [
                    930,
                    1321
                ],
                [
                    930,
                    1349
                ],
                [
                    903,
                    1349
                ]
            ],
            "text": "4",
            "label": "B_Value"
        },
        {
            "index": 86,
            "bbox": [
                [
                    112,
                    1381
                ],
                [
                    157,
                    1381
                ],
                [
                    157,
                    1408
                ],
                [
                    112,
                    1408
                ]
            ],
            "text": "No.",
            "label": "B_Prop"
        },
        {
            "index": 87,
            "bbox": [
                [
                    155,
                    1381
                ],
                [
                    189,
                    1381
                ],
                [
                    189,
                    1408
                ],
                [
                    155,
                    1408
                ]
            ],
            "text": "of",
            "label": "I_Prop"
        },
        {
            "index": 88,
            "bbox": [
                [
                    187,
                    1379
                ],
                [
                    260,
                    1379
                ],
                [
                    260,
                    1411
                ],
                [
                    187,
                    1411
                ]
            ],
            "text": "Poles",
            "label": "I_Prop"
        },
        {
            "index": 89,
            "bbox": [
                [
                    903,
                    1379
                ],
                [
                    930,
                    1379
                ],
                [
                    930,
                    1411
                ],
                [
                    903,
                    1411
                ]
            ],
            "text": "4",
            "label": "B_Value"
        },
        {
            "index": 90,
            "bbox": [
                [
                    112,
                    1440
                ],
                [
                    242,
                    1440
                ],
                [
                    242,
                    1475
                ],
                [
                    112,
                    1475
                ]
            ],
            "text": "Operating",
            "label": "B_Prop"
        },
        {
            "index": 91,
            "bbox": [
                [
                    244,
                    1440
                ],
                [
                    352,
                    1440
                ],
                [
                    352,
                    1475
                ],
                [
                    244,
                    1475
                ]
            ],
            "text": "Voltage",
            "label": "I_Prop"
        },
        {
            "index": 92,
            "bbox": [
                [
                    349,
                    1440
                ],
                [
                    418,
                    1440
                ],
                [
                    418,
                    1477
                ],
                [
                    349,
                    1477
                ]
            ],
            "text": "Type",
            "label": "I_Prop"
        },
        {
            "index": 93,
            "bbox": [
                [
                    903,
                    1434
                ],
                [
                    999,
                    1434
                ],
                [
                    999,
                    1475
                ],
                [
                    903,
                    1475
                ]
            ],
            "text": "AC/DC",
            "label": "B_Value"
        },
        {
            "index": 94,
            "bbox": [
                [
                    112,
                    1502
                ],
                [
                    194,
                    1502
                ],
                [
                    194,
                    1530
                ],
                [
                    112,
                    1530
                ]
            ],
            "text": "Rated",
            "label": "B_Prop"
        },
        {
            "index": 95,
            "bbox": [
                [
                    192,
                    1500
                ],
                [
                    295,
                    1500
                ],
                [
                    295,
                    1530
                ],
                [
                    192,
                    1530
                ]
            ],
            "text": "Control",
            "label": "I_Prop"
        },
        {
            "index": 96,
            "bbox": [
                [
                    292,
                    1500
                ],
                [
                    386,
                    1500
                ],
                [
                    386,
                    1530
                ],
                [
                    292,
                    1530
                ]
            ],
            "text": "Circuit",
            "label": "I_Prop"
        },
        {
            "index": 97,
            "bbox": [
                [
                    382,
                    1498
                ],
                [
                    494,
                    1498
                ],
                [
                    494,
                    1539
                ],
                [
                    382,
                    1539
                ]
            ],
            "text": "Voltage",
            "label": "I_Prop"
        },
        {
            "index": 98,
            "bbox": [
                [
                    489,
                    1495
                ],
                [
                    535,
                    1495
                ],
                [
                    535,
                    1536
                ],
                [
                    489,
                    1536
                ]
            ],
            "text": "(v)",
            "label": "B_Unit"
        },
        {
            "index": 99,
            "bbox": [
                [
                    903,
                    1500
                ],
                [
                    960,
                    1500
                ],
                [
                    960,
                    1532
                ],
                [
                    903,
                    1532
                ]
            ],
            "text": "230",
            "label": "B_Value"
        },
        {
            "index": 100,
            "bbox": [
                [
                    112,
                    1562
                ],
                [
                    194,
                    1562
                ],
                [
                    194,
                    1589
                ],
                [
                    112,
                    1589
                ]
            ],
            "text": "Rated",
            "label": "B_Prop"
        },
        {
            "index": 101,
            "bbox": [
                [
                    192,
                    1559
                ],
                [
                    297,
                    1559
                ],
                [
                    297,
                    1589
                ],
                [
                    192,
                    1589
                ]
            ],
            "text": "Control",
            "label": "I_Prop"
        },
        {
            "index": 102,
            "bbox": [
                [
                    292,
                    1559
                ],
                [
                    386,
                    1559
                ],
                [
                    386,
                    1589
                ],
                [
                    292,
                    1589
                ]
            ],
            "text": "Circuit",
            "label": "I_Prop"
        },
        {
            "index": 103,
            "bbox": [
                [
                    384,
                    1559
                ],
                [
                    494,
                    1559
                ],
                [
                    494,
                    1591
                ],
                [
                    384,
                    1591
                ]
            ],
            "text": "Voltage",
            "label": "I_Prop"
        },
        {
            "index": 104,
            "bbox": [
                [
                    489,
                    1557
                ],
                [
                    580,
                    1557
                ],
                [
                    580,
                    1591
                ],
                [
                    489,
                    1591
                ]
            ],
            "text": "AC/DC",
            "label": "I_Prop"
        },
        {
            "index": 105,
            "bbox": [
                [
                    583,
                    1552
                ],
                [
                    629,
                    1552
                ],
                [
                    629,
                    1594
                ],
                [
                    583,
                    1594
                ]
            ],
            "text": "(v)",
            "label": "B_Unit"
        },
        {
            "index": 106,
            "bbox": [
                [
                    903,
                    1557
                ],
                [
                    960,
                    1557
                ],
                [
                    960,
                    1589
                ],
                [
                    903,
                    1589
                ]
            ],
            "text": "230",
            "label": "B_Value"
        },
        {
            "index": 107,
            "bbox": [
                [
                    960,
                    1564
                ],
                [
                    976,
                    1564
                ],
                [
                    976,
                    1584
                ],
                [
                    960,
                    1584
                ]
            ],
            "text": "-",
            "label": "I_Value"
        },
        {
            "index": 108,
            "bbox": [
                [
                    976,
                    1557
                ],
                [
                    1033,
                    1557
                ],
                [
                    1033,
                    1589
                ],
                [
                    976,
                    1589
                ]
            ],
            "text": "240",
            "label": "I_Value"
        },
        {
            "index": 109,
            "bbox": [
                [
                    112,
                    1621
                ],
                [
                    194,
                    1621
                ],
                [
                    194,
                    1649
                ],
                [
                    112,
                    1649
                ]
            ],
            "text": "Rated",
            "label": "B_Prop"
        },
        {
            "index": 110,
            "bbox": [
                [
                    194,
                    1621
                ],
                [
                    333,
                    1621
                ],
                [
                    333,
                    1653
                ],
                [
                    194,
                    1653
                ]
            ],
            "text": "Frequency",
            "label": "I_Prop"
        },
        {
            "index": 111,
            "bbox": [
                [
                    336,
                    1614
                ],
                [
                    391,
                    1614
                ],
                [
                    391,
                    1653
                ],
                [
                    336,
                    1653
                ]
            ],
            "text": "(Hz)",
            "label": "B_Unit"
        },
        {
            "index": 112,
            "bbox": [
                [
                    905,
                    1616
                ],
                [
                    990,
                    1616
                ],
                [
                    990,
                    1651
                ],
                [
                    905,
                    1651
                ]
            ],
            "text": "50/60",
            "label": "B_Value"
        },
        {
            "index": 113,
            "bbox": [
                [
                    112,
                    1683
                ],
                [
                    194,
                    1683
                ],
                [
                    194,
                    1710
                ],
                [
                    112,
                    1710
                ]
            ],
            "text": "Rated",
            "label": "B_Prop"
        },
        {
            "index": 114,
            "bbox": [
                [
                    194,
                    1681
                ],
                [
                    304,
                    1681
                ],
                [
                    304,
                    1713
                ],
                [
                    194,
                    1713
                ]
            ],
            "text": "Impulse",
            "label": "I_Prop"
        },
        {
            "index": 115,
            "bbox": [
                [
                    301,
                    1681
                ],
                [
                    441,
                    1681
                ],
                [
                    441,
                    1710
                ],
                [
                    301,
                    1710
                ]
            ],
            "text": "Withstand",
            "label": "I_Prop"
        },
        {
            "index": 116,
            "bbox": [
                [
                    441,
                    1681
                ],
                [
                    551,
                    1681
                ],
                [
                    551,
                    1715
                ],
                [
                    441,
                    1715
                ]
            ],
            "text": "Voltage",
            "label": "I_Prop"
        },
        {
            "index": 117,
            "bbox": [
                [
                    548,
                    1676
                ],
                [
                    606,
                    1676
                ],
                [
                    606,
                    1715
                ],
                [
                    548,
                    1715
                ]
            ],
            "text": "(KV)",
            "label": "B_Unit"
        },
        {
            "index": 118,
            "bbox": [
                [
                    905,
                    1678
                ],
                [
                    930,
                    1678
                ],
                [
                    930,
                    1710
                ],
                [
                    905,
                    1710
                ]
            ],
            "text": "6",
            "label": "B_Value"
        },
        {
            "index": 119,
            "bbox": [
                [
                    112,
                    1740
                ],
                [
                    194,
                    1740
                ],
                [
                    194,
                    1767
                ],
                [
                    112,
                    1767
                ]
            ],
            "text": "Rated",
            "label": "B_Prop"
        },
        {
            "index": 120,
            "bbox": [
                [
                    194,
                    1738
                ],
                [
                    327,
                    1738
                ],
                [
                    327,
                    1767
                ],
                [
                    194,
                    1767
                ]
            ],
            "text": "Insulation",
            "label": "I_Prop"
        },
        {
            "index": 121,
            "bbox": [
                [
                    327,
                    1738
                ],
                [
                    434,
                    1738
                ],
                [
                    434,
                    1772
                ],
                [
                    327,
                    1772
                ]
            ],
            "text": "Voltage",
            "label": "I_Prop"
        },
        {
            "index": 122,
            "bbox": [
                [
                    434,
                    1733
                ],
                [
                    478,
                    1733
                ],
                [
                    478,
                    1772
                ],
                [
                    434,
                    1772
                ]
            ],
            "text": "(v)",
            "label": "B_Unit"
        },
        {
            "index": 123,
            "bbox": [
                [
                    903,
                    1735
                ],
                [
                    962,
                    1735
                ],
                [
                    962,
                    1770
                ],
                [
                    903,
                    1770
                ]
            ],
            "text": "500",
            "label": "B_Value"
        },
        {
            "index": 124,
            "bbox": [
                [
                    112,
                    1799
                ],
                [
                    194,
                    1799
                ],
                [
                    194,
                    1827
                ],
                [
                    112,
                    1827
                ]
            ],
            "text": "Rated",
            "label": "B_Prop"
        },
        {
            "index": 125,
            "bbox": [
                [
                    194,
                    1799
                ],
                [
                    352,
                    1799
                ],
                [
                    352,
                    1831
                ],
                [
                    194,
                    1831
                ]
            ],
            "text": "Operational",
            "label": "I_Prop"
        },
        {
            "index": 126,
            "bbox": [
                [
                    349,
                    1797
                ],
                [
                    452,
                    1797
                ],
                [
                    452,
                    1829
                ],
                [
                    349,
                    1829
                ]
            ],
            "text": "Current",
            "label": "I_Prop"
        },
        {
            "index": 127,
            "bbox": [
                [
                    452,
                    1793
                ],
                [
                    494,
                    1793
                ],
                [
                    494,
                    1834
                ],
                [
                    452,
                    1834
                ]
            ],
            "text": "(A)",
            "label": "B_Unit"
        },
        {
            "index": 128,
            "bbox": [
                [
                    905,
                    1799
                ],
                [
                    942,
                    1799
                ],
                [
                    942,
                    1827
                ],
                [
                    905,
                    1827
                ]
            ],
            "text": "25",
            "label": "B_Value"
        },
        {
            "index": 129,
            "bbox": [
                [
                    112,
                    1859
                ],
                [
                    194,
                    1859
                ],
                [
                    194,
                    1886
                ],
                [
                    112,
                    1886
                ]
            ],
            "text": "Rated",
            "label": "B_Prop"
        },
        {
            "index": 130,
            "bbox": [
                [
                    194,
                    1859
                ],
                [
                    349,
                    1859
                ],
                [
                    349,
                    1889
                ],
                [
                    194,
                    1889
                ]
            ],
            "text": "Operational",
            "label": "I_Prop"
        },
        {
            "index": 131,
            "bbox": [
                [
                    349,
                    1857
                ],
                [
                    452,
                    1857
                ],
                [
                    452,
                    1886
                ],
                [
                    349,
                    1886
                ]
            ],
            "text": "Current",
            "label": "I_Prop"
        },
        {
            "index": 132,
            "bbox": [
                [
                    448,
                    1854
                ],
                [
                    516,
                    1854
                ],
                [
                    516,
                    1889
                ],
                [
                    448,
                    1889
                ]
            ],
            "text": "AC-1",
            "label": "I_Prop"
        },
        {
            "index": 133,
            "bbox": [
                [
                    516,
                    1852
                ],
                [
                    562,
                    1852
                ],
                [
                    562,
                    1891
                ],
                [
                    516,
                    1891
                ]
            ],
            "text": "(A)",
            "label": "B_Unit"
        },
        {
            "index": 134,
            "bbox": [
                [
                    905,
                    1857
                ],
                [
                    942,
                    1857
                ],
                [
                    942,
                    1886
                ],
                [
                    905,
                    1886
                ]
            ],
            "text": "25",
            "label": "B_Value"
        },
        {
            "index": 135,
            "bbox": [
                [
                    944,
                    1852
                ],
                [
                    1008,
                    1852
                ],
                [
                    1008,
                    1891
                ],
                [
                    944,
                    1891
                ]
            ],
            "text": "(NC)",
            "label": "I_Value"
        },
        {
            "index": 136,
            "bbox": [
                [
                    112,
                    1918
                ],
                [
                    194,
                    1918
                ],
                [
                    194,
                    1946
                ],
                [
                    112,
                    1946
                ]
            ],
            "text": "Rated",
            "label": "B_Prop"
        },
        {
            "index": 137,
            "bbox": [
                [
                    194,
                    1918
                ],
                [
                    352,
                    1918
                ],
                [
                    352,
                    1950
                ],
                [
                    194,
                    1950
                ]
            ],
            "text": "Operational",
            "label": "I_Prop"
        },
        {
            "index": 138,
            "bbox": [
                [
                    352,
                    1921
                ],
                [
                    452,
                    1921
                ],
                [
                    452,
                    1944
                ],
                [
                    352,
                    1944
                ]
            ],
            "text": "Current",
            "label": "I_Prop"
        },
        {
            "index": 139,
            "bbox": [
                [
                    448,
                    1916
                ],
                [
                    523,
                    1916
                ],
                [
                    523,
                    1948
                ],
                [
                    448,
                    1948
                ]
            ],
            "text": "AC-3",
            "label": "I_Prop"
        },
        {
            "index": 140,
            "bbox": [
                [
                    521,
                    1916
                ],
                [
                    594,
                    1916
                ],
                [
                    594,
                    1948
                ],
                [
                    521,
                    1948
                ]
            ],
            "text": "230V",
            "label": "I_Prop"
        },
        {
            "index": 141,
            "bbox": [
                [
                    592,
                    1912
                ],
                [
                    635,
                    1912
                ],
                [
                    635,
                    1953
                ],
                [
                    592,
                    1953
                ]
            ],
            "text": "(A)",
            "label": "B_Unit"
        },
        {
            "index": 142,
            "bbox": [
                [
                    903,
                    1914
                ],
                [
                    930,
                    1914
                ],
                [
                    930,
                    1948
                ],
                [
                    903,
                    1948
                ]
            ],
            "text": "6",
            "label": "B_Value"
        },
        {
            "index": 143,
            "bbox": [
                [
                    928,
                    1909
                ],
                [
                    994,
                    1909
                ],
                [
                    994,
                    1955
                ],
                [
                    928,
                    1955
                ]
            ],
            "text": "(NC)",
            "label": "I_Value"
        },
        {
            "index": 144,
            "bbox": [
                [
                    112,
                    1980
                ],
                [
                    194,
                    1980
                ],
                [
                    194,
                    2008
                ],
                [
                    112,
                    2008
                ]
            ],
            "text": "Rated",
            "label": "B_Prop"
        },
        {
            "index": 145,
            "bbox": [
                [
                    194,
                    1978
                ],
                [
                    349,
                    1978
                ],
                [
                    349,
                    2010
                ],
                [
                    194,
                    2010
                ]
            ],
            "text": "Operational",
            "label": "I_Prop"
        },
        {
            "index": 146,
            "bbox": [
                [
                    352,
                    1980
                ],
                [
                    434,
                    1980
                ],
                [
                    434,
                    2008
                ],
                [
                    352,
                    2008
                ]
            ],
            "text": "Power",
            "label": "I_Prop"
        },
        {
            "index": 147,
            "bbox": [
                [
                    427,
                    1978
                ],
                [
                    505,
                    1978
                ],
                [
                    505,
                    2010
                ],
                [
                    427,
                    2010
                ]
            ],
            "text": "AC-3",
            "label": "I_Prop"
        },
        {
            "index": 148,
            "bbox": [
                [
                    500,
                    1978
                ],
                [
                    574,
                    1978
                ],
                [
                    574,
                    2010
                ],
                [
                    500,
                    2010
                ]
            ],
            "text": "230V",
            "label": "I_Prop"
        },
        {
            "index": 149,
            "bbox": [
                [
                    574,
                    1973
                ],
                [
                    635,
                    1973
                ],
                [
                    635,
                    2010
                ],
                [
                    574,
                    2010
                ]
            ],
            "text": "(kW)",
            "label": "B_Unit"
        },
        {
            "index": 150,
            "bbox": [
                [
                    903,
                    1976
                ],
                [
                    953,
                    1976
                ],
                [
                    953,
                    2010
                ],
                [
                    903,
                    2010
                ]
            ],
            "text": "0.9",
            "label": "B_Value"
        },
        {
            "index": 151,
            "bbox": [
                [
                    953,
                    1973
                ],
                [
                    1017,
                    1973
                ],
                [
                    1017,
                    2012
                ],
                [
                    953,
                    2012
                ]
            ],
            "text": "(NC)",
            "label": "I_Value"
        },
        {
            "index": 152,
            "bbox": [
                [
                    109,
                    2035
                ],
                [
                    194,
                    2035
                ],
                [
                    194,
                    2067
                ],
                [
                    109,
                    2067
                ]
            ],
            "text": "Rated",
            "label": "B_Prop"
        },
        {
            "index": 153,
            "bbox": [
                [
                    194,
                    2037
                ],
                [
                    352,
                    2037
                ],
                [
                    352,
                    2069
                ],
                [
                    194,
                    2069
                ]
            ],
            "text": "Operational",
            "label": "I_Prop"
        },
        {
            "index": 154,
            "bbox": [
                [
                    347,
                    2037
                ],
                [
                    459,
                    2037
                ],
                [
                    459,
                    2069
                ],
                [
                    347,
                    2069
                ]
            ],
            "text": "Voltage",
            "label": "I_Prop"
        },
        {
            "index": 155,
            "bbox": [
                [
                    457,
                    2037
                ],
                [
                    500,
                    2037
                ],
                [
                    500,
                    2065
                ],
                [
                    457,
                    2065
                ]
            ],
            "text": "AC",
            "label": "I_Prop"
        },
        {
            "index": 156,
            "bbox": [
                [
                    500,
                    2030
                ],
                [
                    546,
                    2030
                ],
                [
                    546,
                    2072
                ],
                [
                    500,
                    2072
                ]
            ],
            "text": "(v)",
            "label": "B_Unit"
        },
        {
            "index": 157,
            "bbox": [
                [
                    901,
                    2035
                ],
                [
                    962,
                    2035
                ],
                [
                    962,
                    2067
                ],
                [
                    901,
                    2067
                ]
            ],
            "text": "400",
            "label": "B_Value"
        },
        {
            "index": 158,
            "bbox": [
                [
                    677,
                    2211
                ],
                [
                    777,
                    2211
                ],
                [
                    777,
                    2234
                ],
                [
                    677,
                    2234
                ]
            ],
            "text": "1300556601",
            "label": "Out"
        },
        {
            "index": 159,
            "bbox": [
                [
                    779,
                    2209
                ],
                [
                    892,
                    2209
                ],
                [
                    892,
                    2239
                ],
                [
                    779,
                    2239
                ]
            ],
            "text": "ipd.comaul",
            "label": "Out"
        },
        {
            "index": 160,
            "bbox": [
                [
                    885,
                    2211
                ],
                [
                    978,
                    2211
                ],
                [
                    978,
                    2234
                ],
                [
                    885,
                    2234
                ]
            ],
            "text": "19-02-2024",
            "label": "Out"
        }
    ]
}