{
    "datasheet": [
        {
            "index": 0,
            "bbox": [
                [
                    57,
                    73
                ],
                [
                    201,
                    73
                ],
                [
                    201,
                    102
                ],
                [
                    57,
                    102
                ]
            ],
            "text": "AUTOMATION",
            "label": "Out"
        },
        {
            "index": 1,
            "bbox": [
                [
                    196,
                    73
                ],
                [
                    226,
                    73
                ],
                [
                    226,
                    102
                ],
                [
                    196,
                    102
                ]
            ],
            "text": "&",
            "label": "Out"
        },
        {
            "index": 2,
            "bbox": [
                [
                    219,
                    73
                ],
                [
                    324,
                    73
                ],
                [
                    324,
                    102
                ],
                [
                    219,
                    102
                ]
            ],
            "text": "CONTROL",
            "label": "Out"
        },
        {
            "index": 3,
            "bbox": [
                [
                    327,
                    80
                ],
                [
                    347,
                    80
                ],
                [
                    347,
                    96
                ],
                [
                    327,
                    96
                ]
            ],
            "text": ">",
            "label": "Out"
        },
        {
            "index": 4,
            "bbox": [
                [
                    343,
                    75
                ],
                [
                    420,
                    75
                ],
                [
                    420,
                    100
                ],
                [
                    343,
                    100
                ]
            ],
            "text": "MOTOR",
            "label": "Out"
        },
        {
            "index": 5,
            "bbox": [
                [
                    420,
                    73
                ],
                [
                    526,
                    73
                ],
                [
                    526,
                    102
                ],
                [
                    420,
                    102
                ]
            ],
            "text": "CONTROL",
            "label": "Out"
        },
        {
            "index": 6,
            "bbox": [
                [
                    521,
                    73
                ],
                [
                    548,
                    73
                ],
                [
                    548,
                    102
                ],
                [
                    521,
                    102
                ]
            ],
            "text": "&",
            "label": "Out"
        },
        {
            "index": 7,
            "bbox": [
                [
                    542,
                    73
                ],
                [
                    677,
                    73
                ],
                [
                    677,
                    102
                ],
                [
                    542,
                    102
                ]
            ],
            "text": "PROTECTION",
            "label": "Out"
        },
        {
            "index": 8,
            "bbox": [
                [
                    679,
                    77
                ],
                [
                    695,
                    77
                ],
                [
                    695,
                    98
                ],
                [
                    679,
                    98
                ]
            ],
            "text": ">",
            "label": "Out"
        },
        {
            "index": 9,
            "bbox": [
                [
                    693,
                    73
                ],
                [
                    841,
                    73
                ],
                [
                    841,
                    102
                ],
                [
                    693,
                    102
                ]
            ],
            "text": "CONTACTORS",
            "label": "Out"
        },
        {
            "index": 10,
            "bbox": [
                [
                    844,
                    80
                ],
                [
                    860,
                    80
                ],
                [
                    860,
                    98
                ],
                [
                    844,
                    98
                ]
            ],
            "text": ">",
            "label": "Out"
        },
        {
            "index": 11,
            "bbox": [
                [
                    860,
                    75
                ],
                [
                    901,
                    75
                ],
                [
                    901,
                    100
                ],
                [
                    860,
                    100
                ]
            ],
            "text": "IPD",
            "label": "Out"
        },
        {
            "index": 12,
            "bbox": [
                [
                    898,
                    75
                ],
                [
                    926,
                    75
                ],
                [
                    926,
                    100
                ],
                [
                    898,
                    100
                ]
            ],
            "text": ">",
            "label": "Out"
        },
        {
            "index": 13,
            "bbox": [
                [
                    917,
                    73
                ],
                [
                    1061,
                    73
                ],
                [
                    1061,
                    102
                ],
                [
                    917,
                    102
                ]
            ],
            "text": "AUTOMATION",
            "label": "Out"
        },
        {
            "index": 14,
            "bbox": [
                [
                    1058,
                    73
                ],
                [
                    1084,
                    73
                ],
                [
                    1084,
                    102
                ],
                [
                    1058,
                    102
                ]
            ],
            "text": "&",
            "label": "Out"
        },
        {
            "index": 15,
            "bbox": [
                [
                    1079,
                    73
                ],
                [
                    1184,
                    73
                ],
                [
                    1184,
                    102
                ],
                [
                    1079,
                    102
                ]
            ],
            "text": "CONTROL",
            "label": "Out"
        },
        {
            "index": 16,
            "bbox": [
                [
                    57,
                    107
                ],
                [
                    164,
                    107
                ],
                [
                    164,
                    137
                ],
                [
                    57,
                    137
                ]
            ],
            "text": "CONTROL",
            "label": "Out"
        },
        {
            "index": 17,
            "bbox": [
                [
                    157,
                    107
                ],
                [
                    253,
                    107
                ],
                [
                    253,
                    137
                ],
                [
                    157,
                    137
                ]
            ],
            "text": "DEVICES",
            "label": "Out"
        },
        {
            "index": 18,
            "bbox": [
                [
                    256,
                    112
                ],
                [
                    274,
                    112
                ],
                [
                    274,
                    132
                ],
                [
                    256,
                    132
                ]
            ],
            "text": ">",
            "label": "Out"
        },
        {
            "index": 19,
            "bbox": [
                [
                    272,
                    109
                ],
                [
                    354,
                    109
                ],
                [
                    354,
                    137
                ],
                [
                    272,
                    137
                ]
            ],
            "text": "RELAYS",
            "label": "Out"
        },
        {
            "index": 20,
            "bbox": [
                [
                    109,
                    247
                ],
                [
                    231,
                    247
                ],
                [
                    231,
                    279
                ],
                [
                    109,
                    279
                ]
            ],
            "text": "Terminal",
            "label": "B_Prop"
        },
        {
            "index": 21,
            "bbox": [
                [
                    226,
                    249
                ],
                [
                    299,
                    249
                ],
                [
                    299,
                    283
                ],
                [
                    226,
                    283
                ]
            ],
            "text": "Type",
            "label": "I_Prop"
        },
        {
            "index": 22,
            "bbox": [
                [
                    903,
                    249
                ],
                [
                    992,
                    249
                ],
                [
                    992,
                    279
                ],
                [
                    903,
                    279
                ]
            ],
            "text": "Screw",
            "label": "B_Value"
        },
        {
            "index": 23,
            "bbox": [
                [
                    112,
                    308
                ],
                [
                    240,
                    308
                ],
                [
                    240,
                    338
                ],
                [
                    112,
                    338
                ]
            ],
            "text": "Utilization",
            "label": "B_Prop"
        },
        {
            "index": 24,
            "bbox": [
                [
                    240,
                    311
                ],
                [
                    366,
                    311
                ],
                [
                    366,
                    345
                ],
                [
                    240,
                    345
                ]
            ],
            "text": "Category",
            "label": "I_Prop"
        },
        {
            "index": 25,
            "bbox": [
                [
                    903,
                    308
                ],
                [
                    972,
                    308
                ],
                [
                    972,
                    340
                ],
                [
                    903,
                    340
                ]
            ],
            "text": "AC-1",
            "label": "B_Value"
        },
        {
            "index": 26,
            "bbox": [
                [
                    972,
                    311
                ],
                [
                    1111,
                    311
                ],
                [
                    1111,
                    343
                ],
                [
                    972,
                    343
                ]
            ],
            "text": "According",
            "label": "I_Value"
        },
        {
            "index": 27,
            "bbox": [
                [
                    1113,
                    311
                ],
                [
                    1145,
                    311
                ],
                [
                    1145,
                    338
                ],
                [
                    1113,
                    338
                ]
            ],
            "text": "to",
            "label": "I_Value"
        },
        {
            "index": 28,
            "bbox": [
                [
                    1145,
                    311
                ],
                [
                    1182,
                    311
                ],
                [
                    1182,
                    338
                ],
                [
                    1145,
                    338
                ]
            ],
            "text": "EN",
            "label": "I_Value"
        },
        {
            "index": 29,
            "bbox": [
                [
                    1180,
                    311
                ],
                [
                    1225,
                    311
                ],
                [
                    1225,
                    338
                ],
                [
                    1180,
                    338
                ]
            ],
            "text": "IEC",
            "label": "I_Value"
        },
        {
            "index": 30,
            "bbox": [
                [
                    1225,
                    308
                ],
                [
                    1367,
                    308
                ],
                [
                    1367,
                    338
                ],
                [
                    1225,
                    338
                ]
            ],
            "text": "60947-4-1",
            "label": "I_Value"
        },
        {
            "index": 31,
            "bbox": [
                [
                    112,
                    423
                ],
                [
                    221,
                    423
                ],
                [
                    221,
                    457
                ],
                [
                    112,
                    457
                ]
            ],
            "text": "Physical",
            "label": "B_Section"
        },
        {
            "index": 32,
            "bbox": [
                [
                    222,
                    423
                ],
                [
                    222,
                    452
                ],
                [
                    362,
                    452
                ],
                [
                    362,
                    423
                ]
            ],
            "text": "Attributes",
            "label": "I_Section"
        },
        {
            "index": 33,
            "bbox": [
                [
                    112,
                    482
                ],
                [
                    235,
                    482
                ],
                [
                    235,
                    516
                ],
                [
                    112,
                    516
                ]
            ],
            "text": "Mounting",
            "label": "B_Prop"
        },
        {
            "index": 34,
            "bbox": [
                [
                    237,
                    482
                ],
                [
                    306,
                    482
                ],
                [
                    306,
                    516
                ],
                [
                    237,
                    516
                ]
            ],
            "text": "Type",
            "label": "I_Prop"
        },
        {
            "index": 35,
            "bbox": [
                [
                    905,
                    482
                ],
                [
                    953,
                    482
                ],
                [
                    953,
                    510
                ],
                [
                    905,
                    510
                ]
            ],
            "text": "DIN",
            "label": "B_Value"
        },
        {
            "index": 36,
            "bbox": [
                [
                    949,
                    480
                ],
                [
                    1008,
                    480
                ],
                [
                    1008,
                    512
                ],
                [
                    949,
                    512
                ]
            ],
            "text": "Rail",
            "label": "I_Value"
        },
        {
            "index": 37,
            "bbox": [
                [
                    109,
                    542
                ],
                [
                    157,
                    542
                ],
                [
                    157,
                    569
                ],
                [
                    109,
                    569
                ]
            ],
            "text": "No.",
            "label": "B_Prop"
        },
        {
            "index": 38,
            "bbox": [
                [
                    155,
                    539
                ],
                [
                    189,
                    539
                ],
                [
                    189,
                    569
                ],
                [
                    155,
                    569
                ]
            ],
            "text": "of",
            "label": "I_Prop"
        },
        {
            "index": 39,
            "bbox": [
                [
                    189,
                    539
                ],
                [
                    301,
                    539
                ],
                [
                    301,
                    569
                ],
                [
                    189,
                    569
                ]
            ],
            "text": "Modules",
            "label": "I_Prop"
        },
        {
            "index": 40,
            "bbox": [
                [
                    304,
                    546
                ],
                [
                    320,
                    546
                ],
                [
                    320,
                    564
                ],
                [
                    304,
                    564
                ]
            ],
            "text": "-",
            "label": "I_Prop"
        },
        {
            "index": 41,
            "bbox": [
                [
                    324,
                    542
                ],
                [
                    402,
                    542
                ],
                [
                    402,
                    567
                ],
                [
                    324,
                    567
                ]
            ],
            "text": "Width",
            "label": "I_Prop"
        },
        {
            "index": 42,
            "bbox": [
                [
                    402,
                    539
                ],
                [
                    459,
                    539
                ],
                [
                    459,
                    571
                ],
                [
                    402,
                    571
                ]
            ],
            "text": "17.5",
            "label": "I_Prop"
        },
        {
            "index": 43,
            "bbox": [
                [
                    457,
                    544
                ],
                [
                    516,
                    544
                ],
                [
                    516,
                    569
                ],
                [
                    457,
                    569
                ]
            ],
            "text": "mm",
            "label": "I_Prop"
        },
        {
            "index": 44,
            "bbox": [
                [
                    903,
                    539
                ],
                [
                    928,
                    539
                ],
                [
                    928,
                    571
                ],
                [
                    903,
                    571
                ]
            ],
            "text": "2",
            "label": "B_Value"
        },
        {
            "index": 45,
            "bbox": [
                [
                    112,
                    601
                ],
                [
                    267,
                    601
                ],
                [
                    267,
                    633
                ],
                [
                    112,
                    633
                ]
            ],
            "text": "Operational",
            "label": "B_Prop"
        },
        {
            "index": 46,
            "bbox": [
                [
                    265,
                    601
                ],
                [
                    436,
                    601
                ],
                [
                    436,
                    633
                ],
                [
                    265,
                    633
                ]
            ],
            "text": "Temperature",
            "label": "I_Prop"
        },
        {
            "index": 47,
            "bbox": [
                [
                    436,
                    601
                ],
                [
                    528,
                    601
                ],
                [
                    528,
                    635
                ],
                [
                    436,
                    635
                ]
            ],
            "text": "Range",
            "label": "I_Prop"
        },
        {
            "index": 48,
            "bbox": [
                [
                    530,
                    596
                ],
                [
                    585,
                    596
                ],
                [
                    585,
                    635
                ],
                [
                    530,
                    635
                ]
            ],
            "text": "(°C)",
            "label": "B_Unit"
        },
        {
            "index": 49,
            "bbox": [
                [
                    903,
                    599
                ],
                [
                    958,
                    599
                ],
                [
                    958,
                    633
                ],
                [
                    903,
                    633
                ]
            ],
            "text": "-25",
            "label": "B_Value"
        },
        {
            "index": 50,
            "bbox": [
                [
                    956,
                    601
                ],
                [
                    988,
                    601
                ],
                [
                    988,
                    631
                ],
                [
                    956,
                    631
                ]
            ],
            "text": "to",
            "label": "I_Value"
        },
        {
            "index": 51,
            "bbox": [
                [
                    985,
                    599
                ],
                [
                    1049,
                    599
                ],
                [
                    1049,
                    631
                ],
                [
                    985,
                    631
                ]
            ],
            "text": "+55",
            "label": "I_Value"
        },
        {
            "index": 52,
            "bbox": [
                [
                    112,
                    660
                ],
                [
                    189,
                    660
                ],
                [
                    189,
                    686
                ],
                [
                    112,
                    686
                ]
            ],
            "text": "Width",
            "label": "B_Prop"
        },
        {
            "index": 53,
            "bbox": [
                [
                    192,
                    658
                ],
                [
                    221,
                    658
                ],
                [
                    221,
                    688
                ],
                [
                    192,
                    688
                ]
            ],
            "text": "in",
            "label": "I_Prop"
        },
        {
            "index": 54,
            "bbox": [
                [
                    221,
                    658
                ],
                [
                    329,
                    658
                ],
                [
                    329,
                    688
                ],
                [
                    221,
                    688
                ]
            ],
            "text": "Number",
            "label": "I_Prop"
        },
        {
            "index": 55,
            "bbox": [
                [
                    327,
                    658
                ],
                [
                    361,
                    658
                ],
                [
                    361,
                    688
                ],
                [
                    327,
                    688
                ]
            ],
            "text": "of",
            "label": "I_Prop"
        },
        {
            "index": 56,
            "bbox": [
                [
                    359,
                    658
                ],
                [
                    475,
                    658
                ],
                [
                    475,
                    688
                ],
                [
                    359,
                    688
                ]
            ],
            "text": "Modular",
            "label": "I_Prop"
        },
        {
            "index": 57,
            "bbox": [
                [
                    468,
                    660
                ],
                [
                    599,
                    660
                ],
                [
                    599,
                    695
                ],
                [
                    468,
                    695
                ]
            ],
            "text": "Spacings",
            "label": "I_Prop"
        },
        {
            "index": 58,
            "bbox": [
                [
                    903,
                    658
                ],
                [
                    928,
                    658
                ],
                [
                    928,
                    690
                ],
                [
                    903,
                    690
                ]
            ],
            "text": "2",
            "label": "B_Value"
        },
        {
            "index": 59,
            "bbox": [
                [
                    109,
                    773
                ],
                [
                    272,
                    773
                ],
                [
                    272,
                    802
                ],
                [
                    109,
                    802
                ]
            ],
            "text": "Dimensions",
            "label": "B_Section"
        },
        {
            "index": 60,
            "bbox": [
                [
                    109,
                    832
                ],
                [
                    210,
                    832
                ],
                [
                    210,
                    862
                ],
                [
                    109,
                    862
                ]
            ],
            "text": "Built-in",
            "label": "B_Prop"
        },
        {
            "index": 61,
            "bbox": [
                [
                    208,
                    832
                ],
                [
                    288,
                    832
                ],
                [
                    288,
                    866
                ],
                [
                    208,
                    866
                ]
            ],
            "text": "Depth",
            "label": "I_Prop"
        },
        {
            "index": 62,
            "bbox": [
                [
                    288,
                    825
                ],
                [
                    370,
                    825
                ],
                [
                    370,
                    869
                ],
                [
                    288,
                    869
                ]
            ],
            "text": "(mm)",
            "label": "B_Unit"
        },
        {
            "index": 63,
            "bbox": [
                [
                    905,
                    832
                ],
                [
                    944,
                    832
                ],
                [
                    944,
                    862
                ],
                [
                    905,
                    862
                ]
            ],
            "text": "58",
            "label": "B_Value"
        },
        {
            "index": 64,
            "bbox": [
                [
                    112,
                    891
                ],
                [
                    267,
                    891
                ],
                [
                    267,
                    921
                ],
                [
                    112,
                    921
                ]
            ],
            "text": "Dimensions",
            "label": "B_Prop"
        },
        {
            "index": 65,
            "bbox": [
                [
                    269,
                    889
                ],
                [
                    347,
                    889
                ],
                [
                    347,
                    926
                ],
                [
                    269,
                    926
                ]
            ],
            "text": "(mm)",
            "label": "B_Unit"
        },
        {
            "index": 66,
            "bbox": [
                [
                    903,
                    891
                ],
                [
                    969,
                    891
                ],
                [
                    969,
                    923
                ],
                [
                    903,
                    923
                ]
            ],
            "text": "36W",
            "label": "B_Value"
        },
        {
            "index": 67,
            "bbox": [
                [
                    965,
                    894
                ],
                [
                    990,
                    894
                ],
                [
                    990,
                    923
                ],
                [
                    965,
                    923
                ]
            ],
            "text": "X",
            "label": "I_Value"
        },
        {
            "index": 68,
            "bbox": [
                [
                    985,
                    891
                ],
                [
                    1049,
                    891
                ],
                [
                    1049,
                    923
                ],
                [
                    985,
                    923
                ]
            ],
            "text": "85H>",
            "label": "I_Value"
        },
        {
            "index": 69,
            "bbox": [
                [
                    1042,
                    896
                ],
                [
                    1061,
                    896
                ],
                [
                    1061,
                    919
                ],
                [
                    1042,
                    919
                ]
            ],
            "text": "X",
            "label": "I_Value"
        },
        {
            "index": 70,
            "bbox": [
                [
                    1061,
                    891
                ],
                [
                    1123,
                    891
                ],
                [
                    1123,
                    923
                ],
                [
                    1061,
                    923
                ]
            ],
            "text": "65D",
            "label": "I_Value"
        },
        {
            "index": 71,
            "bbox": [
                [
                    109,
                    1006
                ],
                [
                    253,
                    1006
                ],
                [
                    253,
                    1038
                ],
                [
                    109,
                    1038
                ]
            ],
            "text": "Protection",
            "label": "B_Section"
        },
        {
            "index": 72,
            "bbox": [
                [
                    251,
                    1006
                ],
                [
                    281,
                    1006
                ],
                [
                    281,
                    1038
                ],
                [
                    251,
                    1038
                ]
            ],
            "text": "&",
            "label": "I_Section"
        },
        {
            "index": 73,
            "bbox": [
                [
                    276,
                    1006
                ],
                [
                    418,
                    1006
                ],
                [
                    418,
                    1038
                ],
                [
                    276,
                    1038
                ]
            ],
            "text": "Standards",
            "label": "I_Section"
        },
        {
            "index": 74,
            "bbox": [
                [
                    109,
                    1065
                ],
                [
                    208,
                    1065
                ],
                [
                    208,
                    1097
                ],
                [
                    109,
                    1097
                ]
            ],
            "text": "Degree",
            "label": "B_Prop"
        },
        {
            "index": 75,
            "bbox": [
                [
                    203,
                    1063
                ],
                [
                    237,
                    1063
                ],
                [
                    237,
                    1093
                ],
                [
                    203,
                    1093
                ]
            ],
            "text": "of",
            "label": "I_Prop"
        },
        {
            "index": 76,
            "bbox": [
                [
                    235,
                    1063
                ],
                [
                    368,
                    1063
                ],
                [
                    368,
                    1093
                ],
                [
                    235,
                    1093
                ]
            ],
            "text": "Protection",
            "label": "I_Prop"
        },
        {
            "index": 77,
            "bbox": [
                [
                    903,
                    1063
                ],
                [
                    962,
                    1063
                ],
                [
                    962,
                    1095
                ],
                [
                    903,
                    1095
                ]
            ],
            "text": "IP20",
            "label": "B_Value"
        },
        {
            "index": 78,
            "bbox": [
                [
                    109,
                    1122
                ],
                [
                    224,
                    1122
                ],
                [
                    224,
                    1152
                ],
                [
                    109,
                    1152
                ]
            ],
            "text": "Pollution",
            "label": "B_Prop"
        },
        {
            "index": 79,
            "bbox": [
                [
                    224,
                    1125
                ],
                [
                    317,
                    1125
                ],
                [
                    317,
                    1159
                ],
                [
                    224,
                    1159
                ]
            ],
            "text": "Degree",
            "label": "I_Prop"
        },
        {
            "index": 80,
            "bbox": [
                [
                    903,
                    1122
                ],
                [
                    928,
                    1122
                ],
                [
                    928,
                    1154
                ],
                [
                    903,
                    1154
                ]
            ],
            "text": "3",
            "label": "B_Value"
        },
        {
            "index": 81,
            "bbox": [
                [
                    109,
                    1239
                ],
                [
                    251,
                    1239
                ],
                [
                    251,
                    1269
                ],
                [
                    109,
                    1269
                ]
            ],
            "text": "Resources",
            "label": "B_Section"
        },
        {
            "index": 82,
            "bbox": [
                [
                    107,
                    1294
                ],
                [
                    359,
                    1294
                ],
                [
                    359,
                    1333
                ],
                [
                    107,
                    1333
                ]
            ],
            "text": "Productcatalogue",
            "label": "B_Prop"
        },
        {
            "index": 83,
            "bbox": [
                [
                    359,
                    1294
                ],
                [
                    487,
                    1294
                ],
                [
                    487,
                    1328
                ],
                [
                    359,
                    1328
                ]
            ],
            "text": "(Flipbook)",
            "label": "I_Prop"
        },
        {
            "index": 84,
            "bbox": [
                [
                    905,
                    1294
                ],
                [
                    1045,
                    1294
                ],
                [
                    1045,
                    1326
                ],
                [
                    905,
                    1326
                ]
            ],
            "text": "Download",
            "label": "B_Value"
        },
        {
            "index": 85,
            "bbox": [
                [
                    1040,
                    1294
                ],
                [
                    1113,
                    1294
                ],
                [
                    1113,
                    1328
                ],
                [
                    1040,
                    1328
                ]
            ],
            "text": "from",
            "label": "I_Value"
        },
        {
            "index": 86,
            "bbox": [
                [
                    1107,
                    1294
                ],
                [
                    1173,
                    1294
                ],
                [
                    1173,
                    1328
                ],
                [
                    1107,
                    1328
                ]
            ],
            "text": "here",
            "label": "I_Value"
        },
        {
            "index": 87,
            "bbox": [
                [
                    677,
                    2211
                ],
                [
                    777,
                    2211
                ],
                [
                    777,
                    2234
                ],
                [
                    677,
                    2234
                ]
            ],
            "text": "1300556601",
            "label": "Out"
        },
        {
            "index": 88,
            "bbox": [
                [
                    782,
                    2209
                ],
                [
                    892,
                    2209
                ],
                [
                    892,
                    2239
                ],
                [
                    782,
                    2239
                ]
            ],
            "text": "ipd.comaul",
            "label": "Out"
        },
        {
            "index": 89,
            "bbox": [
                [
                    885,
                    2211
                ],
                [
                    978,
                    2211
                ],
                [
                    978,
                    2234
                ],
                [
                    885,
                    2234
                ]
            ],
            "text": "19-02-2024",
            "label": "Out"
        }
    ]
}