{
    "datasheet": [
        {
            "index": 0,
            "bbox": [
                [
                    333,
                    303
                ],
                [
                    500,
                    303
                ],
                [
                    500,
                    354
                ],
                [
                    333,
                    354
                ]
            ],
            "text": "Based",
            "label": "I_Descri"
        },
        {
            "index": 1,
            "bbox": [
                [
                    523,
                    306
                ],
                [
                    783,
                    306
                ],
                [
                    783,
                    358
                ],
                [
                    523,
                    358
                ]
            ],
            "text": "Solenoid,",
            "label": "I_Descri"
        },
        {
            "index": 2,
            "bbox": [
                [
                    82,
                    390
                ],
                [
                    292,
                    390
                ],
                [
                    292,
                    433
                ],
                [
                    82,
                    433
                ]
            ],
            "text": "E13AXC",
            "label": "B_Ref"
        },
        {
            "index": 3,
            "bbox": [
                [
                    313,
                    386
                ],
                [
                    484,
                    386
                ],
                [
                    484,
                    436
                ],
                [
                    313,
                    436
                ]
            ],
            "text": "Series",
            "label": "Out"
        },
        {
            "index": 4,
            "bbox": [
                [
                    842,
                    552
                ],
                [
                    1071,
                    552
                ],
                [
                    1071,
                    584
                ],
                [
                    842,
                    584
                ]
            ],
            "text": "DESCRIPTION",
            "label": "B_Section"
        },
        {
            "index": 5,
            "bbox": [
                [
                    840,
                    605
                ],
                [
                    904,
                    605
                ],
                [
                    904,
                    630
                ],
                [
                    840,
                    630
                ]
            ],
            "text": "Direct",
            "label": "B_Descri"
        },
        {
            "index": 6,
            "bbox": [
                [
                    902,
                    603
                ],
                [
                    970,
                    603
                ],
                [
                    970,
                    635
                ],
                [
                    902,
                    635
                ]
            ],
            "text": "acting",
            "label": "I_Descri"
        },
        {
            "index": 7,
            "bbox": [
                [
                    966,
                    605
                ],
                [
                    1037,
                    605
                ],
                [
                    1037,
                    637
                ],
                [
                    966,
                    637
                ]
            ],
            "text": "spring",
            "label": "I_Descri"
        },
        {
            "index": 8,
            "bbox": [
                [
                    1034,
                    607
                ],
                [
                    1101,
                    607
                ],
                [
                    1101,
                    632
                ],
                [
                    1034,
                    632
                ]
            ],
            "text": "return",
            "label": "I_Descri"
        },
        {
            "index": 9,
            "bbox": [
                [
                    1098,
                    605
                ],
                [
                    1192,
                    605
                ],
                [
                    1192,
                    635
                ],
                [
                    1098,
                    635
                ]
            ],
            "text": "normally",
            "label": "I_Descri"
        },
        {
            "index": 10,
            "bbox": [
                [
                    1190,
                    605
                ],
                [
                    1260,
                    605
                ],
                [
                    1260,
                    630
                ],
                [
                    1190,
                    630
                ]
            ],
            "text": "closed",
            "label": "I_Descri"
        },
        {
            "index": 11,
            "bbox": [
                [
                    1258,
                    605
                ],
                [
                    1356,
                    605
                ],
                [
                    1356,
                    635
                ],
                [
                    1258,
                    635
                ]
            ],
            "text": "solenoid,",
            "label": "I_Descri"
        },
        {
            "index": 12,
            "bbox": [
                [
                    1354,
                    605
                ],
                [
                    1473,
                    605
                ],
                [
                    1473,
                    635
                ],
                [
                    1354,
                    635
                ]
            ],
            "text": "conforming",
            "label": "I_Descri"
        },
        {
            "index": 13,
            "bbox": [
                [
                    1468,
                    605
                ],
                [
                    1498,
                    605
                ],
                [
                    1498,
                    635
                ],
                [
                    1468,
                    635
                ]
            ],
            "text": "to",
            "label": "I_Descri"
        },
        {
            "index": 14,
            "bbox": [
                [
                    838,
                    630
                ],
                [
                    934,
                    630
                ],
                [
                    934,
                    660
                ],
                [
                    838,
                    660
                ]
            ],
            "text": "CNOMO",
            "label": "I_Descri"
        },
        {
            "index": 15,
            "bbox": [
                [
                    927,
                    630
                ],
                [
                    1043,
                    630
                ],
                [
                    1043,
                    660
                ],
                [
                    927,
                    660
                ]
            ],
            "text": "standards.",
            "label": "I_Descri"
        },
        {
            "index": 16,
            "bbox": [
                [
                    888,
                    682
                ],
                [
                    1005,
                    682
                ],
                [
                    1005,
                    712
                ],
                [
                    888,
                    712
                ]
            ],
            "text": "Hazardous",
            "label": "B_Descri"
        },
        {
            "index": 17,
            "bbox": [
                [
                    1002,
                    687
                ],
                [
                    1055,
                    687
                ],
                [
                    1055,
                    712
                ],
                [
                    1002,
                    712
                ]
            ],
            "text": "area",
            "label": "I_Descri"
        },
        {
            "index": 18,
            "bbox": [
                [
                    1053,
                    685
                ],
                [
                    1153,
                    685
                ],
                [
                    1153,
                    717
                ],
                [
                    1053,
                    717
                ]
            ],
            "text": "approved",
            "label": "I_Descri"
        },
        {
            "index": 19,
            "bbox": [
                [
                    1151,
                    682
                ],
                [
                    1203,
                    682
                ],
                [
                    1203,
                    717
                ],
                [
                    1151,
                    717
                ]
            ],
            "text": "pilot",
            "label": "I_Descri"
        },
        {
            "index": 20,
            "bbox": [
                [
                    1197,
                    685
                ],
                [
                    1302,
                    685
                ],
                [
                    1302,
                    714
                ],
                [
                    1197,
                    714
                ]
            ],
            "text": "operators",
            "label": "I_Descri"
        },
        {
            "index": 21,
            "bbox": [
                [
                    938,
                    710
                ],
                [
                    1007,
                    710
                ],
                [
                    1007,
                    742
                ],
                [
                    938,
                    742
                ]
            ],
            "text": "ExnA,",
            "label": "I_Descri"
        },
        {
            "index": 22,
            "bbox": [
                [
                    1005,
                    710
                ],
                [
                    1039,
                    710
                ],
                [
                    1039,
                    740
                ],
                [
                    1005,
                    740
                ]
            ],
            "text": "Ex",
            "label": "I_Descri"
        },
        {
            "index": 23,
            "bbox": [
                [
                    1032,
                    712
                ],
                [
                    1059,
                    712
                ],
                [
                    1059,
                    740
                ],
                [
                    1032,
                    740
                ]
            ],
            "text": "e",
            "label": "I_Descri"
        },
        {
            "index": 24,
            "bbox": [
                [
                    1055,
                    712
                ],
                [
                    1098,
                    712
                ],
                [
                    1098,
                    740
                ],
                [
                    1055,
                    740
                ]
            ],
            "text": "mb,",
            "label": "I_Descri"
        },
        {
            "index": 25,
            "bbox": [
                [
                    1098,
                    712
                ],
                [
                    1144,
                    712
                ],
                [
                    1144,
                    737
                ],
                [
                    1098,
                    737
                ]
            ],
            "text": "Exd",
            "label": "I_Descri"
        },
        {
            "index": 26,
            "bbox": [
                [
                    1139,
                    710
                ],
                [
                    1167,
                    710
                ],
                [
                    1167,
                    740
                ],
                [
                    1139,
                    740
                ]
            ],
            "text": "&",
            "label": "I_Descri"
        },
        {
            "index": 27,
            "bbox": [
                [
                    1165,
                    712
                ],
                [
                    1215,
                    712
                ],
                [
                    1215,
                    737
                ],
                [
                    1165,
                    737
                ]
            ],
            "text": "Exia",
            "label": "I_Descri"
        },
        {
            "index": 28,
            "bbox": [
                [
                    886,
                    735
                ],
                [
                    973,
                    735
                ],
                [
                    973,
                    767
                ],
                [
                    886,
                    767
                ]
            ],
            "text": "Various",
            "label": "B_Descri"
        },
        {
            "index": 29,
            "bbox": [
                [
                    968,
                    735
                ],
                [
                    1101,
                    735
                ],
                [
                    1101,
                    767
                ],
                [
                    968,
                    767
                ]
            ],
            "text": "international",
            "label": "I_Descri"
        },
        {
            "index": 30,
            "bbox": [
                [
                    1096,
                    737
                ],
                [
                    1201,
                    737
                ],
                [
                    1201,
                    769
                ],
                [
                    1096,
                    769
                ]
            ],
            "text": "approvals",
            "label": "I_Descri"
        },
        {
            "index": 31,
            "bbox": [
                [
                    936,
                    762
                ],
                [
                    1012,
                    762
                ],
                [
                    1012,
                    794
                ],
                [
                    936,
                    794
                ]
            ],
            "text": "ATEX,",
            "label": "I_Descri"
        },
        {
            "index": 32,
            "bbox": [
                [
                    1007,
                    762
                ],
                [
                    1087,
                    762
                ],
                [
                    1087,
                    794
                ],
                [
                    1007,
                    794
                ]
            ],
            "text": "IECEX,",
            "label": "I_Descri"
        },
        {
            "index": 33,
            "bbox": [
                [
                    1085,
                    762
                ],
                [
                    1178,
                    762
                ],
                [
                    1178,
                    792
                ],
                [
                    1085,
                    792
                ]
            ],
            "text": "FM/CSA",
            "label": "I_Descri"
        },
        {
            "index": 34,
            "bbox": [
                [
                    1171,
                    765
                ],
                [
                    1199,
                    765
                ],
                [
                    1199,
                    794
                ],
                [
                    1171,
                    794
                ]
            ],
            "text": "&",
            "label": "I_Descri"
        },
        {
            "index": 35,
            "bbox": [
                [
                    1197,
                    765
                ],
                [
                    1279,
                    765
                ],
                [
                    1279,
                    792
                ],
                [
                    1197,
                    792
                ]
            ],
            "text": "CCCEX",
            "label": "I_Descri"
        },
        {
            "index": 36,
            "bbox": [
                [
                    886,
                    790
                ],
                [
                    950,
                    790
                ],
                [
                    950,
                    824
                ],
                [
                    886,
                    824
                ]
            ],
            "text": "Body",
            "label": "B_Descri"
        },
        {
            "index": 37,
            "bbox": [
                [
                    943,
                    790
                ],
                [
                    1034,
                    790
                ],
                [
                    1034,
                    820
                ],
                [
                    943,
                    820
                ]
            ],
            "text": "material",
            "label": "I_Descri"
        },
        {
            "index": 38,
            "bbox": [
                [
                    1030,
                    790
                ],
                [
                    1126,
                    790
                ],
                [
                    1126,
                    820
                ],
                [
                    1030,
                    820
                ]
            ],
            "text": "available",
            "label": "I_Descri"
        },
        {
            "index": 39,
            "bbox": [
                [
                    1123,
                    792
                ],
                [
                    1151,
                    792
                ],
                [
                    1151,
                    820
                ],
                [
                    1123,
                    820
                ]
            ],
            "text": "in",
            "label": "I_Descri"
        },
        {
            "index": 40,
            "bbox": [
                [
                    936,
                    815
                ],
                [
                    1053,
                    815
                ],
                [
                    1053,
                    845
                ],
                [
                    936,
                    845
                ]
            ],
            "text": "Aluminium",
            "label": "I_Descri"
        },
        {
            "index": 41,
            "bbox": [
                [
                    1048,
                    817
                ],
                [
                    1158,
                    817
                ],
                [
                    1158,
                    849
                ],
                [
                    1048,
                    849
                ]
            ],
            "text": "(standard)",
            "label": "I_Descri"
        },
        {
            "index": 42,
            "bbox": [
                [
                    936,
                    842
                ],
                [
                    1037,
                    842
                ],
                [
                    1037,
                    874
                ],
                [
                    936,
                    874
                ]
            ],
            "text": "Stainless",
            "label": "I_Descri"
        },
        {
            "index": 43,
            "bbox": [
                [
                    1032,
                    842
                ],
                [
                    1096,
                    842
                ],
                [
                    1096,
                    874
                ],
                [
                    1032,
                    874
                ]
            ],
            "text": "Steel",
            "label": "I_Descri"
        },
        {
            "index": 44,
            "bbox": [
                [
                    936,
                    870
                ],
                [
                    1005,
                    870
                ],
                [
                    1005,
                    902
                ],
                [
                    936,
                    902
                ]
            ],
            "text": "Brass",
            "label": "I_Descri"
        },
        {
            "index": 45,
            "bbox": [
                [
                    84,
                    993
                ],
                [
                    150,
                    993
                ],
                [
                    150,
                    1025
                ],
                [
                    84,
                    1025
                ]
            ],
            "text": "Valve",
            "label": "B_Descri"
        },
        {
            "index": 46,
            "bbox": [
                [
                    146,
                    995
                ],
                [
                    249,
                    995
                ],
                [
                    249,
                    1027
                ],
                [
                    146,
                    1027
                ]
            ],
            "text": "Assembly",
            "label": "I_Descri"
        },
        {
            "index": 47,
            "bbox": [
                [
                    244,
                    995
                ],
                [
                    354,
                    995
                ],
                [
                    354,
                    1025
                ],
                [
                    244,
                    1025
                ]
            ],
            "text": "illustrated",
            "label": "I_Descri"
        },
        {
            "index": 48,
            "bbox": [
                [
                    351,
                    998
                ],
                [
                    402,
                    998
                ],
                [
                    402,
                    1023
                ],
                [
                    351,
                    1023
                ]
            ],
            "text": "with",
            "label": "I_Descri"
        },
        {
            "index": 49,
            "bbox": [
                [
                    397,
                    998
                ],
                [
                    431,
                    998
                ],
                [
                    431,
                    1025
                ],
                [
                    397,
                    1025
                ]
            ],
            "text": "an",
            "label": "I_Descri"
        },
        {
            "index": 50,
            "bbox": [
                [
                    431,
                    995
                ],
                [
                    472,
                    995
                ],
                [
                    472,
                    1023
                ],
                [
                    431,
                    1023
                ]
            ],
            "text": "Exd",
            "label": "I_Descri"
        },
        {
            "index": 51,
            "bbox": [
                [
                    468,
                    998
                ],
                [
                    511,
                    998
                ],
                [
                    511,
                    1023
                ],
                [
                    468,
                    1023
                ]
            ],
            "text": "coil",
            "label": "I_Descri"
        },
        {
            "index": 52,
            "bbox": [
                [
                    509,
                    995
                ],
                [
                    546,
                    995
                ],
                [
                    546,
                    1023
                ],
                [
                    509,
                    1023
                ]
            ],
            "text": "for",
            "label": "I_Descri"
        },
        {
            "index": 53,
            "bbox": [
                [
                    541,
                    993
                ],
                [
                    648,
                    993
                ],
                [
                    648,
                    1025
                ],
                [
                    541,
                    1025
                ]
            ],
            "text": "reference",
            "label": "I_Descri"
        },
        {
            "index": 54,
            "bbox": [
                [
                    641,
                    993
                ],
                [
                    699,
                    993
                ],
                [
                    699,
                    1030
                ],
                [
                    641,
                    1030
                ]
            ],
            "text": "only.",
            "label": "I_Descri"
        },
        {
            "index": 55,
            "bbox": [
                [
                    75,
                    1053
                ],
                [
                    249,
                    1053
                ],
                [
                    249,
                    1091
                ],
                [
                    75,
                    1091
                ]
            ],
            "text": "FEATURES",
            "label": "B_Section"
        },
        {
            "index": 56,
            "bbox": [
                [
                    123,
                    1121
                ],
                [
                    194,
                    1121
                ],
                [
                    194,
                    1153
                ],
                [
                    123,
                    1153
                ]
            ],
            "text": "Direct",
            "label": "B_Descri"
        },
        {
            "index": 57,
            "bbox": [
                [
                    187,
                    1123
                ],
                [
                    287,
                    1123
                ],
                [
                    287,
                    1155
                ],
                [
                    187,
                    1155
                ]
            ],
            "text": "mounting",
            "label": "I_Descri"
        },
        {
            "index": 58,
            "bbox": [
                [
                    285,
                    1123
                ],
                [
                    315,
                    1123
                ],
                [
                    315,
                    1153
                ],
                [
                    285,
                    1153
                ]
            ],
            "text": "to",
            "label": "I_Descri"
        },
        {
            "index": 59,
            "bbox": [
                [
                    310,
                    1123
                ],
                [
                    342,
                    1123
                ],
                [
                    342,
                    1151
                ],
                [
                    310,
                    1151
                ]
            ],
            "text": "all",
            "label": "I_Descri"
        },
        {
            "index": 60,
            "bbox": [
                [
                    340,
                    1126
                ],
                [
                    411,
                    1126
                ],
                [
                    411,
                    1151
                ],
                [
                    340,
                    1151
                ]
            ],
            "text": "valves",
            "label": "I_Descri"
        },
        {
            "index": 61,
            "bbox": [
                [
                    408,
                    1123
                ],
                [
                    495,
                    1123
                ],
                [
                    495,
                    1155
                ],
                [
                    408,
                    1155
                ]
            ],
            "text": "meeting",
            "label": "I_Descri"
        },
        {
            "index": 62,
            "bbox": [
                [
                    493,
                    1121
                ],
                [
                    589,
                    1121
                ],
                [
                    589,
                    1153
                ],
                [
                    493,
                    1153
                ]
            ],
            "text": "CNOMO",
            "label": "I_Descri"
        },
        {
            "index": 63,
            "bbox": [
                [
                    584,
                    1123
                ],
                [
                    646,
                    1123
                ],
                [
                    646,
                    1155
                ],
                [
                    584,
                    1155
                ]
            ],
            "text": "fixing",
            "label": "I_Descri"
        },
        {
            "index": 64,
            "bbox": [
                [
                    641,
                    1123
                ],
                [
                    765,
                    1123
                ],
                [
                    765,
                    1153
                ],
                [
                    641,
                    1153
                ]
            ],
            "text": "dimensions",
            "label": "I_Descri"
        },
        {
            "index": 65,
            "bbox": [
                [
                    125,
                    1151
                ],
                [
                    292,
                    1151
                ],
                [
                    292,
                    1180
                ],
                [
                    125,
                    1180
                ]
            ],
            "text": "Interchangeable",
            "label": "B_Descri"
        },
        {
            "index": 66,
            "bbox": [
                [
                    287,
                    1148
                ],
                [
                    349,
                    1148
                ],
                [
                    349,
                    1180
                ],
                [
                    287,
                    1180
                ]
            ],
            "text": "coils,",
            "label": "I_Descri"
        },
        {
            "index": 67,
            "bbox": [
                [
                    347,
                    1151
                ],
                [
                    443,
                    1151
                ],
                [
                    443,
                    1183
                ],
                [
                    347,
                    1183
                ]
            ],
            "text": "including",
            "label": "I_Descri"
        },
        {
            "index": 68,
            "bbox": [
                [
                    438,
                    1148
                ],
                [
                    523,
                    1148
                ],
                [
                    523,
                    1180
                ],
                [
                    438,
                    1180
                ]
            ],
            "text": "various",
            "label": "I_Descri"
        },
        {
            "index": 69,
            "bbox": [
                [
                    518,
                    1148
                ],
                [
                    632,
                    1148
                ],
                [
                    632,
                    1178
                ],
                [
                    518,
                    1178
                ]
            ],
            "text": "hazardous",
            "label": "I_Descri"
        },
        {
            "index": 70,
            "bbox": [
                [
                    628,
                    1153
                ],
                [
                    683,
                    1153
                ],
                [
                    683,
                    1178
                ],
                [
                    628,
                    1178
                ]
            ],
            "text": "area",
            "label": "I_Descri"
        },
        {
            "index": 71,
            "bbox": [
                [
                    678,
                    1151
                ],
                [
                    758,
                    1151
                ],
                [
                    758,
                    1183
                ],
                [
                    678,
                    1183
                ]
            ],
            "text": "options",
            "label": "I_Descri"
        },
        {
            "index": 72,
            "bbox": [
                [
                    125,
                    1178
                ],
                [
                    176,
                    1178
                ],
                [
                    176,
                    1203
                ],
                [
                    125,
                    1203
                ]
            ],
            "text": "Pilot",
            "label": "B_Descri"
        },
        {
            "index": 73,
            "bbox": [
                [
                    171,
                    1176
                ],
                [
                    262,
                    1176
                ],
                [
                    262,
                    1206
                ],
                [
                    171,
                    1206
                ]
            ],
            "text": "exhaust",
            "label": "I_Descri"
        },
        {
            "index": 74,
            "bbox": [
                [
                    258,
                    1180
                ],
                [
                    313,
                    1180
                ],
                [
                    313,
                    1206
                ],
                [
                    258,
                    1206
                ]
            ],
            "text": "caps",
            "label": "I_Descri"
        },
        {
            "index": 75,
            "bbox": [
                [
                    308,
                    1174
                ],
                [
                    370,
                    1174
                ],
                [
                    370,
                    1206
                ],
                [
                    308,
                    1206
                ]
            ],
            "text": "fitted",
            "label": "I_Descri"
        },
        {
            "index": 76,
            "bbox": [
                [
                    363,
                    1178
                ],
                [
                    399,
                    1178
                ],
                [
                    399,
                    1203
                ],
                [
                    363,
                    1203
                ]
            ],
            "text": "as",
            "label": "I_Descri"
        },
        {
            "index": 77,
            "bbox": [
                [
                    393,
                    1174
                ],
                [
                    491,
                    1174
                ],
                [
                    491,
                    1206
                ],
                [
                    393,
                    1206
                ]
            ],
            "text": "standard",
            "label": "I_Descri"
        },
        {
            "index": 78,
            "bbox": [
                [
                    123,
                    1203
                ],
                [
                    166,
                    1203
                ],
                [
                    166,
                    1231
                ],
                [
                    123,
                    1231
                ]
            ],
            "text": "SIL",
            "label": "B_Descri"
        },
        {
            "index": 79,
            "bbox": [
                [
                    162,
                    1201
                ],
                [
                    187,
                    1201
                ],
                [
                    187,
                    1233
                ],
                [
                    162,
                    1233
                ]
            ],
            "text": "2",
            "label": "I_Descri"
        },
        {
            "index": 80,
            "bbox": [
                [
                    182,
                    1203
                ],
                [
                    269,
                    1203
                ],
                [
                    269,
                    1235
                ],
                [
                    182,
                    1235
                ]
            ],
            "text": "capable",
            "label": "I_Descri"
        },
        {
            "index": 81,
            "bbox": [
                [
                    267,
                    1203
                ],
                [
                    404,
                    1203
                ],
                [
                    404,
                    1235
                ],
                [
                    267,
                    1235
                ]
            ],
            "text": "(De-energise",
            "label": "I_Descri"
        },
        {
            "index": 82,
            "bbox": [
                [
                    399,
                    1203
                ],
                [
                    429,
                    1203
                ],
                [
                    429,
                    1233
                ],
                [
                    399,
                    1233
                ]
            ],
            "text": "to",
            "label": "I_Descri"
        },
        {
            "index": 83,
            "bbox": [
                [
                    424,
                    1203
                ],
                [
                    463,
                    1203
                ],
                [
                    463,
                    1233
                ],
                [
                    424,
                    1233
                ]
            ],
            "text": "trip",
            "label": "I_Descri"
        },
        {
            "index": 84,
            "bbox": [
                [
                    463,
                    1203
                ],
                [
                    493,
                    1203
                ],
                [
                    493,
                    1235
                ],
                [
                    463,
                    1235
                ]
            ],
            "text": "@",
            "label": "I_Descri"
        },
        {
            "index": 85,
            "bbox": [
                [
                    491,
                    1203
                ],
                [
                    582,
                    1203
                ],
                [
                    582,
                    1233
                ],
                [
                    491,
                    1233
                ]
            ],
            "text": "HFT=0),",
            "label": "I_Descri"
        },
        {
            "index": 86,
            "bbox": [
                [
                    580,
                    1203
                ],
                [
                    621,
                    1203
                ],
                [
                    621,
                    1231
                ],
                [
                    580,
                    1231
                ]
            ],
            "text": "SIL",
            "label": "I_Descri"
        },
        {
            "index": 87,
            "bbox": [
                [
                    619,
                    1203
                ],
                [
                    641,
                    1203
                ],
                [
                    641,
                    1233
                ],
                [
                    619,
                    1233
                ]
            ],
            "text": "3",
            "label": "I_Descri"
        },
        {
            "index": 88,
            "bbox": [
                [
                    637,
                    1203
                ],
                [
                    728,
                    1203
                ],
                [
                    728,
                    1235
                ],
                [
                    637,
                    1235
                ]
            ],
            "text": "Capable",
            "label": "I_Descri"
        },
        {
            "index": 89,
            "bbox": [
                [
                    728,
                    1203
                ],
                [
                    865,
                    1203
                ],
                [
                    865,
                    1235
                ],
                [
                    728,
                    1235
                ]
            ],
            "text": "(De-energise",
            "label": "I_Descri"
        },
        {
            "index": 90,
            "bbox": [
                [
                    861,
                    1203
                ],
                [
                    890,
                    1203
                ],
                [
                    890,
                    1233
                ],
                [
                    861,
                    1233
                ]
            ],
            "text": "to",
            "label": "I_Descri"
        },
        {
            "index": 91,
            "bbox": [
                [
                    886,
                    1203
                ],
                [
                    925,
                    1203
                ],
                [
                    925,
                    1233
                ],
                [
                    886,
                    1233
                ]
            ],
            "text": "trip",
            "label": "I_Descri"
        },
        {
            "index": 92,
            "bbox": [
                [
                    922,
                    1203
                ],
                [
                    954,
                    1203
                ],
                [
                    954,
                    1235
                ],
                [
                    922,
                    1235
                ]
            ],
            "text": "@",
            "label": "I_Descri"
        },
        {
            "index": 93,
            "bbox": [
                [
                    952,
                    1203
                ],
                [
                    1037,
                    1203
                ],
                [
                    1037,
                    1235
                ],
                [
                    952,
                    1235
                ]
            ],
            "text": "HFT=1)",
            "label": "I_Descri"
        },
        {
            "index": 94,
            "bbox": [
                [
                    125,
                    1231
                ],
                [
                    171,
                    1231
                ],
                [
                    171,
                    1258
                ],
                [
                    125,
                    1258
                ]
            ],
            "text": "Our",
            "label": "B_Descri"
        },
        {
            "index": 95,
            "bbox": [
                [
                    166,
                    1228
                ],
                [
                    251,
                    1228
                ],
                [
                    251,
                    1260
                ],
                [
                    166,
                    1260
                ]
            ],
            "text": "manual",
            "label": "I_Descri"
        },
        {
            "index": 96,
            "bbox": [
                [
                    244,
                    1228
                ],
                [
                    338,
                    1228
                ],
                [
                    338,
                    1260
                ],
                [
                    244,
                    1260
                ]
            ],
            "text": "override",
            "label": "I_Descri"
        },
        {
            "index": 97,
            "bbox": [
                [
                    333,
                    1233
                ],
                [
                    411,
                    1233
                ],
                [
                    411,
                    1258
                ],
                [
                    333,
                    1258
                ]
            ],
            "text": "options",
            "label": "I_Descri"
        },
        {
            "index": 98,
            "bbox": [
                [
                    411,
                    1233
                ],
                [
                    452,
                    1233
                ],
                [
                    452,
                    1258
                ],
                [
                    411,
                    1258
                ]
            ],
            "text": "are",
            "label": "I_Descri"
        },
        {
            "index": 99,
            "bbox": [
                [
                    447,
                    1228
                ],
                [
                    507,
                    1228
                ],
                [
                    507,
                    1260
                ],
                [
                    447,
                    1260
                ]
            ],
            "text": "NOT",
            "label": "I_Descri"
        },
        {
            "index": 100,
            "bbox": [
                [
                    500,
                    1231
                ],
                [
                    596,
                    1231
                ],
                [
                    596,
                    1263
                ],
                [
                    500,
                    1263
                ]
            ],
            "text": "currently",
            "label": "I_Descri"
        },
        {
            "index": 101,
            "bbox": [
                [
                    594,
                    1228
                ],
                [
                    683,
                    1228
                ],
                [
                    683,
                    1260
                ],
                [
                    594,
                    1260
                ]
            ],
            "text": "covered",
            "label": "I_Descri"
        },
        {
            "index": 102,
            "bbox": [
                [
                    678,
                    1231
                ],
                [
                    710,
                    1231
                ],
                [
                    710,
                    1260
                ],
                [
                    678,
                    1260
                ]
            ],
            "text": "by",
            "label": "I_Descri"
        },
        {
            "index": 103,
            "bbox": [
                [
                    710,
                    1228
                ],
                [
                    749,
                    1228
                ],
                [
                    749,
                    1258
                ],
                [
                    710,
                    1258
                ]
            ],
            "text": "SIL",
            "label": "I_Descri"
        },
        {
            "index": 104,
            "bbox": [
                [
                    747,
                    1228
                ],
                [
                    874,
                    1228
                ],
                [
                    874,
                    1258
                ],
                [
                    747,
                    1258
                ]
            ],
            "text": "Certification",
            "label": "I_Descri"
        },
        {
            "index": 105,
            "bbox": [
                [
                    283,
                    2252
                ],
                [
                    345,
                    2252
                ],
                [
                    345,
                    2277
                ],
                [
                    283,
                    2277
                ]
            ],
            "text": "ROSS",
            "label": "Out"
        },
        {
            "index": 106,
            "bbox": [
                [
                    342,
                    2249
                ],
                [
                    475,
                    2249
                ],
                [
                    475,
                    2279
                ],
                [
                    342,
                    2279
                ]
            ],
            "text": "Pneumatrol",
            "label": "Out"
        },
        {
            "index": 107,
            "bbox": [
                [
                    470,
                    2249
                ],
                [
                    562,
                    2249
                ],
                [
                    562,
                    2281
                ],
                [
                    470,
                    2281
                ]
            ],
            "text": "Limited,",
            "label": "Out"
        },
        {
            "index": 108,
            "bbox": [
                [
                    562,
                    2252
                ],
                [
                    621,
                    2252
                ],
                [
                    621,
                    2277
                ],
                [
                    562,
                    2277
                ]
            ],
            "text": "West",
            "label": "Out"
        },
        {
            "index": 109,
            "bbox": [
                [
                    619,
                    2249
                ],
                [
                    664,
                    2249
                ],
                [
                    664,
                    2277
                ],
                [
                    619,
                    2277
                ]
            ],
            "text": "End",
            "label": "Out"
        },
        {
            "index": 110,
            "bbox": [
                [
                    662,
                    2249
                ],
                [
                    763,
                    2249
                ],
                [
                    763,
                    2279
                ],
                [
                    662,
                    2279
                ]
            ],
            "text": "Business",
            "label": "Out"
        },
        {
            "index": 111,
            "bbox": [
                [
                    758,
                    2249
                ],
                [
                    820,
                    2249
                ],
                [
                    820,
                    2281
                ],
                [
                    758,
                    2281
                ]
            ],
            "text": "Park,",
            "label": "Out"
        },
        {
            "index": 112,
            "bbox": [
                [
                    815,
                    2249
                ],
                [
                    929,
                    2249
                ],
                [
                    929,
                    2279
                ],
                [
                    815,
                    2279
                ]
            ],
            "text": "Blackburn",
            "label": "Out"
        },
        {
            "index": 113,
            "bbox": [
                [
                    925,
                    2249
                ],
                [
                    996,
                    2249
                ],
                [
                    996,
                    2281
                ],
                [
                    925,
                    2281
                ]
            ],
            "text": "Road,",
            "label": "Out"
        },
        {
            "index": 114,
            "bbox": [
                [
                    991,
                    2249
                ],
                [
                    1153,
                    2249
                ],
                [
                    1153,
                    2281
                ],
                [
                    991,
                    2281
                ]
            ],
            "text": "Oswaldtwistle,",
            "label": "Out"
        },
        {
            "index": 115,
            "bbox": [
                [
                    1151,
                    2249
                ],
                [
                    1222,
                    2249
                ],
                [
                    1222,
                    2281
                ],
                [
                    1151,
                    2281
                ]
            ],
            "text": "Lancs,",
            "label": "Out"
        },
        {
            "index": 116,
            "bbox": [
                [
                    1222,
                    2252
                ],
                [
                    1270,
                    2252
                ],
                [
                    1270,
                    2277
                ],
                [
                    1222,
                    2277
                ]
            ],
            "text": "BB5",
            "label": "Out"
        },
        {
            "index": 117,
            "bbox": [
                [
                    1265,
                    2249
                ],
                [
                    1329,
                    2249
                ],
                [
                    1329,
                    2281
                ],
                [
                    1265,
                    2281
                ]
            ],
            "text": "4WZ,",
            "label": "Out"
        },
        {
            "index": 118,
            "bbox": [
                [
                    1324,
                    2252
                ],
                [
                    1370,
                    2252
                ],
                [
                    1370,
                    2277
                ],
                [
                    1324,
                    2277
                ]
            ],
            "text": "UK.",
            "label": "Out"
        },
        {
            "index": 119,
            "bbox": [
                [
                    45,
                    2272
                ],
                [
                    107,
                    2272
                ],
                [
                    107,
                    2307
                ],
                [
                    45,
                    2307
                ]
            ],
            "text": "Rev",
            "label": "Out"
        },
        {
            "index": 120,
            "bbox": [
                [
                    102,
                    2270
                ],
                [
                    153,
                    2270
                ],
                [
                    153,
                    2307
                ],
                [
                    102,
                    2307
                ]
            ],
            "text": "2.0",
            "label": "Out"
        },
        {
            "index": 121,
            "bbox": [
                [
                    381,
                    2279
                ],
                [
                    411,
                    2279
                ],
                [
                    411,
                    2309
                ],
                [
                    381,
                    2309
                ]
            ],
            "text": "T:",
            "label": "Out"
        },
        {
            "index": 122,
            "bbox": [
                [
                    408,
                    2281
                ],
                [
                    454,
                    2281
                ],
                [
                    454,
                    2307
                ],
                [
                    408,
                    2307
                ]
            ],
            "text": "+44",
            "label": "Out"
        },
        {
            "index": 123,
            "bbox": [
                [
                    452,
                    2279
                ],
                [
                    486,
                    2279
                ],
                [
                    486,
                    2311
                ],
                [
                    452,
                    2311
                ]
            ],
            "text": "(0)",
            "label": "Out"
        },
        {
            "index": 124,
            "bbox": [
                [
                    484,
                    2277
                ],
                [
                    546,
                    2277
                ],
                [
                    546,
                    2309
                ],
                [
                    484,
                    2309
                ]
            ],
            "text": "1254",
            "label": "Out"
        },
        {
            "index": 125,
            "bbox": [
                [
                    541,
                    2279
                ],
                [
                    587,
                    2279
                ],
                [
                    587,
                    2307
                ],
                [
                    541,
                    2307
                ]
            ],
            "text": "872",
            "label": "Out"
        },
        {
            "index": 126,
            "bbox": [
                [
                    587,
                    2281
                ],
                [
                    630,
                    2281
                ],
                [
                    630,
                    2307
                ],
                [
                    587,
                    2307
                ]
            ],
            "text": "277",
            "label": "Out"
        },
        {
            "index": 127,
            "bbox": [
                [
                    628,
                    2279
                ],
                [
                    657,
                    2279
                ],
                [
                    657,
                    2309
                ],
                [
                    628,
                    2309
                ]
            ],
            "text": "E:",
            "label": "Out"
        },
        {
            "index": 128,
            "bbox": [
                [
                    653,
                    2279
                ],
                [
                    993,
                    2279
                ],
                [
                    993,
                    2311
                ],
                [
                    653,
                    2311
                ]
            ],
            "text": "tachales@rossaprumatrom",
            "label": "Out"
        },
        {
            "index": 129,
            "bbox": [
                [
                    993,
                    2281
                ],
                [
                    1030,
                    2281
                ],
                [
                    1030,
                    2309
                ],
                [
                    993,
                    2309
                ]
            ],
            "text": "W:",
            "label": "Out"
        },
        {
            "index": 130,
            "bbox": [
                [
                    1025,
                    2279
                ],
                [
                    1267,
                    2279
                ],
                [
                    1267,
                    2311
                ],
                [
                    1025,
                    2311
                ]
            ],
            "text": "www.pneumatrol.com",
            "label": "Out"
        },
        {
            "index": 131,
            "bbox": [
                [
                    1500,
                    2272
                ],
                [
                    1546,
                    2272
                ],
                [
                    1546,
                    2309
                ],
                [
                    1500,
                    2309
                ]
            ],
            "text": "Pg",
            "label": "Out"
        },
        {
            "index": 132,
            "bbox": [
                [
                    1544,
                    2272
                ],
                [
                    1569,
                    2272
                ],
                [
                    1569,
                    2307
                ],
                [
                    1544,
                    2307
                ]
            ],
            "text": "1",
            "label": "Out"
        },
        {
            "index": 133,
            "bbox": [
                [
                    1569,
                    2275
                ],
                [
                    1605,
                    2275
                ],
                [
                    1605,
                    2304
                ],
                [
                    1569,
                    2304
                ]
            ],
            "text": "of",
            "label": "Out"
        },
        {
            "index": 134,
            "bbox": [
                [
                    1599,
                    2275
                ],
                [
                    1626,
                    2275
                ],
                [
                    1626,
                    2307
                ],
                [
                    1599,
                    2307
                ]
            ],
            "text": "2",
            "label": "Out"
        },
        {
            "index": 135,
            "bbox": [
                [
                    77,
                    306
                ],
                [
                    310,
                    306
                ],
                [
                    310,
                    354
                ],
                [
                    77,
                    354
                ]
            ],
            "text": "CNOMO",
            "label": "B_Descri"
        }
    ]
}