{
    "datasheet": [
        {
            "index": 0,
            "bbox": [
                [
                    68,
                    139
                ],
                [
                    127,
                    139
                ],
                [
                    127,
                    164
                ],
                [
                    68,
                    164
                ]
            ],
            "text": "ETIM",
            "label": "B_Prop"
        },
        {
            "index": 1,
            "bbox": [
                [
                    844,
                    137
                ],
                [
                    968,
                    137
                ],
                [
                    968,
                    166
                ],
                [
                    844,
                    166
                ]
            ],
            "text": "EC001180",
            "label": "B_Value"
        },
        {
            "index": 2,
            "bbox": [
                [
                    965,
                    139
                ],
                [
                    1041,
                    139
                ],
                [
                    1041,
                    164
                ],
                [
                    965,
                    164
                ]
            ],
            "text": "Screw",
            "label": "I_Value"
        },
        {
            "index": 3,
            "bbox": [
                [
                    1038,
                    137
                ],
                [
                    1171,
                    137
                ],
                [
                    1171,
                    166
                ],
                [
                    1038,
                    166
                ]
            ],
            "text": "connection",
            "label": "I_Value"
        },
        {
            "index": 4,
            "bbox": [
                [
                    1169,
                    137
                ],
                [
                    1207,
                    137
                ],
                [
                    1207,
                    166
                ],
                [
                    1169,
                    166
                ]
            ],
            "text": "for",
            "label": "I_Value"
        },
        {
            "index": 5,
            "bbox": [
                [
                    1207,
                    139
                ],
                [
                    1329,
                    139
                ],
                [
                    1329,
                    169
                ],
                [
                    1207,
                    169
                ]
            ],
            "text": "protective",
            "label": "I_Value"
        },
        {
            "index": 6,
            "bbox": [
                [
                    1326,
                    137
                ],
                [
                    1424,
                    137
                ],
                [
                    1424,
                    166
                ],
                [
                    1326,
                    166
                ]
            ],
            "text": "metallic",
            "label": "I_Value"
        },
        {
            "index": 7,
            "bbox": [
                [
                    1422,
                    139
                ],
                [
                    1482,
                    139
                ],
                [
                    1482,
                    164
                ],
                [
                    1422,
                    164
                ]
            ],
            "text": "hose",
            "label": "I_Value"
        },
        {
            "index": 8,
            "bbox": [
                [
                    65,
                    178
                ],
                [
                    189,
                    178
                ],
                [
                    189,
                    210
                ],
                [
                    65,
                    210
                ]
            ],
            "text": "One-piece",
            "label": "B_Prop"
        },
        {
            "index": 9,
            "bbox": [
                [
                    844,
                    175
                ],
                [
                    869,
                    175
                ],
                [
                    869,
                    205
                ],
                [
                    844,
                    205
                ]
            ],
            "text": "N",
            "label": "B_Value"
        },
        {
            "index": 10,
            "bbox": [
                [
                    65,
                    214
                ],
                [
                    166,
                    214
                ],
                [
                    166,
                    244
                ],
                [
                    65,
                    244
                ]
            ],
            "text": "Material",
            "label": "B_Prop"
        },
        {
            "index": 11,
            "bbox": [
                [
                    164,
                    214
                ],
                [
                    260,
                    214
                ],
                [
                    260,
                    248
                ],
                [
                    164,
                    248
                ]
            ],
            "text": "housing",
            "label": "I_Prop"
        },
        {
            "index": 12,
            "bbox": [
                [
                    842,
                    214
                ],
                [
                    917,
                    214
                ],
                [
                    917,
                    246
                ],
                [
                    842,
                    246
                ]
            ],
            "text": "Other",
            "label": "B_Value"
        },
        {
            "index": 13,
            "bbox": [
                [
                    65,
                    253
                ],
                [
                    161,
                    253
                ],
                [
                    161,
                    283
                ],
                [
                    65,
                    283
                ]
            ],
            "text": "Surface",
            "label": "B_Prop"
        },
        {
            "index": 14,
            "bbox": [
                [
                    159,
                    255
                ],
                [
                    280,
                    255
                ],
                [
                    280,
                    285
                ],
                [
                    159,
                    285
                ]
            ],
            "text": "protection",
            "label": "I_Prop"
        },
        {
            "index": 15,
            "bbox": [
                [
                    842,
                    253
                ],
                [
                    917,
                    253
                ],
                [
                    917,
                    285
                ],
                [
                    842,
                    285
                ]
            ],
            "text": "Other",
            "label": "B_Value"
        },
        {
            "index": 16,
            "bbox": [
                [
                    65,
                    294
                ],
                [
                    182,
                    294
                ],
                [
                    182,
                    326
                ],
                [
                    65,
                    326
                ]
            ],
            "text": "Approved",
            "label": "B_Prop"
        },
        {
            "index": 17,
            "bbox": [
                [
                    180,
                    292
                ],
                [
                    209,
                    292
                ],
                [
                    209,
                    322
                ],
                [
                    180,
                    322
                ]
            ],
            "text": "in",
            "label": "I_Prop"
        },
        {
            "index": 18,
            "bbox": [
                [
                    207,
                    292
                ],
                [
                    355,
                    292
                ],
                [
                    355,
                    322
                ],
                [
                    207,
                    322
                ]
            ],
            "text": "combination",
            "label": "I_Prop"
        },
        {
            "index": 19,
            "bbox": [
                [
                    351,
                    292
                ],
                [
                    410,
                    292
                ],
                [
                    410,
                    324
                ],
                [
                    351,
                    324
                ]
            ],
            "text": "with",
            "label": "I_Prop"
        },
        {
            "index": 20,
            "bbox": [
                [
                    408,
                    294
                ],
                [
                    529,
                    294
                ],
                [
                    529,
                    326
                ],
                [
                    408,
                    326
                ]
            ],
            "text": "protective",
            "label": "I_Prop"
        },
        {
            "index": 21,
            "bbox": [
                [
                    527,
                    292
                ],
                [
                    620,
                    292
                ],
                [
                    620,
                    324
                ],
                [
                    527,
                    324
                ]
            ],
            "text": "conduit",
            "label": "I_Prop"
        },
        {
            "index": 22,
            "bbox": [
                [
                    616,
                    292
                ],
                [
                    673,
                    292
                ],
                [
                    673,
                    324
                ],
                [
                    616,
                    324
                ]
            ],
            "text": "CSA",
            "label": "I_Prop"
        },
        {
            "index": 23,
            "bbox": [
                [
                    842,
                    292
                ],
                [
                    867,
                    292
                ],
                [
                    867,
                    324
                ],
                [
                    842,
                    324
                ]
            ],
            "text": "Y",
            "label": "B_Value"
        },
        {
            "index": 24,
            "bbox": [
                [
                    65,
                    333
                ],
                [
                    182,
                    333
                ],
                [
                    182,
                    363
                ],
                [
                    65,
                    363
                ]
            ],
            "text": "Approved",
            "label": "B_Prop"
        },
        {
            "index": 25,
            "bbox": [
                [
                    180,
                    331
                ],
                [
                    209,
                    331
                ],
                [
                    209,
                    360
                ],
                [
                    180,
                    360
                ]
            ],
            "text": "in",
            "label": "I_Prop"
        },
        {
            "index": 26,
            "bbox": [
                [
                    207,
                    331
                ],
                [
                    355,
                    331
                ],
                [
                    355,
                    360
                ],
                [
                    207,
                    360
                ]
            ],
            "text": "combination",
            "label": "I_Prop"
        },
        {
            "index": 27,
            "bbox": [
                [
                    351,
                    328
                ],
                [
                    410,
                    328
                ],
                [
                    410,
                    360
                ],
                [
                    351,
                    360
                ]
            ],
            "text": "with",
            "label": "I_Prop"
        },
        {
            "index": 28,
            "bbox": [
                [
                    408,
                    331
                ],
                [
                    527,
                    331
                ],
                [
                    527,
                    363
                ],
                [
                    408,
                    363
                ]
            ],
            "text": "protective",
            "label": "I_Prop"
        },
        {
            "index": 29,
            "bbox": [
                [
                    527,
                    331
                ],
                [
                    620,
                    331
                ],
                [
                    620,
                    360
                ],
                [
                    527,
                    360
                ]
            ],
            "text": "conduit",
            "label": "I_Prop"
        },
        {
            "index": 30,
            "bbox": [
                [
                    618,
                    331
                ],
                [
                    655,
                    331
                ],
                [
                    655,
                    358
                ],
                [
                    618,
                    358
                ]
            ],
            "text": "UL",
            "label": "I_Prop"
        },
        {
            "index": 31,
            "bbox": [
                [
                    842,
                    328
                ],
                [
                    867,
                    328
                ],
                [
                    867,
                    360
                ],
                [
                    842,
                    360
                ]
            ],
            "text": "Y",
            "label": "B_Value"
        },
        {
            "index": 32,
            "bbox": [
                [
                    90,
                    2204
                ],
                [
                    381,
                    2204
                ],
                [
                    381,
                    2227
                ],
                [
                    90,
                    2227
                ]
            ],
            "text": "electrification.us.abb.com",
            "label": "Out"
        },
        {
            "index": 33,
            "bbox": [
                [
                    1333,
                    2204
                ],
                [
                    1333,
                    2227
                ],
                [
                    1429,
                    2227
                ],
                [
                    1429,
                    2204
                ]
            ],
            "text": "Created",
            "label": "B_Prop"
        },
        {
            "index": 34,
            "bbox": [
                [
                    1429,
                    2206
                ],
                [
                    1475,
                    2206
                ],
                [
                    1475,
                    2229
                ],
                [
                    1429,
                    2229
                ]
            ],
            "text": "on:",
            "label": "I_Prop"
        },
        {
            "index": 35,
            "bbox": [
                [
                    1470,
                    2201
                ],
                [
                    1603,
                    2201
                ],
                [
                    1603,
                    2231
                ],
                [
                    1470,
                    2231
                ]
            ],
            "text": "05/31/2024",
            "label": "B_Ref"
        },
        {
            "index": 36,
            "bbox": [
                [
                    90,
                    2240
                ],
                [
                    182,
                    2240
                ],
                [
                    182,
                    2272
                ],
                [
                    90,
                    2272
                ]
            ],
            "text": "Catalog",
            "label": "Out"
        },
        {
            "index": 37,
            "bbox": [
                [
                    182,
                    2240
                ],
                [
                    225,
                    2240
                ],
                [
                    225,
                    2268
                ],
                [
                    182,
                    2268
                ]
            ],
            "text": "No.",
            "label": "Out"
        },
        {
            "index": 38,
            "bbox": [
                [
                    223,
                    2238
                ],
                [
                    292,
                    2238
                ],
                [
                    292,
                    2270
                ],
                [
                    223,
                    2270
                ]
            ],
            "text": "5252",
            "label": "Out"
        },
        {
            "index": 39,
            "bbox": [
                [
                    1486,
                    2233
                ],
                [
                    1546,
                    2233
                ],
                [
                    1546,
                    2268
                ],
                [
                    1486,
                    2268
                ]
            ],
            "text": "Page",
            "label": "Out"
        },
        {
            "index": 40,
            "bbox": [
                [
                    1541,
                    2236
                ],
                [
                    1582,
                    2236
                ],
                [
                    1582,
                    2261
                ],
                [
                    1541,
                    2261
                ]
            ],
            "text": "No.",
            "label": "Out"
        },
        {
            "index": 41,
            "bbox": [
                [
                    1577,
                    2236
                ],
                [
                    1603,
                    2236
                ],
                [
                    1603,
                    2263
                ],
                [
                    1577,
                    2263
                ]
            ],
            "text": "2",
            "label": "Out"
        }
    ]
}