{
    "datasheet": [
        {
            "index": 0,
            "bbox": [
                [
                    80,
                    148
                ],
                [
                    239,
                    148
                ],
                [
                    239,
                    199
                ],
                [
                    80,
                    199
                ]
            ],
            "text": "D-DD",
            "label": "Out"
        },
        {
            "index": 1,
            "bbox": [
                [
                    92,
                    1323
                ],
                [
                    92,
                    1362
                ],
                [
                    232,
                    1362
                ],
                [
                    232,
                    1323
                ]
            ],
            "text": "Material",
            "label": "B_Section"
        },
        {
            "index": 2,
            "bbox": [
                [
                    242,
                    1323
                ],
                [
                    242,
                    1368
                ],
                [
                    481,
                    1368
                ],
                [
                    481,
                    1323
                ]
            ],
            "text": "Specifications",
            "label": "I_Section"
        },
        {
            "index": 3,
            "bbox": [
                [
                    89,
                    1387
                ],
                [
                    173,
                    1387
                ],
                [
                    173,
                    1417
                ],
                [
                    89,
                    1417
                ]
            ],
            "text": "Jacket",
            "label": "B_Prop"
        },
        {
            "index": 4,
            "bbox": [
                [
                    171,
                    1390
                ],
                [
                    272,
                    1390
                ],
                [
                    272,
                    1417
                ],
                [
                    171,
                    1417
                ]
            ],
            "text": "Material",
            "label": "I_Prop"
        },
        {
            "index": 5,
            "bbox": [
                [
                    542,
                    1387
                ],
                [
                    600,
                    1387
                ],
                [
                    600,
                    1422
                ],
                [
                    542,
                    1422
                ]
            ],
            "text": "High",
            "label": "B_Value"
        },
        {
            "index": 6,
            "bbox": [
                [
                    600,
                    1390
                ],
                [
                    686,
                    1390
                ],
                [
                    686,
                    1422
                ],
                [
                    600,
                    1422
                ]
            ],
            "text": "density",
            "label": "I_Value"
        },
        {
            "index": 7,
            "bbox": [
                [
                    684,
                    1387
                ],
                [
                    830,
                    1387
                ],
                [
                    830,
                    1424
                ],
                [
                    684,
                    1424
                ]
            ],
            "text": "polyethylene",
            "label": "I_Value"
        },
        {
            "index": 8,
            "bbox": [
                [
                    830,
                    1390
                ],
                [
                    914,
                    1390
                ],
                [
                    914,
                    1422
                ],
                [
                    830,
                    1422
                ]
            ],
            "text": "(HDPE)",
            "label": "I_Value"
        },
        {
            "index": 9,
            "bbox": [
                [
                    89,
                    1439
                ],
                [
                    156,
                    1439
                ],
                [
                    156,
                    1469
                ],
                [
                    89,
                    1469
                ]
            ],
            "text": "Inner",
            "label": "B_Prop"
        },
        {
            "index": 10,
            "bbox": [
                [
                    153,
                    1441
                ],
                [
                    237,
                    1441
                ],
                [
                    237,
                    1469
                ],
                [
                    153,
                    1469
                ]
            ],
            "text": "Jacket",
            "label": "I_Prop"
        },
        {
            "index": 11,
            "bbox": [
                [
                    235,
                    1441
                ],
                [
                    334,
                    1441
                ],
                [
                    334,
                    1469
                ],
                [
                    235,
                    1469
                ]
            ],
            "text": "Material",
            "label": "I_Prop"
        },
        {
            "index": 12,
            "bbox": [
                [
                    542,
                    1439
                ],
                [
                    598,
                    1439
                ],
                [
                    598,
                    1469
                ],
                [
                    542,
                    1469
                ]
            ],
            "text": "Low",
            "label": "B_Value"
        },
        {
            "index": 13,
            "bbox": [
                [
                    596,
                    1439
                ],
                [
                    680,
                    1439
                ],
                [
                    680,
                    1469
                ],
                [
                    596,
                    1469
                ]
            ],
            "text": "Smoke",
            "label": "I_Value"
        },
        {
            "index": 14,
            "bbox": [
                [
                    675,
                    1439
                ],
                [
                    736,
                    1439
                ],
                [
                    736,
                    1471
                ],
                [
                    675,
                    1471
                ]
            ],
            "text": "Zero",
            "label": "I_Value"
        },
        {
            "index": 15,
            "bbox": [
                [
                    736,
                    1441
                ],
                [
                    832,
                    1441
                ],
                [
                    832,
                    1473
                ],
                [
                    736,
                    1473
                ]
            ],
            "text": "Halogen",
            "label": "I_Value"
        },
        {
            "index": 16,
            "bbox": [
                [
                    832,
                    1439
                ],
                [
                    914,
                    1439
                ],
                [
                    914,
                    1473
                ],
                [
                    832,
                    1473
                ]
            ],
            "text": "(LSZH)",
            "label": "I_Value"
        },
        {
            "index": 17,
            "bbox": [
                [
                    95,
                    1557
                ],
                [
                    340,
                    1557
                ],
                [
                    340,
                    1587
                ],
                [
                    95,
                    1587
                ]
            ],
            "text": "Environmental",
            "label": "B_Section"
        },
        {
            "index": 18,
            "bbox": [
                [
                    355,
                    1555
                ],
                [
                    587,
                    1555
                ],
                [
                    587,
                    1594
                ],
                [
                    355,
                    1594
                ]
            ],
            "text": "Specifications",
            "label": "I_Section"
        },
        {
            "index": 19,
            "bbox": [
                [
                    91,
                    1619
                ],
                [
                    205,
                    1619
                ],
                [
                    205,
                    1650
                ],
                [
                    91,
                    1650
                ]
            ],
            "text": "Operating",
            "label": "B_Prop"
        },
        {
            "index": 20,
            "bbox": [
                [
                    207,
                    1619
                ],
                [
                    358,
                    1619
                ],
                [
                    358,
                    1650
                ],
                [
                    207,
                    1650
                ]
            ],
            "text": "Temperature",
            "label": "I_Prop"
        },
        {
            "index": 21,
            "bbox": [
                [
                    540,
                    1615
                ],
                [
                    587,
                    1615
                ],
                [
                    587,
                    1647
                ],
                [
                    540,
                    1647
                ]
            ],
            "text": "-40",
            "label": "B_Value"
        },
        {
            "index": 22,
            "bbox": [
                [
                    583,
                    1617
                ],
                [
                    620,
                    1617
                ],
                [
                    620,
                    1645
                ],
                [
                    583,
                    1645
                ]
            ],
            "text": "°C",
            "label": "I_Value"
        },
        {
            "index": 23,
            "bbox": [
                [
                    615,
                    1619
                ],
                [
                    645,
                    1619
                ],
                [
                    645,
                    1645
                ],
                [
                    615,
                    1645
                ]
            ],
            "text": "to",
            "label": "I_Value"
        },
        {
            "index": 24,
            "bbox": [
                [
                    645,
                    1619
                ],
                [
                    693,
                    1619
                ],
                [
                    693,
                    1645
                ],
                [
                    645,
                    1645
                ]
            ],
            "text": "+70",
            "label": "I_Value"
        },
        {
            "index": 25,
            "bbox": [
                [
                    693,
                    1617
                ],
                [
                    725,
                    1617
                ],
                [
                    725,
                    1645
                ],
                [
                    693,
                    1645
                ]
            ],
            "text": "°C",
            "label": "I_Value"
        },
        {
            "index": 26,
            "bbox": [
                [
                    725,
                    1617
                ],
                [
                    774,
                    1617
                ],
                [
                    774,
                    1650
                ],
                [
                    725,
                    1650
                ]
            ],
            "text": "(-40",
            "label": "I_Value"
        },
        {
            "index": 27,
            "bbox": [
                [
                    772,
                    1617
                ],
                [
                    804,
                    1617
                ],
                [
                    804,
                    1645
                ],
                [
                    772,
                    1645
                ]
            ],
            "text": "°F",
            "label": "I_Value"
        },
        {
            "index": 28,
            "bbox": [
                [
                    802,
                    1619
                ],
                [
                    830,
                    1619
                ],
                [
                    830,
                    1645
                ],
                [
                    802,
                    1645
                ]
            ],
            "text": "to",
            "label": "I_Value"
        },
        {
            "index": 29,
            "bbox": [
                [
                    828,
                    1617
                ],
                [
                    895,
                    1617
                ],
                [
                    895,
                    1647
                ],
                [
                    828,
                    1647
                ]
            ],
            "text": "+158",
            "label": "I_Value"
        },
        {
            "index": 30,
            "bbox": [
                [
                    890,
                    1615
                ],
                [
                    931,
                    1615
                ],
                [
                    931,
                    1652
                ],
                [
                    890,
                    1652
                ]
            ],
            "text": "°F)",
            "label": "I_Value"
        },
        {
            "index": 31,
            "bbox": [
                [
                    89,
                    1671
                ],
                [
                    183,
                    1671
                ],
                [
                    183,
                    1701
                ],
                [
                    89,
                    1701
                ]
            ],
            "text": "Storage",
            "label": "B_Prop"
        },
        {
            "index": 32,
            "bbox": [
                [
                    181,
                    1669
                ],
                [
                    338,
                    1669
                ],
                [
                    338,
                    1705
                ],
                [
                    181,
                    1705
                ]
            ],
            "text": "Temperature",
            "label": "I_Prop"
        },
        {
            "index": 33,
            "bbox": [
                [
                    540,
                    1667
                ],
                [
                    587,
                    1667
                ],
                [
                    587,
                    1699
                ],
                [
                    540,
                    1699
                ]
            ],
            "text": "-40",
            "label": "B_Value"
        },
        {
            "index": 34,
            "bbox": [
                [
                    583,
                    1671
                ],
                [
                    620,
                    1671
                ],
                [
                    620,
                    1697
                ],
                [
                    583,
                    1697
                ]
            ],
            "text": "°C",
            "label": "I_Value"
        },
        {
            "index": 35,
            "bbox": [
                [
                    615,
                    1671
                ],
                [
                    645,
                    1671
                ],
                [
                    645,
                    1699
                ],
                [
                    615,
                    1699
                ]
            ],
            "text": "to",
            "label": "I_Value"
        },
        {
            "index": 36,
            "bbox": [
                [
                    645,
                    1671
                ],
                [
                    693,
                    1671
                ],
                [
                    693,
                    1697
                ],
                [
                    645,
                    1697
                ]
            ],
            "text": "+70",
            "label": "I_Value"
        },
        {
            "index": 37,
            "bbox": [
                [
                    693,
                    1671
                ],
                [
                    725,
                    1671
                ],
                [
                    725,
                    1697
                ],
                [
                    693,
                    1697
                ]
            ],
            "text": "°C",
            "label": "I_Value"
        },
        {
            "index": 38,
            "bbox": [
                [
                    725,
                    1669
                ],
                [
                    774,
                    1669
                ],
                [
                    774,
                    1701
                ],
                [
                    725,
                    1701
                ]
            ],
            "text": "(-40",
            "label": "I_Value"
        },
        {
            "index": 39,
            "bbox": [
                [
                    772,
                    1671
                ],
                [
                    804,
                    1671
                ],
                [
                    804,
                    1697
                ],
                [
                    772,
                    1697
                ]
            ],
            "text": "°F",
            "label": "I_Value"
        },
        {
            "index": 40,
            "bbox": [
                [
                    802,
                    1671
                ],
                [
                    830,
                    1671
                ],
                [
                    830,
                    1697
                ],
                [
                    802,
                    1697
                ]
            ],
            "text": "to",
            "label": "I_Value"
        },
        {
            "index": 41,
            "bbox": [
                [
                    828,
                    1669
                ],
                [
                    892,
                    1669
                ],
                [
                    892,
                    1699
                ],
                [
                    828,
                    1699
                ]
            ],
            "text": "+158",
            "label": "I_Value"
        },
        {
            "index": 42,
            "bbox": [
                [
                    890,
                    1669
                ],
                [
                    931,
                    1669
                ],
                [
                    931,
                    1703
                ],
                [
                    890,
                    1703
                ]
            ],
            "text": "°F)",
            "label": "I_Value"
        },
        {
            "index": 43,
            "bbox": [
                [
                    89,
                    1720
                ],
                [
                    162,
                    1720
                ],
                [
                    162,
                    1750
                ],
                [
                    89,
                    1750
                ]
            ],
            "text": "Cable",
            "label": "B_Prop"
        },
        {
            "index": 44,
            "bbox": [
                [
                    160,
                    1723
                ],
                [
                    308,
                    1723
                ],
                [
                    308,
                    1750
                ],
                [
                    160,
                    1750
                ]
            ],
            "text": "Qualification",
            "label": "I_Prop"
        },
        {
            "index": 45,
            "bbox": [
                [
                    308,
                    1720
                ],
                [
                    431,
                    1720
                ],
                [
                    431,
                    1750
                ],
                [
                    308,
                    1750
                ]
            ],
            "text": "Standards",
            "label": "I_Prop"
        },
        {
            "index": 46,
            "bbox": [
                [
                    542,
                    1720
                ],
                [
                    592,
                    1720
                ],
                [
                    592,
                    1753
                ],
                [
                    542,
                    1753
                ]
            ],
            "text": "IEC",
            "label": "B_Value"
        },
        {
            "index": 47,
            "bbox": [
                [
                    587,
                    1720
                ],
                [
                    706,
                    1720
                ],
                [
                    706,
                    1750
                ],
                [
                    587,
                    1750
                ]
            ],
            "text": "60794-1-2",
            "label": "I_Value"
        },
        {
            "index": 48,
            "bbox": [
                [
                    89,
                    1774
                ],
                [
                    173,
                    1774
                ],
                [
                    173,
                    1802
                ],
                [
                    89,
                    1802
                ]
            ],
            "text": "Jacket",
            "label": "B_Prop"
        },
        {
            "index": 49,
            "bbox": [
                [
                    168,
                    1772
                ],
                [
                    214,
                    1772
                ],
                [
                    214,
                    1804
                ],
                [
                    168,
                    1804
                ]
            ],
            "text": "UV",
            "label": "I_Prop"
        },
        {
            "index": 50,
            "bbox": [
                [
                    211,
                    1774
                ],
                [
                    342,
                    1774
                ],
                [
                    342,
                    1802
                ],
                [
                    211,
                    1802
                ]
            ],
            "text": "Resistance",
            "label": "I_Prop"
        },
        {
            "index": 51,
            "bbox": [
                [
                    544,
                    1774
                ],
                [
                    583,
                    1774
                ],
                [
                    583,
                    1802
                ],
                [
                    544,
                    1802
                ]
            ],
            "text": "UV",
            "label": "B_Value"
        },
        {
            "index": 52,
            "bbox": [
                [
                    583,
                    1774
                ],
                [
                    693,
                    1774
                ],
                [
                    693,
                    1802
                ],
                [
                    583,
                    1802
                ]
            ],
            "text": "stabilized",
            "label": "I_Value"
        },
        {
            "index": 53,
            "bbox": [
                [
                    78,
                    1843
                ],
                [
                    104,
                    1843
                ],
                [
                    104,
                    1869
                ],
                [
                    78,
                    1869
                ]
            ],
            "text": "*",
            "label": "Out"
        },
        {
            "index": 54,
            "bbox": [
                [
                    108,
                    1845
                ],
                [
                    295,
                    1845
                ],
                [
                    295,
                    1884
                ],
                [
                    108,
                    1884
                ]
            ],
            "text": "Footnotes",
            "label": "Out"
        },
        {
            "index": 55,
            "bbox": [
                [
                    1552,
                    1940
                ],
                [
                    1599,
                    1940
                ],
                [
                    1599,
                    1963
                ],
                [
                    1552,
                    1963
                ]
            ],
            "text": "Page",
            "label": "Out"
        },
        {
            "index": 56,
            "bbox": [
                [
                    1591,
                    1940
                ],
                [
                    1642,
                    1940
                ],
                [
                    1642,
                    1963
                ],
                [
                    1591,
                    1963
                ]
            ],
            "text": "20f3",
            "label": "Out"
        },
        {
            "index": 57,
            "bbox": [
                [
                    83,
                    2077
                ],
                [
                    149,
                    2077
                ],
                [
                    149,
                    2101
                ],
                [
                    83,
                    2101
                ]
            ],
            "text": "@2024",
            "label": "Out"
        },
        {
            "index": 58,
            "bbox": [
                [
                    145,
                    2075
                ],
                [
                    265,
                    2075
                ],
                [
                    265,
                    2105
                ],
                [
                    145,
                    2105
                ]
            ],
            "text": "CommScope,",
            "label": "Out"
        },
        {
            "index": 59,
            "bbox": [
                [
                    261,
                    2077
                ],
                [
                    297,
                    2077
                ],
                [
                    297,
                    2103
                ],
                [
                    261,
                    2103
                ]
            ],
            "text": "Inc.",
            "label": "Out"
        },
        {
            "index": 60,
            "bbox": [
                [
                    295,
                    2077
                ],
                [
                    327,
                    2077
                ],
                [
                    327,
                    2101
                ],
                [
                    295,
                    2101
                ]
            ],
            "text": "Alli",
            "label": "Out"
        },
        {
            "index": 61,
            "bbox": [
                [
                    317,
                    2075
                ],
                [
                    381,
                    2075
                ],
                [
                    381,
                    2105
                ],
                [
                    317,
                    2105
                ]
            ],
            "text": "rights",
            "label": "Out"
        },
        {
            "index": 62,
            "bbox": [
                [
                    373,
                    2075
                ],
                [
                    458,
                    2075
                ],
                [
                    458,
                    2103
                ],
                [
                    373,
                    2103
                ]
            ],
            "text": "reserved.",
            "label": "Out"
        },
        {
            "index": 63,
            "bbox": [
                [
                    454,
                    2075
                ],
                [
                    572,
                    2075
                ],
                [
                    572,
                    2103
                ],
                [
                    454,
                    2103
                ]
            ],
            "text": "CommScope",
            "label": "Out"
        },
        {
            "index": 64,
            "bbox": [
                [
                    568,
                    2077
                ],
                [
                    607,
                    2077
                ],
                [
                    607,
                    2101
                ],
                [
                    568,
                    2101
                ]
            ],
            "text": "and",
            "label": "Out"
        },
        {
            "index": 65,
            "bbox": [
                [
                    605,
                    2077
                ],
                [
                    639,
                    2077
                ],
                [
                    639,
                    2101
                ],
                [
                    605,
                    2101
                ]
            ],
            "text": "the",
            "label": "Out"
        },
        {
            "index": 66,
            "bbox": [
                [
                    635,
                    2077
                ],
                [
                    751,
                    2077
                ],
                [
                    751,
                    2105
                ],
                [
                    635,
                    2105
                ]
            ],
            "text": "CommScope",
            "label": "Out"
        },
        {
            "index": 67,
            "bbox": [
                [
                    746,
                    2077
                ],
                [
                    791,
                    2077
                ],
                [
                    791,
                    2103
                ],
                [
                    746,
                    2103
                ]
            ],
            "text": "logo",
            "label": "Out"
        },
        {
            "index": 68,
            "bbox": [
                [
                    787,
                    2079
                ],
                [
                    824,
                    2079
                ],
                [
                    824,
                    2103
                ],
                [
                    787,
                    2103
                ]
            ],
            "text": "are",
            "label": "Out"
        },
        {
            "index": 69,
            "bbox": [
                [
                    819,
                    2077
                ],
                [
                    914,
                    2077
                ],
                [
                    914,
                    2105
                ],
                [
                    819,
                    2105
                ]
            ],
            "text": "registeredt",
            "label": "Out"
        },
        {
            "index": 70,
            "bbox": [
                [
                    905,
                    2075
                ],
                [
                    1013,
                    2075
                ],
                [
                    1013,
                    2103
                ],
                [
                    905,
                    2103
                ]
            ],
            "text": "trademarks",
            "label": "Out"
        },
        {
            "index": 71,
            "bbox": [
                [
                    1006,
                    2077
                ],
                [
                    1034,
                    2077
                ],
                [
                    1034,
                    2101
                ],
                [
                    1006,
                    2101
                ]
            ],
            "text": "of",
            "label": "Out"
        },
        {
            "index": 72,
            "bbox": [
                [
                    1028,
                    2077
                ],
                [
                    1146,
                    2077
                ],
                [
                    1146,
                    2105
                ],
                [
                    1028,
                    2105
                ]
            ],
            "text": "CommScope",
            "label": "Out"
        },
        {
            "index": 73,
            "bbox": [
                [
                    1144,
                    2077
                ],
                [
                    1206,
                    2077
                ],
                [
                    1206,
                    2101
                ],
                [
                    1144,
                    2101
                ]
            ],
            "text": "and/ori",
            "label": "Out"
        },
        {
            "index": 74,
            "bbox": [
                [
                    1202,
                    2077
                ],
                [
                    1232,
                    2077
                ],
                [
                    1232,
                    2101
                ],
                [
                    1202,
                    2101
                ]
            ],
            "text": "its",
            "label": "Out"
        },
        {
            "index": 75,
            "bbox": [
                [
                    80,
                    2101
                ],
                [
                    166,
                    2101
                ],
                [
                    166,
                    2129
                ],
                [
                    80,
                    2129
                ]
            ],
            "text": "affiliates",
            "label": "Out"
        },
        {
            "index": 76,
            "bbox": [
                [
                    160,
                    2103
                ],
                [
                    188,
                    2103
                ],
                [
                    188,
                    2126
                ],
                [
                    160,
                    2126
                ]
            ],
            "text": "int",
            "label": "Out"
        },
        {
            "index": 77,
            "bbox": [
                [
                    179,
                    2103
                ],
                [
                    216,
                    2103
                ],
                [
                    216,
                    2126
                ],
                [
                    179,
                    2126
                ]
            ],
            "text": "the",
            "label": "Out"
        },
        {
            "index": 78,
            "bbox": [
                [
                    209,
                    2103
                ],
                [
                    252,
                    2103
                ],
                [
                    252,
                    2126
                ],
                [
                    209,
                    2126
                ]
            ],
            "text": "U.S.",
            "label": "Out"
        },
        {
            "index": 79,
            "bbox": [
                [
                    250,
                    2103
                ],
                [
                    289,
                    2103
                ],
                [
                    289,
                    2126
                ],
                [
                    250,
                    2126
                ]
            ],
            "text": "and",
            "label": "Out"
        },
        {
            "index": 80,
            "bbox": [
                [
                    287,
                    2103
                ],
                [
                    334,
                    2103
                ],
                [
                    334,
                    2126
                ],
                [
                    287,
                    2126
                ]
            ],
            "text": "other",
            "label": "Out"
        },
        {
            "index": 81,
            "bbox": [
                [
                    332,
                    2101
                ],
                [
                    424,
                    2101
                ],
                [
                    424,
                    2129
                ],
                [
                    332,
                    2129
                ]
            ],
            "text": "countries.",
            "label": "Out"
        },
        {
            "index": 82,
            "bbox": [
                [
                    420,
                    2103
                ],
                [
                    456,
                    2103
                ],
                [
                    456,
                    2126
                ],
                [
                    420,
                    2126
                ]
            ],
            "text": "For",
            "label": "Out"
        },
        {
            "index": 83,
            "bbox": [
                [
                    450,
                    2101
                ],
                [
                    544,
                    2101
                ],
                [
                    544,
                    2129
                ],
                [
                    450,
                    2129
                ]
            ],
            "text": "additional",
            "label": "Out"
        },
        {
            "index": 84,
            "bbox": [
                [
                    538,
                    2101
                ],
                [
                    635,
                    2101
                ],
                [
                    635,
                    2129
                ],
                [
                    538,
                    2129
                ]
            ],
            "text": "trademarki",
            "label": "Out"
        },
        {
            "index": 85,
            "bbox": [
                [
                    628,
                    2101
                ],
                [
                    736,
                    2101
                ],
                [
                    736,
                    2129
                ],
                [
                    628,
                    2129
                ]
            ],
            "text": "information:",
            "label": "Out"
        },
        {
            "index": 86,
            "bbox": [
                [
                    731,
                    2105
                ],
                [
                    770,
                    2105
                ],
                [
                    770,
                    2126
                ],
                [
                    731,
                    2126
                ]
            ],
            "text": "seel",
            "label": "Out"
        },
        {
            "index": 87,
            "bbox": [
                [
                    766,
                    2101
                ],
                [
                    991,
                    2101
                ],
                [
                    991,
                    2131
                ],
                [
                    766,
                    2131
                ]
            ],
            "text": "https//www.commscope.",
            "label": "Out"
        },
        {
            "index": 88,
            "bbox": [
                [
                    981,
                    2101
                ],
                [
                    1137,
                    2101
                ],
                [
                    1137,
                    2129
                ],
                [
                    981,
                    2129
                ]
            ],
            "text": "com/trademarks..",
            "label": "Out"
        },
        {
            "index": 89,
            "bbox": [
                [
                    1133,
                    2101
                ],
                [
                    1163,
                    2101
                ],
                [
                    1163,
                    2126
                ],
                [
                    1133,
                    2126
                ]
            ],
            "text": "All",
            "label": "Out"
        },
        {
            "index": 90,
            "bbox": [
                [
                    1159,
                    2103
                ],
                [
                    1232,
                    2103
                ],
                [
                    1232,
                    2126
                ],
                [
                    1159,
                    2126
                ]
            ],
            "text": "product",
            "label": "Out"
        },
        {
            "index": 91,
            "bbox": [
                [
                    1228,
                    2105
                ],
                [
                    1299,
                    2105
                ],
                [
                    1299,
                    2129
                ],
                [
                    1228,
                    2129
                ]
            ],
            "text": "names,",
            "label": "Out"
        },
        {
            "index": 92,
            "bbox": [
                [
                    80,
                    2124
                ],
                [
                    188,
                    2124
                ],
                [
                    188,
                    2152
                ],
                [
                    80,
                    2152
                ]
            ],
            "text": "trademarks",
            "label": "Out"
        },
        {
            "index": 93,
            "bbox": [
                [
                    183,
                    2126
                ],
                [
                    224,
                    2126
                ],
                [
                    224,
                    2150
                ],
                [
                    183,
                    2150
                ]
            ],
            "text": "and",
            "label": "Out"
        },
        {
            "index": 94,
            "bbox": [
                [
                    218,
                    2126
                ],
                [
                    310,
                    2126
                ],
                [
                    310,
                    2154
                ],
                [
                    218,
                    2154
                ]
            ],
            "text": "registered",
            "label": "Out"
        },
        {
            "index": 95,
            "bbox": [
                [
                    306,
                    2124
                ],
                [
                    413,
                    2124
                ],
                [
                    413,
                    2152
                ],
                [
                    306,
                    2152
                ]
            ],
            "text": "trademarks",
            "label": "Out"
        },
        {
            "index": 96,
            "bbox": [
                [
                    407,
                    2129
                ],
                [
                    443,
                    2129
                ],
                [
                    443,
                    2152
                ],
                [
                    407,
                    2152
                ]
            ],
            "text": "are",
            "label": "Out"
        },
        {
            "index": 97,
            "bbox": [
                [
                    437,
                    2126
                ],
                [
                    519,
                    2126
                ],
                [
                    519,
                    2157
                ],
                [
                    437,
                    2157
                ]
            ],
            "text": "property",
            "label": "Out"
        },
        {
            "index": 98,
            "bbox": [
                [
                    512,
                    2126
                ],
                [
                    540,
                    2126
                ],
                [
                    540,
                    2152
                ],
                [
                    512,
                    2152
                ]
            ],
            "text": "oft",
            "label": "Out"
        },
        {
            "index": 99,
            "bbox": [
                [
                    536,
                    2126
                ],
                [
                    581,
                    2126
                ],
                [
                    581,
                    2150
                ],
                [
                    536,
                    2150
                ]
            ],
            "text": "their",
            "label": "Out"
        },
        {
            "index": 100,
            "bbox": [
                [
                    577,
                    2126
                ],
                [
                    671,
                    2126
                ],
                [
                    671,
                    2154
                ],
                [
                    577,
                    2154
                ]
            ],
            "text": "respective",
            "label": "Out"
        },
        {
            "index": 101,
            "bbox": [
                [
                    667,
                    2129
                ],
                [
                    740,
                    2129
                ],
                [
                    740,
                    2152
                ],
                [
                    667,
                    2152
                ]
            ],
            "text": "owners.",
            "label": "Out"
        },
        {
            "index": 102,
            "bbox": [
                [
                    738,
                    2129
                ],
                [
                    815,
                    2129
                ],
                [
                    815,
                    2150
                ],
                [
                    738,
                    2150
                ]
            ],
            "text": "Revised:",
            "label": "Out"
        },
        {
            "index": 103,
            "bbox": [
                [
                    811,
                    2126
                ],
                [
                    892,
                    2126
                ],
                [
                    892,
                    2154
                ],
                [
                    811,
                    2154
                ]
            ],
            "text": "February",
            "label": "Out"
        },
        {
            "index": 104,
            "bbox": [
                [
                    888,
                    2126
                ],
                [
                    923,
                    2126
                ],
                [
                    923,
                    2152
                ],
                [
                    888,
                    2152
                ]
            ],
            "text": "22,",
            "label": "Out"
        },
        {
            "index": 105,
            "bbox": [
                [
                    916,
                    2124
                ],
                [
                    972,
                    2124
                ],
                [
                    972,
                    2154
                ],
                [
                    916,
                    2154
                ]
            ],
            "text": "2024",
            "label": "Out"
        }
    ]
}