{
    "datasheet": [
        {
            "index": 0,
            "bbox": [
                [
                    830,
                    40
                ],
                [
                    877,
                    40
                ],
                [
                    877,
                    64
                ],
                [
                    830,
                    64
                ]
            ],
            "text": "Note:",
            "label": "Out"
        },
        {
            "index": 1,
            "bbox": [
                [
                    869,
                    38
                ],
                [
                    925,
                    38
                ],
                [
                    925,
                    68
                ],
                [
                    869,
                    68
                ]
            ],
            "text": "Ifyou",
            "label": "Out"
        },
        {
            "index": 2,
            "bbox": [
                [
                    920,
                    40
                ],
                [
                    963,
                    40
                ],
                [
                    963,
                    64
                ],
                [
                    920,
                    64
                ]
            ],
            "text": "have",
            "label": "Out"
        },
        {
            "index": 3,
            "bbox": [
                [
                    959,
                    40
                ],
                [
                    993,
                    40
                ],
                [
                    993,
                    64
                ],
                [
                    959,
                    64
                ]
            ],
            "text": "not",
            "label": "Out"
        },
        {
            "index": 4,
            "bbox": [
                [
                    987,
                    38
                ],
                [
                    1088,
                    38
                ],
                [
                    1088,
                    66
                ],
                [
                    987,
                    66
                ]
            ],
            "text": "downloaded",
            "label": "Out"
        },
        {
            "index": 5,
            "bbox": [
                [
                    1082,
                    40
                ],
                [
                    1118,
                    40
                ],
                [
                    1118,
                    64
                ],
                [
                    1082,
                    64
                ]
            ],
            "text": "this",
            "label": "Out"
        },
        {
            "index": 6,
            "bbox": [
                [
                    1109,
                    38
                ],
                [
                    1198,
                    38
                ],
                [
                    1198,
                    66
                ],
                [
                    1109,
                    66
                ]
            ],
            "text": "documentf",
            "label": "Out"
        },
        {
            "index": 7,
            "bbox": [
                [
                    1189,
                    40
                ],
                [
                    1232,
                    40
                ],
                [
                    1232,
                    64
                ],
                [
                    1189,
                    64
                ]
            ],
            "text": "from",
            "label": "Out"
        },
        {
            "index": 8,
            "bbox": [
                [
                    1228,
                    40
                ],
                [
                    1264,
                    40
                ],
                [
                    1264,
                    64
                ],
                [
                    1228,
                    64
                ]
            ],
            "text": "our",
            "label": "Out"
        },
        {
            "index": 9,
            "bbox": [
                [
                    1258,
                    40
                ],
                [
                    1314,
                    40
                ],
                [
                    1314,
                    64
                ],
                [
                    1258,
                    64
                ]
            ],
            "text": "official",
            "label": "Out"
        },
        {
            "index": 10,
            "bbox": [
                [
                    1309,
                    40
                ],
                [
                    1378,
                    40
                ],
                [
                    1378,
                    64
                ],
                [
                    1309,
                    64
                ]
            ],
            "text": "website,",
            "label": "Out"
        },
        {
            "index": 11,
            "bbox": [
                [
                    1374,
                    40
                ],
                [
                    1432,
                    40
                ],
                [
                    1432,
                    64
                ],
                [
                    1374,
                    64
                ]
            ],
            "text": "please",
            "label": "Out"
        },
        {
            "index": 12,
            "bbox": [
                [
                    1427,
                    40
                ],
                [
                    1470,
                    40
                ],
                [
                    1470,
                    64
                ],
                [
                    1427,
                    64
                ]
            ],
            "text": "note",
            "label": "Out"
        },
        {
            "index": 13,
            "bbox": [
                [
                    1464,
                    40
                ],
                [
                    1503,
                    40
                ],
                [
                    1503,
                    64
                ],
                [
                    1464,
                    64
                ]
            ],
            "text": "that",
            "label": "Out"
        },
        {
            "index": 14,
            "bbox": [
                [
                    1496,
                    40
                ],
                [
                    1531,
                    40
                ],
                [
                    1531,
                    64
                ],
                [
                    1496,
                    64
                ]
            ],
            "text": "the",
            "label": "Out"
        },
        {
            "index": 15,
            "bbox": [
                [
                    358,
                    64
                ],
                [
                    452,
                    64
                ],
                [
                    452,
                    94
                ],
                [
                    358,
                    94
                ]
            ],
            "text": "Product",
            "label": "Out"
        },
        {
            "index": 16,
            "bbox": [
                [
                    452,
                    64
                ],
                [
                    538,
                    64
                ],
                [
                    538,
                    92
                ],
                [
                    452,
                    92
                ]
            ],
            "text": "Search",
            "label": "Out"
        },
        {
            "index": 17,
            "bbox": [
                [
                    536,
                    64
                ],
                [
                    598,
                    64
                ],
                [
                    598,
                    94
                ],
                [
                    536,
                    94
                ]
            ],
            "text": "Data",
            "label": "Out"
        },
        {
            "index": 18,
            "bbox": [
                [
                    596,
                    64
                ],
                [
                    671,
                    64
                ],
                [
                    671,
                    94
                ],
                [
                    596,
                    94
                ]
            ],
            "text": "Sheet",
            "label": "Out"
        },
        {
            "index": 19,
            "bbox": [
                [
                    828,
                    64
                ],
                [
                    923,
                    64
                ],
                [
                    923,
                    92
                ],
                [
                    828,
                    92
                ]
            ],
            "text": "information",
            "label": "Out"
        },
        {
            "index": 20,
            "bbox": [
                [
                    916,
                    66
                ],
                [
                    989,
                    66
                ],
                [
                    989,
                    90
                ],
                [
                    916,
                    90
                ]
            ],
            "text": "provided",
            "label": "Out"
        },
        {
            "index": 21,
            "bbox": [
                [
                    985,
                    66
                ],
                [
                    1026,
                    66
                ],
                [
                    1026,
                    90
                ],
                [
                    985,
                    90
                ]
            ],
            "text": "may",
            "label": "Out"
        },
        {
            "index": 22,
            "bbox": [
                [
                    1021,
                    66
                ],
                [
                    1054,
                    66
                ],
                [
                    1054,
                    90
                ],
                [
                    1021,
                    90
                ]
            ],
            "text": "not",
            "label": "Out"
        },
        {
            "index": 23,
            "bbox": [
                [
                    1047,
                    64
                ],
                [
                    1077,
                    64
                ],
                [
                    1077,
                    90
                ],
                [
                    1047,
                    90
                ]
            ],
            "text": "bet",
            "label": "Out"
        },
        {
            "index": 24,
            "bbox": [
                [
                    1071,
                    64
                ],
                [
                    1105,
                    64
                ],
                [
                    1105,
                    90
                ],
                [
                    1071,
                    90
                ]
            ],
            "text": "the",
            "label": "Out"
        },
        {
            "index": 25,
            "bbox": [
                [
                    1101,
                    66
                ],
                [
                    1146,
                    66
                ],
                [
                    1146,
                    90
                ],
                [
                    1101,
                    90
                ]
            ],
            "text": "most",
            "label": "Out"
        },
        {
            "index": 26,
            "bbox": [
                [
                    1140,
                    66
                ],
                [
                    1204,
                    66
                ],
                [
                    1204,
                    90
                ],
                [
                    1140,
                    90
                ]
            ],
            "text": "current.",
            "label": "Out"
        },
        {
            "index": 27,
            "bbox": [
                [
                    830,
                    92
                ],
                [
                    888,
                    92
                ],
                [
                    888,
                    113
                ],
                [
                    830,
                    113
                ]
            ],
            "text": "Please",
            "label": "Out"
        },
        {
            "index": 28,
            "bbox": [
                [
                    882,
                    90
                ],
                [
                    968,
                    90
                ],
                [
                    968,
                    118
                ],
                [
                    882,
                    118
                ]
            ],
            "text": "downloadt",
            "label": "Out"
        },
        {
            "index": 29,
            "bbox": [
                [
                    959,
                    92
                ],
                [
                    993,
                    92
                ],
                [
                    993,
                    116
                ],
                [
                    959,
                    116
                ]
            ],
            "text": "the",
            "label": "Out"
        },
        {
            "index": 30,
            "bbox": [
                [
                    989,
                    92
                ],
                [
                    1036,
                    92
                ],
                [
                    1036,
                    116
                ],
                [
                    989,
                    116
                ]
            ],
            "text": "latest",
            "label": "Out"
        },
        {
            "index": 31,
            "bbox": [
                [
                    1032,
                    90
                ],
                [
                    1116,
                    90
                ],
                [
                    1116,
                    118
                ],
                [
                    1032,
                    118
                ]
            ],
            "text": "datasheet",
            "label": "Out"
        },
        {
            "index": 32,
            "bbox": [
                [
                    1109,
                    90
                ],
                [
                    1135,
                    90
                ],
                [
                    1135,
                    116
                ],
                [
                    1109,
                    116
                ]
            ],
            "text": "of",
            "label": "Out"
        },
        {
            "index": 33,
            "bbox": [
                [
                    1131,
                    92
                ],
                [
                    1303,
                    92
                ],
                [
                    1303,
                    113
                ],
                [
                    1131,
                    113
                ]
            ],
            "text": "PKM22EPPH4001-BO",
            "label": "Out"
        },
        {
            "index": 34,
            "bbox": [
                [
                    1296,
                    92
                ],
                [
                    1339,
                    92
                ],
                [
                    1339,
                    116
                ],
                [
                    1296,
                    116
                ]
            ],
            "text": "from",
            "label": "Out"
        },
        {
            "index": 35,
            "bbox": [
                [
                    1333,
                    92
                ],
                [
                    1367,
                    92
                ],
                [
                    1367,
                    116
                ],
                [
                    1333,
                    116
                ]
            ],
            "text": "the",
            "label": "Out"
        },
        {
            "index": 36,
            "bbox": [
                [
                    1363,
                    92
                ],
                [
                    1419,
                    92
                ],
                [
                    1419,
                    113
                ],
                [
                    1363,
                    113
                ]
            ],
            "text": "official",
            "label": "Out"
        },
        {
            "index": 37,
            "bbox": [
                [
                    1415,
                    92
                ],
                [
                    1479,
                    92
                ],
                [
                    1479,
                    113
                ],
                [
                    1415,
                    113
                ]
            ],
            "text": "website",
            "label": "Out"
        },
        {
            "index": 38,
            "bbox": [
                [
                    1475,
                    92
                ],
                [
                    1503,
                    92
                ],
                [
                    1503,
                    116
                ],
                [
                    1475,
                    116
                ]
            ],
            "text": "of",
            "label": "Out"
        },
        {
            "index": 39,
            "bbox": [
                [
                    1494,
                    92
                ],
                [
                    1554,
                    92
                ],
                [
                    1554,
                    116
                ],
                [
                    1494,
                    116
                ]
            ],
            "text": "Murata",
            "label": "Out"
        },
        {
            "index": 40,
            "bbox": [
                [
                    1187,
                    135
                ],
                [
                    1296,
                    135
                ],
                [
                    1296,
                    156
                ],
                [
                    1187,
                    156
                ]
            ],
            "text": "M22EPPH4001-B0",
            "label": "Out"
        },
        {
            "index": 41,
            "bbox": [
                [
                    74,
                    167
                ],
                [
                    637,
                    167
                ],
                [
                    637,
                    212
                ],
                [
                    74,
                    212
                ]
            ],
            "text": "PKM22EPPPH4001-B0",
            "label": "B_Ref"
        },
        {
            "index": 42,
            "bbox": [
                [
                    153,
                    343
                ],
                [
                    409,
                    343
                ],
                [
                    409,
                    382
                ],
                [
                    153,
                    382
                ]
            ],
            "text": "Specifications",
            "label": "B_Section"
        },
        {
            "index": 43,
            "bbox": [
                [
                    65,
                    464
                ],
                [
                    171,
                    464
                ],
                [
                    171,
                    491
                ],
                [
                    65,
                    491
                ]
            ],
            "text": "Oscillation",
            "label": "B_Prop"
        },
        {
            "index": 44,
            "bbox": [
                [
                    168,
                    466
                ],
                [
                    241,
                    466
                ],
                [
                    241,
                    489
                ],
                [
                    168,
                    489
                ]
            ],
            "text": "circuits",
            "label": "I_Prop"
        },
        {
            "index": 45,
            "bbox": [
                [
                    428,
                    464
                ],
                [
                    467,
                    464
                ],
                [
                    467,
                    489
                ],
                [
                    428,
                    489
                ]
            ],
            "text": "Not",
            "label": "B_Value"
        },
        {
            "index": 46,
            "bbox": [
                [
                    465,
                    461
                ],
                [
                    536,
                    461
                ],
                [
                    536,
                    491
                ],
                [
                    465,
                    491
                ]
            ],
            "text": "built-in",
            "label": "I_Value"
        },
        {
            "index": 47,
            "bbox": [
                [
                    67,
                    519
                ],
                [
                    115,
                    519
                ],
                [
                    115,
                    545
                ],
                [
                    67,
                    545
                ]
            ],
            "text": "Size",
            "label": "B_Prop"
        },
        {
            "index": 48,
            "bbox": [
                [
                    426,
                    519
                ],
                [
                    532,
                    519
                ],
                [
                    532,
                    547
                ],
                [
                    426,
                    547
                ]
            ],
            "text": "$22.0x8.2",
            "label": "B_Value"
        },
        {
            "index": 49,
            "bbox": [
                [
                    527,
                    522
                ],
                [
                    570,
                    522
                ],
                [
                    570,
                    545
                ],
                [
                    527,
                    545
                ]
            ],
            "text": "mm",
            "label": "I_Value"
        },
        {
            "index": 50,
            "bbox": [
                [
                    65,
                    575
                ],
                [
                    175,
                    575
                ],
                [
                    175,
                    605
                ],
                [
                    65,
                    605
                ]
            ],
            "text": "Frequency",
            "label": "B_Prop"
        },
        {
            "index": 51,
            "bbox": [
                [
                    424,
                    573
                ],
                [
                    501,
                    573
                ],
                [
                    501,
                    603
                ],
                [
                    424,
                    603
                ]
            ],
            "text": "4.0kHz",
            "label": "B_Value"
        },
        {
            "index": 52,
            "bbox": [
                [
                    65,
                    633
                ],
                [
                    134,
                    633
                ],
                [
                    134,
                    657
                ],
                [
                    65,
                    657
                ]
            ],
            "text": "Sound",
            "label": "B_Prop"
        },
        {
            "index": 53,
            "bbox": [
                [
                    132,
                    631
                ],
                [
                    224,
                    631
                ],
                [
                    224,
                    659
                ],
                [
                    132,
                    659
                ]
            ],
            "text": "Pressure",
            "label": "I_Prop"
        },
        {
            "index": 54,
            "bbox": [
                [
                    220,
                    629
                ],
                [
                    280,
                    629
                ],
                [
                    280,
                    659
                ],
                [
                    220,
                    659
                ]
            ],
            "text": "Level",
            "label": "I_Prop"
        },
        {
            "index": 55,
            "bbox": [
                [
                    426,
                    629
                ],
                [
                    486,
                    629
                ],
                [
                    486,
                    659
                ],
                [
                    426,
                    659
                ]
            ],
            "text": "87dB",
            "label": "B_Value"
        },
        {
            "index": 56,
            "bbox": [
                [
                    480,
                    631
                ],
                [
                    538,
                    631
                ],
                [
                    538,
                    663
                ],
                [
                    480,
                    663
                ]
            ],
            "text": "(typ.)",
            "label": "I_Value"
        },
        {
            "index": 57,
            "bbox": [
                [
                    65,
                    687
                ],
                [
                    134,
                    687
                ],
                [
                    134,
                    711
                ],
                [
                    65,
                    711
                ]
            ],
            "text": "Sound",
            "label": "B_Prop"
        },
        {
            "index": 58,
            "bbox": [
                [
                    132,
                    685
                ],
                [
                    224,
                    685
                ],
                [
                    224,
                    713
                ],
                [
                    132,
                    713
                ]
            ],
            "text": "Pressure",
            "label": "I_Prop"
        },
        {
            "index": 59,
            "bbox": [
                [
                    220,
                    685
                ],
                [
                    280,
                    685
                ],
                [
                    280,
                    715
                ],
                [
                    220,
                    715
                ]
            ],
            "text": "Level",
            "label": "I_Prop"
        },
        {
            "index": 60,
            "bbox": [
                [
                    426,
                    683
                ],
                [
                    484,
                    683
                ],
                [
                    484,
                    715
                ],
                [
                    426,
                    715
                ]
            ],
            "text": "75dB",
            "label": "B_Value"
        },
        {
            "index": 61,
            "bbox": [
                [
                    482,
                    685
                ],
                [
                    542,
                    685
                ],
                [
                    542,
                    717
                ],
                [
                    482,
                    717
                ]
            ],
            "text": "(min.)",
            "label": "I_Value"
        },
        {
            "index": 62,
            "bbox": [
                [
                    63,
                    728
                ],
                [
                    158,
                    728
                ],
                [
                    158,
                    758
                ],
                [
                    63,
                    758
                ]
            ],
            "text": "Measure",
            "label": "B_Prop"
        },
        {
            "index": 63,
            "bbox": [
                [
                    151,
                    728
                ],
                [
                    250,
                    728
                ],
                [
                    250,
                    758
                ],
                [
                    151,
                    758
                ]
            ],
            "text": "Condition",
            "label": "I_Prop"
        },
        {
            "index": 64,
            "bbox": [
                [
                    246,
                    730
                ],
                [
                    274,
                    730
                ],
                [
                    274,
                    758
                ],
                [
                    246,
                    758
                ]
            ],
            "text": "of",
            "label": "I_Prop"
        },
        {
            "index": 65,
            "bbox": [
                [
                    269,
                    728
                ],
                [
                    340,
                    728
                ],
                [
                    340,
                    758
                ],
                [
                    269,
                    758
                ]
            ],
            "text": "Sound",
            "label": "I_Prop"
        },
        {
            "index": 66,
            "bbox": [
                [
                    426,
                    730
                ],
                [
                    665,
                    730
                ],
                [
                    665,
                    760
                ],
                [
                    426,
                    760
                ]
            ],
            "text": "[s1.5vo-p.4.0Hz.square",
            "label": "B_Value"
        },
        {
            "index": 67,
            "bbox": [
                [
                    663,
                    734
                ],
                [
                    725,
                    734
                ],
                [
                    725,
                    758
                ],
                [
                    663,
                    758
                ]
            ],
            "text": "wave,",
            "label": "I_Value"
        },
        {
            "index": 68,
            "bbox": [
                [
                    63,
                    762
                ],
                [
                    160,
                    762
                ],
                [
                    160,
                    790
                ],
                [
                    63,
                    790
                ]
            ],
            "text": "Pressure",
            "label": "I_Prop"
        },
        {
            "index": 69,
            "bbox": [
                [
                    153,
                    760
                ],
                [
                    216,
                    760
                ],
                [
                    216,
                    790
                ],
                [
                    153,
                    790
                ]
            ],
            "text": "Level",
            "label": "I_Prop"
        },
        {
            "index": 70,
            "bbox": [
                [
                    429,
                    760
                ],
                [
                    429,
                    792
                ],
                [
                    494,
                    792
                ],
                [
                    494,
                    760
                ]
            ],
            "text": "10cm]",
            "label": "I_Value"
        },
        {
            "index": 71,
            "bbox": [
                [
                    65,
                    807
                ],
                [
                    190,
                    807
                ],
                [
                    190,
                    835
                ],
                [
                    65,
                    835
                ]
            ],
            "text": "Capacitance",
            "label": "B_Prop"
        },
        {
            "index": 72,
            "bbox": [
                [
                    428,
                    807
                ],
                [
                    482,
                    807
                ],
                [
                    482,
                    831
                ],
                [
                    428,
                    831
                ]
            ],
            "text": "12nF",
            "label": "B_Value"
        },
        {
            "index": 73,
            "bbox": [
                [
                    65,
                    861
                ],
                [
                    190,
                    861
                ],
                [
                    190,
                    889
                ],
                [
                    65,
                    889
                ]
            ],
            "text": "Capacitance",
            "label": "B_Prop"
        },
        {
            "index": 74,
            "bbox": [
                [
                    188,
                    861
                ],
                [
                    291,
                    861
                ],
                [
                    291,
                    889
                ],
                [
                    188,
                    889
                ]
            ],
            "text": "Tolerance",
            "label": "I_Prop"
        },
        {
            "index": 75,
            "bbox": [
                [
                    428,
                    863
                ],
                [
                    489,
                    863
                ],
                [
                    489,
                    887
                ],
                [
                    428,
                    887
                ]
            ],
            "text": "+30%",
            "label": "B_Value"
        },
        {
            "index": 76,
            "bbox": [
                [
                    63,
                    904
                ],
                [
                    205,
                    904
                ],
                [
                    205,
                    932
                ],
                [
                    63,
                    932
                ]
            ],
            "text": "Measurement",
            "label": "B_Prop"
        },
        {
            "index": 77,
            "bbox": [
                [
                    199,
                    904
                ],
                [
                    297,
                    904
                ],
                [
                    297,
                    932
                ],
                [
                    199,
                    932
                ]
            ],
            "text": "Condition",
            "label": "I_Prop"
        },
        {
            "index": 78,
            "bbox": [
                [
                    293,
                    904
                ],
                [
                    321,
                    904
                ],
                [
                    321,
                    932
                ],
                [
                    293,
                    932
                ]
            ],
            "text": "of",
            "label": "I_Prop"
        },
        {
            "index": 79,
            "bbox": [
                [
                    426,
                    921
                ],
                [
                    495,
                    921
                ],
                [
                    495,
                    951
                ],
                [
                    426,
                    951
                ]
            ],
            "text": "[1kHz]",
            "label": "B_Value"
        },
        {
            "index": 80,
            "bbox": [
                [
                    65,
                    936
                ],
                [
                    190,
                    936
                ],
                [
                    190,
                    966
                ],
                [
                    65,
                    966
                ]
            ],
            "text": "Capacitance",
            "label": "I_Prop"
        },
        {
            "index": 81,
            "bbox": [
                [
                    65,
                    981
                ],
                [
                    166,
                    981
                ],
                [
                    166,
                    1009
                ],
                [
                    65,
                    1009
                ]
            ],
            "text": "Maximumi",
            "label": "B_Prop"
        },
        {
            "index": 82,
            "bbox": [
                [
                    162,
                    981
                ],
                [
                    218,
                    981
                ],
                [
                    218,
                    1011
                ],
                [
                    162,
                    1011
                ]
            ],
            "text": "input",
            "label": "I_Prop"
        },
        {
            "index": 83,
            "bbox": [
                [
                    214,
                    981
                ],
                [
                    289,
                    981
                ],
                [
                    289,
                    1011
                ],
                [
                    214,
                    1011
                ]
            ],
            "text": "voltage",
            "label": "I_Prop"
        },
        {
            "index": 84,
            "bbox": [
                [
                    426,
                    981
                ],
                [
                    532,
                    981
                ],
                [
                    532,
                    1011
                ],
                [
                    426,
                    1011
                ]
            ],
            "text": "+15.0Vo-p",
            "label": "B_Value"
        },
        {
            "index": 85,
            "bbox": [
                [
                    529,
                    986
                ],
                [
                    581,
                    986
                ],
                [
                    581,
                    1009
                ],
                [
                    529,
                    1009
                ]
            ],
            "text": "max.",
            "label": "I_Value"
        },
        {
            "index": 86,
            "bbox": [
                [
                    63,
                    1024
                ],
                [
                    166,
                    1024
                ],
                [
                    166,
                    1054
                ],
                [
                    63,
                    1054
                ]
            ],
            "text": "Operating",
            "label": "B_Prop"
        },
        {
            "index": 87,
            "bbox": [
                [
                    164,
                    1024
                ],
                [
                    291,
                    1024
                ],
                [
                    291,
                    1054
                ],
                [
                    164,
                    1054
                ]
            ],
            "text": "Temperature",
            "label": "I_Prop"
        },
        {
            "index": 88,
            "bbox": [
                [
                    426,
                    1037
                ],
                [
                    489,
                    1037
                ],
                [
                    489,
                    1067
                ],
                [
                    426,
                    1067
                ]
            ],
            "text": "-20°C",
            "label": "B_Value"
        },
        {
            "index": 89,
            "bbox": [
                [
                    482,
                    1039
                ],
                [
                    510,
                    1039
                ],
                [
                    510,
                    1067
                ],
                [
                    482,
                    1067
                ]
            ],
            "text": "to",
            "label": "I_Value"
        },
        {
            "index": 90,
            "bbox": [
                [
                    506,
                    1037
                ],
                [
                    562,
                    1037
                ],
                [
                    562,
                    1069
                ],
                [
                    506,
                    1069
                ]
            ],
            "text": "70°C",
            "label": "I_Value"
        },
        {
            "index": 91,
            "bbox": [
                [
                    65,
                    1057
                ],
                [
                    136,
                    1057
                ],
                [
                    136,
                    1089
                ],
                [
                    65,
                    1089
                ]
            ],
            "text": "Range",
            "label": "I_Prop"
        },
        {
            "index": 92,
            "bbox": [
                [
                    65,
                    1100
                ],
                [
                    147,
                    1100
                ],
                [
                    147,
                    1130
                ],
                [
                    65,
                    1130
                ]
            ],
            "text": "Storage",
            "label": "B_Prop"
        },
        {
            "index": 93,
            "bbox": [
                [
                    145,
                    1100
                ],
                [
                    272,
                    1100
                ],
                [
                    272,
                    1130
                ],
                [
                    145,
                    1130
                ]
            ],
            "text": "Temperature",
            "label": "I_Prop"
        },
        {
            "index": 94,
            "bbox": [
                [
                    269,
                    1100
                ],
                [
                    340,
                    1100
                ],
                [
                    340,
                    1132
                ],
                [
                    269,
                    1132
                ]
            ],
            "text": "Range",
            "label": "I_Prop"
        },
        {
            "index": 95,
            "bbox": [
                [
                    424,
                    1097
                ],
                [
                    489,
                    1097
                ],
                [
                    489,
                    1127
                ],
                [
                    424,
                    1127
                ]
            ],
            "text": "-30°C",
            "label": "B_Value"
        },
        {
            "index": 96,
            "bbox": [
                [
                    482,
                    1100
                ],
                [
                    510,
                    1100
                ],
                [
                    510,
                    1127
                ],
                [
                    482,
                    1127
                ]
            ],
            "text": "to",
            "label": "I_Value"
        },
        {
            "index": 97,
            "bbox": [
                [
                    506,
                    1097
                ],
                [
                    562,
                    1097
                ],
                [
                    562,
                    1127
                ],
                [
                    506,
                    1127
                ]
            ],
            "text": "80°C",
            "label": "I_Value"
        },
        {
            "index": 98,
            "bbox": [
                [
                    65,
                    1155
                ],
                [
                    136,
                    1155
                ],
                [
                    136,
                    1185
                ],
                [
                    65,
                    1185
                ]
            ],
            "text": "Shape",
            "label": "B_Prop"
        },
        {
            "index": 99,
            "bbox": [
                [
                    426,
                    1155
                ],
                [
                    484,
                    1155
                ],
                [
                    484,
                    1185
                ],
                [
                    426,
                    1185
                ]
            ],
            "text": "Lead",
            "label": "B_Value"
        },
        {
            "index": 100,
            "bbox": [
                [
                    63,
                    1209
                ],
                [
                    121,
                    1209
                ],
                [
                    121,
                    1239
                ],
                [
                    63,
                    1239
                ]
            ],
            "text": "Lead",
            "label": "B_Prop"
        },
        {
            "index": 101,
            "bbox": [
                [
                    117,
                    1211
                ],
                [
                    188,
                    1211
                ],
                [
                    188,
                    1241
                ],
                [
                    117,
                    1241
                ]
            ],
            "text": "Shape",
            "label": "I_Prop"
        },
        {
            "index": 102,
            "bbox": [
                [
                    428,
                    1211
                ],
                [
                    465,
                    1211
                ],
                [
                    465,
                    1237
                ],
                [
                    428,
                    1237
                ]
            ],
            "text": "Pin",
            "label": "B_Value"
        },
        {
            "index": 103,
            "bbox": [
                [
                    461,
                    1211
                ],
                [
                    512,
                    1211
                ],
                [
                    512,
                    1243
                ],
                [
                    461,
                    1243
                ]
            ],
            "text": "type",
            "label": "I_Value"
        },
        {
            "index": 104,
            "bbox": [
                [
                    63,
                    1265
                ],
                [
                    123,
                    1265
                ],
                [
                    123,
                    1295
                ],
                [
                    63,
                    1295
                ]
            ],
            "text": "Lead",
            "label": "B_Prop"
        },
        {
            "index": 105,
            "bbox": [
                [
                    117,
                    1267
                ],
                [
                    183,
                    1267
                ],
                [
                    183,
                    1297
                ],
                [
                    117,
                    1297
                ]
            ],
            "text": "length",
            "label": "I_Prop"
        },
        {
            "index": 106,
            "bbox": [
                [
                    428,
                    1269
                ],
                [
                    482,
                    1269
                ],
                [
                    482,
                    1293
                ],
                [
                    428,
                    1293
                ]
            ],
            "text": "Lead",
            "label": "B_Value"
        },
        {
            "index": 107,
            "bbox": [
                [
                    478,
                    1267
                ],
                [
                    613,
                    1267
                ],
                [
                    613,
                    1297
                ],
                [
                    478,
                    1297
                ]
            ],
            "text": "length:6.5mm",
            "label": "I_Value"
        },
        {
            "index": 108,
            "bbox": [
                [
                    63,
                    1321
                ],
                [
                    125,
                    1321
                ],
                [
                    125,
                    1351
                ],
                [
                    63,
                    1351
                ]
            ],
            "text": "Drive",
            "label": "B_Prop"
        },
        {
            "index": 109,
            "bbox": [
                [
                    119,
                    1321
                ],
                [
                    175,
                    1321
                ],
                [
                    175,
                    1353
                ],
                [
                    119,
                    1353
                ]
            ],
            "text": "Type",
            "label": "I_Prop"
        },
        {
            "index": 110,
            "bbox": [
                [
                    426,
                    1321
                ],
                [
                    514,
                    1321
                ],
                [
                    514,
                    1349
                ],
                [
                    426,
                    1349
                ]
            ],
            "text": "External",
            "label": "B_Value"
        },
        {
            "index": 111,
            "bbox": [
                [
                    508,
                    1321
                ],
                [
                    568,
                    1321
                ],
                [
                    568,
                    1351
                ],
                [
                    508,
                    1351
                ]
            ],
            "text": "Drive",
            "label": "I_Value"
        },
        {
            "index": 112,
            "bbox": [
                [
                    65,
                    1379
                ],
                [
                    117,
                    1379
                ],
                [
                    117,
                    1402
                ],
                [
                    65,
                    1402
                ]
            ],
            "text": "EIAJ",
            "label": "B_Prop"
        },
        {
            "index": 113,
            "bbox": [
                [
                    117,
                    1381
                ],
                [
                    164,
                    1381
                ],
                [
                    164,
                    1402
                ],
                [
                    117,
                    1402
                ]
            ],
            "text": "Part",
            "label": "I_Prop"
        },
        {
            "index": 114,
            "bbox": [
                [
                    158,
                    1377
                ],
                [
                    246,
                    1377
                ],
                [
                    246,
                    1405
                ],
                [
                    158,
                    1405
                ]
            ],
            "text": "Number",
            "label": "I_Prop"
        },
        {
            "index": 115,
            "bbox": [
                [
                    426,
                    1377
                ],
                [
                    587,
                    1377
                ],
                [
                    587,
                    1405
                ],
                [
                    426,
                    1405
                ]
            ],
            "text": "PS-RP2-C22-40",
            "label": "B_Value"
        },
        {
            "index": 116,
            "bbox": [
                [
                    65,
                    1435
                ],
                [
                    123,
                    1435
                ],
                [
                    123,
                    1458
                ],
                [
                    65,
                    1458
                ]
            ],
            "text": "Mass",
            "label": "B_Prop"
        },
        {
            "index": 117,
            "bbox": [
                [
                    426,
                    1433
                ],
                [
                    510,
                    1433
                ],
                [
                    510,
                    1463
                ],
                [
                    426,
                    1463
                ]
            ],
            "text": "2864mg",
            "label": "B_Value"
        },
        {
            "index": 118,
            "bbox": [
                [
                    1468,
                    1888
                ],
                [
                    1494,
                    1888
                ],
                [
                    1494,
                    1918
                ],
                [
                    1468,
                    1918
                ]
            ],
            "text": "2",
            "label": "Out"
        },
        {
            "index": 119,
            "bbox": [
                [
                    1488,
                    1890
                ],
                [
                    1522,
                    1890
                ],
                [
                    1522,
                    1918
                ],
                [
                    1488,
                    1918
                ]
            ],
            "text": "of",
            "label": "Out"
        },
        {
            "index": 120,
            "bbox": [
                [
                    1513,
                    1888
                ],
                [
                    1539,
                    1888
                ],
                [
                    1539,
                    1918
                ],
                [
                    1513,
                    1918
                ]
            ],
            "text": "3",
            "label": "Out"
        },
        {
            "index": 121,
            "bbox": [
                [
                    61,
                    1942
                ],
                [
                    156,
                    1942
                ],
                [
                    156,
                    1970
                ],
                [
                    61,
                    1970
                ]
            ],
            "text": "Attention",
            "label": "Out"
        },
        {
            "index": 122,
            "bbox": [
                [
                    63,
                    1972
                ],
                [
                    117,
                    1972
                ],
                [
                    117,
                    1993
                ],
                [
                    63,
                    1993
                ]
            ],
            "text": "1.This",
            "label": "Out"
        },
        {
            "index": 123,
            "bbox": [
                [
                    113,
                    1972
                ],
                [
                    194,
                    1972
                ],
                [
                    194,
                    1993
                ],
                [
                    113,
                    1993
                ]
            ],
            "text": "datasheeti",
            "label": "Out"
        },
        {
            "index": 124,
            "bbox": [
                [
                    190,
                    1970
                ],
                [
                    214,
                    1970
                ],
                [
                    214,
                    1995
                ],
                [
                    190,
                    1995
                ]
            ],
            "text": "is",
            "label": "Out"
        },
        {
            "index": 125,
            "bbox": [
                [
                    207,
                    1972
                ],
                [
                    306,
                    1972
                ],
                [
                    306,
                    1993
                ],
                [
                    207,
                    1993
                ]
            ],
            "text": "downloaded",
            "label": "Out"
        },
        {
            "index": 126,
            "bbox": [
                [
                    302,
                    1970
                ],
                [
                    345,
                    1970
                ],
                [
                    345,
                    1993
                ],
                [
                    302,
                    1993
                ]
            ],
            "text": "fromt",
            "label": "Out"
        },
        {
            "index": 127,
            "bbox": [
                [
                    338,
                    1970
                ],
                [
                    373,
                    1970
                ],
                [
                    373,
                    1993
                ],
                [
                    338,
                    1993
                ]
            ],
            "text": "the",
            "label": "Out"
        },
        {
            "index": 128,
            "bbox": [
                [
                    368,
                    1972
                ],
                [
                    433,
                    1972
                ],
                [
                    433,
                    1993
                ],
                [
                    368,
                    1993
                ]
            ],
            "text": "website",
            "label": "Out"
        },
        {
            "index": 129,
            "bbox": [
                [
                    428,
                    1970
                ],
                [
                    454,
                    1970
                ],
                [
                    454,
                    1995
                ],
                [
                    428,
                    1995
                ]
            ],
            "text": "of",
            "label": "Out"
        },
        {
            "index": 130,
            "bbox": [
                [
                    448,
                    1970
                ],
                [
                    508,
                    1970
                ],
                [
                    508,
                    1993
                ],
                [
                    448,
                    1993
                ]
            ],
            "text": "Murata",
            "label": "Out"
        },
        {
            "index": 131,
            "bbox": [
                [
                    501,
                    1970
                ],
                [
                    620,
                    1970
                ],
                [
                    620,
                    1998
                ],
                [
                    501,
                    1998
                ]
            ],
            "text": "Manufacturing",
            "label": "Out"
        },
        {
            "index": 132,
            "bbox": [
                [
                    613,
                    1972
                ],
                [
                    654,
                    1972
                ],
                [
                    654,
                    1995
                ],
                [
                    613,
                    1995
                ]
            ],
            "text": "Co.,",
            "label": "Out"
        },
        {
            "index": 133,
            "bbox": [
                [
                    648,
                    1970
                ],
                [
                    684,
                    1970
                ],
                [
                    684,
                    1993
                ],
                [
                    648,
                    1993
                ]
            ],
            "text": "Ltd.",
            "label": "Out"
        },
        {
            "index": 134,
            "bbox": [
                [
                    680,
                    1967
                ],
                [
                    768,
                    1967
                ],
                [
                    768,
                    1995
                ],
                [
                    680,
                    1995
                ]
            ],
            "text": "Therefore,",
            "label": "Out"
        },
        {
            "index": 135,
            "bbox": [
                [
                    761,
                    1970
                ],
                [
                    794,
                    1970
                ],
                [
                    794,
                    1993
                ],
                [
                    761,
                    1993
                ]
            ],
            "text": "it's",
            "label": "Out"
        },
        {
            "index": 136,
            "bbox": [
                [
                    785,
                    1970
                ],
                [
                    899,
                    1970
                ],
                [
                    899,
                    1998
                ],
                [
                    785,
                    1998
                ]
            ],
            "text": "specifications",
            "label": "Out"
        },
        {
            "index": 137,
            "bbox": [
                [
                    890,
                    1972
                ],
                [
                    927,
                    1972
                ],
                [
                    927,
                    1995
                ],
                [
                    890,
                    1995
                ]
            ],
            "text": "are's",
            "label": "Out"
        },
        {
            "index": 138,
            "bbox": [
                [
                    920,
                    1972
                ],
                [
                    983,
                    1972
                ],
                [
                    983,
                    1995
                ],
                [
                    920,
                    1995
                ]
            ],
            "text": "subject",
            "label": "Out"
        },
        {
            "index": 139,
            "bbox": [
                [
                    976,
                    1970
                ],
                [
                    1004,
                    1970
                ],
                [
                    1004,
                    1995
                ],
                [
                    976,
                    1995
                ]
            ],
            "text": "to",
            "label": "Out"
        },
        {
            "index": 140,
            "bbox": [
                [
                    998,
                    1972
                ],
                [
                    1060,
                    1972
                ],
                [
                    1060,
                    1995
                ],
                [
                    998,
                    1995
                ]
            ],
            "text": "change",
            "label": "Out"
        },
        {
            "index": 141,
            "bbox": [
                [
                    1056,
                    1972
                ],
                [
                    1082,
                    1972
                ],
                [
                    1082,
                    1995
                ],
                [
                    1056,
                    1995
                ]
            ],
            "text": "or",
            "label": "Out"
        },
        {
            "index": 142,
            "bbox": [
                [
                    1075,
                    1972
                ],
                [
                    1109,
                    1972
                ],
                [
                    1109,
                    1995
                ],
                [
                    1075,
                    1995
                ]
            ],
            "text": "our",
            "label": "Out"
        },
        {
            "index": 143,
            "bbox": [
                [
                    1103,
                    1972
                ],
                [
                    1176,
                    1972
                ],
                [
                    1176,
                    1995
                ],
                [
                    1103,
                    1995
                ]
            ],
            "text": "products",
            "label": "Out"
        },
        {
            "index": 144,
            "bbox": [
                [
                    1170,
                    1970
                ],
                [
                    1195,
                    1970
                ],
                [
                    1195,
                    1995
                ],
                [
                    1170,
                    1995
                ]
            ],
            "text": "ini",
            "label": "Out"
        },
        {
            "index": 145,
            "bbox": [
                [
                    1189,
                    1974
                ],
                [
                    1206,
                    1974
                ],
                [
                    1206,
                    1991
                ],
                [
                    1189,
                    1991
                ]
            ],
            "text": "it",
            "label": "Out"
        },
        {
            "index": 146,
            "bbox": [
                [
                    1202,
                    1972
                ],
                [
                    1243,
                    1972
                ],
                [
                    1243,
                    1995
                ],
                [
                    1202,
                    1995
                ]
            ],
            "text": "may",
            "label": "Out"
        },
        {
            "index": 147,
            "bbox": [
                [
                    1238,
                    1970
                ],
                [
                    1268,
                    1970
                ],
                [
                    1268,
                    1995
                ],
                [
                    1238,
                    1995
                ]
            ],
            "text": "be",
            "label": "Out"
        },
        {
            "index": 148,
            "bbox": [
                [
                    1262,
                    1972
                ],
                [
                    1363,
                    1972
                ],
                [
                    1363,
                    1993
                ],
                [
                    1262,
                    1993
                ]
            ],
            "text": "discontinued",
            "label": "Out"
        },
        {
            "index": 149,
            "bbox": [
                [
                    63,
                    1998
                ],
                [
                    125,
                    1998
                ],
                [
                    125,
                    2019
                ],
                [
                    63,
                    2019
                ]
            ],
            "text": "without",
            "label": "Out"
        },
        {
            "index": 150,
            "bbox": [
                [
                    121,
                    1998
                ],
                [
                    192,
                    1998
                ],
                [
                    192,
                    2019
                ],
                [
                    121,
                    2019
                ]
            ],
            "text": "advance",
            "label": "Out"
        },
        {
            "index": 151,
            "bbox": [
                [
                    188,
                    1998
                ],
                [
                    246,
                    1998
                ],
                [
                    246,
                    2019
                ],
                [
                    188,
                    2019
                ]
            ],
            "text": "notice.",
            "label": "Out"
        },
        {
            "index": 152,
            "bbox": [
                [
                    241,
                    1998
                ],
                [
                    302,
                    1998
                ],
                [
                    302,
                    2019
                ],
                [
                    241,
                    2019
                ]
            ],
            "text": "Please",
            "label": "Out"
        },
        {
            "index": 153,
            "bbox": [
                [
                    297,
                    1998
                ],
                [
                    349,
                    1998
                ],
                [
                    349,
                    2019
                ],
                [
                    297,
                    2019
                ]
            ],
            "text": "check",
            "label": "Out"
        },
        {
            "index": 154,
            "bbox": [
                [
                    345,
                    1995
                ],
                [
                    383,
                    1995
                ],
                [
                    383,
                    2019
                ],
                [
                    345,
                    2019
                ]
            ],
            "text": "with",
            "label": "Out"
        },
        {
            "index": 155,
            "bbox": [
                [
                    379,
                    1998
                ],
                [
                    413,
                    1998
                ],
                [
                    413,
                    2021
                ],
                [
                    379,
                    2021
                ]
            ],
            "text": "our",
            "label": "Out"
        },
        {
            "index": 156,
            "bbox": [
                [
                    407,
                    1995
                ],
                [
                    456,
                    1995
                ],
                [
                    456,
                    2019
                ],
                [
                    407,
                    2019
                ]
            ],
            "text": "sales",
            "label": "Out"
        },
        {
            "index": 157,
            "bbox": [
                [
                    450,
                    1995
                ],
                [
                    577,
                    1995
                ],
                [
                    577,
                    2023
                ],
                [
                    450,
                    2023
                ]
            ],
            "text": "representatives",
            "label": "Out"
        },
        {
            "index": 158,
            "bbox": [
                [
                    568,
                    1998
                ],
                [
                    596,
                    1998
                ],
                [
                    596,
                    2021
                ],
                [
                    568,
                    2021
                ]
            ],
            "text": "or",
            "label": "Out"
        },
        {
            "index": 159,
            "bbox": [
                [
                    590,
                    1998
                ],
                [
                    654,
                    1998
                ],
                [
                    654,
                    2021
                ],
                [
                    590,
                    2021
                ]
            ],
            "text": "product",
            "label": "Out"
        },
        {
            "index": 160,
            "bbox": [
                [
                    648,
                    1995
                ],
                [
                    733,
                    1995
                ],
                [
                    733,
                    2023
                ],
                [
                    648,
                    2023
                ]
            ],
            "text": "engineers",
            "label": "Out"
        },
        {
            "index": 161,
            "bbox": [
                [
                    727,
                    1995
                ],
                [
                    783,
                    1995
                ],
                [
                    783,
                    2019
                ],
                [
                    727,
                    2019
                ]
            ],
            "text": "before",
            "label": "Out"
        },
        {
            "index": 162,
            "bbox": [
                [
                    781,
                    1998
                ],
                [
                    852,
                    1998
                ],
                [
                    852,
                    2021
                ],
                [
                    781,
                    2021
                ]
            ],
            "text": "ordering.",
            "label": "Out"
        },
        {
            "index": 163,
            "bbox": [
                [
                    61,
                    2021
                ],
                [
                    117,
                    2021
                ],
                [
                    117,
                    2045
                ],
                [
                    61,
                    2045
                ]
            ],
            "text": "2.This",
            "label": "Out"
        },
        {
            "index": 164,
            "bbox": [
                [
                    113,
                    2021
                ],
                [
                    194,
                    2021
                ],
                [
                    194,
                    2043
                ],
                [
                    113,
                    2043
                ]
            ],
            "text": "datasheet",
            "label": "Out"
        },
        {
            "index": 165,
            "bbox": [
                [
                    190,
                    2021
                ],
                [
                    229,
                    2021
                ],
                [
                    229,
                    2045
                ],
                [
                    190,
                    2045
                ]
            ],
            "text": "has",
            "label": "Out"
        },
        {
            "index": 166,
            "bbox": [
                [
                    222,
                    2021
                ],
                [
                    261,
                    2021
                ],
                [
                    261,
                    2047
                ],
                [
                    222,
                    2047
                ]
            ],
            "text": "only",
            "label": "Out"
        },
        {
            "index": 167,
            "bbox": [
                [
                    254,
                    2019
                ],
                [
                    315,
                    2019
                ],
                [
                    315,
                    2049
                ],
                [
                    254,
                    2049
                ]
            ],
            "text": "typical",
            "label": "Out"
        },
        {
            "index": 168,
            "bbox": [
                [
                    308,
                    2019
                ],
                [
                    420,
                    2019
                ],
                [
                    420,
                    2047
                ],
                [
                    308,
                    2047
                ]
            ],
            "text": "specifications",
            "label": "Out"
        },
        {
            "index": 169,
            "bbox": [
                [
                    413,
                    2021
                ],
                [
                    486,
                    2021
                ],
                [
                    486,
                    2045
                ],
                [
                    413,
                    2045
                ]
            ],
            "text": "because",
            "label": "Out"
        },
        {
            "index": 170,
            "bbox": [
                [
                    482,
                    2021
                ],
                [
                    529,
                    2021
                ],
                [
                    529,
                    2043
                ],
                [
                    482,
                    2043
                ]
            ],
            "text": "therei",
            "label": "Out"
        },
        {
            "index": 171,
            "bbox": [
                [
                    523,
                    2021
                ],
                [
                    549,
                    2021
                ],
                [
                    549,
                    2045
                ],
                [
                    523,
                    2045
                ]
            ],
            "text": "isr",
            "label": "Out"
        },
        {
            "index": 172,
            "bbox": [
                [
                    540,
                    2021
                ],
                [
                    570,
                    2021
                ],
                [
                    570,
                    2045
                ],
                [
                    540,
                    2045
                ]
            ],
            "text": "nos",
            "label": "Out"
        },
        {
            "index": 173,
            "bbox": [
                [
                    564,
                    2023
                ],
                [
                    617,
                    2023
                ],
                [
                    617,
                    2047
                ],
                [
                    564,
                    2047
                ]
            ],
            "text": "space",
            "label": "Out"
        },
        {
            "index": 174,
            "bbox": [
                [
                    611,
                    2021
                ],
                [
                    643,
                    2021
                ],
                [
                    643,
                    2045
                ],
                [
                    611,
                    2045
                ]
            ],
            "text": "for",
            "label": "Out"
        },
        {
            "index": 175,
            "bbox": [
                [
                    637,
                    2021
                ],
                [
                    703,
                    2021
                ],
                [
                    703,
                    2043
                ],
                [
                    637,
                    2043
                ]
            ],
            "text": "detailed",
            "label": "Out"
        },
        {
            "index": 176,
            "bbox": [
                [
                    699,
                    2019
                ],
                [
                    813,
                    2019
                ],
                [
                    813,
                    2047
                ],
                [
                    699,
                    2047
                ]
            ],
            "text": "specifications.",
            "label": "Out"
        },
        {
            "index": 177,
            "bbox": [
                [
                    61,
                    2045
                ],
                [
                    151,
                    2045
                ],
                [
                    151,
                    2073
                ],
                [
                    61,
                    2073
                ]
            ],
            "text": "Therefore,",
            "label": "Out"
        },
        {
            "index": 178,
            "bbox": [
                [
                    143,
                    2045
                ],
                [
                    205,
                    2045
                ],
                [
                    205,
                    2075
                ],
                [
                    143,
                    2075
                ]
            ],
            "text": "please",
            "label": "Out"
        },
        {
            "index": 179,
            "bbox": [
                [
                    199,
                    2047
                ],
                [
                    257,
                    2047
                ],
                [
                    257,
                    2071
                ],
                [
                    199,
                    2071
                ]
            ],
            "text": "review",
            "label": "Out"
        },
        {
            "index": 180,
            "bbox": [
                [
                    250,
                    2049
                ],
                [
                    284,
                    2049
                ],
                [
                    284,
                    2073
                ],
                [
                    250,
                    2073
                ]
            ],
            "text": "our",
            "label": "Out"
        },
        {
            "index": 181,
            "bbox": [
                [
                    278,
                    2045
                ],
                [
                    347,
                    2045
                ],
                [
                    347,
                    2075
                ],
                [
                    278,
                    2075
                ]
            ],
            "text": "product",
            "label": "Out"
        },
        {
            "index": 182,
            "bbox": [
                [
                    338,
                    2045
                ],
                [
                    450,
                    2045
                ],
                [
                    450,
                    2075
                ],
                [
                    338,
                    2075
                ]
            ],
            "text": "specifications",
            "label": "Out"
        },
        {
            "index": 183,
            "bbox": [
                [
                    443,
                    2049
                ],
                [
                    471,
                    2049
                ],
                [
                    471,
                    2073
                ],
                [
                    443,
                    2073
                ]
            ],
            "text": "or",
            "label": "Out"
        },
        {
            "index": 184,
            "bbox": [
                [
                    465,
                    2047
                ],
                [
                    525,
                    2047
                ],
                [
                    525,
                    2071
                ],
                [
                    465,
                    2071
                ]
            ],
            "text": "consult",
            "label": "Out"
        },
        {
            "index": 185,
            "bbox": [
                [
                    521,
                    2047
                ],
                [
                    555,
                    2047
                ],
                [
                    555,
                    2071
                ],
                [
                    521,
                    2071
                ]
            ],
            "text": "the",
            "label": "Out"
        },
        {
            "index": 186,
            "bbox": [
                [
                    547,
                    2045
                ],
                [
                    624,
                    2045
                ],
                [
                    624,
                    2075
                ],
                [
                    547,
                    2075
                ]
            ],
            "text": "approval",
            "label": "Out"
        },
        {
            "index": 187,
            "bbox": [
                [
                    617,
                    2047
                ],
                [
                    667,
                    2047
                ],
                [
                    667,
                    2071
                ],
                [
                    617,
                    2071
                ]
            ],
            "text": "sheet",
            "label": "Out"
        },
        {
            "index": 188,
            "bbox": [
                [
                    663,
                    2045
                ],
                [
                    693,
                    2045
                ],
                [
                    693,
                    2071
                ],
                [
                    663,
                    2071
                ]
            ],
            "text": "for",
            "label": "Out"
        },
        {
            "index": 189,
            "bbox": [
                [
                    684,
                    2045
                ],
                [
                    753,
                    2045
                ],
                [
                    753,
                    2075
                ],
                [
                    684,
                    2075
                ]
            ],
            "text": "product",
            "label": "Out"
        },
        {
            "index": 190,
            "bbox": [
                [
                    749,
                    2049
                ],
                [
                    856,
                    2049
                ],
                [
                    856,
                    2071
                ],
                [
                    749,
                    2071
                ]
            ],
            "text": "specifications",
            "label": "Out"
        },
        {
            "index": 191,
            "bbox": [
                [
                    852,
                    2047
                ],
                [
                    908,
                    2047
                ],
                [
                    908,
                    2071
                ],
                [
                    852,
                    2071
                ]
            ],
            "text": "before",
            "label": "Out"
        },
        {
            "index": 192,
            "bbox": [
                [
                    901,
                    2045
                ],
                [
                    978,
                    2045
                ],
                [
                    978,
                    2075
                ],
                [
                    901,
                    2075
                ]
            ],
            "text": "ordering.",
            "label": "Out"
        },
        {
            "index": 193,
            "bbox": [
                [
                    246,
                    2109
                ],
                [
                    308,
                    2109
                ],
                [
                    308,
                    2139
                ],
                [
                    246,
                    2139
                ]
            ],
            "text": "URL:",
            "label": "Out"
        },
        {
            "index": 194,
            "bbox": [
                [
                    306,
                    2111
                ],
                [
                    544,
                    2111
                ],
                [
                    544,
                    2139
                ],
                [
                    306,
                    2139
                ]
            ],
            "text": "https./www.murata.com/",
            "label": "Out"
        },
        {
            "index": 195,
            "bbox": [
                [
                    1455,
                    2126
                ],
                [
                    1503,
                    2126
                ],
                [
                    1503,
                    2150
                ],
                [
                    1455,
                    2150
                ]
            ],
            "text": "Last",
            "label": "Out"
        },
        {
            "index": 196,
            "bbox": [
                [
                    1500,
                    2124
                ],
                [
                    1687,
                    2124
                ],
                [
                    1687,
                    2152
                ],
                [
                    1500,
                    2152
                ]
            ],
            "text": "updated07/13/2024",
            "label": "Out"
        }
    ]
}