{
    "datasheet": [
        {
            "index": 0,
            "bbox": [
                [
                    515,
                    283
                ],
                [
                    643,
                    283
                ],
                [
                    643,
                    324
                ],
                [
                    515,
                    324
                ]
            ],
            "text": "Catalog",
            "label": "B_Descri"
        },
        {
            "index": 1,
            "bbox": [
                [
                    646,
                    286
                ],
                [
                    646,
                    318
                ],
                [
                    705,
                    318
                ],
                [
                    705,
                    286
                ]
            ],
            "text": "No.",
            "label": "I_Descri"
        },
        {
            "index": 2,
            "bbox": [
                [
                    710,
                    285
                ],
                [
                    792,
                    285
                ],
                [
                    792,
                    317
                ],
                [
                    710,
                    317
                ]
            ],
            "text": "5252",
            "label": "I_Descri"
        },
        {
            "index": 3,
            "bbox": [
                [
                    518,
                    342
                ],
                [
                    657,
                    342
                ],
                [
                    657,
                    372
                ],
                [
                    518,
                    372
                ]
            ],
            "text": "Description:",
            "label": "B_Descri"
        },
        {
            "index": 4,
            "bbox": [
                [
                    657,
                    342
                ],
                [
                    698,
                    342
                ],
                [
                    698,
                    370
                ],
                [
                    657,
                    370
                ]
            ],
            "text": "1/2",
            "label": "I_Descri"
        },
        {
            "index": 5,
            "bbox": [
                [
                    698,
                    344
                ],
                [
                    828,
                    344
                ],
                [
                    828,
                    367
                ],
                [
                    698,
                    367
                ]
            ],
            "text": "NON-INSUL",
            "label": "I_Descri"
        },
        {
            "index": 6,
            "bbox": [
                [
                    826,
                    342
                ],
                [
                    863,
                    342
                ],
                [
                    863,
                    367
                ],
                [
                    826,
                    367
                ]
            ],
            "text": "90",
            "label": "I_Descri"
        },
        {
            "index": 7,
            "bbox": [
                [
                    863,
                    344
                ],
                [
                    913,
                    344
                ],
                [
                    913,
                    367
                ],
                [
                    863,
                    367
                ]
            ],
            "text": "DEG",
            "label": "I_Descri"
        },
        {
            "index": 8,
            "bbox": [
                [
                    913,
                    342
                ],
                [
                    947,
                    342
                ],
                [
                    947,
                    370
                ],
                [
                    913,
                    370
                ]
            ],
            "text": "LT",
            "label": "I_Descri"
        },
        {
            "index": 9,
            "bbox": [
                [
                    945,
                    344
                ],
                [
                    1016,
                    344
                ],
                [
                    1016,
                    367
                ],
                [
                    945,
                    367
                ]
            ],
            "text": "CONN",
            "label": "I_Descri"
        },
        {
            "index": 10,
            "bbox": [
                [
                    518,
                    404
                ],
                [
                    568,
                    404
                ],
                [
                    568,
                    429
                ],
                [
                    518,
                    429
                ]
            ],
            "text": "UPC",
            "label": "Out"
        },
        {
            "index": 11,
            "bbox": [
                [
                    568,
                    404
                ],
                [
                    607,
                    404
                ],
                [
                    607,
                    429
                ],
                [
                    568,
                    429
                ]
            ],
            "text": "No",
            "label": "Out"
        },
        {
            "index": 12,
            "bbox": [
                [
                    602,
                    402
                ],
                [
                    776,
                    402
                ],
                [
                    776,
                    431
                ],
                [
                    602,
                    431
                ]
            ],
            "text": "786210052526",
            "label": "B_Ref"
        },
        {
            "index": 13,
            "bbox": [
                [
                    518,
                    475
                ],
                [
                    586,
                    475
                ],
                [
                    586,
                    500
                ],
                [
                    518,
                    500
                ]
            ],
            "text": "Home",
            "label": "B_Descri"
        },
        {
            "index": 14,
            "bbox": [
                [
                    588,
                    479
                ],
                [
                    609,
                    479
                ],
                [
                    609,
                    497
                ],
                [
                    588,
                    497
                ]
            ],
            "text": ">",
            "label": "I_Descri"
        },
        {
            "index": 15,
            "bbox": [
                [
                    607,
                    470
                ],
                [
                    682,
                    470
                ],
                [
                    682,
                    502
                ],
                [
                    607,
                    502
                ]
            ],
            "text": "Cable",
            "label": "I_Descri"
        },
        {
            "index": 16,
            "bbox": [
                [
                    675,
                    472
                ],
                [
                    801,
                    472
                ],
                [
                    801,
                    502
                ],
                [
                    675,
                    502
                ]
            ],
            "text": "Protection",
            "label": "I_Descri"
        },
        {
            "index": 17,
            "bbox": [
                [
                    799,
                    477
                ],
                [
                    897,
                    477
                ],
                [
                    897,
                    500
                ],
                [
                    799,
                    500
                ]
            ],
            "text": "Systems",
            "label": "I_Descri"
        },
        {
            "index": 18,
            "bbox": [
                [
                    897,
                    475
                ],
                [
                    922,
                    475
                ],
                [
                    922,
                    502
                ],
                [
                    897,
                    502
                ]
            ],
            "text": ">",
            "label": "I_Descri"
        },
        {
            "index": 19,
            "bbox": [
                [
                    920,
                    475
                ],
                [
                    972,
                    475
                ],
                [
                    972,
                    500
                ],
                [
                    920,
                    500
                ]
            ],
            "text": "T&B",
            "label": "I_Descri"
        },
        {
            "index": 20,
            "bbox": [
                [
                    972,
                    472
                ],
                [
                    1100,
                    472
                ],
                [
                    1100,
                    504
                ],
                [
                    972,
                    504
                ]
            ],
            "text": "Liquidtight",
            "label": "I_Descri"
        },
        {
            "index": 21,
            "bbox": [
                [
                    1100,
                    472
                ],
                [
                    1191,
                    472
                ],
                [
                    1191,
                    504
                ],
                [
                    1100,
                    504
                ]
            ],
            "text": "Fittings",
            "label": "I_Descri"
        },
        {
            "index": 22,
            "bbox": [
                [
                    1189,
                    475
                ],
                [
                    1214,
                    475
                ],
                [
                    1214,
                    502
                ],
                [
                    1189,
                    502
                ]
            ],
            "text": ">",
            "label": "I_Descri"
        },
        {
            "index": 23,
            "bbox": [
                [
                    1212,
                    472
                ],
                [
                    1290,
                    472
                ],
                [
                    1290,
                    504
                ],
                [
                    1212,
                    504
                ]
            ],
            "text": "Liquid",
            "label": "I_Descri"
        },
        {
            "index": 24,
            "bbox": [
                [
                    1285,
                    472
                ],
                [
                    1351,
                    472
                ],
                [
                    1351,
                    504
                ],
                [
                    1285,
                    504
                ]
            ],
            "text": "tight",
            "label": "I_Descri"
        },
        {
            "index": 25,
            "bbox": [
                [
                    1345,
                    472
                ],
                [
                    1479,
                    472
                ],
                [
                    1479,
                    502
                ],
                [
                    1345,
                    502
                ]
            ],
            "text": "connectors",
            "label": "I_Descri"
        },
        {
            "index": 26,
            "bbox": [
                [
                    518,
                    543
                ],
                [
                    630,
                    543
                ],
                [
                    630,
                    575
                ],
                [
                    518,
                    575
                ]
            ],
            "text": "Liquidtight",
            "label": "B_Descri"
        },
        {
            "index": 27,
            "bbox": [
                [
                    625,
                    543
                ],
                [
                    712,
                    543
                ],
                [
                    712,
                    573
                ],
                [
                    625,
                    573
                ]
            ],
            "text": "Conduit",
            "label": "I_Descri"
        },
        {
            "index": 28,
            "bbox": [
                [
                    707,
                    543
                ],
                [
                    785,
                    543
                ],
                [
                    785,
                    575
                ],
                [
                    707,
                    575
                ]
            ],
            "text": "Fitting,",
            "label": "I_Descri"
        },
        {
            "index": 29,
            "bbox": [
                [
                    783,
                    545
                ],
                [
                    815,
                    545
                ],
                [
                    815,
                    571
                ],
                [
                    783,
                    571
                ]
            ],
            "text": "90",
            "label": "I_Descri"
        },
        {
            "index": 30,
            "bbox": [
                [
                    812,
                    543
                ],
                [
                    892,
                    543
                ],
                [
                    892,
                    575
                ],
                [
                    812,
                    575
                ]
            ],
            "text": "Degree",
            "label": "I_Descri"
        },
        {
            "index": 31,
            "bbox": [
                [
                    892,
                    545
                ],
                [
                    929,
                    545
                ],
                [
                    929,
                    571
                ],
                [
                    892,
                    571
                ]
            ],
            "text": "1/2",
            "label": "I_Descri"
        },
        {
            "index": 32,
            "bbox": [
                [
                    929,
                    545
                ],
                [
                    981,
                    545
                ],
                [
                    981,
                    571
                ],
                [
                    929,
                    571
                ]
            ],
            "text": "Inch,",
            "label": "I_Descri"
        },
        {
            "index": 33,
            "bbox": [
                [
                    979,
                    543
                ],
                [
                    1125,
                    543
                ],
                [
                    1125,
                    573
                ],
                [
                    979,
                    573
                ]
            ],
            "text": "Non-Insulated",
            "label": "I_Descri"
        },
        {
            "index": 34,
            "bbox": [
                [
                    1121,
                    543
                ],
                [
                    1226,
                    543
                ],
                [
                    1226,
                    573
                ],
                [
                    1121,
                    573
                ]
            ],
            "text": "Malleable",
            "label": "I_Descri"
        },
        {
            "index": 35,
            "bbox": [
                [
                    1223,
                    545
                ],
                [
                    1267,
                    545
                ],
                [
                    1267,
                    571
                ],
                [
                    1223,
                    571
                ]
            ],
            "text": "Iron",
            "label": "I_Descri"
        },
        {
            "index": 36,
            "bbox": [
                [
                    72,
                    616
                ],
                [
                    230,
                    616
                ],
                [
                    230,
                    646
                ],
                [
                    72,
                    646
                ]
            ],
            "text": "Representative",
            "label": "Out"
        },
        {
            "index": 37,
            "bbox": [
                [
                    228,
                    616
                ],
                [
                    298,
                    616
                ],
                [
                    298,
                    648
                ],
                [
                    228,
                    648
                ]
            ],
            "text": "Image",
            "label": "Out"
        },
        {
            "index": 38,
            "bbox": [
                [
                    68,
                    753
                ],
                [
                    216,
                    753
                ],
                [
                    216,
                    783
                ],
                [
                    68,
                    783
                ]
            ],
            "text": "Descriptors",
            "label": "B_Section"
        },
        {
            "index": 39,
            "bbox": [
                [
                    68,
                    815
                ],
                [
                    175,
                    815
                ],
                [
                    175,
                    849
                ],
                [
                    68,
                    849
                ]
            ],
            "text": "Category",
            "label": "B_Prop"
        },
        {
            "index": 40,
            "bbox": [
                [
                    844,
                    815
                ],
                [
                    917,
                    815
                ],
                [
                    917,
                    847
                ],
                [
                    844,
                    847
                ]
            ],
            "text": "Liquid",
            "label": "B_Value"
        },
        {
            "index": 41,
            "bbox": [
                [
                    917,
                    815
                ],
                [
                    979,
                    815
                ],
                [
                    979,
                    847
                ],
                [
                    917,
                    847
                ]
            ],
            "text": "tight",
            "label": "I_Value"
        },
        {
            "index": 42,
            "bbox": [
                [
                    974,
                    815
                ],
                [
                    1109,
                    815
                ],
                [
                    1109,
                    845
                ],
                [
                    974,
                    845
                ]
            ],
            "text": "connectors",
            "label": "I_Value"
        },
        {
            "index": 43,
            "bbox": [
                [
                    65,
                    854
                ],
                [
                    132,
                    854
                ],
                [
                    132,
                    886
                ],
                [
                    65,
                    886
                ]
            ],
            "text": "Type",
            "label": "B_Prop"
        },
        {
            "index": 44,
            "bbox": [
                [
                    844,
                    854
                ],
                [
                    1016,
                    854
                ],
                [
                    1016,
                    883
                ],
                [
                    844,
                    883
                ]
            ],
            "text": "Connectors-90",
            "label": "B_Value"
        },
        {
            "index": 45,
            "bbox": [
                [
                    1013,
                    854
                ],
                [
                    1102,
                    854
                ],
                [
                    1102,
                    888
                ],
                [
                    1013,
                    888
                ]
            ],
            "text": "Degree",
            "label": "I_Value"
        },
        {
            "index": 46,
            "bbox": [
                [
                    842,
                    883
                ],
                [
                    908,
                    883
                ],
                [
                    908,
                    915
                ],
                [
                    842,
                    915
                ]
            ],
            "text": "Used",
            "label": "B_Value"
        },
        {
            "index": 47,
            "bbox": [
                [
                    904,
                    883
                ],
                [
                    986,
                    883
                ],
                [
                    986,
                    915
                ],
                [
                    904,
                    915
                ]
            ],
            "text": "where",
            "label": "I_Value"
        },
        {
            "index": 48,
            "bbox": [
                [
                    981,
                    883
                ],
                [
                    1073,
                    883
                ],
                [
                    1073,
                    915
                ],
                [
                    981,
                    915
                ]
            ],
            "text": "flexible",
            "label": "I_Value"
        },
        {
            "index": 49,
            "bbox": [
                [
                    1068,
                    883
                ],
                [
                    1144,
                    883
                ],
                [
                    1144,
                    915
                ],
                [
                    1068,
                    915
                ]
            ],
            "text": "metal",
            "label": "I_Value"
        },
        {
            "index": 50,
            "bbox": [
                [
                    1141,
                    888
                ],
                [
                    1244,
                    888
                ],
                [
                    1244,
                    918
                ],
                [
                    1141,
                    918
                ]
            ],
            "text": "raceway",
            "label": "I_Value"
        },
        {
            "index": 51,
            "bbox": [
                [
                    1242,
                    883
                ],
                [
                    1269,
                    883
                ],
                [
                    1269,
                    915
                ],
                [
                    1242,
                    915
                ]
            ],
            "text": "is",
            "label": "I_Value"
        },
        {
            "index": 52,
            "bbox": [
                [
                    1265,
                    883
                ],
                [
                    1367,
                    883
                ],
                [
                    1367,
                    915
                ],
                [
                    1265,
                    915
                ]
            ],
            "text": "installed",
            "label": "I_Value"
        },
        {
            "index": 53,
            "bbox": [
                [
                    1365,
                    886
                ],
                [
                    1397,
                    886
                ],
                [
                    1397,
                    915
                ],
                [
                    1365,
                    915
                ]
            ],
            "text": "in",
            "label": "I_Value"
        },
        {
            "index": 54,
            "bbox": [
                [
                    1392,
                    883
                ],
                [
                    1491,
                    883
                ],
                [
                    1491,
                    915
                ],
                [
                    1392,
                    915
                ]
            ],
            "text": "outdoor",
            "label": "I_Value"
        },
        {
            "index": 55,
            "bbox": [
                [
                    1486,
                    888
                ],
                [
                    1523,
                    888
                ],
                [
                    1523,
                    915
                ],
                [
                    1486,
                    915
                ]
            ],
            "text": "or",
            "label": "I_Value"
        },
        {
            "index": 56,
            "bbox": [
                [
                    1518,
                    883
                ],
                [
                    1598,
                    883
                ],
                [
                    1598,
                    915
                ],
                [
                    1518,
                    915
                ]
            ],
            "text": "indoor",
            "label": "I_Value"
        },
        {
            "index": 57,
            "bbox": [
                [
                    68,
                    899
                ],
                [
                    198,
                    899
                ],
                [
                    198,
                    931
                ],
                [
                    68,
                    931
                ]
            ],
            "text": "Application",
            "label": "B_Prop"
        },
        {
            "index": 58,
            "bbox": [
                [
                    842,
                    911
                ],
                [
                    954,
                    911
                ],
                [
                    954,
                    943
                ],
                [
                    842,
                    943
                ]
            ],
            "text": "locations",
            "label": "I_Value"
        },
        {
            "index": 59,
            "bbox": [
                [
                    949,
                    909
                ],
                [
                    1029,
                    909
                ],
                [
                    1029,
                    943
                ],
                [
                    949,
                    943
                ]
            ],
            "text": "where",
            "label": "I_Value"
        },
        {
            "index": 60,
            "bbox": [
                [
                    1025,
                    911
                ],
                [
                    1128,
                    911
                ],
                [
                    1128,
                    943
                ],
                [
                    1025,
                    943
                ]
            ],
            "text": "exposed",
            "label": "I_Value"
        },
        {
            "index": 61,
            "bbox": [
                [
                    1125,
                    913
                ],
                [
                    1159,
                    913
                ],
                [
                    1159,
                    941
                ],
                [
                    1125,
                    941
                ]
            ],
            "text": "to",
            "label": "I_Value"
        },
        {
            "index": 62,
            "bbox": [
                [
                    1155,
                    911
                ],
                [
                    1290,
                    911
                ],
                [
                    1290,
                    941
                ],
                [
                    1155,
                    941
                ]
            ],
            "text": "continuous",
            "label": "I_Value"
        },
        {
            "index": 63,
            "bbox": [
                [
                    1283,
                    913
                ],
                [
                    1317,
                    913
                ],
                [
                    1317,
                    941
                ],
                [
                    1283,
                    941
                ]
            ],
            "text": "or",
            "label": "I_Value"
        },
        {
            "index": 64,
            "bbox": [
                [
                    1315,
                    911
                ],
                [
                    1459,
                    911
                ],
                [
                    1459,
                    941
                ],
                [
                    1315,
                    941
                ]
            ],
            "text": "intermittent",
            "label": "I_Value"
        },
        {
            "index": 65,
            "bbox": [
                [
                    1454,
                    911
                ],
                [
                    1568,
                    911
                ],
                [
                    1568,
                    941
                ],
                [
                    1454,
                    941
                ]
            ],
            "text": "moisture.",
            "label": "I_Value"
        },
        {
            "index": 66,
            "bbox": [
                [
                    68,
                    995
                ],
                [
                    248,
                    995
                ],
                [
                    248,
                    1027
                ],
                [
                    68,
                    1027
                ]
            ],
            "text": "Specifications",
            "label": "B_Section"
        },
        {
            "index": 67,
            "bbox": [
                [
                    68,
                    1062
                ],
                [
                    164,
                    1062
                ],
                [
                    164,
                    1084
                ],
                [
                    68,
                    1084
                ]
            ],
            "text": "Material",
            "label": "B_Prop"
        },
        {
            "index": 68,
            "bbox": [
                [
                    842,
                    1059
                ],
                [
                    961,
                    1059
                ],
                [
                    961,
                    1089
                ],
                [
                    842,
                    1089
                ]
            ],
            "text": "Malleable",
            "label": "B_Value"
        },
        {
            "index": 69,
            "bbox": [
                [
                    958,
                    1059
                ],
                [
                    1009,
                    1059
                ],
                [
                    1009,
                    1087
                ],
                [
                    958,
                    1087
                ]
            ],
            "text": "Iron",
            "label": "I_Value"
        },
        {
            "index": 70,
            "bbox": [
                [
                    68,
                    1100
                ],
                [
                    138,
                    1100
                ],
                [
                    138,
                    1126
                ],
                [
                    68,
                    1126
                ]
            ],
            "text": "Finish",
            "label": "B_Prop"
        },
        {
            "index": 71,
            "bbox": [
                [
                    844,
                    1098
                ],
                [
                    931,
                    1098
                ],
                [
                    931,
                    1128
                ],
                [
                    844,
                    1128
                ]
            ],
            "text": "Electro",
            "label": "B_Value"
        },
        {
            "index": 72,
            "bbox": [
                [
                    927,
                    1096
                ],
                [
                    986,
                    1096
                ],
                [
                    986,
                    1128
                ],
                [
                    927,
                    1128
                ]
            ],
            "text": "Zinc",
            "label": "I_Value"
        },
        {
            "index": 73,
            "bbox": [
                [
                    984,
                    1098
                ],
                [
                    1178,
                    1098
                ],
                [
                    1178,
                    1128
                ],
                [
                    984,
                    1128
                ]
            ],
            "text": "Plated/Chromate",
            "label": "I_Value"
        },
        {
            "index": 74,
            "bbox": [
                [
                    1178,
                    1098
                ],
                [
                    1269,
                    1098
                ],
                [
                    1269,
                    1130
                ],
                [
                    1178,
                    1130
                ]
            ],
            "text": "Coating",
            "label": "I_Value"
        },
        {
            "index": 75,
            "bbox": [
                [
                    65,
                    1190
                ],
                [
                    255,
                    1190
                ],
                [
                    255,
                    1219
                ],
                [
                    65,
                    1219
                ]
            ],
            "text": "Classifications",
            "label": "B_Section"
        },
        {
            "index": 76,
            "bbox": [
                [
                    68,
                    1256
                ],
                [
                    141,
                    1256
                ],
                [
                    141,
                    1281
                ],
                [
                    68,
                    1281
                ]
            ],
            "text": "Brand",
            "label": "B_Prop"
        },
        {
            "index": 77,
            "bbox": [
                [
                    141,
                    1256
                ],
                [
                    214,
                    1256
                ],
                [
                    214,
                    1281
                ],
                [
                    141,
                    1281
                ]
            ],
            "text": "Name",
            "label": "I_Prop"
        },
        {
            "index": 78,
            "bbox": [
                [
                    840,
                    1254
                ],
                [
                    899,
                    1254
                ],
                [
                    899,
                    1285
                ],
                [
                    840,
                    1285
                ]
            ],
            "text": "T&B",
            "label": "B_Value"
        },
        {
            "index": 79,
            "bbox": [
                [
                    899,
                    1254
                ],
                [
                    1025,
                    1254
                ],
                [
                    1025,
                    1288
                ],
                [
                    899,
                    1288
                ]
            ],
            "text": "Liquidtight",
            "label": "I_Value"
        },
        {
            "index": 80,
            "bbox": [
                [
                    1025,
                    1254
                ],
                [
                    1114,
                    1254
                ],
                [
                    1114,
                    1288
                ],
                [
                    1025,
                    1288
                ]
            ],
            "text": "Fittings",
            "label": "I_Value"
        },
        {
            "index": 81,
            "bbox": [
                [
                    68,
                    1292
                ],
                [
                    177,
                    1292
                ],
                [
                    177,
                    1322
                ],
                [
                    68,
                    1322
                ]
            ],
            "text": "Standard",
            "label": "B_Prop"
        },
        {
            "index": 82,
            "bbox": [
                [
                    844,
                    1295
                ],
                [
                    881,
                    1295
                ],
                [
                    881,
                    1322
                ],
                [
                    844,
                    1322
                ]
            ],
            "text": "UL",
            "label": "B_Value"
        },
        {
            "index": 83,
            "bbox": [
                [
                    879,
                    1292
                ],
                [
                    979,
                    1292
                ],
                [
                    979,
                    1324
                ],
                [
                    879,
                    1324
                ]
            ],
            "text": "E23018,",
            "label": "I_Value"
        },
        {
            "index": 84,
            "bbox": [
                [
                    977,
                    1292
                ],
                [
                    1034,
                    1292
                ],
                [
                    1034,
                    1324
                ],
                [
                    977,
                    1324
                ]
            ],
            "text": "CSA",
            "label": "I_Value"
        },
        {
            "index": 85,
            "bbox": [
                [
                    68,
                    1384
                ],
                [
                    218,
                    1384
                ],
                [
                    218,
                    1413
                ],
                [
                    68,
                    1413
                ]
            ],
            "text": "Dimensions",
            "label": "B_Section"
        },
        {
            "index": 86,
            "bbox": [
                [
                    68,
                    1450
                ],
                [
                    120,
                    1450
                ],
                [
                    120,
                    1475
                ],
                [
                    68,
                    1475
                ]
            ],
            "text": "Size",
            "label": "B_Prop"
        },
        {
            "index": 87,
            "bbox": [
                [
                    844,
                    1450
                ],
                [
                    888,
                    1450
                ],
                [
                    888,
                    1477
                ],
                [
                    844,
                    1477
                ]
            ],
            "text": "1/2",
            "label": "B_Value"
        },
        {
            "index": 88,
            "bbox": [
                [
                    885,
                    1445
                ],
                [
                    942,
                    1445
                ],
                [
                    942,
                    1477
                ],
                [
                    885,
                    1477
                ]
            ],
            "text": "Inch",
            "label": "I_Value"
        },
        {
            "index": 89,
            "bbox": [
                [
                    68,
                    1541
                ],
                [
                    218,
                    1541
                ],
                [
                    218,
                    1573
                ],
                [
                    68,
                    1573
                ]
            ],
            "text": "Compliance",
            "label": "B_Section"
        },
        {
            "index": 90,
            "bbox": [
                [
                    221,
                    1541
                ],
                [
                    273,
                    1541
                ],
                [
                    273,
                    1566
                ],
                [
                    221,
                    1566
                ]
            ],
            "text": "and",
            "label": "I_Section"
        },
        {
            "index": 91,
            "bbox": [
                [
                    273,
                    1539
                ],
                [
                    449,
                    1539
                ],
                [
                    449,
                    1569
                ],
                [
                    273,
                    1569
                ]
            ],
            "text": "Certifications",
            "label": "I_Section"
        },
        {
            "index": 92,
            "bbox": [
                [
                    65,
                    1603
                ],
                [
                    136,
                    1603
                ],
                [
                    136,
                    1635
                ],
                [
                    65,
                    1635
                ]
            ],
            "text": "RoHS",
            "label": "B_Prop"
        },
        {
            "index": 93,
            "bbox": [
                [
                    842,
                    1603
                ],
                [
                    927,
                    1603
                ],
                [
                    927,
                    1635
                ],
                [
                    842,
                    1635
                ]
            ],
            "text": "RoHS3",
            "label": "B_Value"
        },
        {
            "index": 94,
            "bbox": [
                [
                    924,
                    1605
                ],
                [
                    1048,
                    1605
                ],
                [
                    1048,
                    1637
                ],
                [
                    924,
                    1637
                ]
            ],
            "text": "Compliant",
            "label": "I_Value"
        },
        {
            "index": 95,
            "bbox": [
                [
                    63,
                    1642
                ],
                [
                    136,
                    1642
                ],
                [
                    136,
                    1674
                ],
                [
                    63,
                    1674
                ]
            ],
            "text": "TSCA",
            "label": "B_Prop"
        },
        {
            "index": 96,
            "bbox": [
                [
                    842,
                    1642
                ],
                [
                    913,
                    1642
                ],
                [
                    913,
                    1674
                ],
                [
                    842,
                    1674
                ]
            ],
            "text": "TSCA",
            "label": "B_Value"
        },
        {
            "index": 97,
            "bbox": [
                [
                    908,
                    1642
                ],
                [
                    1002,
                    1642
                ],
                [
                    1002,
                    1674
                ],
                [
                    908,
                    1674
                ]
            ],
            "text": "Section",
            "label": "I_Value"
        },
        {
            "index": 98,
            "bbox": [
                [
                    997,
                    1642
                ],
                [
                    1054,
                    1642
                ],
                [
                    1054,
                    1676
                ],
                [
                    997,
                    1676
                ]
            ],
            "text": "6(h)",
            "label": "I_Value"
        },
        {
            "index": 99,
            "bbox": [
                [
                    1052,
                    1644
                ],
                [
                    1173,
                    1644
                ],
                [
                    1173,
                    1676
                ],
                [
                    1052,
                    1676
                ]
            ],
            "text": "Compliant",
            "label": "I_Value"
        },
        {
            "index": 100,
            "bbox": [
                [
                    68,
                    1736
                ],
                [
                    68,
                    1762
                ],
                [
                    134,
                    1762
                ],
                [
                    134,
                    1736
                ]
            ],
            "text": "ETIM",
            "label": "B_Section"
        },
        {
            "index": 101,
            "bbox": [
                [
                    134,
                    1733
                ],
                [
                    310,
                    1733
                ],
                [
                    310,
                    1763
                ],
                [
                    134,
                    1763
                ]
            ],
            "text": "Classification",
            "label": "I_Section"
        },
        {
            "index": 102,
            "bbox": [
                [
                    68,
                    1783
                ],
                [
                    127,
                    1783
                ],
                [
                    127,
                    1809
                ],
                [
                    68,
                    1809
                ]
            ],
            "text": "ETIM",
            "label": "B_Prop"
        },
        {
            "index": 103,
            "bbox": [
                [
                    844,
                    1781
                ],
                [
                    968,
                    1781
                ],
                [
                    968,
                    1811
                ],
                [
                    844,
                    1811
                ]
            ],
            "text": "EC001180",
            "label": "B_Value"
        },
        {
            "index": 104,
            "bbox": [
                [
                    965,
                    1783
                ],
                [
                    1041,
                    1783
                ],
                [
                    1041,
                    1809
                ],
                [
                    965,
                    1809
                ]
            ],
            "text": "Screw",
            "label": "I_Value"
        },
        {
            "index": 105,
            "bbox": [
                [
                    1041,
                    1783
                ],
                [
                    1169,
                    1783
                ],
                [
                    1169,
                    1806
                ],
                [
                    1041,
                    1806
                ]
            ],
            "text": "connection",
            "label": "I_Value"
        },
        {
            "index": 106,
            "bbox": [
                [
                    1169,
                    1781
                ],
                [
                    1207,
                    1781
                ],
                [
                    1207,
                    1811
                ],
                [
                    1169,
                    1811
                ]
            ],
            "text": "for",
            "label": "I_Value"
        },
        {
            "index": 107,
            "bbox": [
                [
                    1207,
                    1781
                ],
                [
                    1329,
                    1781
                ],
                [
                    1329,
                    1813
                ],
                [
                    1207,
                    1813
                ]
            ],
            "text": "protective",
            "label": "I_Value"
        },
        {
            "index": 108,
            "bbox": [
                [
                    1326,
                    1781
                ],
                [
                    1424,
                    1781
                ],
                [
                    1424,
                    1811
                ],
                [
                    1326,
                    1811
                ]
            ],
            "text": "metallic",
            "label": "I_Value"
        },
        {
            "index": 109,
            "bbox": [
                [
                    1420,
                    1779
                ],
                [
                    1484,
                    1779
                ],
                [
                    1484,
                    1811
                ],
                [
                    1420,
                    1811
                ]
            ],
            "text": "hose",
            "label": "I_Value"
        },
        {
            "index": 110,
            "bbox": [
                [
                    65,
                    1820
                ],
                [
                    168,
                    1820
                ],
                [
                    168,
                    1850
                ],
                [
                    65,
                    1850
                ]
            ],
            "text": "Nominal",
            "label": "B_Prop"
        },
        {
            "index": 111,
            "bbox": [
                [
                    166,
                    1822
                ],
                [
                    216,
                    1822
                ],
                [
                    216,
                    1847
                ],
                [
                    166,
                    1847
                ]
            ],
            "text": "size",
            "label": "I_Prop"
        },
        {
            "index": 112,
            "bbox": [
                [
                    216,
                    1820
                ],
                [
                    246,
                    1820
                ],
                [
                    246,
                    1850
                ],
                [
                    216,
                    1850
                ]
            ],
            "text": "in",
            "label": "I_Prop"
        },
        {
            "index": 113,
            "bbox": [
                [
                    241,
                    1818
                ],
                [
                    298,
                    1818
                ],
                [
                    298,
                    1850
                ],
                [
                    241,
                    1850
                ]
            ],
            "text": "inch",
            "label": "I_Prop"
        },
        {
            "index": 114,
            "bbox": [
                [
                    844,
                    1822
                ],
                [
                    888,
                    1822
                ],
                [
                    888,
                    1850
                ],
                [
                    844,
                    1850
                ]
            ],
            "text": "1/2",
            "label": "B_Value"
        },
        {
            "index": 115,
            "bbox": [
                [
                    885,
                    1818
                ],
                [
                    942,
                    1818
                ],
                [
                    942,
                    1850
                ],
                [
                    885,
                    1850
                ]
            ],
            "text": "inch",
            "label": "I_Value"
        },
        {
            "index": 116,
            "bbox": [
                [
                    65,
                    1857
                ],
                [
                    143,
                    1857
                ],
                [
                    143,
                    1889
                ],
                [
                    65,
                    1889
                ]
            ],
            "text": "Model",
            "label": "B_Prop"
        },
        {
            "index": 117,
            "bbox": [
                [
                    844,
                    1859
                ],
                [
                    965,
                    1859
                ],
                [
                    965,
                    1889
                ],
                [
                    844,
                    1889
                ]
            ],
            "text": "90°-elbow",
            "label": "B_Value"
        },
        {
            "index": 118,
            "bbox": [
                [
                    68,
                    1900
                ],
                [
                    184,
                    1900
                ],
                [
                    184,
                    1930
                ],
                [
                    68,
                    1930
                ]
            ],
            "text": "Revolving",
            "label": "B_Prop"
        },
        {
            "index": 119,
            "bbox": [
                [
                    184,
                    1900
                ],
                [
                    266,
                    1900
                ],
                [
                    266,
                    1927
                ],
                [
                    184,
                    1927
                ]
            ],
            "text": "thread",
            "label": "I_Prop"
        },
        {
            "index": 120,
            "bbox": [
                [
                    842,
                    1898
                ],
                [
                    869,
                    1898
                ],
                [
                    869,
                    1930
                ],
                [
                    842,
                    1930
                ]
            ],
            "text": "N",
            "label": "B_Value"
        },
        {
            "index": 121,
            "bbox": [
                [
                    65,
                    1936
                ],
                [
                    216,
                    1936
                ],
                [
                    216,
                    1966
                ],
                [
                    65,
                    1966
                ]
            ],
            "text": "Construction",
            "label": "B_Prop"
        },
        {
            "index": 122,
            "bbox": [
                [
                    214,
                    1936
                ],
                [
                    273,
                    1936
                ],
                [
                    273,
                    1971
                ],
                [
                    214,
                    1971
                ]
            ],
            "text": "type",
            "label": "I_Prop"
        },
        {
            "index": 123,
            "bbox": [
                [
                    842,
                    1936
                ],
                [
                    945,
                    1936
                ],
                [
                    945,
                    1966
                ],
                [
                    842,
                    1966
                ]
            ],
            "text": "External",
            "label": "B_Value"
        },
        {
            "index": 124,
            "bbox": [
                [
                    940,
                    1934
                ],
                [
                    1027,
                    1934
                ],
                [
                    1027,
                    1966
                ],
                [
                    940,
                    1966
                ]
            ],
            "text": "thread",
            "label": "I_Value"
        },
        {
            "index": 125,
            "bbox": [
                [
                    65,
                    1975
                ],
                [
                    200,
                    1975
                ],
                [
                    200,
                    2005
                ],
                [
                    65,
                    2005
                ]
            ],
            "text": "Connection",
            "label": "B_Prop"
        },
        {
            "index": 126,
            "bbox": [
                [
                    198,
                    1978
                ],
                [
                    260,
                    1978
                ],
                [
                    260,
                    2010
                ],
                [
                    198,
                    2010
                ]
            ],
            "text": "type",
            "label": "I_Prop"
        },
        {
            "index": 127,
            "bbox": [
                [
                    257,
                    1980
                ],
                [
                    328,
                    1980
                ],
                [
                    328,
                    2005
                ],
                [
                    257,
                    2005
                ]
            ],
            "text": "screw",
            "label": "I_Prop"
        },
        {
            "index": 128,
            "bbox": [
                [
                    326,
                    1975
                ],
                [
                    458,
                    1975
                ],
                [
                    458,
                    2005
                ],
                [
                    326,
                    2005
                ]
            ],
            "text": "connection",
            "label": "I_Prop"
        },
        {
            "index": 129,
            "bbox": [
                [
                    456,
                    1978
                ],
                [
                    488,
                    1978
                ],
                [
                    488,
                    2005
                ],
                [
                    456,
                    2005
                ]
            ],
            "text": "to",
            "label": "I_Prop"
        },
        {
            "index": 130,
            "bbox": [
                [
                    488,
                    1978
                ],
                [
                    582,
                    1978
                ],
                [
                    582,
                    2010
                ],
                [
                    488,
                    2010
                ]
            ],
            "text": "housing",
            "label": "I_Prop"
        },
        {
            "index": 131,
            "bbox": [
                [
                    842,
                    1975
                ],
                [
                    931,
                    1975
                ],
                [
                    931,
                    2005
                ],
                [
                    842,
                    2005
                ]
            ],
            "text": "Thread",
            "label": "B_Value"
        },
        {
            "index": 132,
            "bbox": [
                [
                    65,
                    2014
                ],
                [
                    154,
                    2014
                ],
                [
                    154,
                    2044
                ],
                [
                    65,
                    2044
                ]
            ],
            "text": "Thread",
            "label": "B_Prop"
        },
        {
            "index": 133,
            "bbox": [
                [
                    150,
                    2016
                ],
                [
                    212,
                    2016
                ],
                [
                    212,
                    2051
                ],
                [
                    150,
                    2051
                ]
            ],
            "text": "type",
            "label": "I_Prop"
        },
        {
            "index": 134,
            "bbox": [
                [
                    842,
                    2014
                ],
                [
                    899,
                    2014
                ],
                [
                    899,
                    2046
                ],
                [
                    842,
                    2046
                ]
            ],
            "text": "NPT",
            "label": "B_Value"
        },
        {
            "index": 135,
            "bbox": [
                [
                    65,
                    2053
                ],
                [
                    154,
                    2053
                ],
                [
                    154,
                    2083
                ],
                [
                    65,
                    2083
                ]
            ],
            "text": "Thread",
            "label": "B_Prop"
        },
        {
            "index": 136,
            "bbox": [
                [
                    152,
                    2053
                ],
                [
                    282,
                    2053
                ],
                [
                    282,
                    2083
                ],
                [
                    152,
                    2083
                ]
            ],
            "text": "connection",
            "label": "I_Prop"
        },
        {
            "index": 137,
            "bbox": [
                [
                    278,
                    2053
                ],
                [
                    335,
                    2053
                ],
                [
                    335,
                    2085
                ],
                [
                    278,
                    2085
                ]
            ],
            "text": "size",
            "label": "I_Prop"
        },
        {
            "index": 138,
            "bbox": [
                [
                    842,
                    2053
                ],
                [
                    917,
                    2053
                ],
                [
                    917,
                    2085
                ],
                [
                    842,
                    2085
                ]
            ],
            "text": "Other",
            "label": "B_Value"
        },
        {
            "index": 139,
            "bbox": [
                [
                    88,
                    2204
                ],
                [
                    381,
                    2204
                ],
                [
                    381,
                    2227
                ],
                [
                    88,
                    2227
                ]
            ],
            "text": "electrification.us.abb.com",
            "label": "Out"
        },
        {
            "index": 140,
            "bbox": [
                [
                    1335,
                    2201
                ],
                [
                    1434,
                    2201
                ],
                [
                    1434,
                    2231
                ],
                [
                    1335,
                    2231
                ]
            ],
            "text": "Created",
            "label": "B_Prop"
        },
        {
            "index": 141,
            "bbox": [
                [
                    1429,
                    2206
                ],
                [
                    1475,
                    2206
                ],
                [
                    1475,
                    2231
                ],
                [
                    1429,
                    2231
                ]
            ],
            "text": "on:",
            "label": "I_Prop"
        },
        {
            "index": 142,
            "bbox": [
                [
                    1470,
                    2201
                ],
                [
                    1603,
                    2201
                ],
                [
                    1603,
                    2231
                ],
                [
                    1470,
                    2231
                ]
            ],
            "text": "05/31/2024",
            "label": "B_Value"
        },
        {
            "index": 143,
            "bbox": [
                [
                    90,
                    2240
                ],
                [
                    182,
                    2240
                ],
                [
                    182,
                    2272
                ],
                [
                    90,
                    2272
                ]
            ],
            "text": "Catalog",
            "label": "Out"
        },
        {
            "index": 144,
            "bbox": [
                [
                    182,
                    2240
                ],
                [
                    225,
                    2240
                ],
                [
                    225,
                    2268
                ],
                [
                    182,
                    2268
                ]
            ],
            "text": "No.",
            "label": "Out"
        },
        {
            "index": 145,
            "bbox": [
                [
                    223,
                    2238
                ],
                [
                    292,
                    2238
                ],
                [
                    292,
                    2270
                ],
                [
                    223,
                    2270
                ]
            ],
            "text": "5252",
            "label": "Out"
        },
        {
            "index": 146,
            "bbox": [
                [
                    1486,
                    2233
                ],
                [
                    1546,
                    2233
                ],
                [
                    1546,
                    2268
                ],
                [
                    1486,
                    2268
                ]
            ],
            "text": "Page",
            "label": "Out"
        },
        {
            "index": 147,
            "bbox": [
                [
                    1543,
                    2236
                ],
                [
                    1584,
                    2236
                ],
                [
                    1584,
                    2261
                ],
                [
                    1543,
                    2261
                ]
            ],
            "text": "No.",
            "label": "Out"
        },
        {
            "index": 148,
            "bbox": [
                [
                    1580,
                    2238
                ],
                [
                    1598,
                    2238
                ],
                [
                    1598,
                    2261
                ],
                [
                    1580,
                    2261
                ]
            ],
            "text": "1",
            "label": "Out"
        }
    ]
}