{
    "datasheet": [
        {
            "index": 0,
            "bbox": [
                [
                    59,
                    91
                ],
                [
                    100,
                    91
                ],
                [
                    100,
                    116
                ],
                [
                    59,
                    116
                ]
            ],
            "text": "IPD",
            "label": "Out"
        },
        {
            "index": 1,
            "bbox": [
                [
                    102,
                    96
                ],
                [
                    118,
                    96
                ],
                [
                    118,
                    114
                ],
                [
                    102,
                    114
                ]
            ],
            "text": ">",
            "label": "Out"
        },
        {
            "index": 2,
            "bbox": [
                [
                    116,
                    91
                ],
                [
                    151,
                    91
                ],
                [
                    151,
                    118
                ],
                [
                    116,
                    118
                ]
            ],
            "text": "EV",
            "label": "Out"
        },
        {
            "index": 3,
            "bbox": [
                [
                    146,
                    91
                ],
                [
                    173,
                    91
                ],
                [
                    173,
                    118
                ],
                [
                    146,
                    118
                ]
            ],
            "text": "&",
            "label": "Out"
        },
        {
            "index": 4,
            "bbox": [
                [
                    169,
                    91
                ],
                [
                    205,
                    91
                ],
                [
                    205,
                    118
                ],
                [
                    169,
                    118
                ]
            ],
            "text": "PV",
            "label": "Out"
        },
        {
            "index": 5,
            "bbox": [
                [
                    201,
                    89
                ],
                [
                    327,
                    89
                ],
                [
                    327,
                    118
                ],
                [
                    201,
                    118
                ]
            ],
            "text": "SOLUTIONS",
            "label": "Out"
        },
        {
            "index": 6,
            "bbox": [
                [
                    329,
                    93
                ],
                [
                    347,
                    93
                ],
                [
                    347,
                    116
                ],
                [
                    329,
                    116
                ]
            ],
            "text": ">",
            "label": "Out"
        },
        {
            "index": 7,
            "bbox": [
                [
                    345,
                    91
                ],
                [
                    382,
                    91
                ],
                [
                    382,
                    116
                ],
                [
                    345,
                    116
                ]
            ],
            "text": "PV",
            "label": "Out"
        },
        {
            "index": 8,
            "bbox": [
                [
                    377,
                    93
                ],
                [
                    500,
                    93
                ],
                [
                    500,
                    116
                ],
                [
                    377,
                    116
                ]
            ],
            "text": "SOLUTIONS",
            "label": "Out"
        },
        {
            "index": 9,
            "bbox": [
                [
                    503,
                    93
                ],
                [
                    521,
                    93
                ],
                [
                    521,
                    116
                ],
                [
                    503,
                    116
                ]
            ],
            "text": ">",
            "label": "Out"
        },
        {
            "index": 10,
            "bbox": [
                [
                    521,
                    93
                ],
                [
                    683,
                    93
                ],
                [
                    683,
                    116
                ],
                [
                    521,
                    116
                ]
            ],
            "text": "PHOTOVOLTAICI",
            "label": "Out"
        },
        {
            "index": 11,
            "bbox": [
                [
                    674,
                    89
                ],
                [
                    800,
                    89
                ],
                [
                    800,
                    118
                ],
                [
                    674,
                    118
                ]
            ],
            "text": "ISOLATORS",
            "label": "Out"
        },
        {
            "index": 12,
            "bbox": [
                [
                    798,
                    89
                ],
                [
                    825,
                    89
                ],
                [
                    825,
                    118
                ],
                [
                    798,
                    118
                ]
            ],
            "text": "&",
            "label": "Out"
        },
        {
            "index": 13,
            "bbox": [
                [
                    821,
                    93
                ],
                [
                    951,
                    93
                ],
                [
                    951,
                    116
                ],
                [
                    821,
                    116
                ]
            ],
            "text": "PROTECTION",
            "label": "Out"
        },
        {
            "index": 14,
            "bbox": [
                [
                    100,
                    244
                ],
                [
                    247,
                    244
                ],
                [
                    247,
                    276
                ],
                [
                    100,
                    276
                ]
            ],
            "text": "Product",
            "label": "Out"
        },
        {
            "index": 15,
            "bbox": [
                [
                    249,
                    244
                ],
                [
                    448,
                    244
                ],
                [
                    448,
                    276
                ],
                [
                    249,
                    276
                ]
            ],
            "text": "No:HP15M6",
            "label": "B_Ref"
        },
        {
            "index": 16,
            "bbox": [
                [
                    100,
                    311
                ],
                [
                    224,
                    311
                ],
                [
                    224,
                    343
                ],
                [
                    100,
                    343
                ]
            ],
            "text": "MERSEN",
            "label": "B_Descri"
        },
        {
            "index": 17,
            "bbox": [
                [
                    226,
                    311
                ],
                [
                    306,
                    311
                ],
                [
                    306,
                    343
                ],
                [
                    226,
                    343
                ]
            ],
            "text": "FUSE",
            "label": "I_Descri"
        },
        {
            "index": 18,
            "bbox": [
                [
                    304,
                    311
                ],
                [
                    377,
                    311
                ],
                [
                    377,
                    343
                ],
                [
                    304,
                    343
                ]
            ],
            "text": "LINK",
            "label": "I_Descri"
        },
        {
            "index": 19,
            "bbox": [
                [
                    377,
                    308
                ],
                [
                    427,
                    308
                ],
                [
                    427,
                    345
                ],
                [
                    377,
                    345
                ]
            ],
            "text": "6A",
            "label": "I_Descri"
        },
        {
            "index": 20,
            "bbox": [
                [
                    423,
                    311
                ],
                [
                    526,
                    311
                ],
                [
                    526,
                    343
                ],
                [
                    423,
                    343
                ]
            ],
            "text": "1500V",
            "label": "I_Descri"
        },
        {
            "index": 21,
            "bbox": [
                [
                    519,
                    311
                ],
                [
                    576,
                    311
                ],
                [
                    576,
                    343
                ],
                [
                    519,
                    343
                ]
            ],
            "text": "DC",
            "label": "I_Descri"
        },
        {
            "index": 22,
            "bbox": [
                [
                    574,
                    313
                ],
                [
                    640,
                    313
                ],
                [
                    640,
                    349
                ],
                [
                    574,
                    349
                ]
            ],
            "text": "gPV",
            "label": "I_Descri"
        },
        {
            "index": 23,
            "bbox": [
                [
                    640,
                    311
                ],
                [
                    798,
                    311
                ],
                [
                    798,
                    340
                ],
                [
                    640,
                    340
                ]
            ],
            "text": "10x85mm",
            "label": "I_Descri"
        },
        {
            "index": 24,
            "bbox": [
                [
                    798,
                    311
                ],
                [
                    928,
                    311
                ],
                [
                    928,
                    343
                ],
                [
                    798,
                    343
                ]
            ],
            "text": "FERRULE",
            "label": "I_Descri"
        },
        {
            "index": 25,
            "bbox": [
                [
                    926,
                    311
                ],
                [
                    1008,
                    311
                ],
                [
                    1008,
                    343
                ],
                [
                    926,
                    343
                ]
            ],
            "text": "TYPE",
            "label": "I_Descri"
        },
        {
            "index": 26,
            "bbox": [
                [
                    100,
                    356
                ],
                [
                    219,
                    356
                ],
                [
                    219,
                    388
                ],
                [
                    100,
                    388
                ]
            ],
            "text": "HP15M6",
            "label": "I_Descri"
        },
        {
            "index": 27,
            "bbox": [
                [
                    102,
                    443
                ],
                [
                    247,
                    443
                ],
                [
                    247,
                    473
                ],
                [
                    102,
                    473
                ]
            ],
            "text": "FEATURES",
            "label": "B_Section"
        },
        {
            "index": 28,
            "bbox": [
                [
                    146,
                    500
                ],
                [
                    208,
                    500
                ],
                [
                    208,
                    535
                ],
                [
                    146,
                    535
                ]
            ],
            "text": "Low",
            "label": "B_Descri"
        },
        {
            "index": 29,
            "bbox": [
                [
                    201,
                    500
                ],
                [
                    274,
                    500
                ],
                [
                    274,
                    532
                ],
                [
                    201,
                    532
                ]
            ],
            "text": "Fault",
            "label": "I_Descri"
        },
        {
            "index": 30,
            "bbox": [
                [
                    269,
                    500
                ],
                [
                    375,
                    500
                ],
                [
                    375,
                    530
                ],
                [
                    269,
                    530
                ]
            ],
            "text": "Current",
            "label": "I_Descri"
        },
        {
            "index": 31,
            "bbox": [
                [
                    372,
                    503
                ],
                [
                    519,
                    503
                ],
                [
                    519,
                    535
                ],
                [
                    372,
                    535
                ]
            ],
            "text": "Interruption",
            "label": "I_Descri"
        },
        {
            "index": 32,
            "bbox": [
                [
                    148,
                    539
                ],
                [
                    317,
                    539
                ],
                [
                    317,
                    571
                ],
                [
                    148,
                    571
                ]
            ],
            "text": "Temperature",
            "label": "B_Descri"
        },
        {
            "index": 33,
            "bbox": [
                [
                    317,
                    537
                ],
                [
                    393,
                    537
                ],
                [
                    393,
                    574
                ],
                [
                    317,
                    574
                ]
            ],
            "text": "cycle",
            "label": "I_Descri"
        },
        {
            "index": 34,
            "bbox": [
                [
                    391,
                    537
                ],
                [
                    526,
                    537
                ],
                [
                    526,
                    567
                ],
                [
                    391,
                    567
                ]
            ],
            "text": "withstand",
            "label": "I_Descri"
        },
        {
            "index": 35,
            "bbox": [
                [
                    528,
                    539
                ],
                [
                    661,
                    539
                ],
                [
                    661,
                    574
                ],
                [
                    528,
                    574
                ]
            ],
            "text": "capability",
            "label": "I_Descri"
        },
        {
            "index": 36,
            "bbox": [
                [
                    148,
                    571
                ],
                [
                    256,
                    571
                ],
                [
                    256,
                    603
                ],
                [
                    148,
                    603
                ]
            ],
            "text": "Durable",
            "label": "B_Descri"
        },
        {
            "index": 37,
            "bbox": [
                [
                    251,
                    574
                ],
                [
                    420,
                    574
                ],
                [
                    420,
                    603
                ],
                [
                    251,
                    603
                ]
            ],
            "text": "construction",
            "label": "I_Descri"
        },
        {
            "index": 38,
            "bbox": [
                [
                    420,
                    574
                ],
                [
                    462,
                    574
                ],
                [
                    462,
                    601
                ],
                [
                    420,
                    601
                ]
            ],
            "text": "for",
            "label": "I_Descri"
        },
        {
            "index": 39,
            "bbox": [
                [
                    459,
                    571
                ],
                [
                    599,
                    571
                ],
                [
                    599,
                    603
                ],
                [
                    459,
                    603
                ]
            ],
            "text": "enhanced",
            "label": "I_Descri"
        },
        {
            "index": 40,
            "bbox": [
                [
                    599,
                    574
                ],
                [
                    699,
                    574
                ],
                [
                    699,
                    608
                ],
                [
                    599,
                    608
                ]
            ],
            "text": "system",
            "label": "I_Descri"
        },
        {
            "index": 41,
            "bbox": [
                [
                    151,
                    606
                ],
                [
                    151,
                    640
                ],
                [
                    272,
                    640
                ],
                [
                    272,
                    606
                ]
            ],
            "text": "longevity",
            "label": "I_Descri"
        },
        {
            "index": 42,
            "bbox": [
                [
                    148,
                    647
                ],
                [
                    265,
                    647
                ],
                [
                    265,
                    681
                ],
                [
                    148,
                    681
                ]
            ],
            "text": "Breaking",
            "label": "B_Descri"
        },
        {
            "index": 43,
            "bbox": [
                [
                    267,
                    647
                ],
                [
                    388,
                    647
                ],
                [
                    388,
                    681
                ],
                [
                    267,
                    681
                ]
            ],
            "text": "capacity",
            "label": "I_Descri"
        },
        {
            "index": 44,
            "bbox": [
                [
                    388,
                    644
                ],
                [
                    462,
                    644
                ],
                [
                    462,
                    676
                ],
                [
                    388,
                    676
                ]
            ],
            "text": "50KA",
            "label": "I_Descri"
        },
        {
            "index": 45,
            "bbox": [
                [
                    146,
                    681
                ],
                [
                    279,
                    681
                ],
                [
                    279,
                    713
                ],
                [
                    146,
                    713
                ]
            ],
            "text": "Standard",
            "label": "B_Descri"
        },
        {
            "index": 46,
            "bbox": [
                [
                    281,
                    683
                ],
                [
                    363,
                    683
                ],
                [
                    363,
                    711
                ],
                [
                    281,
                    711
                ]
            ],
            "text": "ferrule",
            "label": "I_Descri"
        },
        {
            "index": 47,
            "bbox": [
                [
                    363,
                    681
                ],
                [
                    473,
                    681
                ],
                [
                    473,
                    711
                ],
                [
                    363,
                    711
                ]
            ],
            "text": "terminal",
            "label": "I_Descri"
        },
        {
            "index": 48,
            "bbox": [
                [
                    146,
                    718
                ],
                [
                    295,
                    718
                ],
                [
                    295,
                    750
                ],
                [
                    146,
                    750
                ]
            ],
            "text": "Standards",
            "label": "B_Descri"
        },
        {
            "index": 49,
            "bbox": [
                [
                    295,
                    720
                ],
                [
                    338,
                    720
                ],
                [
                    338,
                    747
                ],
                [
                    295,
                    747
                ]
            ],
            "text": "IEC",
            "label": "I_Descri"
        },
        {
            "index": 50,
            "bbox": [
                [
                    338,
                    718
                ],
                [
                    459,
                    718
                ],
                [
                    459,
                    747
                ],
                [
                    338,
                    747
                ]
            ],
            "text": "60269-6",
            "label": "I_Descri"
        },
        {
            "index": 51,
            "bbox": [
                [
                    109,
                    880
                ],
                [
                    221,
                    880
                ],
                [
                    221,
                    910
                ],
                [
                    109,
                    910
                ]
            ],
            "text": "General",
            "label": "B_Section"
        },
        {
            "index": 52,
            "bbox": [
                [
                    219,
                    880
                ],
                [
                    379,
                    880
                ],
                [
                    379,
                    910
                ],
                [
                    219,
                    910
                ]
            ],
            "text": "Information",
            "label": "I_Section"
        },
        {
            "index": 53,
            "bbox": [
                [
                    109,
                    935
                ],
                [
                    196,
                    935
                ],
                [
                    196,
                    965
                ],
                [
                    109,
                    965
                ]
            ],
            "text": "Brand",
            "label": "B_Prop"
        },
        {
            "index": 54,
            "bbox": [
                [
                    908,
                    940
                ],
                [
                    1006,
                    940
                ],
                [
                    1006,
                    962
                ],
                [
                    908,
                    962
                ]
            ],
            "text": "MERSEN",
            "label": "B_Value"
        },
        {
            "index": 55,
            "bbox": [
                [
                    109,
                    994
                ],
                [
                    180,
                    994
                ],
                [
                    180,
                    1026
                ],
                [
                    109,
                    1026
                ]
            ],
            "text": "Pack",
            "label": "B_Prop"
        },
        {
            "index": 56,
            "bbox": [
                [
                    176,
                    997
                ],
                [
                    292,
                    997
                ],
                [
                    292,
                    1029
                ],
                [
                    176,
                    1029
                ]
            ],
            "text": "Quantity",
            "label": "I_Prop"
        },
        {
            "index": 57,
            "bbox": [
                [
                    905,
                    997
                ],
                [
                    935,
                    997
                ],
                [
                    935,
                    1026
                ],
                [
                    905,
                    1026
                ]
            ],
            "text": "10",
            "label": "B_Value"
        },
        {
            "index": 58,
            "bbox": [
                [
                    109,
                    1056
                ],
                [
                    219,
                    1056
                ],
                [
                    219,
                    1088
                ],
                [
                    109,
                    1088
                ]
            ],
            "text": "Product",
            "label": "B_Prop"
        },
        {
            "index": 59,
            "bbox": [
                [
                    210,
                    1058
                ],
                [
                    283,
                    1058
                ],
                [
                    283,
                    1093
                ],
                [
                    210,
                    1093
                ]
            ],
            "text": "Type",
            "label": "I_Prop"
        },
        {
            "index": 60,
            "bbox": [
                [
                    903,
                    1056
                ],
                [
                    974,
                    1056
                ],
                [
                    974,
                    1088
                ],
                [
                    903,
                    1088
                ]
            ],
            "text": "Fuse",
            "label": "B_Value"
        },
        {
            "index": 61,
            "bbox": [
                [
                    967,
                    1054
                ],
                [
                    1024,
                    1054
                ],
                [
                    1024,
                    1088
                ],
                [
                    967,
                    1088
                ]
            ],
            "text": "Link",
            "label": "I_Value"
        },
        {
            "index": 62,
            "bbox": [
                [
                    107,
                    1168
                ],
                [
                    244,
                    1168
                ],
                [
                    244,
                    1203
                ],
                [
                    107,
                    1203
                ]
            ],
            "text": "Technical",
            "label": "B_Section"
        },
        {
            "index": 63,
            "bbox": [
                [
                    240,
                    1171
                ],
                [
                    382,
                    1171
                ],
                [
                    382,
                    1200
                ],
                [
                    240,
                    1200
                ]
            ],
            "text": "Attributes",
            "label": "I_Section"
        },
        {
            "index": 64,
            "bbox": [
                [
                    112,
                    1230
                ],
                [
                    258,
                    1230
                ],
                [
                    258,
                    1262
                ],
                [
                    112,
                    1262
                ]
            ],
            "text": "Interrupting",
            "label": "B_Prop"
        },
        {
            "index": 65,
            "bbox": [
                [
                    263,
                    1228
                ],
                [
                    352,
                    1228
                ],
                [
                    352,
                    1262
                ],
                [
                    263,
                    1262
                ]
            ],
            "text": "Rating",
            "label": "I_Prop"
        },
        {
            "index": 66,
            "bbox": [
                [
                    356,
                    1223
                ],
                [
                    411,
                    1223
                ],
                [
                    411,
                    1262
                ],
                [
                    356,
                    1262
                ]
            ],
            "text": "(KA)",
            "label": "B_Unit"
        },
        {
            "index": 67,
            "bbox": [
                [
                    905,
                    1230
                ],
                [
                    944,
                    1230
                ],
                [
                    944,
                    1257
                ],
                [
                    905,
                    1257
                ]
            ],
            "text": "50",
            "label": "B_Value"
        },
        {
            "index": 68,
            "bbox": [
                [
                    112,
                    1289
                ],
                [
                    194,
                    1289
                ],
                [
                    194,
                    1317
                ],
                [
                    112,
                    1317
                ]
            ],
            "text": "Power",
            "label": "B_Prop"
        },
        {
            "index": 69,
            "bbox": [
                [
                    187,
                    1287
                ],
                [
                    253,
                    1287
                ],
                [
                    253,
                    1319
                ],
                [
                    187,
                    1319
                ]
            ],
            "text": "Loss",
            "label": "I_Prop"
        },
        {
            "index": 70,
            "bbox": [
                [
                    253,
                    1285
                ],
                [
                    304,
                    1285
                ],
                [
                    304,
                    1321
                ],
                [
                    253,
                    1321
                ]
            ],
            "text": "(w)",
            "label": "B_Unit"
        },
        {
            "index": 71,
            "bbox": [
                [
                    903,
                    1287
                ],
                [
                    967,
                    1287
                ],
                [
                    967,
                    1319
                ],
                [
                    903,
                    1319
                ]
            ],
            "text": "2.44",
            "label": "B_Value"
        },
        {
            "index": 72,
            "bbox": [
                [
                    112,
                    1351
                ],
                [
                    194,
                    1351
                ],
                [
                    194,
                    1379
                ],
                [
                    112,
                    1379
                ]
            ],
            "text": "Rated",
            "label": "B_Prop"
        },
        {
            "index": 73,
            "bbox": [
                [
                    192,
                    1349
                ],
                [
                    297,
                    1349
                ],
                [
                    297,
                    1379
                ],
                [
                    192,
                    1379
                ]
            ],
            "text": "Current",
            "label": "I_Prop"
        },
        {
            "index": 74,
            "bbox": [
                [
                    295,
                    1342
                ],
                [
                    338,
                    1342
                ],
                [
                    338,
                    1383
                ],
                [
                    295,
                    1383
                ]
            ],
            "text": "(A)",
            "label": "B_Unit"
        },
        {
            "index": 75,
            "bbox": [
                [
                    905,
                    1347
                ],
                [
                    930,
                    1347
                ],
                [
                    930,
                    1379
                ],
                [
                    905,
                    1379
                ]
            ],
            "text": "6",
            "label": "B_Value"
        },
        {
            "index": 76,
            "bbox": [
                [
                    109,
                    1406
                ],
                [
                    194,
                    1406
                ],
                [
                    194,
                    1438
                ],
                [
                    109,
                    1438
                ]
            ],
            "text": "Rated",
            "label": "B_Prop"
        },
        {
            "index": 77,
            "bbox": [
                [
                    192,
                    1404
                ],
                [
                    304,
                    1404
                ],
                [
                    304,
                    1445
                ],
                [
                    192,
                    1445
                ]
            ],
            "text": "Voltage",
            "label": "I_Prop"
        },
        {
            "index": 78,
            "bbox": [
                [
                    301,
                    1406
                ],
                [
                    343,
                    1406
                ],
                [
                    343,
                    1436
                ],
                [
                    301,
                    1436
                ]
            ],
            "text": "DC",
            "label": "I_Prop"
        },
        {
            "index": 79,
            "bbox": [
                [
                    345,
                    1401
                ],
                [
                    388,
                    1401
                ],
                [
                    388,
                    1443
                ],
                [
                    345,
                    1443
                ]
            ],
            "text": "(v)",
            "label": "B_Unit"
        },
        {
            "index": 80,
            "bbox": [
                [
                    903,
                    1406
                ],
                [
                    972,
                    1406
                ],
                [
                    972,
                    1438
                ],
                [
                    903,
                    1438
                ]
            ],
            "text": "1500",
            "label": "B_Value"
        },
        {
            "index": 81,
            "bbox": [
                [
                    109,
                    1466
                ],
                [
                    231,
                    1466
                ],
                [
                    231,
                    1498
                ],
                [
                    109,
                    1498
                ]
            ],
            "text": "Terminal",
            "label": "B_Prop"
        },
        {
            "index": 82,
            "bbox": [
                [
                    228,
                    1468
                ],
                [
                    299,
                    1468
                ],
                [
                    299,
                    1502
                ],
                [
                    228,
                    1502
                ]
            ],
            "text": "Type",
            "label": "I_Prop"
        },
        {
            "index": 83,
            "bbox": [
                [
                    905,
                    1466
                ],
                [
                    997,
                    1466
                ],
                [
                    997,
                    1498
                ],
                [
                    905,
                    1498
                ]
            ],
            "text": "Ferrule",
            "label": "B_Value"
        },
        {
            "index": 84,
            "bbox": [
                [
                    109,
                    1525
                ],
                [
                    240,
                    1525
                ],
                [
                    240,
                    1555
                ],
                [
                    109,
                    1555
                ]
            ],
            "text": "Utilization",
            "label": "B_Prop"
        },
        {
            "index": 85,
            "bbox": [
                [
                    240,
                    1527
                ],
                [
                    368,
                    1527
                ],
                [
                    368,
                    1562
                ],
                [
                    240,
                    1562
                ]
            ],
            "text": "Category",
            "label": "I_Prop"
        },
        {
            "index": 86,
            "bbox": [
                [
                    903,
                    1525
                ],
                [
                    962,
                    1525
                ],
                [
                    962,
                    1562
                ],
                [
                    903,
                    1562
                ]
            ],
            "text": "gPV",
            "label": "B_Value"
        },
        {
            "index": 87,
            "bbox": [
                [
                    112,
                    1639
                ],
                [
                    221,
                    1639
                ],
                [
                    221,
                    1674
                ],
                [
                    112,
                    1674
                ]
            ],
            "text": "Physical",
            "label": "B_Section"
        },
        {
            "index": 88,
            "bbox": [
                [
                    221,
                    1639
                ],
                [
                    361,
                    1639
                ],
                [
                    361,
                    1669
                ],
                [
                    221,
                    1669
                ]
            ],
            "text": "Attributes",
            "label": "I_Section"
        },
        {
            "index": 89,
            "bbox": [
                [
                    112,
                    1701
                ],
                [
                    228,
                    1701
                ],
                [
                    228,
                    1724
                ],
                [
                    112,
                    1724
                ]
            ],
            "text": "Terminal",
            "label": "B_Prop"
        },
        {
            "index": 90,
            "bbox": [
                [
                    232,
                    1701
                ],
                [
                    232,
                    1724
                ],
                [
                    337,
                    1724
                ],
                [
                    337,
                    1701
                ]
            ],
            "text": "Material",
            "label": "I_Prop"
        },
        {
            "index": 91,
            "bbox": [
                [
                    908,
                    1701
                ],
                [
                    1040,
                    1701
                ],
                [
                    1040,
                    1724
                ],
                [
                    908,
                    1724
                ]
            ],
            "text": "Tin-Plated",
            "label": "B_Value"
        },
        {
            "index": 92,
            "bbox": [
                [
                    1042,
                    1699
                ],
                [
                    1145,
                    1699
                ],
                [
                    1145,
                    1733
                ],
                [
                    1042,
                    1733
                ]
            ],
            "text": "Copper",
            "label": "I_Value"
        },
        {
            "index": 93,
            "bbox": [
                [
                    109,
                    1811
                ],
                [
                    272,
                    1811
                ],
                [
                    272,
                    1843
                ],
                [
                    109,
                    1843
                ]
            ],
            "text": "Dimensions",
            "label": "B_Section"
        },
        {
            "index": 94,
            "bbox": [
                [
                    109,
                    1870
                ],
                [
                    235,
                    1870
                ],
                [
                    235,
                    1900
                ],
                [
                    109,
                    1900
                ]
            ],
            "text": "Diameter",
            "label": "B_Prop"
        },
        {
            "index": 95,
            "bbox": [
                [
                    231,
                    1863
                ],
                [
                    313,
                    1863
                ],
                [
                    313,
                    1907
                ],
                [
                    231,
                    1907
                ]
            ],
            "text": "(mm)",
            "label": "B_Unit"
        },
        {
            "index": 96,
            "bbox": [
                [
                    905,
                    1870
                ],
                [
                    935,
                    1870
                ],
                [
                    935,
                    1900
                ],
                [
                    905,
                    1900
                ]
            ],
            "text": "10",
            "label": "B_Value"
        },
        {
            "index": 97,
            "bbox": [
                [
                    109,
                    1930
                ],
                [
                    201,
                    1930
                ],
                [
                    201,
                    1964
                ],
                [
                    109,
                    1964
                ]
            ],
            "text": "Length",
            "label": "B_Prop"
        },
        {
            "index": 98,
            "bbox": [
                [
                    203,
                    1923
                ],
                [
                    285,
                    1923
                ],
                [
                    285,
                    1966
                ],
                [
                    203,
                    1966
                ]
            ],
            "text": "(mm)",
            "label": "B_Unit"
        },
        {
            "index": 99,
            "bbox": [
                [
                    905,
                    1930
                ],
                [
                    944,
                    1930
                ],
                [
                    944,
                    1960
                ],
                [
                    905,
                    1960
                ]
            ],
            "text": "85",
            "label": "B_Value"
        },
        {
            "index": 100,
            "bbox": [
                [
                    109,
                    2044
                ],
                [
                    253,
                    2044
                ],
                [
                    253,
                    2076
                ],
                [
                    109,
                    2076
                ]
            ],
            "text": "Protection",
            "label": "B_Section"
        },
        {
            "index": 101,
            "bbox": [
                [
                    249,
                    2046
                ],
                [
                    281,
                    2046
                ],
                [
                    281,
                    2076
                ],
                [
                    249,
                    2076
                ]
            ],
            "text": "&",
            "label": "I_Section"
        },
        {
            "index": 102,
            "bbox": [
                [
                    276,
                    2044
                ],
                [
                    418,
                    2044
                ],
                [
                    418,
                    2076
                ],
                [
                    276,
                    2076
                ]
            ],
            "text": "Standards",
            "label": "I_Section"
        },
        {
            "index": 103,
            "bbox": [
                [
                    674,
                    2211
                ],
                [
                    775,
                    2211
                ],
                [
                    775,
                    2234
                ],
                [
                    674,
                    2234
                ]
            ],
            "text": "1300556601",
            "label": "Out"
        },
        {
            "index": 104,
            "bbox": [
                [
                    773,
                    2213
                ],
                [
                    786,
                    2213
                ],
                [
                    786,
                    2227
                ],
                [
                    773,
                    2227
                ]
            ],
            "text": "I",
            "label": "Out"
        },
        {
            "index": 105,
            "bbox": [
                [
                    779,
                    2209
                ],
                [
                    892,
                    2209
                ],
                [
                    892,
                    2239
                ],
                [
                    779,
                    2239
                ]
            ],
            "text": "ipd.comaul",
            "label": "Out"
        },
        {
            "index": 106,
            "bbox": [
                [
                    882,
                    2211
                ],
                [
                    978,
                    2211
                ],
                [
                    978,
                    2234
                ],
                [
                    882,
                    2234
                ]
            ],
            "text": "10-04-2024",
            "label": "Out"
        }
    ]
}