{
    "datasheet": [
        {
            "index": 0,
            "bbox": [
                [
                    127,
                    121
                ],
                [
                    127,
                    178
                ],
                [
                    534,
                    178
                ],
                [
                    534,
                    121
                ]
            ],
            "text": "SIEMENS",
            "label": "B_Descri"
        },
        {
            "index": 1,
            "bbox": [
                [
                    129,
                    308
                ],
                [
                    207,
                    308
                ],
                [
                    207,
                    344
                ],
                [
                    129,
                    344
                ]
            ],
            "text": "Data",
            "label": "B_Descri"
        },
        {
            "index": 2,
            "bbox": [
                [
                    210,
                    310
                ],
                [
                    210,
                    342
                ],
                [
                    306,
                    342
                ],
                [
                    306,
                    310
                ]
            ],
            "text": "sheet",
            "label": "I_Descri"
        },
        {
            "index": 3,
            "bbox": [
                [
                    1173,
                    310
                ],
                [
                    1525,
                    310
                ],
                [
                    1525,
                    342
                ],
                [
                    1173,
                    342
                ]
            ],
            "text": "6ES7193-6AR00-0AA0",
            "label": "B_Ref"
        },
        {
            "index": 4,
            "bbox": [
                [
                    755,
                    395
                ],
                [
                    851,
                    395
                ],
                [
                    851,
                    424
                ],
                [
                    755,
                    424
                ]
            ],
            "text": "SIMATICI",
            "label": "B_Descri"
        },
        {
            "index": 5,
            "bbox": [
                [
                    847,
                    397
                ],
                [
                    883,
                    397
                ],
                [
                    883,
                    424
                ],
                [
                    847,
                    424
                ]
            ],
            "text": "ET",
            "label": "I_Descri"
        },
        {
            "index": 6,
            "bbox": [
                [
                    876,
                    395
                ],
                [
                    958,
                    395
                ],
                [
                    958,
                    427
                ],
                [
                    876,
                    427
                ]
            ],
            "text": "200SP,",
            "label": "I_Descri"
        },
        {
            "index": 7,
            "bbox": [
                [
                    954,
                    397
                ],
                [
                    1070,
                    397
                ],
                [
                    1070,
                    427
                ],
                [
                    954,
                    427
                ]
            ],
            "text": "BusAdapter",
            "label": "I_Descri"
        },
        {
            "index": 8,
            "bbox": [
                [
                    1068,
                    397
                ],
                [
                    1105,
                    397
                ],
                [
                    1105,
                    424
                ],
                [
                    1068,
                    424
                ]
            ],
            "text": "BA",
            "label": "I_Descri"
        },
        {
            "index": 9,
            "bbox": [
                [
                    1100,
                    397
                ],
                [
                    1187,
                    397
                ],
                [
                    1187,
                    427
                ],
                [
                    1100,
                    427
                ]
            ],
            "text": "2xRJ45,",
            "label": "I_Descri"
        },
        {
            "index": 10,
            "bbox": [
                [
                    1180,
                    397
                ],
                [
                    1207,
                    397
                ],
                [
                    1207,
                    424
                ],
                [
                    1180,
                    424
                ]
            ],
            "text": "2F",
            "label": "I_Descri"
        },
        {
            "index": 11,
            "bbox": [
                [
                    1203,
                    397
                ],
                [
                    1258,
                    397
                ],
                [
                    1258,
                    422
                ],
                [
                    1203,
                    422
                ]
            ],
            "text": "RJ45",
            "label": "I_Descri"
        },
        {
            "index": 12,
            "bbox": [
                [
                    1255,
                    399
                ],
                [
                    1333,
                    399
                ],
                [
                    1333,
                    424
                ],
                [
                    1255,
                    424
                ]
            ],
            "text": "sockets",
            "label": "I_Descri"
        },
        {
            "index": 13,
            "bbox": [
                [
                    118,
                    824
                ],
                [
                    209,
                    824
                ],
                [
                    209,
                    854
                ],
                [
                    118,
                    854
                ]
            ],
            "text": "Generali",
            "label": "B_Section"
        },
        {
            "index": 14,
            "bbox": [
                [
                    200,
                    824
                ],
                [
                    330,
                    824
                ],
                [
                    330,
                    854
                ],
                [
                    200,
                    854
                ]
            ],
            "text": "information",
            "label": "I_Section"
        },
        {
            "index": 15,
            "bbox": [
                [
                    138,
                    863
                ],
                [
                    216,
                    863
                ],
                [
                    216,
                    888
                ],
                [
                    138,
                    888
                ]
            ],
            "text": "Product",
            "label": "B_Prop"
        },
        {
            "index": 16,
            "bbox": [
                [
                    212,
                    863
                ],
                [
                    264,
                    863
                ],
                [
                    264,
                    897
                ],
                [
                    212,
                    897
                ]
            ],
            "text": "type",
            "label": "I_Prop"
        },
        {
            "index": 17,
            "bbox": [
                [
                    260,
                    863
                ],
                [
                    374,
                    863
                ],
                [
                    374,
                    895
                ],
                [
                    260,
                    895
                ]
            ],
            "text": "designation",
            "label": "I_Prop"
        },
        {
            "index": 18,
            "bbox": [
                [
                    773,
                    863
                ],
                [
                    810,
                    863
                ],
                [
                    810,
                    890
                ],
                [
                    773,
                    890
                ]
            ],
            "text": "BA",
            "label": "B_Value"
        },
        {
            "index": 19,
            "bbox": [
                [
                    805,
                    863
                ],
                [
                    840,
                    863
                ],
                [
                    840,
                    890
                ],
                [
                    805,
                    890
                ]
            ],
            "text": "2x",
            "label": "I_Value"
        },
        {
            "index": 20,
            "bbox": [
                [
                    837,
                    865
                ],
                [
                    892,
                    865
                ],
                [
                    892,
                    890
                ],
                [
                    837,
                    890
                ]
            ],
            "text": "RJ45",
            "label": "I_Value"
        },
        {
            "index": 21,
            "bbox": [
                [
                    118,
                    895
                ],
                [
                    228,
                    895
                ],
                [
                    228,
                    927
                ],
                [
                    118,
                    927
                ]
            ],
            "text": "Interfaces",
            "label": "B_Section"
        },
        {
            "index": 22,
            "bbox": [
                [
                    136,
                    931
                ],
                [
                    223,
                    931
                ],
                [
                    223,
                    961
                ],
                [
                    136,
                    961
                ]
            ],
            "text": "Number",
            "label": "B_Prop"
        },
        {
            "index": 23,
            "bbox": [
                [
                    214,
                    934
                ],
                [
                    246,
                    934
                ],
                [
                    246,
                    961
                ],
                [
                    214,
                    961
                ]
            ],
            "text": "of",
            "label": "I_Prop"
        },
        {
            "index": 24,
            "bbox": [
                [
                    239,
                    931
                ],
                [
                    355,
                    931
                ],
                [
                    355,
                    961
                ],
                [
                    239,
                    961
                ]
            ],
            "text": "PROFINETI",
            "label": "I_Prop"
        },
        {
            "index": 25,
            "bbox": [
                [
                    349,
                    931
                ],
                [
                    451,
                    931
                ],
                [
                    451,
                    963
                ],
                [
                    349,
                    963
                ]
            ],
            "text": "interfaces",
            "label": "I_Prop"
        },
        {
            "index": 26,
            "bbox": [
                [
                    776,
                    936
                ],
                [
                    776,
                    961
                ],
                [
                    792,
                    961
                ],
                [
                    792,
                    936
                ]
            ],
            "text": "1",
            "label": "B_Value"
        },
        {
            "index": 27,
            "bbox": [
                [
                    136,
                    968
                ],
                [
                    232,
                    968
                ],
                [
                    232,
                    998
                ],
                [
                    136,
                    998
                ]
            ],
            "text": "Supports",
            "label": "B_Prop"
        },
        {
            "index": 28,
            "bbox": [
                [
                    225,
                    968
                ],
                [
                    310,
                    968
                ],
                [
                    310,
                    1000
                ],
                [
                    225,
                    1000
                ]
            ],
            "text": "protocol",
            "label": "I_Prop"
        },
        {
            "index": 29,
            "bbox": [
                [
                    303,
                    968
                ],
                [
                    339,
                    968
                ],
                [
                    339,
                    995
                ],
                [
                    303,
                    995
                ]
            ],
            "text": "for",
            "label": "I_Prop"
        },
        {
            "index": 30,
            "bbox": [
                [
                    335,
                    966
                ],
                [
                    451,
                    966
                ],
                [
                    451,
                    995
                ],
                [
                    335,
                    995
                ]
            ],
            "text": "PROFINETI",
            "label": "I_Prop"
        },
        {
            "index": 31,
            "bbox": [
                [
                    445,
                    968
                ],
                [
                    479,
                    968
                ],
                [
                    479,
                    995
                ],
                [
                    445,
                    995
                ]
            ],
            "text": "IO",
            "label": "I_Prop"
        },
        {
            "index": 32,
            "bbox": [
                [
                    196,
                    1000
                ],
                [
                    282,
                    1000
                ],
                [
                    282,
                    1030
                ],
                [
                    196,
                    1030
                ]
            ],
            "text": "Number",
            "label": "B_Prop"
        },
        {
            "index": 33,
            "bbox": [
                [
                    276,
                    1002
                ],
                [
                    305,
                    1002
                ],
                [
                    305,
                    1027
                ],
                [
                    276,
                    1027
                ]
            ],
            "text": "of",
            "label": "I_Prop"
        },
        {
            "index": 34,
            "bbox": [
                [
                    301,
                    1002
                ],
                [
                    355,
                    1002
                ],
                [
                    355,
                    1027
                ],
                [
                    301,
                    1027
                ]
            ],
            "text": "RJ45",
            "label": "I_Prop"
        },
        {
            "index": 35,
            "bbox": [
                [
                    351,
                    1002
                ],
                [
                    410,
                    1002
                ],
                [
                    410,
                    1034
                ],
                [
                    351,
                    1034
                ]
            ],
            "text": "ports",
            "label": "I_Prop"
        },
        {
            "index": 36,
            "bbox": [
                [
                    771,
                    1002
                ],
                [
                    796,
                    1002
                ],
                [
                    796,
                    1030
                ],
                [
                    771,
                    1030
                ]
            ],
            "text": "2",
            "label": "B_Value"
        },
        {
            "index": 37,
            "bbox": [
                [
                    175,
                    1034
                ],
                [
                    244,
                    1034
                ],
                [
                    244,
                    1066
                ],
                [
                    175,
                    1066
                ]
            ],
            "text": "Cablel",
            "label": "B_Prop"
        },
        {
            "index": 38,
            "bbox": [
                [
                    237,
                    1037
                ],
                [
                    305,
                    1037
                ],
                [
                    305,
                    1068
                ],
                [
                    237,
                    1068
                ]
            ],
            "text": "length",
            "label": "I_Prop"
        },
        {
            "index": 39,
            "bbox": [
                [
                    230,
                    1078
                ],
                [
                    246,
                    1078
                ],
                [
                    246,
                    1091
                ],
                [
                    230,
                    1091
                ]
            ],
            "text": "-",
            "label": "I_Prop"
        },
        {
            "index": 40,
            "bbox": [
                [
                    244,
                    1071
                ],
                [
                    282,
                    1071
                ],
                [
                    282,
                    1098
                ],
                [
                    244,
                    1098
                ]
            ],
            "text": "Cu",
            "label": "I_Prop"
        },
        {
            "index": 41,
            "bbox": [
                [
                    276,
                    1068
                ],
                [
                    392,
                    1068
                ],
                [
                    392,
                    1098
                ],
                [
                    276,
                    1098
                ]
            ],
            "text": "conductors",
            "label": "I_Prop"
        },
        {
            "index": 42,
            "bbox": [
                [
                    776,
                    1071
                ],
                [
                    819,
                    1071
                ],
                [
                    819,
                    1098
                ],
                [
                    776,
                    1098
                ]
            ],
            "text": "1001",
            "label": "B_Value"
        },
        {
            "index": 43,
            "bbox": [
                [
                    812,
                    1073
                ],
                [
                    842,
                    1073
                ],
                [
                    842,
                    1100
                ],
                [
                    812,
                    1100
                ]
            ],
            "text": "m",
            "label": "I_Value"
        },
        {
            "index": 44,
            "bbox": [
                [
                    118,
                    1103
                ],
                [
                    214,
                    1103
                ],
                [
                    214,
                    1135
                ],
                [
                    118,
                    1135
                ]
            ],
            "text": "Ambient",
            "label": "B_Section"
        },
        {
            "index": 45,
            "bbox": [
                [
                    209,
                    1105
                ],
                [
                    323,
                    1105
                ],
                [
                    323,
                    1135
                ],
                [
                    209,
                    1135
                ]
            ],
            "text": "conditions",
            "label": "I_Section"
        },
        {
            "index": 46,
            "bbox": [
                [
                    136,
                    1139
                ],
                [
                    223,
                    1139
                ],
                [
                    223,
                    1171
                ],
                [
                    136,
                    1171
                ]
            ],
            "text": "Ambient",
            "label": "B_Prop"
        },
        {
            "index": 47,
            "bbox": [
                [
                    218,
                    1142
                ],
                [
                    342,
                    1142
                ],
                [
                    342,
                    1171
                ],
                [
                    218,
                    1171
                ]
            ],
            "text": "temperature",
            "label": "I_Prop"
        },
        {
            "index": 48,
            "bbox": [
                [
                    335,
                    1142
                ],
                [
                    406,
                    1142
                ],
                [
                    406,
                    1174
                ],
                [
                    335,
                    1174
                ]
            ],
            "text": "during",
            "label": "I_Prop"
        },
        {
            "index": 49,
            "bbox": [
                [
                    397,
                    1142
                ],
                [
                    497,
                    1142
                ],
                [
                    497,
                    1171
                ],
                [
                    397,
                    1171
                ]
            ],
            "text": "operation",
            "label": "I_Prop"
        },
        {
            "index": 50,
            "bbox": [
                [
                    196,
                    1174
                ],
                [
                    298,
                    1174
                ],
                [
                    298,
                    1206
                ],
                [
                    196,
                    1206
                ]
            ],
            "text": "horizontali",
            "label": "B_Prop"
        },
        {
            "index": 51,
            "bbox": [
                [
                    292,
                    1176
                ],
                [
                    406,
                    1176
                ],
                [
                    406,
                    1206
                ],
                [
                    292,
                    1206
                ]
            ],
            "text": "installation,",
            "label": "I_Prop"
        },
        {
            "index": 52,
            "bbox": [
                [
                    403,
                    1176
                ],
                [
                    449,
                    1176
                ],
                [
                    449,
                    1203
                ],
                [
                    403,
                    1203
                ]
            ],
            "text": "min.",
            "label": "I_Prop"
        },
        {
            "index": 53,
            "bbox": [
                [
                    771,
                    1178
                ],
                [
                    812,
                    1178
                ],
                [
                    812,
                    1203
                ],
                [
                    771,
                    1203
                ]
            ],
            "text": "-30",
            "label": "B_Value"
        },
        {
            "index": 54,
            "bbox": [
                [
                    810,
                    1176
                ],
                [
                    842,
                    1176
                ],
                [
                    842,
                    1203
                ],
                [
                    810,
                    1203
                ]
            ],
            "text": "°C",
            "label": "I_Value"
        },
        {
            "index": 55,
            "bbox": [
                [
                    196,
                    1208
                ],
                [
                    296,
                    1208
                ],
                [
                    296,
                    1242
                ],
                [
                    196,
                    1242
                ]
            ],
            "text": "horizontal",
            "label": "B_Prop"
        },
        {
            "index": 56,
            "bbox": [
                [
                    292,
                    1210
                ],
                [
                    406,
                    1210
                ],
                [
                    406,
                    1240
                ],
                [
                    292,
                    1240
                ]
            ],
            "text": "installation,",
            "label": "I_Prop"
        },
        {
            "index": 57,
            "bbox": [
                [
                    403,
                    1215
                ],
                [
                    456,
                    1215
                ],
                [
                    456,
                    1238
                ],
                [
                    403,
                    1238
                ]
            ],
            "text": "max.",
            "label": "I_Prop"
        },
        {
            "index": 58,
            "bbox": [
                [
                    773,
                    1210
                ],
                [
                    805,
                    1210
                ],
                [
                    805,
                    1238
                ],
                [
                    773,
                    1238
                ]
            ],
            "text": "60",
            "label": "B_Value"
        },
        {
            "index": 59,
            "bbox": [
                [
                    801,
                    1212
                ],
                [
                    833,
                    1212
                ],
                [
                    833,
                    1238
                ],
                [
                    801,
                    1238
                ]
            ],
            "text": "°C",
            "label": "I_Value"
        },
        {
            "index": 60,
            "bbox": [
                [
                    196,
                    1242
                ],
                [
                    273,
                    1242
                ],
                [
                    273,
                    1274
                ],
                [
                    196,
                    1274
                ]
            ],
            "text": "verticali",
            "label": "B_Prop"
        },
        {
            "index": 61,
            "bbox": [
                [
                    266,
                    1244
                ],
                [
                    383,
                    1244
                ],
                [
                    383,
                    1274
                ],
                [
                    266,
                    1274
                ]
            ],
            "text": "installation,",
            "label": "I_Prop"
        },
        {
            "index": 62,
            "bbox": [
                [
                    378,
                    1244
                ],
                [
                    426,
                    1244
                ],
                [
                    426,
                    1272
                ],
                [
                    378,
                    1272
                ]
            ],
            "text": "min.",
            "label": "I_Prop"
        },
        {
            "index": 63,
            "bbox": [
                [
                    771,
                    1242
                ],
                [
                    844,
                    1242
                ],
                [
                    844,
                    1274
                ],
                [
                    771,
                    1274
                ]
            ],
            "text": "-30°C",
            "label": "B_Value"
        },
        {
            "index": 64,
            "bbox": [
                [
                    196,
                    1281
                ],
                [
                    271,
                    1281
                ],
                [
                    271,
                    1306
                ],
                [
                    196,
                    1306
                ]
            ],
            "text": "vertical",
            "label": "B_Prop"
        },
        {
            "index": 65,
            "bbox": [
                [
                    266,
                    1279
                ],
                [
                    383,
                    1279
                ],
                [
                    383,
                    1308
                ],
                [
                    266,
                    1308
                ]
            ],
            "text": "installation,",
            "label": "I_Prop"
        },
        {
            "index": 66,
            "bbox": [
                [
                    378,
                    1283
                ],
                [
                    433,
                    1283
                ],
                [
                    433,
                    1308
                ],
                [
                    378,
                    1308
                ]
            ],
            "text": "max.",
            "label": "I_Prop"
        },
        {
            "index": 67,
            "bbox": [
                [
                    773,
                    1281
                ],
                [
                    833,
                    1281
                ],
                [
                    833,
                    1306
                ],
                [
                    773,
                    1306
                ]
            ],
            "text": "50°C",
            "label": "B_Value"
        },
        {
            "index": 68,
            "bbox": [
                [
                    136,
                    1315
                ],
                [
                    218,
                    1315
                ],
                [
                    218,
                    1343
                ],
                [
                    136,
                    1343
                ]
            ],
            "text": "Altitude",
            "label": "B_Prop"
        },
        {
            "index": 69,
            "bbox": [
                [
                    209,
                    1313
                ],
                [
                    282,
                    1313
                ],
                [
                    282,
                    1345
                ],
                [
                    209,
                    1345
                ]
            ],
            "text": "during",
            "label": "I_Prop"
        },
        {
            "index": 70,
            "bbox": [
                [
                    269,
                    1313
                ],
                [
                    374,
                    1313
                ],
                [
                    374,
                    1345
                ],
                [
                    269,
                    1345
                ]
            ],
            "text": "operation",
            "label": "I_Prop"
        },
        {
            "index": 71,
            "bbox": [
                [
                    367,
                    1313
                ],
                [
                    447,
                    1313
                ],
                [
                    447,
                    1345
                ],
                [
                    367,
                    1345
                ]
            ],
            "text": "relating",
            "label": "I_Prop"
        },
        {
            "index": 72,
            "bbox": [
                [
                    438,
                    1315
                ],
                [
                    470,
                    1315
                ],
                [
                    470,
                    1345
                ],
                [
                    438,
                    1345
                ]
            ],
            "text": "to",
            "label": "I_Prop"
        },
        {
            "index": 73,
            "bbox": [
                [
                    463,
                    1317
                ],
                [
                    508,
                    1317
                ],
                [
                    508,
                    1343
                ],
                [
                    463,
                    1343
                ]
            ],
            "text": "seal",
            "label": "I_Prop"
        },
        {
            "index": 74,
            "bbox": [
                [
                    504,
                    1315
                ],
                [
                    556,
                    1315
                ],
                [
                    556,
                    1340
                ],
                [
                    504,
                    1340
                ]
            ],
            "text": "level",
            "label": "I_Prop"
        },
        {
            "index": 75,
            "bbox": [
                [
                    196,
                    1347
                ],
                [
                    305,
                    1347
                ],
                [
                    305,
                    1377
                ],
                [
                    196,
                    1377
                ]
            ],
            "text": "Installation",
            "label": "B_Prop"
        },
        {
            "index": 76,
            "bbox": [
                [
                    303,
                    1349
                ],
                [
                    376,
                    1349
                ],
                [
                    376,
                    1375
                ],
                [
                    303,
                    1375
                ]
            ],
            "text": "altitude",
            "label": "I_Prop"
        },
        {
            "index": 77,
            "bbox": [
                [
                    376,
                    1349
                ],
                [
                    440,
                    1349
                ],
                [
                    440,
                    1375
                ],
                [
                    376,
                    1375
                ]
            ],
            "text": "above",
            "label": "I_Prop"
        },
        {
            "index": 78,
            "bbox": [
                [
                    435,
                    1352
                ],
                [
                    481,
                    1352
                ],
                [
                    481,
                    1375
                ],
                [
                    435,
                    1375
                ]
            ],
            "text": "seal",
            "label": "I_Prop"
        },
        {
            "index": 79,
            "bbox": [
                [
                    474,
                    1347
                ],
                [
                    536,
                    1347
                ],
                [
                    536,
                    1379
                ],
                [
                    474,
                    1379
                ]
            ],
            "text": "level,",
            "label": "I_Prop"
        },
        {
            "index": 80,
            "bbox": [
                [
                    531,
                    1352
                ],
                [
                    584,
                    1352
                ],
                [
                    584,
                    1375
                ],
                [
                    531,
                    1375
                ]
            ],
            "text": "max.",
            "label": "I_Prop"
        },
        {
            "index": 81,
            "bbox": [
                [
                    771,
                    1345
                ],
                [
                    835,
                    1345
                ],
                [
                    835,
                    1377
                ],
                [
                    771,
                    1377
                ]
            ],
            "text": "5000",
            "label": "B_Value"
        },
        {
            "index": 82,
            "bbox": [
                [
                    831,
                    1349
                ],
                [
                    865,
                    1349
                ],
                [
                    865,
                    1377
                ],
                [
                    831,
                    1377
                ]
            ],
            "text": "m;",
            "label": "I_Value"
        },
        {
            "index": 83,
            "bbox": [
                [
                    858,
                    1347
                ],
                [
                    970,
                    1347
                ],
                [
                    970,
                    1377
                ],
                [
                    858,
                    1377
                ]
            ],
            "text": "restrictions",
            "label": "I_Value"
        },
        {
            "index": 84,
            "bbox": [
                [
                    965,
                    1347
                ],
                [
                    1002,
                    1347
                ],
                [
                    1002,
                    1375
                ],
                [
                    965,
                    1375
                ]
            ],
            "text": "for",
            "label": "I_Value"
        },
        {
            "index": 85,
            "bbox": [
                [
                    995,
                    1347
                ],
                [
                    1105,
                    1347
                ],
                [
                    1105,
                    1377
                ],
                [
                    995,
                    1377
                ]
            ],
            "text": "installation",
            "label": "I_Value"
        },
        {
            "index": 86,
            "bbox": [
                [
                    1098,
                    1347
                ],
                [
                    1189,
                    1347
                ],
                [
                    1189,
                    1377
                ],
                [
                    1098,
                    1377
                ]
            ],
            "text": "altitudes",
            "label": "I_Value"
        },
        {
            "index": 87,
            "bbox": [
                [
                    1187,
                    1352
                ],
                [
                    1205,
                    1352
                ],
                [
                    1205,
                    1372
                ],
                [
                    1187,
                    1372
                ]
            ],
            "text": ">",
            "label": "I_Value"
        },
        {
            "index": 88,
            "bbox": [
                [
                    1201,
                    1347
                ],
                [
                    1226,
                    1347
                ],
                [
                    1226,
                    1375
                ],
                [
                    1201,
                    1375
                ]
            ],
            "text": "2",
            "label": "I_Value"
        },
        {
            "index": 89,
            "bbox": [
                [
                    1221,
                    1349
                ],
                [
                    1262,
                    1349
                ],
                [
                    1262,
                    1375
                ],
                [
                    1221,
                    1375
                ]
            ],
            "text": "000",
            "label": "I_Value"
        },
        {
            "index": 90,
            "bbox": [
                [
                    1258,
                    1349
                ],
                [
                    1292,
                    1349
                ],
                [
                    1292,
                    1377
                ],
                [
                    1258,
                    1377
                ]
            ],
            "text": "m,",
            "label": "I_Value"
        },
        {
            "index": 91,
            "bbox": [
                [
                    1287,
                    1352
                ],
                [
                    1331,
                    1352
                ],
                [
                    1331,
                    1375
                ],
                [
                    1287,
                    1375
                ]
            ],
            "text": "see",
            "label": "I_Value"
        },
        {
            "index": 92,
            "bbox": [
                [
                    1326,
                    1349
                ],
                [
                    1363,
                    1349
                ],
                [
                    1363,
                    1375
                ],
                [
                    1326,
                    1375
                ]
            ],
            "text": "ET",
            "label": "I_Value"
        },
        {
            "index": 93,
            "bbox": [
                [
                    1360,
                    1349
                ],
                [
                    1431,
                    1349
                ],
                [
                    1431,
                    1375
                ],
                [
                    1360,
                    1375
                ]
            ],
            "text": "200SP",
            "label": "I_Value"
        },
        {
            "index": 94,
            "bbox": [
                [
                    1429,
                    1352
                ],
                [
                    1502,
                    1352
                ],
                [
                    1502,
                    1377
                ],
                [
                    1429,
                    1377
                ]
            ],
            "text": "system",
            "label": "I_Value"
        },
        {
            "index": 95,
            "bbox": [
                [
                    773,
                    1375
                ],
                [
                    851,
                    1375
                ],
                [
                    851,
                    1400
                ],
                [
                    773,
                    1400
                ]
            ],
            "text": "manual",
            "label": "I_Value"
        },
        {
            "index": 96,
            "bbox": [
                [
                    120,
                    1404
                ],
                [
                    248,
                    1404
                ],
                [
                    248,
                    1436
                ],
                [
                    120,
                    1436
                ]
            ],
            "text": "Dimensions",
            "label": "B_Section"
        },
        {
            "index": 97,
            "bbox": [
                [
                    136,
                    1443
                ],
                [
                    198,
                    1443
                ],
                [
                    198,
                    1468
                ],
                [
                    136,
                    1468
                ]
            ],
            "text": "Width",
            "label": "B_Prop"
        },
        {
            "index": 98,
            "bbox": [
                [
                    773,
                    1443
                ],
                [
                    808,
                    1443
                ],
                [
                    808,
                    1471
                ],
                [
                    773,
                    1471
                ]
            ],
            "text": "20",
            "label": "B_Value"
        },
        {
            "index": 99,
            "bbox": [
                [
                    803,
                    1445
                ],
                [
                    847,
                    1445
                ],
                [
                    847,
                    1471
                ],
                [
                    803,
                    1471
                ]
            ],
            "text": "mm",
            "label": "I_Value"
        },
        {
            "index": 100,
            "bbox": [
                [
                    136,
                    1477
                ],
                [
                    207,
                    1477
                ],
                [
                    207,
                    1509
                ],
                [
                    136,
                    1509
                ]
            ],
            "text": "Height",
            "label": "B_Prop"
        },
        {
            "index": 101,
            "bbox": [
                [
                    773,
                    1477
                ],
                [
                    824,
                    1477
                ],
                [
                    824,
                    1505
                ],
                [
                    773,
                    1505
                ]
            ],
            "text": "69.5",
            "label": "B_Value"
        },
        {
            "index": 102,
            "bbox": [
                [
                    819,
                    1480
                ],
                [
                    865,
                    1480
                ],
                [
                    865,
                    1505
                ],
                [
                    819,
                    1505
                ]
            ],
            "text": "mm",
            "label": "I_Value"
        },
        {
            "index": 103,
            "bbox": [
                [
                    136,
                    1512
                ],
                [
                    202,
                    1512
                ],
                [
                    202,
                    1544
                ],
                [
                    136,
                    1544
                ]
            ],
            "text": "Depth",
            "label": "B_Prop"
        },
        {
            "index": 104,
            "bbox": [
                [
                    773,
                    1512
                ],
                [
                    805,
                    1512
                ],
                [
                    805,
                    1539
                ],
                [
                    773,
                    1539
                ]
            ],
            "text": "59",
            "label": "B_Value"
        },
        {
            "index": 105,
            "bbox": [
                [
                    803,
                    1514
                ],
                [
                    847,
                    1514
                ],
                [
                    847,
                    1539
                ],
                [
                    803,
                    1539
                ]
            ],
            "text": "mm",
            "label": "I_Value"
        },
        {
            "index": 106,
            "bbox": [
                [
                    118,
                    1544
                ],
                [
                    209,
                    1544
                ],
                [
                    209,
                    1578
                ],
                [
                    118,
                    1578
                ]
            ],
            "text": "Weights",
            "label": "B_Section"
        },
        {
            "index": 107,
            "bbox": [
                [
                    136,
                    1582
                ],
                [
                    216,
                    1582
                ],
                [
                    216,
                    1614
                ],
                [
                    136,
                    1614
                ]
            ],
            "text": "Weight,",
            "label": "B_Prop"
        },
        {
            "index": 108,
            "bbox": [
                [
                    212,
                    1587
                ],
                [
                    289,
                    1587
                ],
                [
                    289,
                    1612
                ],
                [
                    212,
                    1612
                ]
            ],
            "text": "approx.",
            "label": "I_Prop"
        },
        {
            "index": 109,
            "bbox": [
                [
                    771,
                    1582
                ],
                [
                    826,
                    1582
                ],
                [
                    826,
                    1617
                ],
                [
                    771,
                    1617
                ]
            ],
            "text": "46g",
            "label": "B_Value"
        },
        {
            "index": 110,
            "bbox": [
                [
                    138,
                    1644
                ],
                [
                    182,
                    1644
                ],
                [
                    182,
                    1669
                ],
                [
                    138,
                    1669
                ]
            ],
            "text": "last",
            "label": "B_Prop"
        },
        {
            "index": 111,
            "bbox": [
                [
                    177,
                    1642
                ],
                [
                    282,
                    1642
                ],
                [
                    282,
                    1672
                ],
                [
                    177,
                    1672
                ]
            ],
            "text": "modified:",
            "label": "I_Prop"
        },
        {
            "index": 112,
            "bbox": [
                [
                    771,
                    1642
                ],
                [
                    874,
                    1642
                ],
                [
                    874,
                    1674
                ],
                [
                    771,
                    1674
                ]
            ],
            "text": "5/22/2024",
            "label": "B_Value"
        },
        {
            "index": 113,
            "bbox": [
                [
                    879,
                    1640
                ],
                [
                    911,
                    1640
                ],
                [
                    911,
                    1672
                ],
                [
                    879,
                    1672
                ]
            ],
            "text": "G",
            "label": "Out"
        },
        {
            "index": 114,
            "bbox": [
                [
                    122,
                    2247
                ],
                [
                    371,
                    2247
                ],
                [
                    371,
                    2277
                ],
                [
                    122,
                    2277
                ]
            ],
            "text": "6ES71936AR000AAO",
            "label": "Out"
        },
        {
            "index": 115,
            "bbox": [
                [
                    760,
                    2261
                ],
                [
                    881,
                    2261
                ],
                [
                    881,
                    2291
                ],
                [
                    760,
                    2291
                ]
            ],
            "text": "7/21/2024",
            "label": "Out"
        },
        {
            "index": 116,
            "bbox": [
                [
                    1166,
                    2247
                ],
                [
                    1255,
                    2247
                ],
                [
                    1255,
                    2279
                ],
                [
                    1166,
                    2279
                ]
            ],
            "text": "Subject",
            "label": "Out"
        },
        {
            "index": 117,
            "bbox": [
                [
                    1253,
                    2249
                ],
                [
                    1285,
                    2249
                ],
                [
                    1285,
                    2277
                ],
                [
                    1253,
                    2277
                ]
            ],
            "text": "to",
            "label": "Out"
        },
        {
            "index": 118,
            "bbox": [
                [
                    1283,
                    2247
                ],
                [
                    1372,
                    2247
                ],
                [
                    1372,
                    2281
                ],
                [
                    1283,
                    2281
                ]
            ],
            "text": "change",
            "label": "Out"
        },
        {
            "index": 119,
            "bbox": [
                [
                    1372,
                    2247
                ],
                [
                    1459,
                    2247
                ],
                [
                    1459,
                    2277
                ],
                [
                    1372,
                    2277
                ]
            ],
            "text": "without",
            "label": "Out"
        },
        {
            "index": 120,
            "bbox": [
                [
                    1456,
                    2245
                ],
                [
                    1534,
                    2245
                ],
                [
                    1534,
                    2277
                ],
                [
                    1456,
                    2277
                ]
            ],
            "text": "notice",
            "label": "Out"
        },
        {
            "index": 121,
            "bbox": [
                [
                    122,
                    2275
                ],
                [
                    189,
                    2275
                ],
                [
                    189,
                    2309
                ],
                [
                    122,
                    2309
                ]
            ],
            "text": "Page",
            "label": "Out"
        },
        {
            "index": 122,
            "bbox": [
                [
                    189,
                    2275
                ],
                [
                    230,
                    2275
                ],
                [
                    230,
                    2304
                ],
                [
                    189,
                    2304
                ]
            ],
            "text": "1/1",
            "label": "Out"
        },
        {
            "index": 123,
            "bbox": [
                [
                    1285,
                    2275
                ],
                [
                    1315,
                    2275
                ],
                [
                    1315,
                    2307
                ],
                [
                    1285,
                    2307
                ]
            ],
            "text": "@",
            "label": "Out"
        },
        {
            "index": 124,
            "bbox": [
                [
                    1315,
                    2275
                ],
                [
                    1429,
                    2275
                ],
                [
                    1429,
                    2309
                ],
                [
                    1315,
                    2309
                ]
            ],
            "text": "Copyright",
            "label": "Out"
        },
        {
            "index": 125,
            "bbox": [
                [
                    1427,
                    2275
                ],
                [
                    1532,
                    2275
                ],
                [
                    1532,
                    2304
                ],
                [
                    1427,
                    2304
                ]
            ],
            "text": "Siemens",
            "label": "Out"
        }
    ]
}