{
    "datasheet": [
        {
            "index": 0,
            "bbox": [
                [
                    146,
                    106
                ],
                [
                    146,
                    157
                ],
                [
                    405,
                    157
                ],
                [
                    405,
                    106
                ]
            ],
            "text": "Product",
            "label": "B_Descri"
        },
        {
            "index": 1,
            "bbox": [
                [
                    427,
                    100
                ],
                [
                    577,
                    100
                ],
                [
                    577,
                    161
                ],
                [
                    427,
                    161
                ]
            ],
            "text": "data",
            "label": "I_Descri"
        },
        {
            "index": 2,
            "bbox": [
                [
                    596,
                    103
                ],
                [
                    786,
                    103
                ],
                [
                    786,
                    161
                ],
                [
                    596,
                    161
                ]
            ],
            "text": "sheet",
            "label": "I_Descri"
        },
        {
            "index": 3,
            "bbox": [
                [
                    136,
                    182
                ],
                [
                    297,
                    182
                ],
                [
                    297,
                    219
                ],
                [
                    136,
                    219
                ]
            ],
            "text": "Specifications",
            "label": "B_Section"
        },
        {
            "index": 4,
            "bbox": [
                [
                    680,
                    288
                ],
                [
                    807,
                    288
                ],
                [
                    807,
                    341
                ],
                [
                    680,
                    341
                ]
            ],
            "text": "Base",
            "label": "B_Descri"
        },
        {
            "index": 5,
            "bbox": [
                [
                    821,
                    291
                ],
                [
                    948,
                    291
                ],
                [
                    948,
                    338
                ],
                [
                    821,
                    338
                ]
            ],
            "text": "radio",
            "label": "I_Descri"
        },
        {
            "index": 6,
            "bbox": [
                [
                    956,
                    288
                ],
                [
                    1059,
                    288
                ],
                [
                    1059,
                    338
                ],
                [
                    956,
                    338
                ]
            ],
            "text": "with",
            "label": "I_Descri"
        },
        {
            "index": 7,
            "bbox": [
                [
                    1077,
                    291
                ],
                [
                    1273,
                    291
                ],
                [
                    1273,
                    338
                ],
                [
                    1077,
                    338
                ]
            ],
            "text": "Modbus",
            "label": "I_Descri"
        },
        {
            "index": 8,
            "bbox": [
                [
                    1289,
                    291
                ],
                [
                    1522,
                    291
                ],
                [
                    1522,
                    349
                ],
                [
                    1289,
                    349
                ]
            ],
            "text": "capability",
            "label": "I_Descri"
        },
        {
            "index": 9,
            "bbox": [
                [
                    675,
                    354
                ],
                [
                    752,
                    354
                ],
                [
                    752,
                    410
                ],
                [
                    675,
                    410
                ]
            ],
            "text": "for",
            "label": "I_Descri"
        },
        {
            "index": 10,
            "bbox": [
                [
                    760,
                    359
                ],
                [
                    987,
                    359
                ],
                [
                    987,
                    404
                ],
                [
                    760,
                    404
                ]
            ],
            "text": "Accutech",
            "label": "I_Descri"
        },
        {
            "index": 11,
            "bbox": [
                [
                    1001,
                    359
                ],
                [
                    1204,
                    359
                ],
                [
                    1204,
                    404
                ],
                [
                    1001,
                    404
                ]
            ],
            "text": "wireless",
            "label": "I_Descri"
        },
        {
            "index": 12,
            "bbox": [
                [
                    1215,
                    357
                ],
                [
                    1321,
                    357
                ],
                [
                    1321,
                    407
                ],
                [
                    1215,
                    407
                ]
            ],
            "text": "field",
            "label": "I_Descri"
        },
        {
            "index": 13,
            "bbox": [
                [
                    1337,
                    357
                ],
                [
                    1456,
                    357
                ],
                [
                    1456,
                    407
                ],
                [
                    1337,
                    407
                ]
            ],
            "text": "units",
            "label": "I_Descri"
        },
        {
            "index": 14,
            "bbox": [
                [
                    1466,
                    365
                ],
                [
                    1532,
                    365
                ],
                [
                    1532,
                    410
                ],
                [
                    1466,
                    410
                ]
            ],
            "text": "on",
            "label": "I_Descri"
        },
        {
            "index": 15,
            "bbox": [
                [
                    1543,
                    365
                ],
                [
                    1580,
                    365
                ],
                [
                    1580,
                    407
                ],
                [
                    1543,
                    407
                ]
            ],
            "text": "a",
            "label": "I_Descri"
        },
        {
            "index": 16,
            "bbox": [
                [
                    678,
                    420
                ],
                [
                    778,
                    420
                ],
                [
                    778,
                    473
                ],
                [
                    678,
                    473
                ]
            ],
            "text": "DIN",
            "label": "I_Descri"
        },
        {
            "index": 17,
            "bbox": [
                [
                    792,
                    425
                ],
                [
                    950,
                    425
                ],
                [
                    950,
                    473
                ],
                [
                    792,
                    473
                ]
            ],
            "text": "mount",
            "label": "I_Descri"
        },
        {
            "index": 18,
            "bbox": [
                [
                    678,
                    531
                ],
                [
                    747,
                    531
                ],
                [
                    747,
                    560
                ],
                [
                    678,
                    560
                ]
            ],
            "text": "BR20",
            "label": "B_Ref"
        },
        {
            "index": 19,
            "bbox": [
                [
                    136,
                    804
                ],
                [
                    220,
                    804
                ],
                [
                    220,
                    843
                ],
                [
                    136,
                    843
                ]
            ],
            "text": "Main",
            "label": "B_Section"
        },
        {
            "index": 20,
            "bbox": [
                [
                    136,
                    857
                ],
                [
                    223,
                    857
                ],
                [
                    223,
                    894
                ],
                [
                    136,
                    894
                ]
            ],
            "text": "Range",
            "label": "B_Prop"
        },
        {
            "index": 21,
            "bbox": [
                [
                    220,
                    857
                ],
                [
                    255,
                    857
                ],
                [
                    255,
                    888
                ],
                [
                    220,
                    888
                ]
            ],
            "text": "of",
            "label": "I_Prop"
        },
        {
            "index": 22,
            "bbox": [
                [
                    249,
                    857
                ],
                [
                    355,
                    857
                ],
                [
                    355,
                    894
                ],
                [
                    249,
                    894
                ]
            ],
            "text": "product",
            "label": "I_Prop"
        },
        {
            "index": 23,
            "bbox": [
                [
                    564,
                    859
                ],
                [
                    665,
                    859
                ],
                [
                    665,
                    886
                ],
                [
                    564,
                    886
                ]
            ],
            "text": "Accutech",
            "label": "B_Value"
        },
        {
            "index": 24,
            "bbox": [
                [
                    133,
                    915
                ],
                [
                    244,
                    915
                ],
                [
                    244,
                    949
                ],
                [
                    133,
                    949
                ]
            ],
            "text": "Product",
            "label": "B_Prop"
        },
        {
            "index": 25,
            "bbox": [
                [
                    236,
                    920
                ],
                [
                    278,
                    920
                ],
                [
                    278,
                    949
                ],
                [
                    236,
                    949
                ]
            ],
            "text": "or",
            "label": "I_Prop"
        },
        {
            "index": 26,
            "bbox": [
                [
                    270,
                    917
                ],
                [
                    419,
                    917
                ],
                [
                    419,
                    952
                ],
                [
                    270,
                    952
                ]
            ],
            "text": "component",
            "label": "I_Prop"
        },
        {
            "index": 27,
            "bbox": [
                [
                    413,
                    915
                ],
                [
                    479,
                    915
                ],
                [
                    479,
                    955
                ],
                [
                    413,
                    955
                ]
            ],
            "text": "type",
            "label": "I_Prop"
        },
        {
            "index": 28,
            "bbox": [
                [
                    567,
                    917
                ],
                [
                    625,
                    917
                ],
                [
                    625,
                    947
                ],
                [
                    567,
                    947
                ]
            ],
            "text": "Base",
            "label": "B_Value"
        },
        {
            "index": 29,
            "bbox": [
                [
                    622,
                    917
                ],
                [
                    680,
                    917
                ],
                [
                    680,
                    947
                ],
                [
                    622,
                    947
                ]
            ],
            "text": "radio",
            "label": "I_Value"
        },
        {
            "index": 30,
            "bbox": [
                [
                    136,
                    976
                ],
                [
                    231,
                    976
                ],
                [
                    231,
                    1007
                ],
                [
                    136,
                    1007
                ]
            ],
            "text": "Market",
            "label": "B_Prop"
        },
        {
            "index": 31,
            "bbox": [
                [
                    225,
                    976
                ],
                [
                    339,
                    976
                ],
                [
                    339,
                    1010
                ],
                [
                    225,
                    1010
                ]
            ],
            "text": "segment",
            "label": "I_Prop"
        },
        {
            "index": 32,
            "bbox": [
                [
                    564,
                    973
                ],
                [
                    604,
                    973
                ],
                [
                    604,
                    1005
                ],
                [
                    564,
                    1005
                ]
            ],
            "text": "Oil",
            "label": "B_Value"
        },
        {
            "index": 33,
            "bbox": [
                [
                    598,
                    973
                ],
                [
                    646,
                    973
                ],
                [
                    646,
                    1005
                ],
                [
                    598,
                    1005
                ]
            ],
            "text": "and",
            "label": "I_Value"
        },
        {
            "index": 34,
            "bbox": [
                [
                    641,
                    978
                ],
                [
                    688,
                    978
                ],
                [
                    688,
                    1007
                ],
                [
                    641,
                    1007
                ]
            ],
            "text": "gas",
            "label": "I_Value"
        },
        {
            "index": 35,
            "bbox": [
                [
                    564,
                    1000
                ],
                [
                    641,
                    1000
                ],
                [
                    641,
                    1037
                ],
                [
                    564,
                    1037
                ]
            ],
            "text": "Mining",
            "label": "I_Value"
        },
        {
            "index": 36,
            "bbox": [
                [
                    564,
                    1029
                ],
                [
                    636,
                    1029
                ],
                [
                    636,
                    1058
                ],
                [
                    564,
                    1058
                ]
            ],
            "text": "Water",
            "label": "I_Value"
        },
        {
            "index": 37,
            "bbox": [
                [
                    630,
                    1029
                ],
                [
                    678,
                    1029
                ],
                [
                    678,
                    1058
                ],
                [
                    630,
                    1058
                ]
            ],
            "text": "and",
            "label": "I_Value"
        },
        {
            "index": 38,
            "bbox": [
                [
                    673,
                    1031
                ],
                [
                    741,
                    1031
                ],
                [
                    741,
                    1058
                ],
                [
                    673,
                    1058
                ]
            ],
            "text": "waste",
            "label": "I_Value"
        },
        {
            "index": 39,
            "bbox": [
                [
                    736,
                    1031
                ],
                [
                    802,
                    1031
                ],
                [
                    802,
                    1058
                ],
                [
                    736,
                    1058
                ]
            ],
            "text": "water",
            "label": "I_Value"
        },
        {
            "index": 40,
            "bbox": [
                [
                    138,
                    1129
                ],
                [
                    397,
                    1129
                ],
                [
                    397,
                    1166
                ],
                [
                    138,
                    1166
                ]
            ],
            "text": "Complementary",
            "label": "B_Section"
        },
        {
            "index": 41,
            "bbox": [
                [
                    133,
                    1179
                ],
                [
                    210,
                    1179
                ],
                [
                    210,
                    1216
                ],
                [
                    133,
                    1216
                ]
            ],
            "text": "Input",
            "label": "B_Prop"
        },
        {
            "index": 42,
            "bbox": [
                [
                    204,
                    1179
                ],
                [
                    305,
                    1179
                ],
                [
                    305,
                    1216
                ],
                [
                    204,
                    1216
                ]
            ],
            "text": "voltage",
            "label": "I_Prop"
        },
        {
            "index": 43,
            "bbox": [
                [
                    564,
                    1177
                ],
                [
                    646,
                    1177
                ],
                [
                    646,
                    1214
                ],
                [
                    564,
                    1214
                ]
            ],
            "text": "10...30",
            "label": "B_Value"
        },
        {
            "index": 44,
            "bbox": [
                [
                    638,
                    1179
                ],
                [
                    667,
                    1179
                ],
                [
                    667,
                    1211
                ],
                [
                    638,
                    1211
                ]
            ],
            "text": "VI",
            "label": "B_Unit"
        },
        {
            "index": 45,
            "bbox": [
                [
                    662,
                    1179
                ],
                [
                    702,
                    1179
                ],
                [
                    702,
                    1208
                ],
                [
                    662,
                    1208
                ]
            ],
            "text": "DC",
            "label": "I_Unit"
        },
        {
            "index": 46,
            "bbox": [
                [
                    133,
                    1235
                ],
                [
                    241,
                    1235
                ],
                [
                    241,
                    1269
                ],
                [
                    133,
                    1269
                ]
            ],
            "text": "Current",
            "label": "B_Prop"
        },
        {
            "index": 47,
            "bbox": [
                [
                    236,
                    1238
                ],
                [
                    403,
                    1238
                ],
                [
                    403,
                    1272
                ],
                [
                    236,
                    1272
                ]
            ],
            "text": "consumption",
            "label": "I_Prop"
        },
        {
            "index": 48,
            "bbox": [
                [
                    564,
                    1238
                ],
                [
                    601,
                    1238
                ],
                [
                    601,
                    1267
                ],
                [
                    564,
                    1267
                ]
            ],
            "text": "30",
            "label": "B_Value"
        },
        {
            "index": 49,
            "bbox": [
                [
                    596,
                    1238
                ],
                [
                    641,
                    1238
                ],
                [
                    641,
                    1267
                ],
                [
                    596,
                    1267
                ]
            ],
            "text": "mA",
            "label": "B_Unit"
        },
        {
            "index": 50,
            "bbox": [
                [
                    138,
                    1298
                ],
                [
                    215,
                    1298
                ],
                [
                    215,
                    1328
                ],
                [
                    138,
                    1328
                ]
            ],
            "text": "Radio",
            "label": "B_Prop"
        },
        {
            "index": 51,
            "bbox": [
                [
                    212,
                    1296
                ],
                [
                    345,
                    1296
                ],
                [
                    345,
                    1333
                ],
                [
                    212,
                    1333
                ]
            ],
            "text": "frequency",
            "label": "I_Prop"
        },
        {
            "index": 52,
            "bbox": [
                [
                    342,
                    1298
                ],
                [
                    416,
                    1298
                ],
                [
                    416,
                    1328
                ],
                [
                    342,
                    1328
                ]
            ],
            "text": "fields",
            "label": "I_Prop"
        },
        {
            "index": 53,
            "bbox": [
                [
                    564,
                    1296
                ],
                [
                    612,
                    1296
                ],
                [
                    612,
                    1325
                ],
                [
                    564,
                    1325
                ]
            ],
            "text": "900",
            "label": "B_Value"
        },
        {
            "index": 54,
            "bbox": [
                [
                    609,
                    1298
                ],
                [
                    665,
                    1298
                ],
                [
                    665,
                    1328
                ],
                [
                    609,
                    1328
                ]
            ],
            "text": "MHz",
            "label": "B_Unit"
        },
        {
            "index": 55,
            "bbox": [
                [
                    564,
                    1322
                ],
                [
                    606,
                    1322
                ],
                [
                    606,
                    1351
                ],
                [
                    564,
                    1351
                ]
            ],
            "text": "2.4",
            "label": "B_Value"
        },
        {
            "index": 56,
            "bbox": [
                [
                    601,
                    1322
                ],
                [
                    657,
                    1322
                ],
                [
                    657,
                    1351
                ],
                [
                    601,
                    1351
                ]
            ],
            "text": "GHz",
            "label": "B_Unit"
        },
        {
            "index": 57,
            "bbox": [
                [
                    138,
                    1423
                ],
                [
                    347,
                    1423
                ],
                [
                    347,
                    1457
                ],
                [
                    138,
                    1457
                ]
            ],
            "text": "Environment",
            "label": "B_Section"
        },
        {
            "index": 58,
            "bbox": [
                [
                    133,
                    1470
                ],
                [
                    249,
                    1470
                ],
                [
                    249,
                    1505
                ],
                [
                    133,
                    1505
                ]
            ],
            "text": "Ambient",
            "label": "B_Prop"
        },
        {
            "index": 59,
            "bbox": [
                [
                    241,
                    1476
                ],
                [
                    286,
                    1476
                ],
                [
                    286,
                    1505
                ],
                [
                    241,
                    1505
                ]
            ],
            "text": "air",
            "label": "I_Prop"
        },
        {
            "index": 60,
            "bbox": [
                [
                    284,
                    1473
                ],
                [
                    442,
                    1473
                ],
                [
                    442,
                    1510
                ],
                [
                    284,
                    1510
                ]
            ],
            "text": "temperature",
            "label": "I_Prop"
        },
        {
            "index": 61,
            "bbox": [
                [
                    440,
                    1473
                ],
                [
                    485,
                    1473
                ],
                [
                    485,
                    1505
                ],
                [
                    440,
                    1505
                ]
            ],
            "text": "for",
            "label": "I_Prop"
        },
        {
            "index": 62,
            "bbox": [
                [
                    564,
                    1473
                ],
                [
                    659,
                    1473
                ],
                [
                    659,
                    1505
                ],
                [
                    564,
                    1505
                ]
            ],
            "text": "-40...70",
            "label": "B_Value"
        },
        {
            "index": 63,
            "bbox": [
                [
                    649,
                    1473
                ],
                [
                    686,
                    1473
                ],
                [
                    686,
                    1502
                ],
                [
                    649,
                    1502
                ]
            ],
            "text": "°C",
            "label": "B_Unit"
        },
        {
            "index": 64,
            "bbox": [
                [
                    133,
                    1505
                ],
                [
                    260,
                    1505
                ],
                [
                    260,
                    1539
                ],
                [
                    133,
                    1539
                ]
            ],
            "text": "operation",
            "label": "I_Prop"
        },
        {
            "index": 65,
            "bbox": [
                [
                    564,
                    1500
                ],
                [
                    659,
                    1500
                ],
                [
                    659,
                    1531
                ],
                [
                    564,
                    1531
                ]
            ],
            "text": "-40...70",
            "label": "B_Value"
        },
        {
            "index": 66,
            "bbox": [
                [
                    649,
                    1500
                ],
                [
                    649,
                    1529
                ],
                [
                    686,
                    1529
                ],
                [
                    686,
                    1500
                ]
            ],
            "text": "°C",
            "label": "B_Unit"
        },
        {
            "index": 67,
            "bbox": [
                [
                    133,
                    1560
                ],
                [
                    273,
                    1560
                ],
                [
                    273,
                    1595
                ],
                [
                    133,
                    1595
                ]
            ],
            "text": "Standards",
            "label": "B_Prop"
        },
        {
            "index": 68,
            "bbox": [
                [
                    564,
                    1563
                ],
                [
                    633,
                    1563
                ],
                [
                    633,
                    1592
                ],
                [
                    564,
                    1592
                ]
            ],
            "text": "ATEX",
            "label": "B_Value"
        },
        {
            "index": 69,
            "bbox": [
                [
                    633,
                    1563
                ],
                [
                    688,
                    1563
                ],
                [
                    688,
                    1592
                ],
                [
                    633,
                    1592
                ]
            ],
            "text": "100a",
            "label": "I_Value"
        },
        {
            "index": 70,
            "bbox": [
                [
                    688,
                    1574
                ],
                [
                    704,
                    1574
                ],
                [
                    704,
                    1589
                ],
                [
                    688,
                    1589
                ]
            ],
            "text": "-",
            "label": "I_Value"
        },
        {
            "index": 71,
            "bbox": [
                [
                    699,
                    1563
                ],
                [
                    749,
                    1563
                ],
                [
                    749,
                    1592
                ],
                [
                    699,
                    1592
                ]
            ],
            "text": "EEx",
            "label": "I_Value"
        },
        {
            "index": 72,
            "bbox": [
                [
                    744,
                    1563
                ],
                [
                    781,
                    1563
                ],
                [
                    781,
                    1592
                ],
                [
                    744,
                    1592
                ]
            ],
            "text": "nL",
            "label": "I_Value"
        },
        {
            "index": 73,
            "bbox": [
                [
                    776,
                    1560
                ],
                [
                    815,
                    1560
                ],
                [
                    815,
                    1592
                ],
                [
                    776,
                    1592
                ]
            ],
            "text": "IIC",
            "label": "I_Value"
        },
        {
            "index": 74,
            "bbox": [
                [
                    807,
                    1560
                ],
                [
                    847,
                    1560
                ],
                [
                    847,
                    1592
                ],
                [
                    807,
                    1592
                ]
            ],
            "text": "T4",
            "label": "I_Value"
        },
        {
            "index": 75,
            "bbox": [
                [
                    567,
                    1589
                ],
                [
                    651,
                    1589
                ],
                [
                    651,
                    1619
                ],
                [
                    567,
                    1619
                ]
            ],
            "text": "HazLoc",
            "label": "I_Value"
        },
        {
            "index": 76,
            "bbox": [
                [
                    136,
                    1642
                ],
                [
                    244,
                    1642
                ],
                [
                    244,
                    1677
                ],
                [
                    136,
                    1677
                ]
            ],
            "text": "Product",
            "label": "B_Prop"
        },
        {
            "index": 77,
            "bbox": [
                [
                    236,
                    1642
                ],
                [
                    411,
                    1642
                ],
                [
                    411,
                    1677
                ],
                [
                    236,
                    1677
                ]
            ],
            "text": "certifications",
            "label": "I_Prop"
        },
        {
            "index": 78,
            "bbox": [
                [
                    564,
                    1645
                ],
                [
                    620,
                    1645
                ],
                [
                    620,
                    1674
                ],
                [
                    564,
                    1674
                ]
            ],
            "text": "CSA",
            "label": "B_Value"
        },
        {
            "index": 79,
            "bbox": [
                [
                    617,
                    1645
                ],
                [
                    683,
                    1645
                ],
                [
                    683,
                    1674
                ],
                [
                    617,
                    1674
                ]
            ],
            "text": "Class",
            "label": "I_Value"
        },
        {
            "index": 80,
            "bbox": [
                [
                    675,
                    1642
                ],
                [
                    786,
                    1642
                ],
                [
                    786,
                    1677
                ],
                [
                    675,
                    1677
                ]
            ],
            "text": "1Division",
            "label": "I_Value"
        },
        {
            "index": 81,
            "bbox": [
                [
                    776,
                    1642
                ],
                [
                    805,
                    1642
                ],
                [
                    805,
                    1677
                ],
                [
                    776,
                    1677
                ]
            ],
            "text": "2",
            "label": "I_Value"
        },
        {
            "index": 82,
            "bbox": [
                [
                    567,
                    1669
                ],
                [
                    622,
                    1669
                ],
                [
                    622,
                    1701
                ],
                [
                    567,
                    1701
                ]
            ],
            "text": "CSA",
            "label": "I_Value"
        },
        {
            "index": 83,
            "bbox": [
                [
                    617,
                    1671
                ],
                [
                    680,
                    1671
                ],
                [
                    680,
                    1701
                ],
                [
                    617,
                    1701
                ]
            ],
            "text": "Class",
            "label": "I_Value"
        },
        {
            "index": 84,
            "bbox": [
                [
                    699,
                    1671
                ],
                [
                    784,
                    1671
                ],
                [
                    784,
                    1701
                ],
                [
                    699,
                    1701
                ]
            ],
            "text": "Division",
            "label": "I_Value"
        },
        {
            "index": 85,
            "bbox": [
                [
                    781,
                    1669
                ],
                [
                    800,
                    1669
                ],
                [
                    800,
                    1701
                ],
                [
                    781,
                    1701
                ]
            ],
            "text": "1",
            "label": "I_Value"
        },
        {
            "index": 86,
            "bbox": [
                [
                    564,
                    1698
                ],
                [
                    638,
                    1698
                ],
                [
                    638,
                    1727
                ],
                [
                    564,
                    1727
                ]
            ],
            "text": "IECEX",
            "label": "I_Value"
        },
        {
            "index": 87,
            "bbox": [
                [
                    1617,
                    1769
                ],
                [
                    1636,
                    1769
                ],
                [
                    1636,
                    1793
                ],
                [
                    1617,
                    1793
                ]
            ],
            "text": "E",
            "label": "Out"
        },
        {
            "index": 88,
            "bbox": [
                [
                    1620,
                    1817
                ],
                [
                    1636,
                    1817
                ],
                [
                    1636,
                    1873
                ],
                [
                    1620,
                    1873
                ]
            ],
            "text": "-",
            "label": "Out"
        },
        {
            "index": 89,
            "bbox": [
                [
                    1614,
                    1867
                ],
                [
                    1641,
                    1867
                ],
                [
                    1641,
                    1928
                ],
                [
                    1614,
                    1928
                ]
            ],
            "text": "-",
            "label": "Out"
        },
        {
            "index": 90,
            "bbox": [
                [
                    1614,
                    1920
                ],
                [
                    1641,
                    1920
                ],
                [
                    1641,
                    1962
                ],
                [
                    1614,
                    1962
                ]
            ],
            "text": "2",
            "label": "Out"
        },
        {
            "index": 91,
            "bbox": [
                [
                    1614,
                    1960
                ],
                [
                    1641,
                    1960
                ],
                [
                    1641,
                    2050
                ],
                [
                    1614,
                    2050
                ]
            ],
            "text": "I",
            "label": "Out"
        },
        {
            "index": 92,
            "bbox": [
                [
                    136,
                    2642
                ],
                [
                    186,
                    2642
                ],
                [
                    186,
                    2674
                ],
                [
                    136,
                    2674
                ]
            ],
            "text": "Sep",
            "label": "Out"
        },
        {
            "index": 93,
            "bbox": [
                [
                    180,
                    2640
                ],
                [
                    215,
                    2640
                ],
                [
                    215,
                    2674
                ],
                [
                    180,
                    2674
                ]
            ],
            "text": "8,",
            "label": "Out"
        },
        {
            "index": 94,
            "bbox": [
                [
                    210,
                    2642
                ],
                [
                    273,
                    2642
                ],
                [
                    273,
                    2671
                ],
                [
                    210,
                    2671
                ]
            ],
            "text": "2022",
            "label": "Out"
        },
        {
            "index": 95,
            "bbox": [
                [
                    694,
                    2642
                ],
                [
                    765,
                    2642
                ],
                [
                    765,
                    2671
                ],
                [
                    694,
                    2671
                ]
            ],
            "text": "Lifelson",
            "label": "Out"
        },
        {
            "index": 96,
            "bbox": [
                [
                    770,
                    2642
                ],
                [
                    863,
                    2642
                ],
                [
                    863,
                    2682
                ],
                [
                    770,
                    2682
                ]
            ],
            "text": "Schneider",
            "label": "Out"
        }
    ]
}