{
    "datasheet": [
        {
            "index": 0,
            "bbox": [
                [
                    138,
                    21
                ],
                [
                    192,
                    21
                ],
                [
                    192,
                    51
                ],
                [
                    138,
                    51
                ]
            ],
            "text": "This",
            "label": "Out"
        },
        {
            "index": 1,
            "bbox": [
                [
                    188,
                    21
                ],
                [
                    300,
                    21
                ],
                [
                    300,
                    51
                ],
                [
                    188,
                    51
                ]
            ],
            "text": "document",
            "label": "Out"
        },
        {
            "index": 2,
            "bbox": [
                [
                    297,
                    25
                ],
                [
                    390,
                    25
                ],
                [
                    390,
                    47
                ],
                [
                    297,
                    47
                ]
            ],
            "text": "contains",
            "label": "Out"
        },
        {
            "index": 3,
            "bbox": [
                [
                    388,
                    21
                ],
                [
                    443,
                    21
                ],
                [
                    443,
                    51
                ],
                [
                    388,
                    51
                ]
            ],
            "text": "data",
            "label": "Out"
        },
        {
            "index": 4,
            "bbox": [
                [
                    441,
                    23
                ],
                [
                    564,
                    23
                ],
                [
                    564,
                    53
                ],
                [
                    441,
                    53
                ]
            ],
            "text": "proprietary:",
            "label": "Out"
        },
        {
            "index": 5,
            "bbox": [
                [
                    559,
                    23
                ],
                [
                    590,
                    23
                ],
                [
                    590,
                    51
                ],
                [
                    559,
                    51
                ]
            ],
            "text": "to",
            "label": "Out"
        },
        {
            "index": 6,
            "bbox": [
                [
                    590,
                    23
                ],
                [
                    630,
                    23
                ],
                [
                    630,
                    49
                ],
                [
                    590,
                    49
                ]
            ],
            "text": "PUI",
            "label": "Out"
        },
        {
            "index": 7,
            "bbox": [
                [
                    628,
                    21
                ],
                [
                    697,
                    21
                ],
                [
                    697,
                    51
                ],
                [
                    628,
                    51
                ]
            ],
            "text": "Audio",
            "label": "Out"
        },
        {
            "index": 8,
            "bbox": [
                [
                    695,
                    23
                ],
                [
                    738,
                    23
                ],
                [
                    738,
                    49
                ],
                [
                    695,
                    49
                ]
            ],
            "text": "Inc.",
            "label": "Out"
        },
        {
            "index": 9,
            "bbox": [
                [
                    733,
                    23
                ],
                [
                    785,
                    23
                ],
                [
                    785,
                    55
                ],
                [
                    733,
                    55
                ]
            ],
            "text": "Any",
            "label": "Out"
        },
        {
            "index": 10,
            "bbox": [
                [
                    781,
                    27
                ],
                [
                    824,
                    27
                ],
                [
                    824,
                    49
                ],
                [
                    781,
                    49
                ]
            ],
            "text": "use",
            "label": "Out"
        },
        {
            "index": 11,
            "bbox": [
                [
                    822,
                    25
                ],
                [
                    854,
                    25
                ],
                [
                    854,
                    51
                ],
                [
                    822,
                    51
                ]
            ],
            "text": "or",
            "label": "Out"
        },
        {
            "index": 12,
            "bbox": [
                [
                    852,
                    23
                ],
                [
                    993,
                    23
                ],
                [
                    993,
                    53
                ],
                [
                    852,
                    53
                ]
            ],
            "text": "reproduction,",
            "label": "Out"
        },
        {
            "index": 13,
            "bbox": [
                [
                    993,
                    23
                ],
                [
                    1021,
                    23
                ],
                [
                    1021,
                    51
                ],
                [
                    993,
                    51
                ]
            ],
            "text": "in",
            "label": "Out"
        },
        {
            "index": 14,
            "bbox": [
                [
                    1017,
                    23
                ],
                [
                    1066,
                    23
                ],
                [
                    1066,
                    55
                ],
                [
                    1017,
                    55
                ]
            ],
            "text": "any",
            "label": "Out"
        },
        {
            "index": 15,
            "bbox": [
                [
                    1060,
                    23
                ],
                [
                    1125,
                    23
                ],
                [
                    1125,
                    53
                ],
                [
                    1060,
                    53
                ]
            ],
            "text": "form,",
            "label": "Out"
        },
        {
            "index": 16,
            "bbox": [
                [
                    1122,
                    21
                ],
                [
                    1210,
                    21
                ],
                [
                    1210,
                    51
                ],
                [
                    1122,
                    51
                ]
            ],
            "text": "without",
            "label": "Out"
        },
        {
            "index": 17,
            "bbox": [
                [
                    1208,
                    23
                ],
                [
                    1266,
                    23
                ],
                [
                    1266,
                    53
                ],
                [
                    1208,
                    53
                ]
            ],
            "text": "prior",
            "label": "Out"
        },
        {
            "index": 18,
            "bbox": [
                [
                    1262,
                    21
                ],
                [
                    1346,
                    21
                ],
                [
                    1346,
                    51
                ],
                [
                    1262,
                    51
                ]
            ],
            "text": "written",
            "label": "Out"
        },
        {
            "index": 19,
            "bbox": [
                [
                    1346,
                    23
                ],
                [
                    1462,
                    23
                ],
                [
                    1462,
                    53
                ],
                [
                    1346,
                    53
                ]
            ],
            "text": "permission",
            "label": "Out"
        },
        {
            "index": 20,
            "bbox": [
                [
                    643,
                    51
                ],
                [
                    673,
                    51
                ],
                [
                    673,
                    79
                ],
                [
                    643,
                    79
                ]
            ],
            "text": "of",
            "label": "Out"
        },
        {
            "index": 21,
            "bbox": [
                [
                    669,
                    49
                ],
                [
                    716,
                    49
                ],
                [
                    716,
                    81
                ],
                [
                    669,
                    81
                ]
            ],
            "text": "PUI",
            "label": "Out"
        },
        {
            "index": 22,
            "bbox": [
                [
                    710,
                    51
                ],
                [
                    781,
                    51
                ],
                [
                    781,
                    81
                ],
                [
                    710,
                    81
                ]
            ],
            "text": "Audio",
            "label": "Out"
        },
        {
            "index": 23,
            "bbox": [
                [
                    779,
                    53
                ],
                [
                    819,
                    53
                ],
                [
                    819,
                    79
                ],
                [
                    779,
                    79
                ]
            ],
            "text": "Inc.",
            "label": "Out"
        },
        {
            "index": 24,
            "bbox": [
                [
                    817,
                    51
                ],
                [
                    843,
                    51
                ],
                [
                    843,
                    81
                ],
                [
                    817,
                    81
                ]
            ],
            "text": "is",
            "label": "Out"
        },
        {
            "index": 25,
            "bbox": [
                [
                    841,
                    53
                ],
                [
                    959,
                    53
                ],
                [
                    959,
                    83
                ],
                [
                    841,
                    83
                ]
            ],
            "text": "prohibited.",
            "label": "Out"
        },
        {
            "index": 26,
            "bbox": [
                [
                    686,
                    83
                ],
                [
                    770,
                    83
                ],
                [
                    770,
                    113
                ],
                [
                    686,
                    113
                ]
            ],
            "text": "@2024,",
            "label": "Out"
        },
        {
            "index": 27,
            "bbox": [
                [
                    770,
                    85
                ],
                [
                    813,
                    85
                ],
                [
                    813,
                    109
                ],
                [
                    770,
                    109
                ]
            ],
            "text": "PUI",
            "label": "Out"
        },
        {
            "index": 28,
            "bbox": [
                [
                    809,
                    81
                ],
                [
                    880,
                    81
                ],
                [
                    880,
                    111
                ],
                [
                    809,
                    111
                ]
            ],
            "text": "Audio",
            "label": "Out"
        },
        {
            "index": 29,
            "bbox": [
                [
                    877,
                    83
                ],
                [
                    920,
                    83
                ],
                [
                    920,
                    109
                ],
                [
                    877,
                    109
                ]
            ],
            "text": "Inc.",
            "label": "Out"
        },
        {
            "index": 30,
            "bbox": [
                [
                    149,
                    375
                ],
                [
                    231,
                    375
                ],
                [
                    231,
                    410
                ],
                [
                    149,
                    410
                ]
            ],
            "text": "Data",
            "label": "B_Section"
        },
        {
            "index": 31,
            "bbox": [
                [
                    235,
                    373
                ],
                [
                    334,
                    373
                ],
                [
                    334,
                    412
                ],
                [
                    235,
                    412
                ]
            ],
            "text": "Sheet",
            "label": "I_Section"
        },
        {
            "index": 32,
            "bbox": [
                [
                    1030,
                    378
                ],
                [
                    1421,
                    378
                ],
                [
                    1421,
                    408
                ],
                [
                    1030,
                    408
                ]
            ],
            "text": "AI-1027-TWTWT-5V-HT-R",
            "label": "B_Ref"
        },
        {
            "index": 33,
            "bbox": [
                [
                    136,
                    472
                ],
                [
                    199,
                    472
                ],
                [
                    199,
                    507
                ],
                [
                    136,
                    507
                ]
            ],
            "text": "PUI",
            "label": "B_Descri"
        },
        {
            "index": 34,
            "bbox": [
                [
                    203,
                    474
                ],
                [
                    330,
                    474
                ],
                [
                    330,
                    507
                ],
                [
                    203,
                    507
                ]
            ],
            "text": "Audio's",
            "label": "I_Descri"
        },
        {
            "index": 35,
            "bbox": [
                [
                    340,
                    474
                ],
                [
                    540,
                    474
                ],
                [
                    540,
                    513
                ],
                [
                    340,
                    513
                ]
            ],
            "text": "High-Temp",
            "label": "I_Descri"
        },
        {
            "index": 36,
            "bbox": [
                [
                    542,
                    470
                ],
                [
                    615,
                    470
                ],
                [
                    615,
                    511
                ],
                [
                    542,
                    511
                ]
            ],
            "text": "line",
            "label": "I_Descri"
        },
        {
            "index": 37,
            "bbox": [
                [
                    613,
                    470
                ],
                [
                    656,
                    470
                ],
                [
                    656,
                    509
                ],
                [
                    613,
                    509
                ]
            ],
            "text": "of",
            "label": "I_Descri"
        },
        {
            "index": 38,
            "bbox": [
                [
                    658,
                    474
                ],
                [
                    809,
                    474
                ],
                [
                    809,
                    513
                ],
                [
                    658,
                    513
                ]
            ],
            "text": "products",
            "label": "I_Descri"
        },
        {
            "index": 39,
            "bbox": [
                [
                    811,
                    470
                ],
                [
                    847,
                    470
                ],
                [
                    847,
                    509
                ],
                [
                    811,
                    509
                ]
            ],
            "text": "is",
            "label": "I_Descri"
        },
        {
            "index": 40,
            "bbox": [
                [
                    850,
                    474
                ],
                [
                    1000,
                    474
                ],
                [
                    1000,
                    513
                ],
                [
                    850,
                    513
                ]
            ],
            "text": "designed",
            "label": "I_Descri"
        },
        {
            "index": 41,
            "bbox": [
                [
                    1006,
                    472
                ],
                [
                    1086,
                    472
                ],
                [
                    1086,
                    507
                ],
                [
                    1006,
                    507
                ]
            ],
            "text": "with",
            "label": "I_Descri"
        },
        {
            "index": 42,
            "bbox": [
                [
                    1092,
                    474
                ],
                [
                    1268,
                    474
                ],
                [
                    1268,
                    504
                ],
                [
                    1092,
                    504
                ]
            ],
            "text": "ultra-wide",
            "label": "I_Descri"
        },
        {
            "index": 43,
            "bbox": [
                [
                    1277,
                    474
                ],
                [
                    1438,
                    474
                ],
                [
                    1438,
                    513
                ],
                [
                    1277,
                    513
                ]
            ],
            "text": "operating",
            "label": "I_Descri"
        },
        {
            "index": 44,
            "bbox": [
                [
                    136,
                    522
                ],
                [
                    370,
                    522
                ],
                [
                    370,
                    558
                ],
                [
                    136,
                    558
                ]
            ],
            "text": "temperatures.",
            "label": "I_Descri"
        },
        {
            "index": 45,
            "bbox": [
                [
                    377,
                    517
                ],
                [
                    446,
                    517
                ],
                [
                    446,
                    552
                ],
                [
                    377,
                    552
                ]
            ],
            "text": "The",
            "label": "I_Descri"
        },
        {
            "index": 46,
            "bbox": [
                [
                    448,
                    517
                ],
                [
                    865,
                    517
                ],
                [
                    865,
                    554
                ],
                [
                    448,
                    554
                ]
            ],
            "text": "A1-1027-TWT-5V-HT-R",
            "label": "I_Descri"
        },
        {
            "index": 47,
            "bbox": [
                [
                    867,
                    515
                ],
                [
                    903,
                    515
                ],
                [
                    903,
                    554
                ],
                [
                    867,
                    554
                ]
            ],
            "text": "is",
            "label": "I_Descri"
        },
        {
            "index": 48,
            "bbox": [
                [
                    905,
                    517
                ],
                [
                    987,
                    517
                ],
                [
                    987,
                    552
                ],
                [
                    905,
                    552
                ]
            ],
            "text": "built",
            "label": "I_Descri"
        },
        {
            "index": 49,
            "bbox": [
                [
                    991,
                    515
                ],
                [
                    1045,
                    515
                ],
                [
                    1045,
                    552
                ],
                [
                    991,
                    552
                ]
            ],
            "text": "for",
            "label": "I_Descri"
        },
        {
            "index": 50,
            "bbox": [
                [
                    1047,
                    515
                ],
                [
                    1122,
                    515
                ],
                [
                    1122,
                    560
                ],
                [
                    1047,
                    560
                ]
            ],
            "text": "high",
            "label": "I_Descri"
        },
        {
            "index": 51,
            "bbox": [
                [
                    1129,
                    519
                ],
                [
                    1247,
                    519
                ],
                [
                    1247,
                    560
                ],
                [
                    1129,
                    560
                ]
            ],
            "text": "output",
            "label": "I_Descri"
        },
        {
            "index": 52,
            "bbox": [
                [
                    1247,
                    517
                ],
                [
                    1290,
                    517
                ],
                [
                    1290,
                    554
                ],
                [
                    1247,
                    554
                ]
            ],
            "text": "at",
            "label": "I_Descri"
        },
        {
            "index": 53,
            "bbox": [
                [
                    1290,
                    515
                ],
                [
                    1380,
                    515
                ],
                [
                    1380,
                    554
                ],
                [
                    1290,
                    554
                ]
            ],
            "text": "2700",
            "label": "I_Descri"
        },
        {
            "index": 54,
            "bbox": [
                [
                    1384,
                    517
                ],
                [
                    1434,
                    517
                ],
                [
                    1434,
                    554
                ],
                [
                    1384,
                    554
                ]
            ],
            "text": "Hz",
            "label": "I_Descri"
        },
        {
            "index": 55,
            "bbox": [
                [
                    132,
                    565
                ],
                [
                    173,
                    565
                ],
                [
                    173,
                    601
                ],
                [
                    132,
                    601
                ]
            ],
            "text": "in",
            "label": "I_Descri"
        },
        {
            "index": 56,
            "bbox": [
                [
                    175,
                    569
                ],
                [
                    201,
                    569
                ],
                [
                    201,
                    601
                ],
                [
                    175,
                    601
                ]
            ],
            "text": "a",
            "label": "I_Descri"
        },
        {
            "index": 57,
            "bbox": [
                [
                    201,
                    562
                ],
                [
                    297,
                    562
                ],
                [
                    297,
                    601
                ],
                [
                    201,
                    601
                ]
            ],
            "text": "small",
            "label": "I_Descri"
        },
        {
            "index": 58,
            "bbox": [
                [
                    302,
                    562
                ],
                [
                    448,
                    562
                ],
                [
                    448,
                    610
                ],
                [
                    302,
                    610
                ]
            ],
            "text": "package.",
            "label": "I_Descri"
        },
        {
            "index": 59,
            "bbox": [
                [
                    250,
                    612
                ],
                [
                    340,
                    612
                ],
                [
                    340,
                    655
                ],
                [
                    250,
                    655
                ]
            ],
            "text": "Light",
            "label": "B_Descri"
        },
        {
            "index": 60,
            "bbox": [
                [
                    340,
                    612
                ],
                [
                    463,
                    612
                ],
                [
                    463,
                    653
                ],
                [
                    340,
                    653
                ]
            ],
            "text": "weight",
            "label": "I_Descri"
        },
        {
            "index": 61,
            "bbox": [
                [
                    465,
                    612
                ],
                [
                    508,
                    612
                ],
                [
                    508,
                    648
                ],
                [
                    465,
                    648
                ]
            ],
            "text": "of",
            "label": "I_Descri"
        },
        {
            "index": 62,
            "bbox": [
                [
                    506,
                    612
                ],
                [
                    585,
                    612
                ],
                [
                    585,
                    655
                ],
                [
                    506,
                    655
                ]
            ],
            "text": "only",
            "label": "I_Descri"
        },
        {
            "index": 63,
            "bbox": [
                [
                    587,
                    612
                ],
                [
                    611,
                    612
                ],
                [
                    611,
                    650
                ],
                [
                    587,
                    650
                ]
            ],
            "text": "1",
            "label": "I_Descri"
        },
        {
            "index": 64,
            "bbox": [
                [
                    615,
                    618
                ],
                [
                    710,
                    618
                ],
                [
                    710,
                    657
                ],
                [
                    615,
                    657
                ]
            ],
            "text": "gram",
            "label": "I_Descri"
        },
        {
            "index": 65,
            "bbox": [
                [
                    248,
                    655
                ],
                [
                    327,
                    655
                ],
                [
                    327,
                    696
                ],
                [
                    248,
                    696
                ]
            ],
            "text": "Low",
            "label": "B_Descri"
        },
        {
            "index": 66,
            "bbox": [
                [
                    330,
                    661
                ],
                [
                    458,
                    661
                ],
                [
                    458,
                    691
                ],
                [
                    330,
                    691
                ]
            ],
            "text": "current",
            "label": "I_Descri"
        },
        {
            "index": 67,
            "bbox": [
                [
                    461,
                    655
                ],
                [
                    555,
                    655
                ],
                [
                    555,
                    696
                ],
                [
                    461,
                    696
                ]
            ],
            "text": "draw",
            "label": "I_Descri"
        },
        {
            "index": 68,
            "bbox": [
                [
                    555,
                    653
                ],
                [
                    667,
                    653
                ],
                [
                    667,
                    693
                ],
                [
                    555,
                    693
                ]
            ],
            "text": "ofless",
            "label": "I_Descri"
        },
        {
            "index": 69,
            "bbox": [
                [
                    671,
                    657
                ],
                [
                    749,
                    657
                ],
                [
                    749,
                    691
                ],
                [
                    671,
                    691
                ]
            ],
            "text": "than",
            "label": "I_Descri"
        },
        {
            "index": 70,
            "bbox": [
                [
                    755,
                    659
                ],
                [
                    856,
                    659
                ],
                [
                    856,
                    691
                ],
                [
                    755,
                    691
                ]
            ],
            "text": "30mA",
            "label": "I_Descri"
        },
        {
            "index": 71,
            "bbox": [
                [
                    860,
                    657
                ],
                [
                    940,
                    657
                ],
                [
                    940,
                    691
                ],
                [
                    860,
                    691
                ]
            ],
            "text": "with",
            "label": "I_Descri"
        },
        {
            "index": 72,
            "bbox": [
                [
                    946,
                    655
                ],
                [
                    972,
                    655
                ],
                [
                    972,
                    693
                ],
                [
                    946,
                    693
                ]
            ],
            "text": "5",
            "label": "I_Descri"
        },
        {
            "index": 73,
            "bbox": [
                [
                    972,
                    655
                ],
                [
                    1054,
                    655
                ],
                [
                    1054,
                    696
                ],
                [
                    972,
                    696
                ]
            ],
            "text": "VDC",
            "label": "I_Descri"
        },
        {
            "index": 74,
            "bbox": [
                [
                    1054,
                    659
                ],
                [
                    1150,
                    659
                ],
                [
                    1150,
                    700
                ],
                [
                    1054,
                    700
                ]
            ],
            "text": "input",
            "label": "I_Descri"
        },
        {
            "index": 75,
            "bbox": [
                [
                    248,
                    702
                ],
                [
                    295,
                    702
                ],
                [
                    295,
                    741
                ],
                [
                    248,
                    741
                ]
            ],
            "text": "85",
            "label": "B_Descri"
        },
        {
            "index": 76,
            "bbox": [
                [
                    297,
                    700
                ],
                [
                    360,
                    700
                ],
                [
                    360,
                    745
                ],
                [
                    297,
                    745
                ]
            ],
            "text": "dB,",
            "label": "I_Descri"
        },
        {
            "index": 77,
            "bbox": [
                [
                    362,
                    702
                ],
                [
                    454,
                    702
                ],
                [
                    454,
                    741
                ],
                [
                    362,
                    741
                ]
            ],
            "text": "2700",
            "label": "I_Descri"
        },
        {
            "index": 78,
            "bbox": [
                [
                    458,
                    704
                ],
                [
                    510,
                    704
                ],
                [
                    510,
                    739
                ],
                [
                    458,
                    739
                ]
            ],
            "text": "Hz",
            "label": "I_Descri"
        },
        {
            "index": 79,
            "bbox": [
                [
                    512,
                    706
                ],
                [
                    630,
                    706
                ],
                [
                    630,
                    745
                ],
                [
                    512,
                    745
                ]
            ],
            "text": "output",
            "label": "I_Descri"
        },
        {
            "index": 80,
            "bbox": [
                [
                    630,
                    704
                ],
                [
                    673,
                    704
                ],
                [
                    673,
                    741
                ],
                [
                    630,
                    741
                ]
            ],
            "text": "at",
            "label": "I_Descri"
        },
        {
            "index": 81,
            "bbox": [
                [
                    678,
                    704
                ],
                [
                    770,
                    704
                ],
                [
                    770,
                    736
                ],
                [
                    678,
                    736
                ]
            ],
            "text": "10cm",
            "label": "I_Descri"
        },
        {
            "index": 82,
            "bbox": [
                [
                    137,
                    803
                ],
                [
                    137,
                    842
                ],
                [
                    386,
                    842
                ],
                [
                    386,
                    803
                ]
            ],
            "text": "Specifications",
            "label": "B_Section"
        },
        {
            "index": 83,
            "bbox": [
                [
                    149,
                    891
                ],
                [
                    321,
                    891
                ],
                [
                    321,
                    919
                ],
                [
                    149,
                    919
                ]
            ],
            "text": "Parameters",
            "label": "Out"
        },
        {
            "index": 84,
            "bbox": [
                [
                    753,
                    889
                ],
                [
                    854,
                    889
                ],
                [
                    854,
                    921
                ],
                [
                    753,
                    921
                ]
            ],
            "text": "Values",
            "label": "Out"
        },
        {
            "index": 85,
            "bbox": [
                [
                    1198,
                    889
                ],
                [
                    1279,
                    889
                ],
                [
                    1279,
                    919
                ],
                [
                    1198,
                    919
                ]
            ],
            "text": "Units",
            "label": "Out"
        },
        {
            "index": 86,
            "bbox": [
                [
                    151,
                    930
                ],
                [
                    231,
                    930
                ],
                [
                    231,
                    962
                ],
                [
                    151,
                    962
                ]
            ],
            "text": "Rated",
            "label": "B_Prop"
        },
        {
            "index": 87,
            "bbox": [
                [
                    233,
                    932
                ],
                [
                    336,
                    932
                ],
                [
                    336,
                    964
                ],
                [
                    233,
                    964
                ]
            ],
            "text": "Voltage",
            "label": "I_Prop"
        },
        {
            "index": 88,
            "bbox": [
                [
                    791,
                    930
                ],
                [
                    815,
                    930
                ],
                [
                    815,
                    962
                ],
                [
                    791,
                    962
                ]
            ],
            "text": "5",
            "label": "B_Value"
        },
        {
            "index": 89,
            "bbox": [
                [
                    1206,
                    930
                ],
                [
                    1271,
                    930
                ],
                [
                    1271,
                    962
                ],
                [
                    1206,
                    962
                ]
            ],
            "text": "VDC",
            "label": "B_Unit"
        },
        {
            "index": 90,
            "bbox": [
                [
                    149,
                    971
                ],
                [
                    289,
                    971
                ],
                [
                    289,
                    1009
                ],
                [
                    149,
                    1009
                ]
            ],
            "text": "Operating",
            "label": "B_Prop"
        },
        {
            "index": 91,
            "bbox": [
                [
                    289,
                    973
                ],
                [
                    390,
                    973
                ],
                [
                    390,
                    1005
                ],
                [
                    289,
                    1005
                ]
            ],
            "text": "Voltage",
            "label": "I_Prop"
        },
        {
            "index": 92,
            "bbox": [
                [
                    392,
                    971
                ],
                [
                    480,
                    971
                ],
                [
                    480,
                    1009
                ],
                [
                    392,
                    1009
                ]
            ],
            "text": "Range",
            "label": "I_Prop"
        },
        {
            "index": 93,
            "bbox": [
                [
                    753,
                    971
                ],
                [
                    781,
                    971
                ],
                [
                    781,
                    1003
                ],
                [
                    753,
                    1003
                ]
            ],
            "text": "3",
            "label": "B_Value"
        },
        {
            "index": 94,
            "bbox": [
                [
                    776,
                    975
                ],
                [
                    811,
                    975
                ],
                [
                    811,
                    1001
                ],
                [
                    776,
                    1001
                ]
            ],
            "text": "a",
            "label": "I_Value"
        },
        {
            "index": 95,
            "bbox": [
                [
                    804,
                    968
                ],
                [
                    854,
                    968
                ],
                [
                    854,
                    1005
                ],
                [
                    804,
                    1005
                ]
            ],
            "text": "6.5",
            "label": "I_Value"
        },
        {
            "index": 96,
            "bbox": [
                [
                    1206,
                    971
                ],
                [
                    1271,
                    971
                ],
                [
                    1271,
                    1003
                ],
                [
                    1206,
                    1003
                ]
            ],
            "text": "VDC",
            "label": "B_Unit"
        },
        {
            "index": 97,
            "bbox": [
                [
                    149,
                    1014
                ],
                [
                    259,
                    1014
                ],
                [
                    259,
                    1046
                ],
                [
                    149,
                    1046
                ]
            ],
            "text": "Current",
            "label": "B_Prop"
        },
        {
            "index": 98,
            "bbox": [
                [
                    259,
                    1014
                ],
                [
                    336,
                    1014
                ],
                [
                    336,
                    1046
                ],
                [
                    259,
                    1046
                ]
            ],
            "text": "Draw",
            "label": "I_Prop"
        },
        {
            "index": 99,
            "bbox": [
                [
                    336,
                    1016
                ],
                [
                    370,
                    1016
                ],
                [
                    370,
                    1044
                ],
                [
                    336,
                    1044
                ]
            ],
            "text": "at",
            "label": "I_Prop"
        },
        {
            "index": 100,
            "bbox": [
                [
                    368,
                    1014
                ],
                [
                    450,
                    1014
                ],
                [
                    450,
                    1044
                ],
                [
                    368,
                    1044
                ]
            ],
            "text": "Rated",
            "label": "I_Prop"
        },
        {
            "index": 101,
            "bbox": [
                [
                    450,
                    1011
                ],
                [
                    557,
                    1011
                ],
                [
                    557,
                    1050
                ],
                [
                    450,
                    1050
                ]
            ],
            "text": "Voltage",
            "label": "I_Prop"
        },
        {
            "index": 102,
            "bbox": [
                [
                    774,
                    1014
                ],
                [
                    834,
                    1014
                ],
                [
                    834,
                    1046
                ],
                [
                    774,
                    1046
                ]
            ],
            "text": "<30",
            "label": "B_Value"
        },
        {
            "index": 103,
            "bbox": [
                [
                    1210,
                    1014
                ],
                [
                    1264,
                    1014
                ],
                [
                    1264,
                    1046
                ],
                [
                    1210,
                    1046
                ]
            ],
            "text": "mA",
            "label": "B_Unit"
        },
        {
            "index": 104,
            "bbox": [
                [
                    151,
                    1054
                ],
                [
                    280,
                    1054
                ],
                [
                    280,
                    1084
                ],
                [
                    151,
                    1084
                ]
            ],
            "text": "Minimum",
            "label": "B_Prop"
        },
        {
            "index": 105,
            "bbox": [
                [
                    282,
                    1054
                ],
                [
                    340,
                    1054
                ],
                [
                    340,
                    1087
                ],
                [
                    282,
                    1087
                ]
            ],
            "text": "SPL",
            "label": "I_Prop"
        },
        {
            "index": 106,
            "bbox": [
                [
                    338,
                    1054
                ],
                [
                    373,
                    1054
                ],
                [
                    373,
                    1089
                ],
                [
                    338,
                    1089
                ]
            ],
            "text": "@",
            "label": "I_Prop"
        },
        {
            "index": 107,
            "bbox": [
                [
                    370,
                    1052
                ],
                [
                    452,
                    1052
                ],
                [
                    452,
                    1087
                ],
                [
                    370,
                    1087
                ]
            ],
            "text": "10cm",
            "label": "I_Prop"
        },
        {
            "index": 108,
            "bbox": [
                [
                    774,
                    1054
                ],
                [
                    832,
                    1054
                ],
                [
                    832,
                    1087
                ],
                [
                    774,
                    1087
                ]
            ],
            "text": ">85",
            "label": "B_Value"
        },
        {
            "index": 109,
            "bbox": [
                [
                    1206,
                    1054
                ],
                [
                    1268,
                    1054
                ],
                [
                    1268,
                    1087
                ],
                [
                    1206,
                    1087
                ]
            ],
            "text": "dBA",
            "label": "B_Unit"
        },
        {
            "index": 110,
            "bbox": [
                [
                    151,
                    1097
                ],
                [
                    280,
                    1097
                ],
                [
                    280,
                    1127
                ],
                [
                    151,
                    1127
                ]
            ],
            "text": "Resonant",
            "label": "B_Prop"
        },
        {
            "index": 111,
            "bbox": [
                [
                    280,
                    1095
                ],
                [
                    426,
                    1095
                ],
                [
                    426,
                    1136
                ],
                [
                    280,
                    1136
                ]
            ],
            "text": "Frequency",
            "label": "I_Prop"
        },
        {
            "index": 112,
            "bbox": [
                [
                    731,
                    1093
                ],
                [
                    875,
                    1093
                ],
                [
                    875,
                    1130
                ],
                [
                    731,
                    1130
                ]
            ],
            "text": "2700+300",
            "label": "B_Value"
        },
        {
            "index": 113,
            "bbox": [
                [
                    1217,
                    1095
                ],
                [
                    1262,
                    1095
                ],
                [
                    1262,
                    1130
                ],
                [
                    1217,
                    1130
                ]
            ],
            "text": "Hz",
            "label": "B_Unit"
        },
        {
            "index": 114,
            "bbox": [
                [
                    149,
                    1136
                ],
                [
                    265,
                    1136
                ],
                [
                    265,
                    1175
                ],
                [
                    149,
                    1175
                ]
            ],
            "text": "Housing",
            "label": "B_Prop"
        },
        {
            "index": 115,
            "bbox": [
                [
                    265,
                    1138
                ],
                [
                    379,
                    1138
                ],
                [
                    379,
                    1168
                ],
                [
                    265,
                    1168
                ]
            ],
            "text": "Material",
            "label": "I_Prop"
        },
        {
            "index": 116,
            "bbox": [
                [
                    774,
                    1138
                ],
                [
                    837,
                    1138
                ],
                [
                    837,
                    1168
                ],
                [
                    774,
                    1168
                ]
            ],
            "text": "PBT",
            "label": "B_Value"
        },
        {
            "index": 117,
            "bbox": [
                [
                    149,
                    1177
                ],
                [
                    252,
                    1177
                ],
                [
                    252,
                    1216
                ],
                [
                    149,
                    1216
                ]
            ],
            "text": "Weight",
            "label": "B_Prop"
        },
        {
            "index": 118,
            "bbox": [
                [
                    791,
                    1177
                ],
                [
                    815,
                    1177
                ],
                [
                    815,
                    1211
                ],
                [
                    791,
                    1211
                ]
            ],
            "text": "1",
            "label": "B_Value"
        },
        {
            "index": 119,
            "bbox": [
                [
                    1193,
                    1179
                ],
                [
                    1283,
                    1179
                ],
                [
                    1283,
                    1209
                ],
                [
                    1193,
                    1209
                ]
            ],
            "text": "Grams",
            "label": "B_Unit"
        },
        {
            "index": 120,
            "bbox": [
                [
                    633,
                    1220
                ],
                [
                    708,
                    1220
                ],
                [
                    708,
                    1252
                ],
                [
                    633,
                    1252
                ]
            ],
            "text": "Hand",
            "label": "B_Value"
        },
        {
            "index": 121,
            "bbox": [
                [
                    708,
                    1218
                ],
                [
                    807,
                    1218
                ],
                [
                    807,
                    1256
                ],
                [
                    708,
                    1256
                ]
            ],
            "text": "Solder,",
            "label": "I_Value"
        },
        {
            "index": 122,
            "bbox": [
                [
                    804,
                    1220
                ],
                [
                    886,
                    1220
                ],
                [
                    886,
                    1252
                ],
                [
                    804,
                    1252
                ]
            ],
            "text": "Wave",
            "label": "I_Value"
        },
        {
            "index": 123,
            "bbox": [
                [
                    886,
                    1220
                ],
                [
                    978,
                    1220
                ],
                [
                    978,
                    1252
                ],
                [
                    886,
                    1252
                ]
            ],
            "text": "Solder",
            "label": "I_Value"
        },
        {
            "index": 124,
            "bbox": [
                [
                    1060,
                    1220
                ],
                [
                    1114,
                    1220
                ],
                [
                    1114,
                    1252
                ],
                [
                    1060,
                    1252
                ]
            ],
            "text": "See",
            "label": "Out"
        },
        {
            "index": 125,
            "bbox": [
                [
                    1112,
                    1226
                ],
                [
                    1180,
                    1226
                ],
                [
                    1180,
                    1258
                ],
                [
                    1112,
                    1258
                ]
            ],
            "text": "page",
            "label": "Out"
        },
        {
            "index": 126,
            "bbox": [
                [
                    1180,
                    1220
                ],
                [
                    1206,
                    1220
                ],
                [
                    1206,
                    1252
                ],
                [
                    1180,
                    1252
                ]
            ],
            "text": "3",
            "label": "Out"
        },
        {
            "index": 127,
            "bbox": [
                [
                    1204,
                    1218
                ],
                [
                    1253,
                    1218
                ],
                [
                    1253,
                    1252
                ],
                [
                    1204,
                    1252
                ]
            ],
            "text": "for",
            "label": "Out"
        },
        {
            "index": 128,
            "bbox": [
                [
                    1249,
                    1226
                ],
                [
                    1326,
                    1226
                ],
                [
                    1326,
                    1252
                ],
                [
                    1249,
                    1252
                ]
            ],
            "text": "wave",
            "label": "Out"
        },
        {
            "index": 129,
            "bbox": [
                [
                    1324,
                    1220
                ],
                [
                    1415,
                    1220
                ],
                [
                    1415,
                    1250
                ],
                [
                    1324,
                    1250
                ]
            ],
            "text": "solder",
            "label": "Out"
        },
        {
            "index": 130,
            "bbox": [
                [
                    147,
                    1256
                ],
                [
                    302,
                    1256
                ],
                [
                    302,
                    1293
                ],
                [
                    147,
                    1293
                ]
            ],
            "text": "Acceptable",
            "label": "B_Prop"
        },
        {
            "index": 131,
            "bbox": [
                [
                    302,
                    1258
                ],
                [
                    431,
                    1258
                ],
                [
                    431,
                    1291
                ],
                [
                    302,
                    1291
                ]
            ],
            "text": "Soldering",
            "label": "I_Prop"
        },
        {
            "index": 132,
            "bbox": [
                [
                    433,
                    1256
                ],
                [
                    551,
                    1256
                ],
                [
                    551,
                    1286
                ],
                [
                    433,
                    1286
                ]
            ],
            "text": "Methods",
            "label": "I_Prop"
        },
        {
            "index": 133,
            "bbox": [
                [
                    1155,
                    1252
                ],
                [
                    1322,
                    1252
                ],
                [
                    1322,
                    1289
                ],
                [
                    1155,
                    1289
                ]
            ],
            "text": "information",
            "label": "Out"
        },
        {
            "index": 134,
            "bbox": [
                [
                    151,
                    1297
                ],
                [
                    349,
                    1297
                ],
                [
                    349,
                    1327
                ],
                [
                    151,
                    1327
                ]
            ],
            "text": "Environmental",
            "label": "B_Prop"
        },
        {
            "index": 135,
            "bbox": [
                [
                    351,
                    1297
                ],
                [
                    525,
                    1297
                ],
                [
                    525,
                    1334
                ],
                [
                    351,
                    1334
                ]
            ],
            "text": "Compliances",
            "label": "I_Prop"
        },
        {
            "index": 136,
            "bbox": [
                [
                    766,
                    1297
                ],
                [
                    843,
                    1297
                ],
                [
                    843,
                    1329
                ],
                [
                    766,
                    1329
                ]
            ],
            "text": "RoHS",
            "label": "B_Value"
        },
        {
            "index": 137,
            "bbox": [
                [
                    149,
                    1340
                ],
                [
                    254,
                    1340
                ],
                [
                    254,
                    1372
                ],
                [
                    149,
                    1372
                ]
            ],
            "text": "Storage",
            "label": "B_Prop"
        },
        {
            "index": 138,
            "bbox": [
                [
                    252,
                    1338
                ],
                [
                    435,
                    1338
                ],
                [
                    435,
                    1375
                ],
                [
                    252,
                    1375
                ]
            ],
            "text": "Temperature",
            "label": "I_Prop"
        },
        {
            "index": 139,
            "bbox": [
                [
                    736,
                    1336
                ],
                [
                    787,
                    1336
                ],
                [
                    787,
                    1370
                ],
                [
                    736,
                    1370
                ]
            ],
            "text": "-40",
            "label": "B_Value"
        },
        {
            "index": 140,
            "bbox": [
                [
                    787,
                    1342
                ],
                [
                    815,
                    1342
                ],
                [
                    815,
                    1368
                ],
                [
                    787,
                    1368
                ]
            ],
            "text": "a",
            "label": "I_Value"
        },
        {
            "index": 141,
            "bbox": [
                [
                    815,
                    1338
                ],
                [
                    873,
                    1338
                ],
                [
                    873,
                    1368
                ],
                [
                    815,
                    1368
                ]
            ],
            "text": "+90",
            "label": "I_Value"
        },
        {
            "index": 142,
            "bbox": [
                [
                    1217,
                    1336
                ],
                [
                    1258,
                    1336
                ],
                [
                    1258,
                    1370
                ],
                [
                    1217,
                    1370
                ]
            ],
            "text": "°C",
            "label": "B_Unit"
        },
        {
            "index": 143,
            "bbox": [
                [
                    149,
                    1379
                ],
                [
                    287,
                    1379
                ],
                [
                    287,
                    1417
                ],
                [
                    149,
                    1417
                ]
            ],
            "text": "Operating",
            "label": "B_Prop"
        },
        {
            "index": 144,
            "bbox": [
                [
                    287,
                    1381
                ],
                [
                    465,
                    1381
                ],
                [
                    465,
                    1417
                ],
                [
                    287,
                    1417
                ]
            ],
            "text": "Temperature",
            "label": "I_Prop"
        },
        {
            "index": 145,
            "bbox": [
                [
                    733,
                    1379
                ],
                [
                    787,
                    1379
                ],
                [
                    787,
                    1413
                ],
                [
                    733,
                    1413
                ]
            ],
            "text": "-40",
            "label": "B_Value"
        },
        {
            "index": 146,
            "bbox": [
                [
                    787,
                    1385
                ],
                [
                    815,
                    1385
                ],
                [
                    815,
                    1411
                ],
                [
                    787,
                    1411
                ]
            ],
            "text": "a",
            "label": "I_Value"
        },
        {
            "index": 147,
            "bbox": [
                [
                    813,
                    1381
                ],
                [
                    871,
                    1381
                ],
                [
                    871,
                    1411
                ],
                [
                    813,
                    1411
                ]
            ],
            "text": "+85",
            "label": "I_Value"
        },
        {
            "index": 148,
            "bbox": [
                [
                    1217,
                    1377
                ],
                [
                    1258,
                    1377
                ],
                [
                    1258,
                    1413
                ],
                [
                    1217,
                    1413
                ]
            ],
            "text": "°C",
            "label": "B_Unit"
        },
        {
            "index": 149,
            "bbox": [
                [
                    688,
                    2174
                ],
                [
                    916,
                    2174
                ],
                [
                    916,
                    2200
                ],
                [
                    688,
                    2200
                ]
            ],
            "text": "www.puiaudio.com",
            "label": "Out"
        }
    ]
}