{
    "datasheet": [
        {
            "index": 0,
            "bbox": [
                [
                    138,
                    21
                ],
                [
                    192,
                    21
                ],
                [
                    192,
                    51
                ],
                [
                    138,
                    51
                ]
            ],
            "text": "This",
            "label": "Out"
        },
        {
            "index": 1,
            "bbox": [
                [
                    188,
                    21
                ],
                [
                    300,
                    21
                ],
                [
                    300,
                    51
                ],
                [
                    188,
                    51
                ]
            ],
            "text": "document",
            "label": "Out"
        },
        {
            "index": 2,
            "bbox": [
                [
                    297,
                    25
                ],
                [
                    390,
                    25
                ],
                [
                    390,
                    47
                ],
                [
                    297,
                    47
                ]
            ],
            "text": "contains",
            "label": "Out"
        },
        {
            "index": 3,
            "bbox": [
                [
                    388,
                    21
                ],
                [
                    443,
                    21
                ],
                [
                    443,
                    51
                ],
                [
                    388,
                    51
                ]
            ],
            "text": "data",
            "label": "Out"
        },
        {
            "index": 4,
            "bbox": [
                [
                    441,
                    23
                ],
                [
                    564,
                    23
                ],
                [
                    564,
                    53
                ],
                [
                    441,
                    53
                ]
            ],
            "text": "proprietary:",
            "label": "Out"
        },
        {
            "index": 5,
            "bbox": [
                [
                    559,
                    23
                ],
                [
                    590,
                    23
                ],
                [
                    590,
                    51
                ],
                [
                    559,
                    51
                ]
            ],
            "text": "to",
            "label": "Out"
        },
        {
            "index": 6,
            "bbox": [
                [
                    590,
                    23
                ],
                [
                    630,
                    23
                ],
                [
                    630,
                    49
                ],
                [
                    590,
                    49
                ]
            ],
            "text": "PUI",
            "label": "Out"
        },
        {
            "index": 7,
            "bbox": [
                [
                    628,
                    21
                ],
                [
                    697,
                    21
                ],
                [
                    697,
                    51
                ],
                [
                    628,
                    51
                ]
            ],
            "text": "Audio",
            "label": "Out"
        },
        {
            "index": 8,
            "bbox": [
                [
                    695,
                    23
                ],
                [
                    738,
                    23
                ],
                [
                    738,
                    49
                ],
                [
                    695,
                    49
                ]
            ],
            "text": "Inc.",
            "label": "Out"
        },
        {
            "index": 9,
            "bbox": [
                [
                    733,
                    23
                ],
                [
                    785,
                    23
                ],
                [
                    785,
                    55
                ],
                [
                    733,
                    55
                ]
            ],
            "text": "Any",
            "label": "Out"
        },
        {
            "index": 10,
            "bbox": [
                [
                    781,
                    27
                ],
                [
                    824,
                    27
                ],
                [
                    824,
                    49
                ],
                [
                    781,
                    49
                ]
            ],
            "text": "use",
            "label": "Out"
        },
        {
            "index": 11,
            "bbox": [
                [
                    822,
                    25
                ],
                [
                    854,
                    25
                ],
                [
                    854,
                    51
                ],
                [
                    822,
                    51
                ]
            ],
            "text": "or",
            "label": "Out"
        },
        {
            "index": 12,
            "bbox": [
                [
                    852,
                    23
                ],
                [
                    993,
                    23
                ],
                [
                    993,
                    53
                ],
                [
                    852,
                    53
                ]
            ],
            "text": "reproduction,",
            "label": "Out"
        },
        {
            "index": 13,
            "bbox": [
                [
                    993,
                    23
                ],
                [
                    1021,
                    23
                ],
                [
                    1021,
                    51
                ],
                [
                    993,
                    51
                ]
            ],
            "text": "in",
            "label": "Out"
        },
        {
            "index": 14,
            "bbox": [
                [
                    1017,
                    23
                ],
                [
                    1066,
                    23
                ],
                [
                    1066,
                    55
                ],
                [
                    1017,
                    55
                ]
            ],
            "text": "any",
            "label": "Out"
        },
        {
            "index": 15,
            "bbox": [
                [
                    1060,
                    23
                ],
                [
                    1125,
                    23
                ],
                [
                    1125,
                    53
                ],
                [
                    1060,
                    53
                ]
            ],
            "text": "form,",
            "label": "Out"
        },
        {
            "index": 16,
            "bbox": [
                [
                    1122,
                    21
                ],
                [
                    1210,
                    21
                ],
                [
                    1210,
                    51
                ],
                [
                    1122,
                    51
                ]
            ],
            "text": "without",
            "label": "Out"
        },
        {
            "index": 17,
            "bbox": [
                [
                    1208,
                    23
                ],
                [
                    1266,
                    23
                ],
                [
                    1266,
                    53
                ],
                [
                    1208,
                    53
                ]
            ],
            "text": "prior",
            "label": "Out"
        },
        {
            "index": 18,
            "bbox": [
                [
                    1262,
                    21
                ],
                [
                    1346,
                    21
                ],
                [
                    1346,
                    51
                ],
                [
                    1262,
                    51
                ]
            ],
            "text": "written",
            "label": "Out"
        },
        {
            "index": 19,
            "bbox": [
                [
                    1346,
                    23
                ],
                [
                    1462,
                    23
                ],
                [
                    1462,
                    53
                ],
                [
                    1346,
                    53
                ]
            ],
            "text": "permission",
            "label": "Out"
        },
        {
            "index": 20,
            "bbox": [
                [
                    643,
                    51
                ],
                [
                    673,
                    51
                ],
                [
                    673,
                    79
                ],
                [
                    643,
                    79
                ]
            ],
            "text": "of",
            "label": "Out"
        },
        {
            "index": 21,
            "bbox": [
                [
                    669,
                    49
                ],
                [
                    716,
                    49
                ],
                [
                    716,
                    81
                ],
                [
                    669,
                    81
                ]
            ],
            "text": "PUI",
            "label": "Out"
        },
        {
            "index": 22,
            "bbox": [
                [
                    710,
                    51
                ],
                [
                    781,
                    51
                ],
                [
                    781,
                    81
                ],
                [
                    710,
                    81
                ]
            ],
            "text": "Audio",
            "label": "Out"
        },
        {
            "index": 23,
            "bbox": [
                [
                    779,
                    53
                ],
                [
                    819,
                    53
                ],
                [
                    819,
                    79
                ],
                [
                    779,
                    79
                ]
            ],
            "text": "Inc.",
            "label": "Out"
        },
        {
            "index": 24,
            "bbox": [
                [
                    817,
                    51
                ],
                [
                    843,
                    51
                ],
                [
                    843,
                    81
                ],
                [
                    817,
                    81
                ]
            ],
            "text": "is",
            "label": "Out"
        },
        {
            "index": 25,
            "bbox": [
                [
                    841,
                    53
                ],
                [
                    959,
                    53
                ],
                [
                    959,
                    83
                ],
                [
                    841,
                    83
                ]
            ],
            "text": "prohibited.",
            "label": "Out"
        },
        {
            "index": 26,
            "bbox": [
                [
                    686,
                    83
                ],
                [
                    770,
                    83
                ],
                [
                    770,
                    113
                ],
                [
                    686,
                    113
                ]
            ],
            "text": "@2021,",
            "label": "Out"
        },
        {
            "index": 27,
            "bbox": [
                [
                    770,
                    85
                ],
                [
                    813,
                    85
                ],
                [
                    813,
                    109
                ],
                [
                    770,
                    109
                ]
            ],
            "text": "PUI",
            "label": "Out"
        },
        {
            "index": 28,
            "bbox": [
                [
                    809,
                    81
                ],
                [
                    880,
                    81
                ],
                [
                    880,
                    111
                ],
                [
                    809,
                    111
                ]
            ],
            "text": "Audio",
            "label": "Out"
        },
        {
            "index": 29,
            "bbox": [
                [
                    877,
                    83
                ],
                [
                    920,
                    83
                ],
                [
                    920,
                    109
                ],
                [
                    877,
                    109
                ]
            ],
            "text": "Inc.",
            "label": "Out"
        },
        {
            "index": 30,
            "bbox": [
                [
                    149,
                    375
                ],
                [
                    231,
                    375
                ],
                [
                    231,
                    410
                ],
                [
                    149,
                    410
                ]
            ],
            "text": "Data",
            "label": "B_Section"
        },
        {
            "index": 31,
            "bbox": [
                [
                    235,
                    373
                ],
                [
                    336,
                    373
                ],
                [
                    336,
                    412
                ],
                [
                    235,
                    412
                ]
            ],
            "text": "Sheet",
            "label": "I_Section"
        },
        {
            "index": 32,
            "bbox": [
                [
                    1140,
                    375
                ],
                [
                    1423,
                    375
                ],
                [
                    1423,
                    412
                ],
                [
                    1140,
                    412
                ]
            ],
            "text": "AT-0927-TT-2-R",
            "label": "B_Ref"
        },
        {
            "index": 33,
            "bbox": [
                [
                    136,
                    466
                ],
                [
                    282,
                    466
                ],
                [
                    282,
                    496
                ],
                [
                    136,
                    496
                ]
            ],
            "text": "Features:",
            "label": "B_Section"
        },
        {
            "index": 34,
            "bbox": [
                [
                    248,
                    504
                ],
                [
                    362,
                    504
                ],
                [
                    362,
                    543
                ],
                [
                    248,
                    543
                ]
            ],
            "text": "3V0-pk,",
            "label": "B_Descri"
        },
        {
            "index": 35,
            "bbox": [
                [
                    366,
                    504
                ],
                [
                    443,
                    504
                ],
                [
                    443,
                    537
                ],
                [
                    366,
                    537
                ]
            ],
            "text": "2730",
            "label": "I_Descri"
        },
        {
            "index": 36,
            "bbox": [
                [
                    446,
                    504
                ],
                [
                    493,
                    504
                ],
                [
                    493,
                    537
                ],
                [
                    446,
                    537
                ]
            ],
            "text": "Hz",
            "label": "I_Descri"
        },
        {
            "index": 37,
            "bbox": [
                [
                    495,
                    507
                ],
                [
                    626,
                    507
                ],
                [
                    626,
                    539
                ],
                [
                    495,
                    539
                ]
            ],
            "text": "Magnetic",
            "label": "I_Descri"
        },
        {
            "index": 38,
            "bbox": [
                [
                    630,
                    507
                ],
                [
                    800,
                    507
                ],
                [
                    800,
                    537
                ],
                [
                    630,
                    537
                ]
            ],
            "text": "Transducer",
            "label": "I_Descri"
        },
        {
            "index": 39,
            "bbox": [
                [
                    248,
                    543
                ],
                [
                    302,
                    543
                ],
                [
                    302,
                    577
                ],
                [
                    248,
                    577
                ]
            ],
            "text": "Pin",
            "label": "B_Descri"
        },
        {
            "index": 40,
            "bbox": [
                [
                    300,
                    543
                ],
                [
                    381,
                    543
                ],
                [
                    381,
                    584
                ],
                [
                    300,
                    584
                ]
            ],
            "text": "Type",
            "label": "I_Descri"
        },
        {
            "index": 41,
            "bbox": [
                [
                    248,
                    582
                ],
                [
                    334,
                    582
                ],
                [
                    334,
                    614
                ],
                [
                    248,
                    614
                ]
            ],
            "text": "Wave",
            "label": "B_Descri"
        },
        {
            "index": 42,
            "bbox": [
                [
                    336,
                    582
                ],
                [
                    433,
                    582
                ],
                [
                    433,
                    614
                ],
                [
                    336,
                    614
                ]
            ],
            "text": "Solder",
            "label": "I_Descri"
        },
        {
            "index": 43,
            "bbox": [
                [
                    437,
                    584
                ],
                [
                    562,
                    584
                ],
                [
                    562,
                    616
                ],
                [
                    437,
                    616
                ]
            ],
            "text": "Allowed,",
            "label": "I_Descri"
        },
        {
            "index": 44,
            "bbox": [
                [
                    566,
                    582
                ],
                [
                    695,
                    582
                ],
                [
                    695,
                    620
                ],
                [
                    566,
                    620
                ]
            ],
            "text": "Washing",
            "label": "I_Descri"
        },
        {
            "index": 45,
            "bbox": [
                [
                    699,
                    584
                ],
                [
                    768,
                    584
                ],
                [
                    768,
                    616
                ],
                [
                    699,
                    616
                ]
            ],
            "text": "NOT",
            "label": "I_Descri"
        },
        {
            "index": 46,
            "bbox": [
                [
                    768,
                    584
                ],
                [
                    888,
                    584
                ],
                [
                    888,
                    614
                ],
                [
                    768,
                    614
                ]
            ],
            "text": "Allowed",
            "label": "I_Descri"
        },
        {
            "index": 47,
            "bbox": [
                [
                    134,
                    672
                ],
                [
                    388,
                    672
                ],
                [
                    388,
                    717
                ],
                [
                    134,
                    717
                ]
            ],
            "text": "Specifications",
            "label": "B_Section"
        },
        {
            "index": 48,
            "bbox": [
                [
                    151,
                    724
                ],
                [
                    321,
                    724
                ],
                [
                    321,
                    754
                ],
                [
                    151,
                    754
                ]
            ],
            "text": "Parameters",
            "label": "Out"
        },
        {
            "index": 49,
            "bbox": [
                [
                    761,
                    721
                ],
                [
                    862,
                    721
                ],
                [
                    862,
                    754
                ],
                [
                    761,
                    754
                ]
            ],
            "text": "Values",
            "label": "Out"
        },
        {
            "index": 50,
            "bbox": [
                [
                    1210,
                    724
                ],
                [
                    1292,
                    724
                ],
                [
                    1292,
                    754
                ],
                [
                    1210,
                    754
                ]
            ],
            "text": "Units",
            "label": "Out"
        },
        {
            "index": 51,
            "bbox": [
                [
                    151,
                    762
                ],
                [
                    231,
                    762
                ],
                [
                    231,
                    794
                ],
                [
                    151,
                    794
                ]
            ],
            "text": "Rated",
            "label": "B_Descri"
        },
        {
            "index": 52,
            "bbox": [
                [
                    231,
                    762
                ],
                [
                    338,
                    762
                ],
                [
                    338,
                    801
                ],
                [
                    231,
                    801
                ]
            ],
            "text": "Voltage",
            "label": "I_Descri"
        },
        {
            "index": 53,
            "bbox": [
                [
                    800,
                    762
                ],
                [
                    824,
                    762
                ],
                [
                    824,
                    794
                ],
                [
                    800,
                    794
                ]
            ],
            "text": "3",
            "label": "B_Prop"
        },
        {
            "index": 54,
            "bbox": [
                [
                    1215,
                    764
                ],
                [
                    1286,
                    764
                ],
                [
                    1286,
                    799
                ],
                [
                    1215,
                    799
                ]
            ],
            "text": "V0-p",
            "label": "B_Unit"
        },
        {
            "index": 55,
            "bbox": [
                [
                    149,
                    803
                ],
                [
                    289,
                    803
                ],
                [
                    289,
                    842
                ],
                [
                    149,
                    842
                ]
            ],
            "text": "Operating",
            "label": "B_Descri"
        },
        {
            "index": 56,
            "bbox": [
                [
                    287,
                    803
                ],
                [
                    392,
                    803
                ],
                [
                    392,
                    842
                ],
                [
                    287,
                    842
                ]
            ],
            "text": "Voltage",
            "label": "I_Descri"
        },
        {
            "index": 57,
            "bbox": [
                [
                    390,
                    803
                ],
                [
                    480,
                    803
                ],
                [
                    480,
                    842
                ],
                [
                    390,
                    842
                ]
            ],
            "text": "Range",
            "label": "I_Descri"
        },
        {
            "index": 58,
            "bbox": [
                [
                    774,
                    803
                ],
                [
                    802,
                    803
                ],
                [
                    802,
                    835
                ],
                [
                    774,
                    835
                ]
            ],
            "text": "2.",
            "label": "B_Prop"
        },
        {
            "index": 59,
            "bbox": [
                [
                    794,
                    807
                ],
                [
                    830,
                    807
                ],
                [
                    830,
                    833
                ],
                [
                    794,
                    833
                ]
            ],
            "text": "r",
            "label": "I_Prop"
        },
        {
            "index": 60,
            "bbox": [
                [
                    824,
                    803
                ],
                [
                    852,
                    803
                ],
                [
                    852,
                    835
                ],
                [
                    824,
                    835
                ]
            ],
            "text": "4",
            "label": "I_Prop"
        },
        {
            "index": 61,
            "bbox": [
                [
                    1215,
                    805
                ],
                [
                    1286,
                    805
                ],
                [
                    1286,
                    840
                ],
                [
                    1215,
                    840
                ]
            ],
            "text": "V0-p",
            "label": "B_Unit"
        },
        {
            "index": 62,
            "bbox": [
                [
                    149,
                    846
                ],
                [
                    259,
                    846
                ],
                [
                    259,
                    876
                ],
                [
                    149,
                    876
                ]
            ],
            "text": "Current",
            "label": "B_Descri"
        },
        {
            "index": 63,
            "bbox": [
                [
                    261,
                    846
                ],
                [
                    336,
                    846
                ],
                [
                    336,
                    878
                ],
                [
                    261,
                    878
                ]
            ],
            "text": "Draw",
            "label": "I_Descri"
        },
        {
            "index": 64,
            "bbox": [
                [
                    336,
                    848
                ],
                [
                    368,
                    848
                ],
                [
                    368,
                    876
                ],
                [
                    336,
                    876
                ]
            ],
            "text": "at",
            "label": "I_Descri"
        },
        {
            "index": 65,
            "bbox": [
                [
                    370,
                    846
                ],
                [
                    450,
                    846
                ],
                [
                    450,
                    878
                ],
                [
                    370,
                    878
                ]
            ],
            "text": "Rated",
            "label": "I_Descri"
        },
        {
            "index": 66,
            "bbox": [
                [
                    450,
                    846
                ],
                [
                    557,
                    846
                ],
                [
                    557,
                    885
                ],
                [
                    450,
                    885
                ]
            ],
            "text": "Voltage",
            "label": "I_Descri"
        },
        {
            "index": 67,
            "bbox": [
                [
                    751,
                    848
                ],
                [
                    873,
                    848
                ],
                [
                    873,
                    880
                ],
                [
                    751,
                    880
                ]
            ],
            "text": "70(Max.)",
            "label": "B_Prop"
        },
        {
            "index": 68,
            "bbox": [
                [
                    1223,
                    846
                ],
                [
                    1277,
                    846
                ],
                [
                    1277,
                    878
                ],
                [
                    1223,
                    878
                ]
            ],
            "text": "mA",
            "label": "B_Unit"
        },
        {
            "index": 69,
            "bbox": [
                [
                    149,
                    887
                ],
                [
                    205,
                    887
                ],
                [
                    205,
                    917
                ],
                [
                    149,
                    917
                ]
            ],
            "text": "Coil",
            "label": "B_Descri"
        },
        {
            "index": 70,
            "bbox": [
                [
                    209,
                    887
                ],
                [
                    351,
                    887
                ],
                [
                    351,
                    917
                ],
                [
                    209,
                    917
                ]
            ],
            "text": "Resistance",
            "label": "I_Descri"
        },
        {
            "index": 71,
            "bbox": [
                [
                    768,
                    887
                ],
                [
                    813,
                    887
                ],
                [
                    813,
                    919
                ],
                [
                    768,
                    919
                ]
            ],
            "text": "20",
            "label": "B_Prop"
        },
        {
            "index": 72,
            "bbox": [
                [
                    807,
                    889
                ],
                [
                    834,
                    889
                ],
                [
                    834,
                    919
                ],
                [
                    807,
                    919
                ]
            ],
            "text": "+",
            "label": "I_Prop"
        },
        {
            "index": 73,
            "bbox": [
                [
                    830,
                    887
                ],
                [
                    856,
                    887
                ],
                [
                    856,
                    919
                ],
                [
                    830,
                    919
                ]
            ],
            "text": "3",
            "label": "I_Prop"
        },
        {
            "index": 74,
            "bbox": [
                [
                    1210,
                    887
                ],
                [
                    1292,
                    887
                ],
                [
                    1292,
                    917
                ],
                [
                    1210,
                    917
                ]
            ],
            "text": "Ohms",
            "label": "B_Unit"
        },
        {
            "index": 75,
            "bbox": [
                [
                    151,
                    930
                ],
                [
                    280,
                    930
                ],
                [
                    280,
                    960
                ],
                [
                    151,
                    960
                ]
            ],
            "text": "Minimum",
            "label": "B_Descri"
        },
        {
            "index": 76,
            "bbox": [
                [
                    282,
                    928
                ],
                [
                    340,
                    928
                ],
                [
                    340,
                    962
                ],
                [
                    282,
                    962
                ]
            ],
            "text": "SPL",
            "label": "I_Descri"
        },
        {
            "index": 77,
            "bbox": [
                [
                    336,
                    928
                ],
                [
                    375,
                    928
                ],
                [
                    375,
                    964
                ],
                [
                    336,
                    964
                ]
            ],
            "text": "@",
            "label": "I_Descri"
        },
        {
            "index": 78,
            "bbox": [
                [
                    373,
                    930
                ],
                [
                    452,
                    930
                ],
                [
                    452,
                    960
                ],
                [
                    373,
                    960
                ]
            ],
            "text": "10cm",
            "label": "I_Descri"
        },
        {
            "index": 79,
            "bbox": [
                [
                    789,
                    928
                ],
                [
                    834,
                    928
                ],
                [
                    834,
                    962
                ],
                [
                    789,
                    962
                ]
            ],
            "text": "86",
            "label": "B_Prop"
        },
        {
            "index": 80,
            "bbox": [
                [
                    1221,
                    930
                ],
                [
                    1281,
                    930
                ],
                [
                    1281,
                    962
                ],
                [
                    1221,
                    962
                ]
            ],
            "text": "dBA",
            "label": "B_Unit"
        },
        {
            "index": 81,
            "bbox": [
                [
                    151,
                    971
                ],
                [
                    280,
                    971
                ],
                [
                    280,
                    1001
                ],
                [
                    151,
                    1001
                ]
            ],
            "text": "Resonant",
            "label": "B_Descri"
        },
        {
            "index": 82,
            "bbox": [
                [
                    280,
                    971
                ],
                [
                    426,
                    971
                ],
                [
                    426,
                    1009
                ],
                [
                    280,
                    1009
                ]
            ],
            "text": "Frequency",
            "label": "I_Descri"
        },
        {
            "index": 83,
            "bbox": [
                [
                    731,
                    971
                ],
                [
                    811,
                    971
                ],
                [
                    811,
                    1003
                ],
                [
                    731,
                    1003
                ]
            ],
            "text": "2,730",
            "label": "B_Prop"
        },
        {
            "index": 84,
            "bbox": [
                [
                    811,
                    973
                ],
                [
                    837,
                    973
                ],
                [
                    837,
                    1003
                ],
                [
                    811,
                    1003
                ]
            ],
            "text": "+",
            "label": "I_Prop"
        },
        {
            "index": 85,
            "bbox": [
                [
                    837,
                    971
                ],
                [
                    892,
                    971
                ],
                [
                    892,
                    1001
                ],
                [
                    837,
                    1001
                ]
            ],
            "text": "500",
            "label": "I_Prop"
        },
        {
            "index": 86,
            "bbox": [
                [
                    1230,
                    968
                ],
                [
                    1275,
                    968
                ],
                [
                    1275,
                    1003
                ],
                [
                    1230,
                    1003
                ]
            ],
            "text": "Hz",
            "label": "B_Unit"
        },
        {
            "index": 87,
            "bbox": [
                [
                    151,
                    1014
                ],
                [
                    265,
                    1014
                ],
                [
                    265,
                    1046
                ],
                [
                    151,
                    1046
                ]
            ],
            "text": "Housing",
            "label": "B_Descri"
        },
        {
            "index": 88,
            "bbox": [
                [
                    265,
                    1011
                ],
                [
                    379,
                    1011
                ],
                [
                    379,
                    1041
                ],
                [
                    265,
                    1041
                ]
            ],
            "text": "Material",
            "label": "I_Descri"
        },
        {
            "index": 89,
            "bbox": [
                [
                    783,
                    1011
                ],
                [
                    845,
                    1011
                ],
                [
                    845,
                    1044
                ],
                [
                    783,
                    1044
                ]
            ],
            "text": "PBT",
            "label": "B_Prop"
        },
        {
            "index": 90,
            "bbox": [
                [
                    149,
                    1052
                ],
                [
                    274,
                    1052
                ],
                [
                    274,
                    1082
                ],
                [
                    149,
                    1082
                ]
            ],
            "text": "Terminal",
            "label": "B_Descri"
        },
        {
            "index": 91,
            "bbox": [
                [
                    278,
                    1052
                ],
                [
                    390,
                    1052
                ],
                [
                    390,
                    1084
                ],
                [
                    278,
                    1084
                ]
            ],
            "text": "Material",
            "label": "I_Descri"
        },
        {
            "index": 92,
            "bbox": [
                [
                    628,
                    1052
                ],
                [
                    673,
                    1052
                ],
                [
                    673,
                    1087
                ],
                [
                    628,
                    1087
                ]
            ],
            "text": "Au",
            "label": "B_Prop"
        },
        {
            "index": 93,
            "bbox": [
                [
                    673,
                    1052
                ],
                [
                    761,
                    1052
                ],
                [
                    761,
                    1084
                ],
                [
                    673,
                    1084
                ]
            ],
            "text": "Plated",
            "label": "I_Prop"
        },
        {
            "index": 94,
            "bbox": [
                [
                    766,
                    1054
                ],
                [
                    895,
                    1054
                ],
                [
                    895,
                    1087
                ],
                [
                    766,
                    1087
                ]
            ],
            "text": "Phosphor",
            "label": "I_Prop"
        },
        {
            "index": 95,
            "bbox": [
                [
                    897,
                    1052
                ],
                [
                    996,
                    1052
                ],
                [
                    996,
                    1084
                ],
                [
                    897,
                    1084
                ]
            ],
            "text": "Bronze",
            "label": "I_Prop"
        },
        {
            "index": 96,
            "bbox": [
                [
                    147,
                    1093
                ],
                [
                    252,
                    1093
                ],
                [
                    252,
                    1132
                ],
                [
                    147,
                    1132
                ]
            ],
            "text": "Weight",
            "label": "B_Descri"
        },
        {
            "index": 97,
            "bbox": [
                [
                    787,
                    1093
                ],
                [
                    837,
                    1093
                ],
                [
                    837,
                    1125
                ],
                [
                    787,
                    1125
                ]
            ],
            "text": "0.7",
            "label": "B_Prop"
        },
        {
            "index": 98,
            "bbox": [
                [
                    1206,
                    1095
                ],
                [
                    1296,
                    1095
                ],
                [
                    1296,
                    1125
                ],
                [
                    1206,
                    1125
                ]
            ],
            "text": "Grams",
            "label": "B_Unit"
        },
        {
            "index": 99,
            "bbox": [
                [
                    147,
                    1136
                ],
                [
                    302,
                    1136
                ],
                [
                    302,
                    1173
                ],
                [
                    147,
                    1173
                ]
            ],
            "text": "Acceptable",
            "label": "B_Descri"
        },
        {
            "index": 100,
            "bbox": [
                [
                    302,
                    1136
                ],
                [
                    431,
                    1136
                ],
                [
                    431,
                    1168
                ],
                [
                    302,
                    1168
                ]
            ],
            "text": "Soldering",
            "label": "I_Descri"
        },
        {
            "index": 101,
            "bbox": [
                [
                    433,
                    1134
                ],
                [
                    551,
                    1134
                ],
                [
                    551,
                    1166
                ],
                [
                    433,
                    1166
                ]
            ],
            "text": "Methods",
            "label": "I_Descri"
        },
        {
            "index": 102,
            "bbox": [
                [
                    641,
                    1134
                ],
                [
                    714,
                    1134
                ],
                [
                    714,
                    1166
                ],
                [
                    641,
                    1166
                ]
            ],
            "text": "Hand",
            "label": "B_Prop"
        },
        {
            "index": 103,
            "bbox": [
                [
                    716,
                    1136
                ],
                [
                    813,
                    1136
                ],
                [
                    813,
                    1168
                ],
                [
                    716,
                    1168
                ]
            ],
            "text": "Solder,",
            "label": "I_Prop"
        },
        {
            "index": 104,
            "bbox": [
                [
                    813,
                    1136
                ],
                [
                    895,
                    1136
                ],
                [
                    895,
                    1166
                ],
                [
                    813,
                    1166
                ]
            ],
            "text": "Wave",
            "label": "I_Prop"
        },
        {
            "index": 105,
            "bbox": [
                [
                    895,
                    1134
                ],
                [
                    987,
                    1134
                ],
                [
                    987,
                    1166
                ],
                [
                    895,
                    1166
                ]
            ],
            "text": "Solder",
            "label": "I_Prop"
        },
        {
            "index": 106,
            "bbox": [
                [
                    151,
                    1177
                ],
                [
                    349,
                    1177
                ],
                [
                    349,
                    1207
                ],
                [
                    151,
                    1207
                ]
            ],
            "text": "Environmental",
            "label": "B_Descri"
        },
        {
            "index": 107,
            "bbox": [
                [
                    351,
                    1177
                ],
                [
                    525,
                    1177
                ],
                [
                    525,
                    1213
                ],
                [
                    351,
                    1213
                ]
            ],
            "text": "Compliances",
            "label": "I_Descri"
        },
        {
            "index": 108,
            "bbox": [
                [
                    718,
                    1177
                ],
                [
                    905,
                    1177
                ],
                [
                    905,
                    1213
                ],
                [
                    718,
                    1213
                ]
            ],
            "text": "RoHS/REACH",
            "label": "B_Prop"
        },
        {
            "index": 109,
            "bbox": [
                [
                    147,
                    1218
                ],
                [
                    257,
                    1218
                ],
                [
                    257,
                    1256
                ],
                [
                    147,
                    1256
                ]
            ],
            "text": "Storage",
            "label": "B_Descri"
        },
        {
            "index": 110,
            "bbox": [
                [
                    252,
                    1218
                ],
                [
                    435,
                    1218
                ],
                [
                    435,
                    1254
                ],
                [
                    252,
                    1254
                ]
            ],
            "text": "Temperature",
            "label": "I_Descri"
        },
        {
            "index": 111,
            "bbox": [
                [
                    744,
                    1218
                ],
                [
                    796,
                    1218
                ],
                [
                    796,
                    1250
                ],
                [
                    744,
                    1250
                ]
            ],
            "text": "-30",
            "label": "B_Prop"
        },
        {
            "index": 112,
            "bbox": [
                [
                    794,
                    1222
                ],
                [
                    824,
                    1222
                ],
                [
                    824,
                    1248
                ],
                [
                    794,
                    1248
                ]
            ],
            "text": "a",
            "label": "I_Prop"
        },
        {
            "index": 113,
            "bbox": [
                [
                    822,
                    1218
                ],
                [
                    880,
                    1218
                ],
                [
                    880,
                    1250
                ],
                [
                    822,
                    1250
                ]
            ],
            "text": "+80",
            "label": "I_Prop"
        },
        {
            "index": 114,
            "bbox": [
                [
                    1230,
                    1216
                ],
                [
                    1271,
                    1216
                ],
                [
                    1271,
                    1252
                ],
                [
                    1230,
                    1252
                ]
            ],
            "text": "°C",
            "label": "B_Unit"
        },
        {
            "index": 115,
            "bbox": [
                [
                    151,
                    1263
                ],
                [
                    289,
                    1263
                ],
                [
                    289,
                    1297
                ],
                [
                    151,
                    1297
                ]
            ],
            "text": "Operating",
            "label": "B_Descri"
        },
        {
            "index": 116,
            "bbox": [
                [
                    287,
                    1261
                ],
                [
                    467,
                    1261
                ],
                [
                    467,
                    1297
                ],
                [
                    287,
                    1297
                ]
            ],
            "text": "Temperature",
            "label": "I_Descri"
        },
        {
            "index": 117,
            "bbox": [
                [
                    742,
                    1258
                ],
                [
                    796,
                    1258
                ],
                [
                    796,
                    1293
                ],
                [
                    742,
                    1293
                ]
            ],
            "text": "-20",
            "label": "B_Prop"
        },
        {
            "index": 118,
            "bbox": [
                [
                    794,
                    1265
                ],
                [
                    824,
                    1265
                ],
                [
                    824,
                    1289
                ],
                [
                    794,
                    1289
                ]
            ],
            "text": "a",
            "label": "I_Prop"
        },
        {
            "index": 119,
            "bbox": [
                [
                    822,
                    1258
                ],
                [
                    882,
                    1258
                ],
                [
                    882,
                    1293
                ],
                [
                    822,
                    1293
                ]
            ],
            "text": "+70",
            "label": "I_Prop"
        },
        {
            "index": 120,
            "bbox": [
                [
                    1234,
                    1261
                ],
                [
                    1268,
                    1261
                ],
                [
                    1268,
                    1291
                ],
                [
                    1234,
                    1291
                ]
            ],
            "text": "C",
            "label": "B_Unit"
        },
        {
            "index": 121,
            "bbox": [
                [
                    136,
                    1355
                ],
                [
                    385,
                    1355
                ],
                [
                    385,
                    1385
                ],
                [
                    136,
                    1385
                ]
            ],
            "text": "Measurement",
            "label": "B_Section"
        },
        {
            "index": 122,
            "bbox": [
                [
                    392,
                    1355
                ],
                [
                    529,
                    1355
                ],
                [
                    529,
                    1390
                ],
                [
                    392,
                    1390
                ]
            ],
            "text": "Method",
            "label": "I_Section"
        },
        {
            "index": 123,
            "bbox": [
                [
                    538,
                    1366
                ],
                [
                    712,
                    1366
                ],
                [
                    712,
                    1396
                ],
                [
                    538,
                    1396
                ]
            ],
            "text": "(Temperature:",
            "label": "B_Descri"
        },
        {
            "index": 124,
            "bbox": [
                [
                    710,
                    1364
                ],
                [
                    807,
                    1364
                ],
                [
                    807,
                    1396
                ],
                [
                    710,
                    1396
                ]
            ],
            "text": "25+3°C;",
            "label": "I_Descri"
        },
        {
            "index": 125,
            "bbox": [
                [
                    807,
                    1364
                ],
                [
                    908,
                    1364
                ],
                [
                    908,
                    1392
                ],
                [
                    807,
                    1392
                ]
            ],
            "text": "Relative",
            "label": "I_Descri"
        },
        {
            "index": 126,
            "bbox": [
                [
                    908,
                    1366
                ],
                [
                    1028,
                    1366
                ],
                [
                    1028,
                    1396
                ],
                [
                    908,
                    1396
                ]
            ],
            "text": "Humidity:",
            "label": "I_Descri"
        },
        {
            "index": 127,
            "bbox": [
                [
                    1026,
                    1364
                ],
                [
                    1088,
                    1364
                ],
                [
                    1088,
                    1394
                ],
                [
                    1026,
                    1394
                ]
            ],
            "text": "60%",
            "label": "I_Descri"
        },
        {
            "index": 128,
            "bbox": [
                [
                    1084,
                    1368
                ],
                [
                    1109,
                    1368
                ],
                [
                    1109,
                    1392
                ],
                [
                    1084,
                    1392
                ]
            ],
            "text": "a",
            "label": "I_Descri"
        },
        {
            "index": 129,
            "bbox": [
                [
                    1105,
                    1364
                ],
                [
                    1176,
                    1364
                ],
                [
                    1176,
                    1398
                ],
                [
                    1105,
                    1398
                ]
            ],
            "text": "70%)",
            "label": "I_Descri"
        },
        {
            "index": 130,
            "bbox": [
                [
                    134,
                    1398
                ],
                [
                    134,
                    1428
                ],
                [
                    259,
                    1428
                ],
                [
                    259,
                    1398
                ]
            ],
            "text": "Standard",
            "label": "B_Descri"
        },
        {
            "index": 131,
            "bbox": [
                [
                    259,
                    1400
                ],
                [
                    323,
                    1400
                ],
                [
                    323,
                    1433
                ],
                [
                    259,
                    1433
                ]
            ],
            "text": "Test",
            "label": "I_Descri"
        },
        {
            "index": 132,
            "bbox": [
                [
                    323,
                    1400
                ],
                [
                    424,
                    1400
                ],
                [
                    424,
                    1430
                ],
                [
                    323,
                    1430
                ]
            ],
            "text": "Fixture",
            "label": "I_Descri"
        },
        {
            "index": 133,
            "bbox": [
                [
                    428,
                    1402
                ],
                [
                    557,
                    1402
                ],
                [
                    557,
                    1435
                ],
                [
                    428,
                    1435
                ]
            ],
            "text": "(Distance:",
            "label": "I_Descri"
        },
        {
            "index": 134,
            "bbox": [
                [
                    562,
                    1398
                ],
                [
                    650,
                    1398
                ],
                [
                    650,
                    1437
                ],
                [
                    562,
                    1437
                ]
            ],
            "text": "10cm,",
            "label": "I_Descri"
        },
        {
            "index": 135,
            "bbox": [
                [
                    648,
                    1398
                ],
                [
                    742,
                    1398
                ],
                [
                    742,
                    1437
                ],
                [
                    648,
                    1437
                ]
            ],
            "text": "3V0-p,",
            "label": "I_Descri"
        },
        {
            "index": 136,
            "bbox": [
                [
                    742,
                    1400
                ],
                [
                    852,
                    1400
                ],
                [
                    852,
                    1433
                ],
                [
                    742,
                    1433
                ]
            ],
            "text": "2730Hz",
            "label": "I_Descri"
        },
        {
            "index": 137,
            "bbox": [
                [
                    850,
                    1405
                ],
                [
                    946,
                    1405
                ],
                [
                    946,
                    1437
                ],
                [
                    850,
                    1437
                ]
            ],
            "text": "square",
            "label": "I_Descri"
        },
        {
            "index": 138,
            "bbox": [
                [
                    946,
                    1402
                ],
                [
                    1030,
                    1402
                ],
                [
                    1030,
                    1435
                ],
                [
                    946,
                    1435
                ]
            ],
            "text": "wave)",
            "label": "I_Descri"
        },
        {
            "index": 139,
            "bbox": [
                [
                    691,
                    2135
                ],
                [
                    914,
                    2135
                ],
                [
                    914,
                    2163
                ],
                [
                    691,
                    2163
                ]
            ],
            "text": "www.puiaudio.com",
            "label": "Out"
        }
    ]
}