{
    "datasheet": [
        {
            "index": 0,
            "bbox": [
                [
                    116,
                    127
                ],
                [
                    189,
                    127
                ],
                [
                    189,
                    159
                ],
                [
                    116,
                    159
                ]
            ],
            "text": "BPW",
            "label": "Out"
        },
        {
            "index": 1,
            "bbox": [
                [
                    189,
                    125
                ],
                [
                    235,
                    125
                ],
                [
                    235,
                    162
                ],
                [
                    189,
                    162
                ]
            ],
            "text": "34",
            "label": "Out"
        },
        {
            "index": 2,
            "bbox": [
                [
                    114,
                    269
                ],
                [
                    290,
                    269
                ],
                [
                    290,
                    310
                ],
                [
                    114,
                    310
                ]
            ],
            "text": "Maximum",
            "label": "Out"
        },
        {
            "index": 3,
            "bbox": [
                [
                    297,
                    271
                ],
                [
                    436,
                    271
                ],
                [
                    436,
                    312
                ],
                [
                    297,
                    312
                ]
            ],
            "text": "Ratings",
            "label": "Out"
        },
        {
            "index": 4,
            "bbox": [
                [
                    112,
                    319
                ],
                [
                    155,
                    319
                ],
                [
                    155,
                    367
                ],
                [
                    112,
                    367
                ]
            ],
            "text": "TA",
            "label": "Out"
        },
        {
            "index": 5,
            "bbox": [
                [
                    146,
                    324
                ],
                [
                    176,
                    324
                ],
                [
                    176,
                    354
                ],
                [
                    146,
                    354
                ]
            ],
            "text": "=",
            "label": "Out"
        },
        {
            "index": 6,
            "bbox": [
                [
                    171,
                    319
                ],
                [
                    214,
                    319
                ],
                [
                    214,
                    356
                ],
                [
                    171,
                    356
                ]
            ],
            "text": "25",
            "label": "Out"
        },
        {
            "index": 7,
            "bbox": [
                [
                    207,
                    319
                ],
                [
                    251,
                    319
                ],
                [
                    251,
                    356
                ],
                [
                    207,
                    356
                ]
            ],
            "text": "°C",
            "label": "Out"
        },
        {
            "index": 8,
            "bbox": [
                [
                    116,
                    374
                ],
                [
                    253,
                    374
                ],
                [
                    253,
                    406
                ],
                [
                    116,
                    406
                ]
            ],
            "text": "Parameter",
            "label": "Out"
        },
        {
            "index": 9,
            "bbox": [
                [
                    941,
                    372
                ],
                [
                    1041,
                    372
                ],
                [
                    1041,
                    413
                ],
                [
                    941,
                    413
                ]
            ],
            "text": "Symbol",
            "label": "Out"
        },
        {
            "index": 10,
            "bbox": [
                [
                    1446,
                    374
                ],
                [
                    1539,
                    374
                ],
                [
                    1539,
                    406
                ],
                [
                    1446,
                    406
                ]
            ],
            "text": "Values",
            "label": "Out"
        },
        {
            "index": 11,
            "bbox": [
                [
                    116,
                    443
                ],
                [
                    246,
                    443
                ],
                [
                    246,
                    477
                ],
                [
                    116,
                    477
                ]
            ],
            "text": "Operating",
            "label": "Out"
        },
        {
            "index": 12,
            "bbox": [
                [
                    253,
                    445
                ],
                [
                    424,
                    445
                ],
                [
                    424,
                    477
                ],
                [
                    253,
                    477
                ]
            ],
            "text": "Temperature",
            "label": "Out"
        },
        {
            "index": 13,
            "bbox": [
                [
                    938,
                    440
                ],
                [
                    989,
                    440
                ],
                [
                    989,
                    486
                ],
                [
                    938,
                    486
                ]
            ],
            "text": "Top",
            "label": "Out"
        },
        {
            "index": 14,
            "bbox": [
                [
                    1137,
                    443
                ],
                [
                    1199,
                    443
                ],
                [
                    1199,
                    475
                ],
                [
                    1137,
                    475
                ]
            ],
            "text": "min.",
            "label": "Out"
        },
        {
            "index": 15,
            "bbox": [
                [
                    1446,
                    440
                ],
                [
                    1500,
                    440
                ],
                [
                    1500,
                    475
                ],
                [
                    1446,
                    475
                ]
            ],
            "text": "-40",
            "label": "Out"
        },
        {
            "index": 16,
            "bbox": [
                [
                    1500,
                    443
                ],
                [
                    1537,
                    443
                ],
                [
                    1537,
                    472
                ],
                [
                    1500,
                    472
                ]
            ],
            "text": "°C",
            "label": "Out"
        },
        {
            "index": 17,
            "bbox": [
                [
                    1137,
                    484
                ],
                [
                    1210,
                    484
                ],
                [
                    1210,
                    516
                ],
                [
                    1137,
                    516
                ]
            ],
            "text": "max.",
            "label": "Out"
        },
        {
            "index": 18,
            "bbox": [
                [
                    1443,
                    479
                ],
                [
                    1498,
                    479
                ],
                [
                    1498,
                    513
                ],
                [
                    1443,
                    513
                ]
            ],
            "text": "100",
            "label": "Out"
        },
        {
            "index": 19,
            "bbox": [
                [
                    1498,
                    481
                ],
                [
                    1539,
                    481
                ],
                [
                    1539,
                    511
                ],
                [
                    1498,
                    511
                ]
            ],
            "text": "°C",
            "label": "Out"
        },
        {
            "index": 20,
            "bbox": [
                [
                    116,
                    534
                ],
                [
                    223,
                    534
                ],
                [
                    223,
                    568
                ],
                [
                    116,
                    568
                ]
            ],
            "text": "Storage",
            "label": "Out"
        },
        {
            "index": 21,
            "bbox": [
                [
                    226,
                    536
                ],
                [
                    388,
                    536
                ],
                [
                    388,
                    568
                ],
                [
                    226,
                    568
                ]
            ],
            "text": "temperature",
            "label": "Out"
        },
        {
            "index": 22,
            "bbox": [
                [
                    934,
                    527
                ],
                [
                    993,
                    527
                ],
                [
                    993,
                    582
                ],
                [
                    934,
                    582
                ]
            ],
            "text": "Tstg",
            "label": "Out"
        },
        {
            "index": 23,
            "bbox": [
                [
                    1137,
                    532
                ],
                [
                    1201,
                    532
                ],
                [
                    1201,
                    566
                ],
                [
                    1137,
                    566
                ]
            ],
            "text": "min.",
            "label": "Out"
        },
        {
            "index": 24,
            "bbox": [
                [
                    1446,
                    532
                ],
                [
                    1498,
                    532
                ],
                [
                    1498,
                    566
                ],
                [
                    1446,
                    566
                ]
            ],
            "text": "-40",
            "label": "Out"
        },
        {
            "index": 25,
            "bbox": [
                [
                    1500,
                    534
                ],
                [
                    1537,
                    534
                ],
                [
                    1537,
                    564
                ],
                [
                    1500,
                    564
                ]
            ],
            "text": "°C",
            "label": "Out"
        },
        {
            "index": 26,
            "bbox": [
                [
                    1139,
                    577
                ],
                [
                    1208,
                    577
                ],
                [
                    1208,
                    603
                ],
                [
                    1139,
                    603
                ]
            ],
            "text": "max.",
            "label": "Out"
        },
        {
            "index": 27,
            "bbox": [
                [
                    1443,
                    571
                ],
                [
                    1498,
                    571
                ],
                [
                    1498,
                    605
                ],
                [
                    1443,
                    605
                ]
            ],
            "text": "100",
            "label": "Out"
        },
        {
            "index": 28,
            "bbox": [
                [
                    1496,
                    568
                ],
                [
                    1541,
                    568
                ],
                [
                    1541,
                    605
                ],
                [
                    1496,
                    605
                ]
            ],
            "text": "°C",
            "label": "Out"
        },
        {
            "index": 29,
            "bbox": [
                [
                    116,
                    625
                ],
                [
                    230,
                    625
                ],
                [
                    230,
                    655
                ],
                [
                    116,
                    655
                ]
            ],
            "text": "Reverse",
            "label": "Out"
        },
        {
            "index": 30,
            "bbox": [
                [
                    233,
                    625
                ],
                [
                    331,
                    625
                ],
                [
                    331,
                    660
                ],
                [
                    233,
                    660
                ]
            ],
            "text": "voltage",
            "label": "Out"
        },
        {
            "index": 31,
            "bbox": [
                [
                    938,
                    623
                ],
                [
                    982,
                    623
                ],
                [
                    982,
                    666
                ],
                [
                    938,
                    666
                ]
            ],
            "text": "VR",
            "label": "Out"
        },
        {
            "index": 32,
            "bbox": [
                [
                    1139,
                    630
                ],
                [
                    1208,
                    630
                ],
                [
                    1208,
                    655
                ],
                [
                    1139,
                    655
                ]
            ],
            "text": "max.",
            "label": "Out"
        },
        {
            "index": 33,
            "bbox": [
                [
                    1473,
                    625
                ],
                [
                    1512,
                    625
                ],
                [
                    1512,
                    655
                ],
                [
                    1473,
                    655
                ]
            ],
            "text": "32",
            "label": "Out"
        },
        {
            "index": 34,
            "bbox": [
                [
                    1509,
                    625
                ],
                [
                    1539,
                    625
                ],
                [
                    1539,
                    655
                ],
                [
                    1509,
                    655
                ]
            ],
            "text": "V",
            "label": "Out"
        },
        {
            "index": 35,
            "bbox": [
                [
                    114,
                    676
                ],
                [
                    187,
                    676
                ],
                [
                    187,
                    710
                ],
                [
                    114,
                    710
                ]
            ],
            "text": "Total",
            "label": "Out"
        },
        {
            "index": 36,
            "bbox": [
                [
                    187,
                    680
                ],
                [
                    276,
                    680
                ],
                [
                    276,
                    712
                ],
                [
                    187,
                    712
                ]
            ],
            "text": "power",
            "label": "Out"
        },
        {
            "index": 37,
            "bbox": [
                [
                    276,
                    678
                ],
                [
                    418,
                    678
                ],
                [
                    418,
                    712
                ],
                [
                    276,
                    712
                ]
            ],
            "text": "dissipation",
            "label": "Out"
        },
        {
            "index": 38,
            "bbox": [
                [
                    936,
                    671
                ],
                [
                    993,
                    671
                ],
                [
                    993,
                    724
                ],
                [
                    936,
                    724
                ]
            ],
            "text": "Piot",
            "label": "Out"
        },
        {
            "index": 39,
            "bbox": [
                [
                    1137,
                    682
                ],
                [
                    1208,
                    682
                ],
                [
                    1208,
                    708
                ],
                [
                    1137,
                    708
                ]
            ],
            "text": "max.",
            "label": "Out"
        },
        {
            "index": 40,
            "bbox": [
                [
                    1425,
                    676
                ],
                [
                    1480,
                    676
                ],
                [
                    1480,
                    710
                ],
                [
                    1425,
                    710
                ]
            ],
            "text": "150",
            "label": "Out"
        },
        {
            "index": 41,
            "bbox": [
                [
                    1480,
                    676
                ],
                [
                    1539,
                    676
                ],
                [
                    1539,
                    710
                ],
                [
                    1480,
                    710
                ]
            ],
            "text": "mW",
            "label": "Out"
        },
        {
            "index": 42,
            "bbox": [
                [
                    116,
                    728
                ],
                [
                    180,
                    728
                ],
                [
                    180,
                    760
                ],
                [
                    116,
                    760
                ]
            ],
            "text": "ESD",
            "label": "Out"
        },
        {
            "index": 43,
            "bbox": [
                [
                    182,
                    728
                ],
                [
                    313,
                    728
                ],
                [
                    313,
                    760
                ],
                [
                    182,
                    760
                ]
            ],
            "text": "withstand",
            "label": "Out"
        },
        {
            "index": 44,
            "bbox": [
                [
                    315,
                    730
                ],
                [
                    413,
                    730
                ],
                [
                    413,
                    765
                ],
                [
                    315,
                    765
                ]
            ],
            "text": "voltage",
            "label": "Out"
        },
        {
            "index": 45,
            "bbox": [
                [
                    941,
                    728
                ],
                [
                    968,
                    728
                ],
                [
                    968,
                    762
                ],
                [
                    941,
                    762
                ]
            ],
            "text": "V,",
            "label": "Out"
        },
        {
            "index": 46,
            "bbox": [
                [
                    957,
                    740
                ],
                [
                    1005,
                    740
                ],
                [
                    1005,
                    774
                ],
                [
                    957,
                    774
                ]
            ],
            "text": "ESD",
            "label": "Out"
        },
        {
            "index": 47,
            "bbox": [
                [
                    1139,
                    735
                ],
                [
                    1206,
                    735
                ],
                [
                    1206,
                    760
                ],
                [
                    1139,
                    760
                ]
            ],
            "text": "max.",
            "label": "Out"
        },
        {
            "index": 48,
            "bbox": [
                [
                    1471,
                    728
                ],
                [
                    1498,
                    728
                ],
                [
                    1498,
                    762
                ],
                [
                    1471,
                    762
                ]
            ],
            "text": "2",
            "label": "Out"
        },
        {
            "index": 49,
            "bbox": [
                [
                    1496,
                    726
                ],
                [
                    1544,
                    726
                ],
                [
                    1544,
                    765
                ],
                [
                    1496,
                    765
                ]
            ],
            "text": "kV",
            "label": "Out"
        },
        {
            "index": 50,
            "bbox": [
                [
                    114,
                    774
                ],
                [
                    173,
                    774
                ],
                [
                    173,
                    799
                ],
                [
                    114,
                    799
                ]
            ],
            "text": "acc.",
            "label": "Out"
        },
        {
            "index": 51,
            "bbox": [
                [
                    176,
                    769
                ],
                [
                    207,
                    769
                ],
                [
                    207,
                    799
                ],
                [
                    176,
                    799
                ]
            ],
            "text": "to",
            "label": "Out"
        },
        {
            "index": 52,
            "bbox": [
                [
                    207,
                    769
                ],
                [
                    475,
                    769
                ],
                [
                    475,
                    799
                ],
                [
                    207,
                    799
                ]
            ],
            "text": "ANSVESDAIJEDEC",
            "label": "Out"
        },
        {
            "index": 53,
            "bbox": [
                [
                    475,
                    767
                ],
                [
                    573,
                    767
                ],
                [
                    573,
                    799
                ],
                [
                    475,
                    799
                ]
            ],
            "text": "JS-001",
            "label": "Out"
        },
        {
            "index": 54,
            "bbox": [
                [
                    578,
                    769
                ],
                [
                    664,
                    769
                ],
                [
                    664,
                    804
                ],
                [
                    578,
                    804
                ]
            ],
            "text": "(HBM,",
            "label": "Out"
        },
        {
            "index": 55,
            "bbox": [
                [
                    667,
                    767
                ],
                [
                    747,
                    767
                ],
                [
                    747,
                    801
                ],
                [
                    667,
                    801
                ]
            ],
            "text": "Class",
            "label": "Out"
        },
        {
            "index": 56,
            "bbox": [
                [
                    747,
                    767
                ],
                [
                    779,
                    767
                ],
                [
                    779,
                    804
                ],
                [
                    747,
                    804
                ]
            ],
            "text": "2)",
            "label": "Out"
        },
        {
            "index": 57,
            "bbox": [
                [
                    134,
                    2192
                ],
                [
                    162,
                    2192
                ],
                [
                    162,
                    2229
                ],
                [
                    134,
                    2229
                ]
            ],
            "text": "2",
            "label": "Out"
        },
        {
            "index": 58,
            "bbox": [
                [
                    169,
                    2195
                ],
                [
                    278,
                    2195
                ],
                [
                    278,
                    2227
                ],
                [
                    169,
                    2227
                ]
            ],
            "text": "Version",
            "label": "Out"
        },
        {
            "index": 59,
            "bbox": [
                [
                    278,
                    2192
                ],
                [
                    329,
                    2192
                ],
                [
                    329,
                    2227
                ],
                [
                    278,
                    2227
                ]
            ],
            "text": "1.5",
            "label": "Out"
        },
        {
            "index": 60,
            "bbox": [
                [
                    345,
                    2195
                ],
                [
                    500,
                    2195
                ],
                [
                    500,
                    2224
                ],
                [
                    345,
                    2224
                ]
            ],
            "text": "2020-01-08",
            "label": "Out"
        },
        {
            "index": 61,
            "bbox": [
                [
                    1322,
                    2217
                ],
                [
                    1535,
                    2217
                ],
                [
                    1535,
                    2268
                ],
                [
                    1322,
                    2268
                ]
            ],
            "text": "OSRAM",
            "label": "Out"
        },
        {
            "index": 62,
            "bbox": [
                [
                    1320,
                    2270
                ],
                [
                    1379,
                    2270
                ],
                [
                    1379,
                    2304
                ],
                [
                    1320,
                    2304
                ]
            ],
            "text": "Opto",
            "label": "Out"
        },
        {
            "index": 63,
            "bbox": [
                [
                    1370,
                    2272
                ],
                [
                    1541,
                    2272
                ],
                [
                    1541,
                    2302
                ],
                [
                    1370,
                    2302
                ]
            ],
            "text": "Semiconductors",
            "label": "Out"
        }
    ]
}