{
    "datasheet": [
        {
            "index": 0,
            "bbox": [
                [
                    80,
                    148
                ],
                [
                    239,
                    148
                ],
                [
                    239,
                    199
                ],
                [
                    80,
                    199
                ]
            ],
            "text": "D-DD",
            "label": "Out"
        },
        {
            "index": 1,
            "bbox": [
                [
                    89,
                    255
                ],
                [
                    162,
                    255
                ],
                [
                    162,
                    287
                ],
                [
                    89,
                    287
                ]
            ],
            "text": "Base",
            "label": "B_Section"
        },
        {
            "index": 2,
            "bbox": [
                [
                    162,
                    255
                ],
                [
                    272,
                    255
                ],
                [
                    272,
                    287
                ],
                [
                    162,
                    287
                ]
            ],
            "text": "Product",
            "label": "I_Section"
        },
        {
            "index": 3,
            "bbox": [
                [
                    467,
                    352
                ],
                [
                    549,
                    352
                ],
                [
                    549,
                    386
                ],
                [
                    467,
                    386
                ]
            ],
            "text": "Fiber",
            "label": "B_Descri"
        },
        {
            "index": 4,
            "bbox": [
                [
                    551,
                    352
                ],
                [
                    639,
                    352
                ],
                [
                    639,
                    393
                ],
                [
                    551,
                    393
                ]
            ],
            "text": "Optic",
            "label": "I_Descri"
        },
        {
            "index": 5,
            "bbox": [
                [
                    641,
                    352
                ],
                [
                    738,
                    352
                ],
                [
                    738,
                    391
                ],
                [
                    641,
                    391
                ]
            ],
            "text": "Cable,",
            "label": "I_Descri"
        },
        {
            "index": 6,
            "bbox": [
                [
                    742,
                    352
                ],
                [
                    830,
                    352
                ],
                [
                    830,
                    393
                ],
                [
                    742,
                    393
                ]
            ],
            "text": "Drop,",
            "label": "I_Descri"
        },
        {
            "index": 7,
            "bbox": [
                [
                    837,
                    354
                ],
                [
                    966,
                    354
                ],
                [
                    966,
                    384
                ],
                [
                    837,
                    384
                ]
            ],
            "text": "Outdoor",
            "label": "I_Descri"
        },
        {
            "index": 8,
            "bbox": [
                [
                    970,
                    352
                ],
                [
                    1034,
                    352
                ],
                [
                    1034,
                    386
                ],
                [
                    970,
                    386
                ]
            ],
            "text": "Arid",
            "label": "I_Descri"
        },
        {
            "index": 9,
            "bbox": [
                [
                    1041,
                    352
                ],
                [
                    1114,
                    352
                ],
                [
                    1114,
                    386
                ],
                [
                    1041,
                    386
                ]
            ],
            "text": "Core",
            "label": "I_Descri"
        },
        {
            "index": 10,
            "bbox": [
                [
                    1120,
                    354
                ],
                [
                    1256,
                    354
                ],
                [
                    1256,
                    384
                ],
                [
                    1120,
                    384
                ]
            ],
            "text": "Gel-Free",
            "label": "I_Descri"
        },
        {
            "index": 11,
            "bbox": [
                [
                    1260,
                    352
                ],
                [
                    1367,
                    352
                ],
                [
                    1367,
                    391
                ],
                [
                    1260,
                    391
                ]
            ],
            "text": "Tubes,",
            "label": "I_Descri"
        },
        {
            "index": 12,
            "bbox": [
                [
                    1376,
                    354
                ],
                [
                    1488,
                    354
                ],
                [
                    1488,
                    384
                ],
                [
                    1376,
                    384
                ]
            ],
            "text": "Double",
            "label": "I_Descri"
        },
        {
            "index": 13,
            "bbox": [
                [
                    1496,
                    352
                ],
                [
                    1597,
                    352
                ],
                [
                    1597,
                    384
                ],
                [
                    1496,
                    384
                ]
            ],
            "text": "Jacket",
            "label": "I_Descri"
        },
        {
            "index": 14,
            "bbox": [
                [
                    465,
                    399
                ],
                [
                    613,
                    399
                ],
                [
                    613,
                    436
                ],
                [
                    465,
                    436
                ]
            ],
            "text": "Dielectric",
            "label": "I_Descri"
        },
        {
            "index": 15,
            "bbox": [
                [
                    547,
                    476
                ],
                [
                    613,
                    476
                ],
                [
                    613,
                    511
                ],
                [
                    547,
                    511
                ]
            ],
            "text": "Fiber",
            "label": "B_Descri"
        },
        {
            "index": 16,
            "bbox": [
                [
                    607,
                    479
                ],
                [
                    665,
                    479
                ],
                [
                    665,
                    513
                ],
                [
                    607,
                    513
                ]
            ],
            "text": "drop",
            "label": "I_Descri"
        },
        {
            "index": 17,
            "bbox": [
                [
                    665,
                    479
                ],
                [
                    744,
                    479
                ],
                [
                    744,
                    509
                ],
                [
                    665,
                    509
                ]
            ],
            "text": "cables",
            "label": "I_Descri"
        },
        {
            "index": 18,
            "bbox": [
                [
                    742,
                    483
                ],
                [
                    785,
                    483
                ],
                [
                    785,
                    509
                ],
                [
                    742,
                    509
                ]
            ],
            "text": "are",
            "label": "I_Descri"
        },
        {
            "index": 19,
            "bbox": [
                [
                    783,
                    481
                ],
                [
                    877,
                    481
                ],
                [
                    877,
                    513
                ],
                [
                    783,
                    513
                ]
            ],
            "text": "typically",
            "label": "I_Descri"
        },
        {
            "index": 20,
            "bbox": [
                [
                    875,
                    479
                ],
                [
                    940,
                    479
                ],
                [
                    940,
                    509
                ],
                [
                    875,
                    509
                ]
            ],
            "text": "used",
            "label": "I_Descri"
        },
        {
            "index": 21,
            "bbox": [
                [
                    935,
                    479
                ],
                [
                    1036,
                    479
                ],
                [
                    1036,
                    509
                ],
                [
                    935,
                    509
                ]
            ],
            "text": "between",
            "label": "I_Descri"
        },
        {
            "index": 22,
            "bbox": [
                [
                    1036,
                    481
                ],
                [
                    1077,
                    481
                ],
                [
                    1077,
                    507
                ],
                [
                    1036,
                    507
                ]
            ],
            "text": "the",
            "label": "I_Descri"
        },
        {
            "index": 23,
            "bbox": [
                [
                    1077,
                    479
                ],
                [
                    1133,
                    479
                ],
                [
                    1133,
                    509
                ],
                [
                    1077,
                    509
                ]
            ],
            "text": "fiber",
            "label": "I_Descri"
        },
        {
            "index": 24,
            "bbox": [
                [
                    1131,
                    479
                ],
                [
                    1228,
                    479
                ],
                [
                    1228,
                    509
                ],
                [
                    1131,
                    509
                ]
            ],
            "text": "terminal",
            "label": "I_Descri"
        },
        {
            "index": 25,
            "bbox": [
                [
                    1228,
                    481
                ],
                [
                    1275,
                    481
                ],
                [
                    1275,
                    507
                ],
                [
                    1228,
                    507
                ]
            ],
            "text": "and",
            "label": "I_Descri"
        },
        {
            "index": 26,
            "bbox": [
                [
                    1273,
                    476
                ],
                [
                    1318,
                    476
                ],
                [
                    1318,
                    511
                ],
                [
                    1273,
                    511
                ]
            ],
            "text": "the",
            "label": "I_Descri"
        },
        {
            "index": 27,
            "bbox": [
                [
                    1316,
                    481
                ],
                [
                    1408,
                    481
                ],
                [
                    1408,
                    511
                ],
                [
                    1316,
                    511
                ]
            ],
            "text": "building",
            "label": "I_Descri"
        },
        {
            "index": 28,
            "bbox": [
                [
                    1406,
                    483
                ],
                [
                    1438,
                    483
                ],
                [
                    1438,
                    509
                ],
                [
                    1406,
                    509
                ]
            ],
            "text": "or",
            "label": "I_Descri"
        },
        {
            "index": 29,
            "bbox": [
                [
                    1436,
                    479
                ],
                [
                    1507,
                    479
                ],
                [
                    1507,
                    509
                ],
                [
                    1436,
                    509
                ]
            ],
            "text": "home",
            "label": "I_Descri"
        },
        {
            "index": 30,
            "bbox": [
                [
                    1503,
                    476
                ],
                [
                    1554,
                    476
                ],
                [
                    1554,
                    509
                ],
                [
                    1503,
                    509
                ]
            ],
            "text": "and",
            "label": "I_Descri"
        },
        {
            "index": 31,
            "bbox": [
                [
                    547,
                    511
                ],
                [
                    650,
                    511
                ],
                [
                    650,
                    541
                ],
                [
                    547,
                    541
                ]
            ],
            "text": "available",
            "label": "I_Descri"
        },
        {
            "index": 32,
            "bbox": [
                [
                    650,
                    513
                ],
                [
                    686,
                    513
                ],
                [
                    686,
                    541
                ],
                [
                    650,
                    541
                ]
            ],
            "text": "for",
            "label": "I_Descri"
        },
        {
            "index": 33,
            "bbox": [
                [
                    686,
                    511
                ],
                [
                    772,
                    511
                ],
                [
                    772,
                    541
                ],
                [
                    686,
                    541
                ]
            ],
            "text": "various",
            "label": "I_Descri"
        },
        {
            "index": 34,
            "bbox": [
                [
                    772,
                    511
                ],
                [
                    850,
                    511
                ],
                [
                    850,
                    541
                ],
                [
                    772,
                    541
                ]
            ],
            "text": "indoor",
            "label": "I_Descri"
        },
        {
            "index": 35,
            "bbox": [
                [
                    845,
                    515
                ],
                [
                    877,
                    515
                ],
                [
                    877,
                    541
                ],
                [
                    845,
                    541
                ]
            ],
            "text": "or",
            "label": "I_Descri"
        },
        {
            "index": 36,
            "bbox": [
                [
                    875,
                    511
                ],
                [
                    970,
                    511
                ],
                [
                    970,
                    541
                ],
                [
                    875,
                    541
                ]
            ],
            "text": "outdoor",
            "label": "I_Descri"
        },
        {
            "index": 37,
            "bbox": [
                [
                    970,
                    506
                ],
                [
                    970,
                    540
                ],
                [
                    1107,
                    540
                ],
                [
                    1107,
                    506
                ]
            ],
            "text": "applications",
            "label": "I_Descri"
        },
        {
            "index": 38,
            "bbox": [
                [
                    548,
                    546
                ],
                [
                    548,
                    576
                ],
                [
                    611,
                    576
                ],
                [
                    611,
                    546
                ]
            ],
            "text": "Fiber",
            "label": "B_Descri"
        },
        {
            "index": 39,
            "bbox": [
                [
                    609,
                    545
                ],
                [
                    665,
                    545
                ],
                [
                    665,
                    580
                ],
                [
                    609,
                    580
                ]
            ],
            "text": "drop",
            "label": "I_Descri"
        },
        {
            "index": 40,
            "bbox": [
                [
                    665,
                    545
                ],
                [
                    742,
                    545
                ],
                [
                    742,
                    575
                ],
                [
                    665,
                    575
                ]
            ],
            "text": "cables",
            "label": "I_Descri"
        },
        {
            "index": 41,
            "bbox": [
                [
                    742,
                    550
                ],
                [
                    783,
                    550
                ],
                [
                    783,
                    573
                ],
                [
                    742,
                    573
                ]
            ],
            "text": "are",
            "label": "I_Descri"
        },
        {
            "index": 42,
            "bbox": [
                [
                    783,
                    547
                ],
                [
                    910,
                    547
                ],
                [
                    910,
                    577
                ],
                [
                    783,
                    577
                ]
            ],
            "text": "engineered",
            "label": "I_Descri"
        },
        {
            "index": 43,
            "bbox": [
                [
                    910,
                    547
                ],
                [
                    938,
                    547
                ],
                [
                    938,
                    575
                ],
                [
                    910,
                    575
                ]
            ],
            "text": "to",
            "label": "I_Descri"
        },
        {
            "index": 44,
            "bbox": [
                [
                    938,
                    545
                ],
                [
                    1051,
                    545
                ],
                [
                    1051,
                    573
                ],
                [
                    938,
                    573
                ]
            ],
            "text": "withstand",
            "label": "I_Descri"
        },
        {
            "index": 45,
            "bbox": [
                [
                    1049,
                    543
                ],
                [
                    1094,
                    543
                ],
                [
                    1094,
                    575
                ],
                [
                    1049,
                    575
                ]
            ],
            "text": "the",
            "label": "I_Descri"
        },
        {
            "index": 46,
            "bbox": [
                [
                    1090,
                    545
                ],
                [
                    1159,
                    545
                ],
                [
                    1159,
                    575
                ],
                [
                    1090,
                    575
                ]
            ],
            "text": "most",
            "label": "I_Descri"
        },
        {
            "index": 47,
            "bbox": [
                [
                    1157,
                    547
                ],
                [
                    1283,
                    547
                ],
                [
                    1283,
                    577
                ],
                [
                    1157,
                    577
                ]
            ],
            "text": "demanding",
            "label": "I_Descri"
        },
        {
            "index": 48,
            "bbox": [
                [
                    1286,
                    545
                ],
                [
                    1447,
                    545
                ],
                [
                    1447,
                    573
                ],
                [
                    1286,
                    573
                ]
            ],
            "text": "environmental",
            "label": "I_Descri"
        },
        {
            "index": 49,
            "bbox": [
                [
                    1447,
                    547
                ],
                [
                    1571,
                    547
                ],
                [
                    1571,
                    575
                ],
                [
                    1447,
                    575
                ]
            ],
            "text": "conditions,",
            "label": "I_Descri"
        },
        {
            "index": 50,
            "bbox": [
                [
                    547,
                    580
                ],
                [
                    652,
                    580
                ],
                [
                    652,
                    612
                ],
                [
                    547,
                    612
                ]
            ],
            "text": "including",
            "label": "I_Descri"
        },
        {
            "index": 51,
            "bbox": [
                [
                    650,
                    580
                ],
                [
                    706,
                    580
                ],
                [
                    706,
                    612
                ],
                [
                    650,
                    612
                ]
            ],
            "text": "sun,",
            "label": "I_Descri"
        },
        {
            "index": 52,
            "bbox": [
                [
                    703,
                    577
                ],
                [
                    764,
                    577
                ],
                [
                    764,
                    612
                ],
                [
                    703,
                    612
                ]
            ],
            "text": "heat,",
            "label": "I_Descri"
        },
        {
            "index": 53,
            "bbox": [
                [
                    761,
                    577
                ],
                [
                    819,
                    577
                ],
                [
                    819,
                    610
                ],
                [
                    761,
                    610
                ]
            ],
            "text": "cold,",
            "label": "I_Descri"
        },
        {
            "index": 54,
            "bbox": [
                [
                    819,
                    577
                ],
                [
                    923,
                    577
                ],
                [
                    923,
                    608
                ],
                [
                    819,
                    608
                ]
            ],
            "text": "moisture",
            "label": "I_Descri"
        },
        {
            "index": 55,
            "bbox": [
                [
                    920,
                    575
                ],
                [
                    972,
                    575
                ],
                [
                    972,
                    608
                ],
                [
                    920,
                    608
                ]
            ],
            "text": "and",
            "label": "I_Descri"
        },
        {
            "index": 56,
            "bbox": [
                [
                    970,
                    580
                ],
                [
                    1041,
                    580
                ],
                [
                    1041,
                    612
                ],
                [
                    970,
                    612
                ]
            ],
            "text": "heavy",
            "label": "I_Descri"
        },
        {
            "index": 57,
            "bbox": [
                [
                    1041,
                    580
                ],
                [
                    1077,
                    580
                ],
                [
                    1077,
                    608
                ],
                [
                    1041,
                    608
                ]
            ],
            "text": "RF",
            "label": "I_Descri"
        },
        {
            "index": 58,
            "bbox": [
                [
                    1077,
                    577
                ],
                [
                    1213,
                    577
                ],
                [
                    1213,
                    608
                ],
                [
                    1077,
                    608
                ]
            ],
            "text": "interference",
            "label": "I_Descri"
        },
        {
            "index": 59,
            "bbox": [
                [
                    543,
                    617
                ],
                [
                    543,
                    655
                ],
                [
                    647,
                    655
                ],
                [
                    647,
                    617
                ]
            ],
            "text": "Superior",
            "label": "B_Descri"
        },
        {
            "index": 60,
            "bbox": [
                [
                    646,
                    615
                ],
                [
                    646,
                    645
                ],
                [
                    780,
                    645
                ],
                [
                    780,
                    615
                ]
            ],
            "text": "mechanical",
            "label": "I_Descri"
        },
        {
            "index": 61,
            "bbox": [
                [
                    776,
                    613
                ],
                [
                    776,
                    645
                ],
                [
                    827,
                    645
                ],
                [
                    827,
                    613
                ]
            ],
            "text": "and",
            "label": "I_Descri"
        },
        {
            "index": 62,
            "bbox": [
                [
                    824,
                    614
                ],
                [
                    903,
                    614
                ],
                [
                    903,
                    646
                ],
                [
                    824,
                    646
                ]
            ],
            "text": "optical",
            "label": "I_Descri"
        },
        {
            "index": 63,
            "bbox": [
                [
                    905,
                    614
                ],
                [
                    1051,
                    614
                ],
                [
                    1051,
                    644
                ],
                [
                    905,
                    644
                ]
            ],
            "text": "performance",
            "label": "I_Descri"
        },
        {
            "index": 64,
            "bbox": [
                [
                    1049,
                    613
                ],
                [
                    1049,
                    645
                ],
                [
                    1105,
                    645
                ],
                [
                    1105,
                    613
                ]
            ],
            "text": "with",
            "label": "I_Descri"
        },
        {
            "index": 65,
            "bbox": [
                [
                    1103,
                    612
                ],
                [
                    1234,
                    612
                ],
                [
                    1234,
                    642
                ],
                [
                    1103,
                    642
                ]
            ],
            "text": "unmatched",
            "label": "I_Descri"
        },
        {
            "index": 66,
            "bbox": [
                [
                    1234,
                    614
                ],
                [
                    1324,
                    614
                ],
                [
                    1324,
                    644
                ],
                [
                    1234,
                    644
                ]
            ],
            "text": "stability",
            "label": "I_Descri"
        },
        {
            "index": 67,
            "bbox": [
                [
                    1322,
                    610
                ],
                [
                    1374,
                    610
                ],
                [
                    1374,
                    642
                ],
                [
                    1322,
                    642
                ]
            ],
            "text": "and",
            "label": "I_Descri"
        },
        {
            "index": 68,
            "bbox": [
                [
                    1372,
                    614
                ],
                [
                    1449,
                    614
                ],
                [
                    1449,
                    646
                ],
                [
                    1372,
                    646
                ]
            ],
            "text": "quality",
            "label": "I_Descri"
        },
        {
            "index": 69,
            "bbox": [
                [
                    91,
                    721
                ],
                [
                    231,
                    721
                ],
                [
                    231,
                    760
                ],
                [
                    91,
                    760
                ]
            ],
            "text": "Product",
            "label": "B_Section"
        },
        {
            "index": 70,
            "bbox": [
                [
                    237,
                    724
                ],
                [
                    458,
                    724
                ],
                [
                    458,
                    760
                ],
                [
                    237,
                    760
                ]
            ],
            "text": "Classification",
            "label": "B_Section"
        },
        {
            "index": 71,
            "bbox": [
                [
                    91,
                    788
                ],
                [
                    194,
                    788
                ],
                [
                    194,
                    820
                ],
                [
                    91,
                    820
                ]
            ],
            "text": "Regional",
            "label": "B_Prop"
        },
        {
            "index": 72,
            "bbox": [
                [
                    194,
                    788
                ],
                [
                    325,
                    788
                ],
                [
                    325,
                    820
                ],
                [
                    194,
                    820
                ]
            ],
            "text": "Availability",
            "label": "I_Prop"
        },
        {
            "index": 73,
            "bbox": [
                [
                    542,
                    786
                ],
                [
                    600,
                    786
                ],
                [
                    600,
                    818
                ],
                [
                    542,
                    818
                ]
            ],
            "text": "Asia",
            "label": "B_Value"
        },
        {
            "index": 74,
            "bbox": [
                [
                    615,
                    790
                ],
                [
                    628,
                    790
                ],
                [
                    628,
                    818
                ],
                [
                    615,
                    818
                ]
            ],
            "text": "I",
            "label": "I_Value"
        },
        {
            "index": 75,
            "bbox": [
                [
                    639,
                    788
                ],
                [
                    800,
                    788
                ],
                [
                    800,
                    816
                ],
                [
                    639,
                    816
                ]
            ],
            "text": "Australia/New",
            "label": "I_Value"
        },
        {
            "index": 76,
            "bbox": [
                [
                    800,
                    788
                ],
                [
                    895,
                    788
                ],
                [
                    895,
                    816
                ],
                [
                    800,
                    816
                ]
            ],
            "text": "Zealand",
            "label": "I_Value"
        },
        {
            "index": 77,
            "bbox": [
                [
                    910,
                    790
                ],
                [
                    923,
                    790
                ],
                [
                    923,
                    803
                ],
                [
                    910,
                    803
                ]
            ],
            "text": "-",
            "label": "I_Value"
        },
        {
            "index": 78,
            "bbox": [
                [
                    938,
                    786
                ],
                [
                    1011,
                    786
                ],
                [
                    1011,
                    816
                ],
                [
                    938,
                    816
                ]
            ],
            "text": "EMEA",
            "label": "I_Value"
        },
        {
            "index": 79,
            "bbox": [
                [
                    1049,
                    788
                ],
                [
                    1114,
                    788
                ],
                [
                    1114,
                    818
                ],
                [
                    1049,
                    818
                ]
            ],
            "text": "Latin",
            "label": "I_Value"
        },
        {
            "index": 80,
            "bbox": [
                [
                    1109,
                    788
                ],
                [
                    1208,
                    788
                ],
                [
                    1208,
                    816
                ],
                [
                    1109,
                    816
                ]
            ],
            "text": "America",
            "label": "I_Value"
        },
        {
            "index": 81,
            "bbox": [
                [
                    1225,
                    790
                ],
                [
                    1238,
                    790
                ],
                [
                    1238,
                    818
                ],
                [
                    1225,
                    818
                ]
            ],
            "text": "I",
            "label": "I_Value"
        },
        {
            "index": 82,
            "bbox": [
                [
                    1251,
                    790
                ],
                [
                    1316,
                    790
                ],
                [
                    1316,
                    814
                ],
                [
                    1251,
                    814
                ]
            ],
            "text": "North",
            "label": "I_Value"
        },
        {
            "index": 83,
            "bbox": [
                [
                    1318,
                    788
                ],
                [
                    1415,
                    788
                ],
                [
                    1415,
                    816
                ],
                [
                    1318,
                    816
                ]
            ],
            "text": "America",
            "label": "I_Value"
        },
        {
            "index": 84,
            "bbox": [
                [
                    89,
                    840
                ],
                [
                    194,
                    840
                ],
                [
                    194,
                    867
                ],
                [
                    89,
                    867
                ]
            ],
            "text": "Portfolio",
            "label": "B_Prop"
        },
        {
            "index": 85,
            "bbox": [
                [
                    542,
                    837
                ],
                [
                    714,
                    837
                ],
                [
                    714,
                    874
                ],
                [
                    542,
                    874
                ]
            ],
            "text": "CommScope@",
            "label": "B_Value"
        },
        {
            "index": 86,
            "bbox": [
                [
                    89,
                    891
                ],
                [
                    186,
                    891
                ],
                [
                    186,
                    919
                ],
                [
                    89,
                    919
                ]
            ],
            "text": "Product",
            "label": "B_Prop"
        },
        {
            "index": 87,
            "bbox": [
                [
                    183,
                    893
                ],
                [
                    248,
                    893
                ],
                [
                    248,
                    925
                ],
                [
                    183,
                    925
                ]
            ],
            "text": "Type",
            "label": "I_Prop"
        },
        {
            "index": 88,
            "bbox": [
                [
                    542,
                    891
                ],
                [
                    607,
                    891
                ],
                [
                    607,
                    921
                ],
                [
                    542,
                    921
                ]
            ],
            "text": "Fiber",
            "label": "B_Value"
        },
        {
            "index": 89,
            "bbox": [
                [
                    605,
                    891
                ],
                [
                    660,
                    891
                ],
                [
                    660,
                    925
                ],
                [
                    605,
                    925
                ]
            ],
            "text": "drop",
            "label": "I_Value"
        },
        {
            "index": 90,
            "bbox": [
                [
                    660,
                    891
                ],
                [
                    727,
                    891
                ],
                [
                    727,
                    921
                ],
                [
                    660,
                    921
                ]
            ],
            "text": "cable",
            "label": "I_Value"
        },
        {
            "index": 91,
            "bbox": [
                [
                    89,
                    943
                ],
                [
                    186,
                    943
                ],
                [
                    186,
                    973
                ],
                [
                    89,
                    973
                ]
            ],
            "text": "Product",
            "label": "B_Prop"
        },
        {
            "index": 92,
            "bbox": [
                [
                    183,
                    943
                ],
                [
                    263,
                    943
                ],
                [
                    263,
                    973
                ],
                [
                    183,
                    973
                ]
            ],
            "text": "Series",
            "label": "I_Prop"
        },
        {
            "index": 93,
            "bbox": [
                [
                    542,
                    943
                ],
                [
                    607,
                    943
                ],
                [
                    607,
                    973
                ],
                [
                    542,
                    973
                ]
            ],
            "text": "D-DD",
            "label": "B_Value"
        },
        {
            "index": 94,
            "bbox": [
                [
                    91,
                    1009
                ],
                [
                    224,
                    1009
                ],
                [
                    224,
                    1048
                ],
                [
                    91,
                    1048
                ]
            ],
            "text": "General",
            "label": "B_Section"
        },
        {
            "index": 95,
            "bbox": [
                [
                    236,
                    1014
                ],
                [
                    236,
                    1052
                ],
                [
                    470,
                    1052
                ],
                [
                    470,
                    1014
                ]
            ],
            "text": "Specifications",
            "label": "B_Section"
        },
        {
            "index": 96,
            "bbox": [
                [
                    89,
                    1076
                ],
                [
                    241,
                    1076
                ],
                [
                    241,
                    1104
                ],
                [
                    89,
                    1104
                ]
            ],
            "text": "Construction",
            "label": "B_Prop"
        },
        {
            "index": 97,
            "bbox": [
                [
                    239,
                    1076
                ],
                [
                    304,
                    1076
                ],
                [
                    304,
                    1110
                ],
                [
                    239,
                    1110
                ]
            ],
            "text": "Type",
            "label": "I_Prop"
        },
        {
            "index": 98,
            "bbox": [
                [
                    544,
                    1076
                ],
                [
                    697,
                    1076
                ],
                [
                    697,
                    1104
                ],
                [
                    544,
                    1104
                ]
            ],
            "text": "Non-armored",
            "label": "B_Value"
        },
        {
            "index": 99,
            "bbox": [
                [
                    89,
                    1127
                ],
                [
                    183,
                    1127
                ],
                [
                    183,
                    1158
                ],
                [
                    89,
                    1158
                ]
            ],
            "text": "Subunit",
            "label": "B_Prop"
        },
        {
            "index": 100,
            "bbox": [
                [
                    181,
                    1127
                ],
                [
                    246,
                    1127
                ],
                [
                    246,
                    1162
                ],
                [
                    181,
                    1162
                ]
            ],
            "text": "Type",
            "label": "I_Prop"
        },
        {
            "index": 101,
            "bbox": [
                [
                    544,
                    1125
                ],
                [
                    637,
                    1125
                ],
                [
                    637,
                    1158
                ],
                [
                    544,
                    1158
                ]
            ],
            "text": "Gel-free",
            "label": "B_Value"
        },
        {
            "index": 102,
            "bbox": [
                [
                    89,
                    1179
                ],
                [
                    158,
                    1179
                ],
                [
                    158,
                    1209
                ],
                [
                    89,
                    1209
                ]
            ],
            "text": "Inner",
            "label": "B_Prop"
        },
        {
            "index": 103,
            "bbox": [
                [
                    151,
                    1179
                ],
                [
                    237,
                    1179
                ],
                [
                    237,
                    1209
                ],
                [
                    151,
                    1209
                ]
            ],
            "text": "Jacket",
            "label": "I_Prop"
        },
        {
            "index": 104,
            "bbox": [
                [
                    235,
                    1179
                ],
                [
                    304,
                    1179
                ],
                [
                    304,
                    1209
                ],
                [
                    235,
                    1209
                ]
            ],
            "text": "Color",
            "label": "I_Prop"
        },
        {
            "index": 105,
            "bbox": [
                [
                    542,
                    1179
                ],
                [
                    613,
                    1179
                ],
                [
                    613,
                    1209
                ],
                [
                    542,
                    1209
                ]
            ],
            "text": "White",
            "label": "B_Value"
        },
        {
            "index": 106,
            "bbox": [
                [
                    89,
                    1231
                ],
                [
                    173,
                    1231
                ],
                [
                    173,
                    1261
                ],
                [
                    89,
                    1261
                ]
            ],
            "text": "Jacket",
            "label": "B_Prop"
        },
        {
            "index": 107,
            "bbox": [
                [
                    171,
                    1231
                ],
                [
                    239,
                    1231
                ],
                [
                    239,
                    1261
                ],
                [
                    171,
                    1261
                ]
            ],
            "text": "Color",
            "label": "I_Prop"
        },
        {
            "index": 108,
            "bbox": [
                [
                    544,
                    1231
                ],
                [
                    611,
                    1231
                ],
                [
                    611,
                    1261
                ],
                [
                    544,
                    1261
                ]
            ],
            "text": "Black",
            "label": "B_Value"
        },
        {
            "index": 109,
            "bbox": [
                [
                    89,
                    1312
                ],
                [
                    246,
                    1312
                ],
                [
                    246,
                    1353
                ],
                [
                    89,
                    1353
                ]
            ],
            "text": "Ordering",
            "label": "B_Section"
        },
        {
            "index": 110,
            "bbox": [
                [
                    253,
                    1308
                ],
                [
                    253,
                    1349
                ],
                [
                    341,
                    1349
                ],
                [
                    341,
                    1308
                ]
            ],
            "text": "Tree",
            "label": "B_Section"
        },
        {
            "index": 111,
            "bbox": [
                [
                    1552,
                    1937
                ],
                [
                    1599,
                    1937
                ],
                [
                    1599,
                    1963
                ],
                [
                    1552,
                    1963
                ]
            ],
            "text": "Page",
            "label": "Out"
        },
        {
            "index": 112,
            "bbox": [
                [
                    1591,
                    1935
                ],
                [
                    1644,
                    1935
                ],
                [
                    1644,
                    1965
                ],
                [
                    1591,
                    1965
                ]
            ],
            "text": "1of3",
            "label": "Out"
        },
        {
            "index": 113,
            "bbox": [
                [
                    83,
                    2077
                ],
                [
                    149,
                    2077
                ],
                [
                    149,
                    2101
                ],
                [
                    83,
                    2101
                ]
            ],
            "text": "@2024",
            "label": "Out"
        },
        {
            "index": 114,
            "bbox": [
                [
                    145,
                    2075
                ],
                [
                    265,
                    2075
                ],
                [
                    265,
                    2105
                ],
                [
                    145,
                    2105
                ]
            ],
            "text": "CommScope,",
            "label": "Out"
        },
        {
            "index": 115,
            "bbox": [
                [
                    261,
                    2077
                ],
                [
                    297,
                    2077
                ],
                [
                    297,
                    2103
                ],
                [
                    261,
                    2103
                ]
            ],
            "text": "Inc.",
            "label": "Out"
        },
        {
            "index": 116,
            "bbox": [
                [
                    295,
                    2077
                ],
                [
                    327,
                    2077
                ],
                [
                    327,
                    2101
                ],
                [
                    295,
                    2101
                ]
            ],
            "text": "Alli",
            "label": "Out"
        },
        {
            "index": 117,
            "bbox": [
                [
                    317,
                    2075
                ],
                [
                    381,
                    2075
                ],
                [
                    381,
                    2105
                ],
                [
                    317,
                    2105
                ]
            ],
            "text": "rights",
            "label": "Out"
        },
        {
            "index": 118,
            "bbox": [
                [
                    373,
                    2075
                ],
                [
                    458,
                    2075
                ],
                [
                    458,
                    2103
                ],
                [
                    373,
                    2103
                ]
            ],
            "text": "reserved.",
            "label": "Out"
        },
        {
            "index": 119,
            "bbox": [
                [
                    454,
                    2075
                ],
                [
                    572,
                    2075
                ],
                [
                    572,
                    2103
                ],
                [
                    454,
                    2103
                ]
            ],
            "text": "CommScope",
            "label": "Out"
        },
        {
            "index": 120,
            "bbox": [
                [
                    568,
                    2077
                ],
                [
                    607,
                    2077
                ],
                [
                    607,
                    2101
                ],
                [
                    568,
                    2101
                ]
            ],
            "text": "and",
            "label": "Out"
        },
        {
            "index": 121,
            "bbox": [
                [
                    605,
                    2077
                ],
                [
                    639,
                    2077
                ],
                [
                    639,
                    2101
                ],
                [
                    605,
                    2101
                ]
            ],
            "text": "the",
            "label": "Out"
        },
        {
            "index": 122,
            "bbox": [
                [
                    635,
                    2077
                ],
                [
                    751,
                    2077
                ],
                [
                    751,
                    2105
                ],
                [
                    635,
                    2105
                ]
            ],
            "text": "CommScope",
            "label": "Out"
        },
        {
            "index": 123,
            "bbox": [
                [
                    746,
                    2077
                ],
                [
                    791,
                    2077
                ],
                [
                    791,
                    2103
                ],
                [
                    746,
                    2103
                ]
            ],
            "text": "logo",
            "label": "Out"
        },
        {
            "index": 124,
            "bbox": [
                [
                    787,
                    2079
                ],
                [
                    824,
                    2079
                ],
                [
                    824,
                    2103
                ],
                [
                    787,
                    2103
                ]
            ],
            "text": "are",
            "label": "Out"
        },
        {
            "index": 125,
            "bbox": [
                [
                    819,
                    2077
                ],
                [
                    914,
                    2077
                ],
                [
                    914,
                    2105
                ],
                [
                    819,
                    2105
                ]
            ],
            "text": "registeredt",
            "label": "Out"
        },
        {
            "index": 126,
            "bbox": [
                [
                    905,
                    2075
                ],
                [
                    1013,
                    2075
                ],
                [
                    1013,
                    2103
                ],
                [
                    905,
                    2103
                ]
            ],
            "text": "trademarks",
            "label": "Out"
        },
        {
            "index": 127,
            "bbox": [
                [
                    1006,
                    2077
                ],
                [
                    1034,
                    2077
                ],
                [
                    1034,
                    2101
                ],
                [
                    1006,
                    2101
                ]
            ],
            "text": "of",
            "label": "Out"
        },
        {
            "index": 128,
            "bbox": [
                [
                    1028,
                    2077
                ],
                [
                    1146,
                    2077
                ],
                [
                    1146,
                    2105
                ],
                [
                    1028,
                    2105
                ]
            ],
            "text": "CommScope",
            "label": "Out"
        },
        {
            "index": 129,
            "bbox": [
                [
                    1144,
                    2077
                ],
                [
                    1206,
                    2077
                ],
                [
                    1206,
                    2101
                ],
                [
                    1144,
                    2101
                ]
            ],
            "text": "and/ori",
            "label": "Out"
        },
        {
            "index": 130,
            "bbox": [
                [
                    1202,
                    2077
                ],
                [
                    1232,
                    2077
                ],
                [
                    1232,
                    2101
                ],
                [
                    1202,
                    2101
                ]
            ],
            "text": "its",
            "label": "Out"
        },
        {
            "index": 131,
            "bbox": [
                [
                    80,
                    2101
                ],
                [
                    166,
                    2101
                ],
                [
                    166,
                    2129
                ],
                [
                    80,
                    2129
                ]
            ],
            "text": "affiliates",
            "label": "Out"
        },
        {
            "index": 132,
            "bbox": [
                [
                    160,
                    2103
                ],
                [
                    188,
                    2103
                ],
                [
                    188,
                    2126
                ],
                [
                    160,
                    2126
                ]
            ],
            "text": "int",
            "label": "Out"
        },
        {
            "index": 133,
            "bbox": [
                [
                    179,
                    2103
                ],
                [
                    216,
                    2103
                ],
                [
                    216,
                    2126
                ],
                [
                    179,
                    2126
                ]
            ],
            "text": "the",
            "label": "Out"
        },
        {
            "index": 134,
            "bbox": [
                [
                    209,
                    2103
                ],
                [
                    252,
                    2103
                ],
                [
                    252,
                    2126
                ],
                [
                    209,
                    2126
                ]
            ],
            "text": "U.S.",
            "label": "Out"
        },
        {
            "index": 135,
            "bbox": [
                [
                    250,
                    2103
                ],
                [
                    289,
                    2103
                ],
                [
                    289,
                    2126
                ],
                [
                    250,
                    2126
                ]
            ],
            "text": "and",
            "label": "Out"
        },
        {
            "index": 136,
            "bbox": [
                [
                    287,
                    2103
                ],
                [
                    336,
                    2103
                ],
                [
                    336,
                    2126
                ],
                [
                    287,
                    2126
                ]
            ],
            "text": "other",
            "label": "Out"
        },
        {
            "index": 137,
            "bbox": [
                [
                    332,
                    2101
                ],
                [
                    424,
                    2101
                ],
                [
                    424,
                    2129
                ],
                [
                    332,
                    2129
                ]
            ],
            "text": "countries.",
            "label": "Out"
        },
        {
            "index": 138,
            "bbox": [
                [
                    420,
                    2103
                ],
                [
                    456,
                    2103
                ],
                [
                    456,
                    2126
                ],
                [
                    420,
                    2126
                ]
            ],
            "text": "For",
            "label": "Out"
        },
        {
            "index": 139,
            "bbox": [
                [
                    450,
                    2101
                ],
                [
                    544,
                    2101
                ],
                [
                    544,
                    2129
                ],
                [
                    450,
                    2129
                ]
            ],
            "text": "additional",
            "label": "Out"
        },
        {
            "index": 140,
            "bbox": [
                [
                    538,
                    2101
                ],
                [
                    635,
                    2101
                ],
                [
                    635,
                    2129
                ],
                [
                    538,
                    2129
                ]
            ],
            "text": "trademarki",
            "label": "Out"
        },
        {
            "index": 141,
            "bbox": [
                [
                    628,
                    2101
                ],
                [
                    736,
                    2101
                ],
                [
                    736,
                    2129
                ],
                [
                    628,
                    2129
                ]
            ],
            "text": "information:",
            "label": "Out"
        },
        {
            "index": 142,
            "bbox": [
                [
                    731,
                    2105
                ],
                [
                    770,
                    2105
                ],
                [
                    770,
                    2126
                ],
                [
                    731,
                    2126
                ]
            ],
            "text": "seel",
            "label": "Out"
        },
        {
            "index": 143,
            "bbox": [
                [
                    766,
                    2101
                ],
                [
                    991,
                    2101
                ],
                [
                    991,
                    2131
                ],
                [
                    766,
                    2131
                ]
            ],
            "text": "https//www.commscope.",
            "label": "Out"
        },
        {
            "index": 144,
            "bbox": [
                [
                    981,
                    2101
                ],
                [
                    1137,
                    2101
                ],
                [
                    1137,
                    2129
                ],
                [
                    981,
                    2129
                ]
            ],
            "text": "com/trademarks..",
            "label": "Out"
        },
        {
            "index": 145,
            "bbox": [
                [
                    1133,
                    2101
                ],
                [
                    1163,
                    2101
                ],
                [
                    1163,
                    2126
                ],
                [
                    1133,
                    2126
                ]
            ],
            "text": "All",
            "label": "Out"
        },
        {
            "index": 146,
            "bbox": [
                [
                    1159,
                    2103
                ],
                [
                    1232,
                    2103
                ],
                [
                    1232,
                    2126
                ],
                [
                    1159,
                    2126
                ]
            ],
            "text": "product",
            "label": "Out"
        },
        {
            "index": 147,
            "bbox": [
                [
                    1228,
                    2105
                ],
                [
                    1299,
                    2105
                ],
                [
                    1299,
                    2129
                ],
                [
                    1228,
                    2129
                ]
            ],
            "text": "names,",
            "label": "Out"
        },
        {
            "index": 148,
            "bbox": [
                [
                    1337,
                    2094
                ],
                [
                    1640,
                    2094
                ],
                [
                    1640,
                    2133
                ],
                [
                    1337,
                    2133
                ]
            ],
            "text": "COMMSCOPE",
            "label": "Out"
        },
        {
            "index": 149,
            "bbox": [
                [
                    80,
                    2124
                ],
                [
                    188,
                    2124
                ],
                [
                    188,
                    2152
                ],
                [
                    80,
                    2152
                ]
            ],
            "text": "trademarks",
            "label": "Out"
        },
        {
            "index": 150,
            "bbox": [
                [
                    183,
                    2126
                ],
                [
                    224,
                    2126
                ],
                [
                    224,
                    2150
                ],
                [
                    183,
                    2150
                ]
            ],
            "text": "and",
            "label": "Out"
        },
        {
            "index": 151,
            "bbox": [
                [
                    218,
                    2126
                ],
                [
                    310,
                    2126
                ],
                [
                    310,
                    2154
                ],
                [
                    218,
                    2154
                ]
            ],
            "text": "registered",
            "label": "Out"
        },
        {
            "index": 152,
            "bbox": [
                [
                    306,
                    2124
                ],
                [
                    413,
                    2124
                ],
                [
                    413,
                    2152
                ],
                [
                    306,
                    2152
                ]
            ],
            "text": "trademarks",
            "label": "Out"
        },
        {
            "index": 153,
            "bbox": [
                [
                    407,
                    2129
                ],
                [
                    443,
                    2129
                ],
                [
                    443,
                    2152
                ],
                [
                    407,
                    2152
                ]
            ],
            "text": "are",
            "label": "Out"
        },
        {
            "index": 154,
            "bbox": [
                [
                    437,
                    2126
                ],
                [
                    519,
                    2126
                ],
                [
                    519,
                    2157
                ],
                [
                    437,
                    2157
                ]
            ],
            "text": "property",
            "label": "Out"
        },
        {
            "index": 155,
            "bbox": [
                [
                    512,
                    2126
                ],
                [
                    540,
                    2126
                ],
                [
                    540,
                    2152
                ],
                [
                    512,
                    2152
                ]
            ],
            "text": "oft",
            "label": "Out"
        },
        {
            "index": 156,
            "bbox": [
                [
                    536,
                    2126
                ],
                [
                    581,
                    2126
                ],
                [
                    581,
                    2150
                ],
                [
                    536,
                    2150
                ]
            ],
            "text": "their",
            "label": "Out"
        },
        {
            "index": 157,
            "bbox": [
                [
                    577,
                    2126
                ],
                [
                    671,
                    2126
                ],
                [
                    671,
                    2154
                ],
                [
                    577,
                    2154
                ]
            ],
            "text": "respective",
            "label": "Out"
        },
        {
            "index": 158,
            "bbox": [
                [
                    667,
                    2129
                ],
                [
                    740,
                    2129
                ],
                [
                    740,
                    2152
                ],
                [
                    667,
                    2152
                ]
            ],
            "text": "owners.",
            "label": "Out"
        },
        {
            "index": 159,
            "bbox": [
                [
                    738,
                    2129
                ],
                [
                    815,
                    2129
                ],
                [
                    815,
                    2150
                ],
                [
                    738,
                    2150
                ]
            ],
            "text": "Revised:",
            "label": "Out"
        },
        {
            "index": 160,
            "bbox": [
                [
                    811,
                    2126
                ],
                [
                    892,
                    2126
                ],
                [
                    892,
                    2154
                ],
                [
                    811,
                    2154
                ]
            ],
            "text": "February",
            "label": "Out"
        },
        {
            "index": 161,
            "bbox": [
                [
                    888,
                    2126
                ],
                [
                    923,
                    2126
                ],
                [
                    923,
                    2152
                ],
                [
                    888,
                    2152
                ]
            ],
            "text": "22,",
            "label": "Out"
        },
        {
            "index": 162,
            "bbox": [
                [
                    916,
                    2124
                ],
                [
                    972,
                    2124
                ],
                [
                    972,
                    2154
                ],
                [
                    916,
                    2154
                ]
            ],
            "text": "2024",
            "label": "Out"
        }
    ]
}