{
    "datasheet": [
        {
            "index": 0,
            "bbox": [
                [
                    141,
                    23
                ],
                [
                    190,
                    23
                ],
                [
                    190,
                    47
                ],
                [
                    141,
                    47
                ]
            ],
            "text": "This",
            "label": "Out"
        },
        {
            "index": 1,
            "bbox": [
                [
                    190,
                    21
                ],
                [
                    302,
                    21
                ],
                [
                    302,
                    49
                ],
                [
                    190,
                    49
                ]
            ],
            "text": "document",
            "label": "Out"
        },
        {
            "index": 2,
            "bbox": [
                [
                    297,
                    21
                ],
                [
                    392,
                    21
                ],
                [
                    392,
                    49
                ],
                [
                    297,
                    49
                ]
            ],
            "text": "contains",
            "label": "Out"
        },
        {
            "index": 3,
            "bbox": [
                [
                    388,
                    19
                ],
                [
                    443,
                    19
                ],
                [
                    443,
                    49
                ],
                [
                    388,
                    49
                ]
            ],
            "text": "data",
            "label": "Out"
        },
        {
            "index": 4,
            "bbox": [
                [
                    441,
                    23
                ],
                [
                    564,
                    23
                ],
                [
                    564,
                    51
                ],
                [
                    441,
                    51
                ]
            ],
            "text": "proprietary",
            "label": "Out"
        },
        {
            "index": 5,
            "bbox": [
                [
                    559,
                    23
                ],
                [
                    590,
                    23
                ],
                [
                    590,
                    49
                ],
                [
                    559,
                    49
                ]
            ],
            "text": "to",
            "label": "Out"
        },
        {
            "index": 6,
            "bbox": [
                [
                    590,
                    23
                ],
                [
                    630,
                    23
                ],
                [
                    630,
                    47
                ],
                [
                    590,
                    47
                ]
            ],
            "text": "PUI",
            "label": "Out"
        },
        {
            "index": 7,
            "bbox": [
                [
                    630,
                    23
                ],
                [
                    697,
                    23
                ],
                [
                    697,
                    47
                ],
                [
                    630,
                    47
                ]
            ],
            "text": "Audio",
            "label": "Out"
        },
        {
            "index": 8,
            "bbox": [
                [
                    695,
                    23
                ],
                [
                    738,
                    23
                ],
                [
                    738,
                    49
                ],
                [
                    695,
                    49
                ]
            ],
            "text": "Inc.",
            "label": "Out"
        },
        {
            "index": 9,
            "bbox": [
                [
                    733,
                    21
                ],
                [
                    785,
                    21
                ],
                [
                    785,
                    53
                ],
                [
                    733,
                    53
                ]
            ],
            "text": "Any",
            "label": "Out"
        },
        {
            "index": 10,
            "bbox": [
                [
                    781,
                    25
                ],
                [
                    824,
                    25
                ],
                [
                    824,
                    49
                ],
                [
                    781,
                    49
                ]
            ],
            "text": "use",
            "label": "Out"
        },
        {
            "index": 11,
            "bbox": [
                [
                    822,
                    25
                ],
                [
                    854,
                    25
                ],
                [
                    854,
                    49
                ],
                [
                    822,
                    49
                ]
            ],
            "text": "or",
            "label": "Out"
        },
        {
            "index": 12,
            "bbox": [
                [
                    850,
                    23
                ],
                [
                    996,
                    23
                ],
                [
                    996,
                    51
                ],
                [
                    850,
                    51
                ]
            ],
            "text": "reproduction,",
            "label": "Out"
        },
        {
            "index": 13,
            "bbox": [
                [
                    993,
                    21
                ],
                [
                    1021,
                    21
                ],
                [
                    1021,
                    49
                ],
                [
                    993,
                    49
                ]
            ],
            "text": "in",
            "label": "Out"
        },
        {
            "index": 14,
            "bbox": [
                [
                    1019,
                    25
                ],
                [
                    1064,
                    25
                ],
                [
                    1064,
                    51
                ],
                [
                    1019,
                    51
                ]
            ],
            "text": "any",
            "label": "Out"
        },
        {
            "index": 15,
            "bbox": [
                [
                    1060,
                    21
                ],
                [
                    1125,
                    21
                ],
                [
                    1125,
                    51
                ],
                [
                    1060,
                    51
                ]
            ],
            "text": "form,",
            "label": "Out"
        },
        {
            "index": 16,
            "bbox": [
                [
                    1122,
                    21
                ],
                [
                    1210,
                    21
                ],
                [
                    1210,
                    49
                ],
                [
                    1122,
                    49
                ]
            ],
            "text": "without",
            "label": "Out"
        },
        {
            "index": 17,
            "bbox": [
                [
                    1208,
                    21
                ],
                [
                    1266,
                    21
                ],
                [
                    1266,
                    51
                ],
                [
                    1208,
                    51
                ]
            ],
            "text": "prior",
            "label": "Out"
        },
        {
            "index": 18,
            "bbox": [
                [
                    1262,
                    21
                ],
                [
                    1346,
                    21
                ],
                [
                    1346,
                    49
                ],
                [
                    1262,
                    49
                ]
            ],
            "text": "written",
            "label": "Out"
        },
        {
            "index": 19,
            "bbox": [
                [
                    1346,
                    23
                ],
                [
                    1462,
                    23
                ],
                [
                    1462,
                    51
                ],
                [
                    1346,
                    51
                ]
            ],
            "text": "permission",
            "label": "Out"
        },
        {
            "index": 20,
            "bbox": [
                [
                    643,
                    51
                ],
                [
                    673,
                    51
                ],
                [
                    673,
                    79
                ],
                [
                    643,
                    79
                ]
            ],
            "text": "of",
            "label": "Out"
        },
        {
            "index": 21,
            "bbox": [
                [
                    671,
                    53
                ],
                [
                    714,
                    53
                ],
                [
                    714,
                    79
                ],
                [
                    671,
                    79
                ]
            ],
            "text": "PUI",
            "label": "Out"
        },
        {
            "index": 22,
            "bbox": [
                [
                    710,
                    51
                ],
                [
                    781,
                    51
                ],
                [
                    781,
                    81
                ],
                [
                    710,
                    81
                ]
            ],
            "text": "Audio",
            "label": "Out"
        },
        {
            "index": 23,
            "bbox": [
                [
                    779,
                    53
                ],
                [
                    819,
                    53
                ],
                [
                    819,
                    79
                ],
                [
                    779,
                    79
                ]
            ],
            "text": "Inc.",
            "label": "Out"
        },
        {
            "index": 24,
            "bbox": [
                [
                    817,
                    51
                ],
                [
                    843,
                    51
                ],
                [
                    843,
                    81
                ],
                [
                    817,
                    81
                ]
            ],
            "text": "is",
            "label": "Out"
        },
        {
            "index": 25,
            "bbox": [
                [
                    841,
                    53
                ],
                [
                    959,
                    53
                ],
                [
                    959,
                    83
                ],
                [
                    841,
                    83
                ]
            ],
            "text": "prohibited.",
            "label": "Out"
        },
        {
            "index": 26,
            "bbox": [
                [
                    686,
                    81
                ],
                [
                    772,
                    81
                ],
                [
                    772,
                    113
                ],
                [
                    686,
                    113
                ]
            ],
            "text": "02017,",
            "label": "Out"
        },
        {
            "index": 27,
            "bbox": [
                [
                    770,
                    83
                ],
                [
                    811,
                    83
                ],
                [
                    811,
                    109
                ],
                [
                    770,
                    109
                ]
            ],
            "text": "PUI",
            "label": "Out"
        },
        {
            "index": 28,
            "bbox": [
                [
                    809,
                    81
                ],
                [
                    880,
                    81
                ],
                [
                    880,
                    111
                ],
                [
                    809,
                    111
                ]
            ],
            "text": "Audio",
            "label": "Out"
        },
        {
            "index": 29,
            "bbox": [
                [
                    877,
                    83
                ],
                [
                    918,
                    83
                ],
                [
                    918,
                    109
                ],
                [
                    877,
                    109
                ]
            ],
            "text": "Inc.",
            "label": "Out"
        },
        {
            "index": 30,
            "bbox": [
                [
                    136,
                    620
                ],
                [
                    214,
                    620
                ],
                [
                    214,
                    655
                ],
                [
                    136,
                    655
                ]
            ],
            "text": "Data",
            "label": "B_Section"
        },
        {
            "index": 31,
            "bbox": [
                [
                    218,
                    618
                ],
                [
                    319,
                    618
                ],
                [
                    319,
                    657
                ],
                [
                    218,
                    657
                ]
            ],
            "text": "Sheet",
            "label": "I_Section"
        },
        {
            "index": 32,
            "bbox": [
                [
                    1137,
                    623
                ],
                [
                    1440,
                    623
                ],
                [
                    1440,
                    653
                ],
                [
                    1137,
                    653
                ]
            ],
            "text": "DOM-3027L-HD-R",
            "label": "B_Ref"
        },
        {
            "index": 33,
            "bbox": [
                [
                    136,
                    713
                ],
                [
                    199,
                    713
                ],
                [
                    199,
                    747
                ],
                [
                    136,
                    747
                ]
            ],
            "text": "PUI",
            "label": "B_Descri"
        },
        {
            "index": 34,
            "bbox": [
                [
                    201,
                    711
                ],
                [
                    334,
                    711
                ],
                [
                    334,
                    749
                ],
                [
                    201,
                    749
                ]
            ],
            "text": "Audio's",
            "label": "I_Descri"
        },
        {
            "index": 35,
            "bbox": [
                [
                    334,
                    713
                ],
                [
                    461,
                    713
                ],
                [
                    461,
                    745
                ],
                [
                    334,
                    745
                ]
            ],
            "text": "all-new",
            "label": "I_Descri"
        },
        {
            "index": 36,
            "bbox": [
                [
                    465,
                    713
                ],
                [
                    525,
                    713
                ],
                [
                    525,
                    747
                ],
                [
                    465,
                    747
                ]
            ],
            "text": "HD",
            "label": "I_Descri"
        },
        {
            "index": 37,
            "bbox": [
                [
                    527,
                    711
                ],
                [
                    643,
                    711
                ],
                [
                    643,
                    749
                ],
                [
                    527,
                    749
                ]
            ],
            "text": "Series",
            "label": "I_Descri"
        },
        {
            "index": 38,
            "bbox": [
                [
                    648,
                    713
                ],
                [
                    867,
                    713
                ],
                [
                    867,
                    751
                ],
                [
                    648,
                    751
                ]
            ],
            "text": "microphones",
            "label": "I_Descri"
        },
        {
            "index": 39,
            "bbox": [
                [
                    871,
                    719
                ],
                [
                    933,
                    719
                ],
                [
                    933,
                    749
                ],
                [
                    871,
                    749
                ]
            ],
            "text": "use",
            "label": "I_Descri"
        },
        {
            "index": 40,
            "bbox": [
                [
                    938,
                    715
                ],
                [
                    1198,
                    715
                ],
                [
                    1198,
                    754
                ],
                [
                    938,
                    754
                ]
            ],
            "text": "premium-grade",
            "label": "I_Descri"
        },
        {
            "index": 41,
            "bbox": [
                [
                    1204,
                    711
                ],
                [
                    1292,
                    711
                ],
                [
                    1292,
                    749
                ],
                [
                    1204,
                    749
                ]
            ],
            "text": "FETs",
            "label": "I_Descri"
        },
        {
            "index": 42,
            "bbox": [
                [
                    1294,
                    713
                ],
                [
                    1361,
                    713
                ],
                [
                    1361,
                    747
                ],
                [
                    1294,
                    747
                ]
            ],
            "text": "and",
            "label": "I_Descri"
        },
        {
            "index": 43,
            "bbox": [
                [
                    138,
                    758
                ],
                [
                    334,
                    758
                ],
                [
                    334,
                    799
                ],
                [
                    138,
                    799
                ]
            ],
            "text": "diaphragms",
            "label": "I_Descri"
        },
        {
            "index": 44,
            "bbox": [
                [
                    338,
                    756
                ],
                [
                    394,
                    756
                ],
                [
                    394,
                    792
                ],
                [
                    338,
                    792
                ]
            ],
            "text": "for",
            "label": "I_Descri"
        },
        {
            "index": 45,
            "bbox": [
                [
                    396,
                    756
                ],
                [
                    471,
                    756
                ],
                [
                    471,
                    801
                ],
                [
                    396,
                    801
                ]
            ],
            "text": "high",
            "label": "I_Descri"
        },
        {
            "index": 46,
            "bbox": [
                [
                    478,
                    760
                ],
                [
                    652,
                    760
                ],
                [
                    652,
                    799
                ],
                [
                    478,
                    799
                ]
            ],
            "text": "sensitivity",
            "label": "I_Descri"
        },
        {
            "index": 47,
            "bbox": [
                [
                    656,
                    758
                ],
                [
                    721,
                    758
                ],
                [
                    721,
                    792
                ],
                [
                    656,
                    792
                ]
            ],
            "text": "and",
            "label": "I_Descri"
        },
        {
            "index": 48,
            "bbox": [
                [
                    725,
                    758
                ],
                [
                    871,
                    758
                ],
                [
                    871,
                    799
                ],
                [
                    725,
                    799
                ]
            ],
            "text": "superior",
            "label": "I_Descri"
        },
        {
            "index": 49,
            "bbox": [
                [
                    875,
                    756
                ],
                [
                    1125,
                    756
                ],
                [
                    1125,
                    801
                ],
                [
                    875,
                    801
                ]
            ],
            "text": "signal-to-noise",
            "label": "I_Descri"
        },
        {
            "index": 50,
            "bbox": [
                [
                    1127,
                    756
                ],
                [
                    1221,
                    756
                ],
                [
                    1221,
                    794
                ],
                [
                    1127,
                    794
                ]
            ],
            "text": "ratio.",
            "label": "I_Descri"
        },
        {
            "index": 51,
            "bbox": [
                [
                    1225,
                    758
                ],
                [
                    1307,
                    758
                ],
                [
                    1307,
                    792
                ],
                [
                    1225,
                    792
                ]
            ],
            "text": "Each",
            "label": "I_Descri"
        },
        {
            "index": 52,
            "bbox": [
                [
                    136,
                    805
                ],
                [
                    336,
                    805
                ],
                [
                    336,
                    844
                ],
                [
                    136,
                    844
                ]
            ],
            "text": "microphone",
            "label": "I_Descri"
        },
        {
            "index": 53,
            "bbox": [
                [
                    342,
                    799
                ],
                [
                    484,
                    799
                ],
                [
                    484,
                    840
                ],
                [
                    342,
                    840
                ]
            ],
            "text": "features",
            "label": "I_Descri"
        },
        {
            "index": 54,
            "bbox": [
                [
                    489,
                    803
                ],
                [
                    564,
                    803
                ],
                [
                    564,
                    837
                ],
                [
                    489,
                    837
                ]
            ],
            "text": "GSM",
            "label": "I_Descri"
        },
        {
            "index": 55,
            "bbox": [
                [
                    572,
                    803
                ],
                [
                    804,
                    803
                ],
                [
                    804,
                    842
                ],
                [
                    572,
                    842
                ]
            ],
            "text": "buzz-blocking",
            "label": "I_Descri"
        },
        {
            "index": 56,
            "bbox": [
                [
                    809,
                    805
                ],
                [
                    989,
                    805
                ],
                [
                    989,
                    844
                ],
                [
                    809,
                    844
                ]
            ],
            "text": "capacitors.",
            "label": "I_Descri"
        },
        {
            "index": 57,
            "bbox": [
                [
                    998,
                    805
                ],
                [
                    1140,
                    805
                ],
                [
                    1140,
                    844
                ],
                [
                    998,
                    844
                ]
            ],
            "text": "Upgrade",
            "label": "I_Descri"
        },
        {
            "index": 58,
            "bbox": [
                [
                    1144,
                    803
                ],
                [
                    1202,
                    803
                ],
                [
                    1202,
                    840
                ],
                [
                    1144,
                    840
                ]
            ],
            "text": "the",
            "label": "I_Descri"
        },
        {
            "index": 59,
            "bbox": [
                [
                    1208,
                    803
                ],
                [
                    1286,
                    803
                ],
                [
                    1286,
                    837
                ],
                [
                    1208,
                    837
                ]
            ],
            "text": "ECM",
            "label": "I_Descri"
        },
        {
            "index": 60,
            "bbox": [
                [
                    136,
                    850
                ],
                [
                    338,
                    850
                ],
                [
                    338,
                    889
                ],
                [
                    136,
                    889
                ]
            ],
            "text": "microphone",
            "label": "I_Descri"
        },
        {
            "index": 61,
            "bbox": [
                [
                    340,
                    846
                ],
                [
                    418,
                    846
                ],
                [
                    418,
                    887
                ],
                [
                    340,
                    887
                ]
            ],
            "text": "that",
            "label": "I_Descri"
        },
        {
            "index": 62,
            "bbox": [
                [
                    413,
                    855
                ],
                [
                    486,
                    855
                ],
                [
                    486,
                    895
                ],
                [
                    413,
                    895
                ]
            ],
            "text": "you",
            "label": "I_Descri"
        },
        {
            "index": 63,
            "bbox": [
                [
                    484,
                    855
                ],
                [
                    551,
                    855
                ],
                [
                    551,
                    887
                ],
                [
                    484,
                    887
                ]
            ],
            "text": "use",
            "label": "I_Descri"
        },
        {
            "index": 64,
            "bbox": [
                [
                    553,
                    850
                ],
                [
                    650,
                    850
                ],
                [
                    650,
                    891
                ],
                [
                    553,
                    891
                ]
            ],
            "text": "today",
            "label": "I_Descri"
        },
        {
            "index": 65,
            "bbox": [
                [
                    654,
                    850
                ],
                [
                    731,
                    850
                ],
                [
                    731,
                    883
                ],
                [
                    654,
                    883
                ]
            ],
            "text": "with",
            "label": "I_Descri"
        },
        {
            "index": 66,
            "bbox": [
                [
                    736,
                    857
                ],
                [
                    761,
                    857
                ],
                [
                    761,
                    885
                ],
                [
                    736,
                    885
                ]
            ],
            "text": "a",
            "label": "I_Descri"
        },
        {
            "index": 67,
            "bbox": [
                [
                    766,
                    850
                ],
                [
                    828,
                    850
                ],
                [
                    828,
                    885
                ],
                [
                    766,
                    885
                ]
            ],
            "text": "PUI",
            "label": "I_Descri"
        },
        {
            "index": 68,
            "bbox": [
                [
                    834,
                    850
                ],
                [
                    933,
                    850
                ],
                [
                    933,
                    883
                ],
                [
                    834,
                    883
                ]
            ],
            "text": "Audio",
            "label": "I_Descri"
        },
        {
            "index": 69,
            "bbox": [
                [
                    940,
                    850
                ],
                [
                    998,
                    850
                ],
                [
                    998,
                    885
                ],
                [
                    940,
                    885
                ]
            ],
            "text": "HD",
            "label": "I_Descri"
        },
        {
            "index": 70,
            "bbox": [
                [
                    1000,
                    848
                ],
                [
                    1118,
                    848
                ],
                [
                    1118,
                    887
                ],
                [
                    1000,
                    887
                ]
            ],
            "text": "Series",
            "label": "I_Descri"
        },
        {
            "index": 71,
            "bbox": [
                [
                    1120,
                    850
                ],
                [
                    1331,
                    850
                ],
                [
                    1331,
                    889
                ],
                [
                    1120,
                    889
                ]
            ],
            "text": "microphone.",
            "label": "I_Descri"
        },
        {
            "index": 72,
            "bbox": [
                [
                    134,
                    945
                ],
                [
                    203,
                    945
                ],
                [
                    203,
                    979
                ],
                [
                    134,
                    979
                ]
            ],
            "text": "The",
            "label": "B_Descri"
        },
        {
            "index": 73,
            "bbox": [
                [
                    207,
                    947
                ],
                [
                    295,
                    947
                ],
                [
                    295,
                    979
                ],
                [
                    207,
                    979
                ]
            ],
            "text": "8mm",
            "label": "I_Descri"
        },
        {
            "index": 74,
            "bbox": [
                [
                    302,
                    947
                ],
                [
                    454,
                    947
                ],
                [
                    454,
                    977
                ],
                [
                    302,
                    977
                ]
            ],
            "text": "diameter",
            "label": "I_Descri"
        },
        {
            "index": 75,
            "bbox": [
                [
                    461,
                    945
                ],
                [
                    783,
                    945
                ],
                [
                    783,
                    981
                ],
                [
                    461,
                    981
                ]
            ],
            "text": "DOM-3027L-HD-R",
            "label": "I_Descri"
        },
        {
            "index": 76,
            "bbox": [
                [
                    783,
                    943
                ],
                [
                    822,
                    943
                ],
                [
                    822,
                    981
                ],
                [
                    783,
                    981
                ]
            ],
            "text": "is",
            "label": "I_Descri"
        },
        {
            "index": 77,
            "bbox": [
                [
                    824,
                    947
                ],
                [
                    972,
                    947
                ],
                [
                    972,
                    986
                ],
                [
                    824,
                    986
                ]
            ],
            "text": "designed",
            "label": "I_Descri"
        },
        {
            "index": 78,
            "bbox": [
                [
                    978,
                    945
                ],
                [
                    1032,
                    945
                ],
                [
                    1032,
                    979
                ],
                [
                    978,
                    979
                ]
            ],
            "text": "for",
            "label": "I_Descri"
        },
        {
            "index": 79,
            "bbox": [
                [
                    1036,
                    949
                ],
                [
                    1176,
                    949
                ],
                [
                    1176,
                    979
                ],
                [
                    1036,
                    979
                ]
            ],
            "text": "extreme",
            "label": "I_Descri"
        },
        {
            "index": 80,
            "bbox": [
                [
                    1180,
                    947
                ],
                [
                    1307,
                    947
                ],
                [
                    1307,
                    986
                ],
                [
                    1180,
                    986
                ]
            ],
            "text": "fidelity,",
            "label": "I_Descri"
        },
        {
            "index": 81,
            "bbox": [
                [
                    1309,
                    945
                ],
                [
                    1350,
                    945
                ],
                [
                    1350,
                    983
                ],
                [
                    1309,
                    983
                ]
            ],
            "text": "in",
            "label": "I_Descri"
        },
        {
            "index": 82,
            "bbox": [
                [
                    1352,
                    953
                ],
                [
                    1436,
                    953
                ],
                [
                    1436,
                    981
                ],
                [
                    1352,
                    981
                ]
            ],
            "text": "even",
            "label": "I_Descri"
        },
        {
            "index": 83,
            "bbox": [
                [
                    134,
                    990
                ],
                [
                    192,
                    990
                ],
                [
                    192,
                    1026
                ],
                [
                    134,
                    1026
                ]
            ],
            "text": "the",
            "label": "I_Descri"
        },
        {
            "index": 84,
            "bbox": [
                [
                    196,
                    994
                ],
                [
                    336,
                    994
                ],
                [
                    336,
                    1033
                ],
                [
                    196,
                    1033
                ]
            ],
            "text": "quietest",
            "label": "I_Descri"
        },
        {
            "index": 85,
            "bbox": [
                [
                    338,
                    994
                ],
                [
                    476,
                    994
                ],
                [
                    476,
                    1033
                ],
                [
                    338,
                    1033
                ]
            ],
            "text": "settings,",
            "label": "I_Descri"
        },
        {
            "index": 86,
            "bbox": [
                [
                    482,
                    990
                ],
                [
                    570,
                    990
                ],
                [
                    570,
                    1029
                ],
                [
                    482,
                    1029
                ]
            ],
            "text": "from",
            "label": "I_Descri"
        },
        {
            "index": 87,
            "bbox": [
                [
                    572,
                    992
                ],
                [
                    620,
                    992
                ],
                [
                    620,
                    1029
                ],
                [
                    572,
                    1029
                ]
            ],
            "text": "20",
            "label": "I_Descri"
        },
        {
            "index": 88,
            "bbox": [
                [
                    624,
                    992
                ],
                [
                    673,
                    992
                ],
                [
                    673,
                    1026
                ],
                [
                    624,
                    1026
                ]
            ],
            "text": "Hz",
            "label": "I_Descri"
        },
        {
            "index": 89,
            "bbox": [
                [
                    673,
                    992
                ],
                [
                    716,
                    992
                ],
                [
                    716,
                    1029
                ],
                [
                    673,
                    1029
                ]
            ],
            "text": "to",
            "label": "I_Descri"
        },
        {
            "index": 90,
            "bbox": [
                [
                    718,
                    992
                ],
                [
                    764,
                    992
                ],
                [
                    764,
                    1026
                ],
                [
                    718,
                    1026
                ]
            ],
            "text": "20",
            "label": "I_Descri"
        },
        {
            "index": 91,
            "bbox": [
                [
                    770,
                    992
                ],
                [
                    845,
                    992
                ],
                [
                    845,
                    1026
                ],
                [
                    770,
                    1026
                ]
            ],
            "text": "kHz.",
            "label": "I_Descri"
        },
        {
            "index": 92,
            "bbox": [
                [
                    134,
                    1080
                ],
                [
                    284,
                    1080
                ],
                [
                    284,
                    1117
                ],
                [
                    134,
                    1117
                ]
            ],
            "text": "Features:",
            "label": "B_Section"
        },
        {
            "index": 93,
            "bbox": [
                [
                    249,
                    1123
                ],
                [
                    249,
                    1155
                ],
                [
                    328,
                    1155
                ],
                [
                    328,
                    1123
                ]
            ],
            "text": "8mm",
            "label": "B_Descri"
        },
        {
            "index": 94,
            "bbox": [
                [
                    330,
                    1123
                ],
                [
                    463,
                    1123
                ],
                [
                    463,
                    1155
                ],
                [
                    330,
                    1155
                ]
            ],
            "text": "diameter",
            "label": "I_Descri"
        },
        {
            "index": 95,
            "bbox": [
                [
                    248,
                    1162
                ],
                [
                    327,
                    1162
                ],
                [
                    327,
                    1194
                ],
                [
                    248,
                    1194
                ]
            ],
            "text": "3mm",
            "label": "B_Descri"
        },
        {
            "index": 96,
            "bbox": [
                [
                    330,
                    1162
                ],
                [
                    426,
                    1162
                ],
                [
                    426,
                    1200
                ],
                [
                    330,
                    1200
                ]
            ],
            "text": "height",
            "label": "I_Descri"
        },
        {
            "index": 97,
            "bbox": [
                [
                    252,
                    1199
                ],
                [
                    252,
                    1236
                ],
                [
                    302,
                    1236
                ],
                [
                    302,
                    1199
                ]
            ],
            "text": "27",
            "label": "B_Descri"
        },
        {
            "index": 98,
            "bbox": [
                [
                    302,
                    1198
                ],
                [
                    349,
                    1198
                ],
                [
                    349,
                    1235
                ],
                [
                    302,
                    1235
                ]
            ],
            "text": "dB",
            "label": "I_Descri"
        },
        {
            "index": 99,
            "bbox": [
                [
                    351,
                    1200
                ],
                [
                    506,
                    1200
                ],
                [
                    506,
                    1239
                ],
                [
                    351,
                    1239
                ]
            ],
            "text": "sensitivity",
            "label": "I_Descri"
        },
        {
            "index": 100,
            "bbox": [
                [
                    246,
                    1239
                ],
                [
                    293,
                    1239
                ],
                [
                    293,
                    1274
                ],
                [
                    246,
                    1274
                ]
            ],
            "text": "77",
            "label": "B_Descri"
        },
        {
            "index": 101,
            "bbox": [
                [
                    291,
                    1237
                ],
                [
                    338,
                    1237
                ],
                [
                    338,
                    1274
                ],
                [
                    291,
                    1274
                ]
            ],
            "text": "dB",
            "label": "I_Descri"
        },
        {
            "index": 102,
            "bbox": [
                [
                    340,
                    1239
                ],
                [
                    559,
                    1239
                ],
                [
                    559,
                    1278
                ],
                [
                    340,
                    1278
                ]
            ],
            "text": "signal-to-noise",
            "label": "I_Descri"
        },
        {
            "index": 103,
            "bbox": [
                [
                    559,
                    1241
                ],
                [
                    635,
                    1241
                ],
                [
                    635,
                    1271
                ],
                [
                    559,
                    1271
                ]
            ],
            "text": "ratio",
            "label": "I_Descri"
        },
        {
            "index": 104,
            "bbox": [
                [
                    249,
                    1280
                ],
                [
                    249,
                    1312
                ],
                [
                    324,
                    1312
                ],
                [
                    324,
                    1280
                ]
            ],
            "text": "True",
            "label": "B_Descri"
        },
        {
            "index": 105,
            "bbox": [
                [
                    323,
                    1278
                ],
                [
                    368,
                    1278
                ],
                [
                    368,
                    1312
                ],
                [
                    323,
                    1312
                ]
            ],
            "text": "20",
            "label": "I_Descri"
        },
        {
            "index": 106,
            "bbox": [
                [
                    368,
                    1278
                ],
                [
                    416,
                    1278
                ],
                [
                    416,
                    1312
                ],
                [
                    368,
                    1312
                ]
            ],
            "text": "Hz",
            "label": "I_Descri"
        },
        {
            "index": 107,
            "bbox": [
                [
                    413,
                    1282
                ],
                [
                    448,
                    1282
                ],
                [
                    448,
                    1312
                ],
                [
                    413,
                    1312
                ]
            ],
            "text": "to",
            "label": "I_Descri"
        },
        {
            "index": 108,
            "bbox": [
                [
                    450,
                    1278
                ],
                [
                    493,
                    1278
                ],
                [
                    493,
                    1312
                ],
                [
                    450,
                    1312
                ]
            ],
            "text": "20",
            "label": "I_Descri"
        },
        {
            "index": 109,
            "bbox": [
                [
                    495,
                    1278
                ],
                [
                    557,
                    1278
                ],
                [
                    557,
                    1312
                ],
                [
                    495,
                    1312
                ]
            ],
            "text": "kHz",
            "label": "I_Descri"
        },
        {
            "index": 110,
            "bbox": [
                [
                    559,
                    1280
                ],
                [
                    749,
                    1280
                ],
                [
                    749,
                    1316
                ],
                [
                    559,
                    1316
                ]
            ],
            "text": "performance",
            "label": "I_Descri"
        },
        {
            "index": 111,
            "bbox": [
                [
                    136,
                    1325
                ],
                [
                    385,
                    1325
                ],
                [
                    385,
                    1364
                ],
                [
                    136,
                    1364
                ]
            ],
            "text": "Specifications",
            "label": "B_Section"
        },
        {
            "index": 112,
            "bbox": [
                [
                    136,
                    1413
                ],
                [
                    304,
                    1413
                ],
                [
                    304,
                    1441
                ],
                [
                    136,
                    1441
                ]
            ],
            "text": "Parameters",
            "label": "Out"
        },
        {
            "index": 113,
            "bbox": [
                [
                    757,
                    1411
                ],
                [
                    858,
                    1411
                ],
                [
                    858,
                    1441
                ],
                [
                    757,
                    1441
                ]
            ],
            "text": "Values",
            "label": "Out"
        },
        {
            "index": 114,
            "bbox": [
                [
                    1221,
                    1411
                ],
                [
                    1301,
                    1411
                ],
                [
                    1301,
                    1441
                ],
                [
                    1221,
                    1441
                ]
            ],
            "text": "Units",
            "label": "Out"
        },
        {
            "index": 115,
            "bbox": [
                [
                    134,
                    1452
                ],
                [
                    278,
                    1452
                ],
                [
                    278,
                    1488
                ],
                [
                    134,
                    1488
                ]
            ],
            "text": "Sensitivity",
            "label": "B_Prop"
        },
        {
            "index": 116,
            "bbox": [
                [
                    280,
                    1452
                ],
                [
                    310,
                    1452
                ],
                [
                    310,
                    1486
                ],
                [
                    280,
                    1486
                ]
            ],
            "text": "(1",
            "label": "I_Prop"
        },
        {
            "index": 117,
            "bbox": [
                [
                    312,
                    1452
                ],
                [
                    373,
                    1452
                ],
                [
                    373,
                    1484
                ],
                [
                    312,
                    1484
                ]
            ],
            "text": "kHz",
            "label": "I_Prop"
        },
        {
            "index": 118,
            "bbox": [
                [
                    373,
                    1452
                ],
                [
                    403,
                    1452
                ],
                [
                    403,
                    1484
                ],
                [
                    373,
                    1484
                ]
            ],
            "text": "@",
            "label": "I_Prop"
        },
        {
            "index": 119,
            "bbox": [
                [
                    407,
                    1454
                ],
                [
                    491,
                    1454
                ],
                [
                    491,
                    1486
                ],
                [
                    407,
                    1486
                ]
            ],
            "text": "50cm)",
            "label": "I_Prop"
        },
        {
            "index": 120,
            "bbox": [
                [
                    132,
                    1488
                ],
                [
                    158,
                    1488
                ],
                [
                    158,
                    1521
                ],
                [
                    132,
                    1521
                ]
            ],
            "text": "0",
            "label": "I_Prop"
        },
        {
            "index": 121,
            "bbox": [
                [
                    156,
                    1486
                ],
                [
                    302,
                    1486
                ],
                [
                    302,
                    1525
                ],
                [
                    156,
                    1525
                ]
            ],
            "text": "dB=1V/Pa",
            "label": "I_Prop"
        },
        {
            "index": 122,
            "bbox": [
                [
                    759,
                    1486
                ],
                [
                    813,
                    1486
                ],
                [
                    813,
                    1521
                ],
                [
                    759,
                    1521
                ]
            ],
            "text": "-27",
            "label": "B_Value"
        },
        {
            "index": 123,
            "bbox": [
                [
                    811,
                    1488
                ],
                [
                    856,
                    1488
                ],
                [
                    856,
                    1521
                ],
                [
                    811,
                    1521
                ]
            ],
            "text": "+3",
            "label": "I_Value"
        },
        {
            "index": 124,
            "bbox": [
                [
                    1238,
                    1486
                ],
                [
                    1283,
                    1486
                ],
                [
                    1283,
                    1521
                ],
                [
                    1238,
                    1521
                ]
            ],
            "text": "dB",
            "label": "B_Unit"
        },
        {
            "index": 125,
            "bbox": [
                [
                    134,
                    1529
                ],
                [
                    216,
                    1529
                ],
                [
                    216,
                    1561
                ],
                [
                    134,
                    1561
                ]
            ],
            "text": "Rated",
            "label": "B_Prop"
        },
        {
            "index": 126,
            "bbox": [
                [
                    216,
                    1529
                ],
                [
                    323,
                    1529
                ],
                [
                    323,
                    1568
                ],
                [
                    216,
                    1568
                ]
            ],
            "text": "Voltage",
            "label": "I_Prop"
        },
        {
            "index": 127,
            "bbox": [
                [
                    794,
                    1527
                ],
                [
                    819,
                    1527
                ],
                [
                    819,
                    1561
                ],
                [
                    794,
                    1561
                ]
            ],
            "text": "3",
            "label": "B_Value"
        },
        {
            "index": 128,
            "bbox": [
                [
                    1230,
                    1529
                ],
                [
                    1292,
                    1529
                ],
                [
                    1292,
                    1559
                ],
                [
                    1230,
                    1559
                ]
            ],
            "text": "VDC",
            "label": "B_Unit"
        },
        {
            "index": 129,
            "bbox": [
                [
                    132,
                    1572
                ],
                [
                    233,
                    1572
                ],
                [
                    233,
                    1611
                ],
                [
                    132,
                    1611
                ]
            ],
            "text": "Output",
            "label": "B_Prop"
        },
        {
            "index": 130,
            "bbox": [
                [
                    231,
                    1570
                ],
                [
                    383,
                    1570
                ],
                [
                    383,
                    1609
                ],
                [
                    231,
                    1609
                ]
            ],
            "text": "Impedance",
            "label": "I_Prop"
        },
        {
            "index": 131,
            "bbox": [
                [
                    383,
                    1570
                ],
                [
                    428,
                    1570
                ],
                [
                    428,
                    1609
                ],
                [
                    383,
                    1609
                ]
            ],
            "text": "(@",
            "label": "I_Prop"
        },
        {
            "index": 132,
            "bbox": [
                [
                    426,
                    1570
                ],
                [
                    452,
                    1570
                ],
                [
                    452,
                    1604
                ],
                [
                    426,
                    1604
                ]
            ],
            "text": "1",
            "label": "I_Prop"
        },
        {
            "index": 133,
            "bbox": [
                [
                    452,
                    1570
                ],
                [
                    519,
                    1570
                ],
                [
                    519,
                    1604
                ],
                [
                    452,
                    1604
                ]
            ],
            "text": "kHz)",
            "label": "I_Prop"
        },
        {
            "index": 134,
            "bbox": [
                [
                    783,
                    1570
                ],
                [
                    832,
                    1570
                ],
                [
                    832,
                    1604
                ],
                [
                    783,
                    1604
                ]
            ],
            "text": "2.2",
            "label": "B_Value"
        },
        {
            "index": 135,
            "bbox": [
                [
                    1238,
                    1570
                ],
                [
                    1283,
                    1570
                ],
                [
                    1283,
                    1604
                ],
                [
                    1238,
                    1604
                ]
            ],
            "text": "kQ",
            "label": "B_Unit"
        },
        {
            "index": 136,
            "bbox": [
                [
                    134,
                    1613
                ],
                [
                    244,
                    1613
                ],
                [
                    244,
                    1643
                ],
                [
                    134,
                    1643
                ]
            ],
            "text": "Current",
            "label": "B_Prop"
        },
        {
            "index": 137,
            "bbox": [
                [
                    241,
                    1613
                ],
                [
                    418,
                    1613
                ],
                [
                    418,
                    1650
                ],
                [
                    241,
                    1650
                ]
            ],
            "text": "consumption",
            "label": "I_Prop"
        },
        {
            "index": 138,
            "bbox": [
                [
                    136,
                    1650
                ],
                [
                    203,
                    1650
                ],
                [
                    203,
                    1684
                ],
                [
                    136,
                    1684
                ]
            ],
            "text": "(3VS",
            "label": "I_Prop"
        },
        {
            "index": 139,
            "bbox": [
                [
                    201,
                    1647
                ],
                [
                    269,
                    1647
                ],
                [
                    269,
                    1680
                ],
                [
                    201,
                    1680
                ]
            ],
            "text": "with",
            "label": "I_Prop"
        },
        {
            "index": 140,
            "bbox": [
                [
                    267,
                    1647
                ],
                [
                    317,
                    1647
                ],
                [
                    317,
                    1682
                ],
                [
                    267,
                    1682
                ]
            ],
            "text": "2.2",
            "label": "I_Prop"
        },
        {
            "index": 141,
            "bbox": [
                [
                    315,
                    1645
                ],
                [
                    360,
                    1645
                ],
                [
                    360,
                    1682
                ],
                [
                    315,
                    1682
                ]
            ],
            "text": "k2",
            "label": "I_Prop"
        },
        {
            "index": 142,
            "bbox": [
                [
                    360,
                    1650
                ],
                [
                    409,
                    1650
                ],
                [
                    409,
                    1684
                ],
                [
                    360,
                    1684
                ]
            ],
            "text": "RL)",
            "label": "I_Prop"
        },
        {
            "index": 143,
            "bbox": [
                [
                    779,
                    1652
                ],
                [
                    837,
                    1652
                ],
                [
                    837,
                    1684
                ],
                [
                    779,
                    1684
                ]
            ],
            "text": "500",
            "label": "B_Value"
        },
        {
            "index": 144,
            "bbox": [
                [
                    1241,
                    1652
                ],
                [
                    1283,
                    1652
                ],
                [
                    1283,
                    1688
                ],
                [
                    1241,
                    1688
                ]
            ],
            "text": "HA",
            "label": "B_Unit"
        },
        {
            "index": 145,
            "bbox": [
                [
                    134,
                    1695
                ],
                [
                    340,
                    1695
                ],
                [
                    340,
                    1731
                ],
                [
                    134,
                    1731
                ]
            ],
            "text": "Signal-to-Noise",
            "label": "B_Prop"
        },
        {
            "index": 146,
            "bbox": [
                [
                    340,
                    1695
                ],
                [
                    416,
                    1695
                ],
                [
                    416,
                    1725
                ],
                [
                    340,
                    1725
                ]
            ],
            "text": "Ratio",
            "label": "I_Prop"
        },
        {
            "index": 147,
            "bbox": [
                [
                    135,
                    1726
                ],
                [
                    135,
                    1766
                ],
                [
                    230,
                    1766
                ],
                [
                    230,
                    1726
                ]
            ],
            "text": "(1kHz,",
            "label": "I_Prop"
        },
        {
            "index": 148,
            "bbox": [
                [
                    224,
                    1727
                ],
                [
                    269,
                    1727
                ],
                [
                    269,
                    1761
                ],
                [
                    224,
                    1761
                ]
            ],
            "text": "94",
            "label": "I_Prop"
        },
        {
            "index": 149,
            "bbox": [
                [
                    265,
                    1727
                ],
                [
                    310,
                    1727
                ],
                [
                    310,
                    1763
                ],
                [
                    265,
                    1763
                ]
            ],
            "text": "dB",
            "label": "I_Prop"
        },
        {
            "index": 150,
            "bbox": [
                [
                    308,
                    1731
                ],
                [
                    390,
                    1731
                ],
                [
                    390,
                    1766
                ],
                [
                    308,
                    1766
                ]
            ],
            "text": "input,",
            "label": "I_Prop"
        },
        {
            "index": 151,
            "bbox": [
                [
                    392,
                    1729
                ],
                [
                    555,
                    1729
                ],
                [
                    555,
                    1766
                ],
                [
                    392,
                    1766
                ]
            ],
            "text": "A-weighted)",
            "label": "I_Prop"
        },
        {
            "index": 152,
            "bbox": [
                [
                    785,
                    1729
                ],
                [
                    828,
                    1729
                ],
                [
                    828,
                    1763
                ],
                [
                    785,
                    1763
                ]
            ],
            "text": "77",
            "label": "B_Value"
        },
        {
            "index": 153,
            "bbox": [
                [
                    1238,
                    1727
                ],
                [
                    1283,
                    1727
                ],
                [
                    1283,
                    1763
                ],
                [
                    1238,
                    1763
                ]
            ],
            "text": "dB",
            "label": "B_Unit"
        },
        {
            "index": 154,
            "bbox": [
                [
                    134,
                    1772
                ],
                [
                    287,
                    1772
                ],
                [
                    287,
                    1808
                ],
                [
                    134,
                    1808
                ]
            ],
            "text": "Decreasing",
            "label": "B_Prop"
        },
        {
            "index": 155,
            "bbox": [
                [
                    284,
                    1770
                ],
                [
                    392,
                    1770
                ],
                [
                    392,
                    1808
                ],
                [
                    284,
                    1808
                ]
            ],
            "text": "Voltage",
            "label": "I_Prop"
        },
        {
            "index": 156,
            "bbox": [
                [
                    392,
                    1768
                ],
                [
                    463,
                    1768
                ],
                [
                    463,
                    1808
                ],
                [
                    392,
                    1808
                ]
            ],
            "text": "(3VS",
            "label": "I_Prop"
        },
        {
            "index": 157,
            "bbox": [
                [
                    458,
                    1776
                ],
                [
                    493,
                    1776
                ],
                [
                    493,
                    1802
                ],
                [
                    458,
                    1802
                ]
            ],
            "text": "to",
            "label": "I_Prop"
        },
        {
            "index": 158,
            "bbox": [
                [
                    493,
                    1772
                ],
                [
                    559,
                    1772
                ],
                [
                    559,
                    1806
                ],
                [
                    493,
                    1806
                ]
            ],
            "text": "2VS)",
            "label": "I_Prop"
        },
        {
            "index": 159,
            "bbox": [
                [
                    794,
                    1772
                ],
                [
                    824,
                    1772
                ],
                [
                    824,
                    1802
                ],
                [
                    794,
                    1802
                ]
            ],
            "text": "3",
            "label": "B_Value"
        },
        {
            "index": 160,
            "bbox": [
                [
                    1238,
                    1770
                ],
                [
                    1283,
                    1770
                ],
                [
                    1283,
                    1804
                ],
                [
                    1238,
                    1804
                ]
            ],
            "text": "dB",
            "label": "B_Unit"
        },
        {
            "index": 161,
            "bbox": [
                [
                    134,
                    1813
                ],
                [
                    278,
                    1813
                ],
                [
                    278,
                    1849
                ],
                [
                    134,
                    1849
                ]
            ],
            "text": "Frequency",
            "label": "B_Prop"
        },
        {
            "index": 162,
            "bbox": [
                [
                    278,
                    1811
                ],
                [
                    368,
                    1811
                ],
                [
                    368,
                    1849
                ],
                [
                    278,
                    1849
                ]
            ],
            "text": "Range",
            "label": "I_Prop"
        },
        {
            "index": 163,
            "bbox": [
                [
                    723,
                    1811
                ],
                [
                    766,
                    1811
                ],
                [
                    766,
                    1845
                ],
                [
                    723,
                    1845
                ]
            ],
            "text": "20",
            "label": "B_Value"
        },
        {
            "index": 164,
            "bbox": [
                [
                    764,
                    1817
                ],
                [
                    794,
                    1817
                ],
                [
                    794,
                    1841
                ],
                [
                    764,
                    1841
                ]
            ],
            "text": "2",
            "label": "I_Value"
        },
        {
            "index": 165,
            "bbox": [
                [
                    794,
                    1813
                ],
                [
                    888,
                    1813
                ],
                [
                    888,
                    1845
                ],
                [
                    794,
                    1845
                ]
            ],
            "text": "20,000",
            "label": "I_Value"
        },
        {
            "index": 166,
            "bbox": [
                [
                    1241,
                    1811
                ],
                [
                    1283,
                    1811
                ],
                [
                    1283,
                    1845
                ],
                [
                    1241,
                    1845
                ]
            ],
            "text": "Hz",
            "label": "B_Unit"
        },
        {
            "index": 167,
            "bbox": [
                [
                    134,
                    1851
                ],
                [
                    274,
                    1851
                ],
                [
                    274,
                    1890
                ],
                [
                    134,
                    1890
                ]
            ],
            "text": "Operating",
            "label": "B_Prop"
        },
        {
            "index": 168,
            "bbox": [
                [
                    269,
                    1851
                ],
                [
                    377,
                    1851
                ],
                [
                    377,
                    1890
                ],
                [
                    269,
                    1890
                ]
            ],
            "text": "Voltage",
            "label": "I_Prop"
        },
        {
            "index": 169,
            "bbox": [
                [
                    375,
                    1854
                ],
                [
                    463,
                    1854
                ],
                [
                    463,
                    1892
                ],
                [
                    375,
                    1892
                ]
            ],
            "text": "Range",
            "label": "I_Prop"
        },
        {
            "index": 170,
            "bbox": [
                [
                    759,
                    1851
                ],
                [
                    785,
                    1851
                ],
                [
                    785,
                    1886
                ],
                [
                    759,
                    1886
                ]
            ],
            "text": "1",
            "label": "B_Value"
        },
        {
            "index": 171,
            "bbox": [
                [
                    785,
                    1858
                ],
                [
                    813,
                    1858
                ],
                [
                    813,
                    1882
                ],
                [
                    785,
                    1882
                ]
            ],
            "text": "a",
            "label": "I_Value"
        },
        {
            "index": 172,
            "bbox": [
                [
                    813,
                    1851
                ],
                [
                    854,
                    1851
                ],
                [
                    854,
                    1886
                ],
                [
                    813,
                    1886
                ]
            ],
            "text": "10",
            "label": "I_Value"
        },
        {
            "index": 173,
            "bbox": [
                [
                    1230,
                    1854
                ],
                [
                    1292,
                    1854
                ],
                [
                    1292,
                    1884
                ],
                [
                    1230,
                    1884
                ]
            ],
            "text": "VDC",
            "label": "B_Unit"
        },
        {
            "index": 174,
            "bbox": [
                [
                    132,
                    1892
                ],
                [
                    274,
                    1892
                ],
                [
                    274,
                    1929
                ],
                [
                    132,
                    1929
                ]
            ],
            "text": "Maximum",
            "label": "B_Prop"
        },
        {
            "index": 175,
            "bbox": [
                [
                    272,
                    1894
                ],
                [
                    330,
                    1894
                ],
                [
                    330,
                    1929
                ],
                [
                    272,
                    1929
                ]
            ],
            "text": "SPL",
            "label": "I_Prop"
        },
        {
            "index": 176,
            "bbox": [
                [
                    325,
                    1897
                ],
                [
                    405,
                    1897
                ],
                [
                    405,
                    1931
                ],
                [
                    325,
                    1931
                ]
            ],
            "text": "Input",
            "label": "I_Prop"
        },
        {
            "index": 177,
            "bbox": [
                [
                    405,
                    1894
                ],
                [
                    553,
                    1894
                ],
                [
                    553,
                    1931
                ],
                [
                    405,
                    1931
                ]
            ],
            "text": "(THD<3%)",
            "label": "I_Prop"
        },
        {
            "index": 178,
            "bbox": [
                [
                    779,
                    1894
                ],
                [
                    837,
                    1894
                ],
                [
                    837,
                    1927
                ],
                [
                    779,
                    1927
                ]
            ],
            "text": "110",
            "label": "B_Value"
        },
        {
            "index": 179,
            "bbox": [
                [
                    1238,
                    1892
                ],
                [
                    1283,
                    1892
                ],
                [
                    1283,
                    1929
                ],
                [
                    1238,
                    1929
                ]
            ],
            "text": "dB",
            "label": "B_Unit"
        },
        {
            "index": 180,
            "bbox": [
                [
                    134,
                    1935
                ],
                [
                    278,
                    1935
                ],
                [
                    278,
                    1974
                ],
                [
                    134,
                    1974
                ]
            ],
            "text": "Directivity",
            "label": "B_Prop"
        },
        {
            "index": 181,
            "bbox": [
                [
                    693,
                    1937
                ],
                [
                    918,
                    1937
                ],
                [
                    918,
                    1965
                ],
                [
                    693,
                    1965
                ]
            ],
            "text": "Omni-directional",
            "label": "B_Value"
        },
        {
            "index": 182,
            "bbox": [
                [
                    355,
                    2008
                ],
                [
                    396,
                    2008
                ],
                [
                    396,
                    2034
                ],
                [
                    355,
                    2034
                ]
            ],
            "text": "PUI",
            "label": "Out"
        },
        {
            "index": 183,
            "bbox": [
                [
                    396,
                    2010
                ],
                [
                    465,
                    2010
                ],
                [
                    465,
                    2034
                ],
                [
                    396,
                    2034
                ]
            ],
            "text": "Audio,",
            "label": "Out"
        },
        {
            "index": 184,
            "bbox": [
                [
                    467,
                    2008
                ],
                [
                    508,
                    2008
                ],
                [
                    508,
                    2034
                ],
                [
                    467,
                    2034
                ]
            ],
            "text": "Inc.",
            "label": "Out"
        },
        {
            "index": 185,
            "bbox": [
                [
                    506,
                    2006
                ],
                [
                    532,
                    2006
                ],
                [
                    532,
                    2036
                ],
                [
                    506,
                    2036
                ]
            ],
            "text": "A",
            "label": "Out"
        },
        {
            "index": 186,
            "bbox": [
                [
                    529,
                    2008
                ],
                [
                    617,
                    2008
                ],
                [
                    617,
                    2038
                ],
                [
                    529,
                    2038
                ]
            ],
            "text": "Projects",
            "label": "Out"
        },
        {
            "index": 187,
            "bbox": [
                [
                    615,
                    2006
                ],
                [
                    723,
                    2006
                ],
                [
                    723,
                    2034
                ],
                [
                    615,
                    2034
                ]
            ],
            "text": "Unlimited",
            "label": "Out"
        },
        {
            "index": 188,
            "bbox": [
                [
                    721,
                    2008
                ],
                [
                    830,
                    2008
                ],
                [
                    830,
                    2038
                ],
                [
                    721,
                    2038
                ]
            ],
            "text": "Company,",
            "label": "Out"
        },
        {
            "index": 189,
            "bbox": [
                [
                    828,
                    2006
                ],
                [
                    888,
                    2006
                ],
                [
                    888,
                    2036
                ],
                [
                    828,
                    2036
                ]
            ],
            "text": "3541",
            "label": "Out"
        },
        {
            "index": 190,
            "bbox": [
                [
                    884,
                    2008
                ],
                [
                    940,
                    2008
                ],
                [
                    940,
                    2038
                ],
                [
                    884,
                    2038
                ]
            ],
            "text": "Stop",
            "label": "Out"
        },
        {
            "index": 191,
            "bbox": [
                [
                    938,
                    2006
                ],
                [
                    996,
                    2006
                ],
                [
                    996,
                    2038
                ],
                [
                    938,
                    2038
                ]
            ],
            "text": "Eight",
            "label": "Out"
        },
        {
            "index": 192,
            "bbox": [
                [
                    993,
                    2008
                ],
                [
                    1060,
                    2008
                ],
                [
                    1060,
                    2038
                ],
                [
                    993,
                    2038
                ]
            ],
            "text": "Road,",
            "label": "Out"
        },
        {
            "index": 193,
            "bbox": [
                [
                    1060,
                    2008
                ],
                [
                    1144,
                    2008
                ],
                [
                    1144,
                    2038
                ],
                [
                    1060,
                    2038
                ]
            ],
            "text": "Dayton,",
            "label": "Out"
        },
        {
            "index": 194,
            "bbox": [
                [
                    1144,
                    2008
                ],
                [
                    1183,
                    2008
                ],
                [
                    1183,
                    2034
                ],
                [
                    1144,
                    2034
                ]
            ],
            "text": "OH",
            "label": "Out"
        },
        {
            "index": 195,
            "bbox": [
                [
                    1180,
                    2006
                ],
                [
                    1253,
                    2006
                ],
                [
                    1253,
                    2036
                ],
                [
                    1180,
                    2036
                ]
            ],
            "text": "45414",
            "label": "Out"
        },
        {
            "index": 196,
            "bbox": [
                [
                    594,
                    2034
                ],
                [
                    643,
                    2034
                ],
                [
                    643,
                    2066
                ],
                [
                    594,
                    2066
                ]
            ],
            "text": "Tel:",
            "label": "Out"
        },
        {
            "index": 197,
            "bbox": [
                [
                    641,
                    2036
                ],
                [
                    699,
                    2036
                ],
                [
                    699,
                    2068
                ],
                [
                    641,
                    2068
                ]
            ],
            "text": "(937)",
            "label": "Out"
        },
        {
            "index": 198,
            "bbox": [
                [
                    697,
                    2036
                ],
                [
                    800,
                    2036
                ],
                [
                    800,
                    2066
                ],
                [
                    697,
                    2066
                ]
            ],
            "text": "415-5901",
            "label": "Out"
        },
        {
            "index": 199,
            "bbox": [
                [
                    800,
                    2038
                ],
                [
                    847,
                    2038
                ],
                [
                    847,
                    2064
                ],
                [
                    800,
                    2064
                ]
            ],
            "text": "Fax:",
            "label": "Out"
        },
        {
            "index": 200,
            "bbox": [
                [
                    847,
                    2036
                ],
                [
                    905,
                    2036
                ],
                [
                    905,
                    2068
                ],
                [
                    847,
                    2068
                ]
            ],
            "text": "(937)",
            "label": "Out"
        },
        {
            "index": 201,
            "bbox": [
                [
                    905,
                    2041
                ],
                [
                    1006,
                    2041
                ],
                [
                    1006,
                    2062
                ],
                [
                    905,
                    2062
                ]
            ],
            "text": "415-5925",
            "label": "Out"
        }
    ]
}