{
    "datasheet": [
        {
            "index": 0,
            "bbox": [
                [
                    222,
                    190
                ],
                [
                    222,
                    206
                ],
                [
                    297,
                    206
                ],
                [
                    297,
                    190
                ]
            ],
            "text": "Material",
            "label": "B_Descri"
        },
        {
            "index": 1,
            "bbox": [
                [
                    304,
                    191
                ],
                [
                    366,
                    191
                ],
                [
                    366,
                    211
                ],
                [
                    304,
                    211
                ]
            ],
            "text": "Safety",
            "label": "I_Descri"
        },
        {
            "index": 2,
            "bbox": [
                [
                    373,
                    191
                ],
                [
                    416,
                    191
                ],
                [
                    416,
                    207
                ],
                [
                    373,
                    207
                ]
            ],
            "text": "Data",
            "label": "I_Descri"
        },
        {
            "index": 3,
            "bbox": [
                [
                    423,
                    191
                ],
                [
                    479,
                    191
                ],
                [
                    479,
                    207
                ],
                [
                    423,
                    207
                ]
            ],
            "text": "Sheet",
            "label": "I_Descri"
        },
        {
            "index": 4,
            "bbox": [
                [
                    39,
                    212
                ],
                [
                    84,
                    212
                ],
                [
                    84,
                    223
                ],
                [
                    39,
                    223
                ]
            ],
            "text": "Creation",
            "label": "B_Descri"
        },
        {
            "index": 5,
            "bbox": [
                [
                    83,
                    211
                ],
                [
                    110,
                    211
                ],
                [
                    110,
                    223
                ],
                [
                    83,
                    223
                ]
            ],
            "text": "Date",
            "label": "I_Descri"
        },
        {
            "index": 6,
            "bbox": [
                [
                    111,
                    212
                ],
                [
                    174,
                    212
                ],
                [
                    174,
                    223
                ],
                [
                    111,
                    223
                ]
            ],
            "text": "29-Dec-2009",
            "label": "I_Descri"
        },
        {
            "index": 7,
            "bbox": [
                [
                    280,
                    212
                ],
                [
                    280,
                    223
                ],
                [
                    326,
                    223
                ],
                [
                    326,
                    212
                ]
            ],
            "text": "Revision",
            "label": "B_Descri"
        },
        {
            "index": 8,
            "bbox": [
                [
                    324,
                    211
                ],
                [
                    351,
                    211
                ],
                [
                    351,
                    223
                ],
                [
                    324,
                    223
                ]
            ],
            "text": "Date:",
            "label": "I_Descri"
        },
        {
            "index": 9,
            "bbox": [
                [
                    349,
                    212
                ],
                [
                    412,
                    212
                ],
                [
                    412,
                    223
                ],
                [
                    349,
                    223
                ]
            ],
            "text": "29-Dec-2009",
            "label": "I_Descri"
        },
        {
            "index": 10,
            "bbox": [
                [
                    562,
                    212
                ],
                [
                    608,
                    212
                ],
                [
                    608,
                    223
                ],
                [
                    562,
                    223
                ]
            ],
            "text": "Revision",
            "label": "B_Descri"
        },
        {
            "index": 11,
            "bbox": [
                [
                    607,
                    212
                ],
                [
                    651,
                    212
                ],
                [
                    651,
                    223
                ],
                [
                    607,
                    223
                ]
            ],
            "text": "Number",
            "label": "I_Descri"
        },
        {
            "index": 12,
            "bbox": [
                [
                    650,
                    211
                ],
                [
                    659,
                    211
                ],
                [
                    659,
                    223
                ],
                [
                    650,
                    223
                ]
            ],
            "text": "1",
            "label": "I_Descri"
        },
        {
            "index": 13,
            "bbox": [
                [
                    245,
                    473
                ],
                [
                    263,
                    473
                ],
                [
                    263,
                    488
                ],
                [
                    245,
                    488
                ]
            ],
            "text": "2.",
            "label": "B_Section"
        },
        {
            "index": 14,
            "bbox": [
                [
                    263,
                    473
                ],
                [
                    334,
                    473
                ],
                [
                    334,
                    488
                ],
                [
                    263,
                    488
                ]
            ],
            "text": "HAZARDS",
            "label": "I_Section"
        },
        {
            "index": 15,
            "bbox": [
                [
                    336,
                    475
                ],
                [
                    452,
                    475
                ],
                [
                    452,
                    487
                ],
                [
                    336,
                    487
                ]
            ],
            "text": "IDENTIFICATION",
            "label": "I_Section"
        },
        {
            "index": 16,
            "bbox": [
                [
                    321,
                    844
                ],
                [
                    350,
                    844
                ],
                [
                    350,
                    858
                ],
                [
                    321,
                    858
                ]
            ],
            "text": "Page",
            "label": "Out"
        },
        {
            "index": 17,
            "bbox": [
                [
                    354,
                    844
                ],
                [
                    379,
                    844
                ],
                [
                    379,
                    857
                ],
                [
                    354,
                    857
                ]
            ],
            "text": "117",
            "label": "Out"
        }
    ]
}