{
    "datasheet": [
        {
            "index": 0,
            "bbox": [
                [
                    87,
                    123
                ],
                [
                    152,
                    123
                ],
                [
                    152,
                    145
                ],
                [
                    87,
                    145
                ]
            ],
            "text": "Package",
            "label": "Out"
        },
        {
            "index": 1,
            "bbox": [
                [
                    147,
                    123
                ],
                [
                    166,
                    123
                ],
                [
                    166,
                    144
                ],
                [
                    147,
                    144
                ]
            ],
            "text": "21",
            "label": "Out"
        },
        {
            "index": 2,
            "bbox": [
                [
                    159,
                    121
                ],
                [
                    215,
                    121
                ],
                [
                    215,
                    145
                ],
                [
                    159,
                    145
                ]
            ],
            "text": "Length",
            "label": "Out"
        },
        {
            "index": 3,
            "bbox": [
                [
                    335,
                    123
                ],
                [
                    359,
                    123
                ],
                [
                    359,
                    144
                ],
                [
                    335,
                    144
                ]
            ],
            "text": "40",
            "label": "Out"
        },
        {
            "index": 4,
            "bbox": [
                [
                    356,
                    125
                ],
                [
                    384,
                    125
                ],
                [
                    384,
                    145
                ],
                [
                    356,
                    145
                ]
            ],
            "text": "cm",
            "label": "Out"
        },
        {
            "index": 5,
            "bbox": [
                [
                    87,
                    159
                ],
                [
                    152,
                    159
                ],
                [
                    152,
                    183
                ],
                [
                    87,
                    183
                ]
            ],
            "text": "Package",
            "label": "Out"
        },
        {
            "index": 6,
            "bbox": [
                [
                    150,
                    161
                ],
                [
                    164,
                    161
                ],
                [
                    164,
                    178
                ],
                [
                    150,
                    178
                ]
            ],
            "text": "2",
            "label": "Out"
        },
        {
            "index": 7,
            "bbox": [
                [
                    159,
                    159
                ],
                [
                    215,
                    159
                ],
                [
                    215,
                    183
                ],
                [
                    159,
                    183
                ]
            ],
            "text": "Weight",
            "label": "Out"
        },
        {
            "index": 8,
            "bbox": [
                [
                    337,
                    163
                ],
                [
                    385,
                    163
                ],
                [
                    385,
                    181
                ],
                [
                    337,
                    181
                ]
            ],
            "text": "16.078",
            "label": "Out"
        },
        {
            "index": 9,
            "bbox": [
                [
                    384,
                    163
                ],
                [
                    406,
                    163
                ],
                [
                    406,
                    185
                ],
                [
                    384,
                    185
                ]
            ],
            "text": "kg",
            "label": "Out"
        },
        {
            "index": 10,
            "bbox": [
                [
                    90,
                    1690
                ],
                [
                    116,
                    1690
                ],
                [
                    116,
                    1710
                ],
                [
                    90,
                    1710
                ]
            ],
            "text": "27t",
            "label": "Out"
        },
        {
            "index": 11,
            "bbox": [
                [
                    109,
                    1691
                ],
                [
                    136,
                    1691
                ],
                [
                    136,
                    1712
                ],
                [
                    109,
                    1712
                ]
            ],
            "text": "thg",
            "label": "Out"
        },
        {
            "index": 12,
            "bbox": [
                [
                    131,
                    1690
                ],
                [
                    152,
                    1690
                ],
                [
                    152,
                    1712
                ],
                [
                    131,
                    1712
                ]
            ],
            "text": "6,",
            "label": "Out"
        },
        {
            "index": 13,
            "bbox": [
                [
                    148,
                    1691
                ],
                [
                    184,
                    1691
                ],
                [
                    184,
                    1708
                ],
                [
                    148,
                    1708
                ]
            ],
            "text": "2024",
            "label": "Out"
        },
        {
            "index": 14,
            "bbox": [
                [
                    394,
                    1690
                ],
                [
                    450,
                    1690
                ],
                [
                    450,
                    1708
                ],
                [
                    394,
                    1708
                ]
            ],
            "text": "Lifelson",
            "label": "Out"
        },
        {
            "index": 15,
            "bbox": [
                [
                    457,
                    1686
                ],
                [
                    538,
                    1686
                ],
                [
                    538,
                    1717
                ],
                [
                    457,
                    1717
                ]
            ],
            "text": "Schneider",
            "label": "Out"
        }
    ]
}