{
    "datasheet": [
        {
            "index": 0,
            "bbox": [
                [
                    88,
                    123
                ],
                [
                    143,
                    123
                ],
                [
                    143,
                    142
                ],
                [
                    88,
                    142
                ]
            ],
            "text": "Neutral",
            "label": "Out"
        },
        {
            "index": 1,
            "bbox": [
                [
                    142,
                    123
                ],
                [
                    219,
                    123
                ],
                [
                    219,
                    145
                ],
                [
                    142,
                    145
                ]
            ],
            "text": "protection",
            "label": "Out"
        },
        {
            "index": 2,
            "bbox": [
                [
                    214,
                    121
                ],
                [
                    270,
                    121
                ],
                [
                    270,
                    145
                ],
                [
                    214,
                    145
                ]
            ],
            "text": "setting",
            "label": "Out"
        },
        {
            "index": 3,
            "bbox": [
                [
                    335,
                    123
                ],
                [
                    361,
                    123
                ],
                [
                    361,
                    144
                ],
                [
                    335,
                    144
                ]
            ],
            "text": "No",
            "label": "Out"
        },
        {
            "index": 4,
            "bbox": [
                [
                    356,
                    125
                ],
                [
                    428,
                    125
                ],
                [
                    428,
                    147
                ],
                [
                    356,
                    147
                ]
            ],
            "text": "protection",
            "label": "Out"
        },
        {
            "index": 5,
            "bbox": [
                [
                    425,
                    125
                ],
                [
                    457,
                    125
                ],
                [
                    457,
                    145
                ],
                [
                    425,
                    145
                ]
            ],
            "text": "(3D)",
            "label": "Out"
        },
        {
            "index": 6,
            "bbox": [
                [
                    87,
                    159
                ],
                [
                    130,
                    159
                ],
                [
                    130,
                    183
                ],
                [
                    87,
                    183
                ]
            ],
            "text": "Long",
            "label": "Out"
        },
        {
            "index": 7,
            "bbox": [
                [
                    126,
                    161
                ],
                [
                    160,
                    161
                ],
                [
                    160,
                    180
                ],
                [
                    126,
                    180
                ]
            ],
            "text": "time",
            "label": "Out"
        },
        {
            "index": 8,
            "bbox": [
                [
                    157,
                    159
                ],
                [
                    217,
                    159
                ],
                [
                    217,
                    183
                ],
                [
                    157,
                    183
                ]
            ],
            "text": "pick-up",
            "label": "Out"
        },
        {
            "index": 9,
            "bbox": [
                [
                    212,
                    161
                ],
                [
                    296,
                    161
                ],
                [
                    296,
                    183
                ],
                [
                    212,
                    183
                ]
            ],
            "text": "adjustment",
            "label": "Out"
        },
        {
            "index": 10,
            "bbox": [
                [
                    335,
                    163
                ],
                [
                    409,
                    163
                ],
                [
                    409,
                    185
                ],
                [
                    335,
                    185
                ]
            ],
            "text": "Adjustable",
            "label": "Out"
        },
        {
            "index": 11,
            "bbox": [
                [
                    85,
                    175
                ],
                [
                    126,
                    175
                ],
                [
                    126,
                    200
                ],
                [
                    85,
                    200
                ]
            ],
            "text": "type",
            "label": "Out"
        },
        {
            "index": 12,
            "bbox": [
                [
                    119,
                    175
                ],
                [
                    140,
                    175
                ],
                [
                    140,
                    197
                ],
                [
                    119,
                    197
                ]
            ],
            "text": "Ir",
            "label": "Out"
        },
        {
            "index": 13,
            "bbox": [
                [
                    87,
                    204
                ],
                [
                    124,
                    204
                ],
                [
                    124,
                    224
                ],
                [
                    87,
                    224
                ]
            ],
            "text": "long",
            "label": "Out"
        },
        {
            "index": 14,
            "bbox": [
                [
                    121,
                    204
                ],
                [
                    157,
                    204
                ],
                [
                    157,
                    223
                ],
                [
                    121,
                    223
                ]
            ],
            "text": "time",
            "label": "Out"
        },
        {
            "index": 15,
            "bbox": [
                [
                    155,
                    205
                ],
                [
                    210,
                    205
                ],
                [
                    210,
                    224
                ],
                [
                    155,
                    224
                ]
            ],
            "text": "pick-up",
            "label": "Out"
        },
        {
            "index": 16,
            "bbox": [
                [
                    210,
                    205
                ],
                [
                    293,
                    205
                ],
                [
                    293,
                    223
                ],
                [
                    210,
                    223
                ]
            ],
            "text": "adjustment",
            "label": "Out"
        },
        {
            "index": 17,
            "bbox": [
                [
                    335,
                    205
                ],
                [
                    382,
                    205
                ],
                [
                    382,
                    223
                ],
                [
                    335,
                    223
                ]
            ],
            "text": "0.7..1",
            "label": "Out"
        },
        {
            "index": 18,
            "bbox": [
                [
                    377,
                    204
                ],
                [
                    411,
                    204
                ],
                [
                    411,
                    224
                ],
                [
                    377,
                    224
                ]
            ],
            "text": "xln",
            "label": "Out"
        },
        {
            "index": 19,
            "bbox": [
                [
                    85,
                    219
                ],
                [
                    135,
                    219
                ],
                [
                    135,
                    245
                ],
                [
                    85,
                    245
                ]
            ],
            "text": "range",
            "label": "Out"
        },
        {
            "index": 20,
            "bbox": [
                [
                    87,
                    247
                ],
                [
                    128,
                    247
                ],
                [
                    128,
                    265
                ],
                [
                    87,
                    265
                ]
            ],
            "text": "Long",
            "label": "Out"
        },
        {
            "index": 21,
            "bbox": [
                [
                    126,
                    245
                ],
                [
                    160,
                    245
                ],
                [
                    160,
                    264
                ],
                [
                    126,
                    264
                ]
            ],
            "text": "time",
            "label": "Out"
        },
        {
            "index": 22,
            "bbox": [
                [
                    159,
                    247
                ],
                [
                    202,
                    247
                ],
                [
                    202,
                    265
                ],
                [
                    159,
                    265
                ]
            ],
            "text": "delay",
            "label": "Out"
        },
        {
            "index": 23,
            "bbox": [
                [
                    198,
                    245
                ],
                [
                    284,
                    245
                ],
                [
                    284,
                    267
                ],
                [
                    198,
                    267
                ]
            ],
            "text": "adjustment",
            "label": "Out"
        },
        {
            "index": 24,
            "bbox": [
                [
                    281,
                    247
                ],
                [
                    317,
                    247
                ],
                [
                    317,
                    267
                ],
                [
                    281,
                    267
                ]
            ],
            "text": "type",
            "label": "Out"
        },
        {
            "index": 25,
            "bbox": [
                [
                    337,
                    247
                ],
                [
                    378,
                    247
                ],
                [
                    378,
                    265
                ],
                [
                    337,
                    265
                ]
            ],
            "text": "Fixed",
            "label": "Out"
        },
        {
            "index": 26,
            "bbox": [
                [
                    85,
                    281
                ],
                [
                    191,
                    281
                ],
                [
                    191,
                    303
                ],
                [
                    85,
                    303
                ]
            ],
            "text": "Instantaneous",
            "label": "Out"
        },
        {
            "index": 27,
            "bbox": [
                [
                    186,
                    281
                ],
                [
                    246,
                    281
                ],
                [
                    246,
                    305
                ],
                [
                    186,
                    305
                ]
            ],
            "text": "pick-up",
            "label": "Out"
        },
        {
            "index": 28,
            "bbox": [
                [
                    243,
                    283
                ],
                [
                    327,
                    283
                ],
                [
                    327,
                    305
                ],
                [
                    243,
                    305
                ]
            ],
            "text": "adjustment",
            "label": "Out"
        },
        {
            "index": 29,
            "bbox": [
                [
                    335,
                    284
                ],
                [
                    409,
                    284
                ],
                [
                    409,
                    307
                ],
                [
                    335,
                    307
                ]
            ],
            "text": "Adjustable",
            "label": "Out"
        },
        {
            "index": 30,
            "bbox": [
                [
                    85,
                    298
                ],
                [
                    126,
                    298
                ],
                [
                    126,
                    324
                ],
                [
                    85,
                    324
                ]
            ],
            "text": "type",
            "label": "Out"
        },
        {
            "index": 31,
            "bbox": [
                [
                    119,
                    298
                ],
                [
                    136,
                    298
                ],
                [
                    136,
                    320
                ],
                [
                    119,
                    320
                ]
            ],
            "text": "li",
            "label": "Out"
        },
        {
            "index": 32,
            "bbox": [
                [
                    85,
                    324
                ],
                [
                    191,
                    324
                ],
                [
                    191,
                    346
                ],
                [
                    85,
                    346
                ]
            ],
            "text": "instantaneous",
            "label": "Out"
        },
        {
            "index": 33,
            "bbox": [
                [
                    190,
                    327
                ],
                [
                    243,
                    327
                ],
                [
                    243,
                    346
                ],
                [
                    190,
                    346
                ]
            ],
            "text": "pick-up",
            "label": "Out"
        },
        {
            "index": 34,
            "bbox": [
                [
                    241,
                    326
                ],
                [
                    325,
                    326
                ],
                [
                    325,
                    348
                ],
                [
                    241,
                    348
                ]
            ],
            "text": "adjustment",
            "label": "Out"
        },
        {
            "index": 35,
            "bbox": [
                [
                    335,
                    326
                ],
                [
                    408,
                    326
                ],
                [
                    408,
                    348
                ],
                [
                    335,
                    348
                ]
            ],
            "text": "5...10xin",
            "label": "Out"
        },
        {
            "index": 36,
            "bbox": [
                [
                    85,
                    341
                ],
                [
                    135,
                    341
                ],
                [
                    135,
                    365
                ],
                [
                    85,
                    365
                ]
            ],
            "text": "range",
            "label": "Out"
        },
        {
            "index": 37,
            "bbox": [
                [
                    88,
                    368
                ],
                [
                    150,
                    368
                ],
                [
                    150,
                    389
                ],
                [
                    88,
                    389
                ]
            ],
            "text": "Contactp",
            "label": "Out"
        },
        {
            "index": 38,
            "bbox": [
                [
                    145,
                    368
                ],
                [
                    207,
                    368
                ],
                [
                    207,
                    389
                ],
                [
                    145,
                    389
                ]
            ],
            "text": "position",
            "label": "Out"
        },
        {
            "index": 39,
            "bbox": [
                [
                    205,
                    368
                ],
                [
                    272,
                    368
                ],
                [
                    272,
                    386
                ],
                [
                    205,
                    386
                ]
            ],
            "text": "indicator",
            "label": "Out"
        },
        {
            "index": 40,
            "bbox": [
                [
                    335,
                    370
                ],
                [
                    368,
                    370
                ],
                [
                    368,
                    389
                ],
                [
                    335,
                    389
                ]
            ],
            "text": "Yes",
            "label": "Out"
        },
        {
            "index": 41,
            "bbox": [
                [
                    87,
                    404
                ],
                [
                    157,
                    404
                ],
                [
                    157,
                    427
                ],
                [
                    87,
                    427
                ]
            ],
            "text": "mounting",
            "label": "Out"
        },
        {
            "index": 42,
            "bbox": [
                [
                    152,
                    404
                ],
                [
                    217,
                    404
                ],
                [
                    217,
                    428
                ],
                [
                    152,
                    428
                ]
            ],
            "text": "support",
            "label": "Out"
        },
        {
            "index": 43,
            "bbox": [
                [
                    335,
                    406
                ],
                [
                    406,
                    406
                ],
                [
                    406,
                    428
                ],
                [
                    335,
                    428
                ]
            ],
            "text": "Backplate",
            "label": "Out"
        },
        {
            "index": 44,
            "bbox": [
                [
                    87,
                    442
                ],
                [
                    157,
                    442
                ],
                [
                    157,
                    464
                ],
                [
                    87,
                    464
                ]
            ],
            "text": "mounting",
            "label": "Out"
        },
        {
            "index": 45,
            "bbox": [
                [
                    154,
                    444
                ],
                [
                    200,
                    444
                ],
                [
                    200,
                    463
                ],
                [
                    154,
                    463
                ]
            ],
            "text": "mode",
            "label": "Out"
        },
        {
            "index": 46,
            "bbox": [
                [
                    334,
                    442
                ],
                [
                    380,
                    442
                ],
                [
                    380,
                    466
                ],
                [
                    334,
                    466
                ]
            ],
            "text": "Fixed",
            "label": "Out"
        },
        {
            "index": 47,
            "bbox": [
                [
                    85,
                    478
                ],
                [
                    143,
                    478
                ],
                [
                    143,
                    502
                ],
                [
                    85,
                    502
                ]
            ],
            "text": "Upside",
            "label": "Out"
        },
        {
            "index": 48,
            "bbox": [
                [
                    136,
                    478
                ],
                [
                    224,
                    478
                ],
                [
                    224,
                    501
                ],
                [
                    136,
                    501
                ]
            ],
            "text": "connection",
            "label": "Out"
        },
        {
            "index": 49,
            "bbox": [
                [
                    337,
                    482
                ],
                [
                    377,
                    482
                ],
                [
                    377,
                    501
                ],
                [
                    337,
                    501
                ]
            ],
            "text": "Front",
            "label": "Out"
        },
        {
            "index": 50,
            "bbox": [
                [
                    85,
                    514
                ],
                [
                    160,
                    514
                ],
                [
                    160,
                    537
                ],
                [
                    85,
                    537
                ]
            ],
            "text": "downside",
            "label": "Out"
        },
        {
            "index": 51,
            "bbox": [
                [
                    155,
                    514
                ],
                [
                    241,
                    514
                ],
                [
                    241,
                    537
                ],
                [
                    155,
                    537
                ]
            ],
            "text": "connection",
            "label": "Out"
        },
        {
            "index": 52,
            "bbox": [
                [
                    337,
                    519
                ],
                [
                    377,
                    519
                ],
                [
                    377,
                    538
                ],
                [
                    337,
                    538
                ]
            ],
            "text": "Front",
            "label": "Out"
        },
        {
            "index": 53,
            "bbox": [
                [
                    87,
                    555
                ],
                [
                    178,
                    555
                ],
                [
                    178,
                    573
                ],
                [
                    87,
                    573
                ]
            ],
            "text": "Connections",
            "label": "Out"
        },
        {
            "index": 54,
            "bbox": [
                [
                    186,
                    555
                ],
                [
                    255,
                    555
                ],
                [
                    255,
                    573
                ],
                [
                    186,
                    573
                ]
            ],
            "text": "terminals",
            "label": "Out"
        },
        {
            "index": 55,
            "bbox": [
                [
                    337,
                    557
                ],
                [
                    384,
                    557
                ],
                [
                    384,
                    574
                ],
                [
                    337,
                    574
                ]
            ],
            "text": "Screw",
            "label": "Out"
        },
        {
            "index": 56,
            "bbox": [
                [
                    380,
                    557
                ],
                [
                    454,
                    557
                ],
                [
                    454,
                    574
                ],
                [
                    380,
                    574
                ]
            ],
            "text": "connection",
            "label": "Out"
        },
        {
            "index": 57,
            "bbox": [
                [
                    85,
                    590
                ],
                [
                    174,
                    590
                ],
                [
                    174,
                    612
                ],
                [
                    85,
                    612
                ]
            ],
            "text": "Connection",
            "label": "Out"
        },
        {
            "index": 58,
            "bbox": [
                [
                    169,
                    590
                ],
                [
                    212,
                    590
                ],
                [
                    212,
                    614
                ],
                [
                    169,
                    614
                ]
            ],
            "text": "pitch",
            "label": "Out"
        },
        {
            "index": 59,
            "bbox": [
                [
                    335,
                    593
                ],
                [
                    359,
                    593
                ],
                [
                    359,
                    614
                ],
                [
                    335,
                    614
                ]
            ],
            "text": "45",
            "label": "Out"
        },
        {
            "index": 60,
            "bbox": [
                [
                    356,
                    595
                ],
                [
                    387,
                    595
                ],
                [
                    387,
                    614
                ],
                [
                    356,
                    614
                ]
            ],
            "text": "mm",
            "label": "Out"
        },
        {
            "index": 61,
            "bbox": [
                [
                    87,
                    627
                ],
                [
                    183,
                    627
                ],
                [
                    183,
                    650
                ],
                [
                    87,
                    650
                ]
            ],
            "text": "Compatibility",
            "label": "Out"
        },
        {
            "index": 62,
            "bbox": [
                [
                    181,
                    629
                ],
                [
                    222,
                    629
                ],
                [
                    222,
                    648
                ],
                [
                    181,
                    648
                ]
            ],
            "text": "code",
            "label": "Out"
        },
        {
            "index": 63,
            "bbox": [
                [
                    335,
                    631
                ],
                [
                    396,
                    631
                ],
                [
                    396,
                    648
                ],
                [
                    335,
                    648
                ]
            ],
            "text": "CVS630",
            "label": "Out"
        },
        {
            "index": 64,
            "bbox": [
                [
                    87,
                    665
                ],
                [
                    133,
                    665
                ],
                [
                    133,
                    684
                ],
                [
                    87,
                    684
                ]
            ],
            "text": "Width",
            "label": "Out"
        },
        {
            "index": 65,
            "bbox": [
                [
                    335,
                    665
                ],
                [
                    397,
                    665
                ],
                [
                    397,
                    689
                ],
                [
                    335,
                    689
                ]
            ],
            "text": "185mm",
            "label": "Out"
        },
        {
            "index": 66,
            "bbox": [
                [
                    88,
                    705
                ],
                [
                    133,
                    705
                ],
                [
                    133,
                    724
                ],
                [
                    88,
                    724
                ]
            ],
            "text": "Depth",
            "label": "Out"
        },
        {
            "index": 67,
            "bbox": [
                [
                    337,
                    706
                ],
                [
                    394,
                    706
                ],
                [
                    394,
                    725
                ],
                [
                    337,
                    725
                ]
            ],
            "text": "110mm",
            "label": "Out"
        },
        {
            "index": 68,
            "bbox": [
                [
                    87,
                    739
                ],
                [
                    142,
                    739
                ],
                [
                    142,
                    763
                ],
                [
                    87,
                    763
                ]
            ],
            "text": "Height",
            "label": "Out"
        },
        {
            "index": 69,
            "bbox": [
                [
                    335,
                    742
                ],
                [
                    368,
                    742
                ],
                [
                    368,
                    761
                ],
                [
                    335,
                    761
                ]
            ],
            "text": "255r",
            "label": "Out"
        },
        {
            "index": 70,
            "bbox": [
                [
                    361,
                    744
                ],
                [
                    396,
                    744
                ],
                [
                    396,
                    761
                ],
                [
                    361,
                    761
                ]
            ],
            "text": "mm",
            "label": "Out"
        },
        {
            "index": 71,
            "bbox": [
                [
                    87,
                    778
                ],
                [
                    116,
                    778
                ],
                [
                    116,
                    797
                ],
                [
                    87,
                    797
                ]
            ],
            "text": "net",
            "label": "Out"
        },
        {
            "index": 72,
            "bbox": [
                [
                    111,
                    777
                ],
                [
                    167,
                    777
                ],
                [
                    167,
                    801
                ],
                [
                    111,
                    801
                ]
            ],
            "text": "weight",
            "label": "Out"
        },
        {
            "index": 73,
            "bbox": [
                [
                    335,
                    778
                ],
                [
                    365,
                    778
                ],
                [
                    365,
                    799
                ],
                [
                    335,
                    799
                ]
            ],
            "text": "7.11",
            "label": "Out"
        },
        {
            "index": 74,
            "bbox": [
                [
                    358,
                    780
                ],
                [
                    382,
                    780
                ],
                [
                    382,
                    801
                ],
                [
                    358,
                    801
                ]
            ],
            "text": "kg",
            "label": "Out"
        },
        {
            "index": 75,
            "bbox": [
                [
                    90,
                    839
                ],
                [
                    255,
                    839
                ],
                [
                    255,
                    863
                ],
                [
                    90,
                    863
                ]
            ],
            "text": "Environment",
            "label": "Out"
        },
        {
            "index": 76,
            "bbox": [
                [
                    85,
                    875
                ],
                [
                    166,
                    875
                ],
                [
                    166,
                    897
                ],
                [
                    85,
                    897
                ]
            ],
            "text": "Standards",
            "label": "Out"
        },
        {
            "index": 77,
            "bbox": [
                [
                    335,
                    878
                ],
                [
                    366,
                    878
                ],
                [
                    366,
                    897
                ],
                [
                    335,
                    897
                ]
            ],
            "text": "IEC",
            "label": "Out"
        },
        {
            "index": 78,
            "bbox": [
                [
                    363,
                    878
                ],
                [
                    421,
                    878
                ],
                [
                    421,
                    897
                ],
                [
                    363,
                    897
                ]
            ],
            "text": "60947-2",
            "label": "Out"
        },
        {
            "index": 79,
            "bbox": [
                [
                    335,
                    897
                ],
                [
                    363,
                    897
                ],
                [
                    363,
                    916
                ],
                [
                    335,
                    916
                ]
            ],
            "text": "EN",
            "label": "Out"
        },
        {
            "index": 80,
            "bbox": [
                [
                    361,
                    899
                ],
                [
                    418,
                    899
                ],
                [
                    418,
                    916
                ],
                [
                    361,
                    916
                ]
            ],
            "text": "60947-2",
            "label": "Out"
        },
        {
            "index": 81,
            "bbox": [
                [
                    88,
                    933
                ],
                [
                    148,
                    933
                ],
                [
                    148,
                    950
                ],
                [
                    88,
                    950
                ]
            ],
            "text": "Product",
            "label": "Out"
        },
        {
            "index": 82,
            "bbox": [
                [
                    143,
                    931
                ],
                [
                    245,
                    931
                ],
                [
                    245,
                    953
                ],
                [
                    143,
                    953
                ]
            ],
            "text": "certifications",
            "label": "Out"
        },
        {
            "index": 83,
            "bbox": [
                [
                    337,
                    935
                ],
                [
                    366,
                    935
                ],
                [
                    366,
                    953
                ],
                [
                    337,
                    953
                ]
            ],
            "text": "IEC",
            "label": "Out"
        },
        {
            "index": 84,
            "bbox": [
                [
                    337,
                    953
                ],
                [
                    382,
                    953
                ],
                [
                    382,
                    972
                ],
                [
                    337,
                    972
                ]
            ],
            "text": "GOST",
            "label": "Out"
        },
        {
            "index": 85,
            "bbox": [
                [
                    85,
                    988
                ],
                [
                    159,
                    988
                ],
                [
                    159,
                    1010
                ],
                [
                    85,
                    1010
                ]
            ],
            "text": "Electrical",
            "label": "Out"
        },
        {
            "index": 86,
            "bbox": [
                [
                    155,
                    990
                ],
                [
                    203,
                    990
                ],
                [
                    203,
                    1008
                ],
                [
                    155,
                    1008
                ]
            ],
            "text": "shock",
            "label": "Out"
        },
        {
            "index": 87,
            "bbox": [
                [
                    200,
                    990
                ],
                [
                    279,
                    990
                ],
                [
                    279,
                    1012
                ],
                [
                    200,
                    1012
                ]
            ],
            "text": "protection",
            "label": "Out"
        },
        {
            "index": 88,
            "bbox": [
                [
                    275,
                    990
                ],
                [
                    317,
                    990
                ],
                [
                    317,
                    1008
                ],
                [
                    275,
                    1008
                ]
            ],
            "text": "class",
            "label": "Out"
        },
        {
            "index": 89,
            "bbox": [
                [
                    337,
                    991
                ],
                [
                    378,
                    991
                ],
                [
                    378,
                    1008
                ],
                [
                    337,
                    1008
                ]
            ],
            "text": "Class",
            "label": "Out"
        },
        {
            "index": 90,
            "bbox": [
                [
                    375,
                    991
                ],
                [
                    389,
                    991
                ],
                [
                    389,
                    1008
                ],
                [
                    375,
                    1008
                ]
            ],
            "text": "II",
            "label": "Out"
        },
        {
            "index": 91,
            "bbox": [
                [
                    88,
                    1027
                ],
                [
                    154,
                    1027
                ],
                [
                    154,
                    1044
                ],
                [
                    88,
                    1044
                ]
            ],
            "text": "Pollution",
            "label": "Out"
        },
        {
            "index": 92,
            "bbox": [
                [
                    150,
                    1027
                ],
                [
                    203,
                    1027
                ],
                [
                    203,
                    1046
                ],
                [
                    150,
                    1046
                ]
            ],
            "text": "degree",
            "label": "Out"
        },
        {
            "index": 93,
            "bbox": [
                [
                    332,
                    1026
                ],
                [
                    426,
                    1026
                ],
                [
                    426,
                    1050
                ],
                [
                    332,
                    1050
                ]
            ],
            "text": "3conformingt",
            "label": "Out"
        },
        {
            "index": 94,
            "bbox": [
                [
                    420,
                    1029
                ],
                [
                    442,
                    1029
                ],
                [
                    442,
                    1050
                ],
                [
                    420,
                    1050
                ]
            ],
            "text": "tol",
            "label": "Out"
        },
        {
            "index": 95,
            "bbox": [
                [
                    438,
                    1027
                ],
                [
                    468,
                    1027
                ],
                [
                    468,
                    1048
                ],
                [
                    438,
                    1048
                ]
            ],
            "text": "IEC",
            "label": "Out"
        },
        {
            "index": 96,
            "bbox": [
                [
                    464,
                    1029
                ],
                [
                    521,
                    1029
                ],
                [
                    521,
                    1046
                ],
                [
                    464,
                    1046
                ]
            ],
            "text": "60664-1",
            "label": "Out"
        },
        {
            "index": 97,
            "bbox": [
                [
                    85,
                    1062
                ],
                [
                    109,
                    1062
                ],
                [
                    109,
                    1084
                ],
                [
                    85,
                    1084
                ]
            ],
            "text": "IP",
            "label": "Out"
        },
        {
            "index": 98,
            "bbox": [
                [
                    104,
                    1062
                ],
                [
                    162,
                    1062
                ],
                [
                    162,
                    1086
                ],
                [
                    104,
                    1086
                ]
            ],
            "text": "degree",
            "label": "Out"
        },
        {
            "index": 99,
            "bbox": [
                [
                    155,
                    1062
                ],
                [
                    179,
                    1062
                ],
                [
                    179,
                    1084
                ],
                [
                    155,
                    1084
                ]
            ],
            "text": "of",
            "label": "Out"
        },
        {
            "index": 100,
            "bbox": [
                [
                    176,
                    1063
                ],
                [
                    253,
                    1063
                ],
                [
                    253,
                    1086
                ],
                [
                    176,
                    1086
                ]
            ],
            "text": "protection",
            "label": "Out"
        },
        {
            "index": 101,
            "bbox": [
                [
                    337,
                    1065
                ],
                [
                    372,
                    1065
                ],
                [
                    372,
                    1084
                ],
                [
                    337,
                    1084
                ]
            ],
            "text": "IP40",
            "label": "Out"
        },
        {
            "index": 102,
            "bbox": [
                [
                    87,
                    1101
                ],
                [
                    150,
                    1101
                ],
                [
                    150,
                    1118
                ],
                [
                    87,
                    1118
                ]
            ],
            "text": "Ambient",
            "label": "Out"
        },
        {
            "index": 103,
            "bbox": [
                [
                    147,
                    1101
                ],
                [
                    174,
                    1101
                ],
                [
                    174,
                    1120
                ],
                [
                    147,
                    1120
                ]
            ],
            "text": "air",
            "label": "Out"
        },
        {
            "index": 104,
            "bbox": [
                [
                    172,
                    1103
                ],
                [
                    260,
                    1103
                ],
                [
                    260,
                    1120
                ],
                [
                    172,
                    1120
                ]
            ],
            "text": "temperature",
            "label": "Out"
        },
        {
            "index": 105,
            "bbox": [
                [
                    258,
                    1099
                ],
                [
                    286,
                    1099
                ],
                [
                    286,
                    1120
                ],
                [
                    258,
                    1120
                ]
            ],
            "text": "for",
            "label": "Out"
        },
        {
            "index": 106,
            "bbox": [
                [
                    337,
                    1103
                ],
                [
                    394,
                    1103
                ],
                [
                    394,
                    1122
                ],
                [
                    337,
                    1122
                ]
            ],
            "text": "-25...70",
            "label": "Out"
        },
        {
            "index": 107,
            "bbox": [
                [
                    389,
                    1101
                ],
                [
                    414,
                    1101
                ],
                [
                    414,
                    1122
                ],
                [
                    389,
                    1122
                ]
            ],
            "text": "°C",
            "label": "Out"
        },
        {
            "index": 108,
            "bbox": [
                [
                    85,
                    1116
                ],
                [
                    160,
                    1116
                ],
                [
                    160,
                    1141
                ],
                [
                    85,
                    1141
                ]
            ],
            "text": "operation",
            "label": "Out"
        },
        {
            "index": 109,
            "bbox": [
                [
                    85,
                    1142
                ],
                [
                    152,
                    1142
                ],
                [
                    152,
                    1165
                ],
                [
                    85,
                    1165
                ]
            ],
            "text": "Ambient",
            "label": "Out"
        },
        {
            "index": 110,
            "bbox": [
                [
                    147,
                    1142
                ],
                [
                    174,
                    1142
                ],
                [
                    174,
                    1163
                ],
                [
                    147,
                    1163
                ]
            ],
            "text": "air",
            "label": "Out"
        },
        {
            "index": 111,
            "bbox": [
                [
                    171,
                    1142
                ],
                [
                    263,
                    1142
                ],
                [
                    263,
                    1165
                ],
                [
                    171,
                    1165
                ]
            ],
            "text": "temperaturef",
            "label": "Out"
        },
        {
            "index": 112,
            "bbox": [
                [
                    258,
                    1144
                ],
                [
                    286,
                    1144
                ],
                [
                    286,
                    1163
                ],
                [
                    258,
                    1163
                ]
            ],
            "text": "for",
            "label": "Out"
        },
        {
            "index": 113,
            "bbox": [
                [
                    337,
                    1146
                ],
                [
                    394,
                    1146
                ],
                [
                    394,
                    1165
                ],
                [
                    337,
                    1165
                ]
            ],
            "text": "-50...85",
            "label": "Out"
        },
        {
            "index": 114,
            "bbox": [
                [
                    390,
                    1146
                ],
                [
                    414,
                    1146
                ],
                [
                    414,
                    1166
                ],
                [
                    390,
                    1166
                ]
            ],
            "text": "°C",
            "label": "Out"
        },
        {
            "index": 115,
            "bbox": [
                [
                    87,
                    1161
                ],
                [
                    145,
                    1161
                ],
                [
                    145,
                    1180
                ],
                [
                    87,
                    1180
                ]
            ],
            "text": "storage",
            "label": "Out"
        },
        {
            "index": 116,
            "bbox": [
                [
                    88,
                    1209
                ],
                [
                    193,
                    1209
                ],
                [
                    193,
                    1240
                ],
                [
                    88,
                    1240
                ]
            ],
            "text": "Packing",
            "label": "Out"
        },
        {
            "index": 117,
            "bbox": [
                [
                    198,
                    1209
                ],
                [
                    269,
                    1209
                ],
                [
                    269,
                    1235
                ],
                [
                    198,
                    1235
                ]
            ],
            "text": "Units",
            "label": "Out"
        },
        {
            "index": 118,
            "bbox": [
                [
                    87,
                    1247
                ],
                [
                    123,
                    1247
                ],
                [
                    123,
                    1266
                ],
                [
                    87,
                    1266
                ]
            ],
            "text": "Unit",
            "label": "Out"
        },
        {
            "index": 119,
            "bbox": [
                [
                    118,
                    1247
                ],
                [
                    160,
                    1247
                ],
                [
                    160,
                    1271
                ],
                [
                    118,
                    1271
                ]
            ],
            "text": "Type",
            "label": "Out"
        },
        {
            "index": 120,
            "bbox": [
                [
                    155,
                    1247
                ],
                [
                    178,
                    1247
                ],
                [
                    178,
                    1267
                ],
                [
                    155,
                    1267
                ]
            ],
            "text": "of",
            "label": "Out"
        },
        {
            "index": 121,
            "bbox": [
                [
                    174,
                    1247
                ],
                [
                    241,
                    1247
                ],
                [
                    241,
                    1269
                ],
                [
                    174,
                    1269
                ]
            ],
            "text": "Package",
            "label": "Out"
        },
        {
            "index": 122,
            "bbox": [
                [
                    236,
                    1247
                ],
                [
                    253,
                    1247
                ],
                [
                    253,
                    1269
                ],
                [
                    236,
                    1269
                ]
            ],
            "text": "1",
            "label": "Out"
        },
        {
            "index": 123,
            "bbox": [
                [
                    335,
                    1249
                ],
                [
                    373,
                    1249
                ],
                [
                    373,
                    1267
                ],
                [
                    335,
                    1267
                ]
            ],
            "text": "PCE",
            "label": "Out"
        },
        {
            "index": 124,
            "bbox": [
                [
                    87,
                    1285
                ],
                [
                    148,
                    1285
                ],
                [
                    148,
                    1302
                ],
                [
                    87,
                    1302
                ]
            ],
            "text": "Number",
            "label": "Out"
        },
        {
            "index": 125,
            "bbox": [
                [
                    145,
                    1283
                ],
                [
                    169,
                    1283
                ],
                [
                    169,
                    1304
                ],
                [
                    145,
                    1304
                ]
            ],
            "text": "of",
            "label": "Out"
        },
        {
            "index": 126,
            "bbox": [
                [
                    166,
                    1285
                ],
                [
                    207,
                    1285
                ],
                [
                    207,
                    1304
                ],
                [
                    166,
                    1304
                ]
            ],
            "text": "Units",
            "label": "Out"
        },
        {
            "index": 127,
            "bbox": [
                [
                    203,
                    1283
                ],
                [
                    226,
                    1283
                ],
                [
                    226,
                    1305
                ],
                [
                    203,
                    1305
                ]
            ],
            "text": "in",
            "label": "Out"
        },
        {
            "index": 128,
            "bbox": [
                [
                    221,
                    1283
                ],
                [
                    286,
                    1283
                ],
                [
                    286,
                    1307
                ],
                [
                    221,
                    1307
                ]
            ],
            "text": "Package",
            "label": "Out"
        },
        {
            "index": 129,
            "bbox": [
                [
                    282,
                    1286
                ],
                [
                    299,
                    1286
                ],
                [
                    299,
                    1304
                ],
                [
                    282,
                    1304
                ]
            ],
            "text": "1",
            "label": "Out"
        },
        {
            "index": 130,
            "bbox": [
                [
                    337,
                    1286
                ],
                [
                    349,
                    1286
                ],
                [
                    349,
                    1304
                ],
                [
                    337,
                    1304
                ]
            ],
            "text": "1",
            "label": "Out"
        },
        {
            "index": 131,
            "bbox": [
                [
                    87,
                    1321
                ],
                [
                    152,
                    1321
                ],
                [
                    152,
                    1343
                ],
                [
                    87,
                    1343
                ]
            ],
            "text": "Package",
            "label": "Out"
        },
        {
            "index": 132,
            "bbox": [
                [
                    150,
                    1322
                ],
                [
                    162,
                    1322
                ],
                [
                    162,
                    1338
                ],
                [
                    150,
                    1338
                ]
            ],
            "text": "1",
            "label": "Out"
        },
        {
            "index": 133,
            "bbox": [
                [
                    162,
                    1322
                ],
                [
                    212,
                    1322
                ],
                [
                    212,
                    1341
                ],
                [
                    162,
                    1341
                ]
            ],
            "text": "Height",
            "label": "Out"
        },
        {
            "index": 134,
            "bbox": [
                [
                    335,
                    1324
                ],
                [
                    394,
                    1324
                ],
                [
                    394,
                    1343
                ],
                [
                    335,
                    1343
                ]
            ],
            "text": "24.4cm",
            "label": "Out"
        },
        {
            "index": 135,
            "bbox": [
                [
                    87,
                    1358
                ],
                [
                    152,
                    1358
                ],
                [
                    152,
                    1381
                ],
                [
                    87,
                    1381
                ]
            ],
            "text": "Package",
            "label": "Out"
        },
        {
            "index": 136,
            "bbox": [
                [
                    150,
                    1360
                ],
                [
                    164,
                    1360
                ],
                [
                    164,
                    1377
                ],
                [
                    150,
                    1377
                ]
            ],
            "text": "1",
            "label": "Out"
        },
        {
            "index": 137,
            "bbox": [
                [
                    160,
                    1360
                ],
                [
                    207,
                    1360
                ],
                [
                    207,
                    1377
                ],
                [
                    160,
                    1377
                ]
            ],
            "text": "Width",
            "label": "Out"
        },
        {
            "index": 138,
            "bbox": [
                [
                    335,
                    1362
                ],
                [
                    394,
                    1362
                ],
                [
                    394,
                    1381
                ],
                [
                    335,
                    1381
                ]
            ],
            "text": "21.0cm",
            "label": "Out"
        },
        {
            "index": 139,
            "bbox": [
                [
                    87,
                    1396
                ],
                [
                    152,
                    1396
                ],
                [
                    152,
                    1418
                ],
                [
                    87,
                    1418
                ]
            ],
            "text": "Package",
            "label": "Out"
        },
        {
            "index": 140,
            "bbox": [
                [
                    148,
                    1398
                ],
                [
                    162,
                    1398
                ],
                [
                    162,
                    1413
                ],
                [
                    148,
                    1413
                ]
            ],
            "text": "1",
            "label": "Out"
        },
        {
            "index": 141,
            "bbox": [
                [
                    162,
                    1398
                ],
                [
                    215,
                    1398
                ],
                [
                    215,
                    1417
                ],
                [
                    162,
                    1417
                ]
            ],
            "text": "Length",
            "label": "Out"
        },
        {
            "index": 142,
            "bbox": [
                [
                    335,
                    1400
                ],
                [
                    392,
                    1400
                ],
                [
                    392,
                    1418
                ],
                [
                    335,
                    1418
                ]
            ],
            "text": "30.0cm",
            "label": "Out"
        },
        {
            "index": 143,
            "bbox": [
                [
                    87,
                    1432
                ],
                [
                    152,
                    1432
                ],
                [
                    152,
                    1456
                ],
                [
                    87,
                    1456
                ]
            ],
            "text": "Package",
            "label": "Out"
        },
        {
            "index": 144,
            "bbox": [
                [
                    150,
                    1434
                ],
                [
                    164,
                    1434
                ],
                [
                    164,
                    1451
                ],
                [
                    150,
                    1451
                ]
            ],
            "text": "1",
            "label": "Out"
        },
        {
            "index": 145,
            "bbox": [
                [
                    160,
                    1434
                ],
                [
                    215,
                    1434
                ],
                [
                    215,
                    1453
                ],
                [
                    160,
                    1453
                ]
            ],
            "text": "Weight",
            "label": "Out"
        },
        {
            "index": 146,
            "bbox": [
                [
                    337,
                    1436
                ],
                [
                    378,
                    1436
                ],
                [
                    378,
                    1455
                ],
                [
                    337,
                    1455
                ]
            ],
            "text": "8.039",
            "label": "Out"
        },
        {
            "index": 147,
            "bbox": [
                [
                    375,
                    1436
                ],
                [
                    397,
                    1436
                ],
                [
                    397,
                    1458
                ],
                [
                    375,
                    1458
                ]
            ],
            "text": "kg",
            "label": "Out"
        },
        {
            "index": 148,
            "bbox": [
                [
                    87,
                    1472
                ],
                [
                    123,
                    1472
                ],
                [
                    123,
                    1491
                ],
                [
                    87,
                    1491
                ]
            ],
            "text": "Unit",
            "label": "Out"
        },
        {
            "index": 149,
            "bbox": [
                [
                    118,
                    1470
                ],
                [
                    160,
                    1470
                ],
                [
                    160,
                    1494
                ],
                [
                    118,
                    1494
                ]
            ],
            "text": "Type",
            "label": "Out"
        },
        {
            "index": 150,
            "bbox": [
                [
                    155,
                    1470
                ],
                [
                    178,
                    1470
                ],
                [
                    178,
                    1491
                ],
                [
                    155,
                    1491
                ]
            ],
            "text": "of",
            "label": "Out"
        },
        {
            "index": 151,
            "bbox": [
                [
                    174,
                    1472
                ],
                [
                    241,
                    1472
                ],
                [
                    241,
                    1494
                ],
                [
                    174,
                    1494
                ]
            ],
            "text": "Package",
            "label": "Out"
        },
        {
            "index": 152,
            "bbox": [
                [
                    234,
                    1470
                ],
                [
                    253,
                    1470
                ],
                [
                    253,
                    1492
                ],
                [
                    234,
                    1492
                ]
            ],
            "text": "2",
            "label": "Out"
        },
        {
            "index": 153,
            "bbox": [
                [
                    337,
                    1473
                ],
                [
                    368,
                    1473
                ],
                [
                    368,
                    1491
                ],
                [
                    337,
                    1491
                ]
            ],
            "text": "S03",
            "label": "Out"
        },
        {
            "index": 154,
            "bbox": [
                [
                    88,
                    1508
                ],
                [
                    150,
                    1508
                ],
                [
                    150,
                    1528
                ],
                [
                    88,
                    1528
                ]
            ],
            "text": "Number",
            "label": "Out"
        },
        {
            "index": 155,
            "bbox": [
                [
                    145,
                    1508
                ],
                [
                    167,
                    1508
                ],
                [
                    167,
                    1528
                ],
                [
                    145,
                    1528
                ]
            ],
            "text": "of",
            "label": "Out"
        },
        {
            "index": 156,
            "bbox": [
                [
                    166,
                    1508
                ],
                [
                    207,
                    1508
                ],
                [
                    207,
                    1527
                ],
                [
                    166,
                    1527
                ]
            ],
            "text": "Units",
            "label": "Out"
        },
        {
            "index": 157,
            "bbox": [
                [
                    203,
                    1508
                ],
                [
                    226,
                    1508
                ],
                [
                    226,
                    1528
                ],
                [
                    203,
                    1528
                ]
            ],
            "text": "in",
            "label": "Out"
        },
        {
            "index": 158,
            "bbox": [
                [
                    219,
                    1508
                ],
                [
                    286,
                    1508
                ],
                [
                    286,
                    1530
                ],
                [
                    219,
                    1530
                ]
            ],
            "text": "Package",
            "label": "Out"
        },
        {
            "index": 159,
            "bbox": [
                [
                    281,
                    1508
                ],
                [
                    299,
                    1508
                ],
                [
                    299,
                    1528
                ],
                [
                    281,
                    1528
                ]
            ],
            "text": "2",
            "label": "Out"
        },
        {
            "index": 160,
            "bbox": [
                [
                    335,
                    1508
                ],
                [
                    353,
                    1508
                ],
                [
                    353,
                    1530
                ],
                [
                    335,
                    1530
                ]
            ],
            "text": "2",
            "label": "Out"
        },
        {
            "index": 161,
            "bbox": [
                [
                    87,
                    1544
                ],
                [
                    152,
                    1544
                ],
                [
                    152,
                    1568
                ],
                [
                    87,
                    1568
                ]
            ],
            "text": "Package",
            "label": "Out"
        },
        {
            "index": 162,
            "bbox": [
                [
                    150,
                    1547
                ],
                [
                    164,
                    1547
                ],
                [
                    164,
                    1564
                ],
                [
                    150,
                    1564
                ]
            ],
            "text": "2",
            "label": "Out"
        },
        {
            "index": 163,
            "bbox": [
                [
                    159,
                    1544
                ],
                [
                    214,
                    1544
                ],
                [
                    214,
                    1568
                ],
                [
                    159,
                    1568
                ]
            ],
            "text": "Height",
            "label": "Out"
        },
        {
            "index": 164,
            "bbox": [
                [
                    335,
                    1547
                ],
                [
                    359,
                    1547
                ],
                [
                    359,
                    1568
                ],
                [
                    335,
                    1568
                ]
            ],
            "text": "30",
            "label": "Out"
        },
        {
            "index": 165,
            "bbox": [
                [
                    356,
                    1549
                ],
                [
                    382,
                    1549
                ],
                [
                    382,
                    1568
                ],
                [
                    356,
                    1568
                ]
            ],
            "text": "cm",
            "label": "Out"
        },
        {
            "index": 166,
            "bbox": [
                [
                    87,
                    1583
                ],
                [
                    152,
                    1583
                ],
                [
                    152,
                    1606
                ],
                [
                    87,
                    1606
                ]
            ],
            "text": "Package",
            "label": "Out"
        },
        {
            "index": 167,
            "bbox": [
                [
                    150,
                    1585
                ],
                [
                    164,
                    1585
                ],
                [
                    164,
                    1602
                ],
                [
                    150,
                    1602
                ]
            ],
            "text": "2",
            "label": "Out"
        },
        {
            "index": 168,
            "bbox": [
                [
                    162,
                    1583
                ],
                [
                    207,
                    1583
                ],
                [
                    207,
                    1602
                ],
                [
                    162,
                    1602
                ]
            ],
            "text": "Width",
            "label": "Out"
        },
        {
            "index": 169,
            "bbox": [
                [
                    335,
                    1583
                ],
                [
                    361,
                    1583
                ],
                [
                    361,
                    1604
                ],
                [
                    335,
                    1604
                ]
            ],
            "text": "30",
            "label": "Out"
        },
        {
            "index": 170,
            "bbox": [
                [
                    354,
                    1585
                ],
                [
                    384,
                    1585
                ],
                [
                    384,
                    1604
                ],
                [
                    354,
                    1604
                ]
            ],
            "text": "cm",
            "label": "Out"
        },
        {
            "index": 171,
            "bbox": [
                [
                    394,
                    1690
                ],
                [
                    450,
                    1690
                ],
                [
                    450,
                    1708
                ],
                [
                    394,
                    1708
                ]
            ],
            "text": "Lifelson",
            "label": "Out"
        },
        {
            "index": 172,
            "bbox": [
                [
                    457,
                    1686
                ],
                [
                    538,
                    1686
                ],
                [
                    538,
                    1717
                ],
                [
                    457,
                    1717
                ]
            ],
            "text": "Schneider",
            "label": "Out"
        },
        {
            "index": 173,
            "bbox": [
                [
                    831,
                    1690
                ],
                [
                    855,
                    1690
                ],
                [
                    855,
                    1710
                ],
                [
                    831,
                    1710
                ]
            ],
            "text": "27",
            "label": "Out"
        },
        {
            "index": 174,
            "bbox": [
                [
                    852,
                    1691
                ],
                [
                    879,
                    1691
                ],
                [
                    879,
                    1712
                ],
                [
                    852,
                    1712
                ]
            ],
            "text": "thg",
            "label": "Out"
        },
        {
            "index": 175,
            "bbox": [
                [
                    874,
                    1690
                ],
                [
                    893,
                    1690
                ],
                [
                    893,
                    1712
                ],
                [
                    874,
                    1712
                ]
            ],
            "text": "6,",
            "label": "Out"
        },
        {
            "index": 176,
            "bbox": [
                [
                    890,
                    1691
                ],
                [
                    926,
                    1691
                ],
                [
                    926,
                    1708
                ],
                [
                    890,
                    1708
                ]
            ],
            "text": "2024",
            "label": "Out"
        }
    ]
}