{
    "datasheet": [
        {
            "index": 0,
            "bbox": [
                [
                    187,
                    148
                ],
                [
                    573,
                    148
                ],
                [
                    573,
                    219
                ],
                [
                    187,
                    219
                ]
            ],
            "text": "pumpa",
            "label": "Out"
        },
        {
            "index": 1,
            "bbox": [
                [
                    1064,
                    198
                ],
                [
                    1190,
                    198
                ],
                [
                    1190,
                    230
                ],
                [
                    1064,
                    230
                ]
            ],
            "text": "PUMPA",
            "label": "B_Ref"
        },
        {
            "index": 2,
            "bbox": [
                [
                    1194,
                    198
                ],
                [
                    1279,
                    198
                ],
                [
                    1279,
                    230
                ],
                [
                    1194,
                    230
                ]
            ],
            "text": "BLUE",
            "label": "I_Ref"
        },
        {
            "index": 3,
            "bbox": [
                [
                    1281,
                    198
                ],
                [
                    1361,
                    198
                ],
                [
                    1361,
                    230
                ],
                [
                    1281,
                    230
                ]
            ],
            "text": "LINE",
            "label": "I_Ref"
        },
        {
            "index": 4,
            "bbox": [
                [
                    1366,
                    198
                ],
                [
                    1523,
                    198
                ],
                [
                    1523,
                    230
                ],
                [
                    1366,
                    230
                ]
            ],
            "text": "PSCM480",
            "label": "I_Ref"
        },
        {
            "index": 5,
            "bbox": [
                [
                    187,
                    296
                ],
                [
                    363,
                    296
                ],
                [
                    363,
                    363
                ],
                [
                    187,
                    363
                ]
            ],
            "text": "blue",
            "label": "Out"
        },
        {
            "index": 6,
            "bbox": [
                [
                    404,
                    296
                ],
                [
                    548,
                    296
                ],
                [
                    548,
                    365
                ],
                [
                    404,
                    365
                ]
            ],
            "text": "line",
            "label": "Out"
        },
        {
            "index": 7,
            "bbox": [
                [
                    134,
                    589
                ],
                [
                    498,
                    589
                ],
                [
                    498,
                    648
                ],
                [
                    134,
                    648
                ]
            ],
            "text": "submersible",
            "label": "B_Descri"
        },
        {
            "index": 8,
            "bbox": [
                [
                    518,
                    591
                ],
                [
                    776,
                    591
                ],
                [
                    776,
                    660
                ],
                [
                    518,
                    660
                ]
            ],
            "text": "drainage",
            "label": "I_Descri"
        },
        {
            "index": 9,
            "bbox": [
                [
                    790,
                    600
                ],
                [
                    968,
                    600
                ],
                [
                    968,
                    664
                ],
                [
                    790,
                    664
                ]
            ],
            "text": "pump",
            "label": "I_Descri"
        },
        {
            "index": 10,
            "bbox": [
                [
                    1181,
                    653
                ],
                [
                    1213,
                    653
                ],
                [
                    1213,
                    680
                ],
                [
                    1181,
                    680
                ]
            ],
            "text": "M",
            "label": "Out"
        },
        {
            "index": 11,
            "bbox": [
                [
                    141,
                    692
                ],
                [
                    345,
                    692
                ],
                [
                    345,
                    756
                ],
                [
                    141,
                    756
                ]
            ],
            "text": "BLUE",
            "label": "B_Ref"
        },
        {
            "index": 12,
            "bbox": [
                [
                    374,
                    689
                ],
                [
                    568,
                    689
                ],
                [
                    568,
                    760
                ],
                [
                    374,
                    760
                ]
            ],
            "text": "LINE",
            "label": "I_Ref"
        },
        {
            "index": 13,
            "bbox": [
                [
                    596,
                    694
                ],
                [
                    975,
                    694
                ],
                [
                    975,
                    756
                ],
                [
                    596,
                    756
                ]
            ],
            "text": "PSCM480",
            "label": "I_Ref"
        },
        {
            "index": 14,
            "bbox": [
                [
                    130,
                    865
                ],
                [
                    324,
                    865
                ],
                [
                    324,
                    904
                ],
                [
                    130,
                    904
                ]
            ],
            "text": "Submersible",
            "label": "B_Descri"
        },
        {
            "index": 15,
            "bbox": [
                [
                    324,
                    872
                ],
                [
                    411,
                    872
                ],
                [
                    411,
                    909
                ],
                [
                    324,
                    909
                ]
            ],
            "text": "pump",
            "label": "I_Descri"
        },
        {
            "index": 16,
            "bbox": [
                [
                    411,
                    865
                ],
                [
                    463,
                    865
                ],
                [
                    463,
                    904
                ],
                [
                    411,
                    904
                ]
            ],
            "text": "for",
            "label": "I_Descri"
        },
        {
            "index": 17,
            "bbox": [
                [
                    466,
                    872
                ],
                [
                    596,
                    872
                ],
                [
                    596,
                    906
                ],
                [
                    466,
                    906
                ]
            ],
            "text": "pumping",
            "label": "I_Descri"
        },
        {
            "index": 18,
            "bbox": [
                [
                    598,
                    867
                ],
                [
                    685,
                    867
                ],
                [
                    685,
                    902
                ],
                [
                    598,
                    902
                ]
            ],
            "text": "clean",
            "label": "I_Descri"
        },
        {
            "index": 19,
            "bbox": [
                [
                    683,
                    870
                ],
                [
                    726,
                    870
                ],
                [
                    726,
                    906
                ],
                [
                    683,
                    906
                ]
            ],
            "text": "or",
            "label": "I_Descri"
        },
        {
            "index": 20,
            "bbox": [
                [
                    721,
                    867
                ],
                [
                    833,
                    867
                ],
                [
                    833,
                    909
                ],
                [
                    721,
                    909
                ]
            ],
            "text": "slightly",
            "label": "I_Descri"
        },
        {
            "index": 21,
            "bbox": [
                [
                    130,
                    904
                ],
                [
                    338,
                    904
                ],
                [
                    338,
                    943
                ],
                [
                    130,
                    943
                ]
            ],
            "text": "contaminated",
            "label": "I_Descri"
        },
        {
            "index": 22,
            "bbox": [
                [
                    338,
                    904
                ],
                [
                    475,
                    904
                ],
                [
                    475,
                    945
                ],
                [
                    338,
                    945
                ]
            ],
            "text": "drainage",
            "label": "I_Descri"
        },
        {
            "index": 23,
            "bbox": [
                [
                    475,
                    909
                ],
                [
                    562,
                    909
                ],
                [
                    562,
                    941
                ],
                [
                    475,
                    941
                ]
            ],
            "text": "water",
            "label": "I_Descri"
        },
        {
            "index": 24,
            "bbox": [
                [
                    562,
                    906
                ],
                [
                    639,
                    906
                ],
                [
                    639,
                    941
                ],
                [
                    562,
                    941
                ]
            ],
            "text": "from",
            "label": "I_Descri"
        },
        {
            "index": 25,
            "bbox": [
                [
                    639,
                    904
                ],
                [
                    847,
                    904
                ],
                [
                    847,
                    947
                ],
                [
                    639,
                    947
                ]
            ],
            "text": "cellars,tanks,",
            "label": "I_Descri"
        },
        {
            "index": 26,
            "bbox": [
                [
                    128,
                    945
                ],
                [
                    182,
                    945
                ],
                [
                    182,
                    982
                ],
                [
                    128,
                    982
                ]
            ],
            "text": "for",
            "label": "I_Descri"
        },
        {
            "index": 27,
            "bbox": [
                [
                    180,
                    947
                ],
                [
                    303,
                    947
                ],
                [
                    303,
                    982
                ],
                [
                    180,
                    982
                ]
            ],
            "text": "draining",
            "label": "I_Descri"
        },
        {
            "index": 28,
            "bbox": [
                [
                    306,
                    943
                ],
                [
                    395,
                    943
                ],
                [
                    395,
                    986
                ],
                [
                    306,
                    986
                ]
            ],
            "text": "pools",
            "label": "I_Descri"
        },
        {
            "index": 29,
            "bbox": [
                [
                    390,
                    941
                ],
                [
                    456,
                    941
                ],
                [
                    456,
                    986
                ],
                [
                    390,
                    986
                ]
            ],
            "text": "and",
            "label": "I_Descri"
        },
        {
            "index": 30,
            "bbox": [
                [
                    454,
                    945
                ],
                [
                    555,
                    945
                ],
                [
                    555,
                    986
                ],
                [
                    454,
                    986
                ]
            ],
            "text": "ponds",
            "label": "I_Descri"
        },
        {
            "index": 31,
            "bbox": [
                [
                    555,
                    945
                ],
                [
                    614,
                    945
                ],
                [
                    614,
                    982
                ],
                [
                    555,
                    982
                ]
            ],
            "text": "and",
            "label": "I_Descri"
        },
        {
            "index": 32,
            "bbox": [
                [
                    614,
                    945
                ],
                [
                    667,
                    945
                ],
                [
                    667,
                    982
                ],
                [
                    614,
                    982
                ]
            ],
            "text": "for",
            "label": "I_Descri"
        },
        {
            "index": 33,
            "bbox": [
                [
                    664,
                    945
                ],
                [
                    833,
                    945
                ],
                [
                    833,
                    986
                ],
                [
                    664,
                    986
                ]
            ],
            "text": "irrigation.It",
            "label": "I_Descri"
        },
        {
            "index": 34,
            "bbox": [
                [
                    130,
                    984
                ],
                [
                    189,
                    984
                ],
                [
                    189,
                    1018
                ],
                [
                    130,
                    1018
                ]
            ],
            "text": "has",
            "label": "I_Descri"
        },
        {
            "index": 35,
            "bbox": [
                [
                    189,
                    984
                ],
                [
                    244,
                    984
                ],
                [
                    244,
                    1021
                ],
                [
                    189,
                    1021
                ]
            ],
            "text": "the",
            "label": "I_Descri"
        },
        {
            "index": 36,
            "bbox": [
                [
                    242,
                    982
                ],
                [
                    340,
                    982
                ],
                [
                    340,
                    1025
                ],
                [
                    242,
                    1025
                ]
            ],
            "text": "ability",
            "label": "I_Descri"
        },
        {
            "index": 37,
            "bbox": [
                [
                    335,
                    984
                ],
                [
                    379,
                    984
                ],
                [
                    379,
                    1021
                ],
                [
                    335,
                    1021
                ]
            ],
            "text": "to",
            "label": "I_Descri"
        },
        {
            "index": 38,
            "bbox": [
                [
                    377,
                    984
                ],
                [
                    459,
                    984
                ],
                [
                    459,
                    1018
                ],
                [
                    377,
                    1018
                ]
            ],
            "text": "draw",
            "label": "I_Descri"
        },
        {
            "index": 39,
            "bbox": [
                [
                    454,
                    989
                ],
                [
                    502,
                    989
                ],
                [
                    502,
                    1027
                ],
                [
                    454,
                    1027
                ]
            ],
            "text": "up",
            "label": "I_Descri"
        },
        {
            "index": 40,
            "bbox": [
                [
                    498,
                    984
                ],
                [
                    541,
                    984
                ],
                [
                    541,
                    1023
                ],
                [
                    498,
                    1023
                ]
            ],
            "text": "to",
            "label": "I_Descri"
        },
        {
            "index": 41,
            "bbox": [
                [
                    536,
                    984
                ],
                [
                    562,
                    984
                ],
                [
                    562,
                    1021
                ],
                [
                    536,
                    1021
                ]
            ],
            "text": "1",
            "label": "I_Descri"
        },
        {
            "index": 42,
            "bbox": [
                [
                    562,
                    989
                ],
                [
                    628,
                    989
                ],
                [
                    628,
                    1021
                ],
                [
                    562,
                    1021
                ]
            ],
            "text": "mm",
            "label": "I_Descri"
        },
        {
            "index": 43,
            "bbox": [
                [
                    628,
                    984
                ],
                [
                    705,
                    984
                ],
                [
                    705,
                    1018
                ],
                [
                    628,
                    1018
                ]
            ],
            "text": "from",
            "label": "I_Descri"
        },
        {
            "index": 44,
            "bbox": [
                [
                    705,
                    984
                ],
                [
                    760,
                    984
                ],
                [
                    760,
                    1021
                ],
                [
                    705,
                    1021
                ]
            ],
            "text": "the",
            "label": "I_Descri"
        },
        {
            "index": 45,
            "bbox": [
                [
                    760,
                    984
                ],
                [
                    879,
                    984
                ],
                [
                    879,
                    1018
                ],
                [
                    760,
                    1018
                ]
            ],
            "text": "bottom.",
            "label": "I_Descri"
        },
        {
            "index": 46,
            "bbox": [
                [
                    128,
                    1212
                ],
                [
                    269,
                    1212
                ],
                [
                    269,
                    1244
                ],
                [
                    128,
                    1244
                ]
            ],
            "text": "Technical",
            "label": "B_Section"
        },
        {
            "index": 47,
            "bbox": [
                [
                    278,
                    1215
                ],
                [
                    463,
                    1215
                ],
                [
                    463,
                    1247
                ],
                [
                    278,
                    1247
                ]
            ],
            "text": "specification",
            "label": "I_Section"
        },
        {
            "index": 48,
            "bbox": [
                [
                    870,
                    1212
                ],
                [
                    1046,
                    1212
                ],
                [
                    1046,
                    1251
                ],
                [
                    870,
                    1251
                ]
            ],
            "text": "Application",
            "label": "B_Section"
        },
        {
            "index": 49,
            "bbox": [
                [
                    139,
                    1260
                ],
                [
                    214,
                    1260
                ],
                [
                    214,
                    1292
                ],
                [
                    139,
                    1292
                ]
            ],
            "text": "Model",
            "label": "B_Prop"
        },
        {
            "index": 50,
            "bbox": [
                [
                    872,
                    1265
                ],
                [
                    886,
                    1265
                ],
                [
                    886,
                    1283
                ],
                [
                    872,
                    1283
                ]
            ],
            "text": ".",
            "label": "I_Descri"
        },
        {
            "index": 51,
            "bbox": [
                [
                    881,
                    1260
                ],
                [
                    922,
                    1260
                ],
                [
                    922,
                    1288
                ],
                [
                    881,
                    1288
                ]
            ],
            "text": "For",
            "label": "B_Descri"
        },
        {
            "index": 52,
            "bbox": [
                [
                    920,
                    1260
                ],
                [
                    1007,
                    1260
                ],
                [
                    1007,
                    1292
                ],
                [
                    920,
                    1292
                ]
            ],
            "text": "draining",
            "label": "I_Descri"
        },
        {
            "index": 53,
            "bbox": [
                [
                    1002,
                    1258
                ],
                [
                    1064,
                    1258
                ],
                [
                    1064,
                    1290
                ],
                [
                    1002,
                    1290
                ]
            ],
            "text": "clean",
            "label": "I_Descri"
        },
        {
            "index": 54,
            "bbox": [
                [
                    1059,
                    1263
                ],
                [
                    1089,
                    1263
                ],
                [
                    1089,
                    1290
                ],
                [
                    1059,
                    1290
                ]
            ],
            "text": "or",
            "label": "I_Descri"
        },
        {
            "index": 55,
            "bbox": [
                [
                    1085,
                    1258
                ],
                [
                    1139,
                    1258
                ],
                [
                    1139,
                    1295
                ],
                [
                    1085,
                    1295
                ]
            ],
            "text": "dirty",
            "label": "I_Descri"
        },
        {
            "index": 56,
            "bbox": [
                [
                    1135,
                    1263
                ],
                [
                    1197,
                    1263
                ],
                [
                    1197,
                    1288
                ],
                [
                    1135,
                    1288
                ]
            ],
            "text": "water",
            "label": "I_Descri"
        },
        {
            "index": 57,
            "bbox": [
                [
                    539,
                    1279
                ],
                [
                    596,
                    1279
                ],
                [
                    596,
                    1311
                ],
                [
                    539,
                    1311
                ]
            ],
            "text": "blue",
            "label": "B_Value"
        },
        {
            "index": 58,
            "bbox": [
                [
                    594,
                    1281
                ],
                [
                    639,
                    1281
                ],
                [
                    639,
                    1308
                ],
                [
                    594,
                    1308
                ]
            ],
            "text": "line",
            "label": "B_Value"
        },
        {
            "index": 59,
            "bbox": [
                [
                    635,
                    1279
                ],
                [
                    753,
                    1279
                ],
                [
                    753,
                    1308
                ],
                [
                    635,
                    1308
                ]
            ],
            "text": "PSCM480",
            "label": "I_Value"
        },
        {
            "index": 60,
            "bbox": [
                [
                    881,
                    1285
                ],
                [
                    922,
                    1285
                ],
                [
                    922,
                    1313
                ],
                [
                    881,
                    1313
                ]
            ],
            "text": "For",
            "label": "B_Descri"
        },
        {
            "index": 61,
            "bbox": [
                [
                    920,
                    1285
                ],
                [
                    1014,
                    1285
                ],
                [
                    1014,
                    1317
                ],
                [
                    920,
                    1317
                ]
            ],
            "text": "pumping",
            "label": "I_Descri"
        },
        {
            "index": 62,
            "bbox": [
                [
                    1012,
                    1288
                ],
                [
                    1073,
                    1288
                ],
                [
                    1073,
                    1313
                ],
                [
                    1012,
                    1313
                ]
            ],
            "text": "water",
            "label": "I_Descri"
        },
        {
            "index": 63,
            "bbox": [
                [
                    1071,
                    1288
                ],
                [
                    1121,
                    1288
                ],
                [
                    1121,
                    1313
                ],
                [
                    1071,
                    1313
                ]
            ],
            "text": "over",
            "label": "I_Descri"
        },
        {
            "index": 64,
            "bbox": [
                [
                    1117,
                    1283
                ],
                [
                    1176,
                    1283
                ],
                [
                    1176,
                    1315
                ],
                [
                    1117,
                    1315
                ]
            ],
            "text": "from",
            "label": "I_Descri"
        },
        {
            "index": 65,
            "bbox": [
                [
                    1171,
                    1285
                ],
                [
                    1242,
                    1285
                ],
                [
                    1242,
                    1311
                ],
                [
                    1171,
                    1311
                ]
            ],
            "text": "cellars",
            "label": "I_Descri"
        },
        {
            "index": 66,
            "bbox": [
                [
                    1240,
                    1285
                ],
                [
                    1283,
                    1285
                ],
                [
                    1283,
                    1313
                ],
                [
                    1240,
                    1313
                ]
            ],
            "text": "and",
            "label": "I_Descri"
        },
        {
            "index": 67,
            "bbox": [
                [
                    1279,
                    1283
                ],
                [
                    1345,
                    1283
                ],
                [
                    1345,
                    1315
                ],
                [
                    1279,
                    1315
                ]
            ],
            "text": "tanks",
            "label": "I_Descri"
        },
        {
            "index": 68,
            "bbox": [
                [
                    139,
                    1317
                ],
                [
                    191,
                    1317
                ],
                [
                    191,
                    1343
                ],
                [
                    139,
                    1343
                ]
            ],
            "text": "Code",
            "label": "B_Prop"
        },
        {
            "index": 69,
            "bbox": [
                [
                    539,
                    1315
                ],
                [
                    664,
                    1315
                ],
                [
                    664,
                    1345
                ],
                [
                    539,
                    1345
                ]
            ],
            "text": "ZB00065128",
            "label": "B_Value"
        },
        {
            "index": 70,
            "bbox": [
                [
                    872,
                    1315
                ],
                [
                    886,
                    1315
                ],
                [
                    886,
                    1329
                ],
                [
                    872,
                    1329
                ]
            ],
            "text": ".",
            "label": "I_Descri"
        },
        {
            "index": 71,
            "bbox": [
                [
                    884,
                    1311
                ],
                [
                    980,
                    1311
                ],
                [
                    980,
                    1343
                ],
                [
                    884,
                    1343
                ]
            ],
            "text": "Irrigation",
            "label": "I_Descri"
        },
        {
            "index": 72,
            "bbox": [
                [
                    881,
                    1336
                ],
                [
                    925,
                    1336
                ],
                [
                    925,
                    1363
                ],
                [
                    881,
                    1363
                ]
            ],
            "text": "For",
            "label": "B_Descri"
        },
        {
            "index": 73,
            "bbox": [
                [
                    918,
                    1333
                ],
                [
                    1007,
                    1333
                ],
                [
                    1007,
                    1368
                ],
                [
                    918,
                    1368
                ]
            ],
            "text": "draining",
            "label": "I_Descri"
        },
        {
            "index": 74,
            "bbox": [
                [
                    1002,
                    1333
                ],
                [
                    1066,
                    1333
                ],
                [
                    1066,
                    1368
                ],
                [
                    1002,
                    1368
                ]
            ],
            "text": "pools",
            "label": "I_Descri"
        },
        {
            "index": 75,
            "bbox": [
                [
                    1062,
                    1336
                ],
                [
                    1107,
                    1336
                ],
                [
                    1107,
                    1363
                ],
                [
                    1062,
                    1363
                ]
            ],
            "text": "and",
            "label": "I_Descri"
        },
        {
            "index": 76,
            "bbox": [
                [
                    1103,
                    1333
                ],
                [
                    1174,
                    1333
                ],
                [
                    1174,
                    1368
                ],
                [
                    1103,
                    1368
                ]
            ],
            "text": "ponds",
            "label": "I_Descri"
        },
        {
            "index": 77,
            "bbox": [
                [
                    139,
                    1352
                ],
                [
                    235,
                    1352
                ],
                [
                    235,
                    1381
                ],
                [
                    139,
                    1381
                ]
            ],
            "text": "Maximum",
            "label": "B_Prop"
        },
        {
            "index": 78,
            "bbox": [
                [
                    228,
                    1354
                ],
                [
                    271,
                    1354
                ],
                [
                    271,
                    1379
                ],
                [
                    228,
                    1379
                ]
            ],
            "text": "flow",
            "label": "I_Prop"
        },
        {
            "index": 79,
            "bbox": [
                [
                    269,
                    1354
                ],
                [
                    347,
                    1354
                ],
                [
                    347,
                    1379
                ],
                [
                    269,
                    1379
                ]
            ],
            "text": "[m?/hod]",
            "label": "I_Prop"
        },
        {
            "index": 80,
            "bbox": [
                [
                    539,
                    1349
                ],
                [
                    587,
                    1349
                ],
                [
                    587,
                    1384
                ],
                [
                    539,
                    1384
                ]
            ],
            "text": "13,5",
            "label": "B_Value"
        },
        {
            "index": 81,
            "bbox": [
                [
                    137,
                    1386
                ],
                [
                    235,
                    1386
                ],
                [
                    235,
                    1416
                ],
                [
                    137,
                    1416
                ]
            ],
            "text": "Maximum",
            "label": "B_Prop"
        },
        {
            "index": 82,
            "bbox": [
                [
                    228,
                    1388
                ],
                [
                    278,
                    1388
                ],
                [
                    278,
                    1413
                ],
                [
                    228,
                    1413
                ]
            ],
            "text": "head",
            "label": "I_Prop"
        },
        {
            "index": 83,
            "bbox": [
                [
                    274,
                    1388
                ],
                [
                    308,
                    1388
                ],
                [
                    308,
                    1416
                ],
                [
                    274,
                    1416
                ]
            ],
            "text": "[m]",
            "label": "I_Prop"
        },
        {
            "index": 84,
            "bbox": [
                [
                    539,
                    1386
                ],
                [
                    587,
                    1386
                ],
                [
                    587,
                    1420
                ],
                [
                    539,
                    1420
                ]
            ],
            "text": "11,5",
            "label": "B_Value"
        },
        {
            "index": 85,
            "bbox": [
                [
                    877,
                    1393
                ],
                [
                    1023,
                    1393
                ],
                [
                    1023,
                    1425
                ],
                [
                    877,
                    1425
                ]
            ],
            "text": "Hydraulic",
            "label": "Out"
        },
        {
            "index": 86,
            "bbox": [
                [
                    1030,
                    1395
                ],
                [
                    1135,
                    1395
                ],
                [
                    1135,
                    1429
                ],
                [
                    1030,
                    1429
                ]
            ],
            "text": "power",
            "label": "Out"
        },
        {
            "index": 87,
            "bbox": [
                [
                    1133,
                    1395
                ],
                [
                    1226,
                    1395
                ],
                [
                    1226,
                    1425
                ],
                [
                    1133,
                    1425
                ]
            ],
            "text": "curve",
            "label": "Out"
        },
        {
            "index": 88,
            "bbox": [
                [
                    139,
                    1425
                ],
                [
                    308,
                    1425
                ],
                [
                    308,
                    1455
                ],
                [
                    139,
                    1455
                ]
            ],
            "text": "Voltage/frequency)",
            "label": "B_Prop"
        },
        {
            "index": 89,
            "bbox": [
                [
                    299,
                    1423
                ],
                [
                    365,
                    1423
                ],
                [
                    365,
                    1455
                ],
                [
                    299,
                    1455
                ]
            ],
            "text": "[V/Hz]",
            "label": "I_Prop"
        },
        {
            "index": 90,
            "bbox": [
                [
                    539,
                    1420
                ],
                [
                    598,
                    1420
                ],
                [
                    598,
                    1452
                ],
                [
                    539,
                    1452
                ]
            ],
            "text": "230/5",
            "label": "B_Value"
        },
        {
            "index": 91,
            "bbox": [
                [
                    589,
                    1423
                ],
                [
                    621,
                    1423
                ],
                [
                    621,
                    1450
                ],
                [
                    589,
                    1450
                ]
            ],
            "text": "50",
            "label": "B_Value"
        },
        {
            "index": 92,
            "bbox": [
                [
                    888,
                    1436
                ],
                [
                    922,
                    1436
                ],
                [
                    922,
                    1464
                ],
                [
                    888,
                    1464
                ]
            ],
            "text": "15",
            "label": "Out"
        },
        {
            "index": 93,
            "bbox": [
                [
                    141,
                    1459
                ],
                [
                    201,
                    1459
                ],
                [
                    201,
                    1484
                ],
                [
                    141,
                    1484
                ]
            ],
            "text": "Power",
            "label": "B_Prop"
        },
        {
            "index": 94,
            "bbox": [
                [
                    198,
                    1459
                ],
                [
                    233,
                    1459
                ],
                [
                    233,
                    1487
                ],
                [
                    198,
                    1487
                ]
            ],
            "text": "[w]",
            "label": "I_Prop"
        },
        {
            "index": 95,
            "bbox": [
                [
                    541,
                    1461
                ],
                [
                    582,
                    1461
                ],
                [
                    582,
                    1487
                ],
                [
                    541,
                    1487
                ]
            ],
            "text": "480",
            "label": "B_Value"
        },
        {
            "index": 96,
            "bbox": [
                [
                    139,
                    1493
                ],
                [
                    246,
                    1493
                ],
                [
                    246,
                    1523
                ],
                [
                    139,
                    1523
                ]
            ],
            "text": "Connection",
            "label": "B_Prop"
        },
        {
            "index": 97,
            "bbox": [
                [
                    541,
                    1493
                ],
                [
                    568,
                    1493
                ],
                [
                    568,
                    1523
                ],
                [
                    541,
                    1523
                ]
            ],
            "text": "1\"",
            "label": "B_Value"
        },
        {
            "index": 98,
            "bbox": [
                [
                    137,
                    1530
                ],
                [
                    235,
                    1530
                ],
                [
                    235,
                    1560
                ],
                [
                    137,
                    1560
                ]
            ],
            "text": "Maximumi",
            "label": "B_Prop"
        },
        {
            "index": 99,
            "bbox": [
                [
                    226,
                    1530
                ],
                [
                    329,
                    1530
                ],
                [
                    329,
                    1560
                ],
                [
                    226,
                    1560
                ]
            ],
            "text": "immersion",
            "label": "I_Prop"
        },
        {
            "index": 100,
            "bbox": [
                [
                    319,
                    1530
                ],
                [
                    383,
                    1530
                ],
                [
                    383,
                    1562
                ],
                [
                    319,
                    1562
                ]
            ],
            "text": "depth[",
            "label": "I_Prop"
        },
        {
            "index": 101,
            "bbox": [
                [
                    377,
                    1530
                ],
                [
                    411,
                    1530
                ],
                [
                    411,
                    1560
                ],
                [
                    377,
                    1560
                ]
            ],
            "text": "[m]",
            "label": "I_Prop"
        },
        {
            "index": 102,
            "bbox": [
                [
                    541,
                    1530
                ],
                [
                    571,
                    1530
                ],
                [
                    571,
                    1557
                ],
                [
                    541,
                    1557
                ]
            ],
            "text": "10",
            "label": "B_Value"
        },
        {
            "index": 103,
            "bbox": [
                [
                    852,
                    1532
                ],
                [
                    888,
                    1532
                ],
                [
                    888,
                    1564
                ],
                [
                    852,
                    1564
                ]
            ],
            "text": "[m]",
            "label": "Out"
        },
        {
            "index": 104,
            "bbox": [
                [
                    141,
                    1569
                ],
                [
                    194,
                    1569
                ],
                [
                    194,
                    1592
                ],
                [
                    141,
                    1592
                ]
            ],
            "text": "Float",
            "label": "B_Prop"
        },
        {
            "index": 105,
            "bbox": [
                [
                    189,
                    1569
                ],
                [
                    258,
                    1569
                ],
                [
                    258,
                    1592
                ],
                [
                    189,
                    1592
                ]
            ],
            "text": "switch",
            "label": "I_Prop"
        },
        {
            "index": 106,
            "bbox": [
                [
                    943,
                    1516
                ],
                [
                    1062,
                    1516
                ],
                [
                    1062,
                    1587
                ],
                [
                    943,
                    1587
                ]
            ],
            "text": "PSC4480",
            "label": "Out"
        },
        {
            "index": 107,
            "bbox": [
                [
                    539,
                    1569
                ],
                [
                    573,
                    1569
                ],
                [
                    573,
                    1594
                ],
                [
                    539,
                    1594
                ]
            ],
            "text": "no",
            "label": "B_Value"
        },
        {
            "index": 108,
            "bbox": [
                [
                    888,
                    1566
                ],
                [
                    920,
                    1566
                ],
                [
                    920,
                    1596
                ],
                [
                    888,
                    1596
                ]
            ],
            "text": "10",
            "label": "Out"
        },
        {
            "index": 109,
            "bbox": [
                [
                    137,
                    1601
                ],
                [
                    242,
                    1601
                ],
                [
                    242,
                    1630
                ],
                [
                    137,
                    1630
                ]
            ],
            "text": "Maximum",
            "label": "B_Prop"
        },
        {
            "index": 110,
            "bbox": [
                [
                    233,
                    1601
                ],
                [
                    326,
                    1601
                ],
                [
                    326,
                    1630
                ],
                [
                    233,
                    1630
                ]
            ],
            "text": "diameter",
            "label": "I_Prop"
        },
        {
            "index": 111,
            "bbox": [
                [
                    319,
                    1601
                ],
                [
                    349,
                    1601
                ],
                [
                    349,
                    1628
                ],
                [
                    319,
                    1628
                ]
            ],
            "text": "of",
            "label": "I_Prop"
        },
        {
            "index": 112,
            "bbox": [
                [
                    342,
                    1603
                ],
                [
                    413,
                    1603
                ],
                [
                    413,
                    1628
                ],
                [
                    342,
                    1628
                ]
            ],
            "text": "coarse",
            "label": "I_Prop"
        },
        {
            "index": 113,
            "bbox": [
                [
                    408,
                    1601
                ],
                [
                    450,
                    1601
                ],
                [
                    450,
                    1628
                ],
                [
                    408,
                    1628
                ]
            ],
            "text": "dirt",
            "label": "I_Prop"
        },
        {
            "index": 114,
            "bbox": [
                [
                    445,
                    1598
                ],
                [
                    502,
                    1598
                ],
                [
                    502,
                    1633
                ],
                [
                    445,
                    1633
                ]
            ],
            "text": "[mm]",
            "label": "I_Prop"
        },
        {
            "index": 115,
            "bbox": [
                [
                    539,
                    1601
                ],
                [
                    562,
                    1601
                ],
                [
                    562,
                    1630
                ],
                [
                    539,
                    1630
                ]
            ],
            "text": "6",
            "label": "B_Value"
        },
        {
            "index": 116,
            "bbox": [
                [
                    140,
                    1640
                ],
                [
                    140,
                    1662
                ],
                [
                    234,
                    1662
                ],
                [
                    234,
                    1640
                ]
            ],
            "text": "Maximum",
            "label": "B_Prop"
        },
        {
            "index": 117,
            "bbox": [
                [
                    226,
                    1635
                ],
                [
                    285,
                    1635
                ],
                [
                    285,
                    1667
                ],
                [
                    226,
                    1667
                ]
            ],
            "text": "liquid",
            "label": "I_Prop"
        },
        {
            "index": 118,
            "bbox": [
                [
                    278,
                    1637
                ],
                [
                    395,
                    1637
                ],
                [
                    395,
                    1667
                ],
                [
                    278,
                    1667
                ]
            ],
            "text": "temperature",
            "label": "I_Prop"
        },
        {
            "index": 119,
            "bbox": [
                [
                    390,
                    1637
                ],
                [
                    427,
                    1637
                ],
                [
                    427,
                    1665
                ],
                [
                    390,
                    1665
                ]
            ],
            "text": "[°C]",
            "label": "I_Prop"
        },
        {
            "index": 120,
            "bbox": [
                [
                    539,
                    1637
                ],
                [
                    571,
                    1637
                ],
                [
                    571,
                    1665
                ],
                [
                    539,
                    1665
                ]
            ],
            "text": "40",
            "label": "B_Value"
        },
        {
            "index": 121,
            "bbox": [
                [
                    849,
                    1630
                ],
                [
                    877,
                    1630
                ],
                [
                    877,
                    1660
                ],
                [
                    849,
                    1660
                ]
            ],
            "text": "I",
            "label": "Out"
        },
        {
            "index": 122,
            "bbox": [
                [
                    141,
                    1674
                ],
                [
                    198,
                    1674
                ],
                [
                    198,
                    1699
                ],
                [
                    141,
                    1699
                ]
            ],
            "text": "Cable",
            "label": "B_Prop"
        },
        {
            "index": 123,
            "bbox": [
                [
                    191,
                    1672
                ],
                [
                    258,
                    1672
                ],
                [
                    258,
                    1703
                ],
                [
                    191,
                    1703
                ]
            ],
            "text": "length",
            "label": "I_Prop"
        },
        {
            "index": 124,
            "bbox": [
                [
                    251,
                    1672
                ],
                [
                    285,
                    1672
                ],
                [
                    285,
                    1701
                ],
                [
                    251,
                    1701
                ]
            ],
            "text": "[m]",
            "label": "I_Prop"
        },
        {
            "index": 125,
            "bbox": [
                [
                    539,
                    1672
                ],
                [
                    562,
                    1672
                ],
                [
                    562,
                    1701
                ],
                [
                    539,
                    1701
                ]
            ],
            "text": "8",
            "label": "B_Value"
        },
        {
            "index": 126,
            "bbox": [
                [
                    847,
                    1658
                ],
                [
                    879,
                    1658
                ],
                [
                    879,
                    1724
                ],
                [
                    847,
                    1724
                ]
            ],
            "text": "I",
            "label": "Out"
        },
        {
            "index": 127,
            "bbox": [
                [
                    139,
                    1710
                ],
                [
                    237,
                    1710
                ],
                [
                    237,
                    1733
                ],
                [
                    139,
                    1733
                ]
            ],
            "text": "Protection",
            "label": "B_Prop"
        },
        {
            "index": 128,
            "bbox": [
                [
                    541,
                    1708
                ],
                [
                    568,
                    1708
                ],
                [
                    568,
                    1735
                ],
                [
                    541,
                    1735
                ]
            ],
            "text": "IP",
            "label": "B_Value"
        },
        {
            "index": 129,
            "bbox": [
                [
                    562,
                    1708
                ],
                [
                    594,
                    1708
                ],
                [
                    594,
                    1735
                ],
                [
                    562,
                    1735
                ]
            ],
            "text": "68",
            "label": "B_Value"
        },
        {
            "index": 130,
            "bbox": [
                [
                    886,
                    1697
                ],
                [
                    911,
                    1697
                ],
                [
                    911,
                    1726
                ],
                [
                    886,
                    1726
                ]
            ],
            "text": "5",
            "label": "Out"
        },
        {
            "index": 131,
            "bbox": [
                [
                    137,
                    1742
                ],
                [
                    235,
                    1742
                ],
                [
                    235,
                    1772
                ],
                [
                    137,
                    1772
                ]
            ],
            "text": "Insulation",
            "label": "B_Prop"
        },
        {
            "index": 132,
            "bbox": [
                [
                    228,
                    1745
                ],
                [
                    283,
                    1745
                ],
                [
                    283,
                    1770
                ],
                [
                    228,
                    1770
                ]
            ],
            "text": "class",
            "label": "I_Prop"
        },
        {
            "index": 133,
            "bbox": [
                [
                    536,
                    1742
                ],
                [
                    562,
                    1742
                ],
                [
                    562,
                    1772
                ],
                [
                    536,
                    1772
                ]
            ],
            "text": "F",
            "label": "B_Value"
        },
        {
            "index": 134,
            "bbox": [
                [
                    139,
                    1777
                ],
                [
                    210,
                    1777
                ],
                [
                    210,
                    1809
                ],
                [
                    139,
                    1809
                ]
            ],
            "text": "Weight",
            "label": "B_Prop"
        },
        {
            "index": 135,
            "bbox": [
                [
                    203,
                    1779
                ],
                [
                    242,
                    1779
                ],
                [
                    242,
                    1806
                ],
                [
                    203,
                    1806
                ]
            ],
            "text": "[kg]",
            "label": "I_Prop"
        },
        {
            "index": 136,
            "bbox": [
                [
                    541,
                    1781
                ],
                [
                    587,
                    1781
                ],
                [
                    587,
                    1809
                ],
                [
                    541,
                    1809
                ]
            ],
            "text": "12,6",
            "label": "B_Value"
        },
        {
            "index": 137,
            "bbox": [
                [
                    141,
                    1818
                ],
                [
                    239,
                    1818
                ],
                [
                    239,
                    1841
                ],
                [
                    141,
                    1841
                ]
            ],
            "text": "Dimension",
            "label": "B_Prop"
        },
        {
            "index": 138,
            "bbox": [
                [
                    235,
                    1815
                ],
                [
                    269,
                    1815
                ],
                [
                    269,
                    1843
                ],
                [
                    235,
                    1843
                ]
            ],
            "text": "Lx",
            "label": "I_Prop"
        },
        {
            "index": 139,
            "bbox": [
                [
                    262,
                    1815
                ],
                [
                    303,
                    1815
                ],
                [
                    303,
                    1841
                ],
                [
                    262,
                    1841
                ]
            ],
            "text": "Hx",
            "label": "I_Prop"
        },
        {
            "index": 140,
            "bbox": [
                [
                    297,
                    1815
                ],
                [
                    326,
                    1815
                ],
                [
                    326,
                    1843
                ],
                [
                    297,
                    1843
                ]
            ],
            "text": "WI",
            "label": "I_Prop"
        },
        {
            "index": 141,
            "bbox": [
                [
                    317,
                    1813
                ],
                [
                    377,
                    1813
                ],
                [
                    377,
                    1845
                ],
                [
                    317,
                    1845
                ]
            ],
            "text": "[mm]",
            "label": "I_Prop"
        },
        {
            "index": 142,
            "bbox": [
                [
                    539,
                    1815
                ],
                [
                    655,
                    1815
                ],
                [
                    655,
                    1845
                ],
                [
                    539,
                    1845
                ]
            ],
            "text": "205x325x2",
            "label": "B_Value"
        },
        {
            "index": 143,
            "bbox": [
                [
                    644,
                    1815
                ],
                [
                    687,
                    1815
                ],
                [
                    687,
                    1843
                ],
                [
                    644,
                    1843
                ]
            ],
            "text": "205",
            "label": "B_Value"
        },
        {
            "index": 144,
            "bbox": [
                [
                    886,
                    1827
                ],
                [
                    911,
                    1827
                ],
                [
                    911,
                    1857
                ],
                [
                    886,
                    1857
                ]
            ],
            "text": "0",
            "label": "Out"
        },
        {
            "index": 145,
            "bbox": [
                [
                    916,
                    1845
                ],
                [
                    934,
                    1845
                ],
                [
                    934,
                    1868
                ],
                [
                    916,
                    1868
                ]
            ],
            "text": "0",
            "label": "Out"
        },
        {
            "index": 146,
            "bbox": [
                [
                    1043,
                    1843
                ],
                [
                    1069,
                    1843
                ],
                [
                    1069,
                    1873
                ],
                [
                    1043,
                    1873
                ]
            ],
            "text": "5",
            "label": "Out"
        },
        {
            "index": 147,
            "bbox": [
                [
                    1167,
                    1843
                ],
                [
                    1199,
                    1843
                ],
                [
                    1199,
                    1870
                ],
                [
                    1167,
                    1870
                ]
            ],
            "text": "10",
            "label": "Out"
        },
        {
            "index": 148,
            "bbox": [
                [
                    1295,
                    1843
                ],
                [
                    1327,
                    1843
                ],
                [
                    1327,
                    1870
                ],
                [
                    1295,
                    1870
                ]
            ],
            "text": "15",
            "label": "Out"
        },
        {
            "index": 149,
            "bbox": [
                [
                    1329,
                    1841
                ],
                [
                    1395,
                    1841
                ],
                [
                    1395,
                    1875
                ],
                [
                    1329,
                    1875
                ]
            ],
            "text": "[m3/h]",
            "label": "Out"
        },
        {
            "index": 150,
            "bbox": [
                [
                    1064,
                    1898
                ],
                [
                    1128,
                    1898
                ],
                [
                    1128,
                    1932
                ],
                [
                    1064,
                    1932
                ]
            ],
            "text": "Flow",
            "label": "Out"
        },
        {
            "index": 151,
            "bbox": [
                [
                    1123,
                    1900
                ],
                [
                    1151,
                    1900
                ],
                [
                    1151,
                    1932
                ],
                [
                    1123,
                    1932
                ]
            ],
            "text": "Q",
            "label": "Out"
        },
        {
            "index": 152,
            "bbox": [
                [
                    134,
                    2026
                ],
                [
                    438,
                    2026
                ],
                [
                    438,
                    2058
                ],
                [
                    134,
                    2058
                ]
            ],
            "text": "www.pumpa.eu",
            "label": "Out"
        }
    ]
}