{
    "datasheet": [
        {
            "index": 0,
            "bbox": [
                [
                    187,
                    146
                ],
                [
                    573,
                    146
                ],
                [
                    573,
                    223
                ],
                [
                    187,
                    223
                ]
            ],
            "text": "pumpa",
            "label": "Out"
        },
        {
            "index": 1,
            "bbox": [
                [
                    1032,
                    198
                ],
                [
                    1146,
                    198
                ],
                [
                    1146,
                    230
                ],
                [
                    1032,
                    230
                ]
            ],
            "text": "PUMPA",
            "label": "B_Ref"
        },
        {
            "index": 2,
            "bbox": [
                [
                    1160,
                    198
                ],
                [
                    1245,
                    198
                ],
                [
                    1245,
                    230
                ],
                [
                    1160,
                    230
                ]
            ],
            "text": "BLUE",
            "label": "I_Ref"
        },
        {
            "index": 3,
            "bbox": [
                [
                    1258,
                    198
                ],
                [
                    1334,
                    198
                ],
                [
                    1334,
                    230
                ],
                [
                    1258,
                    230
                ]
            ],
            "text": "LINE",
            "label": "I_Ref"
        },
        {
            "index": 4,
            "bbox": [
                [
                    1350,
                    198
                ],
                [
                    1439,
                    198
                ],
                [
                    1439,
                    230
                ],
                [
                    1350,
                    230
                ]
            ],
            "text": "ODRA",
            "label": "I_Ref"
        },
        {
            "index": 5,
            "bbox": [
                [
                    1452,
                    198
                ],
                [
                    1523,
                    198
                ],
                [
                    1523,
                    230
                ],
                [
                    1452,
                    230
                ]
            ],
            "text": "4-16",
            "label": "I_Ref"
        },
        {
            "index": 6,
            "bbox": [
                [
                    185,
                    294
                ],
                [
                    367,
                    294
                ],
                [
                    367,
                    367
                ],
                [
                    185,
                    367
                ]
            ],
            "text": "blue",
            "label": "Out"
        },
        {
            "index": 7,
            "bbox": [
                [
                    404,
                    296
                ],
                [
                    550,
                    296
                ],
                [
                    550,
                    365
                ],
                [
                    404,
                    365
                ]
            ],
            "text": "line",
            "label": "Out"
        },
        {
            "index": 8,
            "bbox": [
                [
                    132,
                    587
                ],
                [
                    191,
                    587
                ],
                [
                    191,
                    650
                ],
                [
                    132,
                    650
                ]
            ],
            "text": "4\"",
            "label": "B_Descri"
        },
        {
            "index": 9,
            "bbox": [
                [
                    212,
                    591
                ],
                [
                    573,
                    591
                ],
                [
                    573,
                    648
                ],
                [
                    212,
                    648
                ]
            ],
            "text": "submersible",
            "label": "I_Descri"
        },
        {
            "index": 10,
            "bbox": [
                [
                    594,
                    600
                ],
                [
                    769,
                    600
                ],
                [
                    769,
                    650
                ],
                [
                    594,
                    650
                ]
            ],
            "text": "screw",
            "label": "I_Descri"
        },
        {
            "index": 11,
            "bbox": [
                [
                    790,
                    600
                ],
                [
                    964,
                    600
                ],
                [
                    964,
                    662
                ],
                [
                    790,
                    662
                ]
            ],
            "text": "pump",
            "label": "I_Descri"
        },
        {
            "index": 12,
            "bbox": [
                [
                    141,
                    696
                ],
                [
                    338,
                    696
                ],
                [
                    338,
                    760
                ],
                [
                    141,
                    760
                ]
            ],
            "text": "BLUE",
            "label": "B_Ref"
        },
        {
            "index": 13,
            "bbox": [
                [
                    372,
                    696
                ],
                [
                    552,
                    696
                ],
                [
                    552,
                    760
                ],
                [
                    372,
                    760
                ]
            ],
            "text": "LINE",
            "label": "I_Ref"
        },
        {
            "index": 14,
            "bbox": [
                [
                    589,
                    696
                ],
                [
                    833,
                    696
                ],
                [
                    833,
                    760
                ],
                [
                    589,
                    760
                ]
            ],
            "text": "ODRA",
            "label": "I_Ref"
        },
        {
            "index": 15,
            "bbox": [
                [
                    822,
                    712
                ],
                [
                    872,
                    712
                ],
                [
                    872,
                    749
                ],
                [
                    822,
                    749
                ]
            ],
            "text": "fa",
            "label": "I_Ref"
        },
        {
            "index": 16,
            "bbox": [
                [
                    856,
                    696
                ],
                [
                    1041,
                    696
                ],
                [
                    1041,
                    760
                ],
                [
                    856,
                    760
                ]
            ],
            "text": "4-16",
            "label": "I_Ref"
        },
        {
            "index": 17,
            "bbox": [
                [
                    130,
                    865
                ],
                [
                    324,
                    865
                ],
                [
                    324,
                    904
                ],
                [
                    130,
                    904
                ]
            ],
            "text": "Submersible",
            "label": "B_Descri"
        },
        {
            "index": 18,
            "bbox": [
                [
                    317,
                    865
                ],
                [
                    363,
                    865
                ],
                [
                    363,
                    906
                ],
                [
                    317,
                    906
                ]
            ],
            "text": "4\"",
            "label": "I_Descri"
        },
        {
            "index": 19,
            "bbox": [
                [
                    358,
                    870
                ],
                [
                    452,
                    870
                ],
                [
                    452,
                    911
                ],
                [
                    358,
                    911
                ]
            ],
            "text": "pump",
            "label": "I_Descri"
        },
        {
            "index": 20,
            "bbox": [
                [
                    450,
                    865
                ],
                [
                    504,
                    865
                ],
                [
                    504,
                    904
                ],
                [
                    450,
                    904
                ]
            ],
            "text": "for",
            "label": "I_Descri"
        },
        {
            "index": 21,
            "bbox": [
                [
                    498,
                    863
                ],
                [
                    584,
                    863
                ],
                [
                    584,
                    906
                ],
                [
                    498,
                    906
                ]
            ],
            "text": "wells",
            "label": "I_Descri"
        },
        {
            "index": 22,
            "bbox": [
                [
                    580,
                    865
                ],
                [
                    644,
                    865
                ],
                [
                    644,
                    904
                ],
                [
                    580,
                    904
                ]
            ],
            "text": "and",
            "label": "I_Descri"
        },
        {
            "index": 23,
            "bbox": [
                [
                    641,
                    865
                ],
                [
                    804,
                    865
                ],
                [
                    804,
                    904
                ],
                [
                    641,
                    904
                ]
            ],
            "text": "boreholes.",
            "label": "I_Descri"
        },
        {
            "index": 24,
            "bbox": [
                [
                    132,
                    906
                ],
                [
                    274,
                    906
                ],
                [
                    274,
                    947
                ],
                [
                    132,
                    947
                ]
            ],
            "text": "Designed",
            "label": "I_Descri"
        },
        {
            "index": 25,
            "bbox": [
                [
                    271,
                    902
                ],
                [
                    324,
                    902
                ],
                [
                    324,
                    945
                ],
                [
                    271,
                    945
                ]
            ],
            "text": "for",
            "label": "I_Descri"
        },
        {
            "index": 26,
            "bbox": [
                [
                    322,
                    906
                ],
                [
                    472,
                    906
                ],
                [
                    472,
                    947
                ],
                [
                    322,
                    947
                ]
            ],
            "text": "supplying",
            "label": "I_Descri"
        },
        {
            "index": 27,
            "bbox": [
                [
                    472,
                    904
                ],
                [
                    648,
                    904
                ],
                [
                    648,
                    943
                ],
                [
                    472,
                    943
                ]
            ],
            "text": "households",
            "label": "I_Descri"
        },
        {
            "index": 28,
            "bbox": [
                [
                    648,
                    906
                ],
                [
                    710,
                    906
                ],
                [
                    710,
                    941
                ],
                [
                    648,
                    941
                ]
            ],
            "text": "and",
            "label": "I_Descri"
        },
        {
            "index": 29,
            "bbox": [
                [
                    710,
                    904
                ],
                [
                    815,
                    904
                ],
                [
                    815,
                    947
                ],
                [
                    710,
                    947
                ]
            ],
            "text": "lodges",
            "label": "I_Descri"
        },
        {
            "index": 30,
            "bbox": [
                [
                    130,
                    952
                ],
                [
                    171,
                    952
                ],
                [
                    171,
                    979
                ],
                [
                    130,
                    979
                ]
            ],
            "text": "or",
            "label": "I_Descri"
        },
        {
            "index": 31,
            "bbox": [
                [
                    169,
                    943
                ],
                [
                    278,
                    943
                ],
                [
                    278,
                    984
                ],
                [
                    169,
                    984
                ]
            ],
            "text": "garden",
            "label": "I_Descri"
        },
        {
            "index": 32,
            "bbox": [
                [
                    276,
                    941
                ],
                [
                    418,
                    941
                ],
                [
                    418,
                    984
                ],
                [
                    276,
                    984
                ]
            ],
            "text": "irrigation",
            "label": "I_Descri"
        },
        {
            "index": 33,
            "bbox": [
                [
                    415,
                    945
                ],
                [
                    486,
                    945
                ],
                [
                    486,
                    982
                ],
                [
                    415,
                    982
                ]
            ],
            "text": "with",
            "label": "I_Descri"
        },
        {
            "index": 34,
            "bbox": [
                [
                    486,
                    945
                ],
                [
                    571,
                    945
                ],
                [
                    571,
                    982
                ],
                [
                    486,
                    982
                ]
            ],
            "text": "clean",
            "label": "I_Descri"
        },
        {
            "index": 35,
            "bbox": [
                [
                    571,
                    945
                ],
                [
                    664,
                    945
                ],
                [
                    664,
                    979
                ],
                [
                    571,
                    979
                ]
            ],
            "text": "water.",
            "label": "I_Descri"
        },
        {
            "index": 36,
            "bbox": [
                [
                    130,
                    1148
                ],
                [
                    308,
                    1148
                ],
                [
                    308,
                    1187
                ],
                [
                    130,
                    1187
                ]
            ],
            "text": "Application",
            "label": "B_Section"
        },
        {
            "index": 37,
            "bbox": [
                [
                    150,
                    1192
                ],
                [
                    246,
                    1192
                ],
                [
                    246,
                    1226
                ],
                [
                    150,
                    1226
                ]
            ],
            "text": "Pumping",
            "label": "B_Descri"
        },
        {
            "index": 38,
            "bbox": [
                [
                    244,
                    1194
                ],
                [
                    303,
                    1194
                ],
                [
                    303,
                    1219
                ],
                [
                    244,
                    1219
                ]
            ],
            "text": "clean",
            "label": "I_Descri"
        },
        {
            "index": 39,
            "bbox": [
                [
                    299,
                    1192
                ],
                [
                    365,
                    1192
                ],
                [
                    365,
                    1224
                ],
                [
                    299,
                    1224
                ]
            ],
            "text": "water",
            "label": "I_Descri"
        },
        {
            "index": 40,
            "bbox": [
                [
                    358,
                    1192
                ],
                [
                    418,
                    1192
                ],
                [
                    418,
                    1224
                ],
                [
                    358,
                    1224
                ]
            ],
            "text": "from",
            "label": "I_Descri"
        },
        {
            "index": 41,
            "bbox": [
                [
                    411,
                    1192
                ],
                [
                    459,
                    1192
                ],
                [
                    459,
                    1226
                ],
                [
                    411,
                    1226
                ]
            ],
            "text": "dug",
            "label": "I_Descri"
        },
        {
            "index": 42,
            "bbox": [
                [
                    456,
                    1194
                ],
                [
                    500,
                    1194
                ],
                [
                    500,
                    1222
                ],
                [
                    456,
                    1222
                ]
            ],
            "text": "and",
            "label": "I_Descri"
        },
        {
            "index": 43,
            "bbox": [
                [
                    498,
                    1194
                ],
                [
                    564,
                    1194
                ],
                [
                    564,
                    1219
                ],
                [
                    498,
                    1219
                ]
            ],
            "text": "drilled",
            "label": "I_Descri"
        },
        {
            "index": 44,
            "bbox": [
                [
                    562,
                    1194
                ],
                [
                    619,
                    1194
                ],
                [
                    619,
                    1219
                ],
                [
                    562,
                    1219
                ]
            ],
            "text": "wells",
            "label": "I_Descri"
        },
        {
            "index": 45,
            "bbox": [
                [
                    148,
                    1222
                ],
                [
                    198,
                    1222
                ],
                [
                    198,
                    1256
                ],
                [
                    148,
                    1256
                ]
            ],
            "text": "Thei",
            "label": "B_Descri"
        },
        {
            "index": 46,
            "bbox": [
                [
                    191,
                    1226
                ],
                [
                    260,
                    1226
                ],
                [
                    260,
                    1258
                ],
                [
                    191,
                    1258
                ]
            ],
            "text": "pump",
            "label": "I_Descri"
        },
        {
            "index": 47,
            "bbox": [
                [
                    253,
                    1226
                ],
                [
                    299,
                    1226
                ],
                [
                    299,
                    1254
                ],
                [
                    253,
                    1254
                ]
            ],
            "text": "can",
            "label": "I_Descri"
        },
        {
            "index": 48,
            "bbox": [
                [
                    297,
                    1224
                ],
                [
                    329,
                    1224
                ],
                [
                    329,
                    1251
                ],
                [
                    297,
                    1251
                ]
            ],
            "text": "be",
            "label": "I_Descri"
        },
        {
            "index": 49,
            "bbox": [
                [
                    324,
                    1222
                ],
                [
                    383,
                    1222
                ],
                [
                    383,
                    1254
                ],
                [
                    324,
                    1254
                ]
            ],
            "text": "used",
            "label": "I_Descri"
        },
        {
            "index": 50,
            "bbox": [
                [
                    374,
                    1222
                ],
                [
                    443,
                    1222
                ],
                [
                    443,
                    1254
                ],
                [
                    374,
                    1254
                ]
            ],
            "text": "alone",
            "label": "I_Descri"
        },
        {
            "index": 51,
            "bbox": [
                [
                    434,
                    1226
                ],
                [
                    466,
                    1226
                ],
                [
                    466,
                    1254
                ],
                [
                    434,
                    1254
                ]
            ],
            "text": "or",
            "label": "I_Descri"
        },
        {
            "index": 52,
            "bbox": [
                [
                    461,
                    1224
                ],
                [
                    511,
                    1224
                ],
                [
                    511,
                    1251
                ],
                [
                    461,
                    1251
                ]
            ],
            "text": "with",
            "label": "I_Descri"
        },
        {
            "index": 53,
            "bbox": [
                [
                    502,
                    1226
                ],
                [
                    532,
                    1226
                ],
                [
                    532,
                    1254
                ],
                [
                    502,
                    1254
                ]
            ],
            "text": "a",
            "label": "I_Descri"
        },
        {
            "index": 54,
            "bbox": [
                [
                    525,
                    1226
                ],
                [
                    621,
                    1226
                ],
                [
                    621,
                    1258
                ],
                [
                    525,
                    1258
                ]
            ],
            "text": "pressure",
            "label": "I_Descri"
        },
        {
            "index": 55,
            "bbox": [
                [
                    144,
                    1251
                ],
                [
                    219,
                    1251
                ],
                [
                    219,
                    1283
                ],
                [
                    144,
                    1283
                ]
            ],
            "text": "vessel",
            "label": "B_Descri"
        },
        {
            "index": 56,
            "bbox": [
                [
                    212,
                    1256
                ],
                [
                    246,
                    1256
                ],
                [
                    246,
                    1283
                ],
                [
                    212,
                    1283
                ]
            ],
            "text": "as",
            "label": "I_Descri"
        },
        {
            "index": 57,
            "bbox": [
                [
                    239,
                    1258
                ],
                [
                    267,
                    1258
                ],
                [
                    267,
                    1283
                ],
                [
                    239,
                    1283
                ]
            ],
            "text": "ap",
            "label": "I_Descri"
        },
        {
            "index": 58,
            "bbox": [
                [
                    258,
                    1256
                ],
                [
                    354,
                    1256
                ],
                [
                    354,
                    1285
                ],
                [
                    258,
                    1285
                ]
            ],
            "text": "pressure",
            "label": "I_Descri"
        },
        {
            "index": 59,
            "bbox": [
                [
                    346,
                    1257
                ],
                [
                    346,
                    1283
                ],
                [
                    434,
                    1283
                ],
                [
                    434,
                    1257
                ]
            ],
            "text": "booster",
            "label": "I_Descri"
        },
        {
            "index": 60,
            "bbox": [
                [
                    429,
                    1256
                ],
                [
                    498,
                    1256
                ],
                [
                    498,
                    1288
                ],
                [
                    429,
                    1288
                ]
            ],
            "text": "pump",
            "label": "I_Descri"
        },
        {
            "index": 61,
            "bbox": [
                [
                    763,
                    1240
                ],
                [
                    970,
                    1240
                ],
                [
                    970,
                    1272
                ],
                [
                    763,
                    1272
                ]
            ],
            "text": "Characteristic",
            "label": "B_Section"
        },
        {
            "index": 62,
            "bbox": [
                [
                    975,
                    1242
                ],
                [
                    1078,
                    1242
                ],
                [
                    1078,
                    1276
                ],
                [
                    975,
                    1276
                ]
            ],
            "text": "design",
            "label": "I_Section"
        },
        {
            "index": 63,
            "bbox": [
                [
                    1085,
                    1240
                ],
                [
                    1213,
                    1240
                ],
                [
                    1213,
                    1272
                ],
                [
                    1085,
                    1272
                ]
            ],
            "text": "features",
            "label": "I_Section"
        },
        {
            "index": 64,
            "bbox": [
                [
                    781,
                    1295
                ],
                [
                    909,
                    1295
                ],
                [
                    909,
                    1324
                ],
                [
                    781,
                    1324
                ]
            ],
            "text": "Rewindable",
            "label": "B_Descri"
        },
        {
            "index": 65,
            "bbox": [
                [
                    904,
                    1299
                ],
                [
                    975,
                    1299
                ],
                [
                    975,
                    1324
                ],
                [
                    904,
                    1324
                ]
            ],
            "text": "motor",
            "label": "I_Descri"
        },
        {
            "index": 66,
            "bbox": [
                [
                    779,
                    1322
                ],
                [
                    842,
                    1322
                ],
                [
                    842,
                    1356
                ],
                [
                    779,
                    1356
                ]
            ],
            "text": "Main",
            "label": "B_Descri"
        },
        {
            "index": 67,
            "bbox": [
                [
                    836,
                    1327
                ],
                [
                    900,
                    1327
                ],
                [
                    900,
                    1359
                ],
                [
                    836,
                    1359
                ]
            ],
            "text": "parts",
            "label": "I_Descri"
        },
        {
            "index": 68,
            "bbox": [
                [
                    895,
                    1324
                ],
                [
                    925,
                    1324
                ],
                [
                    925,
                    1354
                ],
                [
                    895,
                    1354
                ]
            ],
            "text": "of",
            "label": "I_Descri"
        },
        {
            "index": 69,
            "bbox": [
                [
                    922,
                    1327
                ],
                [
                    1034,
                    1327
                ],
                [
                    1034,
                    1356
                ],
                [
                    922,
                    1356
                ]
            ],
            "text": "hydraulics",
            "label": "I_Descri"
        },
        {
            "index": 70,
            "bbox": [
                [
                    1034,
                    1327
                ],
                [
                    1078,
                    1327
                ],
                [
                    1078,
                    1354
                ],
                [
                    1034,
                    1354
                ]
            ],
            "text": "and",
            "label": "I_Descri"
        },
        {
            "index": 71,
            "bbox": [
                [
                    1075,
                    1327
                ],
                [
                    1197,
                    1327
                ],
                [
                    1197,
                    1359
                ],
                [
                    1075,
                    1359
                ]
            ],
            "text": "connecting",
            "label": "I_Descri"
        },
        {
            "index": 72,
            "bbox": [
                [
                    1194,
                    1324
                ],
                [
                    1288,
                    1324
                ],
                [
                    1288,
                    1354
                ],
                [
                    1194,
                    1354
                ]
            ],
            "text": "material",
            "label": "I_Descri"
        },
        {
            "index": 73,
            "bbox": [
                [
                    1283,
                    1327
                ],
                [
                    1350,
                    1327
                ],
                [
                    1350,
                    1352
                ],
                [
                    1283,
                    1352
                ]
            ],
            "text": "made",
            "label": "I_Descri"
        },
        {
            "index": 74,
            "bbox": [
                [
                    1347,
                    1324
                ],
                [
                    1377,
                    1324
                ],
                [
                    1377,
                    1354
                ],
                [
                    1347,
                    1354
                ]
            ],
            "text": "of",
            "label": "I_Descri"
        },
        {
            "index": 75,
            "bbox": [
                [
                    1372,
                    1324
                ],
                [
                    1473,
                    1324
                ],
                [
                    1473,
                    1354
                ],
                [
                    1372,
                    1354
                ]
            ],
            "text": "stainless",
            "label": "I_Descri"
        },
        {
            "index": 76,
            "bbox": [
                [
                    1468,
                    1324
                ],
                [
                    1528,
                    1324
                ],
                [
                    1528,
                    1356
                ],
                [
                    1468,
                    1356
                ]
            ],
            "text": "steel",
            "label": "I_Descri"
        },
        {
            "index": 77,
            "bbox": [
                [
                    139,
                    1356
                ],
                [
                    214,
                    1356
                ],
                [
                    214,
                    1388
                ],
                [
                    139,
                    1388
                ]
            ],
            "text": "Model",
            "label": "B_Prop"
        },
        {
            "index": 78,
            "bbox": [
                [
                    475,
                    1347
                ],
                [
                    525,
                    1347
                ],
                [
                    525,
                    1375
                ],
                [
                    475,
                    1375
                ]
            ],
            "text": "blue",
            "label": "B_Value"
        },
        {
            "index": 79,
            "bbox": [
                [
                    525,
                    1347
                ],
                [
                    571,
                    1347
                ],
                [
                    571,
                    1375
                ],
                [
                    525,
                    1375
                ]
            ],
            "text": "line",
            "label": "I_Value"
        },
        {
            "index": 80,
            "bbox": [
                [
                    781,
                    1354
                ],
                [
                    838,
                    1354
                ],
                [
                    838,
                    1388
                ],
                [
                    781,
                    1388
                ]
            ],
            "text": "Cast",
            "label": "B_Descri"
        },
        {
            "index": 81,
            "bbox": [
                [
                    833,
                    1359
                ],
                [
                    879,
                    1359
                ],
                [
                    879,
                    1384
                ],
                [
                    833,
                    1384
                ]
            ],
            "text": "iron",
            "label": "I_Descri"
        },
        {
            "index": 82,
            "bbox": [
                [
                    877,
                    1356
                ],
                [
                    980,
                    1356
                ],
                [
                    980,
                    1388
                ],
                [
                    877,
                    1388
                ]
            ],
            "text": "hydraulic",
            "label": "I_Descri"
        },
        {
            "index": 83,
            "bbox": [
                [
                    977,
                    1361
                ],
                [
                    1041,
                    1361
                ],
                [
                    1041,
                    1384
                ],
                [
                    977,
                    1384
                ]
            ],
            "text": "cover",
            "label": "I_Descri"
        },
        {
            "index": 84,
            "bbox": [
                [
                    1037,
                    1359
                ],
                [
                    1089,
                    1359
                ],
                [
                    1089,
                    1384
                ],
                [
                    1037,
                    1384
                ]
            ],
            "text": "with",
            "label": "I_Descri"
        },
        {
            "index": 85,
            "bbox": [
                [
                    1087,
                    1356
                ],
                [
                    1167,
                    1356
                ],
                [
                    1167,
                    1388
                ],
                [
                    1087,
                    1388
                ]
            ],
            "text": "special",
            "label": "I_Descri"
        },
        {
            "index": 86,
            "bbox": [
                [
                    1162,
                    1356
                ],
                [
                    1320,
                    1356
                ],
                [
                    1320,
                    1386
                ],
                [
                    1162,
                    1386
                ]
            ],
            "text": "anti-corrosion",
            "label": "I_Descri"
        },
        {
            "index": 87,
            "bbox": [
                [
                    1313,
                    1356
                ],
                [
                    1425,
                    1356
                ],
                [
                    1425,
                    1386
                ],
                [
                    1313,
                    1386
                ]
            ],
            "text": "treatment",
            "label": "I_Descri"
        },
        {
            "index": 88,
            "bbox": [
                [
                    472,
                    1372
                ],
                [
                    532,
                    1372
                ],
                [
                    532,
                    1404
                ],
                [
                    472,
                    1404
                ]
            ],
            "text": "Odra",
            "label": "I_Value"
        },
        {
            "index": 89,
            "bbox": [
                [
                    530,
                    1377
                ],
                [
                    584,
                    1377
                ],
                [
                    584,
                    1402
                ],
                [
                    530,
                    1402
                ]
            ],
            "text": "4-16",
            "label": "I_Value"
        },
        {
            "index": 90,
            "bbox": [
                [
                    139,
                    1409
                ],
                [
                    198,
                    1409
                ],
                [
                    198,
                    1441
                ],
                [
                    139,
                    1441
                ]
            ],
            "text": "Code",
            "label": "B_Prop"
        },
        {
            "index": 91,
            "bbox": [
                [
                    472,
                    1411
                ],
                [
                    594,
                    1411
                ],
                [
                    594,
                    1441
                ],
                [
                    472,
                    1441
                ]
            ],
            "text": "ZB00061718",
            "label": "B_Value"
        },
        {
            "index": 92,
            "bbox": [
                [
                    139,
                    1445
                ],
                [
                    242,
                    1445
                ],
                [
                    242,
                    1475
                ],
                [
                    139,
                    1475
                ]
            ],
            "text": "Maximum",
            "label": "B_Prop"
        },
        {
            "index": 93,
            "bbox": [
                [
                    237,
                    1448
                ],
                [
                    283,
                    1448
                ],
                [
                    283,
                    1473
                ],
                [
                    237,
                    1473
                ]
            ],
            "text": "flow",
            "label": "I_Prop"
        },
        {
            "index": 94,
            "bbox": [
                [
                    281,
                    1445
                ],
                [
                    367,
                    1445
                ],
                [
                    367,
                    1477
                ],
                [
                    281,
                    1477
                ]
            ],
            "text": "[m?/hod]",
            "label": "I_Prop"
        },
        {
            "index": 95,
            "bbox": [
                [
                    472,
                    1448
                ],
                [
                    507,
                    1448
                ],
                [
                    507,
                    1477
                ],
                [
                    472,
                    1477
                ]
            ],
            "text": "3,3",
            "label": "B_Value"
        },
        {
            "index": 96,
            "bbox": [
                [
                    763,
                    1459
                ],
                [
                    913,
                    1459
                ],
                [
                    913,
                    1498
                ],
                [
                    763,
                    1498
                ]
            ],
            "text": "Hydraulic",
            "label": "Out"
        },
        {
            "index": 97,
            "bbox": [
                [
                    918,
                    1464
                ],
                [
                    1112,
                    1464
                ],
                [
                    1112,
                    1496
                ],
                [
                    918,
                    1496
                ]
            ],
            "text": "performance",
            "label": "Out"
        },
        {
            "index": 98,
            "bbox": [
                [
                    1117,
                    1466
                ],
                [
                    1208,
                    1466
                ],
                [
                    1208,
                    1496
                ],
                [
                    1117,
                    1496
                ]
            ],
            "text": "curve",
            "label": "Out"
        },
        {
            "index": 99,
            "bbox": [
                [
                    139,
                    1482
                ],
                [
                    242,
                    1482
                ],
                [
                    242,
                    1512
                ],
                [
                    139,
                    1512
                ]
            ],
            "text": "Maximum",
            "label": "B_Prop"
        },
        {
            "index": 100,
            "bbox": [
                [
                    235,
                    1480
                ],
                [
                    292,
                    1480
                ],
                [
                    292,
                    1512
                ],
                [
                    235,
                    1512
                ]
            ],
            "text": "head[",
            "label": "I_Prop"
        },
        {
            "index": 101,
            "bbox": [
                [
                    285,
                    1482
                ],
                [
                    322,
                    1482
                ],
                [
                    322,
                    1512
                ],
                [
                    285,
                    1512
                ]
            ],
            "text": "[m]",
            "label": "I_Prop"
        },
        {
            "index": 102,
            "bbox": [
                [
                    472,
                    1482
                ],
                [
                    502,
                    1482
                ],
                [
                    502,
                    1509
                ],
                [
                    472,
                    1509
                ]
            ],
            "text": "90",
            "label": "B_Value"
        },
        {
            "index": 103,
            "bbox": [
                [
                    141,
                    1518
                ],
                [
                    205,
                    1518
                ],
                [
                    205,
                    1550
                ],
                [
                    141,
                    1550
                ]
            ],
            "text": "Pump",
            "label": "B_Prop"
        },
        {
            "index": 104,
            "bbox": [
                [
                    196,
                    1516
                ],
                [
                    292,
                    1516
                ],
                [
                    292,
                    1546
                ],
                [
                    196,
                    1546
                ]
            ],
            "text": "diameter",
            "label": "I_Prop"
        },
        {
            "index": 105,
            "bbox": [
                [
                    470,
                    1518
                ],
                [
                    498,
                    1518
                ],
                [
                    498,
                    1546
                ],
                [
                    470,
                    1546
                ]
            ],
            "text": "4\"",
            "label": "B_Value"
        },
        {
            "index": 106,
            "bbox": [
                [
                    785,
                    1528
                ],
                [
                    827,
                    1528
                ],
                [
                    827,
                    1555
                ],
                [
                    785,
                    1555
                ]
            ],
            "text": "100",
            "label": "Out"
        },
        {
            "index": 107,
            "bbox": [
                [
                    141,
                    1554
                ],
                [
                    141,
                    1586
                ],
                [
                    319,
                    1586
                ],
                [
                    319,
                    1554
                ]
            ],
            "text": "Voltage/frequency",
            "label": "B_Prop"
        },
        {
            "index": 108,
            "bbox": [
                [
                    313,
                    1550
                ],
                [
                    379,
                    1550
                ],
                [
                    379,
                    1585
                ],
                [
                    313,
                    1585
                ]
            ],
            "text": "[V/Hz]",
            "label": "I_Prop"
        },
        {
            "index": 109,
            "bbox": [
                [
                    470,
                    1550
                ],
                [
                    555,
                    1550
                ],
                [
                    555,
                    1582
                ],
                [
                    470,
                    1582
                ]
            ],
            "text": "400/50",
            "label": "B_Value"
        },
        {
            "index": 110,
            "bbox": [
                [
                    139,
                    1587
                ],
                [
                    207,
                    1587
                ],
                [
                    207,
                    1619
                ],
                [
                    139,
                    1619
                ]
            ],
            "text": "Power",
            "label": "B_Prop"
        },
        {
            "index": 111,
            "bbox": [
                [
                    203,
                    1587
                ],
                [
                    239,
                    1587
                ],
                [
                    239,
                    1619
                ],
                [
                    203,
                    1619
                ]
            ],
            "text": "[W]",
            "label": "I_Prop"
        },
        {
            "index": 112,
            "bbox": [
                [
                    472,
                    1589
                ],
                [
                    523,
                    1589
                ],
                [
                    523,
                    1617
                ],
                [
                    472,
                    1617
                ]
            ],
            "text": "1100",
            "label": "B_Value"
        },
        {
            "index": 113,
            "bbox": [
                [
                    1441,
                    1578
                ],
                [
                    1493,
                    1578
                ],
                [
                    1493,
                    1603
                ],
                [
                    1441,
                    1603
                ]
            ],
            "text": "Odra",
            "label": "Out"
        },
        {
            "index": 114,
            "bbox": [
                [
                    1489,
                    1578
                ],
                [
                    1530,
                    1578
                ],
                [
                    1530,
                    1603
                ],
                [
                    1489,
                    1603
                ]
            ],
            "text": "4-16",
            "label": "Out"
        },
        {
            "index": 115,
            "bbox": [
                [
                    792,
                    1598
                ],
                [
                    827,
                    1598
                ],
                [
                    827,
                    1628
                ],
                [
                    792,
                    1628
                ]
            ],
            "text": "80",
            "label": "Out"
        },
        {
            "index": 116,
            "bbox": [
                [
                    139,
                    1625
                ],
                [
                    139,
                    1654
                ],
                [
                    255,
                    1654
                ],
                [
                    255,
                    1625
                ]
            ],
            "text": "Connection",
            "label": "B_Prop"
        },
        {
            "index": 117,
            "bbox": [
                [
                    472,
                    1624
                ],
                [
                    498,
                    1624
                ],
                [
                    498,
                    1651
                ],
                [
                    472,
                    1651
                ]
            ],
            "text": "1\"",
            "label": "B_Value"
        },
        {
            "index": 118,
            "bbox": [
                [
                    751,
                    1626
                ],
                [
                    785,
                    1626
                ],
                [
                    785,
                    1656
                ],
                [
                    751,
                    1656
                ]
            ],
            "text": "[m]",
            "label": "Out"
        },
        {
            "index": 119,
            "bbox": [
                [
                    139,
                    1658
                ],
                [
                    242,
                    1658
                ],
                [
                    242,
                    1688
                ],
                [
                    139,
                    1688
                ]
            ],
            "text": "Maximum",
            "label": "B_Prop"
        },
        {
            "index": 120,
            "bbox": [
                [
                    235,
                    1658
                ],
                [
                    342,
                    1658
                ],
                [
                    342,
                    1690
                ],
                [
                    235,
                    1690
                ]
            ],
            "text": "immersion",
            "label": "I_Prop"
        },
        {
            "index": 121,
            "bbox": [
                [
                    335,
                    1658
                ],
                [
                    399,
                    1658
                ],
                [
                    399,
                    1692
                ],
                [
                    335,
                    1692
                ]
            ],
            "text": "depth",
            "label": "I_Prop"
        },
        {
            "index": 122,
            "bbox": [
                [
                    395,
                    1660
                ],
                [
                    431,
                    1660
                ],
                [
                    431,
                    1690
                ],
                [
                    395,
                    1690
                ]
            ],
            "text": "[m]",
            "label": "I_Prop"
        },
        {
            "index": 123,
            "bbox": [
                [
                    472,
                    1660
                ],
                [
                    514,
                    1660
                ],
                [
                    514,
                    1688
                ],
                [
                    472,
                    1688
                ]
            ],
            "text": "100",
            "label": "B_Value"
        },
        {
            "index": 124,
            "bbox": [
                [
                    792,
                    1672
                ],
                [
                    827,
                    1672
                ],
                [
                    827,
                    1699
                ],
                [
                    792,
                    1699
                ]
            ],
            "text": "60",
            "label": "Out"
        },
        {
            "index": 125,
            "bbox": [
                [
                    139,
                    1694
                ],
                [
                    242,
                    1694
                ],
                [
                    242,
                    1724
                ],
                [
                    139,
                    1724
                ]
            ],
            "text": "Maximum",
            "label": "B_Prop"
        },
        {
            "index": 126,
            "bbox": [
                [
                    235,
                    1694
                ],
                [
                    297,
                    1694
                ],
                [
                    297,
                    1726
                ],
                [
                    235,
                    1726
                ]
            ],
            "text": "liquid",
            "label": "I_Prop"
        },
        {
            "index": 127,
            "bbox": [
                [
                    290,
                    1697
                ],
                [
                    413,
                    1697
                ],
                [
                    413,
                    1726
                ],
                [
                    290,
                    1726
                ]
            ],
            "text": "temperature",
            "label": "I_Prop"
        },
        {
            "index": 128,
            "bbox": [
                [
                    408,
                    1697
                ],
                [
                    447,
                    1697
                ],
                [
                    447,
                    1724
                ],
                [
                    408,
                    1724
                ]
            ],
            "text": "[°C]",
            "label": "I_Prop"
        },
        {
            "index": 129,
            "bbox": [
                [
                    472,
                    1697
                ],
                [
                    502,
                    1697
                ],
                [
                    502,
                    1724
                ],
                [
                    472,
                    1724
                ]
            ],
            "text": "35",
            "label": "B_Value"
        },
        {
            "index": 130,
            "bbox": [
                [
                    139,
                    1729
                ],
                [
                    205,
                    1729
                ],
                [
                    205,
                    1761
                ],
                [
                    139,
                    1761
                ]
            ],
            "text": "Cablel",
            "label": "B_Prop"
        },
        {
            "index": 131,
            "bbox": [
                [
                    196,
                    1729
                ],
                [
                    267,
                    1729
                ],
                [
                    267,
                    1763
                ],
                [
                    196,
                    1763
                ]
            ],
            "text": "length",
            "label": "I_Prop"
        },
        {
            "index": 132,
            "bbox": [
                [
                    260,
                    1731
                ],
                [
                    297,
                    1731
                ],
                [
                    297,
                    1761
                ],
                [
                    260,
                    1761
                ]
            ],
            "text": "[m]",
            "label": "I_Prop"
        },
        {
            "index": 133,
            "bbox": [
                [
                    475,
                    1731
                ],
                [
                    516,
                    1731
                ],
                [
                    516,
                    1761
                ],
                [
                    475,
                    1761
                ]
            ],
            "text": "1,7*",
            "label": "B_Value"
        },
        {
            "index": 134,
            "bbox": [
                [
                    792,
                    1745
                ],
                [
                    824,
                    1745
                ],
                [
                    824,
                    1770
                ],
                [
                    792,
                    1770
                ]
            ],
            "text": "40",
            "label": "Out"
        },
        {
            "index": 135,
            "bbox": [
                [
                    141,
                    1770
                ],
                [
                    244,
                    1770
                ],
                [
                    244,
                    1793
                ],
                [
                    141,
                    1793
                ]
            ],
            "text": "Protection",
            "label": "B_Prop"
        },
        {
            "index": 136,
            "bbox": [
                [
                    470,
                    1765
                ],
                [
                    530,
                    1765
                ],
                [
                    530,
                    1797
                ],
                [
                    470,
                    1797
                ]
            ],
            "text": "IP68",
            "label": "B_Value"
        },
        {
            "index": 137,
            "bbox": [
                [
                    141,
                    1802
                ],
                [
                    244,
                    1802
                ],
                [
                    244,
                    1831
                ],
                [
                    141,
                    1831
                ]
            ],
            "text": "Insulation",
            "label": "B_Prop"
        },
        {
            "index": 138,
            "bbox": [
                [
                    237,
                    1804
                ],
                [
                    292,
                    1804
                ],
                [
                    292,
                    1829
                ],
                [
                    237,
                    1829
                ]
            ],
            "text": "class",
            "label": "I_Prop"
        },
        {
            "index": 139,
            "bbox": [
                [
                    472,
                    1802
                ],
                [
                    495,
                    1802
                ],
                [
                    495,
                    1831
                ],
                [
                    472,
                    1831
                ]
            ],
            "text": "B",
            "label": "B_Value"
        },
        {
            "index": 140,
            "bbox": [
                [
                    795,
                    1815
                ],
                [
                    827,
                    1815
                ],
                [
                    827,
                    1843
                ],
                [
                    795,
                    1843
                ]
            ],
            "text": "20",
            "label": "Out"
        },
        {
            "index": 141,
            "bbox": [
                [
                    141,
                    1836
                ],
                [
                    214,
                    1836
                ],
                [
                    214,
                    1870
                ],
                [
                    141,
                    1870
                ]
            ],
            "text": "Weight",
            "label": "I_Prop"
        },
        {
            "index": 142,
            "bbox": [
                [
                    210,
                    1838
                ],
                [
                    251,
                    1838
                ],
                [
                    251,
                    1868
                ],
                [
                    210,
                    1868
                ]
            ],
            "text": "[kg]",
            "label": "I_Prop"
        },
        {
            "index": 143,
            "bbox": [
                [
                    475,
                    1838
                ],
                [
                    518,
                    1838
                ],
                [
                    518,
                    1866
                ],
                [
                    475,
                    1866
                ]
            ],
            "text": "12,8",
            "label": "B_Value"
        },
        {
            "index": 144,
            "bbox": [
                [
                    144,
                    1875
                ],
                [
                    246,
                    1875
                ],
                [
                    246,
                    1898
                ],
                [
                    144,
                    1898
                ]
            ],
            "text": "Dimension",
            "label": "B_Prop"
        },
        {
            "index": 145,
            "bbox": [
                [
                    255,
                    1873
                ],
                [
                    324,
                    1873
                ],
                [
                    324,
                    1905
                ],
                [
                    255,
                    1905
                ]
            ],
            "text": "length",
            "label": "I_Prop"
        },
        {
            "index": 146,
            "bbox": [
                [
                    317,
                    1870
                ],
                [
                    374,
                    1870
                ],
                [
                    374,
                    1905
                ],
                [
                    317,
                    1905
                ]
            ],
            "text": "[mm]",
            "label": "I_Prop"
        },
        {
            "index": 147,
            "bbox": [
                [
                    472,
                    1873
                ],
                [
                    514,
                    1873
                ],
                [
                    514,
                    1900
                ],
                [
                    472,
                    1900
                ]
            ],
            "text": "710",
            "label": "B_Value"
        },
        {
            "index": 148,
            "bbox": [
                [
                    806,
                    1891
                ],
                [
                    822,
                    1891
                ],
                [
                    822,
                    1911
                ],
                [
                    806,
                    1911
                ]
            ],
            "text": "0",
            "label": "Out"
        },
        {
            "index": 149,
            "bbox": [
                [
                    132,
                    1920
                ],
                [
                    203,
                    1920
                ],
                [
                    203,
                    1946
                ],
                [
                    132,
                    1946
                ]
            ],
            "text": "*Cable",
            "label": "B_Prop"
        },
        {
            "index": 150,
            "bbox": [
                [
                    201,
                    1920
                ],
                [
                    271,
                    1920
                ],
                [
                    271,
                    1952
                ],
                [
                    201,
                    1952
                ]
            ],
            "text": "length",
            "label": "I_Prop"
        },
        {
            "index": 151,
            "bbox": [
                [
                    267,
                    1920
                ],
                [
                    427,
                    1920
                ],
                [
                    427,
                    1950
                ],
                [
                    267,
                    1950
                ]
            ],
            "text": "ZB00061720-30m,",
            "label": "B_Value"
        },
        {
            "index": 152,
            "bbox": [
                [
                    418,
                    1920
                ],
                [
                    573,
                    1920
                ],
                [
                    573,
                    1950
                ],
                [
                    418,
                    1950
                ]
            ],
            "text": "ZB00061722-40m,",
            "label": "I_Value"
        },
        {
            "index": 153,
            "bbox": [
                [
                    566,
                    1923
                ],
                [
                    712,
                    1923
                ],
                [
                    712,
                    1946
                ],
                [
                    566,
                    1946
                ]
            ],
            "text": "ZB00061723-50m",
            "label": "I_Value"
        },
        {
            "index": 154,
            "bbox": [
                [
                    824,
                    1905
                ],
                [
                    849,
                    1905
                ],
                [
                    849,
                    1932
                ],
                [
                    824,
                    1932
                ]
            ],
            "text": "0",
            "label": "Out"
        },
        {
            "index": 155,
            "bbox": [
                [
                    861,
                    1905
                ],
                [
                    893,
                    1905
                ],
                [
                    893,
                    1932
                ],
                [
                    861,
                    1932
                ]
            ],
            "text": "25",
            "label": "Out"
        },
        {
            "index": 156,
            "bbox": [
                [
                    916,
                    1905
                ],
                [
                    948,
                    1905
                ],
                [
                    948,
                    1932
                ],
                [
                    916,
                    1932
                ]
            ],
            "text": "30",
            "label": "Out"
        },
        {
            "index": 157,
            "bbox": [
                [
                    1016,
                    1905
                ],
                [
                    1046,
                    1905
                ],
                [
                    1046,
                    1932
                ],
                [
                    1016,
                    1932
                ]
            ],
            "text": "35",
            "label": "Out"
        },
        {
            "index": 158,
            "bbox": [
                [
                    1103,
                    1907
                ],
                [
                    1137,
                    1907
                ],
                [
                    1137,
                    1932
                ],
                [
                    1103,
                    1932
                ]
            ],
            "text": "40",
            "label": "Out"
        },
        {
            "index": 159,
            "bbox": [
                [
                    1213,
                    1907
                ],
                [
                    1245,
                    1907
                ],
                [
                    1245,
                    1932
                ],
                [
                    1213,
                    1932
                ]
            ],
            "text": "45",
            "label": "Out"
        },
        {
            "index": 160,
            "bbox": [
                [
                    1322,
                    1907
                ],
                [
                    1354,
                    1907
                ],
                [
                    1354,
                    1932
                ],
                [
                    1322,
                    1932
                ]
            ],
            "text": "50",
            "label": "Out"
        },
        {
            "index": 161,
            "bbox": [
                [
                    1516,
                    1905
                ],
                [
                    1548,
                    1905
                ],
                [
                    1548,
                    1932
                ],
                [
                    1516,
                    1932
                ]
            ],
            "text": "55",
            "label": "Out"
        },
        {
            "index": 162,
            "bbox": [
                [
                    1105,
                    1941
                ],
                [
                    1155,
                    1941
                ],
                [
                    1155,
                    1964
                ],
                [
                    1105,
                    1964
                ]
            ],
            "text": "Flow",
            "label": "Out"
        },
        {
            "index": 163,
            "bbox": [
                [
                    1146,
                    1939
                ],
                [
                    1171,
                    1939
                ],
                [
                    1171,
                    1966
                ],
                [
                    1146,
                    1966
                ]
            ],
            "text": "Q",
            "label": "Out"
        },
        {
            "index": 164,
            "bbox": [
                [
                    1484,
                    1939
                ],
                [
                    1548,
                    1939
                ],
                [
                    1548,
                    1971
                ],
                [
                    1484,
                    1971
                ]
            ],
            "text": "[I/min]",
            "label": "Out"
        },
        {
            "index": 165,
            "bbox": [
                [
                    139,
                    2055
                ],
                [
                    440,
                    2055
                ],
                [
                    440,
                    2087
                ],
                [
                    139,
                    2087
                ]
            ],
            "text": "www.pumpa.eu",
            "label": "Out"
        }
    ]
}