{
    "datasheet": [
        {
            "index": 0,
            "bbox": [
                [
                    187,
                    148
                ],
                [
                    573,
                    148
                ],
                [
                    573,
                    219
                ],
                [
                    187,
                    219
                ]
            ],
            "text": "pumpa",
            "label": "Out"
        },
        {
            "index": 1,
            "bbox": [
                [
                    1057,
                    175
                ],
                [
                    1181,
                    175
                ],
                [
                    1181,
                    207
                ],
                [
                    1057,
                    207
                ]
            ],
            "text": "PUMPA",
            "label": "B_Ref"
        },
        {
            "index": 2,
            "bbox": [
                [
                    1183,
                    175
                ],
                [
                    1267,
                    175
                ],
                [
                    1267,
                    207
                ],
                [
                    1183,
                    207
                ]
            ],
            "text": "BLUE",
            "label": "I_Ref"
        },
        {
            "index": 3,
            "bbox": [
                [
                    1270,
                    175
                ],
                [
                    1347,
                    175
                ],
                [
                    1347,
                    207
                ],
                [
                    1270,
                    207
                ]
            ],
            "text": "LINE",
            "label": "I_Ref"
        },
        {
            "index": 4,
            "bbox": [
                [
                    1350,
                    175
                ],
                [
                    1521,
                    175
                ],
                [
                    1521,
                    207
                ],
                [
                    1350,
                    207
                ]
            ],
            "text": "PSDR550P",
            "label": "I_Ref"
        },
        {
            "index": 5,
            "bbox": [
                [
                    187,
                    296
                ],
                [
                    363,
                    296
                ],
                [
                    363,
                    363
                ],
                [
                    187,
                    363
                ]
            ],
            "text": "blue",
            "label": "Out"
        },
        {
            "index": 6,
            "bbox": [
                [
                    402,
                    292
                ],
                [
                    550,
                    292
                ],
                [
                    550,
                    367
                ],
                [
                    402,
                    367
                ]
            ],
            "text": "line",
            "label": "Out"
        },
        {
            "index": 7,
            "bbox": [
                [
                    134,
                    520
                ],
                [
                    450,
                    520
                ],
                [
                    450,
                    580
                ],
                [
                    134,
                    580
                ]
            ],
            "text": "submersible",
            "label": "B_Descri"
        },
        {
            "index": 8,
            "bbox": [
                [
                    466,
                    523
                ],
                [
                    717,
                    523
                ],
                [
                    717,
                    596
                ],
                [
                    466,
                    596
                ]
            ],
            "text": "drainage",
            "label": "I_Descri"
        },
        {
            "index": 9,
            "bbox": [
                [
                    728,
                    534
                ],
                [
                    913,
                    534
                ],
                [
                    913,
                    598
                ],
                [
                    728,
                    598
                ]
            ],
            "text": "pump",
            "label": "I_Descri"
        },
        {
            "index": 10,
            "bbox": [
                [
                    1087,
                    443
                ],
                [
                    1322,
                    443
                ],
                [
                    1322,
                    625
                ],
                [
                    1087,
                    625
                ]
            ],
            "text": "Ca",
            "label": "Out"
        },
        {
            "index": 11,
            "bbox": [
                [
                    139,
                    637
                ],
                [
                    331,
                    637
                ],
                [
                    331,
                    698
                ],
                [
                    139,
                    698
                ]
            ],
            "text": "BLUE",
            "label": "B_Ref"
        },
        {
            "index": 12,
            "bbox": [
                [
                    356,
                    637
                ],
                [
                    534,
                    637
                ],
                [
                    534,
                    698
                ],
                [
                    356,
                    698
                ]
            ],
            "text": "LINE",
            "label": "I_Ref"
        },
        {
            "index": 13,
            "bbox": [
                [
                    562,
                    639
                ],
                [
                    975,
                    639
                ],
                [
                    975,
                    698
                ],
                [
                    562,
                    698
                ]
            ],
            "text": "PSDR550P",
            "label": "I_Ref"
        },
        {
            "index": 14,
            "bbox": [
                [
                    130,
                    744
                ],
                [
                    326,
                    744
                ],
                [
                    326,
                    785
                ],
                [
                    130,
                    785
                ]
            ],
            "text": "Submersible",
            "label": "B_Descri"
        },
        {
            "index": 15,
            "bbox": [
                [
                    326,
                    746
                ],
                [
                    463,
                    746
                ],
                [
                    463,
                    788
                ],
                [
                    326,
                    788
                ]
            ],
            "text": "drainage",
            "label": "I_Descri"
        },
        {
            "index": 16,
            "bbox": [
                [
                    463,
                    753
                ],
                [
                    552,
                    753
                ],
                [
                    552,
                    788
                ],
                [
                    463,
                    788
                ]
            ],
            "text": "pump",
            "label": "I_Descri"
        },
        {
            "index": 17,
            "bbox": [
                [
                    555,
                    746
                ],
                [
                    625,
                    746
                ],
                [
                    625,
                    783
                ],
                [
                    555,
                    783
                ]
            ],
            "text": "with",
            "label": "I_Descri"
        },
        {
            "index": 18,
            "bbox": [
                [
                    621,
                    744
                ],
                [
                    781,
                    744
                ],
                [
                    781,
                    783
                ],
                [
                    621,
                    783
                ]
            ],
            "text": "automatic",
            "label": "I_Descri"
        },
        {
            "index": 19,
            "bbox": [
                [
                    779,
                    749
                ],
                [
                    868,
                    749
                ],
                [
                    868,
                    783
                ],
                [
                    779,
                    783
                ]
            ],
            "text": "water",
            "label": "I_Descri"
        },
        {
            "index": 20,
            "bbox": [
                [
                    868,
                    746
                ],
                [
                    943,
                    746
                ],
                [
                    943,
                    783
                ],
                [
                    868,
                    783
                ]
            ],
            "text": "level",
            "label": "I_Descri"
        },
        {
            "index": 21,
            "bbox": [
                [
                    132,
                    785
                ],
                [
                    299,
                    785
                ],
                [
                    299,
                    826
                ],
                [
                    132,
                    826
                ]
            ],
            "text": "monitoring",
            "label": "I_Descri"
        },
        {
            "index": 22,
            "bbox": [
                [
                    301,
                    785
                ],
                [
                    333,
                    785
                ],
                [
                    333,
                    822
                ],
                [
                    301,
                    822
                ]
            ],
            "text": "is",
            "label": "I_Descri"
        },
        {
            "index": 23,
            "bbox": [
                [
                    335,
                    788
                ],
                [
                    459,
                    788
                ],
                [
                    459,
                    822
                ],
                [
                    335,
                    822
                ]
            ],
            "text": "suitable",
            "label": "I_Descri"
        },
        {
            "index": 24,
            "bbox": [
                [
                    456,
                    781
                ],
                [
                    509,
                    781
                ],
                [
                    509,
                    822
                ],
                [
                    456,
                    822
                ]
            ],
            "text": "for",
            "label": "I_Descri"
        },
        {
            "index": 25,
            "bbox": [
                [
                    509,
                    785
                ],
                [
                    644,
                    785
                ],
                [
                    644,
                    826
                ],
                [
                    509,
                    826
                ]
            ],
            "text": "pumping",
            "label": "I_Descri"
        },
        {
            "index": 26,
            "bbox": [
                [
                    644,
                    783
                ],
                [
                    737,
                    783
                ],
                [
                    737,
                    824
                ],
                [
                    644,
                    824
                ]
            ],
            "text": "clean",
            "label": "I_Descri"
        },
        {
            "index": 27,
            "bbox": [
                [
                    731,
                    792
                ],
                [
                    772,
                    792
                ],
                [
                    772,
                    820
                ],
                [
                    731,
                    820
                ]
            ],
            "text": "or",
            "label": "I_Descri"
        },
        {
            "index": 28,
            "bbox": [
                [
                    769,
                    785
                ],
                [
                    884,
                    785
                ],
                [
                    884,
                    826
                ],
                [
                    769,
                    826
                ]
            ],
            "text": "slightly",
            "label": "I_Descri"
        },
        {
            "index": 29,
            "bbox": [
                [
                    132,
                    826
                ],
                [
                    340,
                    826
                ],
                [
                    340,
                    858
                ],
                [
                    132,
                    858
                ]
            ],
            "text": "contaminated",
            "label": "I_Descri"
        },
        {
            "index": 30,
            "bbox": [
                [
                    342,
                    829
                ],
                [
                    438,
                    829
                ],
                [
                    438,
                    863
                ],
                [
                    342,
                    863
                ]
            ],
            "text": "water.",
            "label": "I_Descri"
        },
        {
            "index": 31,
            "bbox": [
                [
                    128,
                    1144
                ],
                [
                    278,
                    1144
                ],
                [
                    278,
                    1183
                ],
                [
                    128,
                    1183
                ]
            ],
            "text": "Technical",
            "label": "B_Section"
        },
        {
            "index": 32,
            "bbox": [
                [
                    276,
                    1148
                ],
                [
                    475,
                    1148
                ],
                [
                    475,
                    1187
                ],
                [
                    276,
                    1187
                ]
            ],
            "text": "specification",
            "label": "I_Section"
        },
        {
            "index": 33,
            "bbox": [
                [
                    141,
                    1224
                ],
                [
                    210,
                    1224
                ],
                [
                    210,
                    1249
                ],
                [
                    141,
                    1249
                ]
            ],
            "text": "Model",
            "label": "B_Prop"
        },
        {
            "index": 34,
            "bbox": [
                [
                    550,
                    1224
                ],
                [
                    603,
                    1224
                ],
                [
                    603,
                    1249
                ],
                [
                    550,
                    1249
                ]
            ],
            "text": "blue",
            "label": "B_Value"
        },
        {
            "index": 35,
            "bbox": [
                [
                    600,
                    1224
                ],
                [
                    644,
                    1224
                ],
                [
                    644,
                    1249
                ],
                [
                    600,
                    1249
                ]
            ],
            "text": "line",
            "label": "I_Value"
        },
        {
            "index": 36,
            "bbox": [
                [
                    639,
                    1222
                ],
                [
                    760,
                    1222
                ],
                [
                    760,
                    1251
                ],
                [
                    639,
                    1251
                ]
            ],
            "text": "PSDR550P",
            "label": "I_Value"
        },
        {
            "index": 37,
            "bbox": [
                [
                    141,
                    1274
                ],
                [
                    191,
                    1274
                ],
                [
                    191,
                    1299
                ],
                [
                    141,
                    1299
                ]
            ],
            "text": "Code",
            "label": "B_Prop"
        },
        {
            "index": 38,
            "bbox": [
                [
                    548,
                    1272
                ],
                [
                    651,
                    1272
                ],
                [
                    651,
                    1301
                ],
                [
                    548,
                    1301
                ]
            ],
            "text": "ZB00001233",
            "label": "B_Value"
        },
        {
            "index": 39,
            "bbox": [
                [
                    139,
                    1308
                ],
                [
                    230,
                    1308
                ],
                [
                    230,
                    1331
                ],
                [
                    139,
                    1331
                ]
            ],
            "text": "Maximum",
            "label": "B_Prop"
        },
        {
            "index": 40,
            "bbox": [
                [
                    226,
                    1306
                ],
                [
                    271,
                    1306
                ],
                [
                    271,
                    1331
                ],
                [
                    226,
                    1331
                ]
            ],
            "text": "flow",
            "label": "I_Prop"
        },
        {
            "index": 41,
            "bbox": [
                [
                    269,
                    1304
                ],
                [
                    356,
                    1304
                ],
                [
                    356,
                    1336
                ],
                [
                    269,
                    1336
                ]
            ],
            "text": "[m?/hour]",
            "label": "I_Prop"
        },
        {
            "index": 42,
            "bbox": [
                [
                    548,
                    1306
                ],
                [
                    575,
                    1306
                ],
                [
                    575,
                    1333
                ],
                [
                    548,
                    1333
                ]
            ],
            "text": "11",
            "label": "B_Value"
        },
        {
            "index": 43,
            "bbox": [
                [
                    881,
                    1311
                ],
                [
                    1066,
                    1311
                ],
                [
                    1066,
                    1349
                ],
                [
                    881,
                    1349
                ]
            ],
            "text": "Application",
            "label": "B_Section"
        },
        {
            "index": 44,
            "bbox": [
                [
                    137,
                    1338
                ],
                [
                    233,
                    1338
                ],
                [
                    233,
                    1368
                ],
                [
                    137,
                    1368
                ]
            ],
            "text": "Maximum",
            "label": "B_Prop"
        },
        {
            "index": 45,
            "bbox": [
                [
                    223,
                    1340
                ],
                [
                    317,
                    1340
                ],
                [
                    317,
                    1370
                ],
                [
                    223,
                    1370
                ]
            ],
            "text": "discharge",
            "label": "I_Prop"
        },
        {
            "index": 46,
            "bbox": [
                [
                    310,
                    1340
                ],
                [
                    358,
                    1340
                ],
                [
                    358,
                    1365
                ],
                [
                    310,
                    1365
                ]
            ],
            "text": "head",
            "label": "I_Prop"
        },
        {
            "index": 47,
            "bbox": [
                [
                    358,
                    1340
                ],
                [
                    393,
                    1340
                ],
                [
                    393,
                    1368
                ],
                [
                    358,
                    1368
                ]
            ],
            "text": "[m]",
            "label": "I_Prop"
        },
        {
            "index": 48,
            "bbox": [
                [
                    550,
                    1340
                ],
                [
                    582,
                    1340
                ],
                [
                    582,
                    1368
                ],
                [
                    550,
                    1368
                ]
            ],
            "text": "8,5",
            "label": "B_Value"
        },
        {
            "index": 49,
            "bbox": [
                [
                    904,
                    1354
                ],
                [
                    1014,
                    1354
                ],
                [
                    1014,
                    1384
                ],
                [
                    904,
                    1384
                ]
            ],
            "text": "Basement",
            "label": "B_Descri"
        },
        {
            "index": 50,
            "bbox": [
                [
                    1009,
                    1354
                ],
                [
                    1101,
                    1354
                ],
                [
                    1101,
                    1386
                ],
                [
                    1009,
                    1386
                ]
            ],
            "text": "drainage",
            "label": "I_Descri"
        },
        {
            "index": 51,
            "bbox": [
                [
                    139,
                    1375
                ],
                [
                    217,
                    1375
                ],
                [
                    217,
                    1407
                ],
                [
                    139,
                    1407
                ]
            ],
            "text": "Voltage/",
            "label": "B_Prop"
        },
        {
            "index": 52,
            "bbox": [
                [
                    212,
                    1377
                ],
                [
                    310,
                    1377
                ],
                [
                    310,
                    1407
                ],
                [
                    212,
                    1407
                ]
            ],
            "text": "frequency",
            "label": "I_Prop"
        },
        {
            "index": 53,
            "bbox": [
                [
                    308,
                    1375
                ],
                [
                    370,
                    1375
                ],
                [
                    370,
                    1407
                ],
                [
                    308,
                    1407
                ]
            ],
            "text": "[V/Hz]",
            "label": "I_Prop"
        },
        {
            "index": 54,
            "bbox": [
                [
                    550,
                    1377
                ],
                [
                    616,
                    1377
                ],
                [
                    616,
                    1402
                ],
                [
                    550,
                    1402
                ]
            ],
            "text": "230/50",
            "label": "B_Value"
        },
        {
            "index": 55,
            "bbox": [
                [
                    904,
                    1393
                ],
                [
                    1000,
                    1393
                ],
                [
                    1000,
                    1427
                ],
                [
                    904,
                    1427
                ]
            ],
            "text": "Pumping",
            "label": "B_Descri"
        },
        {
            "index": 56,
            "bbox": [
                [
                    996,
                    1393
                ],
                [
                    1055,
                    1393
                ],
                [
                    1055,
                    1425
                ],
                [
                    996,
                    1425
                ]
            ],
            "text": "from",
            "label": "I_Descri"
        },
        {
            "index": 57,
            "bbox": [
                [
                    1050,
                    1397
                ],
                [
                    1133,
                    1397
                ],
                [
                    1133,
                    1425
                ],
                [
                    1050,
                    1425
                ]
            ],
            "text": "storage",
            "label": "I_Descri"
        },
        {
            "index": 58,
            "bbox": [
                [
                    1128,
                    1395
                ],
                [
                    1190,
                    1395
                ],
                [
                    1190,
                    1420
                ],
                [
                    1128,
                    1420
                ]
            ],
            "text": "tanks",
            "label": "I_Descri"
        },
        {
            "index": 59,
            "bbox": [
                [
                    141,
                    1413
                ],
                [
                    201,
                    1413
                ],
                [
                    201,
                    1439
                ],
                [
                    141,
                    1439
                ]
            ],
            "text": "Power",
            "label": "B_Prop"
        },
        {
            "index": 60,
            "bbox": [
                [
                    196,
                    1413
                ],
                [
                    230,
                    1413
                ],
                [
                    230,
                    1441
                ],
                [
                    196,
                    1441
                ]
            ],
            "text": "[w]",
            "label": "I_Prop"
        },
        {
            "index": 61,
            "bbox": [
                [
                    550,
                    1413
                ],
                [
                    584,
                    1413
                ],
                [
                    584,
                    1439
                ],
                [
                    550,
                    1439
                ]
            ],
            "text": "550",
            "label": "B_Value"
        },
        {
            "index": 62,
            "bbox": [
                [
                    141,
                    1450
                ],
                [
                    242,
                    1450
                ],
                [
                    242,
                    1473
                ],
                [
                    141,
                    1473
                ]
            ],
            "text": "Connection",
            "label": "B_Prop"
        },
        {
            "index": 63,
            "bbox": [
                [
                    550,
                    1448
                ],
                [
                    619,
                    1448
                ],
                [
                    619,
                    1473
                ],
                [
                    550,
                    1473
                ]
            ],
            "text": "1\"-5/4\"",
            "label": "B_Value"
        },
        {
            "index": 64,
            "bbox": [
                [
                    904,
                    1434
                ],
                [
                    1000,
                    1434
                ],
                [
                    1000,
                    1466
                ],
                [
                    904,
                    1466
                ]
            ],
            "text": "Irrigation",
            "label": "B_Descri"
        },
        {
            "index": 65,
            "bbox": [
                [
                    137,
                    1484
                ],
                [
                    233,
                    1484
                ],
                [
                    233,
                    1514
                ],
                [
                    137,
                    1514
                ]
            ],
            "text": "Maximumi",
            "label": "B_Prop"
        },
        {
            "index": 66,
            "bbox": [
                [
                    223,
                    1484
                ],
                [
                    322,
                    1484
                ],
                [
                    322,
                    1514
                ],
                [
                    223,
                    1514
                ]
            ],
            "text": "immersion",
            "label": "I_Prop"
        },
        {
            "index": 67,
            "bbox": [
                [
                    317,
                    1487
                ],
                [
                    372,
                    1487
                ],
                [
                    372,
                    1512
                ],
                [
                    317,
                    1512
                ]
            ],
            "text": "depth",
            "label": "I_Prop"
        },
        {
            "index": 68,
            "bbox": [
                [
                    367,
                    1484
                ],
                [
                    402,
                    1484
                ],
                [
                    402,
                    1512
                ],
                [
                    367,
                    1512
                ]
            ],
            "text": "[m]",
            "label": "I_Prop"
        },
        {
            "index": 69,
            "bbox": [
                [
                    550,
                    1487
                ],
                [
                    568,
                    1487
                ],
                [
                    568,
                    1509
                ],
                [
                    550,
                    1509
                ]
            ],
            "text": "7",
            "label": "B_Value"
        },
        {
            "index": 70,
            "bbox": [
                [
                    139,
                    1525
                ],
                [
                    191,
                    1525
                ],
                [
                    191,
                    1548
                ],
                [
                    139,
                    1548
                ]
            ],
            "text": "Float",
            "label": "B_Prop"
        },
        {
            "index": 71,
            "bbox": [
                [
                    185,
                    1525
                ],
                [
                    246,
                    1525
                ],
                [
                    246,
                    1548
                ],
                [
                    185,
                    1548
                ]
            ],
            "text": "switch",
            "label": "I_Prop"
        },
        {
            "index": 72,
            "bbox": [
                [
                    548,
                    1528
                ],
                [
                    582,
                    1528
                ],
                [
                    582,
                    1553
                ],
                [
                    548,
                    1553
                ]
            ],
            "text": "yes",
            "label": "B_Value"
        },
        {
            "index": 73,
            "bbox": [
                [
                    139,
                    1562
                ],
                [
                    226,
                    1562
                ],
                [
                    226,
                    1585
                ],
                [
                    139,
                    1585
                ]
            ],
            "text": "Minimum",
            "label": "B_Prop"
        },
        {
            "index": 74,
            "bbox": [
                [
                    221,
                    1562
                ],
                [
                    276,
                    1562
                ],
                [
                    276,
                    1585
                ],
                [
                    221,
                    1585
                ]
            ],
            "text": "water",
            "label": "I_Prop"
        },
        {
            "index": 75,
            "bbox": [
                [
                    271,
                    1560
                ],
                [
                    319,
                    1560
                ],
                [
                    319,
                    1585
                ],
                [
                    271,
                    1585
                ]
            ],
            "text": "level",
            "label": "I_Prop"
        },
        {
            "index": 76,
            "bbox": [
                [
                    313,
                    1560
                ],
                [
                    347,
                    1560
                ],
                [
                    347,
                    1587
                ],
                [
                    313,
                    1587
                ]
            ],
            "text": "for",
            "label": "I_Prop"
        },
        {
            "index": 77,
            "bbox": [
                [
                    340,
                    1560
                ],
                [
                    429,
                    1560
                ],
                [
                    429,
                    1589
                ],
                [
                    340,
                    1589
                ]
            ],
            "text": "operation",
            "label": "I_Prop"
        },
        {
            "index": 78,
            "bbox": [
                [
                    424,
                    1560
                ],
                [
                    468,
                    1560
                ],
                [
                    468,
                    1587
                ],
                [
                    424,
                    1587
                ]
            ],
            "text": "[cm]",
            "label": "I_Prop"
        },
        {
            "index": 79,
            "bbox": [
                [
                    550,
                    1562
                ],
                [
                    568,
                    1562
                ],
                [
                    568,
                    1585
                ],
                [
                    550,
                    1585
                ]
            ],
            "text": "7",
            "label": "B_Value"
        },
        {
            "index": 80,
            "bbox": [
                [
                    884,
                    1557
                ],
                [
                    1039,
                    1557
                ],
                [
                    1039,
                    1596
                ],
                [
                    884,
                    1596
                ]
            ],
            "text": "Hydraulic",
            "label": "Out"
        },
        {
            "index": 81,
            "bbox": [
                [
                    1041,
                    1564
                ],
                [
                    1151,
                    1564
                ],
                [
                    1151,
                    1596
                ],
                [
                    1041,
                    1596
                ]
            ],
            "text": "power",
            "label": "Out"
        },
        {
            "index": 82,
            "bbox": [
                [
                    1149,
                    1564
                ],
                [
                    1245,
                    1564
                ],
                [
                    1245,
                    1594
                ],
                [
                    1149,
                    1594
                ]
            ],
            "text": "curve",
            "label": "Out"
        },
        {
            "index": 83,
            "bbox": [
                [
                    139,
                    1594
                ],
                [
                    258,
                    1594
                ],
                [
                    258,
                    1624
                ],
                [
                    139,
                    1624
                ]
            ],
            "text": "Switching-on",
            "label": "B_Prop"
        },
        {
            "index": 84,
            "bbox": [
                [
                    253,
                    1596
                ],
                [
                    306,
                    1596
                ],
                [
                    306,
                    1621
                ],
                [
                    253,
                    1621
                ]
            ],
            "text": "water",
            "label": "I_Prop"
        },
        {
            "index": 85,
            "bbox": [
                [
                    301,
                    1596
                ],
                [
                    349,
                    1596
                ],
                [
                    349,
                    1621
                ],
                [
                    301,
                    1621
                ]
            ],
            "text": "level",
            "label": "I_Prop"
        },
        {
            "index": 86,
            "bbox": [
                [
                    347,
                    1592
                ],
                [
                    395,
                    1592
                ],
                [
                    395,
                    1626
                ],
                [
                    347,
                    1626
                ]
            ],
            "text": "[cm]",
            "label": "I_Prop"
        },
        {
            "index": 87,
            "bbox": [
                [
                    548,
                    1594
                ],
                [
                    578,
                    1594
                ],
                [
                    578,
                    1621
                ],
                [
                    548,
                    1621
                ]
            ],
            "text": "53",
            "label": "B_Value"
        },
        {
            "index": 88,
            "bbox": [
                [
                    913,
                    1610
                ],
                [
                    941,
                    1610
                ],
                [
                    941,
                    1635
                ],
                [
                    913,
                    1635
                ]
            ],
            "text": "10,",
            "label": "Out"
        },
        {
            "index": 89,
            "bbox": [
                [
                    139,
                    1630
                ],
                [
                    260,
                    1630
                ],
                [
                    260,
                    1660
                ],
                [
                    139,
                    1660
                ]
            ],
            "text": "Switching-off",
            "label": "B_Prop"
        },
        {
            "index": 90,
            "bbox": [
                [
                    255,
                    1633
                ],
                [
                    310,
                    1633
                ],
                [
                    310,
                    1658
                ],
                [
                    255,
                    1658
                ]
            ],
            "text": "water",
            "label": "I_Prop"
        },
        {
            "index": 91,
            "bbox": [
                [
                    303,
                    1633
                ],
                [
                    351,
                    1633
                ],
                [
                    351,
                    1658
                ],
                [
                    303,
                    1658
                ]
            ],
            "text": "level",
            "label": "I_Prop"
        },
        {
            "index": 92,
            "bbox": [
                [
                    347,
                    1633
                ],
                [
                    390,
                    1633
                ],
                [
                    390,
                    1658
                ],
                [
                    347,
                    1658
                ]
            ],
            "text": "[cm]",
            "label": "I_Prop"
        },
        {
            "index": 93,
            "bbox": [
                [
                    548,
                    1630
                ],
                [
                    578,
                    1630
                ],
                [
                    578,
                    1658
                ],
                [
                    548,
                    1658
                ]
            ],
            "text": "10",
            "label": "B_Value"
        },
        {
            "index": 94,
            "bbox": [
                [
                    139,
                    1669
                ],
                [
                    230,
                    1669
                ],
                [
                    230,
                    1692
                ],
                [
                    139,
                    1692
                ]
            ],
            "text": "Maximum",
            "label": "B_Prop"
        },
        {
            "index": 95,
            "bbox": [
                [
                    223,
                    1665
                ],
                [
                    310,
                    1665
                ],
                [
                    310,
                    1694
                ],
                [
                    223,
                    1694
                ]
            ],
            "text": "diameter",
            "label": "I_Prop"
        },
        {
            "index": 96,
            "bbox": [
                [
                    301,
                    1667
                ],
                [
                    333,
                    1667
                ],
                [
                    333,
                    1692
                ],
                [
                    301,
                    1692
                ]
            ],
            "text": "of",
            "label": "I_Prop"
        },
        {
            "index": 97,
            "bbox": [
                [
                    324,
                    1667
                ],
                [
                    388,
                    1667
                ],
                [
                    388,
                    1692
                ],
                [
                    324,
                    1692
                ]
            ],
            "text": "coarse",
            "label": "I_Prop"
        },
        {
            "index": 98,
            "bbox": [
                [
                    381,
                    1667
                ],
                [
                    420,
                    1667
                ],
                [
                    420,
                    1692
                ],
                [
                    381,
                    1692
                ]
            ],
            "text": "dirt",
            "label": "I_Prop"
        },
        {
            "index": 99,
            "bbox": [
                [
                    415,
                    1667
                ],
                [
                    466,
                    1667
                ],
                [
                    466,
                    1694
                ],
                [
                    415,
                    1694
                ]
            ],
            "text": "[mm]",
            "label": "I_Prop"
        },
        {
            "index": 100,
            "bbox": [
                [
                    550,
                    1669
                ],
                [
                    566,
                    1669
                ],
                [
                    566,
                    1692
                ],
                [
                    550,
                    1692
                ]
            ],
            "text": "3",
            "label": "B_Value"
        },
        {
            "index": 101,
            "bbox": [
                [
                    881,
                    1678
                ],
                [
                    904,
                    1678
                ],
                [
                    904,
                    1697
                ],
                [
                    881,
                    1697
                ]
            ],
            "text": "m",
            "label": "Out"
        },
        {
            "index": 102,
            "bbox": [
                [
                    137,
                    1701
                ],
                [
                    233,
                    1701
                ],
                [
                    233,
                    1731
                ],
                [
                    137,
                    1731
                ]
            ],
            "text": "Maximum",
            "label": "B_Prop"
        },
        {
            "index": 103,
            "bbox": [
                [
                    226,
                    1703
                ],
                [
                    271,
                    1703
                ],
                [
                    271,
                    1726
                ],
                [
                    226,
                    1726
                ]
            ],
            "text": "fluid",
            "label": "I_Prop"
        },
        {
            "index": 104,
            "bbox": [
                [
                    267,
                    1706
                ],
                [
                    374,
                    1706
                ],
                [
                    374,
                    1729
                ],
                [
                    267,
                    1729
                ]
            ],
            "text": "temperature",
            "label": "I_Prop"
        },
        {
            "index": 105,
            "bbox": [
                [
                    370,
                    1701
                ],
                [
                    408,
                    1701
                ],
                [
                    408,
                    1729
                ],
                [
                    370,
                    1729
                ]
            ],
            "text": "[°C]",
            "label": "I_Prop"
        },
        {
            "index": 106,
            "bbox": [
                [
                    548,
                    1701
                ],
                [
                    578,
                    1701
                ],
                [
                    578,
                    1729
                ],
                [
                    548,
                    1729
                ]
            ],
            "text": "35",
            "label": "B_Value"
        },
        {
            "index": 107,
            "bbox": [
                [
                    141,
                    1738
                ],
                [
                    196,
                    1738
                ],
                [
                    196,
                    1763
                ],
                [
                    141,
                    1763
                ]
            ],
            "text": "Cable",
            "label": "B_Prop"
        },
        {
            "index": 108,
            "bbox": [
                [
                    189,
                    1735
                ],
                [
                    253,
                    1735
                ],
                [
                    253,
                    1767
                ],
                [
                    189,
                    1767
                ]
            ],
            "text": "length",
            "label": "I_Prop"
        },
        {
            "index": 109,
            "bbox": [
                [
                    249,
                    1735
                ],
                [
                    281,
                    1735
                ],
                [
                    281,
                    1765
                ],
                [
                    249,
                    1765
                ]
            ],
            "text": "[m]",
            "label": "I_Prop"
        },
        {
            "index": 110,
            "bbox": [
                [
                    548,
                    1735
                ],
                [
                    578,
                    1735
                ],
                [
                    578,
                    1765
                ],
                [
                    548,
                    1765
                ]
            ],
            "text": "10",
            "label": "B_Value"
        },
        {
            "index": 111,
            "bbox": [
                [
                    1311,
                    1754
                ],
                [
                    1416,
                    1754
                ],
                [
                    1416,
                    1783
                ],
                [
                    1311,
                    1783
                ]
            ],
            "text": "PSDR550P",
            "label": "Out"
        },
        {
            "index": 112,
            "bbox": [
                [
                    137,
                    1772
                ],
                [
                    210,
                    1772
                ],
                [
                    210,
                    1804
                ],
                [
                    137,
                    1804
                ]
            ],
            "text": "Degree",
            "label": "B_Prop"
        },
        {
            "index": 113,
            "bbox": [
                [
                    201,
                    1772
                ],
                [
                    230,
                    1772
                ],
                [
                    230,
                    1799
                ],
                [
                    201,
                    1799
                ]
            ],
            "text": "of",
            "label": "I_Prop"
        },
        {
            "index": 114,
            "bbox": [
                [
                    223,
                    1772
                ],
                [
                    317,
                    1772
                ],
                [
                    317,
                    1804
                ],
                [
                    223,
                    1804
                ]
            ],
            "text": "protection",
            "label": "I_Prop"
        },
        {
            "index": 115,
            "bbox": [
                [
                    548,
                    1774
                ],
                [
                    596,
                    1774
                ],
                [
                    596,
                    1799
                ],
                [
                    548,
                    1799
                ]
            ],
            "text": "IPX8",
            "label": "B_Value"
        },
        {
            "index": 116,
            "bbox": [
                [
                    139,
                    1811
                ],
                [
                    230,
                    1811
                ],
                [
                    230,
                    1834
                ],
                [
                    139,
                    1834
                ]
            ],
            "text": "Insulation",
            "label": "B_Prop"
        },
        {
            "index": 117,
            "bbox": [
                [
                    226,
                    1809
                ],
                [
                    276,
                    1809
                ],
                [
                    276,
                    1834
                ],
                [
                    226,
                    1834
                ]
            ],
            "text": "class",
            "label": "I_Prop"
        },
        {
            "index": 118,
            "bbox": [
                [
                    550,
                    1811
                ],
                [
                    568,
                    1811
                ],
                [
                    568,
                    1834
                ],
                [
                    550,
                    1834
                ]
            ],
            "text": "B",
            "label": "B_Value"
        },
        {
            "index": 119,
            "bbox": [
                [
                    925,
                    1825
                ],
                [
                    938,
                    1825
                ],
                [
                    938,
                    1841
                ],
                [
                    925,
                    1841
                ]
            ],
            "text": "2",
            "label": "Out"
        },
        {
            "index": 120,
            "bbox": [
                [
                    139,
                    1843
                ],
                [
                    210,
                    1843
                ],
                [
                    210,
                    1875
                ],
                [
                    139,
                    1875
                ]
            ],
            "text": "Weight",
            "label": "B_Prop"
        },
        {
            "index": 121,
            "bbox": [
                [
                    203,
                    1843
                ],
                [
                    237,
                    1843
                ],
                [
                    237,
                    1873
                ],
                [
                    203,
                    1873
                ]
            ],
            "text": "[kg]",
            "label": "I_Prop"
        },
        {
            "index": 122,
            "bbox": [
                [
                    550,
                    1845
                ],
                [
                    582,
                    1845
                ],
                [
                    582,
                    1873
                ],
                [
                    550,
                    1873
                ]
            ],
            "text": "5,2",
            "label": "B_Value"
        },
        {
            "index": 123,
            "bbox": [
                [
                    139,
                    1879
                ],
                [
                    228,
                    1879
                ],
                [
                    228,
                    1909
                ],
                [
                    139,
                    1909
                ]
            ],
            "text": "Diameter,",
            "label": "B_Prop"
        },
        {
            "index": 124,
            "bbox": [
                [
                    221,
                    1879
                ],
                [
                    285,
                    1879
                ],
                [
                    285,
                    1911
                ],
                [
                    221,
                    1911
                ]
            ],
            "text": "height",
            "label": "I_Prop"
        },
        {
            "index": 125,
            "bbox": [
                [
                    278,
                    1879
                ],
                [
                    326,
                    1879
                ],
                [
                    326,
                    1907
                ],
                [
                    278,
                    1907
                ]
            ],
            "text": "[mm]",
            "label": "I_Prop"
        },
        {
            "index": 126,
            "bbox": [
                [
                    550,
                    1882
                ],
                [
                    589,
                    1882
                ],
                [
                    589,
                    1907
                ],
                [
                    550,
                    1907
                ]
            ],
            "text": "220,",
            "label": "B_Value"
        },
        {
            "index": 127,
            "bbox": [
                [
                    582,
                    1882
                ],
                [
                    619,
                    1882
                ],
                [
                    619,
                    1907
                ],
                [
                    582,
                    1907
                ]
            ],
            "text": "300",
            "label": "B_Value"
        },
        {
            "index": 128,
            "bbox": [
                [
                    920,
                    1873
                ],
                [
                    950,
                    1873
                ],
                [
                    950,
                    1898
                ],
                [
                    920,
                    1898
                ]
            ],
            "text": "OL",
            "label": "Out"
        },
        {
            "index": 129,
            "bbox": [
                [
                    936,
                    1891
                ],
                [
                    959,
                    1891
                ],
                [
                    959,
                    1914
                ],
                [
                    936,
                    1914
                ]
            ],
            "text": "0",
            "label": "Out"
        },
        {
            "index": 130,
            "bbox": [
                [
                    1009,
                    1891
                ],
                [
                    1059,
                    1891
                ],
                [
                    1059,
                    1914
                ],
                [
                    1009,
                    1914
                ]
            ],
            "text": "2000",
            "label": "Out"
        },
        {
            "index": 131,
            "bbox": [
                [
                    1105,
                    1891
                ],
                [
                    1155,
                    1891
                ],
                [
                    1155,
                    1914
                ],
                [
                    1105,
                    1914
                ]
            ],
            "text": "4000",
            "label": "Out"
        },
        {
            "index": 132,
            "bbox": [
                [
                    1197,
                    1891
                ],
                [
                    1245,
                    1891
                ],
                [
                    1245,
                    1914
                ],
                [
                    1197,
                    1914
                ]
            ],
            "text": "6000",
            "label": "Out"
        },
        {
            "index": 133,
            "bbox": [
                [
                    1295,
                    1891
                ],
                [
                    1343,
                    1891
                ],
                [
                    1343,
                    1914
                ],
                [
                    1295,
                    1914
                ]
            ],
            "text": "8000",
            "label": "Out"
        },
        {
            "index": 134,
            "bbox": [
                [
                    1384,
                    1891
                ],
                [
                    1443,
                    1891
                ],
                [
                    1443,
                    1914
                ],
                [
                    1384,
                    1914
                ]
            ],
            "text": "10000",
            "label": "Out"
        },
        {
            "index": 135,
            "bbox": [
                [
                    1464,
                    1889
                ],
                [
                    1523,
                    1889
                ],
                [
                    1523,
                    1914
                ],
                [
                    1464,
                    1914
                ]
            ],
            "text": "12000",
            "label": "Out"
        },
        {
            "index": 136,
            "bbox": [
                [
                    1171,
                    1925
                ],
                [
                    1219,
                    1925
                ],
                [
                    1219,
                    1948
                ],
                [
                    1171,
                    1948
                ]
            ],
            "text": "Flow",
            "label": "Out"
        },
        {
            "index": 137,
            "bbox": [
                [
                    1210,
                    1923
                ],
                [
                    1235,
                    1923
                ],
                [
                    1235,
                    1950
                ],
                [
                    1210,
                    1950
                ]
            ],
            "text": "Q",
            "label": "Out"
        },
        {
            "index": 138,
            "bbox": [
                [
                    1468,
                    1925
                ],
                [
                    1523,
                    1925
                ],
                [
                    1523,
                    1950
                ],
                [
                    1468,
                    1950
                ]
            ],
            "text": "I/hour",
            "label": "Out"
        },
        {
            "index": 139,
            "bbox": [
                [
                    134,
                    2092
                ],
                [
                    438,
                    2092
                ],
                [
                    438,
                    2122
                ],
                [
                    134,
                    2122
                ]
            ],
            "text": "www.pumpa.eu",
            "label": "Out"
        }
    ]
}