{
    "datasheet": [
        {
            "index": 0,
            "bbox": [
                [
                    937,
                    67
                ],
                [
                    1003,
                    67
                ],
                [
                    1003,
                    88
                ],
                [
                    937,
                    88
                ]
            ],
            "text": "Parker",
            "label": "Out"
        },
        {
            "index": 1,
            "bbox": [
                [
                    1003,
                    67
                ],
                [
                    1080,
                    67
                ],
                [
                    1080,
                    88
                ],
                [
                    1003,
                    88
                ]
            ],
            "text": "Hannifin",
            "label": "Out"
        },
        {
            "index": 2,
            "bbox": [
                [
                    1082,
                    66
                ],
                [
                    1193,
                    66
                ],
                [
                    1193,
                    93
                ],
                [
                    1082,
                    93
                ]
            ],
            "text": "Corporation",
            "label": "Out"
        },
        {
            "index": 3,
            "bbox": [
                [
                    885,
                    93
                ],
                [
                    1029,
                    93
                ],
                [
                    1029,
                    114
                ],
                [
                    885,
                    114
                ]
            ],
            "text": "Instrumentation",
            "label": "Out"
        },
        {
            "index": 4,
            "bbox": [
                [
                    1030,
                    93
                ],
                [
                    1116,
                    93
                ],
                [
                    1116,
                    116
                ],
                [
                    1030,
                    116
                ]
            ],
            "text": "Products",
            "label": "Out"
        },
        {
            "index": 5,
            "bbox": [
                [
                    1116,
                    93
                ],
                [
                    1191,
                    93
                ],
                [
                    1191,
                    114
                ],
                [
                    1116,
                    114
                ]
            ],
            "text": "Division",
            "label": "Out"
        },
        {
            "index": 6,
            "bbox": [
                [
                    1008,
                    119
                ],
                [
                    1056,
                    119
                ],
                [
                    1056,
                    141
                ],
                [
                    1008,
                    141
                ]
            ],
            "text": "1005",
            "label": "Out"
        },
        {
            "index": 7,
            "bbox": [
                [
                    1054,
                    119
                ],
                [
                    1074,
                    119
                ],
                [
                    1074,
                    141
                ],
                [
                    1054,
                    141
                ]
            ],
            "text": "A",
            "label": "Out"
        },
        {
            "index": 8,
            "bbox": [
                [
                    1074,
                    119
                ],
                [
                    1148,
                    119
                ],
                [
                    1148,
                    141
                ],
                [
                    1074,
                    141
                ]
            ],
            "text": "Cleaner",
            "label": "Out"
        },
        {
            "index": 9,
            "bbox": [
                [
                    1146,
                    119
                ],
                [
                    1191,
                    119
                ],
                [
                    1191,
                    145
                ],
                [
                    1146,
                    145
                ]
            ],
            "text": "Way",
            "label": "Out"
        },
        {
            "index": 10,
            "bbox": [
                [
                    958,
                    146
                ],
                [
                    1051,
                    146
                ],
                [
                    1051,
                    169
                ],
                [
                    958,
                    169
                ]
            ],
            "text": "Huntsville,",
            "label": "Out"
        },
        {
            "index": 11,
            "bbox": [
                [
                    1051,
                    146
                ],
                [
                    1080,
                    146
                ],
                [
                    1080,
                    167
                ],
                [
                    1051,
                    167
                ]
            ],
            "text": "AL",
            "label": "Out"
        },
        {
            "index": 12,
            "bbox": [
                [
                    1145,
                    145
                ],
                [
                    1193,
                    145
                ],
                [
                    1193,
                    167
                ],
                [
                    1145,
                    167
                ]
            ],
            "text": "USA",
            "label": "Out"
        },
        {
            "index": 13,
            "bbox": [
                [
                    128,
                    112
                ],
                [
                    384,
                    112
                ],
                [
                    384,
                    177
                ],
                [
                    128,
                    177
                ]
            ],
            "text": "Parker",
            "label": "Out"
        },
        {
            "index": 14,
            "bbox": [
                [
                    1080,
                    146
                ],
                [
                    1145,
                    146
                ],
                [
                    1145,
                    169
                ],
                [
                    1080,
                    169
                ]
            ],
            "text": "35805,",
            "label": "Out"
        },
        {
            "index": 15,
            "bbox": [
                [
                    953,
                    170
                ],
                [
                    1020,
                    170
                ],
                [
                    1020,
                    193
                ],
                [
                    953,
                    193
                ]
            ],
            "text": "Phone:",
            "label": "Out"
        },
        {
            "index": 16,
            "bbox": [
                [
                    1020,
                    172
                ],
                [
                    1048,
                    172
                ],
                [
                    1048,
                    191
                ],
                [
                    1020,
                    191
                ]
            ],
            "text": "+1",
            "label": "Out"
        },
        {
            "index": 17,
            "bbox": [
                [
                    1050,
                    170
                ],
                [
                    1101,
                    170
                ],
                [
                    1101,
                    196
                ],
                [
                    1050,
                    196
                ]
            ],
            "text": "(256)",
            "label": "Out"
        },
        {
            "index": 18,
            "bbox": [
                [
                    1103,
                    170
                ],
                [
                    1191,
                    170
                ],
                [
                    1191,
                    193
                ],
                [
                    1103,
                    193
                ]
            ],
            "text": "881-2040",
            "label": "Out"
        },
        {
            "index": 19,
            "bbox": [
                [
                    79,
                    206
                ],
                [
                    207,
                    206
                ],
                [
                    207,
                    227
                ],
                [
                    79,
                    227
                ]
            ],
            "text": "ENGINEERING",
            "label": "Out"
        },
        {
            "index": 20,
            "bbox": [
                [
                    205,
                    204
                ],
                [
                    263,
                    204
                ],
                [
                    263,
                    227
                ],
                [
                    205,
                    227
                ]
            ],
            "text": "YOUR",
            "label": "Out"
        },
        {
            "index": 21,
            "bbox": [
                [
                    263,
                    206
                ],
                [
                    363,
                    206
                ],
                [
                    363,
                    227
                ],
                [
                    263,
                    227
                ]
            ],
            "text": "SUCCESS.",
            "label": "Out"
        },
        {
            "index": 22,
            "bbox": [
                [
                    980,
                    196
                ],
                [
                    1022,
                    196
                ],
                [
                    1022,
                    220
                ],
                [
                    980,
                    220
                ]
            ],
            "text": "Fax:",
            "label": "Out"
        },
        {
            "index": 23,
            "bbox": [
                [
                    1024,
                    198
                ],
                [
                    1048,
                    198
                ],
                [
                    1048,
                    219
                ],
                [
                    1024,
                    219
                ]
            ],
            "text": "+1",
            "label": "Out"
        },
        {
            "index": 24,
            "bbox": [
                [
                    1051,
                    196
                ],
                [
                    1103,
                    196
                ],
                [
                    1103,
                    222
                ],
                [
                    1051,
                    222
                ]
            ],
            "text": "(256)",
            "label": "Out"
        },
        {
            "index": 25,
            "bbox": [
                [
                    1104,
                    196
                ],
                [
                    1191,
                    196
                ],
                [
                    1191,
                    219
                ],
                [
                    1104,
                    219
                ]
            ],
            "text": "881-5072",
            "label": "Out"
        },
        {
            "index": 26,
            "bbox": [
                [
                    79,
                    243
                ],
                [
                    189,
                    243
                ],
                [
                    189,
                    270
                ],
                [
                    79,
                    270
                ]
            ],
            "text": "PARKER",
            "label": "Out"
        },
        {
            "index": 27,
            "bbox": [
                [
                    191,
                    244
                ],
                [
                    378,
                    244
                ],
                [
                    378,
                    267
                ],
                [
                    191,
                    267
                ]
            ],
            "text": "Instrumentation",
            "label": "Out"
        },
        {
            "index": 28,
            "bbox": [
                [
                    382,
                    244
                ],
                [
                    492,
                    244
                ],
                [
                    492,
                    267
                ],
                [
                    382,
                    267
                ]
            ],
            "text": "Products",
            "label": "Out"
        },
        {
            "index": 29,
            "bbox": [
                [
                    495,
                    244
                ],
                [
                    593,
                    244
                ],
                [
                    593,
                    269
                ],
                [
                    495,
                    269
                ]
            ],
            "text": "Division",
            "label": "Out"
        },
        {
            "index": 30,
            "bbox": [
                [
                    81,
                    275
                ],
                [
                    162,
                    275
                ],
                [
                    162,
                    299
                ],
                [
                    81,
                    299
                ]
            ],
            "text": "Parker",
            "label": "Out"
        },
        {
            "index": 31,
            "bbox": [
                [
                    163,
                    275
                ],
                [
                    228,
                    275
                ],
                [
                    228,
                    299
                ],
                [
                    163,
                    299
                ]
            ],
            "text": "Tube",
            "label": "Out"
        },
        {
            "index": 32,
            "bbox": [
                [
                    231,
                    277
                ],
                [
                    315,
                    277
                ],
                [
                    315,
                    301
                ],
                [
                    231,
                    301
                ]
            ],
            "text": "Fitting,",
            "label": "Out"
        },
        {
            "index": 33,
            "bbox": [
                [
                    320,
                    275
                ],
                [
                    394,
                    275
                ],
                [
                    394,
                    299
                ],
                [
                    320,
                    299
                ]
            ],
            "text": "Union",
            "label": "Out"
        },
        {
            "index": 34,
            "bbox": [
                [
                    395,
                    273
                ],
                [
                    444,
                    273
                ],
                [
                    444,
                    299
                ],
                [
                    395,
                    299
                ]
            ],
            "text": "Tee",
            "label": "Out"
        },
        {
            "index": 35,
            "bbox": [
                [
                    445,
                    278
                ],
                [
                    461,
                    278
                ],
                [
                    461,
                    299
                ],
                [
                    445,
                    299
                ]
            ],
            "text": "-",
            "label": "Out"
        },
        {
            "index": 36,
            "bbox": [
                [
                    460,
                    275
                ],
                [
                    544,
                    275
                ],
                [
                    544,
                    299
                ],
                [
                    460,
                    299
                ]
            ],
            "text": "A-LOK",
            "label": "Out"
        },
        {
            "index": 37,
            "bbox": [
                [
                    547,
                    275
                ],
                [
                    624,
                    275
                ],
                [
                    624,
                    299
                ],
                [
                    547,
                    299
                ]
            ],
            "text": "Series",
            "label": "Out"
        },
        {
            "index": 38,
            "bbox": [
                [
                    63,
                    331
                ],
                [
                    128,
                    331
                ],
                [
                    128,
                    354
                ],
                [
                    63,
                    354
                ]
            ],
            "text": "PART",
            "label": "B_Ref"
        },
        {
            "index": 39,
            "bbox": [
                [
                    126,
                    333
                ],
                [
                    216,
                    333
                ],
                [
                    216,
                    354
                ],
                [
                    126,
                    354
                ]
            ],
            "text": "Number:",
            "label": "I_Ref"
        },
        {
            "index": 40,
            "bbox": [
                [
                    220,
                    331
                ],
                [
                    323,
                    331
                ],
                [
                    323,
                    354
                ],
                [
                    220,
                    354
                ]
            ],
            "text": "ETM8-316",
            "label": "I_Ref"
        },
        {
            "index": 41,
            "bbox": [
                [
                    442,
                    802
                ],
                [
                    531,
                    802
                ],
                [
                    531,
                    823
                ],
                [
                    442,
                    823
                ]
            ],
            "text": "Interactive",
            "label": "Out"
        },
        {
            "index": 42,
            "bbox": [
                [
                    529,
                    804
                ],
                [
                    556,
                    804
                ],
                [
                    556,
                    823
                ],
                [
                    529,
                    823
                ]
            ],
            "text": "3D",
            "label": "Out"
        },
        {
            "index": 43,
            "bbox": [
                [
                    555,
                    804
                ],
                [
                    622,
                    804
                ],
                [
                    622,
                    825
                ],
                [
                    555,
                    825
                ]
            ],
            "text": "graphic,",
            "label": "Out"
        },
        {
            "index": 44,
            "bbox": [
                [
                    619,
                    802
                ],
                [
                    663,
                    802
                ],
                [
                    663,
                    825
                ],
                [
                    619,
                    825
                ]
            ],
            "text": "click",
            "label": "Out"
        },
        {
            "index": 45,
            "bbox": [
                [
                    660,
                    804
                ],
                [
                    682,
                    804
                ],
                [
                    682,
                    823
                ],
                [
                    660,
                    823
                ]
            ],
            "text": "to",
            "label": "Out"
        },
        {
            "index": 46,
            "bbox": [
                [
                    677,
                    802
                ],
                [
                    745,
                    802
                ],
                [
                    745,
                    825
                ],
                [
                    677,
                    825
                ]
            ],
            "text": "activate",
            "label": "Out"
        },
        {
            "index": 47,
            "bbox": [
                [
                    745,
                    804
                ],
                [
                    779,
                    804
                ],
                [
                    779,
                    823
                ],
                [
                    745,
                    823
                ]
            ],
            "text": "and",
            "label": "Out"
        },
        {
            "index": 48,
            "bbox": [
                [
                    777,
                    805
                ],
                [
                    827,
                    805
                ],
                [
                    827,
                    823
                ],
                [
                    777,
                    823
                ]
            ],
            "text": "rotate",
            "label": "Out"
        },
        {
            "index": 49,
            "bbox": [
                [
                    502,
                    825
                ],
                [
                    537,
                    825
                ],
                [
                    537,
                    849
                ],
                [
                    502,
                    849
                ]
            ],
            "text": "(3D",
            "label": "Out"
        },
        {
            "index": 50,
            "bbox": [
                [
                    535,
                    826
                ],
                [
                    602,
                    826
                ],
                [
                    602,
                    849
                ],
                [
                    535,
                    849
                ]
            ],
            "text": "capable",
            "label": "Out"
        },
        {
            "index": 51,
            "bbox": [
                [
                    600,
                    828
                ],
                [
                    640,
                    828
                ],
                [
                    640,
                    845
                ],
                [
                    600,
                    845
                ]
            ],
            "text": "PDF",
            "label": "Out"
        },
        {
            "index": 52,
            "bbox": [
                [
                    640,
                    828
                ],
                [
                    698,
                    828
                ],
                [
                    698,
                    847
                ],
                [
                    640,
                    847
                ]
            ],
            "text": "viewer",
            "label": "Out"
        },
        {
            "index": 53,
            "bbox": [
                [
                    693,
                    826
                ],
                [
                    769,
                    826
                ],
                [
                    769,
                    849
                ],
                [
                    693,
                    849
                ]
            ],
            "text": "required)",
            "label": "Out"
        },
        {
            "index": 54,
            "bbox": [
                [
                    65,
                    863
                ],
                [
                    160,
                    863
                ],
                [
                    160,
                    886
                ],
                [
                    65,
                    886
                ]
            ],
            "text": "Technical",
            "label": "B_Section"
        },
        {
            "index": 55,
            "bbox": [
                [
                    160,
                    863
                ],
                [
                    208,
                    863
                ],
                [
                    208,
                    886
                ],
                [
                    160,
                    886
                ]
            ],
            "text": "Data",
            "label": "I_Section"
        },
        {
            "index": 56,
            "bbox": [
                [
                    68,
                    894
                ],
                [
                    113,
                    894
                ],
                [
                    113,
                    918
                ],
                [
                    68,
                    918
                ]
            ],
            "text": "Part",
            "label": "B_Prop"
        },
        {
            "index": 57,
            "bbox": [
                [
                    113,
                    895
                ],
                [
                    194,
                    895
                ],
                [
                    194,
                    918
                ],
                [
                    113,
                    918
                ]
            ],
            "text": "Number",
            "label": "I_Prop"
        },
        {
            "index": 58,
            "bbox": [
                [
                    487,
                    894
                ],
                [
                    590,
                    894
                ],
                [
                    590,
                    916
                ],
                [
                    487,
                    916
                ]
            ],
            "text": "ETM8-316",
            "label": "B_Value"
        },
        {
            "index": 59,
            "bbox": [
                [
                    68,
                    924
                ],
                [
                    134,
                    924
                ],
                [
                    134,
                    947
                ],
                [
                    68,
                    947
                ]
            ],
            "text": "Series",
            "label": "B_Prop"
        },
        {
            "index": 60,
            "bbox": [
                [
                    134,
                    926
                ],
                [
                    197,
                    926
                ],
                [
                    197,
                    947
                ],
                [
                    134,
                    947
                ]
            ],
            "text": "Name",
            "label": "I_Prop"
        },
        {
            "index": 61,
            "bbox": [
                [
                    487,
                    924
                ],
                [
                    555,
                    924
                ],
                [
                    555,
                    949
                ],
                [
                    487,
                    949
                ]
            ],
            "text": "Parker",
            "label": "B_Value"
        },
        {
            "index": 62,
            "bbox": [
                [
                    555,
                    924
                ],
                [
                    608,
                    924
                ],
                [
                    608,
                    949
                ],
                [
                    555,
                    949
                ]
            ],
            "text": "Tube",
            "label": "I_Value"
        },
        {
            "index": 63,
            "bbox": [
                [
                    610,
                    926
                ],
                [
                    674,
                    926
                ],
                [
                    674,
                    950
                ],
                [
                    610,
                    950
                ]
            ],
            "text": "Fitting,",
            "label": "I_Value"
        },
        {
            "index": 64,
            "bbox": [
                [
                    677,
                    924
                ],
                [
                    737,
                    924
                ],
                [
                    737,
                    949
                ],
                [
                    677,
                    949
                ]
            ],
            "text": "Union",
            "label": "I_Value"
        },
        {
            "index": 65,
            "bbox": [
                [
                    737,
                    924
                ],
                [
                    780,
                    924
                ],
                [
                    780,
                    949
                ],
                [
                    737,
                    949
                ]
            ],
            "text": "Tee",
            "label": "I_Value"
        },
        {
            "index": 66,
            "bbox": [
                [
                    779,
                    931
                ],
                [
                    795,
                    931
                ],
                [
                    795,
                    947
                ],
                [
                    779,
                    947
                ]
            ],
            "text": "-",
            "label": "I_Value"
        },
        {
            "index": 67,
            "bbox": [
                [
                    793,
                    924
                ],
                [
                    863,
                    924
                ],
                [
                    863,
                    947
                ],
                [
                    793,
                    947
                ]
            ],
            "text": "A-LOK",
            "label": "I_Value"
        },
        {
            "index": 68,
            "bbox": [
                [
                    861,
                    924
                ],
                [
                    925,
                    924
                ],
                [
                    925,
                    947
                ],
                [
                    861,
                    947
                ]
            ],
            "text": "Series",
            "label": "I_Value"
        },
        {
            "index": 69,
            "bbox": [
                [
                    68,
                    957
                ],
                [
                    134,
                    957
                ],
                [
                    134,
                    979
                ],
                [
                    68,
                    979
                ]
            ],
            "text": "Series",
            "label": "B_Prop"
        },
        {
            "index": 70,
            "bbox": [
                [
                    134,
                    957
                ],
                [
                    191,
                    957
                ],
                [
                    191,
                    979
                ],
                [
                    134,
                    979
                ]
            ],
            "text": "Code",
            "label": "I_Prop"
        },
        {
            "index": 71,
            "bbox": [
                [
                    486,
                    957
                ],
                [
                    556,
                    957
                ],
                [
                    556,
                    979
                ],
                [
                    486,
                    979
                ]
            ],
            "text": "A-LOK",
            "label": "B_Value"
        },
        {
            "index": 72,
            "bbox": [
                [
                    556,
                    957
                ],
                [
                    614,
                    957
                ],
                [
                    614,
                    979
                ],
                [
                    556,
                    979
                ]
            ],
            "text": "Union",
            "label": "I_Value"
        },
        {
            "index": 73,
            "bbox": [
                [
                    614,
                    955
                ],
                [
                    658,
                    955
                ],
                [
                    658,
                    979
                ],
                [
                    614,
                    979
                ]
            ],
            "text": "Tee",
            "label": "I_Value"
        },
        {
            "index": 74,
            "bbox": [
                [
                    70,
                    986
                ],
                [
                    146,
                    986
                ],
                [
                    146,
                    1008
                ],
                [
                    70,
                    1008
                ]
            ],
            "text": "Division",
            "label": "B_Prop"
        },
        {
            "index": 75,
            "bbox": [
                [
                    147,
                    986
                ],
                [
                    171,
                    986
                ],
                [
                    171,
                    1008
                ],
                [
                    147,
                    1008
                ]
            ],
            "text": "ID",
            "label": "I_Prop"
        },
        {
            "index": 76,
            "bbox": [
                [
                    486,
                    986
                ],
                [
                    561,
                    986
                ],
                [
                    561,
                    1010
                ],
                [
                    486,
                    1010
                ]
            ],
            "text": "687516",
            "label": "B_Value"
        },
        {
            "index": 77,
            "bbox": [
                [
                    68,
                    1016
                ],
                [
                    146,
                    1016
                ],
                [
                    146,
                    1040
                ],
                [
                    68,
                    1040
                ]
            ],
            "text": "Division",
            "label": "B_Prop"
        },
        {
            "index": 78,
            "bbox": [
                [
                    147,
                    1016
                ],
                [
                    208,
                    1016
                ],
                [
                    208,
                    1039
                ],
                [
                    147,
                    1039
                ]
            ],
            "text": "Name",
            "label": "I_Prop"
        },
        {
            "index": 79,
            "bbox": [
                [
                    487,
                    1018
                ],
                [
                    637,
                    1018
                ],
                [
                    637,
                    1039
                ],
                [
                    487,
                    1039
                ]
            ],
            "text": "Instrumentation",
            "label": "B_Value"
        },
        {
            "index": 80,
            "bbox": [
                [
                    640,
                    1018
                ],
                [
                    729,
                    1018
                ],
                [
                    729,
                    1039
                ],
                [
                    640,
                    1039
                ]
            ],
            "text": "Products",
            "label": "I_Value"
        },
        {
            "index": 81,
            "bbox": [
                [
                    729,
                    1016
                ],
                [
                    808,
                    1016
                ],
                [
                    808,
                    1039
                ],
                [
                    729,
                    1039
                ]
            ],
            "text": "Division",
            "label": "I_Value"
        },
        {
            "index": 82,
            "bbox": [
                [
                    68,
                    1050
                ],
                [
                    163,
                    1050
                ],
                [
                    163,
                    1074
                ],
                [
                    68,
                    1074
                ]
            ],
            "text": "Company",
            "label": "B_Prop"
        },
        {
            "index": 83,
            "bbox": [
                [
                    487,
                    1047
                ],
                [
                    555,
                    1047
                ],
                [
                    555,
                    1071
                ],
                [
                    487,
                    1071
                ]
            ],
            "text": "Parker",
            "label": "B_Value"
        },
        {
            "index": 84,
            "bbox": [
                [
                    556,
                    1048
                ],
                [
                    637,
                    1048
                ],
                [
                    637,
                    1071
                ],
                [
                    556,
                    1071
                ]
            ],
            "text": "Hannifin",
            "label": "I_Value"
        },
        {
            "index": 85,
            "bbox": [
                [
                    790,
                    1582
                ],
                [
                    829,
                    1582
                ],
                [
                    829,
                    1600
                ],
                [
                    790,
                    1600
                ]
            ],
            "text": "PDF",
            "label": "Out"
        },
        {
            "index": 86,
            "bbox": [
                [
                    827,
                    1580
                ],
                [
                    911,
                    1580
                ],
                [
                    911,
                    1601
                ],
                [
                    827,
                    1601
                ]
            ],
            "text": "Datasheet",
            "label": "Out"
        },
        {
            "index": 87,
            "bbox": [
                [
                    908,
                    1580
                ],
                [
                    980,
                    1580
                ],
                [
                    980,
                    1601
                ],
                [
                    908,
                    1601
                ]
            ],
            "text": "Powered",
            "label": "Out"
        },
        {
            "index": 88,
            "bbox": [
                [
                    979,
                    1582
                ],
                [
                    1001,
                    1582
                ],
                [
                    1001,
                    1603
                ],
                [
                    979,
                    1603
                ]
            ],
            "text": "by",
            "label": "Out"
        },
        {
            "index": 89,
            "bbox": [
                [
                    1000,
                    1580
                ],
                [
                    1088,
                    1580
                ],
                [
                    1088,
                    1601
                ],
                [
                    1000,
                    1601
                ]
            ],
            "text": "CADENAS",
            "label": "Out"
        },
        {
            "index": 90,
            "bbox": [
                [
                    1087,
                    1580
                ],
                [
                    1203,
                    1580
                ],
                [
                    1203,
                    1601
                ],
                [
                    1087,
                    1601
                ]
            ],
            "text": "PARTsolutions",
            "label": "Out"
        }
    ]
}