{
    "datasheet": [
        {
            "index": 0,
            "bbox": [
                [
                    146,
                    105
                ],
                [
                    405,
                    105
                ],
                [
                    405,
                    156
                ],
                [
                    146,
                    156
                ]
            ],
            "text": "Product",
            "label": "Out"
        },
        {
            "index": 1,
            "bbox": [
                [
                    427,
                    100
                ],
                [
                    577,
                    100
                ],
                [
                    577,
                    161
                ],
                [
                    427,
                    161
                ]
            ],
            "text": "data",
            "label": "Out"
        },
        {
            "index": 2,
            "bbox": [
                [
                    596,
                    103
                ],
                [
                    786,
                    103
                ],
                [
                    786,
                    161
                ],
                [
                    596,
                    161
                ]
            ],
            "text": "sheet",
            "label": "Out"
        },
        {
            "index": 3,
            "bbox": [
                [
                    136,
                    182
                ],
                [
                    297,
                    182
                ],
                [
                    297,
                    219
                ],
                [
                    136,
                    219
                ]
            ],
            "text": "Specifications",
            "label": "Out"
        },
        {
            "index": 4,
            "bbox": [
                [
                    680,
                    291
                ],
                [
                    850,
                    291
                ],
                [
                    850,
                    349
                ],
                [
                    680,
                    349
                ]
            ],
            "text": "Gauge",
            "label": "B_Descri"
        },
        {
            "index": 5,
            "bbox": [
                [
                    860,
                    288
                ],
                [
                    979,
                    288
                ],
                [
                    979,
                    341
                ],
                [
                    860,
                    341
                ]
            ],
            "text": "level",
            "label": "I_Descri"
        },
        {
            "index": 6,
            "bbox": [
                [
                    990,
                    291
                ],
                [
                    1194,
                    291
                ],
                [
                    1194,
                    338
                ],
                [
                    990,
                    338
                ]
            ],
            "text": "wireless",
            "label": "I_Descri"
        },
        {
            "index": 7,
            "bbox": [
                [
                    1204,
                    288
                ],
                [
                    1310,
                    288
                ],
                [
                    1310,
                    341
                ],
                [
                    1204,
                    341
                ]
            ],
            "text": "field",
            "label": "I_Descri"
        },
        {
            "index": 8,
            "bbox": [
                [
                    1323,
                    288
                ],
                [
                    1421,
                    288
                ],
                [
                    1421,
                    341
                ],
                [
                    1323,
                    341
                ]
            ],
            "text": "unit",
            "label": "I_Descri"
        },
        {
            "index": 9,
            "bbox": [
                [
                    680,
                    359
                ],
                [
                    900,
                    359
                ],
                [
                    900,
                    404
                ],
                [
                    680,
                    404
                ]
            ],
            "text": "available",
            "label": "I_Descri"
        },
        {
            "index": 10,
            "bbox": [
                [
                    911,
                    357
                ],
                [
                    961,
                    357
                ],
                [
                    961,
                    407
                ],
                [
                    911,
                    407
                ]
            ],
            "text": "in",
            "label": "I_Descri"
        },
        {
            "index": 11,
            "bbox": [
                [
                    972,
                    365
                ],
                [
                    1006,
                    365
                ],
                [
                    1006,
                    407
                ],
                [
                    972,
                    407
                ]
            ],
            "text": "a",
            "label": "I_Descri"
        },
        {
            "index": 12,
            "bbox": [
                [
                    1019,
                    359
                ],
                [
                    1239,
                    359
                ],
                [
                    1239,
                    404
                ],
                [
                    1019,
                    404
                ]
            ],
            "text": "selection",
            "label": "I_Descri"
        },
        {
            "index": 13,
            "bbox": [
                [
                    1252,
                    354
                ],
                [
                    1307,
                    354
                ],
                [
                    1307,
                    407
                ],
                [
                    1252,
                    407
                ]
            ],
            "text": "of",
            "label": "I_Descri"
        },
        {
            "index": 14,
            "bbox": [
                [
                    1313,
                    362
                ],
                [
                    1487,
                    362
                ],
                [
                    1487,
                    407
                ],
                [
                    1313,
                    407
                ]
            ],
            "text": "sensor",
            "label": "I_Descri"
        },
        {
            "index": 15,
            "bbox": [
                [
                    680,
                    431
                ],
                [
                    850,
                    431
                ],
                [
                    850,
                    481
                ],
                [
                    680,
                    481
                ]
            ],
            "text": "ranges",
            "label": "I_Descri"
        },
        {
            "index": 16,
            "bbox": [
                [
                    860,
                    420
                ],
                [
                    937,
                    420
                ],
                [
                    937,
                    476
                ],
                [
                    860,
                    476
                ]
            ],
            "text": "for",
            "label": "I_Descri"
        },
        {
            "index": 17,
            "bbox": [
                [
                    945,
                    431
                ],
                [
                    1038,
                    431
                ],
                [
                    1038,
                    473
                ],
                [
                    945,
                    473
                ]
            ],
            "text": "use",
            "label": "I_Descri"
        },
        {
            "index": 18,
            "bbox": [
                [
                    1048,
                    423
                ],
                [
                    1096,
                    423
                ],
                [
                    1096,
                    473
                ],
                [
                    1048,
                    473
                ]
            ],
            "text": "in",
            "label": "I_Descri"
        },
        {
            "index": 19,
            "bbox": [
                [
                    1106,
                    420
                ],
                [
                    1204,
                    420
                ],
                [
                    1204,
                    473
                ],
                [
                    1106,
                    473
                ]
            ],
            "text": "haz",
            "label": "I_Descri"
        },
        {
            "index": 20,
            "bbox": [
                [
                    1212,
                    433
                ],
                [
                    1355,
                    433
                ],
                [
                    1355,
                    473
                ],
                [
                    1212,
                    473
                ]
            ],
            "text": "areas",
            "label": "I_Descri"
        },
        {
            "index": 21,
            "bbox": [
                [
                    678,
                    531
                ],
                [
                    747,
                    531
                ],
                [
                    747,
                    560
                ],
                [
                    678,
                    560
                ]
            ],
            "text": "GL10",
            "label": "B_Ref"
        },
        {
            "index": 22,
            "bbox": [
                [
                    136,
                    804
                ],
                [
                    220,
                    804
                ],
                [
                    220,
                    843
                ],
                [
                    136,
                    843
                ]
            ],
            "text": "Main",
            "label": "B_Section"
        },
        {
            "index": 23,
            "bbox": [
                [
                    136,
                    857
                ],
                [
                    223,
                    857
                ],
                [
                    223,
                    894
                ],
                [
                    136,
                    894
                ]
            ],
            "text": "Range",
            "label": "B_Prop"
        },
        {
            "index": 24,
            "bbox": [
                [
                    220,
                    857
                ],
                [
                    255,
                    857
                ],
                [
                    255,
                    891
                ],
                [
                    220,
                    891
                ]
            ],
            "text": "of",
            "label": "I_Prop"
        },
        {
            "index": 25,
            "bbox": [
                [
                    249,
                    857
                ],
                [
                    355,
                    857
                ],
                [
                    355,
                    894
                ],
                [
                    249,
                    894
                ]
            ],
            "text": "product",
            "label": "I_Prop"
        },
        {
            "index": 26,
            "bbox": [
                [
                    561,
                    854
                ],
                [
                    667,
                    854
                ],
                [
                    667,
                    888
                ],
                [
                    561,
                    888
                ]
            ],
            "text": "Accutech",
            "label": "B_Value"
        },
        {
            "index": 27,
            "bbox": [
                [
                    133,
                    915
                ],
                [
                    244,
                    915
                ],
                [
                    244,
                    949
                ],
                [
                    133,
                    949
                ]
            ],
            "text": "Product",
            "label": "B_Prop"
        },
        {
            "index": 28,
            "bbox": [
                [
                    236,
                    920
                ],
                [
                    278,
                    920
                ],
                [
                    278,
                    949
                ],
                [
                    236,
                    949
                ]
            ],
            "text": "or",
            "label": "I_Prop"
        },
        {
            "index": 29,
            "bbox": [
                [
                    270,
                    917
                ],
                [
                    419,
                    917
                ],
                [
                    419,
                    952
                ],
                [
                    270,
                    952
                ]
            ],
            "text": "component",
            "label": "I_Prop"
        },
        {
            "index": 30,
            "bbox": [
                [
                    413,
                    915
                ],
                [
                    479,
                    915
                ],
                [
                    479,
                    955
                ],
                [
                    413,
                    955
                ]
            ],
            "text": "type",
            "label": "I_Prop"
        },
        {
            "index": 31,
            "bbox": [
                [
                    561,
                    915
                ],
                [
                    662,
                    915
                ],
                [
                    662,
                    949
                ],
                [
                    561,
                    949
                ]
            ],
            "text": "Wireless",
            "label": "B_Value"
        },
        {
            "index": 32,
            "bbox": [
                [
                    651,
                    915
                ],
                [
                    773,
                    915
                ],
                [
                    773,
                    949
                ],
                [
                    651,
                    949
                ]
            ],
            "text": "transmitter",
            "label": "I_Value"
        },
        {
            "index": 33,
            "bbox": [
                [
                    136,
                    976
                ],
                [
                    231,
                    976
                ],
                [
                    231,
                    1007
                ],
                [
                    136,
                    1007
                ]
            ],
            "text": "Device",
            "label": "B_Prop"
        },
        {
            "index": 34,
            "bbox": [
                [
                    225,
                    976
                ],
                [
                    368,
                    976
                ],
                [
                    368,
                    1010
                ],
                [
                    225,
                    1010
                ]
            ],
            "text": "application",
            "label": "I_Prop"
        },
        {
            "index": 35,
            "bbox": [
                [
                    561,
                    970
                ],
                [
                    665,
                    970
                ],
                [
                    665,
                    1005
                ],
                [
                    561,
                    1005
                ]
            ],
            "text": "Measure",
            "label": "B_Value"
        },
        {
            "index": 36,
            "bbox": [
                [
                    657,
                    973
                ],
                [
                    712,
                    973
                ],
                [
                    712,
                    1005
                ],
                [
                    657,
                    1005
                ]
            ],
            "text": "level",
            "label": "I_Value"
        },
        {
            "index": 37,
            "bbox": [
                [
                    136,
                    1034
                ],
                [
                    231,
                    1034
                ],
                [
                    231,
                    1066
                ],
                [
                    136,
                    1066
                ]
            ],
            "text": "Market",
            "label": "B_Prop"
        },
        {
            "index": 38,
            "bbox": [
                [
                    225,
                    1034
                ],
                [
                    342,
                    1034
                ],
                [
                    342,
                    1068
                ],
                [
                    225,
                    1068
                ]
            ],
            "text": "segment",
            "label": "I_Prop"
        },
        {
            "index": 39,
            "bbox": [
                [
                    564,
                    1031
                ],
                [
                    604,
                    1031
                ],
                [
                    604,
                    1063
                ],
                [
                    564,
                    1063
                ]
            ],
            "text": "Oil",
            "label": "B_Value"
        },
        {
            "index": 40,
            "bbox": [
                [
                    596,
                    1034
                ],
                [
                    646,
                    1034
                ],
                [
                    646,
                    1066
                ],
                [
                    596,
                    1066
                ]
            ],
            "text": "and",
            "label": "I_Value"
        },
        {
            "index": 41,
            "bbox": [
                [
                    641,
                    1037
                ],
                [
                    688,
                    1037
                ],
                [
                    688,
                    1066
                ],
                [
                    641,
                    1066
                ]
            ],
            "text": "gas",
            "label": "I_Value"
        },
        {
            "index": 42,
            "bbox": [
                [
                    564,
                    1058
                ],
                [
                    643,
                    1058
                ],
                [
                    643,
                    1095
                ],
                [
                    564,
                    1095
                ]
            ],
            "text": "Mining",
            "label": "B_Value"
        },
        {
            "index": 43,
            "bbox": [
                [
                    564,
                    1087
                ],
                [
                    636,
                    1087
                ],
                [
                    636,
                    1116
                ],
                [
                    564,
                    1116
                ]
            ],
            "text": "Water",
            "label": "B_Value"
        },
        {
            "index": 44,
            "bbox": [
                [
                    628,
                    1087
                ],
                [
                    678,
                    1087
                ],
                [
                    678,
                    1116
                ],
                [
                    628,
                    1116
                ]
            ],
            "text": "and",
            "label": "I_Value"
        },
        {
            "index": 45,
            "bbox": [
                [
                    673,
                    1087
                ],
                [
                    741,
                    1087
                ],
                [
                    741,
                    1116
                ],
                [
                    673,
                    1116
                ]
            ],
            "text": "waste",
            "label": "I_Value"
        },
        {
            "index": 46,
            "bbox": [
                [
                    736,
                    1087
                ],
                [
                    802,
                    1087
                ],
                [
                    802,
                    1116
                ],
                [
                    736,
                    1116
                ]
            ],
            "text": "water",
            "label": "I_Value"
        },
        {
            "index": 47,
            "bbox": [
                [
                    138,
                    1187
                ],
                [
                    400,
                    1187
                ],
                [
                    400,
                    1224
                ],
                [
                    138,
                    1224
                ]
            ],
            "text": "Complementary",
            "label": "B_Section"
        },
        {
            "index": 48,
            "bbox": [
                [
                    133,
                    1235
                ],
                [
                    313,
                    1235
                ],
                [
                    313,
                    1269
                ],
                [
                    133,
                    1269
                ]
            ],
            "text": "Measurement",
            "label": "B_Prop"
        },
        {
            "index": 49,
            "bbox": [
                [
                    305,
                    1238
                ],
                [
                    389,
                    1238
                ],
                [
                    389,
                    1275
                ],
                [
                    305,
                    1275
                ]
            ],
            "text": "range",
            "label": "I_Prop"
        },
        {
            "index": 50,
            "bbox": [
                [
                    567,
                    1238
                ],
                [
                    633,
                    1238
                ],
                [
                    633,
                    1267
                ],
                [
                    567,
                    1267
                ]
            ],
            "text": "0...15",
            "label": "B_Value"
        },
        {
            "index": 51,
            "bbox": [
                [
                    625,
                    1238
                ],
                [
                    667,
                    1238
                ],
                [
                    667,
                    1267
                ],
                [
                    625,
                    1267
                ]
            ],
            "text": "Psi",
            "label": "I_Value"
        },
        {
            "index": 52,
            "bbox": [
                [
                    564,
                    1261
                ],
                [
                    665,
                    1261
                ],
                [
                    665,
                    1296
                ],
                [
                    564,
                    1296
                ]
            ],
            "text": "0...1.034",
            "label": "B_Value"
        },
        {
            "index": 53,
            "bbox": [
                [
                    657,
                    1264
                ],
                [
                    704,
                    1264
                ],
                [
                    704,
                    1293
                ],
                [
                    657,
                    1293
                ]
            ],
            "text": "Bar",
            "label": "I_Value"
        },
        {
            "index": 54,
            "bbox": [
                [
                    564,
                    1291
                ],
                [
                    633,
                    1291
                ],
                [
                    633,
                    1320
                ],
                [
                    564,
                    1320
                ]
            ],
            "text": "0...30",
            "label": "B_Value"
        },
        {
            "index": 55,
            "bbox": [
                [
                    625,
                    1291
                ],
                [
                    667,
                    1291
                ],
                [
                    667,
                    1322
                ],
                [
                    625,
                    1322
                ]
            ],
            "text": "Psi",
            "label": "I_Value"
        },
        {
            "index": 56,
            "bbox": [
                [
                    564,
                    1314
                ],
                [
                    665,
                    1314
                ],
                [
                    665,
                    1349
                ],
                [
                    564,
                    1349
                ]
            ],
            "text": "0...2.068",
            "label": "B_Value"
        },
        {
            "index": 57,
            "bbox": [
                [
                    657,
                    1317
                ],
                [
                    702,
                    1317
                ],
                [
                    702,
                    1346
                ],
                [
                    657,
                    1346
                ]
            ],
            "text": "Bar",
            "label": "I_Value"
        },
        {
            "index": 58,
            "bbox": [
                [
                    138,
                    1376
                ],
                [
                    138,
                    1403
                ],
                [
                    310,
                    1403
                ],
                [
                    310,
                    1376
                ]
            ],
            "text": "Measurement",
            "label": "B_Prop"
        },
        {
            "index": 59,
            "bbox": [
                [
                    305,
                    1375
                ],
                [
                    432,
                    1375
                ],
                [
                    432,
                    1410
                ],
                [
                    305,
                    1410
                ]
            ],
            "text": "accuracy",
            "label": "I_Prop"
        },
        {
            "index": 60,
            "bbox": [
                [
                    564,
                    1373
                ],
                [
                    604,
                    1373
                ],
                [
                    604,
                    1402
                ],
                [
                    564,
                    1402
                ]
            ],
            "text": "+/-",
            "label": "B_Value"
        },
        {
            "index": 61,
            "bbox": [
                [
                    598,
                    1373
                ],
                [
                    651,
                    1373
                ],
                [
                    651,
                    1402
                ],
                [
                    598,
                    1402
                ]
            ],
            "text": "0.25",
            "label": "I_Value"
        },
        {
            "index": 62,
            "bbox": [
                [
                    643,
                    1370
                ],
                [
                    678,
                    1370
                ],
                [
                    678,
                    1404
                ],
                [
                    643,
                    1404
                ]
            ],
            "text": "%",
            "label": "I_Value"
        },
        {
            "index": 63,
            "bbox": [
                [
                    673,
                    1370
                ],
                [
                    704,
                    1370
                ],
                [
                    704,
                    1404
                ],
                [
                    673,
                    1404
                ]
            ],
            "text": "of",
            "label": "I_Value"
        },
        {
            "index": 64,
            "bbox": [
                [
                    694,
                    1370
                ],
                [
                    784,
                    1370
                ],
                [
                    784,
                    1407
                ],
                [
                    694,
                    1407
                ]
            ],
            "text": "reading",
            "label": "I_Value"
        },
        {
            "index": 65,
            "bbox": [
                [
                    133,
                    1428
                ],
                [
                    202,
                    1428
                ],
                [
                    202,
                    1465
                ],
                [
                    133,
                    1465
                ]
            ],
            "text": "Drift",
            "label": "B_Prop"
        },
        {
            "index": 66,
            "bbox": [
                [
                    194,
                    1431
                ],
                [
                    231,
                    1431
                ],
                [
                    231,
                    1462
                ],
                [
                    194,
                    1462
                ]
            ],
            "text": "of",
            "label": "I_Prop"
        },
        {
            "index": 67,
            "bbox": [
                [
                    225,
                    1431
                ],
                [
                    276,
                    1431
                ],
                [
                    276,
                    1462
                ],
                [
                    225,
                    1462
                ]
            ],
            "text": "the",
            "label": "I_Prop"
        },
        {
            "index": 68,
            "bbox": [
                [
                    273,
                    1431
                ],
                [
                    403,
                    1431
                ],
                [
                    403,
                    1468
                ],
                [
                    273,
                    1468
                ]
            ],
            "text": "sensitivity",
            "label": "I_Prop"
        },
        {
            "index": 69,
            "bbox": [
                [
                    564,
                    1431
                ],
                [
                    638,
                    1431
                ],
                [
                    638,
                    1460
                ],
                [
                    564,
                    1460
                ]
            ],
            "text": "+/-0.1",
            "label": "B_Value"
        },
        {
            "index": 70,
            "bbox": [
                [
                    633,
                    1428
                ],
                [
                    665,
                    1428
                ],
                [
                    665,
                    1462
                ],
                [
                    633,
                    1462
                ]
            ],
            "text": "%",
            "label": "I_Value"
        },
        {
            "index": 71,
            "bbox": [
                [
                    136,
                    1489
                ],
                [
                    265,
                    1489
                ],
                [
                    265,
                    1526
                ],
                [
                    136,
                    1526
                ]
            ],
            "text": "Operating",
            "label": "B_Prop"
        },
        {
            "index": 72,
            "bbox": [
                [
                    263,
                    1489
                ],
                [
                    379,
                    1489
                ],
                [
                    379,
                    1523
                ],
                [
                    263,
                    1523
                ]
            ],
            "text": "distance",
            "label": "I_Prop"
        },
        {
            "index": 73,
            "bbox": [
                [
                    564,
                    1489
                ],
                [
                    622,
                    1489
                ],
                [
                    622,
                    1518
                ],
                [
                    564,
                    1518
                ]
            ],
            "text": "3000",
            "label": "B_Value"
        },
        {
            "index": 74,
            "bbox": [
                [
                    620,
                    1492
                ],
                [
                    641,
                    1492
                ],
                [
                    641,
                    1518
                ],
                [
                    620,
                    1518
                ]
            ],
            "text": "ft",
            "label": "I_Value"
        },
        {
            "index": 75,
            "bbox": [
                [
                    567,
                    1515
                ],
                [
                    625,
                    1515
                ],
                [
                    625,
                    1547
                ],
                [
                    567,
                    1547
                ]
            ],
            "text": "1000",
            "label": "B_Value"
        },
        {
            "index": 76,
            "bbox": [
                [
                    620,
                    1518
                ],
                [
                    651,
                    1518
                ],
                [
                    651,
                    1547
                ],
                [
                    620,
                    1547
                ]
            ],
            "text": "m",
            "label": "I_Value"
        },
        {
            "index": 77,
            "bbox": [
                [
                    138,
                    1613
                ],
                [
                    350,
                    1613
                ],
                [
                    350,
                    1650
                ],
                [
                    138,
                    1650
                ]
            ],
            "text": "Environment",
            "label": "B_Section"
        },
        {
            "index": 78,
            "bbox": [
                [
                    133,
                    1666
                ],
                [
                    249,
                    1666
                ],
                [
                    249,
                    1701
                ],
                [
                    133,
                    1701
                ]
            ],
            "text": "Ambient",
            "label": "B_Prop"
        },
        {
            "index": 79,
            "bbox": [
                [
                    241,
                    1669
                ],
                [
                    286,
                    1669
                ],
                [
                    286,
                    1698
                ],
                [
                    241,
                    1698
                ]
            ],
            "text": "air",
            "label": "I_Prop"
        },
        {
            "index": 80,
            "bbox": [
                [
                    284,
                    1669
                ],
                [
                    445,
                    1669
                ],
                [
                    445,
                    1703
                ],
                [
                    284,
                    1703
                ]
            ],
            "text": "temperature",
            "label": "I_Prop"
        },
        {
            "index": 81,
            "bbox": [
                [
                    440,
                    1669
                ],
                [
                    485,
                    1669
                ],
                [
                    485,
                    1698
                ],
                [
                    440,
                    1698
                ]
            ],
            "text": "for",
            "label": "I_Prop"
        },
        {
            "index": 82,
            "bbox": [
                [
                    564,
                    1669
                ],
                [
                    654,
                    1669
                ],
                [
                    654,
                    1698
                ],
                [
                    564,
                    1698
                ]
            ],
            "text": "-40...85",
            "label": "B_Value"
        },
        {
            "index": 83,
            "bbox": [
                [
                    649,
                    1666
                ],
                [
                    686,
                    1666
                ],
                [
                    686,
                    1698
                ],
                [
                    649,
                    1698
                ]
            ],
            "text": "°C",
            "label": "I_Value"
        },
        {
            "index": 84,
            "bbox": [
                [
                    136,
                    1698
                ],
                [
                    260,
                    1698
                ],
                [
                    260,
                    1732
                ],
                [
                    136,
                    1732
                ]
            ],
            "text": "operation",
            "label": "B_Prop"
        },
        {
            "index": 85,
            "bbox": [
                [
                    564,
                    1695
                ],
                [
                    654,
                    1695
                ],
                [
                    654,
                    1724
                ],
                [
                    564,
                    1724
                ]
            ],
            "text": "-40...85",
            "label": "B_Value"
        },
        {
            "index": 86,
            "bbox": [
                [
                    649,
                    1693
                ],
                [
                    686,
                    1693
                ],
                [
                    686,
                    1724
                ],
                [
                    649,
                    1724
                ]
            ],
            "text": "°C",
            "label": "I_Value"
        },
        {
            "index": 87,
            "bbox": [
                [
                    133,
                    1753
                ],
                [
                    273,
                    1753
                ],
                [
                    273,
                    1788
                ],
                [
                    133,
                    1788
                ]
            ],
            "text": "Standards",
            "label": "I_Prop"
        },
        {
            "index": 88,
            "bbox": [
                [
                    564,
                    1756
                ],
                [
                    633,
                    1756
                ],
                [
                    633,
                    1785
                ],
                [
                    564,
                    1785
                ]
            ],
            "text": "ATEX",
            "label": "B_Value"
        },
        {
            "index": 89,
            "bbox": [
                [
                    630,
                    1756
                ],
                [
                    691,
                    1756
                ],
                [
                    691,
                    1785
                ],
                [
                    630,
                    1785
                ]
            ],
            "text": "100a",
            "label": "I_Value"
        },
        {
            "index": 90,
            "bbox": [
                [
                    699,
                    1756
                ],
                [
                    749,
                    1756
                ],
                [
                    749,
                    1785
                ],
                [
                    699,
                    1785
                ]
            ],
            "text": "EEx",
            "label": "I_Value"
        },
        {
            "index": 91,
            "bbox": [
                [
                    744,
                    1753
                ],
                [
                    781,
                    1753
                ],
                [
                    781,
                    1785
                ],
                [
                    744,
                    1785
                ]
            ],
            "text": "nL",
            "label": "I_Value"
        },
        {
            "index": 92,
            "bbox": [
                [
                    776,
                    1753
                ],
                [
                    815,
                    1753
                ],
                [
                    815,
                    1785
                ],
                [
                    776,
                    1785
                ]
            ],
            "text": "IIC",
            "label": "I_Value"
        },
        {
            "index": 93,
            "bbox": [
                [
                    810,
                    1753
                ],
                [
                    847,
                    1753
                ],
                [
                    847,
                    1785
                ],
                [
                    810,
                    1785
                ]
            ],
            "text": "T3",
            "label": "I_Value"
        },
        {
            "index": 94,
            "bbox": [
                [
                    567,
                    1783
                ],
                [
                    651,
                    1783
                ],
                [
                    651,
                    1812
                ],
                [
                    567,
                    1812
                ]
            ],
            "text": "HazLoc",
            "label": "B_Value"
        },
        {
            "index": 95,
            "bbox": [
                [
                    133,
                    1835
                ],
                [
                    244,
                    1835
                ],
                [
                    244,
                    1870
                ],
                [
                    133,
                    1870
                ]
            ],
            "text": "Product",
            "label": "B_Prop"
        },
        {
            "index": 96,
            "bbox": [
                [
                    239,
                    1835
                ],
                [
                    411,
                    1835
                ],
                [
                    411,
                    1870
                ],
                [
                    239,
                    1870
                ]
            ],
            "text": "certifications",
            "label": "I_Prop"
        },
        {
            "index": 97,
            "bbox": [
                [
                    567,
                    1838
                ],
                [
                    622,
                    1838
                ],
                [
                    622,
                    1867
                ],
                [
                    567,
                    1867
                ]
            ],
            "text": "CSA",
            "label": "B_Value"
        },
        {
            "index": 98,
            "bbox": [
                [
                    617,
                    1838
                ],
                [
                    683,
                    1838
                ],
                [
                    683,
                    1867
                ],
                [
                    617,
                    1867
                ]
            ],
            "text": "Class",
            "label": "I_Value"
        },
        {
            "index": 99,
            "bbox": [
                [
                    678,
                    1838
                ],
                [
                    710,
                    1838
                ],
                [
                    710,
                    1867
                ],
                [
                    678,
                    1867
                ]
            ],
            "text": "1D",
            "label": "I_Value"
        },
        {
            "index": 100,
            "bbox": [
                [
                    699,
                    1838
                ],
                [
                    784,
                    1838
                ],
                [
                    784,
                    1867
                ],
                [
                    699,
                    1867
                ]
            ],
            "text": "Division",
            "label": "I_Value"
        },
        {
            "index": 101,
            "bbox": [
                [
                    781,
                    1838
                ],
                [
                    802,
                    1838
                ],
                [
                    802,
                    1865
                ],
                [
                    781,
                    1865
                ]
            ],
            "text": "1",
            "label": "I_Value"
        },
        {
            "index": 102,
            "bbox": [
                [
                    567,
                    1865
                ],
                [
                    638,
                    1865
                ],
                [
                    638,
                    1894
                ],
                [
                    567,
                    1894
                ]
            ],
            "text": "IECEX",
            "label": "I_Value"
        },
        {
            "index": 103,
            "bbox": [
                [
                    1617,
                    1931
                ],
                [
                    1636,
                    1931
                ],
                [
                    1636,
                    1957
                ],
                [
                    1617,
                    1957
                ]
            ],
            "text": "E",
            "label": "Out"
        },
        {
            "index": 104,
            "bbox": [
                [
                    1617,
                    2007
                ],
                [
                    1638,
                    2007
                ],
                [
                    1638,
                    2050
                ],
                [
                    1617,
                    2050
                ]
            ],
            "text": "8",
            "label": "Out"
        },
        {
            "index": 105,
            "bbox": [
                [
                    136,
                    2642
                ],
                [
                    186,
                    2642
                ],
                [
                    186,
                    2674
                ],
                [
                    136,
                    2674
                ]
            ],
            "text": "Sep",
            "label": "Out"
        },
        {
            "index": 106,
            "bbox": [
                [
                    180,
                    2640
                ],
                [
                    215,
                    2640
                ],
                [
                    215,
                    2674
                ],
                [
                    180,
                    2674
                ]
            ],
            "text": "8,",
            "label": "Out"
        },
        {
            "index": 107,
            "bbox": [
                [
                    210,
                    2642
                ],
                [
                    273,
                    2642
                ],
                [
                    273,
                    2671
                ],
                [
                    210,
                    2671
                ]
            ],
            "text": "2022",
            "label": "Out"
        },
        {
            "index": 108,
            "bbox": [
                [
                    694,
                    2642
                ],
                [
                    765,
                    2642
                ],
                [
                    765,
                    2671
                ],
                [
                    694,
                    2671
                ]
            ],
            "text": "Lifelson",
            "label": "Out"
        },
        {
            "index": 109,
            "bbox": [
                [
                    770,
                    2642
                ],
                [
                    863,
                    2642
                ],
                [
                    863,
                    2682
                ],
                [
                    770,
                    2682
                ]
            ],
            "text": "Schneider",
            "label": "Out"
        }
    ]
}