{
    "datasheet": [
        {
            "index": 0,
            "bbox": [
                [
                    146,
                    98
                ],
                [
                    404,
                    98
                ],
                [
                    404,
                    121
                ],
                [
                    146,
                    121
                ]
            ],
            "text": "www.osram-os.com",
            "label": "Out"
        },
        {
            "index": 1,
            "bbox": [
                [
                    116,
                    230
                ],
                [
                    194,
                    230
                ],
                [
                    194,
                    280
                ],
                [
                    116,
                    280
                ]
            ],
            "text": "BP",
            "label": "B_Ref"
        },
        {
            "index": 2,
            "bbox": [
                [
                    210,
                    230
                ],
                [
                    301,
                    230
                ],
                [
                    301,
                    278
                ],
                [
                    210,
                    278
                ]
            ],
            "text": "104",
            "label": "I_Ref"
        },
        {
            "index": 3,
            "bbox": [
                [
                    315,
                    228
                ],
                [
                    424,
                    228
                ],
                [
                    424,
                    280
                ],
                [
                    315,
                    280
                ]
            ],
            "text": "FAS",
            "label": "I_Ref"
        },
        {
            "index": 4,
            "bbox": [
                [
                    116,
                    333
                ],
                [
                    182,
                    333
                ],
                [
                    182,
                    372
                ],
                [
                    116,
                    372
                ]
            ],
            "text": "DIL",
            "label": "B_Section"
        },
        {
            "index": 5,
            "bbox": [
                [
                    189,
                    335
                ],
                [
                    274,
                    335
                ],
                [
                    274,
                    372
                ],
                [
                    189,
                    372
                ]
            ],
            "text": "SMT",
            "label": "I_Section"
        },
        {
            "index": 6,
            "bbox": [
                [
                    116,
                    386
                ],
                [
                    207,
                    386
                ],
                [
                    207,
                    418
                ],
                [
                    116,
                    418
                ]
            ],
            "text": "Silicon",
            "label": "B_Descri"
        },
        {
            "index": 7,
            "bbox": [
                [
                    207,
                    386
                ],
                [
                    265,
                    386
                ],
                [
                    265,
                    420
                ],
                [
                    207,
                    420
                ]
            ],
            "text": "PIN",
            "label": "I_Descri"
        },
        {
            "index": 8,
            "bbox": [
                [
                    267,
                    388
                ],
                [
                    420,
                    388
                ],
                [
                    420,
                    418
                ],
                [
                    267,
                    418
                ]
            ],
            "text": "Photodiode",
            "label": "I_Descri"
        },
        {
            "index": 9,
            "bbox": [
                [
                    420,
                    386
                ],
                [
                    482,
                    386
                ],
                [
                    482,
                    420
                ],
                [
                    420,
                    420
                ]
            ],
            "text": "with",
            "label": "I_Descri"
        },
        {
            "index": 10,
            "bbox": [
                [
                    484,
                    388
                ],
                [
                    591,
                    388
                ],
                [
                    591,
                    422
                ],
                [
                    484,
                    422
                ]
            ],
            "text": "Daylight",
            "label": "I_Descri"
        },
        {
            "index": 11,
            "bbox": [
                [
                    596,
                    388
                ],
                [
                    710,
                    388
                ],
                [
                    710,
                    422
                ],
                [
                    596,
                    422
                ]
            ],
            "text": "Blocking",
            "label": "I_Descri"
        },
        {
            "index": 12,
            "bbox": [
                [
                    717,
                    390
                ],
                [
                    785,
                    390
                ],
                [
                    785,
                    415
                ],
                [
                    717,
                    415
                ]
            ],
            "text": "Filter",
            "label": "I_Descri"
        },
        {
            "index": 13,
            "bbox": [
                [
                    116,
                    710
                ],
                [
                    335,
                    710
                ],
                [
                    335,
                    751
                ],
                [
                    116,
                    751
                ]
            ],
            "text": "Applications",
            "label": "B_Section"
        },
        {
            "index": 14,
            "bbox": [
                [
                    123,
                    774
                ],
                [
                    150,
                    774
                ],
                [
                    150,
                    799
                ],
                [
                    123,
                    799
                ]
            ],
            "text": "-",
            "label": "I_Descri"
        },
        {
            "index": 15,
            "bbox": [
                [
                    150,
                    772
                ],
                [
                    253,
                    772
                ],
                [
                    253,
                    806
                ],
                [
                    150,
                    806
                ]
            ],
            "text": "LIDAR,",
            "label": "B_Descri"
        },
        {
            "index": 16,
            "bbox": [
                [
                    258,
                    772
                ],
                [
                    406,
                    772
                ],
                [
                    406,
                    804
                ],
                [
                    258,
                    804
                ]
            ],
            "text": "Pre-Crash,",
            "label": "I_Descri"
        },
        {
            "index": 17,
            "bbox": [
                [
                    408,
                    772
                ],
                [
                    479,
                    772
                ],
                [
                    479,
                    804
                ],
                [
                    408,
                    804
                ]
            ],
            "text": "ACC",
            "label": "I_Descri"
        },
        {
            "index": 18,
            "bbox": [
                [
                    874,
                    778
                ],
                [
                    895,
                    778
                ],
                [
                    895,
                    797
                ],
                [
                    874,
                    797
                ]
            ],
            "text": "-",
            "label": "Out"
        },
        {
            "index": 19,
            "bbox": [
                [
                    900,
                    769
                ],
                [
                    968,
                    769
                ],
                [
                    968,
                    804
                ],
                [
                    900,
                    804
                ]
            ],
            "text": "Rain",
            "label": "B_Descri"
        },
        {
            "index": 20,
            "bbox": [
                [
                    968,
                    772
                ],
                [
                    1087,
                    772
                ],
                [
                    1087,
                    804
                ],
                [
                    968,
                    804
                ]
            ],
            "text": "Sensors",
            "label": "I_Descri"
        },
        {
            "index": 21,
            "bbox": [
                [
                    118,
                    895
                ],
                [
                    287,
                    895
                ],
                [
                    287,
                    927
                ],
                [
                    118,
                    927
                ]
            ],
            "text": "Features:",
            "label": "B_Section"
        },
        {
            "index": 22,
            "bbox": [
                [
                    128,
                    966
                ],
                [
                    146,
                    966
                ],
                [
                    146,
                    982
                ],
                [
                    128,
                    982
                ]
            ],
            "text": "-",
            "label": "I_Descri"
        },
        {
            "index": 23,
            "bbox": [
                [
                    153,
                    957
                ],
                [
                    278,
                    957
                ],
                [
                    278,
                    991
                ],
                [
                    153,
                    991
                ]
            ],
            "text": "Package:",
            "label": "B_Descri"
        },
        {
            "index": 24,
            "bbox": [
                [
                    283,
                    954
                ],
                [
                    361,
                    954
                ],
                [
                    361,
                    989
                ],
                [
                    283,
                    989
                ]
            ],
            "text": "black",
            "label": "I_Descri"
        },
        {
            "index": 25,
            "bbox": [
                [
                    361,
                    959
                ],
                [
                    447,
                    959
                ],
                [
                    447,
                    993
                ],
                [
                    361,
                    993
                ]
            ],
            "text": "epoxy",
            "label": "I_Descri"
        },
        {
            "index": 26,
            "bbox": [
                [
                    150,
                    1007
                ],
                [
                    345,
                    1007
                ],
                [
                    345,
                    1039
                ],
                [
                    150,
                    1039
                ]
            ],
            "text": "Qualifications:",
            "label": "B_Descri"
        },
        {
            "index": 27,
            "bbox": [
                [
                    347,
                    1007
                ],
                [
                    406,
                    1007
                ],
                [
                    406,
                    1041
                ],
                [
                    347,
                    1041
                ]
            ],
            "text": "The",
            "label": "I_Descri"
        },
        {
            "index": 28,
            "bbox": [
                [
                    411,
                    1009
                ],
                [
                    516,
                    1009
                ],
                [
                    516,
                    1043
                ],
                [
                    411,
                    1043
                ]
            ],
            "text": "product",
            "label": "I_Descri"
        },
        {
            "index": 29,
            "bbox": [
                [
                    516,
                    1007
                ],
                [
                    683,
                    1007
                ],
                [
                    683,
                    1046
                ],
                [
                    516,
                    1046
                ]
            ],
            "text": "qualification",
            "label": "I_Descri"
        },
        {
            "index": 30,
            "bbox": [
                [
                    683,
                    1009
                ],
                [
                    742,
                    1009
                ],
                [
                    742,
                    1041
                ],
                [
                    683,
                    1041
                ]
            ],
            "text": "test",
            "label": "I_Descri"
        },
        {
            "index": 31,
            "bbox": [
                [
                    742,
                    1009
                ],
                [
                    806,
                    1009
                ],
                [
                    806,
                    1043
                ],
                [
                    742,
                    1043
                ]
            ],
            "text": "plan",
            "label": "I_Descri"
        },
        {
            "index": 32,
            "bbox": [
                [
                    806,
                    1007
                ],
                [
                    836,
                    1007
                ],
                [
                    836,
                    1041
                ],
                [
                    806,
                    1041
                ]
            ],
            "text": "is",
            "label": "I_Descri"
        },
        {
            "index": 33,
            "bbox": [
                [
                    838,
                    1007
                ],
                [
                    925,
                    1007
                ],
                [
                    925,
                    1039
                ],
                [
                    838,
                    1039
                ]
            ],
            "text": "based",
            "label": "I_Descri"
        },
        {
            "index": 34,
            "bbox": [
                [
                    927,
                    1014
                ],
                [
                    968,
                    1014
                ],
                [
                    968,
                    1039
                ],
                [
                    927,
                    1039
                ]
            ],
            "text": "on",
            "label": "I_Descri"
        },
        {
            "index": 35,
            "bbox": [
                [
                    966,
                    1005
                ],
                [
                    1021,
                    1005
                ],
                [
                    1021,
                    1041
                ],
                [
                    966,
                    1041
                ]
            ],
            "text": "the",
            "label": "I_Descri"
        },
        {
            "index": 36,
            "bbox": [
                [
                    1023,
                    1009
                ],
                [
                    1160,
                    1009
                ],
                [
                    1160,
                    1043
                ],
                [
                    1023,
                    1043
                ]
            ],
            "text": "guidelines",
            "label": "I_Descri"
        },
        {
            "index": 37,
            "bbox": [
                [
                    1162,
                    1007
                ],
                [
                    1197,
                    1007
                ],
                [
                    1197,
                    1039
                ],
                [
                    1162,
                    1039
                ]
            ],
            "text": "of",
            "label": "I_Descri"
        },
        {
            "index": 38,
            "bbox": [
                [
                    1197,
                    1009
                ],
                [
                    1457,
                    1009
                ],
                [
                    1457,
                    1041
                ],
                [
                    1197,
                    1041
                ]
            ],
            "text": "AEC-Q101-REV-C,",
            "label": "I_Descri"
        },
        {
            "index": 39,
            "bbox": [
                [
                    150,
                    1048
                ],
                [
                    244,
                    1048
                ],
                [
                    244,
                    1080
                ],
                [
                    150,
                    1080
                ]
            ],
            "text": "Stress",
            "label": "B_Descri"
        },
        {
            "index": 40,
            "bbox": [
                [
                    244,
                    1046
                ],
                [
                    308,
                    1046
                ],
                [
                    308,
                    1080
                ],
                [
                    244,
                    1080
                ]
            ],
            "text": "Test",
            "label": "I_Descri"
        },
        {
            "index": 41,
            "bbox": [
                [
                    310,
                    1046
                ],
                [
                    482,
                    1046
                ],
                [
                    482,
                    1078
                ],
                [
                    310,
                    1078
                ]
            ],
            "text": "Qualification",
            "label": "I_Descri"
        },
        {
            "index": 42,
            "bbox": [
                [
                    482,
                    1043
                ],
                [
                    530,
                    1043
                ],
                [
                    530,
                    1080
                ],
                [
                    482,
                    1080
                ]
            ],
            "text": "for",
            "label": "I_Descri"
        },
        {
            "index": 43,
            "bbox": [
                [
                    527,
                    1046
                ],
                [
                    683,
                    1046
                ],
                [
                    683,
                    1078
                ],
                [
                    527,
                    1078
                ]
            ],
            "text": "Automotive",
            "label": "I_Descri"
        },
        {
            "index": 44,
            "bbox": [
                [
                    685,
                    1046
                ],
                [
                    776,
                    1046
                ],
                [
                    776,
                    1078
                ],
                [
                    685,
                    1078
                ]
            ],
            "text": "Grade",
            "label": "I_Descri"
        },
        {
            "index": 45,
            "bbox": [
                [
                    779,
                    1048
                ],
                [
                    895,
                    1048
                ],
                [
                    895,
                    1078
                ],
                [
                    779,
                    1078
                ]
            ],
            "text": "Discrete",
            "label": "I_Descri"
        },
        {
            "index": 46,
            "bbox": [
                [
                    897,
                    1048
                ],
                [
                    1126,
                    1048
                ],
                [
                    1126,
                    1078
                ],
                [
                    897,
                    1078
                ]
            ],
            "text": "Semiconductors.",
            "label": "I_Descri"
        },
        {
            "index": 47,
            "bbox": [
                [
                    150,
                    1089
                ],
                [
                    226,
                    1089
                ],
                [
                    226,
                    1123
                ],
                [
                    150,
                    1123
                ]
            ],
            "text": "ESD:",
            "label": "B_Descri"
        },
        {
            "index": 48,
            "bbox": [
                [
                    226,
                    1089
                ],
                [
                    253,
                    1089
                ],
                [
                    253,
                    1123
                ],
                [
                    226,
                    1123
                ]
            ],
            "text": "2",
            "label": "I_Descri"
        },
        {
            "index": 49,
            "bbox": [
                [
                    251,
                    1089
                ],
                [
                    297,
                    1089
                ],
                [
                    297,
                    1126
                ],
                [
                    251,
                    1126
                ]
            ],
            "text": "kV",
            "label": "I_Descri"
        },
        {
            "index": 50,
            "bbox": [
                [
                    297,
                    1096
                ],
                [
                    356,
                    1096
                ],
                [
                    356,
                    1121
                ],
                [
                    297,
                    1121
                ]
            ],
            "text": "acc.",
            "label": "I_Descri"
        },
        {
            "index": 51,
            "bbox": [
                [
                    358,
                    1094
                ],
                [
                    393,
                    1094
                ],
                [
                    393,
                    1121
                ],
                [
                    358,
                    1121
                ]
            ],
            "text": "to",
            "label": "I_Descri"
        },
        {
            "index": 52,
            "bbox": [
                [
                    393,
                    1091
                ],
                [
                    667,
                    1091
                ],
                [
                    667,
                    1121
                ],
                [
                    393,
                    1121
                ]
            ],
            "text": "ANSI/ESDAIJEDEC",
            "label": "I_Descri"
        },
        {
            "index": 53,
            "bbox": [
                [
                    667,
                    1091
                ],
                [
                    769,
                    1091
                ],
                [
                    769,
                    1121
                ],
                [
                    667,
                    1121
                ]
            ],
            "text": "JS-001",
            "label": "I_Descri"
        },
        {
            "index": 54,
            "bbox": [
                [
                    776,
                    1091
                ],
                [
                    865,
                    1091
                ],
                [
                    865,
                    1126
                ],
                [
                    776,
                    1126
                ]
            ],
            "text": "(HBM,",
            "label": "I_Descri"
        },
        {
            "index": 55,
            "bbox": [
                [
                    868,
                    1091
                ],
                [
                    950,
                    1091
                ],
                [
                    950,
                    1123
                ],
                [
                    868,
                    1123
                ]
            ],
            "text": "Class",
            "label": "I_Descri"
        },
        {
            "index": 56,
            "bbox": [
                [
                    948,
                    1089
                ],
                [
                    986,
                    1089
                ],
                [
                    986,
                    1130
                ],
                [
                    948,
                    1130
                ]
            ],
            "text": "2)",
            "label": "I_Descri"
        },
        {
            "index": 57,
            "bbox": [
                [
                    153,
                    1144
                ],
                [
                    287,
                    1144
                ],
                [
                    287,
                    1178
                ],
                [
                    153,
                    1178
                ]
            ],
            "text": "Especially",
            "label": "B_Descri"
        },
        {
            "index": 58,
            "bbox": [
                [
                    292,
                    1144
                ],
                [
                    404,
                    1144
                ],
                [
                    404,
                    1174
                ],
                [
                    292,
                    1174
                ]
            ],
            "text": "suitable",
            "label": "I_Descri"
        },
        {
            "index": 59,
            "bbox": [
                [
                    404,
                    1142
                ],
                [
                    452,
                    1142
                ],
                [
                    452,
                    1178
                ],
                [
                    404,
                    1178
                ]
            ],
            "text": "for",
            "label": "I_Descri"
        },
        {
            "index": 60,
            "bbox": [
                [
                    450,
                    1142
                ],
                [
                    616,
                    1142
                ],
                [
                    616,
                    1180
                ],
                [
                    450,
                    1180
                ]
            ],
            "text": "applications",
            "label": "I_Descri"
        },
        {
            "index": 61,
            "bbox": [
                [
                    616,
                    1142
                ],
                [
                    685,
                    1142
                ],
                [
                    685,
                    1174
                ],
                [
                    616,
                    1174
                ]
            ],
            "text": "from",
            "label": "I_Descri"
        },
        {
            "index": 62,
            "bbox": [
                [
                    685,
                    1142
                ],
                [
                    744,
                    1142
                ],
                [
                    744,
                    1176
                ],
                [
                    685,
                    1176
                ]
            ],
            "text": "730",
            "label": "I_Descri"
        },
        {
            "index": 63,
            "bbox": [
                [
                    744,
                    1148
                ],
                [
                    792,
                    1148
                ],
                [
                    792,
                    1174
                ],
                [
                    744,
                    1174
                ]
            ],
            "text": "nm",
            "label": "I_Descri"
        },
        {
            "index": 64,
            "bbox": [
                [
                    795,
                    1144
                ],
                [
                    827,
                    1144
                ],
                [
                    827,
                    1174
                ],
                [
                    795,
                    1174
                ]
            ],
            "text": "to",
            "label": "I_Descri"
        },
        {
            "index": 65,
            "bbox": [
                [
                    831,
                    1144
                ],
                [
                    900,
                    1144
                ],
                [
                    900,
                    1176
                ],
                [
                    831,
                    1176
                ]
            ],
            "text": "1100",
            "label": "I_Descri"
        },
        {
            "index": 66,
            "bbox": [
                [
                    900,
                    1148
                ],
                [
                    948,
                    1148
                ],
                [
                    948,
                    1174
                ],
                [
                    900,
                    1174
                ]
            ],
            "text": "nm",
            "label": "I_Descri"
        },
        {
            "index": 67,
            "bbox": [
                [
                    150,
                    1187
                ],
                [
                    230,
                    1187
                ],
                [
                    230,
                    1222
                ],
                [
                    150,
                    1222
                ]
            ],
            "text": "Short",
            "label": "B_Descri"
        },
        {
            "index": 68,
            "bbox": [
                [
                    233,
                    1190
                ],
                [
                    358,
                    1190
                ],
                [
                    358,
                    1224
                ],
                [
                    233,
                    1224
                ]
            ],
            "text": "switching",
            "label": "I_Descri"
        },
        {
            "index": 69,
            "bbox": [
                [
                    363,
                    1187
                ],
                [
                    427,
                    1187
                ],
                [
                    427,
                    1222
                ],
                [
                    363,
                    1222
                ]
            ],
            "text": "time",
            "label": "I_Descri"
        },
        {
            "index": 70,
            "bbox": [
                [
                    429,
                    1190
                ],
                [
                    493,
                    1190
                ],
                [
                    493,
                    1226
                ],
                [
                    429,
                    1226
                ]
            ],
            "text": "(typ.",
            "label": "I_Descri"
        },
        {
            "index": 71,
            "bbox": [
                [
                    495,
                    1190
                ],
                [
                    536,
                    1190
                ],
                [
                    536,
                    1219
                ],
                [
                    495,
                    1219
                ]
            ],
            "text": "20",
            "label": "I_Descri"
        },
        {
            "index": 72,
            "bbox": [
                [
                    536,
                    1190
                ],
                [
                    584,
                    1190
                ],
                [
                    584,
                    1226
                ],
                [
                    536,
                    1226
                ]
            ],
            "text": "ns)",
            "label": "I_Descri"
        },
        {
            "index": 73,
            "bbox": [
                [
                    150,
                    1235
                ],
                [
                    265,
                    1235
                ],
                [
                    265,
                    1267
                ],
                [
                    150,
                    1267
                ]
            ],
            "text": "Suitable",
            "label": "B_Descri"
        },
        {
            "index": 74,
            "bbox": [
                [
                    265,
                    1233
                ],
                [
                    313,
                    1233
                ],
                [
                    313,
                    1267
                ],
                [
                    265,
                    1267
                ]
            ],
            "text": "for",
            "label": "I_Descri"
        },
        {
            "index": 75,
            "bbox": [
                [
                    310,
                    1235
                ],
                [
                    383,
                    1235
                ],
                [
                    383,
                    1267
                ],
                [
                    310,
                    1267
                ]
            ],
            "text": "SMT",
            "label": "I_Descri"
        },
        {
            "index": 76,
            "bbox": [
                [
                    116,
                    1308
                ],
                [
                    274,
                    1308
                ],
                [
                    274,
                    1349
                ],
                [
                    116,
                    1349
                ]
            ],
            "text": "Ordering",
            "label": "B_Section"
        },
        {
            "index": 77,
            "bbox": [
                [
                    283,
                    1311
                ],
                [
                    486,
                    1311
                ],
                [
                    486,
                    1343
                ],
                [
                    283,
                    1343
                ]
            ],
            "text": "Information",
            "label": "I_Section"
        },
        {
            "index": 78,
            "bbox": [
                [
                    114,
                    1365
                ],
                [
                    182,
                    1365
                ],
                [
                    182,
                    1404
                ],
                [
                    114,
                    1404
                ]
            ],
            "text": "Type",
            "label": "B_Prop"
        },
        {
            "index": 79,
            "bbox": [
                [
                    338,
                    1368
                ],
                [
                    502,
                    1368
                ],
                [
                    502,
                    1397
                ],
                [
                    338,
                    1397
                ]
            ],
            "text": "Photocurrent",
            "label": "B_Prop"
        },
        {
            "index": 80,
            "bbox": [
                [
                    498,
                    1363
                ],
                [
                    523,
                    1363
                ],
                [
                    523,
                    1395
                ],
                [
                    498,
                    1395
                ]
            ],
            "text": "1)",
            "label": "I_Prop"
        },
        {
            "index": 81,
            "bbox": [
                [
                    824,
                    1368
                ],
                [
                    989,
                    1368
                ],
                [
                    989,
                    1397
                ],
                [
                    824,
                    1397
                ]
            ],
            "text": "Photocurrent",
            "label": "B_Prop"
        },
        {
            "index": 82,
            "bbox": [
                [
                    1312,
                    1368
                ],
                [
                    1312,
                    1402
                ],
                [
                    1424,
                    1402
                ],
                [
                    1424,
                    1368
                ]
            ],
            "text": "Ordering",
            "label": "B_Prop"
        },
        {
            "index": 83,
            "bbox": [
                [
                    1423,
                    1365
                ],
                [
                    1500,
                    1365
                ],
                [
                    1500,
                    1400
                ],
                [
                    1423,
                    1400
                ]
            ],
            "text": "Code",
            "label": "I_Prop"
        },
        {
            "index": 84,
            "bbox": [
                [
                    822,
                    1407
                ],
                [
                    874,
                    1407
                ],
                [
                    874,
                    1443
                ],
                [
                    822,
                    1443
                ]
            ],
            "text": "typ.",
            "label": "Out"
        },
        {
            "index": 85,
            "bbox": [
                [
                    335,
                    1443
                ],
                [
                    372,
                    1443
                ],
                [
                    372,
                    1487
                ],
                [
                    335,
                    1487
                ]
            ],
            "text": "E.",
            "label": "I_Value"
        },
        {
            "index": 86,
            "bbox": [
                [
                    370,
                    1448
                ],
                [
                    399,
                    1448
                ],
                [
                    399,
                    1475
                ],
                [
                    370,
                    1475
                ]
            ],
            "text": "=",
            "label": "I_Value"
        },
        {
            "index": 87,
            "bbox": [
                [
                    397,
                    1443
                ],
                [
                    422,
                    1443
                ],
                [
                    422,
                    1482
                ],
                [
                    397,
                    1482
                ]
            ],
            "text": "1",
            "label": "I_Value"
        },
        {
            "index": 88,
            "bbox": [
                [
                    424,
                    1445
                ],
                [
                    546,
                    1445
                ],
                [
                    546,
                    1480
                ],
                [
                    424,
                    1480
                ]
            ],
            "text": "mW/cm?;",
            "label": "I_Value"
        },
        {
            "index": 89,
            "bbox": [
                [
                    543,
                    1445
                ],
                [
                    568,
                    1445
                ],
                [
                    568,
                    1480
                ],
                [
                    543,
                    1480
                ]
            ],
            "text": "À",
            "label": "I_Value"
        },
        {
            "index": 90,
            "bbox": [
                [
                    566,
                    1448
                ],
                [
                    591,
                    1448
                ],
                [
                    591,
                    1475
                ],
                [
                    566,
                    1475
                ]
            ],
            "text": "=",
            "label": "I_Value"
        },
        {
            "index": 91,
            "bbox": [
                [
                    589,
                    1445
                ],
                [
                    648,
                    1445
                ],
                [
                    648,
                    1477
                ],
                [
                    589,
                    1477
                ]
            ],
            "text": "870",
            "label": "I_Value"
        },
        {
            "index": 92,
            "bbox": [
                [
                    646,
                    1448
                ],
                [
                    705,
                    1448
                ],
                [
                    705,
                    1482
                ],
                [
                    646,
                    1482
                ]
            ],
            "text": "nm;",
            "label": "I_Value"
        },
        {
            "index": 93,
            "bbox": [
                [
                    703,
                    1445
                ],
                [
                    747,
                    1445
                ],
                [
                    747,
                    1489
                ],
                [
                    703,
                    1489
                ]
            ],
            "text": "VR",
            "label": "I_Value"
        },
        {
            "index": 94,
            "bbox": [
                [
                    747,
                    1452
                ],
                [
                    769,
                    1452
                ],
                [
                    769,
                    1475
                ],
                [
                    747,
                    1475
                ]
            ],
            "text": "=",
            "label": "I_Value"
        },
        {
            "index": 95,
            "bbox": [
                [
                    767,
                    1448
                ],
                [
                    797,
                    1448
                ],
                [
                    797,
                    1475
                ],
                [
                    767,
                    1475
                ]
            ],
            "text": "5",
            "label": "I_Value"
        },
        {
            "index": 96,
            "bbox": [
                [
                    790,
                    1448
                ],
                [
                    822,
                    1448
                ],
                [
                    822,
                    1477
                ],
                [
                    790,
                    1477
                ]
            ],
            "text": "V",
            "label": "I_Value"
        },
        {
            "index": 97,
            "bbox": [
                [
                    824,
                    1448
                ],
                [
                    854,
                    1448
                ],
                [
                    854,
                    1480
                ],
                [
                    824,
                    1480
                ]
            ],
            "text": "E",
            "label": "I_Value"
        },
        {
            "index": 98,
            "bbox": [
                [
                    856,
                    1450
                ],
                [
                    886,
                    1450
                ],
                [
                    886,
                    1475
                ],
                [
                    856,
                    1475
                ]
            ],
            "text": "=",
            "label": "I_Value"
        },
        {
            "index": 99,
            "bbox": [
                [
                    884,
                    1445
                ],
                [
                    909,
                    1445
                ],
                [
                    909,
                    1480
                ],
                [
                    884,
                    1480
                ]
            ],
            "text": "1",
            "label": "I_Value"
        },
        {
            "index": 100,
            "bbox": [
                [
                    911,
                    1445
                ],
                [
                    1034,
                    1445
                ],
                [
                    1034,
                    1480
                ],
                [
                    911,
                    1480
                ]
            ],
            "text": "mW/cm?;",
            "label": "I_Value"
        },
        {
            "index": 101,
            "bbox": [
                [
                    1030,
                    1443
                ],
                [
                    1055,
                    1443
                ],
                [
                    1055,
                    1480
                ],
                [
                    1030,
                    1480
                ]
            ],
            "text": "A",
            "label": "I_Value"
        },
        {
            "index": 102,
            "bbox": [
                [
                    1050,
                    1448
                ],
                [
                    1078,
                    1448
                ],
                [
                    1078,
                    1475
                ],
                [
                    1050,
                    1475
                ]
            ],
            "text": "=",
            "label": "I_Value"
        },
        {
            "index": 103,
            "bbox": [
                [
                    1078,
                    1445
                ],
                [
                    1135,
                    1445
                ],
                [
                    1135,
                    1480
                ],
                [
                    1078,
                    1480
                ]
            ],
            "text": "870",
            "label": "I_Value"
        },
        {
            "index": 104,
            "bbox": [
                [
                    1135,
                    1448
                ],
                [
                    1192,
                    1448
                ],
                [
                    1192,
                    1482
                ],
                [
                    1135,
                    1482
                ]
            ],
            "text": "nm;",
            "label": "I_Value"
        },
        {
            "index": 105,
            "bbox": [
                [
                    1190,
                    1443
                ],
                [
                    1235,
                    1443
                ],
                [
                    1235,
                    1489
                ],
                [
                    1190,
                    1489
                ]
            ],
            "text": "VR",
            "label": "I_Value"
        },
        {
            "index": 106,
            "bbox": [
                [
                    1231,
                    1448
                ],
                [
                    1258,
                    1448
                ],
                [
                    1258,
                    1475
                ],
                [
                    1231,
                    1475
                ]
            ],
            "text": "=",
            "label": "I_Value"
        },
        {
            "index": 107,
            "bbox": [
                [
                    1256,
                    1445
                ],
                [
                    1283,
                    1445
                ],
                [
                    1283,
                    1477
                ],
                [
                    1256,
                    1477
                ]
            ],
            "text": "5",
            "label": "I_Value"
        },
        {
            "index": 108,
            "bbox": [
                [
                    1276,
                    1445
                ],
                [
                    1308,
                    1445
                ],
                [
                    1308,
                    1477
                ],
                [
                    1276,
                    1477
                ]
            ],
            "text": "V",
            "label": "I_Value"
        },
        {
            "index": 109,
            "bbox": [
                [
                    338,
                    1491
                ],
                [
                    361,
                    1491
                ],
                [
                    361,
                    1523
                ],
                [
                    338,
                    1523
                ]
            ],
            "text": "P",
            "label": "I_Value"
        },
        {
            "index": 110,
            "bbox": [
                [
                    831,
                    1502
                ],
                [
                    847,
                    1502
                ],
                [
                    847,
                    1521
                ],
                [
                    831,
                    1521
                ]
            ],
            "text": "P",
            "label": "I_Value"
        },
        {
            "index": 111,
            "bbox": [
                [
                    112,
                    1541
                ],
                [
                    162,
                    1541
                ],
                [
                    162,
                    1578
                ],
                [
                    112,
                    1578
                ]
            ],
            "text": "BP",
            "label": "B_Value"
        },
        {
            "index": 112,
            "bbox": [
                [
                    162,
                    1544
                ],
                [
                    219,
                    1544
                ],
                [
                    219,
                    1576
                ],
                [
                    162,
                    1576
                ]
            ],
            "text": "104",
            "label": "I_Value"
        },
        {
            "index": 113,
            "bbox": [
                [
                    219,
                    1544
                ],
                [
                    310,
                    1544
                ],
                [
                    310,
                    1576
                ],
                [
                    219,
                    1576
                ]
            ],
            "text": "FAS-Z",
            "label": "I_Value"
        },
        {
            "index": 114,
            "bbox": [
                [
                    333,
                    1546
                ],
                [
                    361,
                    1546
                ],
                [
                    361,
                    1576
                ],
                [
                    333,
                    1576
                ]
            ],
            "text": ">",
            "label": "I_Value"
        },
        {
            "index": 115,
            "bbox": [
                [
                    358,
                    1541
                ],
                [
                    402,
                    1541
                ],
                [
                    402,
                    1578
                ],
                [
                    358,
                    1578
                ]
            ],
            "text": "25",
            "label": "I_Value"
        },
        {
            "index": 116,
            "bbox": [
                [
                    402,
                    1544
                ],
                [
                    445,
                    1544
                ],
                [
                    445,
                    1582
                ],
                [
                    402,
                    1582
                ]
            ],
            "text": "HA",
            "label": "I_Value"
        },
        {
            "index": 117,
            "bbox": [
                [
                    872,
                    1546
                ],
                [
                    913,
                    1546
                ],
                [
                    913,
                    1576
                ],
                [
                    872,
                    1576
                ]
            ],
            "text": "34",
            "label": "I_Value"
        },
        {
            "index": 118,
            "bbox": [
                [
                    913,
                    1544
                ],
                [
                    959,
                    1544
                ],
                [
                    959,
                    1582
                ],
                [
                    913,
                    1582
                ]
            ],
            "text": "HA",
            "label": "I_Value"
        },
        {
            "index": 119,
            "bbox": [
                [
                    1311,
                    1546
                ],
                [
                    1505,
                    1546
                ],
                [
                    1505,
                    1576
                ],
                [
                    1311,
                    1576
                ]
            ],
            "text": "Q65110A2672",
            "label": "I_Value"
        },
        {
            "index": 120,
            "bbox": [
                [
                    134,
                    2192
                ],
                [
                    162,
                    2192
                ],
                [
                    162,
                    2229
                ],
                [
                    134,
                    2229
                ]
            ],
            "text": "1",
            "label": "Out"
        },
        {
            "index": 121,
            "bbox": [
                [
                    169,
                    2195
                ],
                [
                    278,
                    2195
                ],
                [
                    278,
                    2227
                ],
                [
                    169,
                    2227
                ]
            ],
            "text": "Version",
            "label": "Out"
        },
        {
            "index": 122,
            "bbox": [
                [
                    278,
                    2192
                ],
                [
                    329,
                    2192
                ],
                [
                    329,
                    2227
                ],
                [
                    278,
                    2227
                ]
            ],
            "text": "1.5",
            "label": "Out"
        },
        {
            "index": 123,
            "bbox": [
                [
                    345,
                    2195
                ],
                [
                    500,
                    2195
                ],
                [
                    500,
                    2224
                ],
                [
                    345,
                    2224
                ]
            ],
            "text": "2021-05-25",
            "label": "Out"
        },
        {
            "index": 124,
            "bbox": [
                [
                    1322,
                    2217
                ],
                [
                    1535,
                    2217
                ],
                [
                    1535,
                    2268
                ],
                [
                    1322,
                    2268
                ]
            ],
            "text": "OSRAM",
            "label": "Out"
        },
        {
            "index": 125,
            "bbox": [
                [
                    1320,
                    2270
                ],
                [
                    1379,
                    2270
                ],
                [
                    1379,
                    2304
                ],
                [
                    1320,
                    2304
                ]
            ],
            "text": "Opto",
            "label": "Out"
        },
        {
            "index": 126,
            "bbox": [
                [
                    1370,
                    2272
                ],
                [
                    1541,
                    2272
                ],
                [
                    1541,
                    2302
                ],
                [
                    1370,
                    2302
                ]
            ],
            "text": "Semiconductors",
            "label": "Out"
        }
    ]
}