{
    "datasheet": [
        {
            "index": 0,
            "bbox": [
                [
                    146,
                    98
                ],
                [
                    404,
                    98
                ],
                [
                    404,
                    121
                ],
                [
                    146,
                    121
                ]
            ],
            "text": "www.osram-os.com",
            "label": "Out"
        },
        {
            "index": 1,
            "bbox": [
                [
                    121,
                    232
                ],
                [
                    246,
                    232
                ],
                [
                    246,
                    278
                ],
                [
                    121,
                    278
                ]
            ],
            "text": "BPW",
            "label": "B_Ref"
        },
        {
            "index": 2,
            "bbox": [
                [
                    256,
                    230
                ],
                [
                    256,
                    280
                ],
                [
                    322,
                    280
                ],
                [
                    322,
                    230
                ]
            ],
            "text": "34",
            "label": "I_Ref"
        },
        {
            "index": 3,
            "bbox": [
                [
                    116,
                    333
                ],
                [
                    182,
                    333
                ],
                [
                    182,
                    372
                ],
                [
                    116,
                    372
                ]
            ],
            "text": "DIL",
            "label": "B_Section"
        },
        {
            "index": 4,
            "bbox": [
                [
                    116,
                    386
                ],
                [
                    207,
                    386
                ],
                [
                    207,
                    418
                ],
                [
                    116,
                    418
                ]
            ],
            "text": "Silicon",
            "label": "B_Descri"
        },
        {
            "index": 5,
            "bbox": [
                [
                    207,
                    386
                ],
                [
                    265,
                    386
                ],
                [
                    265,
                    420
                ],
                [
                    207,
                    420
                ]
            ],
            "text": "PIN",
            "label": "I_Descri"
        },
        {
            "index": 6,
            "bbox": [
                [
                    267,
                    388
                ],
                [
                    420,
                    388
                ],
                [
                    420,
                    418
                ],
                [
                    267,
                    418
                ]
            ],
            "text": "Photodiode",
            "label": "I_Descri"
        },
        {
            "index": 7,
            "bbox": [
                [
                    114,
                    721
                ],
                [
                    335,
                    721
                ],
                [
                    335,
                    762
                ],
                [
                    114,
                    762
                ]
            ],
            "text": "Applications",
            "label": "B_Section"
        },
        {
            "index": 8,
            "bbox": [
                [
                    118,
                    792
                ],
                [
                    146,
                    792
                ],
                [
                    146,
                    808
                ],
                [
                    118,
                    808
                ]
            ],
            "text": "-",
            "label": "I_Descri"
        },
        {
            "index": 9,
            "bbox": [
                [
                    150,
                    783
                ],
                [
                    290,
                    783
                ],
                [
                    290,
                    815
                ],
                [
                    150,
                    815
                ]
            ],
            "text": "Electronic",
            "label": "B_Descri"
        },
        {
            "index": 10,
            "bbox": [
                [
                    294,
                    785
                ],
                [
                    438,
                    785
                ],
                [
                    438,
                    817
                ],
                [
                    294,
                    817
                ]
            ],
            "text": "Equipment",
            "label": "I_Descri"
        },
        {
            "index": 11,
            "bbox": [
                [
                    868,
                    788
                ],
                [
                    897,
                    788
                ],
                [
                    897,
                    810
                ],
                [
                    868,
                    810
                ]
            ],
            "text": "-",
            "label": "I_Descri"
        },
        {
            "index": 12,
            "bbox": [
                [
                    900,
                    783
                ],
                [
                    1028,
                    783
                ],
                [
                    1028,
                    815
                ],
                [
                    900,
                    815
                ]
            ],
            "text": "Industrial",
            "label": "B_Descri"
        },
        {
            "index": 13,
            "bbox": [
                [
                    1030,
                    783
                ],
                [
                    1187,
                    783
                ],
                [
                    1187,
                    813
                ],
                [
                    1030,
                    813
                ]
            ],
            "text": "Automation",
            "label": "I_Descri"
        },
        {
            "index": 14,
            "bbox": [
                [
                    1192,
                    785
                ],
                [
                    1318,
                    785
                ],
                [
                    1318,
                    817
                ],
                [
                    1192,
                    817
                ]
            ],
            "text": "(Machine",
            "label": "I_Descri"
        },
        {
            "index": 15,
            "bbox": [
                [
                    1322,
                    785
                ],
                [
                    1448,
                    785
                ],
                [
                    1448,
                    817
                ],
                [
                    1322,
                    817
                ]
            ],
            "text": "Controls,",
            "label": "I_Descri"
        },
        {
            "index": 16,
            "bbox": [
                [
                    1452,
                    783
                ],
                [
                    1523,
                    783
                ],
                [
                    1523,
                    820
                ],
                [
                    1452,
                    820
                ]
            ],
            "text": "Light",
            "label": "I_Descri"
        },
        {
            "index": 17,
            "bbox": [
                [
                    900,
                    822
                ],
                [
                    1018,
                    822
                ],
                [
                    1018,
                    854
                ],
                [
                    900,
                    854
                ]
            ],
            "text": "Barriers,",
            "label": "I_Descri"
        },
        {
            "index": 18,
            "bbox": [
                [
                    1023,
                    822
                ],
                [
                    1112,
                    822
                ],
                [
                    1112,
                    854
                ],
                [
                    1023,
                    854
                ]
            ],
            "text": "Vision",
            "label": "I_Descri"
        },
        {
            "index": 19,
            "bbox": [
                [
                    1114,
                    822
                ],
                [
                    1238,
                    822
                ],
                [
                    1238,
                    856
                ],
                [
                    1114,
                    856
                ]
            ],
            "text": "Controls)",
            "label": "I_Descri"
        },
        {
            "index": 20,
            "bbox": [
                [
                    116,
                    934
                ],
                [
                    290,
                    934
                ],
                [
                    290,
                    973
                ],
                [
                    116,
                    973
                ]
            ],
            "text": "Features:",
            "label": "B_Section"
        },
        {
            "index": 21,
            "bbox": [
                [
                    128,
                    1007
                ],
                [
                    146,
                    1007
                ],
                [
                    146,
                    1025
                ],
                [
                    128,
                    1025
                ]
            ],
            "text": "-",
            "label": "I_Descri"
        },
        {
            "index": 22,
            "bbox": [
                [
                    153,
                    1000
                ],
                [
                    278,
                    1000
                ],
                [
                    278,
                    1034
                ],
                [
                    153,
                    1034
                ]
            ],
            "text": "Package:",
            "label": "B_Descri"
        },
        {
            "index": 23,
            "bbox": [
                [
                    283,
                    1000
                ],
                [
                    377,
                    1000
                ],
                [
                    377,
                    1034
                ],
                [
                    283,
                    1034
                ]
            ],
            "text": "Epoxy,",
            "label": "I_Descri"
        },
        {
            "index": 24,
            "bbox": [
                [
                    381,
                    998
                ],
                [
                    475,
                    998
                ],
                [
                    475,
                    1030
                ],
                [
                    381,
                    1030
                ]
            ],
            "text": "diffuse",
            "label": "I_Descri"
        },
        {
            "index": 25,
            "bbox": [
                [
                    150,
                    1050
                ],
                [
                    287,
                    1050
                ],
                [
                    287,
                    1082
                ],
                [
                    150,
                    1082
                ]
            ],
            "text": "Corrosion",
            "label": "B_Descri"
        },
        {
            "index": 26,
            "bbox": [
                [
                    292,
                    1053
                ],
                [
                    454,
                    1053
                ],
                [
                    454,
                    1082
                ],
                [
                    292,
                    1082
                ]
            ],
            "text": "Robustness",
            "label": "I_Descri"
        },
        {
            "index": 27,
            "bbox": [
                [
                    456,
                    1050
                ],
                [
                    546,
                    1050
                ],
                [
                    546,
                    1082
                ],
                [
                    456,
                    1082
                ]
            ],
            "text": "Class:",
            "label": "I_Descri"
        },
        {
            "index": 28,
            "bbox": [
                [
                    546,
                    1050
                ],
                [
                    594,
                    1050
                ],
                [
                    594,
                    1084
                ],
                [
                    546,
                    1084
                ]
            ],
            "text": "3B",
            "label": "I_Descri"
        },
        {
            "index": 29,
            "bbox": [
                [
                    130,
                    1112
                ],
                [
                    146,
                    1112
                ],
                [
                    146,
                    1128
                ],
                [
                    130,
                    1128
                ]
            ],
            "text": "-",
            "label": "I_Descri"
        },
        {
            "index": 30,
            "bbox": [
                [
                    150,
                    1100
                ],
                [
                    226,
                    1100
                ],
                [
                    226,
                    1135
                ],
                [
                    150,
                    1135
                ]
            ],
            "text": "ESD:",
            "label": "B_Descri"
        },
        {
            "index": 31,
            "bbox": [
                [
                    226,
                    1103
                ],
                [
                    251,
                    1103
                ],
                [
                    251,
                    1135
                ],
                [
                    226,
                    1135
                ]
            ],
            "text": "2",
            "label": "I_Descri"
        },
        {
            "index": 32,
            "bbox": [
                [
                    251,
                    1100
                ],
                [
                    297,
                    1100
                ],
                [
                    297,
                    1137
                ],
                [
                    251,
                    1137
                ]
            ],
            "text": "kV",
            "label": "I_Descri"
        },
        {
            "index": 33,
            "bbox": [
                [
                    294,
                    1105
                ],
                [
                    358,
                    1105
                ],
                [
                    358,
                    1137
                ],
                [
                    294,
                    1137
                ]
            ],
            "text": "acc.",
            "label": "I_Descri"
        },
        {
            "index": 34,
            "bbox": [
                [
                    358,
                    1105
                ],
                [
                    393,
                    1105
                ],
                [
                    393,
                    1135
                ],
                [
                    358,
                    1135
                ]
            ],
            "text": "to",
            "label": "I_Descri"
        },
        {
            "index": 35,
            "bbox": [
                [
                    393,
                    1103
                ],
                [
                    667,
                    1103
                ],
                [
                    667,
                    1135
                ],
                [
                    393,
                    1135
                ]
            ],
            "text": "ANSI/ESDAIJEDEC",
            "label": "I_Descri"
        },
        {
            "index": 36,
            "bbox": [
                [
                    667,
                    1103
                ],
                [
                    769,
                    1103
                ],
                [
                    769,
                    1135
                ],
                [
                    667,
                    1135
                ]
            ],
            "text": "JS-001",
            "label": "I_Descri"
        },
        {
            "index": 37,
            "bbox": [
                [
                    776,
                    1103
                ],
                [
                    865,
                    1103
                ],
                [
                    865,
                    1137
                ],
                [
                    776,
                    1137
                ]
            ],
            "text": "(HBM,",
            "label": "I_Descri"
        },
        {
            "index": 38,
            "bbox": [
                [
                    868,
                    1103
                ],
                [
                    950,
                    1103
                ],
                [
                    950,
                    1135
                ],
                [
                    868,
                    1135
                ]
            ],
            "text": "Class",
            "label": "I_Descri"
        },
        {
            "index": 39,
            "bbox": [
                [
                    952,
                    1103
                ],
                [
                    984,
                    1103
                ],
                [
                    984,
                    1139
                ],
                [
                    952,
                    1139
                ]
            ],
            "text": "2)",
            "label": "I_Descri"
        },
        {
            "index": 40,
            "bbox": [
                [
                    118,
                    1160
                ],
                [
                    148,
                    1160
                ],
                [
                    148,
                    1185
                ],
                [
                    118,
                    1185
                ]
            ],
            "text": "-",
            "label": "I_Descri"
        },
        {
            "index": 41,
            "bbox": [
                [
                    153,
                    1155
                ],
                [
                    290,
                    1155
                ],
                [
                    290,
                    1190
                ],
                [
                    153,
                    1190
                ]
            ],
            "text": "Especially",
            "label": "B_Descri"
        },
        {
            "index": 42,
            "bbox": [
                [
                    294,
                    1155
                ],
                [
                    404,
                    1155
                ],
                [
                    404,
                    1185
                ],
                [
                    294,
                    1185
                ]
            ],
            "text": "suitable",
            "label": "I_Descri"
        },
        {
            "index": 43,
            "bbox": [
                [
                    404,
                    1153
                ],
                [
                    452,
                    1153
                ],
                [
                    452,
                    1190
                ],
                [
                    404,
                    1190
                ]
            ],
            "text": "for",
            "label": "I_Descri"
        },
        {
            "index": 44,
            "bbox": [
                [
                    450,
                    1153
                ],
                [
                    616,
                    1153
                ],
                [
                    616,
                    1192
                ],
                [
                    450,
                    1192
                ]
            ],
            "text": "applications",
            "label": "I_Descri"
        },
        {
            "index": 45,
            "bbox": [
                [
                    616,
                    1155
                ],
                [
                    685,
                    1155
                ],
                [
                    685,
                    1187
                ],
                [
                    616,
                    1187
                ]
            ],
            "text": "from",
            "label": "I_Descri"
        },
        {
            "index": 46,
            "bbox": [
                [
                    685,
                    1153
                ],
                [
                    744,
                    1153
                ],
                [
                    744,
                    1187
                ],
                [
                    685,
                    1187
                ]
            ],
            "text": "400",
            "label": "I_Descri"
        },
        {
            "index": 47,
            "bbox": [
                [
                    747,
                    1160
                ],
                [
                    792,
                    1160
                ],
                [
                    792,
                    1185
                ],
                [
                    747,
                    1185
                ]
            ],
            "text": "nm",
            "label": "I_Descri"
        },
        {
            "index": 48,
            "bbox": [
                [
                    797,
                    1155
                ],
                [
                    829,
                    1155
                ],
                [
                    829,
                    1185
                ],
                [
                    797,
                    1185
                ]
            ],
            "text": "to",
            "label": "I_Descri"
        },
        {
            "index": 49,
            "bbox": [
                [
                    831,
                    1155
                ],
                [
                    900,
                    1155
                ],
                [
                    900,
                    1187
                ],
                [
                    831,
                    1187
                ]
            ],
            "text": "1100",
            "label": "I_Descri"
        },
        {
            "index": 50,
            "bbox": [
                [
                    902,
                    1160
                ],
                [
                    950,
                    1160
                ],
                [
                    950,
                    1185
                ],
                [
                    902,
                    1185
                ]
            ],
            "text": "nm",
            "label": "I_Descri"
        },
        {
            "index": 51,
            "bbox": [
                [
                    125,
                    1210
                ],
                [
                    146,
                    1210
                ],
                [
                    146,
                    1226
                ],
                [
                    125,
                    1226
                ]
            ],
            "text": "-",
            "label": "I_Descri"
        },
        {
            "index": 52,
            "bbox": [
                [
                    150,
                    1201
                ],
                [
                    230,
                    1201
                ],
                [
                    230,
                    1233
                ],
                [
                    150,
                    1233
                ]
            ],
            "text": "Short",
            "label": "B_Descri"
        },
        {
            "index": 53,
            "bbox": [
                [
                    233,
                    1201
                ],
                [
                    361,
                    1201
                ],
                [
                    361,
                    1235
                ],
                [
                    233,
                    1235
                ]
            ],
            "text": "switching",
            "label": "I_Descri"
        },
        {
            "index": 54,
            "bbox": [
                [
                    363,
                    1201
                ],
                [
                    427,
                    1201
                ],
                [
                    427,
                    1233
                ],
                [
                    363,
                    1233
                ]
            ],
            "text": "time",
            "label": "I_Descri"
        },
        {
            "index": 55,
            "bbox": [
                [
                    429,
                    1201
                ],
                [
                    493,
                    1201
                ],
                [
                    493,
                    1238
                ],
                [
                    429,
                    1238
                ]
            ],
            "text": "(typ.",
            "label": "I_Descri"
        },
        {
            "index": 56,
            "bbox": [
                [
                    493,
                    1199
                ],
                [
                    539,
                    1199
                ],
                [
                    539,
                    1235
                ],
                [
                    493,
                    1235
                ]
            ],
            "text": "20",
            "label": "I_Descri"
        },
        {
            "index": 57,
            "bbox": [
                [
                    536,
                    1201
                ],
                [
                    584,
                    1201
                ],
                [
                    584,
                    1238
                ],
                [
                    536,
                    1238
                ]
            ],
            "text": "ns)",
            "label": "I_Descri"
        },
        {
            "index": 58,
            "bbox": [
                [
                    118,
                    1254
                ],
                [
                    148,
                    1254
                ],
                [
                    148,
                    1276
                ],
                [
                    118,
                    1276
                ]
            ],
            "text": "-",
            "label": "I_Descri"
        },
        {
            "index": 59,
            "bbox": [
                [
                    148,
                    1244
                ],
                [
                    207,
                    1244
                ],
                [
                    207,
                    1281
                ],
                [
                    148,
                    1281
                ]
            ],
            "text": "DIL",
            "label": "B_Descri"
        },
        {
            "index": 60,
            "bbox": [
                [
                    207,
                    1249
                ],
                [
                    297,
                    1249
                ],
                [
                    297,
                    1283
                ],
                [
                    207,
                    1283
                ]
            ],
            "text": "plastic",
            "label": "I_Descri"
        },
        {
            "index": 61,
            "bbox": [
                [
                    301,
                    1249
                ],
                [
                    418,
                    1249
                ],
                [
                    418,
                    1283
                ],
                [
                    301,
                    1283
                ]
            ],
            "text": "package",
            "label": "I_Descri"
        },
        {
            "index": 62,
            "bbox": [
                [
                    420,
                    1247
                ],
                [
                    484,
                    1247
                ],
                [
                    484,
                    1279
                ],
                [
                    420,
                    1279
                ]
            ],
            "text": "with",
            "label": "I_Descri"
        },
        {
            "index": 63,
            "bbox": [
                [
                    484,
                    1247
                ],
                [
                    546,
                    1247
                ],
                [
                    546,
                    1283
                ],
                [
                    484,
                    1283
                ]
            ],
            "text": "high",
            "label": "I_Descri"
        },
        {
            "index": 64,
            "bbox": [
                [
                    550,
                    1249
                ],
                [
                    657,
                    1249
                ],
                [
                    657,
                    1283
                ],
                [
                    550,
                    1283
                ]
            ],
            "text": "packing",
            "label": "I_Descri"
        },
        {
            "index": 65,
            "bbox": [
                [
                    662,
                    1249
                ],
                [
                    763,
                    1249
                ],
                [
                    763,
                    1283
                ],
                [
                    662,
                    1283
                ]
            ],
            "text": "density",
            "label": "I_Descri"
        },
        {
            "index": 66,
            "bbox": [
                [
                    116,
                    1320
                ],
                [
                    274,
                    1320
                ],
                [
                    274,
                    1361
                ],
                [
                    116,
                    1361
                ]
            ],
            "text": "Ordering",
            "label": "B_Section"
        },
        {
            "index": 67,
            "bbox": [
                [
                    285,
                    1322
                ],
                [
                    486,
                    1322
                ],
                [
                    486,
                    1354
                ],
                [
                    285,
                    1354
                ]
            ],
            "text": "Information",
            "label": "I_Section"
        },
        {
            "index": 68,
            "bbox": [
                [
                    114,
                    1379
                ],
                [
                    185,
                    1379
                ],
                [
                    185,
                    1416
                ],
                [
                    114,
                    1416
                ]
            ],
            "text": "Type",
            "label": "B_Prop"
        },
        {
            "index": 69,
            "bbox": [
                [
                    295,
                    1377
                ],
                [
                    295,
                    1407
                ],
                [
                    459,
                    1407
                ],
                [
                    459,
                    1377
                ]
            ],
            "text": "Photocurrent",
            "label": "B_Prop"
        },
        {
            "index": 70,
            "bbox": [
                [
                    450,
                    1375
                ],
                [
                    477,
                    1375
                ],
                [
                    477,
                    1407
                ],
                [
                    450,
                    1407
                ]
            ],
            "text": "1)",
            "label": "Out"
        },
        {
            "index": 71,
            "bbox": [
                [
                    783,
                    1379
                ],
                [
                    948,
                    1379
                ],
                [
                    948,
                    1411
                ],
                [
                    783,
                    1411
                ]
            ],
            "text": "Photocurrent",
            "label": "B_Prop"
        },
        {
            "index": 72,
            "bbox": [
                [
                    1277,
                    1379
                ],
                [
                    1277,
                    1413
                ],
                [
                    1389,
                    1413
                ],
                [
                    1389,
                    1379
                ]
            ],
            "text": "Ordering",
            "label": "B_Prop"
        },
        {
            "index": 73,
            "bbox": [
                [
                    1388,
                    1379
                ],
                [
                    1464,
                    1379
                ],
                [
                    1464,
                    1411
                ],
                [
                    1388,
                    1411
                ]
            ],
            "text": "Code",
            "label": "B_Prop"
        },
        {
            "index": 74,
            "bbox": [
                [
                    781,
                    1418
                ],
                [
                    833,
                    1418
                ],
                [
                    833,
                    1455
                ],
                [
                    781,
                    1455
                ]
            ],
            "text": "typ.",
            "label": "I_Value"
        },
        {
            "index": 75,
            "bbox": [
                [
                    290,
                    1455
                ],
                [
                    326,
                    1455
                ],
                [
                    326,
                    1500
                ],
                [
                    290,
                    1500
                ]
            ],
            "text": "E,",
            "label": "B_Value"
        },
        {
            "index": 76,
            "bbox": [
                [
                    324,
                    1461
                ],
                [
                    354,
                    1461
                ],
                [
                    354,
                    1487
                ],
                [
                    324,
                    1487
                ]
            ],
            "text": "=",
            "label": "I_Value"
        },
        {
            "index": 77,
            "bbox": [
                [
                    354,
                    1457
                ],
                [
                    424,
                    1457
                ],
                [
                    424,
                    1491
                ],
                [
                    354,
                    1491
                ]
            ],
            "text": "1000",
            "label": "I_Value"
        },
        {
            "index": 78,
            "bbox": [
                [
                    422,
                    1455
                ],
                [
                    463,
                    1455
                ],
                [
                    463,
                    1493
                ],
                [
                    422,
                    1493
                ]
            ],
            "text": "Ix;",
            "label": "I_Value"
        },
        {
            "index": 79,
            "bbox": [
                [
                    461,
                    1457
                ],
                [
                    520,
                    1457
                ],
                [
                    520,
                    1491
                ],
                [
                    461,
                    1491
                ]
            ],
            "text": "Std.",
            "label": "I_Value"
        },
        {
            "index": 80,
            "bbox": [
                [
                    523,
                    1459
                ],
                [
                    594,
                    1459
                ],
                [
                    594,
                    1493
                ],
                [
                    523,
                    1493
                ]
            ],
            "text": "Light",
            "label": "I_Value"
        },
        {
            "index": 81,
            "bbox": [
                [
                    594,
                    1459
                ],
                [
                    628,
                    1459
                ],
                [
                    628,
                    1491
                ],
                [
                    594,
                    1491
                ]
            ],
            "text": "A;",
            "label": "I_Value"
        },
        {
            "index": 82,
            "bbox": [
                [
                    625,
                    1457
                ],
                [
                    671,
                    1457
                ],
                [
                    671,
                    1500
                ],
                [
                    625,
                    1500
                ]
            ],
            "text": "VR",
            "label": "I_Value"
        },
        {
            "index": 83,
            "bbox": [
                [
                    667,
                    1459
                ],
                [
                    694,
                    1459
                ],
                [
                    694,
                    1487
                ],
                [
                    667,
                    1487
                ]
            ],
            "text": "=",
            "label": "I_Value"
        },
        {
            "index": 84,
            "bbox": [
                [
                    689,
                    1455
                ],
                [
                    747,
                    1455
                ],
                [
                    747,
                    1493
                ],
                [
                    689,
                    1493
                ]
            ],
            "text": "5V",
            "label": "I_Value"
        },
        {
            "index": 85,
            "bbox": [
                [
                    781,
                    1455
                ],
                [
                    817,
                    1455
                ],
                [
                    817,
                    1498
                ],
                [
                    781,
                    1498
                ]
            ],
            "text": "E,",
            "label": "I_Value"
        },
        {
            "index": 86,
            "bbox": [
                [
                    817,
                    1461
                ],
                [
                    845,
                    1461
                ],
                [
                    845,
                    1487
                ],
                [
                    817,
                    1487
                ]
            ],
            "text": "=",
            "label": "I_Value"
        },
        {
            "index": 87,
            "bbox": [
                [
                    845,
                    1457
                ],
                [
                    916,
                    1457
                ],
                [
                    916,
                    1491
                ],
                [
                    845,
                    1491
                ]
            ],
            "text": "1000",
            "label": "I_Value"
        },
        {
            "index": 88,
            "bbox": [
                [
                    918,
                    1459
                ],
                [
                    954,
                    1459
                ],
                [
                    954,
                    1496
                ],
                [
                    918,
                    1496
                ]
            ],
            "text": "Ix;",
            "label": "I_Value"
        },
        {
            "index": 89,
            "bbox": [
                [
                    952,
                    1457
                ],
                [
                    1014,
                    1457
                ],
                [
                    1014,
                    1491
                ],
                [
                    952,
                    1491
                ]
            ],
            "text": "Std.",
            "label": "I_Value"
        },
        {
            "index": 90,
            "bbox": [
                [
                    1016,
                    1459
                ],
                [
                    1085,
                    1459
                ],
                [
                    1085,
                    1493
                ],
                [
                    1016,
                    1493
                ]
            ],
            "text": "Light",
            "label": "I_Value"
        },
        {
            "index": 91,
            "bbox": [
                [
                    1085,
                    1459
                ],
                [
                    1121,
                    1459
                ],
                [
                    1121,
                    1491
                ],
                [
                    1085,
                    1491
                ]
            ],
            "text": "A;",
            "label": "I_Value"
        },
        {
            "index": 92,
            "bbox": [
                [
                    1117,
                    1457
                ],
                [
                    1165,
                    1457
                ],
                [
                    1165,
                    1500
                ],
                [
                    1117,
                    1500
                ]
            ],
            "text": "VR",
            "label": "I_Value"
        },
        {
            "index": 93,
            "bbox": [
                [
                    1160,
                    1459
                ],
                [
                    1187,
                    1459
                ],
                [
                    1187,
                    1489
                ],
                [
                    1160,
                    1489
                ]
            ],
            "text": "=",
            "label": "I_Value"
        },
        {
            "index": 94,
            "bbox": [
                [
                    1183,
                    1455
                ],
                [
                    1240,
                    1455
                ],
                [
                    1240,
                    1493
                ],
                [
                    1183,
                    1493
                ]
            ],
            "text": "5V",
            "label": "I_Value"
        },
        {
            "index": 95,
            "bbox": [
                [
                    292,
                    1496
                ],
                [
                    317,
                    1496
                ],
                [
                    317,
                    1539
                ],
                [
                    292,
                    1539
                ]
            ],
            "text": "lp",
            "label": "B_Value"
        },
        {
            "index": 96,
            "bbox": [
                [
                    783,
                    1496
                ],
                [
                    808,
                    1496
                ],
                [
                    808,
                    1539
                ],
                [
                    783,
                    1539
                ]
            ],
            "text": "'p",
            "label": "I_Value"
        },
        {
            "index": 97,
            "bbox": [
                [
                    116,
                    1557
                ],
                [
                    189,
                    1557
                ],
                [
                    189,
                    1589
                ],
                [
                    116,
                    1589
                ]
            ],
            "text": "BPW",
            "label": "B_Value"
        },
        {
            "index": 98,
            "bbox": [
                [
                    189,
                    1557
                ],
                [
                    228,
                    1557
                ],
                [
                    228,
                    1587
                ],
                [
                    189,
                    1587
                ]
            ],
            "text": "34",
            "label": "I_Value"
        },
        {
            "index": 99,
            "bbox": [
                [
                    287,
                    1557
                ],
                [
                    315,
                    1557
                ],
                [
                    315,
                    1589
                ],
                [
                    287,
                    1589
                ]
            ],
            "text": ">",
            "label": "B_Value"
        },
        {
            "index": 100,
            "bbox": [
                [
                    313,
                    1555
                ],
                [
                    358,
                    1555
                ],
                [
                    358,
                    1592
                ],
                [
                    313,
                    1592
                ]
            ],
            "text": "55",
            "label": "I_Value"
        },
        {
            "index": 101,
            "bbox": [
                [
                    356,
                    1555
                ],
                [
                    399,
                    1555
                ],
                [
                    399,
                    1594
                ],
                [
                    356,
                    1594
                ]
            ],
            "text": "HA",
            "label": "I_Value"
        },
        {
            "index": 102,
            "bbox": [
                [
                    831,
                    1555
                ],
                [
                    874,
                    1555
                ],
                [
                    874,
                    1592
                ],
                [
                    831,
                    1592
                ]
            ],
            "text": "80",
            "label": "I_Value"
        },
        {
            "index": 103,
            "bbox": [
                [
                    872,
                    1555
                ],
                [
                    918,
                    1555
                ],
                [
                    918,
                    1594
                ],
                [
                    872,
                    1594
                ]
            ],
            "text": "HA",
            "label": "I_Value"
        },
        {
            "index": 104,
            "bbox": [
                [
                    1276,
                    1557
                ],
                [
                    1468,
                    1557
                ],
                [
                    1468,
                    1587
                ],
                [
                    1276,
                    1587
                ]
            ],
            "text": "Q62702P0073",
            "label": "B_Value"
        },
        {
            "index": 105,
            "bbox": [
                [
                    134,
                    2192
                ],
                [
                    162,
                    2192
                ],
                [
                    162,
                    2229
                ],
                [
                    134,
                    2229
                ]
            ],
            "text": "1",
            "label": "Out"
        },
        {
            "index": 106,
            "bbox": [
                [
                    169,
                    2195
                ],
                [
                    278,
                    2195
                ],
                [
                    278,
                    2227
                ],
                [
                    169,
                    2227
                ]
            ],
            "text": "Version",
            "label": "Out"
        },
        {
            "index": 107,
            "bbox": [
                [
                    278,
                    2192
                ],
                [
                    329,
                    2192
                ],
                [
                    329,
                    2227
                ],
                [
                    278,
                    2227
                ]
            ],
            "text": "1.5",
            "label": "Out"
        },
        {
            "index": 108,
            "bbox": [
                [
                    345,
                    2195
                ],
                [
                    500,
                    2195
                ],
                [
                    500,
                    2224
                ],
                [
                    345,
                    2224
                ]
            ],
            "text": "2020-01-08",
            "label": "Out"
        },
        {
            "index": 109,
            "bbox": [
                [
                    1322,
                    2217
                ],
                [
                    1535,
                    2217
                ],
                [
                    1535,
                    2268
                ],
                [
                    1322,
                    2268
                ]
            ],
            "text": "OSRAM",
            "label": "Out"
        },
        {
            "index": 110,
            "bbox": [
                [
                    1320,
                    2270
                ],
                [
                    1379,
                    2270
                ],
                [
                    1379,
                    2304
                ],
                [
                    1320,
                    2304
                ]
            ],
            "text": "Opto",
            "label": "Out"
        },
        {
            "index": 111,
            "bbox": [
                [
                    1370,
                    2272
                ],
                [
                    1541,
                    2272
                ],
                [
                    1541,
                    2302
                ],
                [
                    1370,
                    2302
                ]
            ],
            "text": "Semiconductors",
            "label": "Out"
        }
    ]
}