{
    "datasheet": [
        {
            "index": 0,
            "bbox": [
                [
                    138,
                    21
                ],
                [
                    192,
                    21
                ],
                [
                    192,
                    51
                ],
                [
                    138,
                    51
                ]
            ],
            "text": "This",
            "label": "Out"
        },
        {
            "index": 1,
            "bbox": [
                [
                    188,
                    21
                ],
                [
                    300,
                    21
                ],
                [
                    300,
                    51
                ],
                [
                    188,
                    51
                ]
            ],
            "text": "document",
            "label": "Out"
        },
        {
            "index": 2,
            "bbox": [
                [
                    297,
                    25
                ],
                [
                    390,
                    25
                ],
                [
                    390,
                    47
                ],
                [
                    297,
                    47
                ]
            ],
            "text": "contains",
            "label": "Out"
        },
        {
            "index": 3,
            "bbox": [
                [
                    388,
                    21
                ],
                [
                    443,
                    21
                ],
                [
                    443,
                    51
                ],
                [
                    388,
                    51
                ]
            ],
            "text": "data",
            "label": "Out"
        },
        {
            "index": 4,
            "bbox": [
                [
                    441,
                    23
                ],
                [
                    564,
                    23
                ],
                [
                    564,
                    53
                ],
                [
                    441,
                    53
                ]
            ],
            "text": "proprietary:",
            "label": "Out"
        },
        {
            "index": 5,
            "bbox": [
                [
                    559,
                    23
                ],
                [
                    590,
                    23
                ],
                [
                    590,
                    51
                ],
                [
                    559,
                    51
                ]
            ],
            "text": "to",
            "label": "Out"
        },
        {
            "index": 6,
            "bbox": [
                [
                    590,
                    23
                ],
                [
                    630,
                    23
                ],
                [
                    630,
                    49
                ],
                [
                    590,
                    49
                ]
            ],
            "text": "PUI",
            "label": "Out"
        },
        {
            "index": 7,
            "bbox": [
                [
                    628,
                    21
                ],
                [
                    697,
                    21
                ],
                [
                    697,
                    51
                ],
                [
                    628,
                    51
                ]
            ],
            "text": "Audio",
            "label": "Out"
        },
        {
            "index": 8,
            "bbox": [
                [
                    695,
                    23
                ],
                [
                    738,
                    23
                ],
                [
                    738,
                    49
                ],
                [
                    695,
                    49
                ]
            ],
            "text": "Inc.",
            "label": "Out"
        },
        {
            "index": 9,
            "bbox": [
                [
                    733,
                    23
                ],
                [
                    785,
                    23
                ],
                [
                    785,
                    55
                ],
                [
                    733,
                    55
                ]
            ],
            "text": "Any",
            "label": "Out"
        },
        {
            "index": 10,
            "bbox": [
                [
                    781,
                    27
                ],
                [
                    824,
                    27
                ],
                [
                    824,
                    49
                ],
                [
                    781,
                    49
                ]
            ],
            "text": "use",
            "label": "Out"
        },
        {
            "index": 11,
            "bbox": [
                [
                    822,
                    25
                ],
                [
                    854,
                    25
                ],
                [
                    854,
                    51
                ],
                [
                    822,
                    51
                ]
            ],
            "text": "or",
            "label": "Out"
        },
        {
            "index": 12,
            "bbox": [
                [
                    852,
                    23
                ],
                [
                    993,
                    23
                ],
                [
                    993,
                    53
                ],
                [
                    852,
                    53
                ]
            ],
            "text": "reproduction,",
            "label": "Out"
        },
        {
            "index": 13,
            "bbox": [
                [
                    993,
                    23
                ],
                [
                    1021,
                    23
                ],
                [
                    1021,
                    51
                ],
                [
                    993,
                    51
                ]
            ],
            "text": "in",
            "label": "Out"
        },
        {
            "index": 14,
            "bbox": [
                [
                    1017,
                    23
                ],
                [
                    1066,
                    23
                ],
                [
                    1066,
                    55
                ],
                [
                    1017,
                    55
                ]
            ],
            "text": "any",
            "label": "Out"
        },
        {
            "index": 15,
            "bbox": [
                [
                    1060,
                    23
                ],
                [
                    1125,
                    23
                ],
                [
                    1125,
                    53
                ],
                [
                    1060,
                    53
                ]
            ],
            "text": "form,",
            "label": "Out"
        },
        {
            "index": 16,
            "bbox": [
                [
                    1122,
                    21
                ],
                [
                    1210,
                    21
                ],
                [
                    1210,
                    51
                ],
                [
                    1122,
                    51
                ]
            ],
            "text": "without",
            "label": "Out"
        },
        {
            "index": 17,
            "bbox": [
                [
                    1208,
                    23
                ],
                [
                    1266,
                    23
                ],
                [
                    1266,
                    53
                ],
                [
                    1208,
                    53
                ]
            ],
            "text": "prior",
            "label": "Out"
        },
        {
            "index": 18,
            "bbox": [
                [
                    1262,
                    21
                ],
                [
                    1346,
                    21
                ],
                [
                    1346,
                    51
                ],
                [
                    1262,
                    51
                ]
            ],
            "text": "written",
            "label": "Out"
        },
        {
            "index": 19,
            "bbox": [
                [
                    1346,
                    23
                ],
                [
                    1462,
                    23
                ],
                [
                    1462,
                    53
                ],
                [
                    1346,
                    53
                ]
            ],
            "text": "permission",
            "label": "Out"
        },
        {
            "index": 20,
            "bbox": [
                [
                    643,
                    51
                ],
                [
                    673,
                    51
                ],
                [
                    673,
                    79
                ],
                [
                    643,
                    79
                ]
            ],
            "text": "of",
            "label": "Out"
        },
        {
            "index": 21,
            "bbox": [
                [
                    669,
                    49
                ],
                [
                    716,
                    49
                ],
                [
                    716,
                    81
                ],
                [
                    669,
                    81
                ]
            ],
            "text": "PUI",
            "label": "Out"
        },
        {
            "index": 22,
            "bbox": [
                [
                    710,
                    51
                ],
                [
                    781,
                    51
                ],
                [
                    781,
                    81
                ],
                [
                    710,
                    81
                ]
            ],
            "text": "Audio",
            "label": "Out"
        },
        {
            "index": 23,
            "bbox": [
                [
                    779,
                    53
                ],
                [
                    819,
                    53
                ],
                [
                    819,
                    79
                ],
                [
                    779,
                    79
                ]
            ],
            "text": "Inc.",
            "label": "Out"
        },
        {
            "index": 24,
            "bbox": [
                [
                    817,
                    51
                ],
                [
                    843,
                    51
                ],
                [
                    843,
                    81
                ],
                [
                    817,
                    81
                ]
            ],
            "text": "is",
            "label": "Out"
        },
        {
            "index": 25,
            "bbox": [
                [
                    841,
                    53
                ],
                [
                    959,
                    53
                ],
                [
                    959,
                    83
                ],
                [
                    841,
                    83
                ]
            ],
            "text": "prohibited.",
            "label": "Out"
        },
        {
            "index": 26,
            "bbox": [
                [
                    686,
                    83
                ],
                [
                    770,
                    83
                ],
                [
                    770,
                    113
                ],
                [
                    686,
                    113
                ]
            ],
            "text": "@2021,",
            "label": "Out"
        },
        {
            "index": 27,
            "bbox": [
                [
                    770,
                    85
                ],
                [
                    813,
                    85
                ],
                [
                    813,
                    109
                ],
                [
                    770,
                    109
                ]
            ],
            "text": "PUI",
            "label": "Out"
        },
        {
            "index": 28,
            "bbox": [
                [
                    809,
                    81
                ],
                [
                    880,
                    81
                ],
                [
                    880,
                    111
                ],
                [
                    809,
                    111
                ]
            ],
            "text": "Audio",
            "label": "Out"
        },
        {
            "index": 29,
            "bbox": [
                [
                    877,
                    83
                ],
                [
                    920,
                    83
                ],
                [
                    920,
                    109
                ],
                [
                    877,
                    109
                ]
            ],
            "text": "Inc.",
            "label": "Out"
        },
        {
            "index": 30,
            "bbox": [
                [
                    383,
                    201
                ],
                [
                    1107,
                    201
                ],
                [
                    1107,
                    322
                ],
                [
                    383,
                    322
                ]
            ],
            "text": "PUlaudio",
            "label": "Out"
        },
        {
            "index": 31,
            "bbox": [
                [
                    149,
                    375
                ],
                [
                    231,
                    375
                ],
                [
                    231,
                    410
                ],
                [
                    149,
                    410
                ]
            ],
            "text": "Data",
            "label": "B_Section"
        },
        {
            "index": 32,
            "bbox": [
                [
                    235,
                    373
                ],
                [
                    334,
                    373
                ],
                [
                    334,
                    412
                ],
                [
                    235,
                    412
                ]
            ],
            "text": "Sheet",
            "label": "I_Section"
        },
        {
            "index": 33,
            "bbox": [
                [
                    1041,
                    378
                ],
                [
                    1419,
                    378
                ],
                [
                    1419,
                    408
                ],
                [
                    1041,
                    408
                ]
            ],
            "text": "HD-EMB1005-LW25-R",
            "label": "B_Ref"
        },
        {
            "index": 34,
            "bbox": [
                [
                    136,
                    466
                ],
                [
                    282,
                    466
                ],
                [
                    282,
                    496
                ],
                [
                    136,
                    496
                ]
            ],
            "text": "Features:",
            "label": "B_Section"
        },
        {
            "index": 35,
            "bbox": [
                [
                    250,
                    504
                ],
                [
                    383,
                    504
                ],
                [
                    383,
                    543
                ],
                [
                    250,
                    543
                ]
            ],
            "text": "Designed",
            "label": "B_Descri"
        },
        {
            "index": 36,
            "bbox": [
                [
                    388,
                    507
                ],
                [
                    422,
                    507
                ],
                [
                    422,
                    537
                ],
                [
                    388,
                    537
                ]
            ],
            "text": "to",
            "label": "I_Descri"
        },
        {
            "index": 37,
            "bbox": [
                [
                    422,
                    502
                ],
                [
                    465,
                    502
                ],
                [
                    465,
                    539
                ],
                [
                    422,
                    539
                ]
            ],
            "text": "be",
            "label": "I_Descri"
        },
        {
            "index": 38,
            "bbox": [
                [
                    465,
                    504
                ],
                [
                    562,
                    504
                ],
                [
                    562,
                    537
                ],
                [
                    465,
                    537
                ]
            ],
            "text": "driven",
            "label": "I_Descri"
        },
        {
            "index": 39,
            "bbox": [
                [
                    566,
                    504
                ],
                [
                    635,
                    504
                ],
                [
                    635,
                    537
                ],
                [
                    566,
                    537
                ]
            ],
            "text": "with",
            "label": "I_Descri"
        },
        {
            "index": 40,
            "bbox": [
                [
                    637,
                    504
                ],
                [
                    663,
                    504
                ],
                [
                    663,
                    537
                ],
                [
                    637,
                    537
                ]
            ],
            "text": "3",
            "label": "I_Descri"
        },
        {
            "index": 41,
            "bbox": [
                [
                    663,
                    504
                ],
                [
                    731,
                    504
                ],
                [
                    731,
                    537
                ],
                [
                    663,
                    537
                ]
            ],
            "text": "VDC",
            "label": "I_Descri"
        },
        {
            "index": 42,
            "bbox": [
                [
                    248,
                    543
                ],
                [
                    347,
                    543
                ],
                [
                    347,
                    575
                ],
                [
                    248,
                    575
                ]
            ],
            "text": "25mm",
            "label": "B_Descri"
        },
        {
            "index": 43,
            "bbox": [
                [
                    347,
                    543
                ],
                [
                    411,
                    543
                ],
                [
                    411,
                    575
                ],
                [
                    347,
                    575
                ]
            ],
            "text": "lead",
            "label": "I_Descri"
        },
        {
            "index": 44,
            "bbox": [
                [
                    413,
                    543
                ],
                [
                    499,
                    543
                ],
                [
                    499,
                    575
                ],
                [
                    413,
                    575
                ]
            ],
            "text": "wires",
            "label": "I_Descri"
        },
        {
            "index": 45,
            "bbox": [
                [
                    501,
                    543
                ],
                [
                    551,
                    543
                ],
                [
                    551,
                    577
                ],
                [
                    501,
                    577
                ]
            ],
            "text": "for",
            "label": "I_Descri"
        },
        {
            "index": 46,
            "bbox": [
                [
                    551,
                    547
                ],
                [
                    622,
                    547
                ],
                [
                    622,
                    582
                ],
                [
                    551,
                    582
                ]
            ],
            "text": "easy",
            "label": "I_Descri"
        },
        {
            "index": 47,
            "bbox": [
                [
                    622,
                    545
                ],
                [
                    854,
                    545
                ],
                [
                    854,
                    582
                ],
                [
                    622,
                    582
                ]
            ],
            "text": "implementation",
            "label": "I_Descri"
        },
        {
            "index": 48,
            "bbox": [
                [
                    248,
                    580
                ],
                [
                    400,
                    580
                ],
                [
                    400,
                    616
                ],
                [
                    248,
                    616
                ]
            ],
            "text": "Generates",
            "label": "B_Descri"
        },
        {
            "index": 49,
            "bbox": [
                [
                    403,
                    584
                ],
                [
                    504,
                    584
                ],
                [
                    504,
                    616
                ],
                [
                    403,
                    616
                ]
            ],
            "text": "17,000",
            "label": "I_Descri"
        },
        {
            "index": 50,
            "bbox": [
                [
                    508,
                    582
                ],
                [
                    594,
                    582
                ],
                [
                    594,
                    614
                ],
                [
                    508,
                    614
                ]
            ],
            "text": "RPMS",
            "label": "I_Descri"
        },
        {
            "index": 51,
            "bbox": [
                [
                    596,
                    584
                ],
                [
                    667,
                    584
                ],
                [
                    667,
                    614
                ],
                [
                    596,
                    614
                ]
            ],
            "text": "with",
            "label": "I_Descri"
        },
        {
            "index": 52,
            "bbox": [
                [
                    669,
                    590
                ],
                [
                    710,
                    590
                ],
                [
                    710,
                    614
                ],
                [
                    669,
                    614
                ]
            ],
            "text": "no",
            "label": "I_Descri"
        },
        {
            "index": 53,
            "bbox": [
                [
                    712,
                    588
                ],
                [
                    796,
                    588
                ],
                [
                    796,
                    616
                ],
                [
                    712,
                    616
                ]
            ],
            "text": "more",
            "label": "I_Descri"
        },
        {
            "index": 54,
            "bbox": [
                [
                    796,
                    582
                ],
                [
                    865,
                    582
                ],
                [
                    865,
                    614
                ],
                [
                    796,
                    614
                ]
            ],
            "text": "than",
            "label": "I_Descri"
        },
        {
            "index": 55,
            "bbox": [
                [
                    869,
                    582
                ],
                [
                    912,
                    582
                ],
                [
                    912,
                    616
                ],
                [
                    869,
                    616
                ]
            ],
            "text": "50",
            "label": "I_Descri"
        },
        {
            "index": 56,
            "bbox": [
                [
                    914,
                    582
                ],
                [
                    981,
                    582
                ],
                [
                    981,
                    616
                ],
                [
                    914,
                    616
                ]
            ],
            "text": "dBA",
            "label": "I_Descri"
        },
        {
            "index": 57,
            "bbox": [
                [
                    981,
                    584
                ],
                [
                    1107,
                    584
                ],
                [
                    1107,
                    614
                ],
                [
                    981,
                    614
                ]
            ],
            "text": "acoustic",
            "label": "I_Descri"
        },
        {
            "index": 58,
            "bbox": [
                [
                    1105,
                    582
                ],
                [
                    1189,
                    582
                ],
                [
                    1189,
                    614
                ],
                [
                    1105,
                    614
                ]
            ],
            "text": "noise",
            "label": "I_Descri"
        },
        {
            "index": 59,
            "bbox": [
                [
                    136,
                    814
                ],
                [
                    385,
                    814
                ],
                [
                    385,
                    852
                ],
                [
                    136,
                    852
                ]
            ],
            "text": "Specifications",
            "label": "B_Section"
        },
        {
            "index": 60,
            "bbox": [
                [
                    151,
                    861
                ],
                [
                    321,
                    861
                ],
                [
                    321,
                    889
                ],
                [
                    151,
                    889
                ]
            ],
            "text": "Parameters",
            "label": "B_Section"
        },
        {
            "index": 61,
            "bbox": [
                [
                    759,
                    859
                ],
                [
                    860,
                    859
                ],
                [
                    860,
                    889
                ],
                [
                    759,
                    889
                ]
            ],
            "text": "Values",
            "label": "B_Section"
        },
        {
            "index": 62,
            "bbox": [
                [
                    1213,
                    859
                ],
                [
                    1294,
                    859
                ],
                [
                    1294,
                    891
                ],
                [
                    1213,
                    891
                ]
            ],
            "text": "Units",
            "label": "B_Section"
        },
        {
            "index": 63,
            "bbox": [
                [
                    151,
                    902
                ],
                [
                    231,
                    902
                ],
                [
                    231,
                    934
                ],
                [
                    151,
                    934
                ]
            ],
            "text": "Rated",
            "label": "B_Prop"
        },
        {
            "index": 64,
            "bbox": [
                [
                    231,
                    900
                ],
                [
                    338,
                    900
                ],
                [
                    338,
                    938
                ],
                [
                    231,
                    938
                ]
            ],
            "text": "Voltage",
            "label": "I_Prop"
        },
        {
            "index": 65,
            "bbox": [
                [
                    796,
                    900
                ],
                [
                    822,
                    900
                ],
                [
                    822,
                    934
                ],
                [
                    796,
                    934
                ]
            ],
            "text": "3",
            "label": "B_Value"
        },
        {
            "index": 66,
            "bbox": [
                [
                    1219,
                    902
                ],
                [
                    1283,
                    902
                ],
                [
                    1283,
                    934
                ],
                [
                    1219,
                    934
                ]
            ],
            "text": "VDC",
            "label": "B_Unit"
        },
        {
            "index": 67,
            "bbox": [
                [
                    149,
                    941
                ],
                [
                    289,
                    941
                ],
                [
                    289,
                    979
                ],
                [
                    149,
                    979
                ]
            ],
            "text": "Operating",
            "label": "B_Prop"
        },
        {
            "index": 68,
            "bbox": [
                [
                    287,
                    941
                ],
                [
                    392,
                    941
                ],
                [
                    392,
                    979
                ],
                [
                    287,
                    979
                ]
            ],
            "text": "Voltage",
            "label": "I_Prop"
        },
        {
            "index": 69,
            "bbox": [
                [
                    390,
                    943
                ],
                [
                    480,
                    943
                ],
                [
                    480,
                    981
                ],
                [
                    390,
                    981
                ]
            ],
            "text": "Range",
            "label": "I_Prop"
        },
        {
            "index": 70,
            "bbox": [
                [
                    749,
                    941
                ],
                [
                    796,
                    941
                ],
                [
                    796,
                    975
                ],
                [
                    749,
                    975
                ]
            ],
            "text": "2.5",
            "label": "B_Value"
        },
        {
            "index": 71,
            "bbox": [
                [
                    794,
                    945
                ],
                [
                    832,
                    945
                ],
                [
                    832,
                    971
                ],
                [
                    794,
                    971
                ]
            ],
            "text": "2",
            "label": "I_Value"
        },
        {
            "index": 72,
            "bbox": [
                [
                    822,
                    943
                ],
                [
                    873,
                    943
                ],
                [
                    873,
                    975
                ],
                [
                    822,
                    975
                ]
            ],
            "text": "3.7",
            "label": "I_Value"
        },
        {
            "index": 73,
            "bbox": [
                [
                    1219,
                    943
                ],
                [
                    1286,
                    943
                ],
                [
                    1286,
                    975
                ],
                [
                    1219,
                    975
                ]
            ],
            "text": "VDC",
            "label": "B_Unit"
        },
        {
            "index": 74,
            "bbox": [
                [
                    151,
                    983
                ],
                [
                    278,
                    983
                ],
                [
                    278,
                    1016
                ],
                [
                    151,
                    1016
                ]
            ],
            "text": "Direction",
            "label": "B_Prop"
        },
        {
            "index": 75,
            "bbox": [
                [
                    278,
                    983
                ],
                [
                    312,
                    983
                ],
                [
                    312,
                    1014
                ],
                [
                    278,
                    1014
                ]
            ],
            "text": "of",
            "label": "I_Prop"
        },
        {
            "index": 76,
            "bbox": [
                [
                    312,
                    983
                ],
                [
                    428,
                    983
                ],
                [
                    428,
                    1016
                ],
                [
                    312,
                    1016
                ]
            ],
            "text": "Rotation",
            "label": "I_Prop"
        },
        {
            "index": 77,
            "bbox": [
                [
                    746,
                    986
                ],
                [
                    873,
                    986
                ],
                [
                    873,
                    1018
                ],
                [
                    746,
                    1018
                ]
            ],
            "text": "CW/CCW",
            "label": "B_Value"
        },
        {
            "index": 78,
            "bbox": [
                [
                    149,
                    1026
                ],
                [
                    274,
                    1026
                ],
                [
                    274,
                    1054
                ],
                [
                    149,
                    1054
                ]
            ],
            "text": "Terminal",
            "label": "B_Prop"
        },
        {
            "index": 79,
            "bbox": [
                [
                    278,
                    1026
                ],
                [
                    422,
                    1026
                ],
                [
                    422,
                    1054
                ],
                [
                    278,
                    1054
                ]
            ],
            "text": "Resistance",
            "label": "I_Prop"
        },
        {
            "index": 80,
            "bbox": [
                [
                    742,
                    1024
                ],
                [
                    785,
                    1024
                ],
                [
                    785,
                    1059
                ],
                [
                    742,
                    1059
                ]
            ],
            "text": "43",
            "label": "B_Value"
        },
        {
            "index": 81,
            "bbox": [
                [
                    783,
                    1026
                ],
                [
                    809,
                    1026
                ],
                [
                    809,
                    1057
                ],
                [
                    783,
                    1057
                ]
            ],
            "text": "+",
            "label": "I_Value"
        },
        {
            "index": 82,
            "bbox": [
                [
                    809,
                    1026
                ],
                [
                    875,
                    1026
                ],
                [
                    875,
                    1057
                ],
                [
                    809,
                    1057
                ]
            ],
            "text": "20%",
            "label": "I_Value"
        },
        {
            "index": 83,
            "bbox": [
                [
                    1213,
                    1024
                ],
                [
                    1294,
                    1024
                ],
                [
                    1294,
                    1057
                ],
                [
                    1213,
                    1057
                ]
            ],
            "text": "Ohms",
            "label": "B_Unit"
        },
        {
            "index": 84,
            "bbox": [
                [
                    151,
                    1065
                ],
                [
                    231,
                    1065
                ],
                [
                    231,
                    1097
                ],
                [
                    151,
                    1097
                ]
            ],
            "text": "Rated",
            "label": "B_Prop"
        },
        {
            "index": 85,
            "bbox": [
                [
                    231,
                    1065
                ],
                [
                    319,
                    1065
                ],
                [
                    319,
                    1104
                ],
                [
                    231,
                    1104
                ]
            ],
            "text": "Speed",
            "label": "I_Prop"
        },
        {
            "index": 86,
            "bbox": [
                [
                    319,
                    1065
                ],
                [
                    364,
                    1065
                ],
                [
                    364,
                    1102
                ],
                [
                    319,
                    1102
                ]
            ],
            "text": "(at",
            "label": "I_Prop"
        },
        {
            "index": 87,
            "bbox": [
                [
                    362,
                    1065
                ],
                [
                    385,
                    1065
                ],
                [
                    385,
                    1100
                ],
                [
                    362,
                    1100
                ]
            ],
            "text": "3",
            "label": "I_Prop"
        },
        {
            "index": 88,
            "bbox": [
                [
                    383,
                    1067
                ],
                [
                    456,
                    1067
                ],
                [
                    456,
                    1102
                ],
                [
                    383,
                    1102
                ]
            ],
            "text": "VDC)",
            "label": "I_Prop"
        },
        {
            "index": 89,
            "bbox": [
                [
                    712,
                    1067
                ],
                [
                    804,
                    1067
                ],
                [
                    804,
                    1100
                ],
                [
                    712,
                    1100
                ]
            ],
            "text": "17,000",
            "label": "B_Value"
        },
        {
            "index": 90,
            "bbox": [
                [
                    804,
                    1067
                ],
                [
                    830,
                    1067
                ],
                [
                    830,
                    1100
                ],
                [
                    804,
                    1100
                ]
            ],
            "text": "+",
            "label": "I_Value"
        },
        {
            "index": 91,
            "bbox": [
                [
                    830,
                    1067
                ],
                [
                    910,
                    1067
                ],
                [
                    910,
                    1100
                ],
                [
                    830,
                    1100
                ]
            ],
            "text": "3,000",
            "label": "I_Value"
        },
        {
            "index": 92,
            "bbox": [
                [
                    1213,
                    1067
                ],
                [
                    1292,
                    1067
                ],
                [
                    1292,
                    1097
                ],
                [
                    1213,
                    1097
                ]
            ],
            "text": "RPMS",
            "label": "B_Unit"
        },
        {
            "index": 93,
            "bbox": [
                [
                    151,
                    1108
                ],
                [
                    231,
                    1108
                ],
                [
                    231,
                    1140
                ],
                [
                    151,
                    1140
                ]
            ],
            "text": "Rated",
            "label": "B_Prop"
        },
        {
            "index": 94,
            "bbox": [
                [
                    233,
                    1108
                ],
                [
                    342,
                    1108
                ],
                [
                    342,
                    1140
                ],
                [
                    233,
                    1140
                ]
            ],
            "text": "Current",
            "label": "I_Prop"
        },
        {
            "index": 95,
            "bbox": [
                [
                    342,
                    1106
                ],
                [
                    385,
                    1106
                ],
                [
                    385,
                    1145
                ],
                [
                    342,
                    1145
                ]
            ],
            "text": "(at",
            "label": "I_Prop"
        },
        {
            "index": 96,
            "bbox": [
                [
                    383,
                    1106
                ],
                [
                    409,
                    1106
                ],
                [
                    409,
                    1140
                ],
                [
                    383,
                    1140
                ]
            ],
            "text": "3",
            "label": "I_Prop"
        },
        {
            "index": 97,
            "bbox": [
                [
                    409,
                    1108
                ],
                [
                    480,
                    1108
                ],
                [
                    480,
                    1142
                ],
                [
                    409,
                    1142
                ]
            ],
            "text": "VDC)",
            "label": "I_Prop"
        },
        {
            "index": 98,
            "bbox": [
                [
                    789,
                    1106
                ],
                [
                    832,
                    1106
                ],
                [
                    832,
                    1140
                ],
                [
                    789,
                    1140
                ]
            ],
            "text": "50",
            "label": "B_Value"
        },
        {
            "index": 99,
            "bbox": [
                [
                    1225,
                    1108
                ],
                [
                    1277,
                    1108
                ],
                [
                    1277,
                    1140
                ],
                [
                    1225,
                    1140
                ]
            ],
            "text": "mA",
            "label": "B_Unit"
        },
        {
            "index": 100,
            "bbox": [
                [
                    151,
                    1149
                ],
                [
                    250,
                    1149
                ],
                [
                    250,
                    1181
                ],
                [
                    151,
                    1181
                ]
            ],
            "text": "Locked",
            "label": "B_Prop"
        },
        {
            "index": 101,
            "bbox": [
                [
                    250,
                    1149
                ],
                [
                    360,
                    1149
                ],
                [
                    360,
                    1181
                ],
                [
                    250,
                    1181
                ]
            ],
            "text": "Current",
            "label": "I_Prop"
        },
        {
            "index": 102,
            "bbox": [
                [
                    362,
                    1149
                ],
                [
                    439,
                    1149
                ],
                [
                    439,
                    1183
                ],
                [
                    362,
                    1183
                ]
            ],
            "text": "(Max)",
            "label": "I_Prop"
        },
        {
            "index": 103,
            "bbox": [
                [
                    787,
                    1147
                ],
                [
                    832,
                    1147
                ],
                [
                    832,
                    1181
                ],
                [
                    787,
                    1181
                ]
            ],
            "text": "90",
            "label": "B_Value"
        },
        {
            "index": 104,
            "bbox": [
                [
                    1225,
                    1149
                ],
                [
                    1277,
                    1149
                ],
                [
                    1277,
                    1181
                ],
                [
                    1225,
                    1181
                ]
            ],
            "text": "mA",
            "label": "B_Unit"
        },
        {
            "index": 105,
            "bbox": [
                [
                    149,
                    1190
                ],
                [
                    224,
                    1190
                ],
                [
                    224,
                    1222
                ],
                [
                    149,
                    1222
                ]
            ],
            "text": "Shaft",
            "label": "B_Prop"
        },
        {
            "index": 106,
            "bbox": [
                [
                    224,
                    1188
                ],
                [
                    280,
                    1188
                ],
                [
                    280,
                    1222
                ],
                [
                    224,
                    1222
                ]
            ],
            "text": "Pull",
            "label": "B_Prop"
        },
        {
            "index": 107,
            "bbox": [
                [
                    282,
                    1192
                ],
                [
                    398,
                    1192
                ],
                [
                    398,
                    1224
                ],
                [
                    282,
                    1224
                ]
            ],
            "text": "Strength",
            "label": "I_Prop"
        },
        {
            "index": 108,
            "bbox": [
                [
                    796,
                    1190
                ],
                [
                    822,
                    1190
                ],
                [
                    822,
                    1224
                ],
                [
                    796,
                    1224
                ]
            ],
            "text": "3",
            "label": "B_Value"
        },
        {
            "index": 109,
            "bbox": [
                [
                    1232,
                    1190
                ],
                [
                    1275,
                    1190
                ],
                [
                    1275,
                    1228
                ],
                [
                    1232,
                    1228
                ]
            ],
            "text": "Kg",
            "label": "B_Unit"
        },
        {
            "index": 110,
            "bbox": [
                [
                    149,
                    1231
                ],
                [
                    224,
                    1231
                ],
                [
                    224,
                    1263
                ],
                [
                    149,
                    1263
                ]
            ],
            "text": "Shaft",
            "label": "B_Prop"
        },
        {
            "index": 111,
            "bbox": [
                [
                    224,
                    1231
                ],
                [
                    280,
                    1231
                ],
                [
                    280,
                    1265
                ],
                [
                    224,
                    1265
                ]
            ],
            "text": "End",
            "label": "B_Prop"
        },
        {
            "index": 112,
            "bbox": [
                [
                    282,
                    1231
                ],
                [
                    345,
                    1231
                ],
                [
                    345,
                    1267
                ],
                [
                    282,
                    1267
                ]
            ],
            "text": "Play",
            "label": "I_Prop"
        },
        {
            "index": 113,
            "bbox": [
                [
                    347,
                    1233
                ],
                [
                    426,
                    1233
                ],
                [
                    426,
                    1267
                ],
                [
                    347,
                    1267
                ]
            ],
            "text": "(Max)",
            "label": "I_Prop"
        },
        {
            "index": 114,
            "bbox": [
                [
                    785,
                    1231
                ],
                [
                    834,
                    1231
                ],
                [
                    834,
                    1265
                ],
                [
                    785,
                    1265
                ]
            ],
            "text": "0.3",
            "label": "B_Value"
        },
        {
            "index": 115,
            "bbox": [
                [
                    1221,
                    1237
                ],
                [
                    1281,
                    1237
                ],
                [
                    1281,
                    1267
                ],
                [
                    1221,
                    1267
                ]
            ],
            "text": "mm",
            "label": "B_Unit"
        },
        {
            "index": 116,
            "bbox": [
                [
                    151,
                    1274
                ],
                [
                    300,
                    1274
                ],
                [
                    300,
                    1304
                ],
                [
                    151,
                    1304
                ]
            ],
            "text": "Mechanical",
            "label": "I_Prop"
        },
        {
            "index": 117,
            "bbox": [
                [
                    304,
                    1274
                ],
                [
                    383,
                    1274
                ],
                [
                    383,
                    1304
                ],
                [
                    304,
                    1304
                ]
            ],
            "text": "Noise",
            "label": "I_Prop"
        },
        {
            "index": 118,
            "bbox": [
                [
                    388,
                    1274
                ],
                [
                    467,
                    1274
                ],
                [
                    467,
                    1308
                ],
                [
                    388,
                    1308
                ]
            ],
            "text": "(Max)",
            "label": "I_Prop"
        },
        {
            "index": 119,
            "bbox": [
                [
                    789,
                    1271
                ],
                [
                    832,
                    1271
                ],
                [
                    832,
                    1306
                ],
                [
                    789,
                    1306
                ]
            ],
            "text": "50",
            "label": "B_Value"
        },
        {
            "index": 120,
            "bbox": [
                [
                    1223,
                    1274
                ],
                [
                    1281,
                    1274
                ],
                [
                    1281,
                    1304
                ],
                [
                    1223,
                    1304
                ]
            ],
            "text": "dBA",
            "label": "B_Unit"
        },
        {
            "index": 121,
            "bbox": [
                [
                    151,
                    1316
                ],
                [
                    263,
                    1316
                ],
                [
                    263,
                    1349
                ],
                [
                    151,
                    1349
                ]
            ],
            "text": "Housing",
            "label": "B_Prop"
        },
        {
            "index": 122,
            "bbox": [
                [
                    265,
                    1314
                ],
                [
                    379,
                    1314
                ],
                [
                    379,
                    1347
                ],
                [
                    265,
                    1347
                ]
            ],
            "text": "Material",
            "label": "I_Prop"
        },
        {
            "index": 123,
            "bbox": [
                [
                    783,
                    1314
                ],
                [
                    841,
                    1314
                ],
                [
                    841,
                    1347
                ],
                [
                    783,
                    1347
                ]
            ],
            "text": "SPC",
            "label": "B_Value"
        },
        {
            "index": 124,
            "bbox": [
                [
                    149,
                    1353
                ],
                [
                    351,
                    1353
                ],
                [
                    351,
                    1390
                ],
                [
                    149,
                    1390
                ]
            ],
            "text": "Environmental",
            "label": "B_Prop"
        },
        {
            "index": 125,
            "bbox": [
                [
                    351,
                    1355
                ],
                [
                    525,
                    1355
                ],
                [
                    525,
                    1392
                ],
                [
                    351,
                    1392
                ]
            ],
            "text": "Compliances",
            "label": "I_Prop"
        },
        {
            "index": 126,
            "bbox": [
                [
                    718,
                    1355
                ],
                [
                    903,
                    1355
                ],
                [
                    903,
                    1392
                ],
                [
                    718,
                    1392
                ]
            ],
            "text": "RoHS/REACH",
            "label": "B_Value"
        },
        {
            "index": 127,
            "bbox": [
                [
                    147,
                    1396
                ],
                [
                    252,
                    1396
                ],
                [
                    252,
                    1435
                ],
                [
                    147,
                    1435
                ]
            ],
            "text": "Weight",
            "label": "B_Prop"
        },
        {
            "index": 128,
            "bbox": [
                [
                    785,
                    1396
                ],
                [
                    834,
                    1396
                ],
                [
                    834,
                    1430
                ],
                [
                    785,
                    1430
                ]
            ],
            "text": "0.8",
            "label": "B_Value"
        },
        {
            "index": 129,
            "bbox": [
                [
                    1206,
                    1398
                ],
                [
                    1299,
                    1398
                ],
                [
                    1299,
                    1428
                ],
                [
                    1206,
                    1428
                ]
            ],
            "text": "Grams",
            "label": "B_Unit"
        },
        {
            "index": 130,
            "bbox": [
                [
                    149,
                    1441
                ],
                [
                    254,
                    1441
                ],
                [
                    254,
                    1473
                ],
                [
                    149,
                    1473
                ]
            ],
            "text": "Storage",
            "label": "B_Prop"
        },
        {
            "index": 131,
            "bbox": [
                [
                    254,
                    1439
                ],
                [
                    437,
                    1439
                ],
                [
                    437,
                    1475
                ],
                [
                    254,
                    1475
                ]
            ],
            "text": "Temperature",
            "label": "I_Prop"
        },
        {
            "index": 132,
            "bbox": [
                [
                    740,
                    1439
                ],
                [
                    794,
                    1439
                ],
                [
                    794,
                    1471
                ],
                [
                    740,
                    1471
                ]
            ],
            "text": "-40",
            "label": "B_Value"
        },
        {
            "index": 133,
            "bbox": [
                [
                    791,
                    1443
                ],
                [
                    822,
                    1443
                ],
                [
                    822,
                    1469
                ],
                [
                    791,
                    1469
                ]
            ],
            "text": "a",
            "label": "I_Value"
        },
        {
            "index": 134,
            "bbox": [
                [
                    819,
                    1439
                ],
                [
                    877,
                    1439
                ],
                [
                    877,
                    1471
                ],
                [
                    819,
                    1471
                ]
            ],
            "text": "+85",
            "label": "I_Value"
        },
        {
            "index": 135,
            "bbox": [
                [
                    1234,
                    1439
                ],
                [
                    1268,
                    1439
                ],
                [
                    1268,
                    1469
                ],
                [
                    1234,
                    1469
                ]
            ],
            "text": "°C",
            "label": "B_Unit"
        },
        {
            "index": 136,
            "bbox": [
                [
                    149,
                    1480
                ],
                [
                    289,
                    1480
                ],
                [
                    289,
                    1518
                ],
                [
                    149,
                    1518
                ]
            ],
            "text": "Operating",
            "label": "B_Prop"
        },
        {
            "index": 137,
            "bbox": [
                [
                    287,
                    1480
                ],
                [
                    467,
                    1480
                ],
                [
                    467,
                    1516
                ],
                [
                    287,
                    1516
                ]
            ],
            "text": "Temperature",
            "label": "I_Prop"
        },
        {
            "index": 138,
            "bbox": [
                [
                    742,
                    1480
                ],
                [
                    794,
                    1480
                ],
                [
                    794,
                    1512
                ],
                [
                    742,
                    1512
                ]
            ],
            "text": "-20",
            "label": "B_Value"
        },
        {
            "index": 139,
            "bbox": [
                [
                    791,
                    1484
                ],
                [
                    822,
                    1484
                ],
                [
                    822,
                    1510
                ],
                [
                    791,
                    1510
                ]
            ],
            "text": "2",
            "label": "I_Value"
        },
        {
            "index": 140,
            "bbox": [
                [
                    822,
                    1480
                ],
                [
                    877,
                    1480
                ],
                [
                    877,
                    1512
                ],
                [
                    822,
                    1512
                ]
            ],
            "text": "+60",
            "label": "I_Value"
        },
        {
            "index": 141,
            "bbox": [
                [
                    1232,
                    1478
                ],
                [
                    1271,
                    1478
                ],
                [
                    1271,
                    1514
                ],
                [
                    1232,
                    1514
                ]
            ],
            "text": "°C",
            "label": "B_Unit"
        },
        {
            "index": 142,
            "bbox": [
                [
                    691,
                    2157
                ],
                [
                    914,
                    2157
                ],
                [
                    914,
                    2187
                ],
                [
                    691,
                    2187
                ]
            ],
            "text": "www.puiaudio.com",
            "label": "Out"
        }
    ]
}