{
    "datasheet": [
        {
            "index": 0,
            "bbox": [
                [
                    138,
                    21
                ],
                [
                    192,
                    21
                ],
                [
                    192,
                    51
                ],
                [
                    138,
                    51
                ]
            ],
            "text": "This",
            "label": "Out"
        },
        {
            "index": 1,
            "bbox": [
                [
                    188,
                    21
                ],
                [
                    300,
                    21
                ],
                [
                    300,
                    51
                ],
                [
                    188,
                    51
                ]
            ],
            "text": "document",
            "label": "Out"
        },
        {
            "index": 2,
            "bbox": [
                [
                    297,
                    25
                ],
                [
                    390,
                    25
                ],
                [
                    390,
                    47
                ],
                [
                    297,
                    47
                ]
            ],
            "text": "contains",
            "label": "Out"
        },
        {
            "index": 3,
            "bbox": [
                [
                    388,
                    21
                ],
                [
                    443,
                    21
                ],
                [
                    443,
                    51
                ],
                [
                    388,
                    51
                ]
            ],
            "text": "data",
            "label": "Out"
        },
        {
            "index": 4,
            "bbox": [
                [
                    441,
                    23
                ],
                [
                    564,
                    23
                ],
                [
                    564,
                    53
                ],
                [
                    441,
                    53
                ]
            ],
            "text": "proprietary",
            "label": "Out"
        },
        {
            "index": 5,
            "bbox": [
                [
                    559,
                    23
                ],
                [
                    590,
                    23
                ],
                [
                    590,
                    51
                ],
                [
                    559,
                    51
                ]
            ],
            "text": "to",
            "label": "Out"
        },
        {
            "index": 6,
            "bbox": [
                [
                    590,
                    23
                ],
                [
                    630,
                    23
                ],
                [
                    630,
                    49
                ],
                [
                    590,
                    49
                ]
            ],
            "text": "PUI",
            "label": "Out"
        },
        {
            "index": 7,
            "bbox": [
                [
                    628,
                    21
                ],
                [
                    699,
                    21
                ],
                [
                    699,
                    51
                ],
                [
                    628,
                    51
                ]
            ],
            "text": "Audio",
            "label": "Out"
        },
        {
            "index": 8,
            "bbox": [
                [
                    695,
                    23
                ],
                [
                    738,
                    23
                ],
                [
                    738,
                    49
                ],
                [
                    695,
                    49
                ]
            ],
            "text": "Inc.",
            "label": "Out"
        },
        {
            "index": 9,
            "bbox": [
                [
                    733,
                    23
                ],
                [
                    785,
                    23
                ],
                [
                    785,
                    55
                ],
                [
                    733,
                    55
                ]
            ],
            "text": "Any",
            "label": "Out"
        },
        {
            "index": 10,
            "bbox": [
                [
                    781,
                    27
                ],
                [
                    824,
                    27
                ],
                [
                    824,
                    49
                ],
                [
                    781,
                    49
                ]
            ],
            "text": "use",
            "label": "Out"
        },
        {
            "index": 11,
            "bbox": [
                [
                    822,
                    25
                ],
                [
                    854,
                    25
                ],
                [
                    854,
                    51
                ],
                [
                    822,
                    51
                ]
            ],
            "text": "or",
            "label": "Out"
        },
        {
            "index": 12,
            "bbox": [
                [
                    852,
                    23
                ],
                [
                    996,
                    23
                ],
                [
                    996,
                    53
                ],
                [
                    852,
                    53
                ]
            ],
            "text": "reproduction,",
            "label": "Out"
        },
        {
            "index": 13,
            "bbox": [
                [
                    993,
                    23
                ],
                [
                    1021,
                    23
                ],
                [
                    1021,
                    51
                ],
                [
                    993,
                    51
                ]
            ],
            "text": "in",
            "label": "Out"
        },
        {
            "index": 14,
            "bbox": [
                [
                    1017,
                    23
                ],
                [
                    1066,
                    23
                ],
                [
                    1066,
                    55
                ],
                [
                    1017,
                    55
                ]
            ],
            "text": "any",
            "label": "Out"
        },
        {
            "index": 15,
            "bbox": [
                [
                    1060,
                    23
                ],
                [
                    1125,
                    23
                ],
                [
                    1125,
                    53
                ],
                [
                    1060,
                    53
                ]
            ],
            "text": "form,",
            "label": "Out"
        },
        {
            "index": 16,
            "bbox": [
                [
                    1122,
                    21
                ],
                [
                    1210,
                    21
                ],
                [
                    1210,
                    51
                ],
                [
                    1122,
                    51
                ]
            ],
            "text": "without",
            "label": "Out"
        },
        {
            "index": 17,
            "bbox": [
                [
                    1208,
                    23
                ],
                [
                    1266,
                    23
                ],
                [
                    1266,
                    53
                ],
                [
                    1208,
                    53
                ]
            ],
            "text": "prior",
            "label": "Out"
        },
        {
            "index": 18,
            "bbox": [
                [
                    1262,
                    21
                ],
                [
                    1346,
                    21
                ],
                [
                    1346,
                    51
                ],
                [
                    1262,
                    51
                ]
            ],
            "text": "written",
            "label": "Out"
        },
        {
            "index": 19,
            "bbox": [
                [
                    1346,
                    23
                ],
                [
                    1462,
                    23
                ],
                [
                    1462,
                    53
                ],
                [
                    1346,
                    53
                ]
            ],
            "text": "permission",
            "label": "Out"
        },
        {
            "index": 20,
            "bbox": [
                [
                    643,
                    51
                ],
                [
                    673,
                    51
                ],
                [
                    673,
                    81
                ],
                [
                    643,
                    81
                ]
            ],
            "text": "of",
            "label": "Out"
        },
        {
            "index": 21,
            "bbox": [
                [
                    669,
                    49
                ],
                [
                    716,
                    49
                ],
                [
                    716,
                    81
                ],
                [
                    669,
                    81
                ]
            ],
            "text": "PUI",
            "label": "Out"
        },
        {
            "index": 22,
            "bbox": [
                [
                    710,
                    51
                ],
                [
                    781,
                    51
                ],
                [
                    781,
                    81
                ],
                [
                    710,
                    81
                ]
            ],
            "text": "Audio",
            "label": "Out"
        },
        {
            "index": 23,
            "bbox": [
                [
                    779,
                    53
                ],
                [
                    819,
                    53
                ],
                [
                    819,
                    79
                ],
                [
                    779,
                    79
                ]
            ],
            "text": "Inc.",
            "label": "Out"
        },
        {
            "index": 24,
            "bbox": [
                [
                    817,
                    51
                ],
                [
                    843,
                    51
                ],
                [
                    843,
                    81
                ],
                [
                    817,
                    81
                ]
            ],
            "text": "is",
            "label": "Out"
        },
        {
            "index": 25,
            "bbox": [
                [
                    841,
                    53
                ],
                [
                    959,
                    53
                ],
                [
                    959,
                    83
                ],
                [
                    841,
                    83
                ]
            ],
            "text": "prohibited.",
            "label": "Out"
        },
        {
            "index": 26,
            "bbox": [
                [
                    686,
                    83
                ],
                [
                    770,
                    83
                ],
                [
                    770,
                    113
                ],
                [
                    686,
                    113
                ]
            ],
            "text": "@2022,",
            "label": "Out"
        },
        {
            "index": 27,
            "bbox": [
                [
                    770,
                    85
                ],
                [
                    813,
                    85
                ],
                [
                    813,
                    109
                ],
                [
                    770,
                    109
                ]
            ],
            "text": "PUI",
            "label": "Out"
        },
        {
            "index": 28,
            "bbox": [
                [
                    809,
                    81
                ],
                [
                    880,
                    81
                ],
                [
                    880,
                    111
                ],
                [
                    809,
                    111
                ]
            ],
            "text": "Audio",
            "label": "Out"
        },
        {
            "index": 29,
            "bbox": [
                [
                    877,
                    83
                ],
                [
                    920,
                    83
                ],
                [
                    920,
                    109
                ],
                [
                    877,
                    109
                ]
            ],
            "text": "Inc.",
            "label": "Out"
        },
        {
            "index": 30,
            "bbox": [
                [
                    383,
                    201
                ],
                [
                    1107,
                    201
                ],
                [
                    1107,
                    322
                ],
                [
                    383,
                    322
                ]
            ],
            "text": "PUlaudio",
            "label": "Out"
        },
        {
            "index": 31,
            "bbox": [
                [
                    149,
                    371
                ],
                [
                    252,
                    371
                ],
                [
                    252,
                    412
                ],
                [
                    149,
                    412
                ]
            ],
            "text": "Data",
            "label": "B_Section"
        },
        {
            "index": 32,
            "bbox": [
                [
                    254,
                    373
                ],
                [
                    368,
                    373
                ],
                [
                    368,
                    412
                ],
                [
                    254,
                    412
                ]
            ],
            "text": "Sheet",
            "label": "I_Section"
        },
        {
            "index": 33,
            "bbox": [
                [
                    1064,
                    373
                ],
                [
                    1425,
                    373
                ],
                [
                    1425,
                    410
                ],
                [
                    1064,
                    410
                ]
            ],
            "text": "HD-EM0602-LW15-R",
            "label": "B_Ref"
        },
        {
            "index": 34,
            "bbox": [
                [
                    136,
                    468
                ],
                [
                    282,
                    468
                ],
                [
                    282,
                    498
                ],
                [
                    136,
                    498
                ]
            ],
            "text": "Features:",
            "label": "B_Section"
        },
        {
            "index": 35,
            "bbox": [
                [
                    250,
                    509
                ],
                [
                    405,
                    509
                ],
                [
                    405,
                    547
                ],
                [
                    250,
                    547
                ]
            ],
            "text": "Designed",
            "label": "B_Descri"
        },
        {
            "index": 36,
            "bbox": [
                [
                    407,
                    507
                ],
                [
                    450,
                    507
                ],
                [
                    450,
                    543
                ],
                [
                    407,
                    543
                ]
            ],
            "text": "to",
            "label": "I_Descri"
        },
        {
            "index": 37,
            "bbox": [
                [
                    454,
                    509
                ],
                [
                    504,
                    509
                ],
                [
                    504,
                    541
                ],
                [
                    454,
                    541
                ]
            ],
            "text": "be",
            "label": "I_Descri"
        },
        {
            "index": 38,
            "bbox": [
                [
                    508,
                    509
                ],
                [
                    611,
                    509
                ],
                [
                    611,
                    541
                ],
                [
                    508,
                    541
                ]
            ],
            "text": "driven",
            "label": "I_Descri"
        },
        {
            "index": 39,
            "bbox": [
                [
                    613,
                    509
                ],
                [
                    684,
                    509
                ],
                [
                    684,
                    541
                ],
                [
                    613,
                    541
                ]
            ],
            "text": "with",
            "label": "I_Descri"
        },
        {
            "index": 40,
            "bbox": [
                [
                    691,
                    507
                ],
                [
                    716,
                    507
                ],
                [
                    716,
                    543
                ],
                [
                    691,
                    543
                ]
            ],
            "text": "3",
            "label": "I_Descri"
        },
        {
            "index": 41,
            "bbox": [
                [
                    721,
                    509
                ],
                [
                    798,
                    509
                ],
                [
                    798,
                    541
                ],
                [
                    721,
                    541
                ]
            ],
            "text": "VDC",
            "label": "I_Descri"
        },
        {
            "index": 42,
            "bbox": [
                [
                    250,
                    547
                ],
                [
                    392,
                    547
                ],
                [
                    392,
                    584
                ],
                [
                    250,
                    584
                ]
            ],
            "text": "Brushless",
            "label": "B_Descri"
        },
        {
            "index": 43,
            "bbox": [
                [
                    394,
                    550
                ],
                [
                    523,
                    550
                ],
                [
                    523,
                    582
                ],
                [
                    394,
                    582
                ]
            ],
            "text": "smallest",
            "label": "I_Descri"
        },
        {
            "index": 44,
            "bbox": [
                [
                    532,
                    550
                ],
                [
                    633,
                    550
                ],
                [
                    633,
                    582
                ],
                [
                    532,
                    582
                ]
            ],
            "text": "motor",
            "label": "I_Descri"
        },
        {
            "index": 45,
            "bbox": [
                [
                    635,
                    547
                ],
                [
                    706,
                    547
                ],
                [
                    706,
                    582
                ],
                [
                    635,
                    582
                ]
            ],
            "text": "with",
            "label": "I_Descri"
        },
        {
            "index": 46,
            "bbox": [
                [
                    710,
                    554
                ],
                [
                    740,
                    554
                ],
                [
                    740,
                    584
                ],
                [
                    710,
                    584
                ]
            ],
            "text": "a",
            "label": "I_Descri"
        },
        {
            "index": 47,
            "bbox": [
                [
                    744,
                    550
                ],
                [
                    854,
                    550
                ],
                [
                    854,
                    582
                ],
                [
                    744,
                    582
                ]
            ],
            "text": "built-in",
            "label": "I_Descri"
        },
        {
            "index": 48,
            "bbox": [
                [
                    856,
                    547
                ],
                [
                    899,
                    547
                ],
                [
                    899,
                    584
                ],
                [
                    856,
                    584
                ]
            ],
            "text": "IC",
            "label": "I_Descri"
        },
        {
            "index": 49,
            "bbox": [
                [
                    901,
                    550
                ],
                [
                    998,
                    550
                ],
                [
                    998,
                    582
                ],
                [
                    901,
                    582
                ]
            ],
            "text": "driver",
            "label": "I_Descri"
        },
        {
            "index": 50,
            "bbox": [
                [
                    246,
                    591
                ],
                [
                    246,
                    632
                ],
                [
                    325,
                    632
                ],
                [
                    325,
                    591
                ]
            ],
            "text": "High",
            "label": "B_Descri"
        },
        {
            "index": 51,
            "bbox": [
                [
                    332,
                    590
                ],
                [
                    484,
                    590
                ],
                [
                    484,
                    629
                ],
                [
                    332,
                    629
                ]
            ],
            "text": "Reliability",
            "label": "I_Descri"
        },
        {
            "index": 52,
            "bbox": [
                [
                    248,
                    627
                ],
                [
                    338,
                    627
                ],
                [
                    338,
                    668
                ],
                [
                    248,
                    668
                ]
            ],
            "text": "Lead",
            "label": "B_Descri"
        },
        {
            "index": 53,
            "bbox": [
                [
                    340,
                    631
                ],
                [
                    411,
                    631
                ],
                [
                    411,
                    666
                ],
                [
                    340,
                    666
                ]
            ],
            "text": "wire",
            "label": "I_Descri"
        },
        {
            "index": 54,
            "bbox": [
                [
                    416,
                    631
                ],
                [
                    519,
                    631
                ],
                [
                    519,
                    663
                ],
                [
                    416,
                    663
                ]
            ],
            "text": "motor",
            "label": "I_Descri"
        },
        {
            "index": 55,
            "bbox": [
                [
                    519,
                    629
                ],
                [
                    680,
                    629
                ],
                [
                    680,
                    666
                ],
                [
                    519,
                    666
                ]
            ],
            "text": "attached",
            "label": "I_Descri"
        },
        {
            "index": 56,
            "bbox": [
                [
                    682,
                    631
                ],
                [
                    733,
                    631
                ],
                [
                    733,
                    666
                ],
                [
                    682,
                    666
                ]
            ],
            "text": "for",
            "label": "I_Descri"
        },
        {
            "index": 57,
            "bbox": [
                [
                    736,
                    638
                ],
                [
                    817,
                    638
                ],
                [
                    817,
                    670
                ],
                [
                    736,
                    670
                ]
            ],
            "text": "easy",
            "label": "I_Descri"
        },
        {
            "index": 58,
            "bbox": [
                [
                    822,
                    631
                ],
                [
                    974,
                    631
                ],
                [
                    974,
                    670
                ],
                [
                    822,
                    670
                ]
            ],
            "text": "assembly",
            "label": "I_Descri"
        },
        {
            "index": 59,
            "bbox": [
                [
                    250,
                    674
                ],
                [
                    424,
                    674
                ],
                [
                    424,
                    704
                ],
                [
                    250,
                    704
                ]
            ],
            "text": "Generates",
            "label": "B_Descri"
        },
        {
            "index": 60,
            "bbox": [
                [
                    435,
                    674
                ],
                [
                    536,
                    674
                ],
                [
                    536,
                    706
                ],
                [
                    435,
                    706
                ]
            ],
            "text": "15,000",
            "label": "I_Descri"
        },
        {
            "index": 61,
            "bbox": [
                [
                    544,
                    672
                ],
                [
                    630,
                    672
                ],
                [
                    630,
                    704
                ],
                [
                    544,
                    704
                ]
            ],
            "text": "RPMS",
            "label": "I_Descri"
        },
        {
            "index": 62,
            "bbox": [
                [
                    635,
                    672
                ],
                [
                    706,
                    672
                ],
                [
                    706,
                    704
                ],
                [
                    635,
                    704
                ]
            ],
            "text": "with",
            "label": "I_Descri"
        },
        {
            "index": 63,
            "bbox": [
                [
                    708,
                    676
                ],
                [
                    759,
                    676
                ],
                [
                    759,
                    708
                ],
                [
                    708,
                    708
                ]
            ],
            "text": "no",
            "label": "I_Descri"
        },
        {
            "index": 64,
            "bbox": [
                [
                    761,
                    676
                ],
                [
                    854,
                    676
                ],
                [
                    854,
                    706
                ],
                [
                    761,
                    706
                ]
            ],
            "text": "more",
            "label": "I_Descri"
        },
        {
            "index": 65,
            "bbox": [
                [
                    856,
                    672
                ],
                [
                    938,
                    672
                ],
                [
                    938,
                    706
                ],
                [
                    856,
                    706
                ]
            ],
            "text": "than",
            "label": "I_Descri"
        },
        {
            "index": 66,
            "bbox": [
                [
                    942,
                    672
                ],
                [
                    985,
                    672
                ],
                [
                    985,
                    706
                ],
                [
                    942,
                    706
                ]
            ],
            "text": "50",
            "label": "I_Descri"
        },
        {
            "index": 67,
            "bbox": [
                [
                    989,
                    672
                ],
                [
                    1060,
                    672
                ],
                [
                    1060,
                    706
                ],
                [
                    989,
                    706
                ]
            ],
            "text": "dBA",
            "label": "I_Descri"
        },
        {
            "index": 68,
            "bbox": [
                [
                    1066,
                    674
                ],
                [
                    1208,
                    674
                ],
                [
                    1208,
                    704
                ],
                [
                    1066,
                    704
                ]
            ],
            "text": "acoustic",
            "label": "I_Descri"
        },
        {
            "index": 69,
            "bbox": [
                [
                    1215,
                    672
                ],
                [
                    1303,
                    672
                ],
                [
                    1303,
                    704
                ],
                [
                    1215,
                    704
                ]
            ],
            "text": "noise",
            "label": "I_Descri"
        },
        {
            "index": 70,
            "bbox": [
                [
                    138,
                    872
                ],
                [
                    398,
                    872
                ],
                [
                    398,
                    910
                ],
                [
                    138,
                    910
                ]
            ],
            "text": "Specifications",
            "label": "B_Section"
        },
        {
            "index": 71,
            "bbox": [
                [
                    151,
                    921
                ],
                [
                    323,
                    921
                ],
                [
                    323,
                    951
                ],
                [
                    151,
                    951
                ]
            ],
            "text": "Parameters",
            "label": "B_Section"
        },
        {
            "index": 72,
            "bbox": [
                [
                    768,
                    921
                ],
                [
                    873,
                    921
                ],
                [
                    873,
                    951
                ],
                [
                    768,
                    951
                ]
            ],
            "text": "Values",
            "label": "B_Section"
        },
        {
            "index": 73,
            "bbox": [
                [
                    1234,
                    919
                ],
                [
                    1307,
                    919
                ],
                [
                    1307,
                    951
                ],
                [
                    1234,
                    951
                ]
            ],
            "text": "Units",
            "label": "B_Section"
        },
        {
            "index": 74,
            "bbox": [
                [
                    151,
                    964
                ],
                [
                    246,
                    964
                ],
                [
                    246,
                    994
                ],
                [
                    151,
                    994
                ]
            ],
            "text": "Rated",
            "label": "B_Prop"
        },
        {
            "index": 75,
            "bbox": [
                [
                    248,
                    962
                ],
                [
                    375,
                    962
                ],
                [
                    375,
                    1001
                ],
                [
                    248,
                    1001
                ]
            ],
            "text": "Voltage",
            "label": "I_Prop"
        },
        {
            "index": 76,
            "bbox": [
                [
                    796,
                    962
                ],
                [
                    847,
                    962
                ],
                [
                    847,
                    996
                ],
                [
                    796,
                    996
                ]
            ],
            "text": "3.0",
            "label": "B_Value"
        },
        {
            "index": 77,
            "bbox": [
                [
                    1241,
                    962
                ],
                [
                    1301,
                    962
                ],
                [
                    1301,
                    996
                ],
                [
                    1241,
                    996
                ]
            ],
            "text": "Voc",
            "label": "B_Unit"
        },
        {
            "index": 78,
            "bbox": [
                [
                    149,
                    1005
                ],
                [
                    267,
                    1005
                ],
                [
                    267,
                    1044
                ],
                [
                    149,
                    1044
                ]
            ],
            "text": "Starting",
            "label": "B_Prop"
        },
        {
            "index": 79,
            "bbox": [
                [
                    269,
                    1005
                ],
                [
                    396,
                    1005
                ],
                [
                    396,
                    1044
                ],
                [
                    269,
                    1044
                ]
            ],
            "text": "Voltage",
            "label": "I_Prop"
        },
        {
            "index": 80,
            "bbox": [
                [
                    781,
                    1005
                ],
                [
                    858,
                    1005
                ],
                [
                    858,
                    1039
                ],
                [
                    781,
                    1039
                ]
            ],
            "text": "<2.5",
            "label": "B_Value"
        },
        {
            "index": 81,
            "bbox": [
                [
                    1241,
                    1007
                ],
                [
                    1301,
                    1007
                ],
                [
                    1301,
                    1039
                ],
                [
                    1241,
                    1039
                ]
            ],
            "text": "VDC",
            "label": "B_Unit"
        },
        {
            "index": 82,
            "bbox": [
                [
                    149,
                    1048
                ],
                [
                    308,
                    1048
                ],
                [
                    308,
                    1087
                ],
                [
                    149,
                    1087
                ]
            ],
            "text": "Operating",
            "label": "B_Prop"
        },
        {
            "index": 83,
            "bbox": [
                [
                    310,
                    1048
                ],
                [
                    437,
                    1048
                ],
                [
                    437,
                    1087
                ],
                [
                    310,
                    1087
                ]
            ],
            "text": "Voltage",
            "label": "I_Prop"
        },
        {
            "index": 84,
            "bbox": [
                [
                    441,
                    1052
                ],
                [
                    542,
                    1052
                ],
                [
                    542,
                    1084
                ],
                [
                    441,
                    1084
                ]
            ],
            "text": "Range",
            "label": "I_Prop"
        },
        {
            "index": 85,
            "bbox": [
                [
                    755,
                    1046
                ],
                [
                    886,
                    1046
                ],
                [
                    886,
                    1084
                ],
                [
                    755,
                    1084
                ]
            ],
            "text": "2.7-3.3",
            "label": "B_Value"
        },
        {
            "index": 86,
            "bbox": [
                [
                    1241,
                    1048
                ],
                [
                    1301,
                    1048
                ],
                [
                    1301,
                    1082
                ],
                [
                    1241,
                    1082
                ]
            ],
            "text": "Voc",
            "label": "B_Unit"
        },
        {
            "index": 87,
            "bbox": [
                [
                    151,
                    1093
                ],
                [
                    289,
                    1093
                ],
                [
                    289,
                    1123
                ],
                [
                    151,
                    1123
                ]
            ],
            "text": "Vibration",
            "label": "B_Prop"
        },
        {
            "index": 88,
            "bbox": [
                [
                    291,
                    1091
                ],
                [
                    422,
                    1091
                ],
                [
                    422,
                    1130
                ],
                [
                    291,
                    1130
                ]
            ],
            "text": "Strength",
            "label": "I_Prop"
        },
        {
            "index": 89,
            "bbox": [
                [
                    794,
                    1091
                ],
                [
                    847,
                    1091
                ],
                [
                    847,
                    1125
                ],
                [
                    794,
                    1125
                ]
            ],
            "text": "0.4",
            "label": "B_Value"
        },
        {
            "index": 90,
            "bbox": [
                [
                    1253,
                    1093
                ],
                [
                    1288,
                    1093
                ],
                [
                    1288,
                    1123
                ],
                [
                    1253,
                    1123
                ]
            ],
            "text": "G",
            "label": "B_Unit"
        },
        {
            "index": 91,
            "bbox": [
                [
                    151,
                    1136
                ],
                [
                    293,
                    1136
                ],
                [
                    293,
                    1166
                ],
                [
                    151,
                    1166
                ]
            ],
            "text": "Insulation",
            "label": "B_Prop"
        },
        {
            "index": 92,
            "bbox": [
                [
                    295,
                    1132
                ],
                [
                    461,
                    1132
                ],
                [
                    461,
                    1168
                ],
                [
                    295,
                    1168
                ]
            ],
            "text": "Resistance",
            "label": "I_Prop"
        },
        {
            "index": 93,
            "bbox": [
                [
                    770,
                    1138
                ],
                [
                    800,
                    1138
                ],
                [
                    800,
                    1164
                ],
                [
                    770,
                    1164
                ]
            ],
            "text": ">",
            "label": "B_Value"
        },
        {
            "index": 94,
            "bbox": [
                [
                    802,
                    1134
                ],
                [
                    869,
                    1134
                ],
                [
                    869,
                    1168
                ],
                [
                    802,
                    1168
                ]
            ],
            "text": "10M",
            "label": "I_Value"
        },
        {
            "index": 95,
            "bbox": [
                [
                    1223,
                    1132
                ],
                [
                    1318,
                    1132
                ],
                [
                    1318,
                    1170
                ],
                [
                    1223,
                    1170
                ]
            ],
            "text": "Ohms",
            "label": "B_Unit"
        },
        {
            "index": 96,
            "bbox": [
                [
                    151,
                    1179
                ],
                [
                    246,
                    1179
                ],
                [
                    246,
                    1209
                ],
                [
                    151,
                    1209
                ]
            ],
            "text": "Rated",
            "label": "B_Prop"
        },
        {
            "index": 97,
            "bbox": [
                [
                    248,
                    1177
                ],
                [
                    353,
                    1177
                ],
                [
                    353,
                    1218
                ],
                [
                    248,
                    1218
                ]
            ],
            "text": "Speed",
            "label": "I_Prop"
        },
        {
            "index": 98,
            "bbox": [
                [
                    721,
                    1179
                ],
                [
                    815,
                    1179
                ],
                [
                    815,
                    1211
                ],
                [
                    721,
                    1211
                ]
            ],
            "text": "15,000",
            "label": "B_Value"
        },
        {
            "index": 99,
            "bbox": [
                [
                    815,
                    1179
                ],
                [
                    843,
                    1179
                ],
                [
                    843,
                    1211
                ],
                [
                    815,
                    1211
                ]
            ],
            "text": "+",
            "label": "I_Value"
        },
        {
            "index": 100,
            "bbox": [
                [
                    843,
                    1179
                ],
                [
                    925,
                    1179
                ],
                [
                    925,
                    1211
                ],
                [
                    843,
                    1211
                ]
            ],
            "text": "3,000",
            "label": "I_Value"
        },
        {
            "index": 101,
            "bbox": [
                [
                    1183,
                    1179
                ],
                [
                    1253,
                    1179
                ],
                [
                    1253,
                    1211
                ],
                [
                    1183,
                    1211
                ]
            ],
            "text": "RPM",
            "label": "B_Unit"
        },
        {
            "index": 102,
            "bbox": [
                [
                    1253,
                    1183
                ],
                [
                    1288,
                    1183
                ],
                [
                    1288,
                    1213
                ],
                [
                    1253,
                    1213
                ]
            ],
            "text": "(@",
            "label": "B_Unit"
        },
        {
            "index": 103,
            "bbox": [
                [
                    1283,
                    1181
                ],
                [
                    1311,
                    1181
                ],
                [
                    1311,
                    1213
                ],
                [
                    1283,
                    1213
                ]
            ],
            "text": "3",
            "label": "B_Unit"
        },
        {
            "index": 104,
            "bbox": [
                [
                    1305,
                    1181
                ],
                [
                    1359,
                    1181
                ],
                [
                    1359,
                    1216
                ],
                [
                    1305,
                    1216
                ]
            ],
            "text": "Voc)",
            "label": "B_Unit"
        },
        {
            "index": 105,
            "bbox": [
                [
                    151,
                    1220
                ],
                [
                    246,
                    1220
                ],
                [
                    246,
                    1252
                ],
                [
                    151,
                    1252
                ]
            ],
            "text": "Rated",
            "label": "B_Prop"
        },
        {
            "index": 106,
            "bbox": [
                [
                    248,
                    1218
                ],
                [
                    368,
                    1218
                ],
                [
                    368,
                    1256
                ],
                [
                    248,
                    1256
                ]
            ],
            "text": "Current",
            "label": "I_Prop"
        },
        {
            "index": 107,
            "bbox": [
                [
                    370,
                    1220
                ],
                [
                    458,
                    1220
                ],
                [
                    458,
                    1261
                ],
                [
                    370,
                    1261
                ]
            ],
            "text": "(Max)",
            "label": "I_Prop"
        },
        {
            "index": 108,
            "bbox": [
                [
                    800,
                    1220
                ],
                [
                    843,
                    1220
                ],
                [
                    843,
                    1254
                ],
                [
                    800,
                    1254
                ]
            ],
            "text": "80",
            "label": "B_Value"
        },
        {
            "index": 109,
            "bbox": [
                [
                    1187,
                    1222
                ],
                [
                    1247,
                    1222
                ],
                [
                    1247,
                    1254
                ],
                [
                    1187,
                    1254
                ]
            ],
            "text": "mA",
            "label": "B_Unit"
        },
        {
            "index": 110,
            "bbox": [
                [
                    1249,
                    1226
                ],
                [
                    1281,
                    1226
                ],
                [
                    1281,
                    1256
                ],
                [
                    1249,
                    1256
                ]
            ],
            "text": "(@",
            "label": "B_Unit"
        },
        {
            "index": 111,
            "bbox": [
                [
                    1279,
                    1224
                ],
                [
                    1305,
                    1224
                ],
                [
                    1305,
                    1256
                ],
                [
                    1279,
                    1256
                ]
            ],
            "text": "3",
            "label": "B_Unit"
        },
        {
            "index": 112,
            "bbox": [
                [
                    1299,
                    1224
                ],
                [
                    1352,
                    1224
                ],
                [
                    1352,
                    1258
                ],
                [
                    1299,
                    1258
                ]
            ],
            "text": "Voc)",
            "label": "B_Unit"
        },
        {
            "index": 113,
            "bbox": [
                [
                    149,
                    1263
                ],
                [
                    269,
                    1263
                ],
                [
                    269,
                    1301
                ],
                [
                    149,
                    1301
                ]
            ],
            "text": "Starting",
            "label": "B_Prop"
        },
        {
            "index": 114,
            "bbox": [
                [
                    272,
                    1265
                ],
                [
                    385,
                    1265
                ],
                [
                    385,
                    1297
                ],
                [
                    272,
                    1297
                ]
            ],
            "text": "Current",
            "label": "I_Prop"
        },
        {
            "index": 115,
            "bbox": [
                [
                    392,
                    1261
                ],
                [
                    480,
                    1261
                ],
                [
                    480,
                    1301
                ],
                [
                    392,
                    1301
                ]
            ],
            "text": "(Max)",
            "label": "I_Prop"
        },
        {
            "index": 116,
            "bbox": [
                [
                    796,
                    1263
                ],
                [
                    852,
                    1263
                ],
                [
                    852,
                    1297
                ],
                [
                    796,
                    1297
                ]
            ],
            "text": "175",
            "label": "B_Value"
        },
        {
            "index": 117,
            "bbox": [
                [
                    1187,
                    1265
                ],
                [
                    1247,
                    1265
                ],
                [
                    1247,
                    1297
                ],
                [
                    1187,
                    1297
                ]
            ],
            "text": "mA",
            "label": "B_Unit"
        },
        {
            "index": 118,
            "bbox": [
                [
                    1249,
                    1269
                ],
                [
                    1281,
                    1269
                ],
                [
                    1281,
                    1299
                ],
                [
                    1249,
                    1299
                ]
            ],
            "text": "(@",
            "label": "B_Unit"
        },
        {
            "index": 119,
            "bbox": [
                [
                    1279,
                    1267
                ],
                [
                    1305,
                    1267
                ],
                [
                    1305,
                    1299
                ],
                [
                    1279,
                    1299
                ]
            ],
            "text": "3",
            "label": "B_Unit"
        },
        {
            "index": 120,
            "bbox": [
                [
                    1296,
                    1269
                ],
                [
                    1352,
                    1269
                ],
                [
                    1352,
                    1301
                ],
                [
                    1296,
                    1301
                ]
            ],
            "text": "Voc)",
            "label": "B_Unit"
        },
        {
            "index": 121,
            "bbox": [
                [
                    151,
                    1308
                ],
                [
                    334,
                    1308
                ],
                [
                    334,
                    1338
                ],
                [
                    151,
                    1338
                ]
            ],
            "text": "Mechanical",
            "label": "B_Prop"
        },
        {
            "index": 122,
            "bbox": [
                [
                    338,
                    1306
                ],
                [
                    424,
                    1306
                ],
                [
                    424,
                    1338
                ],
                [
                    338,
                    1338
                ]
            ],
            "text": "Noise",
            "label": "I_Prop"
        },
        {
            "index": 123,
            "bbox": [
                [
                    428,
                    1306
                ],
                [
                    516,
                    1306
                ],
                [
                    516,
                    1344
                ],
                [
                    428,
                    1344
                ]
            ],
            "text": "(Max)",
            "label": "I_Prop"
        },
        {
            "index": 124,
            "bbox": [
                [
                    800,
                    1306
                ],
                [
                    843,
                    1306
                ],
                [
                    843,
                    1342
                ],
                [
                    800,
                    1342
                ]
            ],
            "text": "50",
            "label": "B_Value"
        },
        {
            "index": 125,
            "bbox": [
                [
                    1236,
                    1308
                ],
                [
                    1305,
                    1308
                ],
                [
                    1305,
                    1340
                ],
                [
                    1236,
                    1340
                ]
            ],
            "text": "dBA",
            "label": "B_Unit"
        },
        {
            "index": 126,
            "bbox": [
                [
                    151,
                    1351
                ],
                [
                    366,
                    1351
                ],
                [
                    366,
                    1381
                ],
                [
                    151,
                    1381
                ]
            ],
            "text": "Environmental",
            "label": "B_Prop"
        },
        {
            "index": 127,
            "bbox": [
                [
                    368,
                    1349
                ],
                [
                    572,
                    1349
                ],
                [
                    572,
                    1387
                ],
                [
                    368,
                    1387
                ]
            ],
            "text": "Compliances",
            "label": "I_Prop"
        },
        {
            "index": 128,
            "bbox": [
                [
                    723,
                    1349
                ],
                [
                    918,
                    1349
                ],
                [
                    918,
                    1385
                ],
                [
                    723,
                    1385
                ]
            ],
            "text": "ROHS/REACH",
            "label": "B_Value"
        },
        {
            "index": 129,
            "bbox": [
                [
                    151,
                    1394
                ],
                [
                    289,
                    1394
                ],
                [
                    289,
                    1424
                ],
                [
                    151,
                    1424
                ]
            ],
            "text": "Actuator",
            "label": "B_Prop"
        },
        {
            "index": 130,
            "bbox": [
                [
                    291,
                    1394
                ],
                [
                    368,
                    1394
                ],
                [
                    368,
                    1426
                ],
                [
                    291,
                    1426
                ]
            ],
            "text": "Mass",
            "label": "I_Prop"
        },
        {
            "index": 131,
            "bbox": [
                [
                    787,
                    1392
                ],
                [
                    854,
                    1392
                ],
                [
                    854,
                    1426
                ],
                [
                    787,
                    1426
                ]
            ],
            "text": "0.33",
            "label": "B_Value"
        },
        {
            "index": 132,
            "bbox": [
                [
                    1219,
                    1394
                ],
                [
                    1322,
                    1394
                ],
                [
                    1322,
                    1424
                ],
                [
                    1219,
                    1424
                ]
            ],
            "text": "Grams",
            "label": "B_Unit"
        },
        {
            "index": 133,
            "bbox": [
                [
                    149,
                    1435
                ],
                [
                    272,
                    1435
                ],
                [
                    272,
                    1473
                ],
                [
                    149,
                    1473
                ]
            ],
            "text": "Storage",
            "label": "B_Prop"
        },
        {
            "index": 134,
            "bbox": [
                [
                    274,
                    1437
                ],
                [
                    471,
                    1437
                ],
                [
                    471,
                    1473
                ],
                [
                    274,
                    1473
                ]
            ],
            "text": "Temperature",
            "label": "I_Prop"
        },
        {
            "index": 135,
            "bbox": [
                [
                    751,
                    1435
                ],
                [
                    802,
                    1435
                ],
                [
                    802,
                    1469
                ],
                [
                    751,
                    1469
                ]
            ],
            "text": "-30",
            "label": "B_Value"
        },
        {
            "index": 136,
            "bbox": [
                [
                    802,
                    1439
                ],
                [
                    830,
                    1439
                ],
                [
                    830,
                    1465
                ],
                [
                    802,
                    1465
                ]
            ],
            "text": "a",
            "label": "I_Value"
        },
        {
            "index": 137,
            "bbox": [
                [
                    832,
                    1435
                ],
                [
                    890,
                    1435
                ],
                [
                    890,
                    1467
                ],
                [
                    832,
                    1467
                ]
            ],
            "text": "+85",
            "label": "I_Value"
        },
        {
            "index": 138,
            "bbox": [
                [
                    1247,
                    1435
                ],
                [
                    1292,
                    1435
                ],
                [
                    1292,
                    1469
                ],
                [
                    1247,
                    1469
                ]
            ],
            "text": "°C",
            "label": "B_Unit"
        },
        {
            "index": 139,
            "bbox": [
                [
                    149,
                    1478
                ],
                [
                    310,
                    1478
                ],
                [
                    310,
                    1516
                ],
                [
                    149,
                    1516
                ]
            ],
            "text": "Operating",
            "label": "B_Prop"
        },
        {
            "index": 140,
            "bbox": [
                [
                    310,
                    1480
                ],
                [
                    508,
                    1480
                ],
                [
                    508,
                    1516
                ],
                [
                    310,
                    1516
                ]
            ],
            "text": "Temperature",
            "label": "I_Prop"
        },
        {
            "index": 141,
            "bbox": [
                [
                    751,
                    1478
                ],
                [
                    802,
                    1478
                ],
                [
                    802,
                    1512
                ],
                [
                    751,
                    1512
                ]
            ],
            "text": "-20",
            "label": "B_Value"
        },
        {
            "index": 142,
            "bbox": [
                [
                    802,
                    1482
                ],
                [
                    830,
                    1482
                ],
                [
                    830,
                    1508
                ],
                [
                    802,
                    1508
                ]
            ],
            "text": "a",
            "label": "I_Value"
        },
        {
            "index": 143,
            "bbox": [
                [
                    830,
                    1478
                ],
                [
                    890,
                    1478
                ],
                [
                    890,
                    1512
                ],
                [
                    830,
                    1512
                ]
            ],
            "text": "+60",
            "label": "I_Value"
        },
        {
            "index": 144,
            "bbox": [
                [
                    1247,
                    1475
                ],
                [
                    1294,
                    1475
                ],
                [
                    1294,
                    1512
                ],
                [
                    1247,
                    1512
                ]
            ],
            "text": "°C",
            "label": "B_Unit"
        },
        {
            "index": 145,
            "bbox": [
                [
                    691,
                    2159
                ],
                [
                    914,
                    2159
                ],
                [
                    914,
                    2187
                ],
                [
                    691,
                    2187
                ]
            ],
            "text": "www.puiaudio.com",
            "label": "Out"
        }
    ]
}