{
    "datasheet": [
        {
            "index": 0,
            "bbox": [
                [
                    79,
                    71
                ],
                [
                    447,
                    71
                ],
                [
                    447,
                    112
                ],
                [
                    79,
                    112
                ]
            ],
            "text": "ThermoFisher",
            "label": "Out"
        },
        {
            "index": 1,
            "bbox": [
                [
                    82,
                    123
                ],
                [
                    220,
                    123
                ],
                [
                    220,
                    154
                ],
                [
                    82,
                    154
                ]
            ],
            "text": "SCIE",
            "label": "Out"
        },
        {
            "index": 2,
            "bbox": [
                [
                    212,
                    129
                ],
                [
                    244,
                    129
                ],
                [
                    244,
                    147
                ],
                [
                    212,
                    147
                ]
            ],
            "text": "-",
            "label": "Out"
        },
        {
            "index": 3,
            "bbox": [
                [
                    234,
                    125
                ],
                [
                    439,
                    125
                ],
                [
                    439,
                    151
                ],
                [
                    234,
                    151
                ]
            ],
            "text": "NTIFIC",
            "label": "Out"
        },
        {
            "index": 4,
            "bbox": [
                [
                    222,
                    191
                ],
                [
                    297,
                    191
                ],
                [
                    297,
                    207
                ],
                [
                    222,
                    207
                ]
            ],
            "text": "Material",
            "label": "Out"
        },
        {
            "index": 5,
            "bbox": [
                [
                    304,
                    191
                ],
                [
                    366,
                    191
                ],
                [
                    366,
                    211
                ],
                [
                    304,
                    211
                ]
            ],
            "text": "Safety",
            "label": "Out"
        },
        {
            "index": 6,
            "bbox": [
                [
                    373,
                    191
                ],
                [
                    416,
                    191
                ],
                [
                    416,
                    207
                ],
                [
                    373,
                    207
                ]
            ],
            "text": "Data",
            "label": "Out"
        },
        {
            "index": 7,
            "bbox": [
                [
                    423,
                    191
                ],
                [
                    479,
                    191
                ],
                [
                    479,
                    207
                ],
                [
                    423,
                    207
                ]
            ],
            "text": "Sheet",
            "label": "Out"
        },
        {
            "index": 8,
            "bbox": [
                [
                    39,
                    212
                ],
                [
                    84,
                    212
                ],
                [
                    84,
                    223
                ],
                [
                    39,
                    223
                ]
            ],
            "text": "Creation",
            "label": "Out"
        },
        {
            "index": 9,
            "bbox": [
                [
                    83,
                    211
                ],
                [
                    110,
                    211
                ],
                [
                    110,
                    223
                ],
                [
                    83,
                    223
                ]
            ],
            "text": "Date",
            "label": "Out"
        },
        {
            "index": 10,
            "bbox": [
                [
                    111,
                    212
                ],
                [
                    174,
                    212
                ],
                [
                    174,
                    223
                ],
                [
                    111,
                    223
                ]
            ],
            "text": "29-Dec-2009",
            "label": "Out"
        },
        {
            "index": 11,
            "bbox": [
                [
                    279,
                    212
                ],
                [
                    325,
                    212
                ],
                [
                    325,
                    223
                ],
                [
                    279,
                    223
                ]
            ],
            "text": "Revision",
            "label": "Out"
        },
        {
            "index": 12,
            "bbox": [
                [
                    324,
                    211
                ],
                [
                    351,
                    211
                ],
                [
                    351,
                    223
                ],
                [
                    324,
                    223
                ]
            ],
            "text": "Date:",
            "label": "Out"
        },
        {
            "index": 13,
            "bbox": [
                [
                    349,
                    212
                ],
                [
                    412,
                    212
                ],
                [
                    412,
                    223
                ],
                [
                    349,
                    223
                ]
            ],
            "text": "29-Dec-2009",
            "label": "Out"
        },
        {
            "index": 14,
            "bbox": [
                [
                    562,
                    212
                ],
                [
                    608,
                    212
                ],
                [
                    608,
                    223
                ],
                [
                    562,
                    223
                ]
            ],
            "text": "Revision",
            "label": "Out"
        },
        {
            "index": 15,
            "bbox": [
                [
                    607,
                    212
                ],
                [
                    651,
                    212
                ],
                [
                    651,
                    223
                ],
                [
                    607,
                    223
                ]
            ],
            "text": "Number",
            "label": "Out"
        },
        {
            "index": 16,
            "bbox": [
                [
                    650,
                    211
                ],
                [
                    659,
                    211
                ],
                [
                    659,
                    223
                ],
                [
                    650,
                    223
                ]
            ],
            "text": "1",
            "label": "Out"
        },
        {
            "index": 17,
            "bbox": [
                [
                    188,
                    238
                ],
                [
                    206,
                    238
                ],
                [
                    206,
                    253
                ],
                [
                    188,
                    253
                ]
            ],
            "text": "1.",
            "label": "B_Section"
        },
        {
            "index": 18,
            "bbox": [
                [
                    211,
                    239
                ],
                [
                    280,
                    239
                ],
                [
                    280,
                    252
                ],
                [
                    211,
                    252
                ]
            ],
            "text": "PRODUCT",
            "label": "I_Section"
        },
        {
            "index": 19,
            "bbox": [
                [
                    283,
                    239
                ],
                [
                    315,
                    239
                ],
                [
                    315,
                    252
                ],
                [
                    283,
                    252
                ]
            ],
            "text": "AND",
            "label": "I_Section"
        },
        {
            "index": 20,
            "bbox": [
                [
                    317,
                    239
                ],
                [
                    390,
                    239
                ],
                [
                    390,
                    252
                ],
                [
                    317,
                    252
                ]
            ],
            "text": "COMPANY",
            "label": "I_Section"
        },
        {
            "index": 21,
            "bbox": [
                [
                    393,
                    239
                ],
                [
                    509,
                    239
                ],
                [
                    509,
                    252
                ],
                [
                    393,
                    252
                ]
            ],
            "text": "IDENTIFICATION",
            "label": "I_Section"
        },
        {
            "index": 22,
            "bbox": [
                [
                    40,
                    280
                ],
                [
                    90,
                    280
                ],
                [
                    90,
                    293
                ],
                [
                    40,
                    293
                ]
            ],
            "text": "Product",
            "label": "B_Prop"
        },
        {
            "index": 23,
            "bbox": [
                [
                    91,
                    280
                ],
                [
                    128,
                    280
                ],
                [
                    128,
                    293
                ],
                [
                    91,
                    293
                ]
            ],
            "text": "Name",
            "label": "I_Prop"
        },
        {
            "index": 24,
            "bbox": [
                [
                    224,
                    279
                ],
                [
                    224,
                    291
                ],
                [
                    285,
                    291
                ],
                [
                    285,
                    279
                ]
            ],
            "text": "Deionized",
            "label": "B_Value"
        },
        {
            "index": 25,
            "bbox": [
                [
                    288,
                    280
                ],
                [
                    326,
                    280
                ],
                [
                    326,
                    293
                ],
                [
                    288,
                    293
                ]
            ],
            "text": "Water",
            "label": "I_Value"
        },
        {
            "index": 26,
            "bbox": [
                [
                    39,
                    304
                ],
                [
                    63,
                    304
                ],
                [
                    63,
                    318
                ],
                [
                    39,
                    318
                ]
            ],
            "text": "Cat",
            "label": "B_Prop"
        },
        {
            "index": 27,
            "bbox": [
                [
                    64,
                    304
                ],
                [
                    86,
                    304
                ],
                [
                    86,
                    318
                ],
                [
                    64,
                    318
                ]
            ],
            "text": "No.",
            "label": "I_Prop"
        },
        {
            "index": 28,
            "bbox": [
                [
                    225,
                    304
                ],
                [
                    277,
                    304
                ],
                [
                    277,
                    320
                ],
                [
                    225,
                    320
                ]
            ],
            "text": "290-065,",
            "label": "B_Ref"
        },
        {
            "index": 29,
            "bbox": [
                [
                    278,
                    305
                ],
                [
                    348,
                    305
                ],
                [
                    348,
                    320
                ],
                [
                    278,
                    320
                ]
            ],
            "text": "23-290-065,",
            "label": "I_Ref"
        },
        {
            "index": 30,
            "bbox": [
                [
                    350,
                    306
                ],
                [
                    400,
                    306
                ],
                [
                    400,
                    319
                ],
                [
                    350,
                    319
                ]
            ],
            "text": "(51-610,",
            "label": "I_Ref"
        },
        {
            "index": 31,
            "bbox": [
                [
                    403,
                    305
                ],
                [
                    472,
                    305
                ],
                [
                    472,
                    320
                ],
                [
                    403,
                    320
                ]
            ],
            "text": "23-751-610,",
            "label": "I_Ref"
        },
        {
            "index": 32,
            "bbox": [
                [
                    474,
                    304
                ],
                [
                    526,
                    304
                ],
                [
                    526,
                    320
                ],
                [
                    474,
                    320
                ]
            ],
            "text": "751-628,",
            "label": "I_Ref"
        },
        {
            "index": 33,
            "bbox": [
                [
                    528,
                    305
                ],
                [
                    597,
                    305
                ],
                [
                    597,
                    320
                ],
                [
                    528,
                    320
                ]
            ],
            "text": "23-751-628,",
            "label": "I_Ref"
        },
        {
            "index": 34,
            "bbox": [
                [
                    600,
                    305
                ],
                [
                    646,
                    305
                ],
                [
                    646,
                    317
                ],
                [
                    600,
                    317
                ]
            ],
            "text": "25065A",
            "label": "I_Ref"
        },
        {
            "index": 35,
            "bbox": [
                [
                    40,
                    330
                ],
                [
                    94,
                    330
                ],
                [
                    94,
                    343
                ],
                [
                    40,
                    343
                ]
            ],
            "text": "Synonyms",
            "label": "B_Prop"
        },
        {
            "index": 36,
            "bbox": [
                [
                    224,
                    329
                ],
                [
                    242,
                    329
                ],
                [
                    242,
                    342
                ],
                [
                    224,
                    342
                ]
            ],
            "text": "No",
            "label": "B_Value"
        },
        {
            "index": 37,
            "bbox": [
                [
                    240,
                    330
                ],
                [
                    294,
                    330
                ],
                [
                    294,
                    341
                ],
                [
                    240,
                    341
                ]
            ],
            "text": "information",
            "label": "I_Value"
        },
        {
            "index": 38,
            "bbox": [
                [
                    294,
                    330
                ],
                [
                    341,
                    330
                ],
                [
                    341,
                    341
                ],
                [
                    294,
                    341
                ]
            ],
            "text": "available.",
            "label": "I_Value"
        },
        {
            "index": 39,
            "bbox": [
                [
                    40,
                    354
                ],
                [
                    115,
                    354
                ],
                [
                    115,
                    362
                ],
                [
                    40,
                    362
                ]
            ],
            "text": "Recommended",
            "label": "B_Prop"
        },
        {
            "index": 40,
            "bbox": [
                [
                    115,
                    352
                ],
                [
                    138,
                    352
                ],
                [
                    138,
                    364
                ],
                [
                    115,
                    364
                ]
            ],
            "text": "Use",
            "label": "I_Prop"
        },
        {
            "index": 41,
            "bbox": [
                [
                    225,
                    352
                ],
                [
                    236,
                    352
                ],
                [
                    236,
                    363
                ],
                [
                    225,
                    363
                ]
            ],
            "text": "In",
            "label": "B_Value"
        },
        {
            "index": 42,
            "bbox": [
                [
                    235,
                    352
                ],
                [
                    259,
                    352
                ],
                [
                    259,
                    364
                ],
                [
                    235,
                    364
                ]
            ],
            "text": "vitro",
            "label": "I_Value"
        },
        {
            "index": 43,
            "bbox": [
                [
                    258,
                    353
                ],
                [
                    307,
                    353
                ],
                [
                    307,
                    365
                ],
                [
                    258,
                    365
                ]
            ],
            "text": "diagnostic",
            "label": "I_Value"
        },
        {
            "index": 44,
            "bbox": [
                [
                    39,
                    375
                ],
                [
                    89,
                    375
                ],
                [
                    89,
                    388
                ],
                [
                    39,
                    388
                ]
            ],
            "text": "Company",
            "label": "Out"
        },
        {
            "index": 45,
            "bbox": [
                [
                    255,
                    374
                ],
                [
                    314,
                    374
                ],
                [
                    314,
                    388
                ],
                [
                    255,
                    388
                ]
            ],
            "text": "Emergency",
            "label": "Out"
        },
        {
            "index": 46,
            "bbox": [
                [
                    314,
                    375
                ],
                [
                    368,
                    375
                ],
                [
                    368,
                    387
                ],
                [
                    314,
                    387
                ]
            ],
            "text": "Telephone",
            "label": "Out"
        },
        {
            "index": 47,
            "bbox": [
                [
                    368,
                    375
                ],
                [
                    411,
                    375
                ],
                [
                    411,
                    386
                ],
                [
                    368,
                    386
                ]
            ],
            "text": "Number",
            "label": "Out"
        },
        {
            "index": 48,
            "bbox": [
                [
                    39,
                    387
                ],
                [
                    72,
                    387
                ],
                [
                    72,
                    399
                ],
                [
                    39,
                    399
                ]
            ],
            "text": "Fisher",
            "label": "Out"
        },
        {
            "index": 49,
            "bbox": [
                [
                    71,
                    387
                ],
                [
                    127,
                    387
                ],
                [
                    127,
                    399
                ],
                [
                    71,
                    399
                ]
            ],
            "text": "Diagnostics",
            "label": "Out"
        },
        {
            "index": 50,
            "bbox": [
                [
                    255,
                    386
                ],
                [
                    303,
                    386
                ],
                [
                    303,
                    398
                ],
                [
                    255,
                    398
                ]
            ],
            "text": "Chemtrec",
            "label": "Out"
        },
        {
            "index": 51,
            "bbox": [
                [
                    303,
                    387
                ],
                [
                    323,
                    387
                ],
                [
                    323,
                    397
                ],
                [
                    303,
                    397
                ]
            ],
            "text": "US:",
            "label": "Out"
        },
        {
            "index": 52,
            "bbox": [
                [
                    323,
                    387
                ],
                [
                    350,
                    387
                ],
                [
                    350,
                    400
                ],
                [
                    323,
                    400
                ]
            ],
            "text": "(800)",
            "label": "Out"
        },
        {
            "index": 53,
            "bbox": [
                [
                    349,
                    387
                ],
                [
                    396,
                    387
                ],
                [
                    396,
                    398
                ],
                [
                    349,
                    398
                ]
            ],
            "text": "424-9300",
            "label": "Out"
        },
        {
            "index": 54,
            "bbox": [
                [
                    38,
                    398
                ],
                [
                    50,
                    398
                ],
                [
                    50,
                    410
                ],
                [
                    38,
                    410
                ]
            ],
            "text": "A",
            "label": "Out"
        },
        {
            "index": 55,
            "bbox": [
                [
                    49,
                    398
                ],
                [
                    88,
                    398
                ],
                [
                    88,
                    410
                ],
                [
                    49,
                    410
                ]
            ],
            "text": "Division",
            "label": "Out"
        },
        {
            "index": 56,
            "bbox": [
                [
                    87,
                    399
                ],
                [
                    100,
                    399
                ],
                [
                    100,
                    409
                ],
                [
                    87,
                    409
                ]
            ],
            "text": "of",
            "label": "Out"
        },
        {
            "index": 57,
            "bbox": [
                [
                    99,
                    398
                ],
                [
                    132,
                    398
                ],
                [
                    132,
                    410
                ],
                [
                    99,
                    410
                ]
            ],
            "text": "Fisher",
            "label": "Out"
        },
        {
            "index": 58,
            "bbox": [
                [
                    131,
                    399
                ],
                [
                    175,
                    399
                ],
                [
                    175,
                    410
                ],
                [
                    131,
                    410
                ]
            ],
            "text": "Scientific",
            "label": "Out"
        },
        {
            "index": 59,
            "bbox": [
                [
                    175,
                    399
                ],
                [
                    224,
                    399
                ],
                [
                    224,
                    411
                ],
                [
                    175,
                    411
                ]
            ],
            "text": "Company,",
            "label": "Out"
        },
        {
            "index": 60,
            "bbox": [
                [
                    224,
                    398
                ],
                [
                    247,
                    398
                ],
                [
                    247,
                    410
                ],
                [
                    224,
                    410
                ]
            ],
            "text": "LLC",
            "label": "Out"
        },
        {
            "index": 61,
            "bbox": [
                [
                    255,
                    398
                ],
                [
                    303,
                    398
                ],
                [
                    303,
                    410
                ],
                [
                    255,
                    410
                ]
            ],
            "text": "Chemtrec",
            "label": "Out"
        },
        {
            "index": 62,
            "bbox": [
                [
                    303,
                    399
                ],
                [
                    323,
                    399
                ],
                [
                    323,
                    409
                ],
                [
                    303,
                    409
                ]
            ],
            "text": "EU:",
            "label": "Out"
        },
        {
            "index": 63,
            "bbox": [
                [
                    323,
                    398
                ],
                [
                    350,
                    398
                ],
                [
                    350,
                    412
                ],
                [
                    323,
                    412
                ]
            ],
            "text": "(202)",
            "label": "Out"
        },
        {
            "index": 64,
            "bbox": [
                [
                    349,
                    398
                ],
                [
                    396,
                    398
                ],
                [
                    396,
                    410
                ],
                [
                    349,
                    410
                ]
            ],
            "text": "483-7616",
            "label": "Out"
        },
        {
            "index": 65,
            "bbox": [
                [
                    38,
                    410
                ],
                [
                    50,
                    410
                ],
                [
                    50,
                    422
                ],
                [
                    38,
                    422
                ]
            ],
            "text": "A",
            "label": "Out"
        },
        {
            "index": 66,
            "bbox": [
                [
                    48,
                    410
                ],
                [
                    72,
                    410
                ],
                [
                    72,
                    422
                ],
                [
                    48,
                    422
                ]
            ],
            "text": "Part",
            "label": "Out"
        },
        {
            "index": 67,
            "bbox": [
                [
                    70,
                    411
                ],
                [
                    83,
                    411
                ],
                [
                    83,
                    421
                ],
                [
                    70,
                    421
                ]
            ],
            "text": "of",
            "label": "Out"
        },
        {
            "index": 68,
            "bbox": [
                [
                    82,
                    410
                ],
                [
                    121,
                    410
                ],
                [
                    121,
                    422
                ],
                [
                    82,
                    422
                ]
            ],
            "text": "Thermo",
            "label": "Out"
        },
        {
            "index": 69,
            "bbox": [
                [
                    121,
                    410
                ],
                [
                    153,
                    410
                ],
                [
                    153,
                    422
                ],
                [
                    121,
                    422
                ]
            ],
            "text": "Fisher",
            "label": "Out"
        },
        {
            "index": 70,
            "bbox": [
                [
                    152,
                    410
                ],
                [
                    200,
                    410
                ],
                [
                    200,
                    422
                ],
                [
                    152,
                    422
                ]
            ],
            "text": "Scientific,",
            "label": "Out"
        },
        {
            "index": 71,
            "bbox": [
                [
                    199,
                    411
                ],
                [
                    218,
                    411
                ],
                [
                    218,
                    421
                ],
                [
                    199,
                    421
                ]
            ],
            "text": "Inc.",
            "label": "Out"
        },
        {
            "index": 72,
            "bbox": [
                [
                    38,
                    422
                ],
                [
                    65,
                    422
                ],
                [
                    65,
                    434
                ],
                [
                    38,
                    434
                ]
            ],
            "text": "8365",
            "label": "Out"
        },
        {
            "index": 73,
            "bbox": [
                [
                    64,
                    422
                ],
                [
                    96,
                    422
                ],
                [
                    96,
                    435
                ],
                [
                    64,
                    435
                ]
            ],
            "text": "Valley",
            "label": "Out"
        },
        {
            "index": 74,
            "bbox": [
                [
                    95,
                    421
                ],
                [
                    119,
                    421
                ],
                [
                    119,
                    434
                ],
                [
                    95,
                    434
                ]
            ],
            "text": "Pike",
            "label": "Out"
        },
        {
            "index": 75,
            "bbox": [
                [
                    39,
                    433
                ],
                [
                    96,
                    433
                ],
                [
                    96,
                    446
                ],
                [
                    39,
                    446
                ]
            ],
            "text": "Middletown,",
            "label": "Out"
        },
        {
            "index": 76,
            "bbox": [
                [
                    96,
                    433
                ],
                [
                    114,
                    433
                ],
                [
                    114,
                    446
                ],
                [
                    96,
                    446
                ]
            ],
            "text": "VA",
            "label": "Out"
        },
        {
            "index": 77,
            "bbox": [
                [
                    113,
                    433
                ],
                [
                    171,
                    433
                ],
                [
                    171,
                    445
                ],
                [
                    113,
                    445
                ]
            ],
            "text": "22645-1905",
            "label": "Out"
        },
        {
            "index": 78,
            "bbox": [
                [
                    38,
                    445
                ],
                [
                    60,
                    445
                ],
                [
                    60,
                    458
                ],
                [
                    38,
                    458
                ]
            ],
            "text": "Tel:",
            "label": "Out"
        },
        {
            "index": 79,
            "bbox": [
                [
                    59,
                    446
                ],
                [
                    86,
                    446
                ],
                [
                    86,
                    459
                ],
                [
                    59,
                    459
                ]
            ],
            "text": "(800)",
            "label": "Out"
        },
        {
            "index": 80,
            "bbox": [
                [
                    86,
                    446
                ],
                [
                    132,
                    446
                ],
                [
                    132,
                    457
                ],
                [
                    86,
                    457
                ]
            ],
            "text": "528-0494",
            "label": "Out"
        },
        {
            "index": 81,
            "bbox": [
                [
                    245,
                    473
                ],
                [
                    263,
                    473
                ],
                [
                    263,
                    488
                ],
                [
                    245,
                    488
                ]
            ],
            "text": "2.",
            "label": "B_Section"
        },
        {
            "index": 82,
            "bbox": [
                [
                    263,
                    473
                ],
                [
                    334,
                    473
                ],
                [
                    334,
                    488
                ],
                [
                    263,
                    488
                ]
            ],
            "text": "HAZARDS",
            "label": "I_Section"
        },
        {
            "index": 83,
            "bbox": [
                [
                    336,
                    475
                ],
                [
                    452,
                    475
                ],
                [
                    452,
                    487
                ],
                [
                    336,
                    487
                ]
            ],
            "text": "IDENTIFICATION",
            "label": "I_Section"
        },
        {
            "index": 84,
            "bbox": [
                [
                    290,
                    518
                ],
                [
                    355,
                    518
                ],
                [
                    355,
                    533
                ],
                [
                    290,
                    533
                ]
            ],
            "text": "Emergency",
            "label": "B_Prop"
        },
        {
            "index": 85,
            "bbox": [
                [
                    355,
                    518
                ],
                [
                    408,
                    518
                ],
                [
                    408,
                    530
                ],
                [
                    355,
                    530
                ]
            ],
            "text": "Overview",
            "label": "I_Prop"
        },
        {
            "index": 86,
            "bbox": [
                [
                    63,
                    532
                ],
                [
                    86,
                    532
                ],
                [
                    86,
                    544
                ],
                [
                    63,
                    544
                ]
            ],
            "text": "The",
            "label": "B_Value"
        },
        {
            "index": 87,
            "bbox": [
                [
                    86,
                    533
                ],
                [
                    128,
                    533
                ],
                [
                    128,
                    546
                ],
                [
                    86,
                    546
                ]
            ],
            "text": "product",
            "label": "I_Value"
        },
        {
            "index": 88,
            "bbox": [
                [
                    128,
                    533
                ],
                [
                    173,
                    533
                ],
                [
                    173,
                    544
                ],
                [
                    128,
                    544
                ]
            ],
            "text": "contains",
            "label": "I_Value"
        },
        {
            "index": 89,
            "bbox": [
                [
                    174,
                    534
                ],
                [
                    189,
                    534
                ],
                [
                    189,
                    544
                ],
                [
                    174,
                    544
                ]
            ],
            "text": "no",
            "label": "I_Value"
        },
        {
            "index": 90,
            "bbox": [
                [
                    189,
                    533
                ],
                [
                    250,
                    533
                ],
                [
                    250,
                    544
                ],
                [
                    189,
                    544
                ]
            ],
            "text": "substances",
            "label": "I_Value"
        },
        {
            "index": 91,
            "bbox": [
                [
                    251,
                    532
                ],
                [
                    283,
                    532
                ],
                [
                    283,
                    544
                ],
                [
                    251,
                    544
                ]
            ],
            "text": "which",
            "label": "I_Value"
        },
        {
            "index": 92,
            "bbox": [
                [
                    284,
                    533
                ],
                [
                    296,
                    533
                ],
                [
                    296,
                    544
                ],
                [
                    284,
                    544
                ]
            ],
            "text": "at",
            "label": "I_Value"
        },
        {
            "index": 93,
            "bbox": [
                [
                    296,
                    532
                ],
                [
                    322,
                    532
                ],
                [
                    322,
                    544
                ],
                [
                    296,
                    544
                ]
            ],
            "text": "their",
            "label": "I_Value"
        },
        {
            "index": 94,
            "bbox": [
                [
                    322,
                    532
                ],
                [
                    351,
                    532
                ],
                [
                    351,
                    546
                ],
                [
                    322,
                    546
                ]
            ],
            "text": "given",
            "label": "I_Value"
        },
        {
            "index": 95,
            "bbox": [
                [
                    352,
                    533
                ],
                [
                    424,
                    533
                ],
                [
                    424,
                    544
                ],
                [
                    352,
                    544
                ]
            ],
            "text": "concentration",
            "label": "I_Value"
        },
        {
            "index": 96,
            "bbox": [
                [
                    425,
                    535
                ],
                [
                    444,
                    535
                ],
                [
                    444,
                    544
                ],
                [
                    425,
                    544
                ]
            ],
            "text": "are",
            "label": "I_Value"
        },
        {
            "index": 97,
            "bbox": [
                [
                    445,
                    533
                ],
                [
                    503,
                    533
                ],
                [
                    503,
                    544
                ],
                [
                    445,
                    544
                ]
            ],
            "text": "considered",
            "label": "I_Value"
        },
        {
            "index": 98,
            "bbox": [
                [
                    503,
                    533
                ],
                [
                    516,
                    533
                ],
                [
                    516,
                    544
                ],
                [
                    503,
                    544
                ]
            ],
            "text": "to",
            "label": "I_Value"
        },
        {
            "index": 99,
            "bbox": [
                [
                    515,
                    531
                ],
                [
                    532,
                    531
                ],
                [
                    532,
                    545
                ],
                [
                    515,
                    545
                ]
            ],
            "text": "be",
            "label": "I_Value"
        },
        {
            "index": 100,
            "bbox": [
                [
                    531,
                    532
                ],
                [
                    588,
                    532
                ],
                [
                    588,
                    544
                ],
                [
                    531,
                    544
                ]
            ],
            "text": "hazardous",
            "label": "I_Value"
        },
        {
            "index": 101,
            "bbox": [
                [
                    588,
                    533
                ],
                [
                    601,
                    533
                ],
                [
                    601,
                    544
                ],
                [
                    588,
                    544
                ]
            ],
            "text": "to",
            "label": "I_Value"
        },
        {
            "index": 102,
            "bbox": [
                [
                    601,
                    533
                ],
                [
                    635,
                    533
                ],
                [
                    635,
                    544
                ],
                [
                    601,
                    544
                ]
            ],
            "text": "health",
            "label": "I_Value"
        },
        {
            "index": 103,
            "bbox": [
                [
                    40,
                    557
                ],
                [
                    102,
                    557
                ],
                [
                    102,
                    569
                ],
                [
                    40,
                    569
                ]
            ],
            "text": "Appearance",
            "label": "B_Prop"
        },
        {
            "index": 104,
            "bbox": [
                [
                    101,
                    556
                ],
                [
                    147,
                    556
                ],
                [
                    147,
                    568
                ],
                [
                    101,
                    568
                ]
            ],
            "text": "Colorless",
            "label": "B_Value"
        },
        {
            "index": 105,
            "bbox": [
                [
                    293,
                    557
                ],
                [
                    337,
                    557
                ],
                [
                    337,
                    569
                ],
                [
                    293,
                    569
                ]
            ],
            "text": "Physical",
            "label": "B_Prop"
        },
        {
            "index": 106,
            "bbox": [
                [
                    337,
                    556
                ],
                [
                    366,
                    556
                ],
                [
                    366,
                    569
                ],
                [
                    337,
                    569
                ]
            ],
            "text": "State",
            "label": "I_Prop"
        },
        {
            "index": 107,
            "bbox": [
                [
                    368,
                    556
                ],
                [
                    398,
                    556
                ],
                [
                    398,
                    569
                ],
                [
                    368,
                    569
                ]
            ],
            "text": "Liquid",
            "label": "B_Value"
        },
        {
            "index": 108,
            "bbox": [
                [
                    588,
                    556
                ],
                [
                    617,
                    556
                ],
                [
                    617,
                    569
                ],
                [
                    588,
                    569
                ]
            ],
            "text": "Odor",
            "label": "B_Prop"
        },
        {
            "index": 109,
            "bbox": [
                [
                    615,
                    556
                ],
                [
                    658,
                    556
                ],
                [
                    658,
                    569
                ],
                [
                    615,
                    569
                ]
            ],
            "text": "odorless",
            "label": "B_Value"
        },
        {
            "index": 110,
            "bbox": [
                [
                    39,
                    598
                ],
                [
                    74,
                    598
                ],
                [
                    74,
                    610
                ],
                [
                    39,
                    610
                ]
            ],
            "text": "Target",
            "label": "B_Prop"
        },
        {
            "index": 111,
            "bbox": [
                [
                    73,
                    598
                ],
                [
                    112,
                    598
                ],
                [
                    112,
                    610
                ],
                [
                    73,
                    610
                ]
            ],
            "text": "Organs",
            "label": "I_Prop"
        },
        {
            "index": 112,
            "bbox": [
                [
                    224,
                    597
                ],
                [
                    253,
                    597
                ],
                [
                    253,
                    609
                ],
                [
                    224,
                    609
                ]
            ],
            "text": "None",
            "label": "B_Value"
        },
        {
            "index": 113,
            "bbox": [
                [
                    251,
                    597
                ],
                [
                    287,
                    597
                ],
                [
                    287,
                    609
                ],
                [
                    251,
                    609
                ]
            ],
            "text": "known.",
            "label": "I_Value"
        },
        {
            "index": 114,
            "bbox": [
                [
                    39,
                    621
                ],
                [
                    86,
                    621
                ],
                [
                    86,
                    632
                ],
                [
                    39,
                    632
                ]
            ],
            "text": "Potential",
            "label": "B_Prop"
        },
        {
            "index": 115,
            "bbox": [
                [
                    85,
                    621
                ],
                [
                    121,
                    621
                ],
                [
                    121,
                    632
                ],
                [
                    85,
                    632
                ]
            ],
            "text": "Health",
            "label": "I_Prop"
        },
        {
            "index": 116,
            "bbox": [
                [
                    120,
                    621
                ],
                [
                    158,
                    621
                ],
                [
                    158,
                    632
                ],
                [
                    120,
                    632
                ]
            ],
            "text": "Effects",
            "label": "I_Prop"
        },
        {
            "index": 117,
            "bbox": [
                [
                    39,
                    643
                ],
                [
                    70,
                    643
                ],
                [
                    70,
                    653
                ],
                [
                    39,
                    653
                ]
            ],
            "text": "Acute",
            "label": "B_Prop"
        },
        {
            "index": 118,
            "bbox": [
                [
                    70,
                    642
                ],
                [
                    108,
                    642
                ],
                [
                    108,
                    654
                ],
                [
                    70,
                    654
                ]
            ],
            "text": "Effects",
            "label": "I_Prop"
        },
        {
            "index": 119,
            "bbox": [
                [
                    39,
                    654
                ],
                [
                    86,
                    654
                ],
                [
                    86,
                    667
                ],
                [
                    39,
                    667
                ]
            ],
            "text": "Principle",
            "label": "B_Prop"
        },
        {
            "index": 120,
            "bbox": [
                [
                    85,
                    654
                ],
                [
                    124,
                    654
                ],
                [
                    124,
                    666
                ],
                [
                    85,
                    666
                ]
            ],
            "text": "Routes",
            "label": "I_Prop"
        },
        {
            "index": 121,
            "bbox": [
                [
                    123,
                    654
                ],
                [
                    137,
                    654
                ],
                [
                    137,
                    666
                ],
                [
                    123,
                    666
                ]
            ],
            "text": "of",
            "label": "I_Prop"
        },
        {
            "index": 122,
            "bbox": [
                [
                    136,
                    654
                ],
                [
                    186,
                    654
                ],
                [
                    186,
                    667
                ],
                [
                    136,
                    667
                ]
            ],
            "text": "Exposure",
            "label": "I_Prop"
        },
        {
            "index": 123,
            "bbox": [
                [
                    70,
                    676
                ],
                [
                    97,
                    676
                ],
                [
                    97,
                    690
                ],
                [
                    70,
                    690
                ]
            ],
            "text": "Eyes",
            "label": "B_Value"
        },
        {
            "index": 124,
            "bbox": [
                [
                    225,
                    677
                ],
                [
                    241,
                    677
                ],
                [
                    241,
                    687
                ],
                [
                    225,
                    687
                ]
            ],
            "text": "No",
            "label": "I_Value"
        },
        {
            "index": 125,
            "bbox": [
                [
                    240,
                    676
                ],
                [
                    275,
                    676
                ],
                [
                    275,
                    688
                ],
                [
                    240,
                    688
                ]
            ],
            "text": "hazard",
            "label": "I_Value"
        },
        {
            "index": 126,
            "bbox": [
                [
                    274,
                    676
                ],
                [
                    299,
                    676
                ],
                [
                    299,
                    688
                ],
                [
                    274,
                    688
                ]
            ],
            "text": "from",
            "label": "I_Value"
        },
        {
            "index": 127,
            "bbox": [
                [
                    298,
                    677
                ],
                [
                    336,
                    677
                ],
                [
                    336,
                    689
                ],
                [
                    298,
                    689
                ]
            ],
            "text": "product",
            "label": "I_Value"
        },
        {
            "index": 128,
            "bbox": [
                [
                    336,
                    678
                ],
                [
                    349,
                    678
                ],
                [
                    349,
                    688
                ],
                [
                    336,
                    688
                ]
            ],
            "text": "as",
            "label": "I_Value"
        },
        {
            "index": 129,
            "bbox": [
                [
                    349,
                    677
                ],
                [
                    393,
                    677
                ],
                [
                    393,
                    689
                ],
                [
                    349,
                    689
                ]
            ],
            "text": "supplied.",
            "label": "I_Value"
        },
        {
            "index": 130,
            "bbox": [
                [
                    70,
                    688
                ],
                [
                    95,
                    688
                ],
                [
                    95,
                    700
                ],
                [
                    70,
                    700
                ]
            ],
            "text": "Skin",
            "label": "B_Value"
        },
        {
            "index": 131,
            "bbox": [
                [
                    225,
                    689
                ],
                [
                    241,
                    689
                ],
                [
                    241,
                    699
                ],
                [
                    225,
                    699
                ]
            ],
            "text": "No",
            "label": "I_Value"
        },
        {
            "index": 132,
            "bbox": [
                [
                    240,
                    688
                ],
                [
                    275,
                    688
                ],
                [
                    275,
                    699
                ],
                [
                    240,
                    699
                ]
            ],
            "text": "hazard",
            "label": "I_Value"
        },
        {
            "index": 133,
            "bbox": [
                [
                    274,
                    688
                ],
                [
                    299,
                    688
                ],
                [
                    299,
                    700
                ],
                [
                    274,
                    700
                ]
            ],
            "text": "from",
            "label": "I_Value"
        },
        {
            "index": 134,
            "bbox": [
                [
                    298,
                    689
                ],
                [
                    336,
                    689
                ],
                [
                    336,
                    701
                ],
                [
                    298,
                    701
                ]
            ],
            "text": "product",
            "label": "I_Value"
        },
        {
            "index": 135,
            "bbox": [
                [
                    335,
                    690
                ],
                [
                    349,
                    690
                ],
                [
                    349,
                    699
                ],
                [
                    335,
                    699
                ]
            ],
            "text": "as",
            "label": "I_Value"
        },
        {
            "index": 136,
            "bbox": [
                [
                    349,
                    689
                ],
                [
                    393,
                    689
                ],
                [
                    393,
                    701
                ],
                [
                    349,
                    701
                ]
            ],
            "text": "supplied.",
            "label": "I_Value"
        },
        {
            "index": 137,
            "bbox": [
                [
                    70,
                    700
                ],
                [
                    122,
                    700
                ],
                [
                    122,
                    712
                ],
                [
                    70,
                    712
                ]
            ],
            "text": "Inhalation",
            "label": "B_Value"
        },
        {
            "index": 138,
            "bbox": [
                [
                    224,
                    700
                ],
                [
                    247,
                    700
                ],
                [
                    247,
                    712
                ],
                [
                    224,
                    712
                ]
            ],
            "text": "Low",
            "label": "I_Value"
        },
        {
            "index": 139,
            "bbox": [
                [
                    245,
                    700
                ],
                [
                    280,
                    700
                ],
                [
                    280,
                    712
                ],
                [
                    245,
                    712
                ]
            ],
            "text": "hazard",
            "label": "I_Value"
        },
        {
            "index": 140,
            "bbox": [
                [
                    280,
                    701
                ],
                [
                    296,
                    701
                ],
                [
                    296,
                    712
                ],
                [
                    280,
                    712
                ]
            ],
            "text": "for",
            "label": "I_Value"
        },
        {
            "index": 141,
            "bbox": [
                [
                    295,
                    700
                ],
                [
                    323,
                    700
                ],
                [
                    323,
                    712
                ],
                [
                    295,
                    712
                ]
            ],
            "text": "usual",
            "label": "I_Value"
        },
        {
            "index": 142,
            "bbox": [
                [
                    323,
                    700
                ],
                [
                    367,
                    700
                ],
                [
                    367,
                    712
                ],
                [
                    323,
                    712
                ]
            ],
            "text": "industrial",
            "label": "I_Value"
        },
        {
            "index": 143,
            "bbox": [
                [
                    366,
                    702
                ],
                [
                    380,
                    702
                ],
                [
                    380,
                    712
                ],
                [
                    366,
                    712
                ]
            ],
            "text": "or",
            "label": "I_Value"
        },
        {
            "index": 144,
            "bbox": [
                [
                    378,
                    700
                ],
                [
                    434,
                    700
                ],
                [
                    434,
                    712
                ],
                [
                    378,
                    712
                ]
            ],
            "text": "commercial",
            "label": "I_Value"
        },
        {
            "index": 145,
            "bbox": [
                [
                    434,
                    701
                ],
                [
                    478,
                    701
                ],
                [
                    478,
                    713
                ],
                [
                    434,
                    713
                ]
            ],
            "text": "handling.",
            "label": "I_Value"
        },
        {
            "index": 146,
            "bbox": [
                [
                    70,
                    713
                ],
                [
                    118,
                    713
                ],
                [
                    118,
                    725
                ],
                [
                    70,
                    725
                ]
            ],
            "text": "Ingestion",
            "label": "B_Value"
        },
        {
            "index": 147,
            "bbox": [
                [
                    224,
                    712
                ],
                [
                    247,
                    712
                ],
                [
                    247,
                    725
                ],
                [
                    224,
                    725
                ]
            ],
            "text": "Low",
            "label": "I_Value"
        },
        {
            "index": 148,
            "bbox": [
                [
                    245,
                    712
                ],
                [
                    280,
                    712
                ],
                [
                    280,
                    724
                ],
                [
                    245,
                    724
                ]
            ],
            "text": "hazard",
            "label": "I_Value"
        },
        {
            "index": 149,
            "bbox": [
                [
                    280,
                    712
                ],
                [
                    296,
                    712
                ],
                [
                    296,
                    724
                ],
                [
                    280,
                    724
                ]
            ],
            "text": "for",
            "label": "I_Value"
        },
        {
            "index": 150,
            "bbox": [
                [
                    296,
                    713
                ],
                [
                    323,
                    713
                ],
                [
                    323,
                    723
                ],
                [
                    296,
                    723
                ]
            ],
            "text": "usual",
            "label": "I_Value"
        },
        {
            "index": 151,
            "bbox": [
                [
                    322,
                    712
                ],
                [
                    367,
                    712
                ],
                [
                    367,
                    724
                ],
                [
                    322,
                    724
                ]
            ],
            "text": "industrial",
            "label": "I_Value"
        },
        {
            "index": 152,
            "bbox": [
                [
                    366,
                    713
                ],
                [
                    380,
                    713
                ],
                [
                    380,
                    724
                ],
                [
                    366,
                    724
                ]
            ],
            "text": "or",
            "label": "I_Value"
        },
        {
            "index": 153,
            "bbox": [
                [
                    378,
                    712
                ],
                [
                    434,
                    712
                ],
                [
                    434,
                    724
                ],
                [
                    378,
                    724
                ]
            ],
            "text": "commercial",
            "label": "I_Value"
        },
        {
            "index": 154,
            "bbox": [
                [
                    434,
                    713
                ],
                [
                    478,
                    713
                ],
                [
                    478,
                    725
                ],
                [
                    434,
                    725
                ]
            ],
            "text": "handling.",
            "label": "I_Value"
        },
        {
            "index": 155,
            "bbox": [
                [
                    39,
                    735
                ],
                [
                    39,
                    747
                ],
                [
                    82,
                    747
                ],
                [
                    82,
                    735
                ]
            ],
            "text": "Chronic",
            "label": "B_Prop"
        },
        {
            "index": 156,
            "bbox": [
                [
                    81,
                    734
                ],
                [
                    118,
                    734
                ],
                [
                    118,
                    745
                ],
                [
                    81,
                    745
                ]
            ],
            "text": "Effects",
            "label": "I_Prop"
        },
        {
            "index": 157,
            "bbox": [
                [
                    224,
                    734
                ],
                [
                    253,
                    734
                ],
                [
                    253,
                    746
                ],
                [
                    224,
                    746
                ]
            ],
            "text": "None",
            "label": "B_Value"
        },
        {
            "index": 158,
            "bbox": [
                [
                    251,
                    734
                ],
                [
                    287,
                    734
                ],
                [
                    287,
                    746
                ],
                [
                    251,
                    746
                ]
            ],
            "text": "known.",
            "label": "I_Value"
        },
        {
            "index": 159,
            "bbox": [
                [
                    38,
                    757
                ],
                [
                    61,
                    757
                ],
                [
                    61,
                    770
                ],
                [
                    38,
                    770
                ]
            ],
            "text": "See",
            "label": "B_Descri"
        },
        {
            "index": 160,
            "bbox": [
                [
                    60,
                    757
                ],
                [
                    97,
                    757
                ],
                [
                    97,
                    769
                ],
                [
                    60,
                    769
                ]
            ],
            "text": "Section",
            "label": "I_Descri"
        },
        {
            "index": 161,
            "bbox": [
                [
                    98,
                    757
                ],
                [
                    111,
                    757
                ],
                [
                    111,
                    769
                ],
                [
                    98,
                    769
                ]
            ],
            "text": "11",
            "label": "I_Descri"
        },
        {
            "index": 162,
            "bbox": [
                [
                    111,
                    758
                ],
                [
                    128,
                    758
                ],
                [
                    128,
                    769
                ],
                [
                    111,
                    769
                ]
            ],
            "text": "for",
            "label": "I_Descri"
        },
        {
            "index": 163,
            "bbox": [
                [
                    126,
                    757
                ],
                [
                    174,
                    757
                ],
                [
                    174,
                    769
                ],
                [
                    126,
                    769
                ]
            ],
            "text": "additional",
            "label": "I_Descri"
        },
        {
            "index": 164,
            "bbox": [
                [
                    173,
                    758
                ],
                [
                    235,
                    758
                ],
                [
                    235,
                    770
                ],
                [
                    173,
                    770
                ]
            ],
            "text": "Toxicological",
            "label": "I_Descri"
        },
        {
            "index": 165,
            "bbox": [
                [
                    236,
                    759
                ],
                [
                    291,
                    759
                ],
                [
                    291,
                    768
                ],
                [
                    236,
                    768
                ]
            ],
            "text": "information.",
            "label": "I_Descri"
        },
        {
            "index": 166,
            "bbox": [
                [
                    39,
                    780
                ],
                [
                    98,
                    780
                ],
                [
                    98,
                    792
                ],
                [
                    39,
                    792
                ]
            ],
            "text": "Aggravated",
            "label": "B_Prop"
        },
        {
            "index": 167,
            "bbox": [
                [
                    98,
                    779
                ],
                [
                    139,
                    779
                ],
                [
                    139,
                    790
                ],
                [
                    98,
                    790
                ]
            ],
            "text": "Medical",
            "label": "I_Prop"
        },
        {
            "index": 168,
            "bbox": [
                [
                    139,
                    779
                ],
                [
                    195,
                    779
                ],
                [
                    195,
                    790
                ],
                [
                    139,
                    790
                ]
            ],
            "text": "Conditions",
            "label": "I_Prop"
        },
        {
            "index": 169,
            "bbox": [
                [
                    225,
                    780
                ],
                [
                    241,
                    780
                ],
                [
                    241,
                    790
                ],
                [
                    225,
                    790
                ]
            ],
            "text": "Noi",
            "label": "B_Value"
        },
        {
            "index": 170,
            "bbox": [
                [
                    240,
                    779
                ],
                [
                    294,
                    779
                ],
                [
                    294,
                    790
                ],
                [
                    240,
                    790
                ]
            ],
            "text": "information",
            "label": "I_Value"
        },
        {
            "index": 171,
            "bbox": [
                [
                    295,
                    781
                ],
                [
                    339,
                    781
                ],
                [
                    339,
                    789
                ],
                [
                    295,
                    789
                ]
            ],
            "text": "available.",
            "label": "I_Value"
        },
        {
            "index": 172,
            "bbox": [
                [
                    321,
                    844
                ],
                [
                    350,
                    844
                ],
                [
                    350,
                    858
                ],
                [
                    321,
                    858
                ]
            ],
            "text": "Page",
            "label": "Out"
        },
        {
            "index": 173,
            "bbox": [
                [
                    354,
                    844
                ],
                [
                    379,
                    844
                ],
                [
                    379,
                    857
                ],
                [
                    354,
                    857
                ]
            ],
            "text": "117",
            "label": "Out"
        }
    ]
}